seed,epoch,temperature,Z,E,S,F,F_check,err,delta_F,F_data,KL,NLL,data_mass,recon_sq,recon_ce
33,1,1.0,172836.29819494614,-0.29579831416122127,11.7643018581301,-12.060100172291321,-12.060100172291321,0.0,0.04639442368830693,-5.806505034812642,3.6145378078634187,6.253595137478679,0.027309008442546457,0.4997702346667603,6.251510919741359
33,2,1.0,165000.82429590783,-0.25211333603401725,11.761592412568994,-12.013705748603014,-12.013705748603012,1.7763568394002505e-15,-0.0009511371325974238,-5.757858122894236,3.61679029609352,6.255847625708777,0.027393316697543777,0.4997224932392209,6.253324586352444
33,3,1.0,165157.83736544836,-0.25590752780291703,11.758749357932695,-12.014656885735612,-12.014656885735612,0.0,0.20016922656557412,-5.756113305180483,3.619486250939871,6.258543580555129,0.02742634931025243,0.4996942450437609,6.255751869801577
33,4,1.0,135196.91971657556,-0.049895235697707534,11.76459242347233,-11.814487659170037,-11.814487659170037,0.0,0.09032317930599731,-5.564230436338319,3.6111998932164573,6.250257222831716,0.027317464351679848,0.499663880932046,6.247197559238258
33,5,1.0,123520.75527837267,0.044192173015625266,11.768356652879666,-11.72416447986404,-11.72416447986404,0.0,0.07539561139056161,-5.480046543479678,3.6050606067691042,6.244117936384362,0.027402008211460646,0.4996306066284513,6.240778961698168
33,6,1.0,114550.24978706721,0.1157073313476071,11.764476199821086,-11.648768868473478,-11.648768868473478,0.0,-0.061301880253646246,-5.403059136157202,3.6066524027010174,6.245709732316277,0.027402992985372326,0.49957284063621504,6.241836296705353
33,7,1.0,121792.09719873902,0.058899852300915344,11.76897060102804,-11.710070748727125,-11.710070748727125,0.0,0.01608595767834764,-5.467125030514552,3.6038883885973143,6.242945718212574,0.027332061867177862,0.4996307916811789,6.239612449901715
33,8,1.0,119848.62786752632,0.0720452510866563,11.766030042135434,-11.693984791048777,-11.693984791048777,0.0,0.17636168014632148,-5.448819326089741,3.6061081353437783,6.245165464959037,0.027299059708041765,0.49960077994088364,6.241557003074756
33,9,1.0,100470.86971690347,0.23795566416378855,11.755578775066244,-11.517623110902456,-11.517623110902456,0.0,-0.01759473671762457,-5.267863661783795,3.6107021195034013,6.2497594491186605,0.027398782050297464,0.4994657831267472,6.244899397255844
33,10,1.0,102254.27145157859,0.2219171812240014,11.757135028844083,-11.53521784762008,-11.535217847620082,1.7763568394002505e-15,0.025549039207296786,-5.286791324292002,3.6093691937128187,6.248426523328077,0.027374055310115178,0.4994783903178123,6.243688613503312
33,11,1.0,99674.86405966233,0.2478733256913953,11.75754213410418,-11.509668808412783,-11.509668808412783,0.0,-0.015528011509436723,-5.263108460293042,3.607503018504482,6.246560348119742,0.027453667486319555,0.4994435466285478,6.2415142565555755
33,12,1.0,101234.69569580223,0.2289883510372503,11.75418517095947,-11.52519681992222,-11.52519681992222,0.0,-0.1269690906617278,-5.274981161442419,3.611158328864543,6.250215658479801,0.027518811722375906,0.4994170184629382,6.2449002432359455
33,13,1.0,114940.0435073516,0.11098233740799635,11.763148247991943,-11.652165910583948,-11.652165910583946,1.7763568394002505e-15,-0.02790262856427539,-5.406504227589089,3.6066043533795984,6.245661682994857,0.02725652500402977,0.4995686772544141,6.241760271871992
33,14,1.0,118192.33559244245,0.08318058517349647,11.763249124321721,-11.680068539148223,-11.680068539148225,1.7763568394002505e-15,-0.05453214966407138,-5.433792235237005,3.6072189742959586,6.246276303911217,0.027191412664420177,0.4995873946044908,6.24254335500706
33,15,1.0,124816.59374915219,0.028739442732033212,11.763340131544325,-11.734600688812295,-11.734600688812291,3.552713678800501e-15,-0.009299362835770708,-5.487354674893058,3.6081886843039768,6.247246013919236,0.027338845190459128,0.49957970309369354,6.243440178061171
33,16,1.0,125982.72226473267,0.019603139935023044,11.763503191583087,-11.743900051648065,-11.743900051648064,1.7763568394002505e-15,-0.029853507552344283,-5.496892090036539,3.6079506319962684,6.247007961611527,0.027398201907857998,0.49957134004286324,6.243127954355535
33,17,1.0,129800.45117887136,-0.014622103868661833,11.75913145533175,-11.77375355920041,-11.773753559200411,1.7763568394002505e-15,-0.2293745249922683,-5.521763343358228,3.612932886226925,6.251990215842184,0.02720357222269599,0.49958685368899736,6.248238572615656
33,18,1.0,163264.69921079255,-0.2379721709561992,11.76515591323648,-12.003128084192678,-12.00312808419268,1.7763568394002505e-15,0.057582137491174024,-5.753337400992568,3.6107333535848514,6.249790683200111,0.027474545826539132,0.4996617511045108,6.24672633147586
33,19,1.0,154129.11615341075,-0.1852157242005798,11.760330222500922,-11.945545946701504,-11.945545946701502,1.7763568394002505e-15,0.09972314133101357,-5.691722243015778,3.6147663740704674,6.253823703685725,0.0273052875898836,0.4996341705893582,6.250501754427565
33,20,1.0,139500.4080558039,-0.08453799029387993,11.76128481507661,-11.84582280537049,-11.84582280537049,0.0,-0.12877542271836973,-5.594398795164081,3.6123666805911503,6.251424010206409,0.02725250117336823,0.4996062214196165,6.247856435079682
33,21,1.0,158672.59829976008,-0.2191755037273722,11.755422724361484,-11.97459822808886,-11.974598228088857,3.552713678800501e-15,-0.028430056391348657,-5.715751423746761,3.6197894747268404,6.258846804342099,0.027425058206984848,0.49958862916343233,6.255093560567216
33,22,1.0,163248.40625378466,-0.24989206585810061,11.753136218622107,-12.003028284480209,-12.003028284480207,1.7763568394002505e-15,0.0213681797886629,-5.741138146618427,3.622832808246522,6.261890137861781,0.027097415625248575,0.4996394645460556,6.258582773953023
33,23,1.0,159797.0904483701,-0.2376931886177307,11.743966916073814,-11.981660104691546,-11.981660104691546,0.0,-0.007464555689942642,-5.711558184860943,3.6310445902153434,6.270101919830602,0.027284050051114637,0.49952059626414885,6.2656544501531055
33,24,1.0,160994.36774131603,-0.25120186660211163,11.737922793779376,-11.989124660381488,-11.989124660381487,1.7763568394002505e-15,0.028371432291310228,-5.7129499306553155,3.6371174001109137,6.276174729726173,0.027145001653201547,0.4995065029585504,6.271552056150911
33,25,1.0,156490.91373728676,-0.2454791042972863,11.71527412379289,-11.960753228090178,-11.960753228090176,1.7763568394002505e-15,0.17895992357965973,-5.663117203331921,3.6585786951430004,6.29763602475826,0.027089569893262538,0.49936219293061473,6.291413114450067
33,26,1.0,130848.22000096584,-0.0663275958547688,11.71546570865575,-11.781793304510519,-11.781793304510519,0.0,0.010970348050511447,-5.487569430048205,3.6551665448470536,6.294223874462312,0.02707365677220757,0.49928468402598336,6.287269739101618
33,27,1.0,129420.6144680439,-0.043068374880523994,11.727754581579484,-11.770822956460007,-11.770822956460009,1.7763568394002505e-15,-0.01801945082906542,-5.489242960422466,3.6425226664222827,6.281579996037541,0.027198759761223934,0.4993254295586879,6.275170911244783
33,28,1.0,131773.84111851125,-0.056024456797670256,11.732817950491404,-11.788842407289073,-11.788842407289074,1.7763568394002505e-15,0.05465189331709652,-5.511722042060465,3.6380630356133463,6.277120365228605,0.027103610768616105,0.49938105563815277,6.27128207914608
33,29,1.0,124765.40762109059,0.010524061605024268,11.744714575577,-11.734190513971976,-11.734190513971976,0.0,0.034673034688163185,-5.470278909096966,3.6248542752597506,6.263911604875011,0.02717656027065374,0.4994142741559058,6.25849989280752
33,30,1.0,120513.55067005567,0.04378489577408305,11.743302375057896,-11.699517479283813,-11.699517479283813,0.0,0.005448608214919659,-5.435196639139362,3.6252635105291913,6.264320840144451,0.02712138332291055,0.4993994172049057,6.258754776874666
33,31,1.0,119858.70516621205,0.04847938996039474,11.742548261029288,-11.694068871068893,-11.694068871068893,0.0,0.009604493974126882,-5.429581206938569,3.625430334515066,6.264487664130324,0.027186389063437056,0.4993626448085179,6.258584342981877
33,32,1.0,118713.03355970114,0.06012852929359608,11.744592906388363,-11.684464377094766,-11.684464377094766,0.0,-0.03996973367027579,-5.42240750451345,3.622999542966057,6.262056872581316,0.027201644525102722,0.4993668713204455,6.256211063958742
33,33,1.0,123554.06478134479,0.02606640801470574,11.750500518779747,-11.724434110765042,-11.72443411076504,1.7763568394002505e-15,-0.10408693631510424,-5.467193364023973,3.618183417125809,6.257240746741068,0.027041098719286644,0.499456405996763,6.2522601777552
33,34,1.0,137107.5655964662,-0.07093505890374413,11.757585988176402,-11.828521047080146,-11.828521047080146,0.0,0.13292389815774186,-5.576028182333557,3.6134355351313325,6.252492864746591,0.027216384729406982,0.4995096281181164,6.248036415212165
33,35,1.0,120042.02261518662,0.06383553810758216,11.759432687029987,-11.695597148922404,-11.695597148922404,0.0,0.06172993667955318,-5.4493401443351335,3.607199674972011,6.24625700458727,0.027385989363266652,0.49941717593320006,6.240983058508116
33,36,1.0,112855.91688029014,0.12890501307074942,11.7627722253136,-11.633867212242851,-11.633867212242851,0.0,-0.03967745368353093,-5.3932435232247355,3.601566359402855,6.240623689018115,0.027375715802440186,0.49941089180050263,6.235310874715471
33,37,1.0,117423.7735059425,0.08960507687484401,11.763149742801225,-11.673544665926382,-11.67354466592638,1.7763568394002505e-15,-0.00844755937260011,-5.432244896674626,3.6022424396364987,6.241299769251756,0.02739602029467363,0.4994181699847619,6.236052640601827
33,38,1.0,118419.91938125646,0.08130922580533659,11.763301451104317,-11.681992225298982,-11.68199222529898,1.7763568394002505e-15,-0.14668373445802985,-5.440611405583327,3.6023234901003973,6.241380819715657,0.027346703334638782,0.4994358380562188,6.236294135955106
33,39,1.0,137128.80694170544,-0.06738976484382389,11.761286194913188,-11.828675959757012,-11.828675959757012,0.0,0.09388621583008216,-5.581120004445891,3.6084986256958635,6.247555955311122,0.027320240976813313,0.4994987967927081,6.2430285654311115
33,40,1.0,124840.19319531957,0.02427864601770808,11.759068389944638,-11.73478974392693,-11.73478974392693,0.0,-0.06440733941894372,-5.487893645413299,3.6078387688983726,6.246896098513632,0.02731435546997019,0.499436710878007,6.241805343700994
33,41,1.0,133145.4053528967,-0.03678650580096916,11.762410577544907,-11.799197083345874,-11.799197083345875,1.7763568394002505e-15,0.004868881454825669,-5.554476672243559,3.6056630814870556,6.244720411102315,0.027462954477477482,0.49945491575886,6.2398040474571355
33,42,1.0,132498.71177271145,-0.031882416409012106,11.762445785482036,-11.794328201891048,-11.794328201891048,0.0,0.15078097268274604,-5.5498686997102755,3.605402172565515,6.2444595021807725,0.027385950098812825,0.49945333111086676,6.239532976456836
33,43,1.0,113953.66862625768,0.11480025169692495,11.758347480905229,-11.643547229208302,-11.643547229208304,1.7763568394002505e-15,-0.07530639678139117,-5.400098314718181,3.6043915848748633,6.243448914490122,0.027439643671425495,0.4993463601545393,6.237549245326938
33,44,1.0,122866.49347884311,0.04525674733665827,11.764110373326352,-11.718853625989693,-11.718853625989693,0.0,-0.05925171867301238,-5.478872903194207,3.600923393180225,6.239980722795486,0.027420959971811272,0.49941180378832534,6.234684477637292
33,45,1.0,130366.54576300862,-0.016476864656303148,11.7616284800064,-11.778105344662706,-11.778105344662704,1.7763568394002505e-15,-0.05333074506473423,-5.533831313111544,3.6052167019359027,6.2442740315511625,0.027246146807175745,0.49945544227686806,6.239362227409663
33,46,1.0,137507.82309785817,-0.0767845505099316,11.754651539217507,-11.83143608972744,-11.831436089727438,1.7763568394002505e-15,-0.1458202457360258,-5.578834820886091,3.6135439392260906,6.25260126884135,0.02712759536906635,0.49946013602271744,6.24770219137728
33,47,1.0,159094.9281538328,-0.2322220754166721,11.745034260046793,-11.977256335463466,-11.977256335463466,0.0,0.10056208197129912,-5.712299868828329,3.6258991370198785,6.2649564666351365,0.02703582436328832,0.4994880509346149,6.260254448019464
33,48,1.0,143874.1522144538,-0.12137896980520879,11.755315283686958,-11.876694253492166,-11.876694253492166,0.0,-0.06593979498086533,-5.624405062659655,3.6132318612172525,6.252289190832513,0.0271989990986286,0.499457164227806,6.247367444967493
33,49,1.0,153680.96066138428,-0.18510651237831027,11.757527536094722,-11.942634048473032,-11.942634048473032,0.0,-0.14126695541484047,-5.6920101413958735,3.6115665774619,6.250623907077157,0.02746685224592749,0.49944468920375923,6.245596072699042
33,50,1.0,176999.29064416868,-0.33114655590732983,11.752754447980543,-12.083901003887872,-12.083901003887872,0.0,-0.021285812595808196,-5.826326543012485,3.618517131260128,6.257574460875388,0.02740444040187455,0.49949633028791024,6.252996962281058
33,51,1.0,180807.24833474902,-0.3568059197163397,11.74838089676734,-12.10518681648368,-12.10518681648368,0.0,0.020670487539250715,-5.843610857818461,3.622518629049961,6.26157595866522,0.027528445346134578,0.4994562984352775,6.256619640617221
33,52,1.0,177108.23625774053,-0.34329579841256974,11.74122053053186,-12.08451632894443,-12.08451632894443,0.0,0.08955073749511477,-5.815610286734193,3.629848712594979,6.268906042210238,0.0272594534974886,0.4994448757306358,6.263807582434517
33,53,1.0,161937.4763805831,-0.24807296481775193,11.746892626631562,-11.994965591449315,-11.994965591449313,1.7763568394002505e-15,0.0674896430748948,-5.732907897559518,3.6230003642745388,6.2620576938897985,0.027087361576955904,0.4994579075484015,6.257111272107068
33,54,1.0,151369.0158889768,-0.17894917189662995,11.74852677647779,-11.92747594837442,-11.92747594837442,0.0,-0.06548409355619711,-5.668386260390548,3.6200323583686145,6.259089687983873,0.027026610777241746,0.49943618789922933,6.253958793159902
33,55,1.0,161613.02820995566,-0.24162100914981538,11.751339032780802,-11.992960041930617,-11.992960041930617,0.0,0.19274774851012566,-5.736127677169882,3.6177750351454767,6.256832364760736,0.027218568697156584,0.4994357861355159,6.251711718536522
33,56,1.0,133280.64454628044,-0.055929049165106694,11.744283244255385,-11.800212293420492,-11.800212293420492,0.0,0.05808168980337136,-5.540440475351983,3.6207144884532494,6.259771818068508,0.02689756003702977,0.49935133103097346,6.253851884077804
33,57,1.0,125759.9994911859,-0.001883886039231297,11.740246717577888,-11.74213060361712,-11.742130603617118,1.7763568394002505e-15,0.008097229191912803,-5.480144670782328,3.6229286032195342,6.261985932834794,0.026939023489129868,0.4992811777965517,6.25540936500301
33,58,1.0,124745.80358180992,0.007110214704648064,11.741143589129857,-11.734033374425207,-11.73403337442521,1.7763568394002505e-15,0.150849859113924,-5.473677288248767,3.621298756561181,6.260356086176439,0.02703807415553741,0.4992521158131648,6.253530493350176
33,59,1.0,107278.49780683938,0.15298958698609327,11.736173102297379,-11.583183515311283,-11.583183515311285,1.7763568394002505e-15,0.11250668931144503,-5.324527284071434,3.619598901624593,6.258656231239853,0.027386681490454715,0.49906069500803335,6.2500720850299905
33,60,1.0,95863.1397814354,0.2586626669460436,11.729339492945885,-11.470676825999838,-11.47067682599984,1.7763568394002505e-15,-0.08347816155960786,-5.210534189233544,3.6210853071510347,6.260142636766294,0.027619549810250908,0.49890493997441526,6.250097136657456
33,61,1.0,104209.12615831321,0.18156618798919572,11.73572117554864,-11.554154987559446,-11.554154987559444,1.7763568394002505e-15,0.03387129908342956,-5.296430225357279,3.6186674325869075,6.257724762202167,0.02718736822144937,0.49907466660131017,6.249279115396912
33,62,1.0,100738.5361754633,0.22639809177289053,11.746681780248906,-11.520283688476017,-11.520283688476015,1.7763568394002505e-15,-0.021210544112584273,-5.275825509108818,3.60540084975194,6.244458179367198,0.02733663238434818,0.4991007246256194,6.236334131820664
33,63,1.0,102898.07689583939,0.20717824400902807,11.748672476597628,-11.541494232588601,-11.5414942325886,1.7763568394002505e-15,-0.10212123108326665,-5.298737026816712,3.6036998761566283,6.242757205771887,0.02744820283041672,0.4990888611435978,6.234534616014284
33,64,1.0,113961.44445899456,0.1108233323362863,11.754438796008156,-11.643615463671868,-11.64361546367187,1.7763568394002505e-15,-0.022798400996254742,-5.402543142995834,3.6020149910607744,6.241072320676033,0.02737143065290478,0.49917793054868725,6.23366377191581
33,65,1.0,116589.42623180008,0.08861125566451335,11.755025120332638,-11.666413864668122,-11.666413864668124,1.7763568394002505e-15,-0.04986782046518101,-5.425578407334499,3.6017781277183647,6.240835457333623,0.027400988137906673,0.4991775343308167,6.233425232138066
33,66,1.0,122550.89414975866,0.03267571904828024,11.748957404181581,-11.716281685133303,-11.716281685133302,1.7763568394002505e-15,-0.1629223698290012,-5.467835827613574,3.6093885279044673,6.2484458575197275,0.027310338472602547,0.4991657783326909,6.240904769671042
33,67,1.0,144235.70129161287,-0.1307634221362817,11.748440632826021,-11.879204054962305,-11.879204054962303,1.7763568394002505e-15,0.0035181614023276353,-5.625269193409735,3.6148775319373105,6.253934861552568,0.027214705583535878,0.4992691053181212,6.2473235131942895
33,68,1.0,143729.14840438566,-0.12036700618086753,11.755318887379111,-11.875685893559977,-11.875685893559979,1.7763568394002505e-15,-0.031371759185478965,-5.629455500982339,3.6071730629623775,6.246230392577637,0.02741561102878957,0.4992637515184461,6.239593405867943
33,69,1.0,148309.65829555487,-0.15474246034064368,11.752315192404813,-11.907057652745456,-11.907057652745458,1.7763568394002505e-15,-0.11083201687938526,-5.657445247462255,3.6105550756679436,6.249612405283203,0.027268927416632352,0.4992795030843373,6.243104072743729
33,70,1.0,165692.62091533846,-0.2630129332265614,11.754876736398279,-12.017889669624841,-12.01788966962484,1.7763568394002505e-15,0.27220869438576756,-5.7692589319920655,3.6095734080175155,6.248630737632774,0.02750470934376725,0.49930936741408294,6.242392271762392
33,71,1.0,126207.28777452612,0.004579901290107863,11.750260876529182,-11.745680975239074,-11.745680975239075,1.7763568394002505e-15,0.06463898298183501,-5.49919235688998,3.6074312887338325,6.246488618349091,0.027286065200539524,0.49916356264550993,6.23894156260591
33,72,1.0,118307.44630733825,0.06781884640532242,11.74886083866256,-11.681041992257239,-11.681041992257239,0.0,-0.002472814510113608,-5.435585760688405,3.606398901953573,6.245456231568832,0.02719264528640083,0.49913730082472546,6.237675156555649
33,73,1.0,118600.36068942896,0.06989948313898414,11.753414289906335,-11.683514806767352,-11.68351480676735,1.7763568394002505e-15,0.002386969020108154,-5.442905367847534,3.601552109304557,6.240609438919816,0.02731956788995667,0.4991283249473242,6.232761980282106
33,74,1.0,118317.60290398069,0.07017758383076361,11.75130542157801,-11.681127837747244,-11.681127837747246,1.7763568394002505e-15,-0.07849062166960685,-5.439309480293306,3.6027610278386786,6.241818357453938,0.027343293104403133,0.4991005726612511,6.233714159022603
33,75,1.0,127978.61510051391,-0.006536843235814463,11.753081616181035,-11.759618459416851,-11.75961845941685,1.7763568394002505e-15,-0.10935110000577808,-5.5171784921577665,3.603382637643825,6.242439967259085,0.027395242298715303,0.4991316776119241,6.234614918567966
33,76,1.0,142767.04992248124,-0.12231579095150202,11.746653768471127,-11.868969559422629,-11.868969559422629,0.0,-0.06164597993923948,-5.617529781411485,3.6123824483958837,6.251439778011144,0.027374636009961054,0.49912660276427157,6.2435276483956015
33,77,1.0,151844.99949297536,-0.18771996544162978,11.742895573920237,-11.930615539361868,-11.930615539361867,1.7763568394002505e-15,0.02203610034735526,-5.6743376064038085,3.6172206033428016,6.256277932958062,0.027420668521595134,0.4991112297711299,6.248203814602852
33,78,1.0,148535.52571449682,-0.15825752832572,11.750321910688793,-11.908579439014513,-11.908579439014513,0.0,0.01026754085150472,-5.660825840375629,3.608696269023625,6.247753598638885,0.027585751560026524,0.4991065564962647,6.239682417070161
33,79,1.0,147018.23389388723,-0.1537326997264662,11.74457919843654,-11.898311898163008,-11.898311898163007,1.7763568394002505e-15,0.1547932363111375,-5.645199496001848,3.6140550725459013,6.253112402161159,0.027511474837883666,0.49906832890280456,6.2446702553257065
33,80,1.0,125934.68290140797,-0.0007967472366126258,11.742721914615258,-11.743518661851871,-11.743518661851871,0.0,-0.134410635464965,-5.493175572798621,3.6112857594379904,6.25034308905325,0.02731955772709914,0.498999679035613,6.241290878011071
33,81,1.0,144051.9528708767,-0.13848570995955753,11.739443587357275,-11.877929297316836,-11.877929297316832,3.552713678800501e-15,0.09578029080251227,-5.620300770196572,3.6185711975050054,6.257628527120266,0.027149378453754248,0.49908809957758526,6.2493567727770705
33,82,1.0,130894.77125371071,-0.04253443655881778,11.739614569955508,-11.782149006514324,-11.782149006514326,1.7763568394002505e-15,-0.07401076061774958,-5.52802119705324,3.615070479845825,6.254127809461083,0.02728017355953294,0.49898686679733056,6.244945059503647
33,83,1.0,140949.897189672,-0.1192852585852781,11.736874508546798,-11.856159767132073,-11.856159767132075,1.7763568394002505e-15,0.03281489988187758,-5.597542659107106,3.6195597784097115,6.25861710802497,0.027236426593380766,0.49901878986437276,6.249711044239851
33,84,1.0,136399.7057662436,-0.08734393716877573,11.73600093008142,-11.823344867250196,-11.823344867250196,0.0,0.16630426767151008,-5.5654347599136695,3.6188527777212682,6.257910107336526,0.027306168735166562,0.49896091207705223,6.248472119422714
33,85,1.0,115501.70833094155,0.07510203713817362,11.732142636716858,-11.657040599578686,-11.657040599578686,0.0,0.09355071304878315,-5.401089058886549,3.6168942110768785,6.255951540692138,0.027247850653753253,0.49886082556146893,6.245593704653081
33,86,1.0,105186.46239319994,0.1664671215214611,11.729957008051363,-11.563489886529903,-11.563489886529903,0.0,0.07593626590955083,-5.309958590168114,3.614473966746529,6.253531296361787,0.027374934280772638,0.49875939776004646,6.242253044398238
33,87,1.0,97494.73159669919,0.23731898713645516,11.724872607756808,-11.487553620620352,-11.487553620620353,1.7763568394002505e-15,-0.03254120912517955,-5.23309301200429,3.615403279000802,6.2544606086160615,0.02740280626233559,0.498669092795385,6.242350644342866
33,88,1.0,100719.51261984903,0.2073181879782112,11.727413017723741,-11.520094829745531,-11.52009482974553,1.7763568394002505e-15,-0.027227470748467653,-5.267489542301949,3.6135479578283216,6.25260528744358,0.027550178644703056,0.4986592887131346,6.240422125395627
33,89,1.0,103499.52481255721,0.18479078925915016,11.732113089753149,-11.547322300493999,-11.547322300493999,0.0,-0.025493646122219715,-5.2987443836311305,3.6095205872476117,6.24857791686287,0.027509911367629432,0.4987153499624532,6.236948628434837
33,90,1.0,106172.02623222984,0.1571034644688285,11.729919411085046,-11.572815946616219,-11.572815946616217,1.7763568394002505e-15,-0.06194004129755015,-5.3217382460219245,3.6120203709790326,6.251077700594292,0.027553323428773823,0.49868839108814805,6.239188357468324
33,91,1.0,112956.26506043742,0.09715687124004142,11.731912859153809,-11.634755987913769,-11.634755987913767,1.7763568394002505e-15,-0.020936978289087804,-5.383335058520376,3.6123635997781336,6.251420929393391,0.0275247756175602,0.49872566750235775,6.239861770598506
33,92,1.0,115346.159208965,0.07498475819555118,11.730677724398408,-11.655692966202857,-11.655692966202857,0.0,0.050594804510836866,-5.402984992617838,3.6136506439697635,6.252707973585021,0.027532395369882966,0.49870713036761033,6.2409752751989975
33,93,1.0,109655.41770414982,0.11608126167929536,11.721179423371318,-11.60509816169202,-11.605098161692023,3.552713678800501e-15,-0.049369215107976316,-5.345910848533306,3.6201299835434564,6.259187313158715,0.02778562934312424,0.49854434291738414,6.245910376250721
33,94,1.0,115204.87877216519,0.07617970640107465,11.73064708320107,-11.654467376799996,-11.654467376799996,0.0,0.11581924294873858,-5.403436874356141,3.6119731728285953,6.251030502443855,0.027707823425176487,0.4986475039455215,6.238783853956469
33,95,1.0,102605.63516553579,0.1908831720900122,11.729531305941272,-11.538648133851257,-11.53864813385126,1.7763568394002505e-15,0.04978786684143266,-5.291893113002074,3.6076976912339247,6.246755020849184,0.027481607749505043,0.49861102149770686,6.234201486775506
33,96,1.0,97622.20599958015,0.23085043116666532,11.71971069817649,-11.488860267009825,-11.488860267009825,0.0,-0.02427638270269128,-5.235146661048749,3.614656276345817,6.253713605961075,0.02743770733225957,0.4985008361924534,6.240094062314604
33,97,1.0,100021.12070433557,0.21012871039582173,11.72326536010834,-11.513136649712516,-11.513136649712518,1.7763568394002505e-15,-0.12339584627082445,-5.263513362977159,3.610565957120099,6.249623286735358,0.027690090856603858,0.49847002298140874,6.235757398483189
33,98,1.0,113157.11112633234,0.08513860813880451,11.721671104122146,-11.63653249598334,-11.636532495983342,1.7763568394002505e-15,-0.13124032013820752,-5.380524146064618,3.6169510203034667,6.256008349918725,0.027580352357520984,0.49855138216034106,6.242863163699265
33,99,1.0,129026.4648426389,-0.04309154946453041,11.724681266657019,-11.767772816121548,-11.76777281612155,1.7763568394002505e-15,-0.049098969131199155,-5.5108230513950405,3.617892435111248,6.256949764726507,0.027653910830434496,0.4986106470223575,6.24432234446337
33,100,1.0,135519.6307582208,-0.08244644711738726,11.734425338135363,-11.816871785252747,-11.81687178525275,3.552713678800501e-15,0.04137978428374822,-5.568566827189474,3.6092476284480166,6.248304958063277,0.027553762917277763,0.4987023696510062,6.236576575111314
33,101,1.0,130026.29795864096,-0.04427751504786105,11.73121448592114,-11.775492000968999,-11.775492000969,1.7763568394002505e-15,0.21887053169221993,-5.525648138156965,3.610786533196776,6.249843862812035,0.027527271809734268,0.4986473606869835,6.237605909181048
33,102,1.0,104466.47330331121,0.1679228012680918,11.724544270544872,-11.556621469276779,-11.556621469276779,0.0,0.07491530651540579,-5.30921787641806,3.6083462632434613,6.24740359285872,0.02740760126411945,0.4984898994932835,6.233755311074118
33,103,1.0,96926.29882524327,0.24063014205962596,11.722336304821003,-11.481706162761373,-11.481706162761377,3.552713678800501e-15,-0.06755884031878168,-5.2361391083092785,3.6065097248368363,6.245567054452095,0.027532686561301107,0.4984011531713626,6.231123088339127
33,104,1.0,103700.78904204693,0.17212410781852588,11.721389110898683,-11.549265003080155,-11.549265003080157,1.7763568394002505e-15,0.033446262892766754,-5.300259322941207,3.6099483505236885,6.249005680138949,0.027596593358905002,0.4984025659317518,6.234550893013456
33,105,1.0,100289.74647774437,0.21062986571512649,11.726448605902515,-11.515818740187388,-11.515818740187388,0.0,0.042657062303343096,-5.2743916686805905,3.602369741891539,6.241427071506798,0.027553967957632,0.49841222295742527,6.2271197668188085
33,106,1.0,96101.64168317843,0.2520143486487914,11.72517602653284,-11.473161677884045,-11.473161677884049,3.552713678800501e-15,0.020841660509061555,-5.232218887553397,3.6018854607153896,6.2409427903306485,0.02748163779906495,0.4983935219455362,6.22646501266283
33,107,1.0,94119.4517087075,0.2723033144619163,11.724623331836902,-11.452320017374984,-11.452320017374985,1.7763568394002505e-15,0.025580225850280414,-5.212014809884363,3.6012478778753625,6.240305207490622,0.027479002769182307,0.4983502176278505,6.225439655590236
33,108,1.0,91742.3874153528,0.28974985118229324,11.716489642706996,-11.426739791524703,-11.426739791524703,0.0,-0.13649869225013767,-5.180311927553972,3.6073705343554723,6.246427863970732,0.02737619748935532,0.4982983904839029,6.2310404068129595
33,109,1.0,105160.02155054858,0.16133060605298336,11.724569089827826,-11.56323848377484,-11.563238483774843,1.7763568394002505e-15,-0.04241627166753048,-5.318907826392855,3.6052733277667266,6.244330657381986,0.027357302725828783,0.49842131974642967,6.23008831656185
33,110,1.0,109716.46821292587,0.1167901724185791,11.722444927860952,-11.605654755442371,-11.605654755442373,1.7763568394002505e-15,0.01093844824218948,-5.3576129745900465,3.6089844512370695,6.248041780852327,0.027370301356405488,0.4984147679164263,6.233717567888861
33,111,1.0,108522.88020539292,0.12281914483520454,11.717535452035387,-11.594716307200182,-11.594716307200182,0.0,0.06377100679994818,-5.342474737901459,3.6131842396834637,6.2522415692987225,0.027361238432100074,0.49835665897877834,6.237368028241296
33,112,1.0,101818.31722905426,0.18461266368625004,11.715557964086484,-11.530945300400234,-11.530945300400234,0.0,0.09107056037071182,-5.281024312388323,3.610863658396653,6.249920988011911,0.027632010457084473,0.49823998099756006,6.23399641589419
33,113,1.0,92955.36772747288,0.2704123402443033,11.710287080273824,-11.439874740029522,-11.43987474002952,1.7763568394002505e-15,0.01572680408921201,-5.190704395219022,3.61011301519524,6.2491703448105,0.027729755698698292,0.49810804351258336,6.23202375680841
33,114,1.0,91504.91227977374,0.2891884006020481,11.71333633654236,-11.42414793594031,-11.424147935940312,1.7763568394002505e-15,-0.04313356975029059,-5.180001240630775,3.605089365694276,6.244146695309534,0.02769289763976993,0.498111941837199,6.227083235025512
33,115,1.0,95538.2056559048,0.24265068093680586,11.709932186627405,-11.4672815056906,-11.4672815056906,0.0,-0.1035896393472715,-5.217951128843111,3.610273047232232,6.249330376847491,0.0277386442645752,0.4980614465186923,6.231736971103757
33,116,1.0,105965.7433626801,0.14911871538498922,11.719989860422862,-11.570871145037872,-11.570871145037872,0.0,0.009220382158819262,-5.3270151295299515,3.6047986858926606,6.243856015507919,0.02764508854070531,0.4981882829994601,6.227497815712098
33,117,1.0,104993.18926353198,0.15091879610958286,11.712569558988633,-11.561650762879053,-11.56165076287905,1.7763568394002505e-15,0.08537348201394224,-5.310956913706912,3.611636519556882,6.25069384917214,0.02756890004641859,0.4981377731304302,6.233797311883623
33,118,1.0,96401.52315772115,0.2321737052556877,11.708450986120798,-11.47627728086511,-11.47627728086511,0.0,-0.09422134058498166,-5.226304746041543,3.610915205208309,6.249972534823568,0.02761095604108998,0.4980246740102014,6.232011660557158
33,119,1.0,105926.2759755037,0.15179660521609928,11.72229522666619,-11.570498621450092,-11.570498621450092,0.0,0.0009637885445776817,-5.330745936081186,3.6006953557536474,6.239752685368905,0.027484522656416887,0.4982024264087262,6.223548777870547
33,120,1.0,105824.23462518974,0.15115564471902282,11.720690477624537,-11.569534832905514,-11.569534832905514,0.0,-0.1021146536597648,-5.328166963125041,3.6023105401652145,6.241367869780474,0.027467809046504442,0.49818466928406385,6.224979680612717
33,121,1.0,117201.44513650451,0.04956796214344764,11.721217448708728,-11.67164948656528,-11.671649486565281,1.7763568394002505e-15,0.14721959468218238,-5.4279290923172185,3.6046630646328013,6.24372039424806,0.027679241099558122,0.49816270451800565,6.227113244896816
33,122,1.0,101157.08573357327,0.18756798311673606,11.711997874999833,-11.524429891883097,-11.524429891883097,0.0,-0.018714779539017457,-5.278146155381346,3.607226406886493,6.246283736501753,0.02775902666601232,0.4979694716746626,6.227854018347878
33,123,1.0,103068.04409949704,0.16814664838785987,11.711291319809973,-11.543144671422114,-11.543144671422114,0.0,0.006211555266055768,-5.2965643256310395,3.607523016175816,6.246580345791074,0.027677303083907496,0.49797822786578533,6.228270491611275
33,124,1.0,102429.81549561696,0.17022825175367867,11.707161367909737,-11.536933116156058,-11.536933116156058,0.0,-0.06740191351232383,-5.287900017666067,3.609975768874731,6.24903309848999,0.027513902876164276,0.4979547148803278,6.23051937547317
33,125,1.0,109571.76806525305,0.1092801946887795,11.713615224357161,-11.604335029668382,-11.604335029668382,0.0,-0.020167454715405597,-5.359079835995123,3.606197864058,6.245255193673259,0.027567359723689934,0.4980118700435829,6.227300772965957
33,126,1.0,111803.98514632102,0.09032665372505944,11.714829138108847,-11.624502484383788,-11.624502484383788,0.0,0.06734299681487954,-5.380087177853012,3.605357976915516,6.244415306530775,0.02758194116151504,0.49801432329192596,6.226479835392248
33,127,1.0,104522.69329919941,0.15626968400918778,11.713429171578097,-11.557159487568908,-11.55715948756891,1.7763568394002505e-15,0.05204168228660144,-5.315483523784498,3.6026186341691497,6.2416759637844095,0.027619097725148475,0.49793851597588557,6.223060104979353
33,128,1.0,99222.27409163375,0.20686435861716296,11.711982163899469,-11.505117805282307,-11.505117805282307,0.0,-0.13049751739109539,-5.266153264968717,3.5999072106983294,6.238964540313588,0.02767337769836389,0.49785750923487015,6.219649548821254
33,129,1.0,113053.37402390028,0.07819398002100927,11.713809302694411,-11.635615322673402,-11.635615322673402,0.0,0.08683210781289219,-5.3933437045067265,3.603214288551417,6.242271618166676,0.02777655510980026,0.497900404078734,6.223301563941517
33,130,1.0,103650.83925709376,0.15450324193634968,11.703286456796858,-11.54878321486051,-11.548783214860508,1.7763568394002505e-15,0.041689560629210476,-5.300018552722818,3.609707332522433,6.248764662137691,0.027838119328271353,0.49773559132713663,6.228209326212427
33,131,1.0,99418.51612607934,0.19045133001443004,11.697544984245729,-11.5070936542313,-11.5070936542313,0.0,-0.045145299905440694,-5.255609205130071,3.6124271194859703,6.251484449101229,0.02784207093132025,0.4976352096854998,6.229978443206745
33,132,1.0,104009.649152974,0.1397197558923713,11.691958710029112,-11.55223895413674,-11.55223895413674,0.0,-0.06295306515685972,-5.294119241258266,3.619062383263216,6.258119712878474,0.027869557103077227,0.49757728964239234,6.236004572880001
33,133,1.0,110767.86889239145,0.08835375205586529,11.703545771349464,-11.6151920192936,-11.615192019293598,1.7763568394002505e-15,0.07906352256361515,-5.367206338453447,3.6089283512248955,6.247985680840153,0.027624482828370555,0.49775544211223116,6.2276934632781655
33,134,1.0,102347.43162453626,0.16475832606282778,11.70088682279281,-11.536128496729985,-11.536128496729983,1.7763568394002505e-15,-0.1161317562061761,-5.290577474654435,3.6064936924602926,6.245551022075552,0.027679636011524737,0.4976503043532704,6.22430635117204
33,135,1.0,114950.88773294642,0.047311480465395205,11.699571733401555,-11.652260252936161,-11.65226025293616,1.7763568394002505e-15,-0.06011888505978824,-5.402299009394613,3.6109039139262893,6.249961243541548,0.02767067038526682,0.49768602509281834,6.229055156482586
33,136,1.0,122073.56551317108,-0.01786149317022015,11.694517644825728,-11.71237913799595,-11.71237913799595,0.0,0.006441285460377699,-5.455478286435126,3.617843521945565,6.256900851560823,0.027542155010068983,0.4977009312580597,6.236077671597691
33,137,1.0,121289.78182770379,-0.013603142007740585,11.692334710527831,-11.705937852535572,-11.705937852535572,0.0,0.036339801786903436,-5.450193074586299,3.6166874483340137,6.255744777949273,0.027808905022427492,0.49759781681113824,6.2339814383478265
33,138,1.0,116961.2603402723,0.015629058443214827,11.685227109191883,-11.669598050748668,-11.669598050748668,0.0,0.016604454307151073,-5.408378777434065,3.622161943699344,6.261219273314603,0.02787863679268355,0.49745578156833414,6.238071400075879
33,139,1.0,115035.21713733158,0.043341847094260394,11.69633544353578,-11.652993596441517,-11.652993596441519,1.7763568394002505e-15,-0.17524433237293202,-5.40466765785244,3.6092686089738204,6.248325938589079,0.027862031152878188,0.4975257115844785,6.225970979815971
33,140,1.0,137068.7534347556,-0.13005396606179676,11.698183962752651,-11.828237928814449,-11.828237928814447,1.7763568394002505e-15,0.05021859195571743,-5.5761152856468215,3.6130653135523687,6.2521226431676284,0.02792103425681112,0.4976176189742051,6.230587064183786
33,141,1.0,130355.33370486504,-0.08060623023558722,11.697413106623147,-11.778019336858732,-11.778019336858733,1.7763568394002505e-15,-0.020644803646137078,-5.528288729277593,3.6106732779658803,6.2497306075811405,0.027999155174287197,0.4975379221729872,6.22747746071324
33,142,1.0,133074.46536745894,-0.10464634184471971,11.69401779866015,-11.798664140504869,-11.79866414050487,1.7763568394002505e-15,0.11536116001874319,-5.545208160303865,3.614398650585745,6.253455980201005,0.028103280355308385,0.49748771632990824,6.230712674228944
33,143,1.0,118575.24067670539,0.0016785926845566262,11.684981573170683,-11.683302980486125,-11.683302980486125,0.0,-0.09919001778253289,-5.425803394486414,3.6184422563844536,6.257499585999712,0.027739610878407914,0.49740781310081256,6.233983451356333
33,144,1.0,130939.80572100617,-0.09917652034299895,11.683316477925658,-11.782492998268658,-11.782492998268657,1.7763568394002505e-15,-0.02487121012251059,-5.519879347305856,3.6235563213475426,6.262613650962803,0.027832598744426625,0.49742831572607066,6.239242230603933
33,145,1.0,134237.27316897936,-0.11968443162168341,11.687679776769484,-11.807364208391169,-11.807364208391167,1.7763568394002505e-15,-0.11910334521174093,-5.549990620601067,3.618316258174844,6.257373587790101,0.027796624907170393,0.49746607777931157,6.234423015770915
33,146,1.0,151216.45309947332,-0.25339153689398164,11.67307601670893,-11.92646755360291,-11.926467553602912,1.7763568394002505e-15,0.07352186320544618,-5.652515449502033,3.6348947744856184,6.273952104100878,0.028173008913937706,0.4973142465142883,6.24940894655929
33,147,1.0,140497.60065162164,-0.16897120449705905,11.683974485900405,-11.852945690397464,-11.852945690397464,0.0,-0.018087896542562376,-5.593265740911555,3.620622619870648,6.259679949485907,0.02799747816161338,0.49736151679234863,6.235758672243851
33,148,1.0,143062.02936021422,-0.19586649181962756,11.675167095120399,-11.871033586940026,-11.871033586940026,0.0,0.04947851023575467,-5.605390495219451,3.6265857621053175,6.265643091720576,0.02829320361307996,0.4972094343086027,6.24024771454621
33,149,1.0,136155.79720012963,-0.14479493329805632,11.676760143406216,-11.821555076704271,-11.821555076704273,1.7763568394002505e-15,-0.013338427309687262,-5.56035946575493,3.6221382813340814,6.261195610949342,0.028362445395979034,0.49714072799397113,6.235202091914203
33,150,1.0,137984.0674225035,-0.15995522066861018,11.674938283345348,-11.834893504013959,-11.834893504013959,0.0,0.004037734369186197,-5.571669485120275,3.6241666892784252,6.263224018893685,0.028260411462338014,0.49713024841346853,6.237112839341125
33,151,1.0,137428.04769646324,-0.14617274975790767,11.684683019886863,-11.830855769644772,-11.83085576964477,1.7763568394002505e-15,0.050345797338570364,-5.578892217866444,3.6129062221630694,6.251963551778329,0.027890328478873155,0.49728061581700755,6.227378641074663
33,152,1.0,130680.40596996795,-0.09620611347672238,11.684303858829479,-11.780509972306202,-11.7805099723062,1.7763568394002505e-15,0.0036410403552924464,-5.532119893640689,3.609332749050254,6.248390078665513,0.027907351076097212,0.4972142697934775,6.223236971583343
33,153,1.0,130205.45851431674,-0.09436926513132848,11.682499666819584,-11.77686893195091,-11.776868931950913,3.552713678800501e-15,0.08498207676167802,-5.527029265432076,3.610782336903575,6.249839666518834,0.027892634993087733,0.49715507582059904,6.224132770145279
33,154,1.0,119597.4566960335,-0.013896328755084147,11.677990526434147,-11.691886855189232,-11.691886855189232,0.0,0.002475731535810155,-5.442363427815051,3.6104660977589225,6.249523427374181,0.02788652341207076,0.4970474412044619,6.222825755004628
33,155,1.0,119301.73171976084,-0.010407281027756028,11.679003842625665,-11.689411123653421,-11.689411123653421,0.0,0.0356819635999841,-5.4411357258755695,3.6092180681625914,6.24827539777785,0.027508978280350364,0.4971325189982013,6.222415458518426
33,156,1.0,115119.86398490108,0.025142263580399792,11.678871423633836,-11.653729160053437,-11.653729160053437,0.0,-0.0939639129646146,-5.40760684292853,3.6070649875096494,6.246122317124908,0.027651260143318895,0.4970431656168101,6.219474679791962
33,157,1.0,126461.48482684989,-0.07179159844222875,11.675901474575824,-11.747693073018052,-11.747693073018052,0.0,0.07155813716090442,-5.497685064424897,3.6109506789778982,6.250008008593157,0.027692805145954923,0.4970524643384458,6.223401511191362
33,158,1.0,117728.32704326339,-0.008383218500351937,11.667751717356797,-11.676134935857148,-11.67613493585715,1.7763568394002505e-15,0.14964643036094927,-5.420849500692087,3.6162281055498013,6.255285435165059,0.02786933369351967,0.49685033504298604,6.226788603720325
33,159,1.0,101365.54358078854,0.1513382583431281,11.677826763839326,-11.526488505496198,-11.526488505496198,0.0,-0.012111211583158976,-5.289140149520059,3.59829102636088,6.237348355976139,0.027775424112052825,0.49683919315300906,6.2089578296903225
33,160,1.0,102600.66745216351,0.14320737430397928,11.681807091383337,-11.538599717079357,-11.538599717079357,0.0,-0.02293264514722715,-5.305544324575777,3.593998062888321,6.23305539250358,0.02769371946026316,0.49688860634386994,6.205163397282399
33,161,1.0,104980.75873732426,0.1120236683415661,11.67355603056815,-11.561532362226584,-11.561532362226584,0.0,-0.133142040025783,-5.319774726883433,3.602700305727893,6.241757635343151,0.027792723016651928,0.4967685144640498,6.212659831875984
33,162,1.0,119931.30532841389,-0.015669793667466618,11.6790046085849,-11.694674402252367,-11.694674402252367,0.0,-0.0853427245519498,-5.454852716733035,3.6007643559040745,6.239821685519333,0.027827297136267824,0.49687256863580037,6.211698804258373
33,163,1.0,130616.01658801318,-0.1032185956471299,11.676798531157186,-11.780017126804317,-11.780017126804315,1.7763568394002505e-15,0.08951920550025783,-5.535433058683371,3.6055267385056875,6.244584068120948,0.02775471788117403,0.4969094494054351,6.216737357087297
33,164,1.0,119431.45904241705,-0.01924494704594492,11.671252974258113,-11.69049792130406,-11.690497921304058,1.7763568394002505e-15,0.035256642979373254,-5.445832154435576,3.6056084372532253,6.244665766868485,0.02737650167318234,0.49686850420153345,6.216483784290679
33,165,1.0,115294.07051185882,0.019923802808118726,11.675165081132803,-11.655241278324686,-11.655241278324684,1.7763568394002505e-15,0.09392733302237666,-5.417637736447965,3.5985462122614615,6.237603541876721,0.02745171187639457,0.49685014422026924,6.209335781218813
33,166,1.0,104957.83166681402,0.1087981059242503,11.67011205122656,-11.56131394530231,-11.56131394530231,0.0,0.0342600982787129,-5.323210078097213,3.5990465375898393,6.238103867205099,0.02749188411443121,0.4967040781282731,6.208533867001394
33,167,1.0,101422.86593384866,0.14190982783884942,11.668963674862445,-11.527053847023597,-11.527053847023595,1.7763568394002505e-15,0.04502937756577907,-5.289925257488255,3.5980712599200833,6.2371285895353425,0.027677407969634762,0.4965748364353952,6.206357578549474
33,168,1.0,96957.15602598715,0.1772686631821905,11.659293132640007,-11.482024469457818,-11.482024469457818,0.0,-0.07214498084264243,-5.238931199842207,3.604035940000351,6.243093269615609,0.027646938455710438,0.49647367221543487,6.211370187700664
33,169,1.0,104210.63331881509,0.10174351248252486,11.655912962782985,-11.55416945030046,-11.55416945030046,0.0,-0.08122008820570592,-5.3078812387640815,3.6072308819211187,6.246288211536377,0.027509424000479583,0.4965055634351289,6.214841472055531
33,170,1.0,113027.85124342139,0.016913466300895193,11.65230300480706,-11.635389538506166,-11.635389538506164,1.7763568394002505e-15,0.046179412023427346,-5.382574545210965,3.6137576636799436,6.252814993295202,0.027334881162226234,0.4965447987374153,6.221656855195071
33,171,1.0,107926.97569950768,0.06993285280965084,11.659142979292389,-11.589210126482739,-11.589210126482739,0.0,0.026745084931192764,-5.34536067411445,3.60479212275303,6.243849452368289,0.02746662617630711,0.49651376714948586,6.212521741260436
33,172,1.0,105078.7177956103,0.09990678203177303,11.66237182358332,-11.562465041551546,-11.562465041551546,0.0,0.0664443919114337,-5.324379167540573,3.5990285443957126,6.238085874010971,0.02756108801829623,0.4964797767131082,6.206519604021632
33,173,1.0,98323.72692958218,0.1698699125009524,11.665890562141062,-11.496020649640112,-11.496020649640109,3.552713678800501e-15,-0.02785423514867169,-5.267971102960275,3.588992217064579,6.228049546679837,0.027746485404769414,0.4963750489703866,6.195637318098384
33,174,1.0,101100.95841032302,0.13923553582001263,11.663110420608795,-11.523874884788784,-11.523874884788782,1.7763568394002505e-15,-0.04677381696526872,-5.291102921649537,3.593714633523988,6.232771963139247,0.02786553544309426,0.4963375213865303,6.199960392091812
33,175,1.0,105942.174616206,0.0921942608253619,11.662842962579415,-11.570648701754052,-11.570648701754052,0.0,-0.034069889648394636,-5.337076431368553,3.594514940770241,6.2335722703855,0.0276877597043667,0.4963636989937779,6.200999283574441
33,176,1.0,109613.80366372496,0.05715537518763288,11.66187396659008,-11.604718591402447,-11.604718591402447,0.0,-0.02520660566817945,-5.370673065163383,3.5949881966238055,6.234045526239065,0.02759663010102692,0.49636065209719293,6.201445117510934
33,177,1.0,112411.91285394302,0.028490025499887366,11.658415222570515,-11.629925197070627,-11.629925197070627,0.0,-0.03377292844003499,-5.392926372628759,3.597941494826608,6.2369988244418675,0.027547316757849872,0.4963399535527123,6.2041880926622115
33,178,1.0,116273.2293101529,-0.005388363670779745,11.658309761839885,-11.663698125510662,-11.663698125510665,3.552713678800501e-15,-0.0880113887362608,-5.426681853785269,3.5979589421101363,6.237016271725395,0.027763509613337505,0.4963020472420707,6.203850609367138
33,179,1.0,126970.43134106905,-0.10232256863536886,11.649386945611553,-11.751709514246922,-11.751709514246922,0.0,0.0160511959932208,-5.504143577353967,3.6085086072776957,6.247565936892954,0.02780140107760459,0.4962753822601537,6.2140535239267765
33,180,1.0,124948.67328676936,-0.08515688284483515,11.650501435408867,-11.735658318253702,-11.735658318253702,0.0,0.04654165541777466,-5.493451451208726,3.6031495374297164,6.242206867044977,0.02788740561837568,0.49620367217506134,6.208108279211428
33,181,1.0,119266.60720596049,-0.03372446955829557,11.65539219327763,-11.689116662835927,-11.689116662835925,1.7763568394002505e-15,-0.019559369259621207,-5.454606386819411,3.5954529464012546,6.234510276016513,0.02775155757659489,0.4961812182809942,6.20028650202846
33,182,1.0,121622.35013722262,-0.05254909306131991,11.656126939034227,-11.708676032095548,-11.708676032095546,1.7763568394002505e-15,-0.03303818002981096,-5.475944673606034,3.593674028874255,6.232731358489515,0.02789873899253088,0.49611998997354145,6.197954031012025
33,183,1.0,125707.64499813315,-0.08392297155226847,11.65779124057309,-11.741714212125359,-11.741714212125359,0.0,-0.04042948384839029,-5.510976671113072,3.5916802113970294,6.230737541012287,0.02791462025215348,0.4961162822948677,6.195947969064544
33,184,1.0,130894.07613356275,-0.12834711078516595,11.653796585188584,-11.78214369597375,-11.78214369597375,0.0,0.14651404975685267,-5.548468085312254,3.594618281046236,6.233675610661495,0.027910590266423688,0.49606183410941723,6.1983713170778
33,185,1.0,113054.99336041756,0.01789849360136858,11.653528139818265,-11.635629646216897,-11.635629646216897,0.0,0.04746349366227953,-5.408529916637687,3.588042399963951,6.227099729579209,0.02782125178845287,0.49592465785144774,6.1906574328218005
33,186,1.0,107814.3615440854,0.06147673122011845,11.649642883774737,-11.588166152554617,-11.588166152554619,1.7763568394002505e-15,-0.021884724711139114,-5.3576410306194875,3.5914677923198712,6.2305251219351305,0.02781364291976356,0.4958331572990196,6.193237551409992
33,187,1.0,110199.8569125344,0.03052146006566476,11.64057233733142,-11.610050877265756,-11.610050877265756,0.0,0.06386065264476493,-5.371598101480055,3.599395446170442,6.238452775785701,0.027793171756261448,0.4957176525191774,6.200051190216983
33,188,1.0,103382.42179490619,0.09692725540514745,11.64311748002614,-11.546190224620991,-11.546190224620993,1.7763568394002505e-15,-0.11735936775040123,-5.315863821945574,3.591269073060159,6.230326402675417,0.027805462251232933,0.4956848789359696,6.191742139927446
33,189,1.0,116255.9601649423,-0.018144767469360543,11.64540482490203,-11.663549592371393,-11.66354959237139,1.7763568394002505e-15,0.06447534788782328,-5.435759578444147,3.5887326843119842,6.227790013927242,0.027832302119784703,0.4957766184812635,6.19000270348298
33,190,1.0,108996.84812225068,0.04776428832825455,11.646838532811824,-11.59907424448357,-11.59907424448357,0.0,-0.021758252679132895,-5.3762852642326004,3.5837316506357095,6.222788980250969,0.027877245706888164,0.49568126637118887,6.184213850903785
33,191,1.0,111394.41796243154,0.02076668872502868,11.641599185887731,-11.620832497162702,-11.620832497162702,0.0,-0.10352414125646803,-5.396530130412434,3.5852450371350106,6.22430236675027,0.027853411880467457,0.49559755936652644,6.184933000856018
33,192,1.0,123544.49312887815,-0.08633679355957029,11.6380198448596,-11.72435663841917,-11.724356638419172,1.7763568394002505e-15,0.0896113380191359,-5.495658626713879,3.589640682090032,6.2286980117052915,0.027824684301922094,0.49561277115798485,6.18937403628235
33,193,1.0,112955.05784525434,0.0004047956563773209,11.635150096056412,-11.634745300400034,-11.634745300400034,0.0,0.014174564663173683,-5.409132951863354,3.5865550189214206,6.22561234853668,0.027801710141444568,0.49546944178333563,6.185081153679907
33,194,1.0,111365.26301674136,0.00869827821570847,11.629269013952568,-11.62057073573686,-11.620570735736859,1.7763568394002505e-15,-0.06695340541299544,-5.393063135863089,3.5884502702585124,6.227507599873772,0.02785384042949331,0.49537840079837364,6.186104358825905
33,195,1.0,119076.82370484102,-0.062100461635766276,11.625423679514089,-11.687524141149856,-11.687524141149856,0.0,0.08008156036935254,-5.455567777251717,3.592899034282881,6.23195636389814,0.027842722380832505,0.49536249019902995,6.190316789747047
33,196,1.0,109912.79754378917,0.013016918318087106,11.620459499098592,-11.607442580780504,-11.607442580780505,1.7763568394002505e-15,-0.0001613647722447098,-5.372974345709864,3.59541090545538,6.234468235070638,0.02782224506415986,0.49520924154634965,6.191494219469783
33,197,1.0,109930.53502839556,0.007676409566240589,11.615280355118987,-11.607603945552748,-11.607603945552746,1.7763568394002505e-15,-0.024711923854223272,-5.3692727317623525,3.599273884175134,6.238331213790394,0.02773426977296212,0.49516195884618647,6.1949053469139175
33,198,1.0,112680.97439512257,-0.020158727656102892,11.612157141750869,-11.632315869406971,-11.632315869406971,0.0,-0.023857579169163756,-5.390993117192124,3.6022654225995887,6.241322752214848,0.02767977740053121,0.4950955461756322,6.197307265029283
33,199,1.0,115401.594322021,-0.04652888264118844,11.609644565934946,-11.656173448576135,-11.656173448576135,0.0,0.05142009556585414,-5.412440903316485,3.604675215644391,6.2437325452596495,0.027469150695990048,0.4950823525143231,6.199610445710285
33,200,1.0,109617.61408200883,0.006689861547972324,11.611443214558253,-11.604753353010281,-11.604753353010281,0.0,0.06409196464972666,-5.365299143907225,3.600396879487797,6.239454209103056,0.02756922605090285,0.4950030557036987,6.194712286327246
33,201,1.0,102812.41450308594,0.07570577149621528,11.616367159856772,-11.540661388360554,-11.540661388360556,1.7763568394002505e-15,0.12905351686663735,-5.312211148634108,3.589392910111189,6.228450239726447,0.027680186620654065,0.4948971019382669,6.182880903101876
33,202,1.0,90364.59952346521,0.1995033865514912,11.611111258045408,-11.411607871493917,-11.411607871493917,0.0,-0.030299227537421203,-5.182650877022911,3.589899664855745,6.2289569944710035,0.0277551419556876,0.4946971331438943,6.181593689259197
33,203,1.0,93144.47851124959,0.16177252508178688,11.603679624113125,-11.441907099031338,-11.441907099031338,0.0,0.10884275859256043,-5.20550616493094,3.5973436044851397,6.236400934100398,0.027532962086311598,0.4946792889995461,6.18877267804009
33,204,1.0,83538.62180082961,0.26260900755178473,11.595673347990562,-11.333064340438778,-11.333064340438778,0.0,0.14788973334031397,-5.091911395816887,3.6020956150066317,6.24115294462189,0.027681741805781188,0.49447239560314404,6.19146266308752
33,205,1.0,72054.25148401043,0.4057857065814306,11.590960313679894,-11.185174607098464,-11.185174607098462,1.7763568394002505e-15,0.12909946162836405,-4.949366636735773,3.596750640747433,6.235807970362692,0.02795668667277864,0.49426157541002697,6.1843272314456845
33,206,1.0,63327.51219058894,0.5257334301923205,11.58180857566242,-11.0560751454701,-11.0560751454701,0.0,-0.038169287380238615,-4.820253928956072,3.5967638868987684,6.235821216514027,0.028354316312482062,0.4939987832550632,6.181897476285681
33,207,1.0,65791.40152418587,0.4885751092983532,11.582819542148693,-11.094244432850338,-11.09424443285034,1.7763568394002505e-15,-0.027801817556564856,-4.860623509062951,3.5945635941721314,6.23362092378739,0.028224572579212393,0.49401245848206604,6.179958120184603
33,208,1.0,67646.18578458899,0.4556738635155699,11.577720113922476,-11.122046250406903,-11.122046250406907,3.552713678800501e-15,-0.05355414523440771,-4.88656128706225,3.5964276337293946,6.235484963344653,0.028254618166260254,0.49393733921253746,6.181138736519997
33,209,1.0,71367.68077505355,0.41385615548913834,11.58945655113045,-11.175600395641311,-11.175600395641311,0.0,0.04666222216462046,-4.952668302644658,3.583874763381394,6.222932092996652,0.028319014705969845,0.4939811076398414,6.169241709981002
33,210,1.0,68114.00833976948,0.45017523081974026,11.579113404296432,-11.12893817347669,-11.128938173476692,1.7763568394002505e-15,0.05307947609728636,-4.899852297312513,3.5900285465489183,6.229085876164176,0.028321739476076913,0.49384907458147376,6.1740992137113775
33,211,1.0,64592.8302894217,0.49473018169151184,11.570588879070916,-11.075858697379404,-11.075858697379404,0.0,-0.029364421392896745,-4.8409884707653825,3.595812896998761,6.23487022661402,0.02844123353563345,0.49369225549344686,6.178278617901663
33,212,1.0,66517.68417747323,0.46846164894599013,11.57368476771829,-11.105223118772301,-11.105223118772301,0.0,0.018727170889626166,-4.875466325976214,3.5906994631808273,6.2297567927960875,0.02835221117089593,0.4936729320608974,6.1731507983658345
33,213,1.0,65283.58777280111,0.4868411971139473,11.573337144996621,-11.086495947882675,-11.086495947882675,0.0,-0.06774627421398982,-4.862083729161983,3.585354889105433,6.224412218720693,0.028387586974172166,0.4935663299719516,6.1669737441819
33,214,1.0,69859.56014437067,0.422503219423386,11.576745441520051,-11.154242222096665,-11.154242222096666,1.7763568394002505e-15,-0.034186556334047324,-4.933231274625117,3.5819536178562896,6.221010947471548,0.028362099741562865,0.4935929147702375,6.16393139380584
33,215,1.0,72289.11029170017,0.3923588863111933,11.580787664741905,-11.188428778430712,-11.188428778430712,0.0,-0.008918468388237955,-4.9716892575572444,3.577682191258208,6.216739520873467,0.02832558748510033,0.4935766735993318,6.159584673563031
33,216,1.0,72936.70190692735,0.37959808102352055,11.576945327842472,-11.19734724681895,-11.197347246818952,1.7763568394002505e-15,-0.07927986590093994,-4.977044054030986,3.5812458631727053,6.220303192787964,0.02822419020929397,0.4935045267371184,6.162400104413228
33,217,1.0,78954.50762387596,0.2998245773595349,11.576451690079423,-11.27662711271989,-11.276627112719888,1.7763568394002505e-15,-0.13555857588798048,-5.0545806521431205,3.5829891309615114,6.222046460576769,0.02804439750275222,0.4935304344256298,6.164394376263212
33,218,1.0,90416.82882360397,0.16135064978895602,11.573536338396824,-11.41218568860787,-11.412185688607869,1.7763568394002505e-15,-0.012121406518939892,-5.189410260482562,3.5837180985100465,6.222775428125305,0.028010191397810004,0.4935932177112635,6.165710149407175
33,219,1.0,91519.47728621951,0.13992420465124875,11.56423129977806,-11.42430709512681,-11.42430709512681,0.0,-0.0329757910833699,-5.196168463899191,3.5890813016123606,6.22813863122762,0.0282512409014713,0.49345015133381676,6.169695538865311
33,220,1.0,94587.715206425,0.10069477160721627,11.557977657817393,-11.45728288621018,-11.457282886210177,3.552713678800501e-15,-0.016444339648536754,-5.228192373487077,3.590033183107843,6.229090512723103,0.028237783185828823,0.4933730274495797,6.169895780752336
33,221,1.0,96156.00714368394,0.08098674788224497,11.554713973740963,-11.473727225858717,-11.473727225858719,1.7763568394002505e-15,-0.0029825707592117112,-5.245481209962655,3.5891886862808033,6.228246015896063,0.028446669365428463,0.49325305176186796,6.167975759304021
33,222,1.0,96443.22735329323,0.07667931201927562,11.553389108637205,-11.476709796617929,-11.47670979661793,1.7763568394002505e-15,0.04984442657964827,-5.247616125004542,3.590036341998129,6.229093671613386,0.028285546691339827,0.4932216935915109,6.1685681704713025
33,223,1.0,91753.90901141375,0.1276397508590978,11.554505120897378,-11.42686537003828,-11.42686537003828,0.0,-0.03216439762162082,-5.202255962108215,3.5855520783148065,6.224609407930066,0.028202288639371867,0.4931422293811659,6.163472364484533
33,224,1.0,94753.09313725492,0.09631753680921656,11.555347304469118,-11.459029767659901,-11.459029767659901,0.0,-0.01395901671663502,-5.234597580540982,3.58537485750366,6.22443218711892,0.028182604590707046,0.49308532337281996,6.162801503746498
33,225,1.0,96085.02776953069,0.08983220358348644,11.562820987960023,-11.472988784376536,-11.472988784376536,0.0,-0.049123467833851464,-5.257847439012962,3.576084015748316,6.215141345363576,0.028107501232740893,0.4931087420159338,6.1538919429821295
33,226,1.0,100922.91152903612,0.04169894545723213,11.563811197667619,-11.522112252210388,-11.522112252210386,1.7763568394002505e-15,0.0754270438150364,-5.305173873198434,3.577881049396694,6.216938379011952,0.02817860219847138,0.49310281539561135,6.1555712912627545
33,227,1.0,93590.5979712609,0.11701412146674803,11.5636993298621,-11.446685208395351,-11.446685208395351,0.0,0.03740509989320273,-5.234780957077695,3.572846921702399,6.211904251317658,0.028204053494253076,0.4929824560675115,6.149581208121485
33,228,1.0,90154.49678249087,0.15022089743230627,11.559501005934457,-11.409280108502148,-11.409280108502152,3.552713678800501e-15,0.07907041196366826,-5.196194547471473,3.5740282314154177,6.2130855610306766,0.028146262383036247,0.4928781836123189,6.149831133966175
33,229,1.0,83300.48883778375,0.22380781239727993,11.554017508935761,-11.33020969653848,-11.330209696538482,1.7763568394002505e-15,0.009011612767100274,-5.117670269680933,3.573482097242288,6.212539426857546,0.028181390387210965,0.49269483434598466,6.147669303048384
33,230,1.0,82553.18933323602,0.22386871097112485,11.545066794742507,-11.32119808377138,-11.321198083771382,1.7763568394002505e-15,-0.03175398533028684,-5.107955412808034,3.5741853413480875,6.213242670963346,0.028244924376757706,0.492532319163526,6.146975840778238
33,231,1.0,85216.64598131453,0.188815363274295,11.54176743237596,-11.352952069101667,-11.352952069101665,1.7763568394002505e-15,0.031173690457560355,-5.1389988548839005,3.5748958846025083,6.213953214217767,0.028294200518573714,0.49245148699043606,6.14695328316881
33,232,1.0,82601.10842799106,0.21880335741288254,11.54058173605699,-11.321778378644106,-11.321778378644106,0.0,-0.074316974685944,-5.106598100174851,3.5761229488539974,6.215180278469257,0.028290205639780967,0.4923865218355132,6.147584380206317
33,233,1.0,88973.63361711553,0.14516338774208024,11.54125874107213,-11.39609535333005,-11.39609535333005,0.0,0.043825883275216526,-5.183144164813044,3.573893858901748,6.212951188517008,0.028405423142877115,0.49236108141703483,6.145164247452769
33,234,1.0,85158.4970284611,0.18608991899559496,11.538359389050427,-11.352269470054834,-11.352269470054832,1.7763568394002505e-15,-0.025956233970903853,-5.141389147109407,3.5718229933301693,6.210880322945427,0.028363569044480938,0.49224444852132226,6.142122718436966
33,235,1.0,87397.8274711986,0.1588800351550233,11.53710573918076,-11.378225704025738,-11.378225704025736,1.7763568394002505e-15,-0.04453581284277064,-5.169214849575405,3.5699535248350727,6.209010854450332,0.028385322998526825,0.49215995992350164,6.139541002974178
33,236,1.0,91378.13602703979,0.10937385666414426,11.532135373532654,-11.422761516868508,-11.42276151686851,1.7763568394002505e-15,-0.032386056185083945,-5.211504031400941,3.5722001558523084,6.211257485467567,0.028455705350307996,0.4920892279219956,6.141109166735283
33,237,1.0,94385.95629957833,0.07081295488046001,11.525960527934052,-11.455147573053592,-11.455147573053592,0.0,-0.06469657989237909,-5.243183958233549,3.5729062852047844,6.211963614820043,0.028453360076750586,0.49202107837687303,6.141162783798404
33,238,1.0,100694.26773905754,-0.00464370371105928,11.51520044923491,-11.519844152945971,-11.51984415294597,1.7763568394002505e-15,0.10828220451377746,-5.301879283455452,3.5789075398752606,6.21796486949052,0.02858492106638642,0.49189893610546137,6.145885649896344
33,239,1.0,90360.44979966857,0.09892733159794162,11.510489280030136,-11.411561948432194,-11.411561948432194,0.0,0.0753866588057317,-5.189813662505474,3.5826909563114633,6.221748285926722,0.028712285350617713,0.4916951661423789,6.1478433538044355
33,240,1.0,83798.9108715745,0.1677758647264449,11.503951154352908,-11.336175289626462,-11.336175289626464,1.7763568394002505e-15,0.07523422832257864,-5.113582175658965,3.583535784352238,6.2225931139674975,0.028678128197957033,0.49156055417886396,6.1474724895463355
33,241,1.0,77725.68603317445,0.2451826447267368,11.506123706030618,-11.260941061303884,-11.26094106130388,3.552713678800501e-15,-0.021153549776448344,-5.044341436344623,3.577542295344002,6.21659962495926,0.028736505646238825,0.4914227972627216,6.140465672550647
33,242,1.0,79387.37353336034,0.2171886159957563,11.499283227076091,-11.282094611080332,-11.282094611080336,3.552713678800501e-15,0.07239006282076943,-5.063910798371175,3.5791264830938982,6.2181838127091575,0.028705652002102334,0.491332341726281,6.141142810906078
33,243,1.0,73843.59455096515,0.28240004858382944,11.492104596843392,-11.209704548259563,-11.209704548259563,0.0,-0.01996204294862025,-4.988286299639387,3.5823609190049157,6.221418248620173,0.02868304423909705,0.49114917317029066,6.14268367165002
33,244,1.0,75332.4746604079,0.2695269757487346,11.499193566956919,-11.229666591208183,-11.229666591208185,1.7763568394002505e-15,0.09008910444754115,-5.0141073013501165,3.5765019602428074,6.215559289858065,0.028662129624479327,0.49117394575640333,6.137207181977061
33,245,1.0,68842.56340392253,0.35623197580031984,11.49580946256096,-11.139577486760642,-11.13957748676064,1.7763568394002505e-15,0.03425848642311635,-4.926304233233104,3.5742159239122797,6.213273253527539,0.028662831125979657,0.4909560126934626,6.133074879032485
33,246,1.0,66524.06230291468,0.39352271661344296,11.498841716950967,-11.105319000337525,-11.105319000337524,1.7763568394002505e-15,-0.05925695479254145,-4.895159750638571,3.5711019200836955,6.210159249698954,0.02873932911544578,0.49086844860834083,6.129253249941819
33,247,1.0,70585.21308315014,0.3286656797351514,11.493241634865216,-11.164575955130067,-11.164575955130065,1.7763568394002505e-15,-0.03577365321501702,-4.954808146711211,3.5707104788035973,6.209767808418856,0.028648645212061456,0.49076905124994735,6.12803931634772
33,248,1.0,73156.01331590147,0.29415641008475624,11.494506018429842,-11.200349608345084,-11.200349608345086,1.7763568394002505e-15,-0.0978496942728011,-4.993149654611593,3.568142624118231,6.2071999537334905,0.028567240190292362,0.4907012621283217,6.124969309597074
33,249,1.0,80676.23318308871,0.1990969413333479,11.497296243951231,-11.298199302617885,-11.298199302617883,1.7763568394002505e-15,0.07498442856167564,-5.095009298573418,3.564132674429206,6.2031900040444645,0.028539682867678814,0.4907415084804003,6.121361366285775
33,250,1.0,74848.01531931415,0.2635754077593712,11.486790281815583,-11.22321487405621,-11.223214874056213,3.552713678800501e-15,-0.005458994098349379,-5.013308803782006,3.570848740658944,6.209906070274203,0.028527396237737767,0.49059196250272946,6.126599031418985
33,251,1.0,75257.72748388725,0.2592993495136603,11.48797321766822,-11.228673868154559,-11.228673868154559,0.0,-0.0328446805110314,-5.021518084186985,3.5680984543523167,6.207155783967574,0.02852221439876004,0.4905431527424822,6.123462900173095
33,252,1.0,77770.58459746744,0.2174181670133405,11.47893671567893,-11.26151854866559,-11.26151854866559,0.0,0.025697447408097318,-5.052046312590167,3.570414906460164,6.209472236075421,0.02861304089467063,0.49042252645683687,6.124602343903752
33,253,1.0,75797.5387856873,0.24643164136933643,11.482252742626827,-11.235821101257493,-11.235821101257491,1.7763568394002505e-15,-0.043995438521934105,-5.02802516418892,3.5687386074533145,6.207795937068573,0.028504324887529124,0.4903881740206712,6.122747206354197
33,254,1.0,79206.72927443343,0.19831290539059113,11.478129445170017,-11.279816539779427,-11.279816539779427,0.0,0.025439667334884675,-5.071198133137267,3.569561077026902,6.20861840664216,0.02854834649376651,0.4903189539689344,6.122915529898301
33,255,1.0,77217.15083736766,0.22378545989280918,11.478162332337348,-11.254376872444542,-11.254376872444539,3.552713678800501e-15,0.002677395238823266,-5.049077535243291,3.566242007585992,6.205299337201252,0.02855624675475556,0.49022459335895646,6.118877410237699
33,256,1.0,77010.68652198339,0.21781304486652175,11.469512522072241,-11.251699477205719,-11.251699477205719,0.0,-0.03998299179170317,-5.0378957338220065,3.5747464137684544,6.213803743383714,0.0285713537309758,0.4900967599433864,6.126026956522077
33,257,1.0,80152.18900331354,0.17617077745779536,11.467853246455217,-11.291682468997422,-11.291682468997422,0.0,-0.018173180020056634,-5.078770655986305,3.573854483395858,6.212911813011116,0.028520551924095146,0.4900416594438225,6.124684487736943
33,258,1.0,81622.12541718094,0.1557643658285824,11.465620014846063,-11.309855649017479,-11.30985564901748,1.7763568394002505e-15,-0.11399768971695678,-5.097060610788306,3.573737708613915,6.212795038229174,0.028437350462952714,0.48998229322970194,6.12406226654019
33,259,1.0,91477.95915864425,0.041110120060106156,11.464963458794543,-11.423853338734435,-11.423853338734437,1.7763568394002505e-15,0.014757726085825595,-5.216185931910344,3.568610077208834,6.2076674068240925,0.028392988519331582,0.48997987697418144,6.118986712575419
33,260,1.0,90137.8651859341,0.054909541548316926,11.46400515419693,-11.40909561264861,-11.409095612648612,1.7763568394002505e-15,0.0290229254224883,-5.202291707298883,3.567746575734467,6.206803905349726,0.028326380619998617,0.4898671496218575,6.11711220609619
33,261,1.0,87559.398954264,0.07644191865680852,11.45651460588293,-11.380072687226122,-11.380072687226122,0.0,0.05261665141637373,-5.169046967711684,3.5719683898991796,6.211025719514437,0.028284889939681302,0.4897220943794811,6.1199067970378875
33,262,1.0,83071.42308241804,0.1323269651047614,11.459783000914506,-11.327456035809748,-11.327456035809744,3.552713678800501e-15,0.1425097137843796,-5.12243670637013,3.5659619998243595,6.205019329439618,0.028424636040933426,0.4895720450017908,6.112794934558472
33,263,1.0,72037.80445132098,0.2681134091277767,11.453059731153143,-11.184946322025368,-11.184946322025366,1.7763568394002505e-15,0.008286708856569902,-4.974001480493306,3.571887511916804,6.210944841532062,0.028587180965855597,0.4893100285173103,6.116219398421481
33,264,1.0,71443.31472275678,0.27569772835510326,11.452357341523898,-11.176659613168798,-11.176659613168795,3.552713678800501e-15,-0.07392743872293828,-4.968983204382723,3.568619079170815,6.207676408786073,0.02855042820620198,0.4892144667245859,6.112233278132019
33,265,1.0,76925.06551716535,0.1978655371582723,11.448452589050007,-11.250587051891737,-11.250587051891735,1.7763568394002505e-15,0.004842117038764471,-5.042982868905879,3.568546853370601,6.20760418298586,0.02839564423566313,0.4891538862300316,6.111634839119012
33,266,1.0,76553.48568923243,0.19989679317058723,11.445641728023563,-11.245744934852972,-11.245744934852976,3.552713678800501e-15,0.07540068172115433,-5.039373214059423,3.56731439117829,6.206371720793548,0.028435923810334326,0.4890414507666815,6.109483716840993
33,267,1.0,70993.54618803345,0.2747575557948527,11.44510180892667,-11.170344253131818,-11.170344253131818,0.0,-0.09213957544509022,-4.971796437960751,3.5594904855558065,6.198547815171065,0.028817731778677722,0.4887762614488194,6.099538535094216
33,268,1.0,77845.69122409797,0.16865933289256074,11.431143161469471,-11.262483828576908,-11.26248382857691,1.7763568394002505e-15,-0.09387218294216204,-5.0604840704223975,3.562942428539254,6.201999758154513,0.02876055525714494,0.4886748757753415,6.101917696013088
33,269,1.0,85507.21279302471,0.07153784697779267,11.427893858496862,-11.35635601151907,-11.35635601151907,0.0,-0.003513823112070824,-5.1556813110189506,3.5616173708848615,6.20067470050012,0.02869686616996551,0.4886279165891252,6.100153976660461
33,270,1.0,85808.19850918054,0.06275315889799958,11.422622993529139,-11.35986983463114,-11.359869834631139,1.7763568394002505e-15,-0.05996824968505088,-5.161524570413078,3.5592879346028057,6.198345264218063,0.02878241457236746,0.48849564123095696,6.096699151451591
33,271,1.0,91111.38830906825,0.006259666434184963,11.426097750750374,-11.419838084316192,-11.41983808431619,1.7763568394002505e-15,-0.09721074873544211,-5.22615782606841,3.5546229286325217,6.193680258247781,0.028799441401585205,0.48845965142292547,6.091799174235726
33,272,1.0,100413.18808599918,-0.09681622963533562,11.420232603416299,-11.517048833051634,-11.517048833051634,0.0,0.054356403197004965,-5.322553133595732,3.555438369840644,6.194495699455904,0.028885265765331174,0.4883834207999943,6.091710948435354
33,273,1.0,95100.77804682376,-0.03776650248505756,11.424925927369568,-11.462692429854629,-11.462692429854625,3.552713678800501e-15,-0.04457942273985438,-5.26838514710458,3.5552499531347865,6.194307282750047,0.02880656551675656,0.4883424323865551,6.091348781485
33,274,1.0,99436.23392151749,-0.0859193471081274,11.421352505486356,-11.507271852594483,-11.507271852594483,0.0,-0.0484951921149932,-5.313602940738142,3.5546115822410846,6.193668911856342,0.028857132075810074,0.48820648305020303,6.089490256937681
33,275,1.0,104377.25270362527,-0.1457137460222633,11.410053298687215,-11.555767044709476,-11.555767044709478,1.7763568394002505e-15,0.034840893945423446,-5.3588776363400745,3.557832078754141,6.196889408369398,0.02880135742819702,0.48806627172157996,6.091289349342583
33,276,1.0,100803.27768066904,-0.11954636394019344,11.401379786823862,-11.520926150764053,-11.520926150764055,1.7763568394002505e-15,-0.015678048666833533,-5.319844767445811,3.562024053702984,6.201081383318244,0.028644422473246948,0.4879420168722816,6.094391041033239
33,277,1.0,102396.13015628359,-0.14384435437239124,11.392759845058496,-11.536604199430887,-11.536604199430887,0.0,-0.004171451487934519,-5.33016096124599,3.5673859085696376,6.206443238184896,0.02859644773628528,0.48778553606623165,6.098267967760566
33,278,1.0,102824.16278377015,-0.15116872623202315,11.389606924686797,-11.540775650918821,-11.540775650918821,0.0,-0.03730540090409029,-5.330215177910512,3.5715031433930506,6.210560473008309,0.028644804773798323,0.48768814268496335,6.101424312246593
33,279,1.0,106732.50732152807,-0.19560851763732987,11.382472534185583,-11.578081051822911,-11.578081051822913,1.7763568394002505e-15,0.12187535794119952,-5.3650806534912325,3.5739430687164195,6.213000398331679,0.02871847630315064,0.4876363793900259,6.10320457154947
33,280,1.0,94485.8809026496,-0.07018733203032622,11.386018361851386,-11.456205693881712,-11.456205693881712,0.0,-0.04424331370315571,-5.248588677603543,3.5685596866629097,6.207617016278169,0.028785884722223497,0.4874348533719601,6.096415522225539
33,281,1.0,98760.10509311521,-0.11907115568160677,11.381377851903263,-11.500449007584868,-11.50044900758487,1.7763568394002505e-15,-0.054616567067718336,-5.291265214754204,3.5701264632154053,6.209183792830663,0.02896063729938605,0.4873384010218463,6.096999533079603
33,282,1.0,104304.06086017778,-0.19290856498676942,11.362157009665818,-11.555065574652586,-11.555065574652588,1.7763568394002505e-15,-0.02087968477318647,-5.3349075013876455,3.581100743649681,6.22015807326494,0.029126529356508602,0.487165081439492,6.1058225152645536
33,283,1.0,106504.79210663789,-0.2217011110598031,11.354244148365972,-11.575945259425772,-11.575945259425774,1.7763568394002505e-15,0.06409522976963444,-5.3555820874133735,3.5813058423971396,6.220363172012398,0.02915001329658973,0.48704675399896413,6.104875360200862
33,284,1.0,99892.51427592224,-0.14718524661791887,11.364664783038219,-11.511850029656138,-11.511850029656138,0.0,0.08919154999572498,-5.299530153013437,3.573262547027441,6.212319876642701,0.029090989708958567,0.4869466926555455,6.096365022408658
33,285,1.0,91368.72116407155,-0.05230720387393097,11.370351275786483,-11.422658479660413,-11.422658479660415,1.7763568394002505e-15,-0.0010531572590917193,-5.213257198746798,3.570343951298355,6.209401280913615,0.029103753730846185,0.48678029151597924,6.092236367531265
33,286,1.0,91464.9974841735,-0.054473758376990165,11.369237878542513,-11.423711636919505,-11.423711636919503,1.7763568394002505e-15,0.011988767320836757,-5.214534177688082,3.570120129616165,6.209177459231425,0.02921547082802073,0.4866682515416193,6.090982288735306
33,287,1.0,90374.99187868618,-0.04148397415731706,11.370238895441352,-11.411722869598668,-11.41172286959867,1.7763568394002505e-15,-0.03069441417920693,-5.208947095817996,3.5637184441654135,6.202775773780673,0.029035866634537555,0.48654942131762874,6.083827363616799
33,288,1.0,93192.01152768916,-0.07365172871872885,11.368765555059145,-11.442417283777875,-11.442417283777875,0.0,0.04427316938757819,-5.24723423788673,3.5561257162758872,6.195183045891147,0.02908009015289257,0.4864638787342461,6.075656154894654
33,289,1.0,89156.10619058428,-0.030617272037494606,11.367526842352806,-11.398144114390297,-11.3981441143903,3.552713678800501e-15,0.10400286344061449,-5.197395376026914,3.5616914087481253,6.200748738363385,0.028918159117371254,0.4863295824387995,6.0800433073951075
33,290,1.0,80349.50824215116,0.0728448402081719,11.366986091157855,-11.294141250949682,-11.294141250949684,1.7763568394002505e-15,-0.09371338329917833,-5.099330299840697,3.5557536214937264,6.194810951108986,0.02900910365742904,0.48609864220230764,6.072398500712401
33,291,1.0,88243.43969060674,-0.028005693519400528,11.359848940729462,-11.38785463424886,-11.387854634248862,1.7763568394002505e-15,-0.06990501032920982,-5.193158121075082,3.5556391835585193,6.194696513173779,0.028897294899622058,0.48600360513939445,6.071309167349594
33,292,1.0,94632.8214426827,-0.11345536016290139,11.344304284415166,-11.45775964457807,-11.457759644578069,1.7763568394002505e-15,0.11002534912345929,-5.262020142327249,3.5566821726355604,6.195739502250818,0.028961712256234437,0.4858237842086929,6.0704446353257655
33,293,1.0,84773.16281516926,0.010513266406029082,11.35824756186064,-11.347734295454611,-11.347734295454611,0.0,-0.02816694901482819,-5.157226181087351,3.5514507847520025,6.190508114367261,0.02905590261260963,0.4857323190649996,6.06494424259533
33,294,1.0,87194.91068323201,-0.021452732354211527,11.354448512115228,-11.37590124446944,-11.37590124446944,0.0,-0.04636327481744651,-5.189595282808319,3.547248632045861,6.18630596166112,0.029092728006371117,0.48555681022025465,6.059275699574591
33,295,1.0,91332.73259805294,-0.07769148104472229,11.344573038242165,-11.422264519286886,-11.422264519286887,1.7763568394002505e-15,0.08432145237690492,-5.240003879168067,3.543203310503558,6.182260640118817,0.02924950577514198,0.4853828738842254,6.053636858215926
33,296,1.0,83947.17969711557,0.006310389971070595,11.34425345688105,-11.33794306690998,-11.337943066909979,1.7763568394002505e-15,-0.028169808675821528,-5.156244731921874,3.5426410053728468,6.181698334988106,0.029280663048854093,0.48514931263663874,6.051269653769773
33,297,1.0,86345.57830336201,-0.021324850057071597,11.34478802552873,-11.366112875585802,-11.366112875585802,0.0,0.007559768282721535,-5.184948725894311,3.5421068200762336,6.181164149691492,0.02931824462039794,0.48507725807142865,6.050130432182648
33,298,1.0,85695.28686247086,-0.013894331678539196,11.344658775624541,-11.35855310730308,-11.35855310730308,0.0,-0.012369201046679379,-5.179444749825442,3.5400510278623787,6.179108357477639,0.029328265256839018,0.4849450890337244,6.047045926829649
33,299,1.0,86761.8517739219,-0.039916713126519274,11.331005595223239,-11.37092230834976,-11.370922308349758,1.7763568394002505e-15,0.08455623284019609,-5.189093531694108,3.5427714470403915,6.18182877665565,0.029388309928797308,0.48476643347498477,6.0480412871738425
33,300,1.0,79727.19913533583,0.049169261049840984,11.335535336559404,-11.286366075509564,-11.286366075509564,0.0,-0.03462981539085952,-5.108183195994463,3.5391255498998433,6.178182879515101,0.029455508122196675,0.4846265170554141,6.043470404834605
33,301,1.0,82536.4993542323,0.012522223418290328,11.333518114318712,-11.320995890900424,-11.320995890900422,1.7763568394002505e-15,0.05693907469008508,-5.146525749074368,3.5354128122107964,6.174470141826055,0.029378494721119454,0.48452841331611185,6.039031579009847
33,302,1.0,77968.23789063678,0.0638713057751015,11.327928121985437,-11.264056816210338,-11.264056816210335,3.552713678800501e-15,-0.10484499957489746,-5.0882472631803966,3.536752223414683,6.175809553029941,0.029447178475787393,0.48434393096068845,6.038796536119227
33,303,1.0,86586.72707618045,-0.054327710921444824,11.31457410486379,-11.368901815785236,-11.368901815785234,1.7763568394002505e-15,0.002861533495840618,-5.19135554475195,3.5384889414180267,6.177546271033286,0.02936651336877558,0.4842053177898682,6.039082353705518
33,304,1.0,86339.3104207086,-0.06737500092889065,11.298665281360504,-11.366040282289395,-11.366040282289395,0.0,0.03355622841852757,-5.183719541013251,3.5432634116608837,6.1823207412761425,0.029374640911404026,0.4839793709872486,6.041525430975598
33,305,1.0,83490.15952306117,-0.030580059261569332,11.301903994609301,-11.332484053870868,-11.33248405387087,1.7763568394002505e-15,0.0032510375792380586,-5.154446677368798,3.5389800468868122,6.17803737650207,0.029407620155515884,0.4838843059495063,6.036681432840543
33,306,1.0,83219.1706131989,-0.024443807626239232,11.304789208665394,-11.32923301629163,-11.329233016291633,3.552713678800501e-15,0.03931232008326546,-5.157507932929105,3.532667753747268,6.171725083362526,0.02948983277211147,0.4837477641808985,6.029486314695066
33,307,1.0,80011.10337464714,0.022254610285351625,11.312175306493717,-11.289920696208364,-11.289920696208366,1.7763568394002505e-15,-0.03383278327685879,-5.1193573663704495,3.5315060002226537,6.170563329837913,0.02947735183202171,0.4836364878893803,6.027546685092114
33,308,1.0,82764.4151672749,-0.029456810473451785,11.294296669011771,-11.323753479485223,-11.323753479485223,0.0,-0.019372759291844233,-5.147431895259323,3.5372642546106414,6.176321584225902,0.029544428928824706,0.48337811292412153,6.030651988266048
33,309,1.0,84383.42193985613,-0.05000828567995468,11.293117953097113,-11.343126238777067,-11.343126238777067,0.0,-0.0881043983499854,-5.165925885633185,3.5381430235286238,6.177200353143882,0.029514822962455996,0.4832862749912311,6.030816953396803
33,310,1.0,92155.31481504191,-0.1496008622136259,11.281629774913425,-11.431230637127053,-11.431230637127051,1.7763568394002505e-15,0.02111266098497211,-5.2546012011537355,3.537572106358059,6.176629435973318,0.029634690719270704,0.48311159196141235,6.028496015948149
33,311,1.0,90230.06597200749,-0.1349977132895114,11.275120262852571,-11.41011797614208,-11.410117976142082,1.7763568394002505e-15,0.15109102033973443,-5.233211271135396,3.5378493753914255,6.176906705006684,0.02976304693561135,0.4828703834228668,6.02656562640365
33,312,1.0,77577.05316480319,0.02577168497183048,11.284798640774174,-11.259026955802346,-11.259026955802343,3.552713678800501e-15,-0.016755241166919177,-5.082050251662745,3.5379193745243427,6.176976704139602,0.029817945062191757,0.48265381159895365,6.025131017918524
33,313,1.0,78887.8258909918,0.0052116240942422926,11.280993821063507,-11.275782196969265,-11.275782196969265,0.0,0.042141331129103676,-5.099465089622824,3.53725977773118,6.176317107346439,0.029807246470163706,0.4825156719555771,6.023324048534756
33,314,1.0,75632.46232524293,0.047039422962121574,11.280680288802284,-11.233640865840162,-11.233640865840162,0.0,-0.028027406870540617,-5.06059212753115,3.5339914086937543,6.173048738309013,0.029824313697660594,0.48230961339020106,6.018455060763338
33,315,1.0,77782.22959573058,0.014568824982132966,11.276237097692839,-11.261668272710702,-11.261668272710706,3.552713678800501e-15,0.04851748208664475,-5.088949201950266,3.5336617411451803,6.172719070760438,0.029862690135788815,0.4821336739528641,6.016556136629274
33,316,1.0,74098.51648393553,0.06523461869731122,11.278385409321368,-11.213150790624058,-11.213150790624058,0.0,0.06070167074984312,-5.045652841715772,3.528440619293027,6.167497948908285,0.029769597148780524,0.48200659924991685,6.010592249148239
33,317,1.0,69734.40705149373,0.12448877315402528,11.27693789302824,-11.152449119874214,-11.152449119874214,0.0,-0.014245583881223212,-4.985726591439667,3.527665198819288,6.166722528434547,0.029752647355824408,0.4818701769105197,6.00877093385465
33,318,1.0,70734.9239501829,0.10327762332178274,11.26997232707722,-11.166694703755438,-11.166694703755438,0.0,-0.05021871920398624,-4.997572297115185,3.530065077024993,6.169122406640251,0.029791097282635036,0.4816474356336478,6.009093695031082
33,319,1.0,74377.84713778629,0.04291781833038072,11.259831241289804,-11.216913422959424,-11.216913422959424,0.0,-0.010872831024395069,-5.0490774927686735,3.52877860057549,6.1678359301907495,0.029760156532235408,0.4814536332370658,6.0060984489222875
33,320,1.0,75190.9572959812,0.020185507620761246,11.247971761604582,-11.227786253983819,-11.22778625398382,1.7763568394002505e-15,-0.008317924972024215,-5.061563739102816,3.5271651852657437,6.166222514881002,0.029863914255550725,0.4811683368521282,6.001958403928166
33,321,1.0,75818.99841573543,0.006098768384384279,11.242202947340227,-11.236104178955843,-11.236104178955841,1.7763568394002505e-15,-0.054777901765588055,-5.069506311501798,3.527540537838785,6.166597867454044,0.029876690000708406,0.48098674272588987,6.000848495459161
33,322,1.0,80088.06179769551,-0.06969602435312505,11.221186056368303,-11.290882080721431,-11.290882080721428,3.552713678800501e-15,0.054035856815586314,-5.120042115055731,3.531782636050442,6.1708399656657,0.030091697679376042,0.48064958458019763,6.001582564631362
33,323,1.0,75875.2803999226,0.00029866948239631874,11.237144893388244,-11.236846223905845,-11.236846223905848,3.552713678800501e-15,0.053117182308247024,-5.071300121722092,3.5264887725684946,6.165546102183754,0.029876696590189586,0.48069285781671633,5.997282224893709
33,324,1.0,71950.16759204114,0.04444261035457302,11.22817165195217,-11.183729041597598,-11.183729041597598,0.0,0.028119035479859278,-5.01511757756422,3.5295541344181194,6.168611464033378,0.029889615150831605,0.48044074088546207,5.998117559406693
33,325,1.0,69955.1783120491,0.06200485363500059,11.21761485975274,-11.155610006117739,-11.155610006117739,0.0,0.03228794137667279,-4.98754176020642,3.5290109162960603,6.168068245911319,0.030033550904330113,0.4801601569357984,5.9950681826867
33,326,1.0,67732.54483540791,0.09569606033169725,11.219018125072765,-11.123322064741066,-11.123322064741068,1.7763568394002505e-15,-0.09865455910708043,-4.960187257766641,3.5240774773591643,6.163134806974424,0.03020877030850519,0.4799832355200814,5.9887988641603895
33,327,1.0,74755.39210596311,-0.008184690792832114,11.213791933055312,-11.221976623848146,-11.221976623848144,1.7763568394002505e-15,-0.02068493465485055,-5.060849071266355,3.5220702229665326,6.1611275525817915,0.030104384517303483,0.4799412657422537,5.986266343981676
33,328,1.0,76317.80601324089,-0.036718062497168566,11.20594349600583,-11.242661558502997,-11.242661558502999,1.7763568394002505e-15,0.12204423545014365,-5.080878145272067,3.522726083615671,6.161783413230929,0.03009693792710153,0.4797594102933581,5.985213409531134
33,329,1.0,67549.59332756163,0.09618823092170069,11.216805553974556,-11.120617323052853,-11.120617323052855,1.7763568394002505e-15,0.09978837750119496,-4.955036256118656,3.5265237373189366,6.165581066934195,0.030145042883104718,0.4796278543819064,5.988077952547655
33,330,1.0,61134.33564793662,0.20415420950945445,11.224983155061112,-11.020828945551658,-11.020828945551658,0.0,-0.08197782676454501,-4.852642659562478,3.529128956373923,6.168186285989182,0.030216282380147765,0.4795467944228186,5.989979305195145
33,331,1.0,66357.14844013362,0.11794190275528452,11.220748675071487,-11.102806772316203,-11.102806772316203,0.0,-0.10021553852633858,-4.935960794864799,3.5277886478361467,6.166845977451406,0.030092198410592717,0.4794562433305117,5.987982121274736
33,332,1.0,73351.79909742158,0.011012826799175146,11.214035137641716,-11.203022310842542,-11.20302231084254,1.7763568394002505e-15,0.07288624579424763,-5.039579059671084,3.524385921556199,6.163443251171459,0.02994383080037584,0.4793855637869668,5.98414126217402
33,333,1.0,68195.65042568851,0.07674205945890744,11.2068781245072,-11.130136065048294,-11.130136065048294,0.0,0.06253247266145934,-4.9644267001272935,3.526652035305742,6.1657093649210015,0.0300244117567211,0.4791218395767167,5.9840524313187675
33,334,1.0,64061.80454588556,0.14117231809053776,11.208775910477373,-11.067603592386835,-11.067603592386835,0.0,-0.02796520815896919,-4.898418294972027,3.53012796779955,6.169185297414809,0.030182038324693385,0.47894923908726084,5.985970600838856
33,335,1.0,65878.59125389074,0.11526414106221222,11.210832941608016,-11.095568800545804,-11.095568800545804,0.0,0.006843440681979729,-4.931325635485568,3.5251858354449768,6.1642431650602365,0.03018274962886489,0.47886534797763985,5.980469213293176
33,336,1.0,65429.29414496999,0.11880116238580654,11.207526522249633,-11.088725359863824,-11.088725359863826,1.7763568394002505e-15,-0.020986717762150775,-4.928827282885641,3.520840747362924,6.159898076978183,0.030266861838082405,0.4786309077444562,5.9742597794667756
33,337,1.0,66816.95051939858,0.08055525234007921,11.190267329966055,-11.109712077625975,-11.109712077625975,0.0,0.04850909308070328,-4.950488485801762,3.5201662622089533,6.159223591824213,0.030295683226522836,0.4783818290997031,5.971249050825514
33,338,1.0,63653.07949711937,0.1337952592496334,11.194998243794902,-11.061202984545272,-11.06120298454527,1.7763568394002505e-15,-0.13294353452913477,-4.902580947401622,3.5195647075283896,6.158622037143648,0.0303409055226201,0.47821573622979785,5.969349874587418
33,339,1.0,72703.6245890405,-0.012557918236049147,11.181588600838356,-11.194146519074406,-11.194146519074406,0.0,0.03139412384580886,-5.035399633890039,3.519689555569111,6.158746885184369,0.030084076776663,0.47812662422105634,5.968381966560041
33,340,1.0,70456.61400862958,0.019565514582756065,11.182317909811353,-11.162752395228598,-11.162752395228596,1.7763568394002505e-15,-0.09479752329909097,-5.002516265370909,3.52117880024243,6.160236129857688,0.030052131821134597,0.47795429231905073,5.968384442787591
33,341,1.0,77462.55354653907,-0.08712927592173224,11.170420642605954,-11.257549918527689,-11.257549918527687,1.7763568394002505e-15,-0.06574601482851605,-5.092350022438013,3.5261425664744164,6.165199896089675,0.029833706907106277,0.4778280980553303,5.9718324198684005
33,342,1.0,82726.55529147483,-0.15977683367654164,11.163519099679664,-11.323295933356205,-11.323295933356206,1.7763568394002505e-15,0.07011536550171904,-5.155046043477436,3.529192560263509,6.1682498898787665,0.029725177243799625,0.4777494602740079,5.974118628257801
33,343,1.0,77124.83083781965,-0.08843901962948625,11.164741548224999,-11.253180567854486,-11.253180567854486,0.0,-0.07232993830147372,-5.093626756688532,3.520496481550695,6.159553811165955,0.030002122991514245,0.4774435218064449,5.963207094874614
33,344,1.0,82909.96227974721,-0.19318095103932337,11.132329555116637,-11.32551050615596,-11.325510506155961,1.7763568394002505e-15,-0.025346857687351232,-5.159943765317679,3.5265094112230218,6.165566740838281,0.030086986443621115,0.47709017257750225,5.965339634281809
33,345,1.0,85038.32905078545,-0.20585877697059676,11.144998586872713,-11.35085736384331,-11.35085736384331,0.0,0.08604341528243964,-5.192548107229596,3.519251926998455,6.158309256613713,0.03028722514892398,0.4770074093828045,5.958004206426239
33,346,1.0,78027.29251912166,-0.11220844961119186,11.15260549894968,-11.264813948560871,-11.264813948560871,0.0,0.0015791617928471169,-5.1060317075827095,3.5197249113629043,6.158782240978163,0.030366253053096676,0.47686351347340067,5.957584780625092
33,347,1.0,77904.17203914103,-0.10719849345571478,11.15603629331231,-11.263234786768024,-11.263234786768024,0.0,-0.02884611995769326,-5.111765068066952,3.5124123890858128,6.151469718701072,0.030425802928617053,0.4766448467576258,5.948779100604951
33,348,1.0,80184.13102244817,-0.15023427939714726,11.141846627328569,-11.292080906725717,-11.292080906725715,1.7763568394002505e-15,-0.04383248491354941,-5.136528324984281,3.5164952521261794,6.155552581741437,0.03030434757565893,0.4763648459427889,5.950050909898674
33,349,1.0,83776.96697914411,-0.21144035908248923,11.124473032556775,-11.335913391639266,-11.335913391639265,1.7763568394002505e-15,0.1891805863938245,-5.175881169101798,3.5209748929222093,6.160032222537468,0.030418729902527173,0.4760808269829555,5.951515951517368
33,350,1.0,69336.92040207477,-0.0010342983573488843,11.145698506888092,-11.146732805245442,-11.14673280524544,1.7763568394002505e-15,0.06548118616084153,-4.981127819397978,3.5265476562322045,6.165604985847463,0.030392133923956177,0.47604527031265914,5.957153973405005
33,351,1.0,64942.11535285091,0.07257891183534453,11.153830530919945,-11.0812516190846,-11.0812516190846,0.0,0.0355532720987668,-4.919151866990406,3.523042422478935,6.162099752094194,0.030536868976117234,0.47587952199422023,5.95258007944893
33,352,1.0,62673.77308366069,0.11456877989724504,11.160267126883078,-11.045698346985834,-11.045698346985832,1.7763568394002505e-15,-0.12394361316921909,-4.887222519371886,3.5194184979986898,6.158475827613948,0.030664565122682046,0.4757624431963603,5.948103351069868
33,353,1.0,70943.70542260828,-0.015962307852870634,11.153679652302184,-11.169641960155053,-11.169641960155055,1.7763568394002505e-15,0.024699246234941796,-5.022507773709464,3.5080768568303298,6.147134186445588,0.03071749320726872,0.47560335753120814,5.935735832649742
33,354,1.0,69212.91200862717,0.004966644632604836,11.149909358552714,-11.144942713920111,-11.14494271392011,1.7763568394002505e-15,0.08915039618268494,-5.000851620004162,3.505033764300689,6.144091093915948,0.03072392277463236,0.47541002183834097,5.931221244556096
33,355,1.0,63309.60394649354,0.09044962699665468,11.14624194473408,-11.055792317737426,-11.055792317737424,1.7763568394002505e-15,-0.050692835722024654,-4.907855364696999,3.5088796234251665,6.147936953040427,0.030894341646828475,0.4751511447647054,5.932682646358914
33,356,1.0,66601.68479691265,0.026855328679838954,11.133340482139289,-11.10648515345945,-11.10648515345945,0.0,-0.035732457445046606,-4.954195501307843,3.5132323225363495,6.152289652151609,0.03086962779479382,0.47495012318286944,5.934956481149193
33,357,1.0,69024.55645410156,-0.016664221822068698,11.12555338908243,-11.142217610904497,-11.142217610904499,1.7763568394002505e-15,0.05503674869255626,-4.996121703802117,3.507038577487122,6.146095907102381,0.030922260140561326,0.4746748416373941,5.9266050399896875
33,358,1.0,65328.31675354392,0.038406653984579,11.125587516196521,-11.087180862211941,-11.087180862211943,1.7763568394002505e-15,-0.16213095996806715,-4.931158396139174,3.5169651364575074,6.156022466072765,0.0312665676799037,0.47452724425851495,5.934694527727301
33,359,1.0,76827.0309096487,-0.15803696111477655,11.09127486106523,-11.249311822180008,-11.249311822180006,1.7763568394002505e-15,0.0064887859613325105,-5.088943313924612,3.521311178640136,6.160368508255394,0.031248668942293906,0.4743363386283248,5.936369033051667
33,360,1.0,76330.13063327054,-0.14301247440659526,11.099810561812081,-11.242823036218676,-11.242823036218676,0.0,0.024927390313990827,-5.089580462017337,3.51418524458608,6.153242574201339,0.031204054332690835,0.4742388911701742,5.929075510545556
33,361,1.0,74450.93865607095,-0.11569132782941359,11.10220431807527,-11.217895645904685,-11.217895645904683,1.7763568394002505e-15,0.0528431850859139,-5.064729058131342,3.5141092581580824,6.153166587773342,0.031240866365838005,0.4740410391399393,5.927481402259799
33,362,1.0,70618.8553534527,-0.06164885257722175,11.10340360824155,-11.165052460818771,-11.165052460818771,0.0,-0.031206028872986735,-5.012680533797453,3.513314597406059,6.152371927021316,0.03138366471954203,0.47378245771447336,5.924556346763926
33,363,1.0,72857.33476650229,-0.09470385004950818,11.101554639642249,-11.196258489691758,-11.196258489691758,0.0,-0.018930169935977403,-5.050400751578354,3.5068004084981443,6.145857738113404,0.031145815688563654,0.4736338242214654,5.917082584333694
33,364,1.0,74249.67352070486,-0.11300381648340856,11.102184843144327,-11.215188659627735,-11.215188659627735,0.0,-0.1073266568588167,-5.0749772765286085,3.5011540534838668,6.140211383099128,0.030926239376126593,0.47353844750040497,5.910875491682927
33,365,1.0,82662.00274552724,-0.2386448478700934,11.083870468616459,-11.322515316486552,-11.322515316486552,0.0,0.13939441317124945,-5.1854919631992065,3.4979660236720855,6.137023353287345,0.03105972954881024,0.4731888028375217,5.904432234291987
33,366,1.0,71906.42524275757,-0.0797522367632845,11.103368666552017,-11.183120903315302,-11.1831209033153,1.7763568394002505e-15,0.12493875641722418,-5.047907654772573,3.4961559189274714,6.135213248542731,0.03105539767876514,0.4730058559201716,5.901718196777743
33,367,1.0,63461.08401780458,0.055561409886380475,11.113743556784458,-11.058182146898078,-11.058182146898078,0.0,0.028462413308027124,-4.923549995835231,3.495574821447589,6.134632151062847,0.03123176556215874,0.4727804870673843,5.899440856249251
33,368,1.0,61680.29146045179,0.08753920607261391,11.117258939662669,-11.029719733590051,-11.029719733590055,3.552713678800501e-15,-0.06877727934329414,-4.898420988768536,3.492241415206256,6.131298744821514,0.03132080349309893,0.47258308946769634,5.8945724139623525
33,369,1.0,66071.78047236492,0.0010654357449499628,11.099562448678295,-11.098497012933345,-11.098497012933345,0.0,0.019764410264265564,-4.9663832843351585,3.493056398982927,6.132113728598187,0.03127715114857354,0.4723579458876577,5.893354829067584
33,370,1.0,64778.73096858692,0.007866306608120523,11.086598909277198,-11.07873260266908,-11.078732602669078,1.7763568394002505e-15,0.02310542614299571,-4.94578156952892,3.493893703524899,6.1329510331401575,0.03128855804914361,0.47209157794003737,5.891751617677664
33,371,1.0,63299.14978503845,0.036129125657120134,11.091756302183203,-11.055627176526084,-11.055627176526082,1.7763568394002505e-15,-0.11672195029825971,-4.92690491625323,3.4896649306575944,6.128722260272854,0.03135927631519014,0.4719456774421392,5.886639099815629
33,372,1.0,71136.02205646154,-0.09720265616903201,11.075146470655312,-11.172349126824344,-11.172349126824344,0.0,-0.03849052353962357,-5.04561077196889,3.4876810252401964,6.126738354855456,0.03118153863882877,0.4717105867865628,5.882468301515365
33,373,1.0,73927.46216068187,-0.13263773608017912,11.078201914283788,-11.210839650363967,-11.210839650363967,0.0,0.05409662883733901,-5.085764815012217,3.4860175057364926,6.125074835351753,0.03113586462939566,0.47160085089848464,5.87996294491064
33,374,1.0,70034.48352553895,-0.08532822642532473,11.071414795101303,-11.156743021526628,-11.156743021526628,0.0,0.06928089952542749,-5.033663719001914,3.4840219729094573,6.123079302524716,0.03131958800061106,0.4713032311206388,5.875497567834764
33,375,1.0,65346.69356635478,-0.012925345886246609,11.074536776114954,-11.0874621220012,-11.0874621220012,0.0,0.026064181218202975,-4.9658290086499886,3.482575783735954,6.121633113351213,0.031430206355594056,0.47105833305432493,5.872065872884547
33,376,1.0,63665.490271757524,0.010523260690181363,11.07192120147318,-11.061397940782998,-11.061397940782998,0.0,0.04826674590308322,-4.935107967165541,3.4872326440022006,6.1262899736174585,0.03146350137881614,0.47092095800947503,5.875293970260306
33,377,1.0,60665.545404700184,0.06546886034377536,11.07860005522369,-11.013131194879914,-11.013131194879914,0.0,0.03392332843852763,-4.89056442123124,3.4835094440334187,6.122566773648677,0.031653482077268064,0.4706618193198112,5.8695702365386095
33,378,1.0,58642.08350922643,0.09784599639519204,11.077053862836577,-10.979207866441387,-10.979207866441385,1.7763568394002505e-15,-0.010060396305085817,-4.851820892997255,3.4883296438288722,6.127386973444131,0.0318601452301538,0.47040112440488896,5.871646700956997
33,379,1.0,59235.023715187934,0.08971632774589995,11.078984590492373,-10.989268262746473,-10.989268262746473,0.0,-0.047313641895978975,-4.867135056057906,3.483075877073305,6.122133206688565,0.031703050945691945,0.4703111191446199,5.8659780591604544
33,380,1.0,62105.007742268004,0.02701852961033105,11.063600434252784,-11.036581904642452,-11.036581904642453,1.7763568394002505e-15,0.16598572077903917,-4.9183176455340165,3.479206929493177,6.118264259108436,0.03165448751450035,0.470031791657192,5.860069473850345
33,381,1.0,52606.5641077814,0.2185281730909914,11.089124356954406,-10.870596183863412,-10.870596183863414,1.7763568394002505e-15,0.03594862386114528,-4.745832017665654,3.4857068365825006,6.124764166197759,0.03203534573434491,0.47002106887987877,5.865727398244524
33,382,1.0,50749.018661723356,0.25954406032002286,11.094191620322288,-10.834647560002267,-10.834647560002265,1.7763568394002505e-15,-0.133044324396133,-4.708429793941518,3.4871604364454902,6.1262177660607495,0.03210068083227208,0.46986549880653344,5.865469391857435
33,383,1.0,57970.63593813421,0.1214619874122077,11.089153871810607,-10.9676918843984,-10.9676918843984,0.0,0.08309059087272708,-4.847538518244848,3.4810960365382932,6.120153366153552,0.031836551622409344,0.4698076196114661,5.859236494342388
33,384,1.0,53348.50818391261,0.20929604831074444,11.093897341836417,-10.884601293525673,-10.884601293525673,0.0,0.011244558484127865,-4.762601853481336,3.482942110429078,6.121999440044337,0.03208560123869212,0.46951449573065657,5.85842970760253
33,385,1.0,52751.987852800106,0.21890463970821497,11.09226137474976,-10.873356735041545,-10.873356735041545,0.0,-0.06547346061723758,-4.748229836094116,3.486069569332173,6.125126898947431,0.032084721219948605,0.46929750342010934,5.859125206168896
33,386,1.0,56321.41955373839,0.13915353999409016,11.077983735652872,-10.938830195658783,-10.938830195658781,1.7763568394002505e-15,-0.03735131957140503,-4.819108301126593,3.4806645649169288,6.119721894532188,0.03190253508508608,0.4689813487102385,5.852065689624525
33,387,1.0,58464.88024367719,0.09651168478216052,11.07269320001235,-10.976181515230188,-10.97618151523019,1.7763568394002505e-15,-0.01748184749533266,-4.858901116650911,3.478223068964018,6.117280398579277,0.03194478351377543,0.4687896038143551,5.84806000227898
33,388,1.0,59495.9405244002,0.06602221207236822,11.059685574797886,-10.99366336272552,-10.993663362725517,3.552713678800501e-15,-0.01667008049726526,-4.880352195299367,3.474253837810896,6.113311167426154,0.03186533534039455,0.46849562633349534,5.84209123595913
33,389,1.0,60496.055480427385,0.04426828464003289,11.054601727862819,-11.010333443222786,-11.010333443222786,0.0,0.06070091760130758,-4.899425170536582,3.4718509430709434,6.110908272686201,0.03187633408277042,0.4682895400385931,5.838153094349287
33,390,1.0,56933.12005878916,0.10096473714672569,11.050597262768203,-10.949632525621478,-10.949632525621478,0.0,-0.09246581396527453,-4.833037283378402,3.4775379126278168,6.116595242243075,0.03198379847787333,0.4679997596972166,5.841096090166061
33,391,1.0,62448.55267763432,-0.01626835546606055,11.02582998412069,-11.042098339586753,-11.042098339586751,1.7763568394002505e-15,0.06710390524063747,-4.92831868708061,3.4747223228908837,6.113779652506143,0.031879915721722295,0.4678031025063237,5.8366465817731
33,392,1.0,58395.51887887057,0.04697113356449639,11.021965567910613,-10.974994434346115,-10.974994434346117,1.7763568394002505e-15,0.06092537725685432,-4.856655525056765,3.4792815796740912,6.11833890928935,0.03218163798891221,0.46762277746087316,5.839195323909462
33,393,1.0,54943.96117614703,0.10849242983448167,11.022561486923744,-10.914069057089261,-10.914069057089263,1.7763568394002505e-15,-0.09436966168012795,-4.794838766930878,3.480172960543125,6.119230290158384,0.03245470698675325,0.4673577786622939,5.837821759254262
33,394,1.0,60381.540646061854,-0.007673582237843424,11.000765136531545,-11.008438718769389,-11.008438718769389,0.0,0.019668568664783947,-4.891640992461587,3.477740396692542,6.1167977263078015,0.03228092628358188,0.46706657446215016,5.832808515842549
33,395,1.0,59205.52534839869,0.008240152689471945,10.997010302794074,-10.988770150104605,-10.988770150104601,3.552713678800501e-15,-0.10596327764844915,-4.873332040218431,3.4763807802709126,6.115438109886171,0.03230195933445709,0.4667685568120845,5.829078385229425
33,396,1.0,65823.58105134484,-0.11233285789079503,10.982400569862259,-11.094733427753054,-11.094733427753054,0.0,0.024201758799943462,-4.982905329866198,3.472770768271597,6.111828097886856,0.032063543552339306,0.4665232816470605,5.8234521260727075
33,397,1.0,64249.65730398409,-0.08041390236631471,10.990117766586797,-11.07053166895311,-11.070531668953112,1.7763568394002505e-15,0.07896789872292942,-4.958853923918502,3.4726204154193487,6.111677745034607,0.03201053920599727,0.46625961330320004,5.821415282965476
33,398,1.0,59371.15434008124,0.013232167286628405,11.00479593751681,-10.991563770230181,-10.991563770230183,1.7763568394002505e-15,0.05333497180154012,-4.88368824075161,3.468818199863313,6.107875529478571,0.03228935589208994,0.46602263309521735,5.815903120537511
33,399,1.0,56287.558191106546,0.07700058550726917,11.01522938393591,-10.938228798428641,-10.938228798428641,0.0,-0.07848964033442485,-4.828626429537489,3.470545039275892,6.109602368891151,0.03233318434321796,0.4657968948632243,5.815554068892824
33,400,1.0,60883.55831031404,-0.017489186727858555,10.999229252035208,-11.016718438763066,-11.016718438763068,1.7763568394002505e-15,0.08924724690100128,-4.913635669237237,3.4640254399105714,6.103082769525831,0.03234433394839297,0.4654176835416457,5.806110891925946
33,401,1.0,55685.284107536136,0.09192057337639345,11.019391765238456,-10.927471191862065,-10.927471191862063,1.7763568394002505e-15,-0.0578674123396663,-4.823348783703919,3.465065078542888,6.104122408158147,0.03256275021839226,0.46528049054212106,5.805721219771109
33,402,1.0,59002.70705961983,0.020830898287924622,11.006169502489655,-10.985338604201731,-10.985338604201731,0.0,-0.03283163481011897,-4.881537051303678,3.464744223282794,6.103801552898054,0.03243400172522923,0.46499095731405404,5.803006442977231
33,403,1.0,60972.01326934496,-0.025914928180368328,10.992255310831482,-11.01817023901185,-11.01817023901185,0.0,0.024337704858526266,-4.916535657429194,3.4625772519673963,6.1016345815826565,0.03253516160149951,0.46463465287879224,5.7976209552380675
33,404,1.0,59506.00638901157,0.0016822066627463564,10.995514740816073,-10.993832534153324,-10.993832534153327,3.552713678800501e-15,-0.008467200730830626,-4.892559832276314,3.462215372261752,6.10127270187701,0.03252905404928597,0.4644282855446692,5.795626817083799
33,405,1.0,60011.99481959937,-0.021534960054627954,10.980764774829527,-11.002299734884154,-11.002299734884156,1.7763568394002505e-15,-0.11918271280145554,-4.899385375405503,3.463857029863392,6.1029143594786515,0.032530895165555684,0.46408538995067855,5.794315202859967
33,406,1.0,67608.05743040338,-0.1630780019275952,10.958404445758013,-11.12148244768561,-11.121482447685608,1.7763568394002505e-15,-0.07640301379499093,-5.012718486802873,3.4697066312674782,6.1087639608827375,0.03227153536744455,0.46387968831393606,5.79752024076997
33,407,1.0,72975.96807513198,-0.24303708974905996,10.95484837173154,-11.1978854614806,-11.1978854614806,0.0,0.0324235350392339,-5.09797465106805,3.4608534807972924,6.099910810412551,0.03235894314716944,0.46357960916904645,5.7864300200728644
33,408,1.0,70647.77726788775,-0.19539935553655696,10.970062570904812,-11.165461926441367,-11.165461926441369,1.7763568394002505e-15,0.0453094884352776,-5.069564516719643,3.4568400801064656,6.095897409721724,0.032503549633655274,0.46337996083732164,5.78093406865907
33,409,1.0,67518.19782992279,-0.1523456625701722,10.967806775435918,-11.12015243800609,-11.12015243800609,0.0,-0.07479497282059633,-5.023038331785357,3.4580567766054737,6.097114106220731,0.03258206292688078,0.4631273057595432,5.780157577513876
33,410,1.0,72761.87564561632,-0.24631214981952126,10.948635261007166,-11.194947410826686,-11.194947410826687,1.7763568394002505e-15,-0.05581440219431322,-5.101257055684736,3.454633025526691,6.09369035514195,0.03266650980434192,0.46283403476048746,5.774114643647244
33,411,1.0,76938.51020325371,-0.3177162114850454,10.933045601535955,-11.250761813020999,-11.250761813021,1.7763568394002505e-15,-0.07679630908323709,-5.1601735174355925,3.451530965970148,6.090588295585406,0.032613942918475,0.46239571806998975,5.767463674784119
33,412,1.0,83079.90396906217,-0.4296116002298227,10.897946521874415,-11.327558122104236,-11.327558122104238,1.7763568394002505e-15,0.02111838147514966,-5.236209565489214,3.452291226999763,6.091348556615022,0.03264532299670936,0.4620039671109731,5.763795604337334
33,413,1.0,81343.78737356613,-0.3944226654025714,10.912017075226515,-11.306439740629086,-11.306439740629086,0.0,-0.07587552294715572,-5.220394886524288,3.4469875244895385,6.086044854104798,0.032687776906908106,0.461807587430947,5.7576426342079525
33,414,1.0,87755.97793088605,-0.49914977231553986,10.883165491260701,-11.382315263576242,-11.382315263576242,0.0,-0.08964200244930964,-5.296668922812772,3.4465890111482094,6.085646340763469,0.03283848761447567,0.4613234834542037,5.7522311695812975
33,415,1.0,95985.9654012408,-0.6106912171460093,10.861266048879543,-11.471957266025552,-11.471957266025552,0.0,-0.015576583984618253,-5.387526266363407,3.445373670046885,6.084430999662145,0.03281809833074367,0.4610712708715855,5.748190777441049
33,416,1.0,97492.80408542021,-0.6328451388586331,10.854688711151539,-11.48753385001017,-11.487533850010172,1.7763568394002505e-15,-0.04792179875973268,-5.40043834906746,3.448038171327451,6.087095500942709,0.03278823982508772,0.46092721119811875,5.749004622487634
33,417,1.0,102278.59052634143,-0.6889084222746904,10.846547226495211,-11.535455648769902,-11.5354556487699,1.7763568394002505e-15,0.04871218318760029,-5.449195592274313,3.4472027268803314,6.08626005649559,0.03293884845199842,0.46065828902621825,5.745534110275145
33,418,1.0,97415.77773546558,-0.613837729286783,10.872905736295522,-11.486743465582302,-11.486743465582304,1.7763568394002505e-15,0.01029230810549997,-5.405911844479505,3.4417742914875395,6.080831621102798,0.03289147919465192,0.4604479198319118,5.7399733758345
33,419,1.0,96418.28658527152,-0.6208979354556211,10.855553222021182,-11.476451157476802,-11.476451157476804,1.7763568394002505e-15,-0.016170119699664198,-5.3956811690723825,3.441712658789161,6.08076998840442,0.032907480204065385,0.4602218806701691,5.7378163159560875
33,420,1.0,97990.05541792727,-0.6288801584994623,10.863741118677005,-11.492621277176466,-11.492621277176468,1.7763568394002505e-15,0.07545850550434352,-5.413642001393676,3.4399219461675314,6.078979275782791,0.03285624095132754,0.4601105629132593,5.735365185648549
33,421,1.0,90867.96262500084,-0.5532826424930695,10.863880129179053,-11.417162771672123,-11.417162771672123,0.0,0.048948030753349414,-5.34082556003998,3.437279882016886,6.076337211632145,0.032969661240323564,0.4597580451781627,5.730160882553444
33,422,1.0,86527.25594513645,-0.4944306979990886,10.873784042919684,-11.368214740918773,-11.368214740918773,0.0,-0.007559439772469645,-5.295382167229446,3.4337752440740688,6.072832573689327,0.03298964788328432,0.4594869313414296,5.72515337828425
33,423,1.0,87183.83207230119,-0.48926233829972754,10.886511842391517,-11.375774180691243,-11.375774180691245,1.7763568394002505e-15,0.014704931234735596,-5.304284324984842,3.432432526091145,6.071489855706403,0.03297980020493783,0.45929168048895314,5.722705196043449
33,424,1.0,85911.17988095676,-0.4757121380353595,10.885357111421147,-11.361069249456508,-11.361069249456506,1.7763568394002505e-15,0.028883812225057426,-5.285066237873155,3.436945681968093,6.076003011583351,0.032855913724550295,0.4591087146361971,5.725281771090415
33,425,1.0,83465.23169431748,-0.4327833058117985,10.899402131419652,-11.33218543723145,-11.33218543723145,0.0,-0.0824241295831829,-5.261862832867479,3.431265274748711,6.070322604363972,0.03297676955017157,0.45900757523123803,5.719222548030847
33,426,1.0,90636.25402706821,-0.5489747566642483,10.865634810150384,-11.414609566814633,-11.414609566814633,0.0,-0.018831882612120765,-5.344927199645262,3.4306250375541123,6.069682367169372,0.033024529118323966,0.4586854889486607,5.715233422990046
33,427,1.0,92359.27829793027,-0.5807037595233566,10.852737689903396,-11.433441449426754,-11.433441449426752,1.7763568394002505e-15,-0.000908456190151341,-5.364806459877739,3.4295776599337535,6.068634989549013,0.03312345042658391,0.4583342448052915,5.711082298084186
33,428,1.0,92443.22077927833,-0.5937719691030152,10.84057793651389,-11.434349905616905,-11.434349905616905,0.0,-0.03426698643115067,-5.365570698396004,3.4297218776056426,6.068779207220901,0.03324836925670092,0.4579105743817671,5.70742953537845
33,429,1.0,95665.87129485805,-0.6345040135635558,10.8341128784845,-11.468616892048056,-11.468616892048056,0.0,-0.030742550243877176,-5.399456654934466,3.4301029074983327,6.069160237113593,0.03324989735857514,0.457734492320149,5.705941922596217
33,430,1.0,98652.55811064843,-0.6649405789652665,10.834418863326668,-11.499359442291933,-11.499359442291935,1.7763568394002505e-15,0.15034163147851132,-5.4313030017091535,3.428999110967521,6.0680564405827795,0.03333194518842395,0.4575995234854987,5.7036664365655545
33,431,1.0,84882.04032969136,-0.4691259531150944,10.879891857698327,-11.349017810813422,-11.349017810813422,0.0,0.05048523358114032,-5.284450851110901,3.425509630087261,6.06456695970252,0.03334491518239414,0.4575602505159209,5.701104707642846
33,432,1.0,80703.12500452557,-0.40507872786177945,10.893453849370502,-11.298532577232281,-11.298532577232281,0.0,0.0023715635952186176,-5.236331383132152,3.4231438644848704,6.062201194100129,0.03344031419894642,0.4574107369736264,5.697701025705025
33,433,1.0,80511.95918179539,-0.4173292664411101,10.878831747195953,-11.296161013637063,-11.296161013637063,0.0,-0.14509757452662342,-5.237246941089066,3.419856742932739,6.0589140725479975,0.03338362273971906,0.45708411806579485,5.692261788644854
33,434,1.0,93084.09288715645,-0.5881077312312778,10.853150856932409,-11.441258588163686,-11.441258588163686,0.0,-0.17662929539267758,-5.379258222609876,3.4229430359385513,6.06200036555381,0.033445497542456654,0.45672629380982616,5.691115781830666
33,435,1.0,111066.88690649276,-0.8325137880350062,10.785374095521359,-11.617887883556364,-11.617887883556365,1.7763568394002505e-15,-0.04018476765066836,-5.548614261563434,3.430216292377672,6.06927362199293,0.033657890525661524,0.45621476737515715,5.691432807474847
33,436,1.0,115620.97359046791,-0.9173345040389591,10.740738147168074,-11.658072651207032,-11.658072651207032,0.0,0.004906478471353282,-5.577870324631262,3.4411449969605106,6.08020232657577,0.03400123486007099,0.45587974701473194,5.69659988267383
33,437,1.0,115055.07120192444,-0.9086755880436674,10.744490584692013,-11.653166172735679,-11.65316617273568,1.7763568394002505e-15,0.07175566739467953,-5.571328773201843,3.442780069918579,6.081837399533837,0.033975262305449616,0.45568336994924574,5.696771204126497
33,438,1.0,107088.46047945172,-0.8377203501484115,10.743690155192587,-11.581410505341,-11.581410505340997,1.7763568394002505e-15,0.029593109805468032,-5.4987080139450395,3.443645161780702,6.082702491395961,0.033992709189788535,0.4554967948326767,5.695763178530092
33,439,1.0,103965.8122313298,-0.7834101961359503,10.768407199399581,-11.551817395535531,-11.551817395535531,0.0,-0.007422369529251682,-5.471750571352809,3.4410094945674663,6.080066824182725,0.033927297334680605,0.45535897825699795,5.693262646078923
33,440,1.0,104740.3558266112,-0.7837819476016767,10.775457817463105,-11.559239765064783,-11.559239765064781,1.7763568394002505e-15,0.1336122601464087,-5.488704743728788,3.431477691720736,6.070535021335995,0.03385644704340002,0.4551080648829807,5.682920875831907
33,441,1.0,91640.40031655473,-0.6079616483728629,10.817665856545512,-11.425627504918374,-11.425627504918374,0.0,-0.12556028720115897,-5.36337991262082,3.4231902626822963,6.062247592297554,0.033753714436507404,0.4550081478336611,5.67603398359458
33,442,1.0,103900.37560252596,-0.7800545967570311,10.771133195362502,-11.551187792119533,-11.551187792119533,0.0,0.04839662924628385,-5.4860450007617,3.4260854617425727,6.065142791357831,0.03394791499468125,0.45454055906196905,5.673325246925546
33,443,1.0,98991.68769087721,-0.7240794825898341,10.778711680283415,-11.50279116287325,-11.50279116287325,0.0,-0.05729952599152277,-5.446577428467699,3.417156404790289,6.056213734405548,0.033877626913845355,0.4542859302587432,5.663411808122637
33,444,1.0,104829.5198187048,-0.8135409042439194,10.746549784620854,-11.560090688864772,-11.560090688864772,0.0,0.014302748845752333,-5.5031024239251725,3.41793093532434,6.056988264939599,0.03407277995530746,0.4538417866649236,5.658840336734043
33,445,1.0,103340.84100272045,-0.7941212426280678,10.751666697390952,-11.54578794001902,-11.54578794001902,0.0,0.102348830780711,-5.492496528456259,3.414234081947499,6.053291411562759,0.03409008226589269,0.45353796913941363,5.653238021237355
33,446,1.0,93287.28616651316,-0.6601596372549474,10.783279471983361,-11.443439109238309,-11.443439109238309,0.0,-0.06648321575775462,-5.395373887171873,3.4090078924511764,6.048065222066436,0.03402741145308601,0.45332619797621065,5.648356550993127
33,447,1.0,99700.1364939929,-0.7502622926491852,10.759660032346876,-11.509922324996063,-11.509922324996062,1.7763568394002505e-15,0.07796474104910445,-5.4613732583373515,3.409491737043452,6.04854906665871,0.034109884665952224,0.4528708932331123,5.644034498834763
33,448,1.0,92222.3311838011,-0.6665389420008889,10.765418641946068,-11.431957583946959,-11.431957583946957,1.7763568394002505e-15,0.03138745799137865,-5.385026029880978,3.407874224450721,6.04693155406598,0.03416493747474981,0.45264225399680047,5.640886614915012
33,449,1.0,89372.66251317735,-0.63306569725823,10.767504428697348,-11.40057012595558,-11.400570125955579,1.7763568394002505e-15,0.028624506167284736,-5.349421120546389,3.4120916757939304,6.051149005409189,0.03429440466279811,0.4524338309486784,5.6427693872164495
33,450,1.0,86850.68161181374,-0.5995877333190089,10.772357886469289,-11.371945619788296,-11.371945619788297,1.7763568394002505e-15,0.06149373061633412,-5.322125003844583,3.410763286328454,6.049820615943714,0.03439377918101683,0.4520314336548297,5.638272661645096
33,451,1.0,81670.80631716037,-0.532640977268086,10.777810911903874,-11.310451889171961,-11.31045188917196,1.7763568394002505e-15,-0.07957646715106215,-5.258680825725793,3.412713733830909,6.051771063446168,0.0345165070891659,0.45173204691869406,5.63763324615254
33,452,1.0,88435.46503261366,-0.652987020101149,10.737041336221875,-11.390028356323024,-11.390028356323024,0.0,0.007289216127071896,-5.33305550072027,3.4179155259874983,6.056972855602757,0.034677445106080555,0.45130491012259094,5.636897146089069
33,453,1.0,87793.18352290402,-0.6360853045071305,10.746653835688821,-11.382739140195952,-11.382739140195952,0.0,-0.020597789103467434,-5.327197992486655,3.416483818094038,6.055541147709298,0.03469494021000968,0.4510133414882365,5.633761310976891
33,454,1.0,89620.28149321325,-0.6917743423158755,10.711562586983543,-11.403336929299419,-11.403336929299419,0.0,0.01398923865831847,-5.335970360481065,3.428309239203094,6.067366568818352,0.03503239681256889,0.45065538233690006,5.639556598487403
33,455,1.0,88375.29052818428,-0.6418248171647265,10.747522873476374,-11.3893476906411,-11.3893476906411,0.0,0.060280812647180326,-5.332749080846651,3.417541280179189,6.056598609794449,0.034819849221604464,0.45050932701169616,5.630589655392397
33,456,1.0,83205.34587029784,-0.5628770475650706,10.766189830428848,-11.32906687799392,-11.329066877993919,1.7763568394002505e-15,0.012565202653066265,-5.27423744801048,3.415772100368183,6.0548294299834415,0.03491283056457186,0.4501519092346008,5.626743542833849
33,457,1.0,82166.39482232176,-0.5209753839454534,10.795526291395397,-11.316501675340854,-11.31650167534085,3.552713678800501e-15,0.027646398192928245,-5.2678249668623405,3.4096193788632543,6.048676708478513,0.03488198413206249,0.4499198333457484,5.620067366999209
33,458,1.0,79925.90341495493,-0.4848552676884055,10.80400000945952,-11.288855277147926,-11.288855277147926,0.0,0.044178386151022764,-5.244067885623569,3.405730061909099,6.044787391524358,0.03481897782476045,0.44972987658913166,5.615265560703415
33,459,1.0,76471.76685659813,-0.4550533691624402,10.789623521834464,-11.244676890996903,-11.244676890996905,1.7763568394002505e-15,-0.09417852912060098,-5.204760374796579,3.400859186585065,6.039916516200323,0.03499374244832931,0.44932568045138094,5.607053467133411
33,460,1.0,84023.8041247309,-0.5592038533670315,10.779651566750474,-11.338855420117504,-11.338855420117506,1.7763568394002505e-15,0.06408622084830462,-5.306900424656142,3.3928976658461036,6.031954995461363,0.03482583014678231,0.44900393507220826,5.59702933427473
33,461,1.0,78807.95316707414,-0.47708703204909064,10.79768216722011,-11.2747691992692,-11.274769199269201,1.7763568394002505e-15,-0.018613457595838767,-5.240084899276281,3.395626970377662,6.03468429999292,0.03502783810159241,0.448666812352501,5.5969836059494815
33,462,1.0,80288.57869381389,-0.5106094126175675,10.782773244247473,-11.293382656865038,-11.29338265686504,1.7763568394002505e-15,0.01537308730785547,-5.261414286664254,3.392911040585525,6.031968370200784,0.03489963386368769,0.4483529850883122,5.591882681246745
33,463,1.0,79063.73430596634,-0.4746754310811352,10.80333413847605,-11.278009569557183,-11.278009569557184,1.7763568394002505e-15,0.04064905694533216,-5.250189528028256,3.3887627119136687,6.027820041528928,0.03490921833640112,0.4482773115388086,5.587363747236461
33,464,1.0,75914.31223565314,-0.4210274543486191,10.816333058263233,-11.23736051261185,-11.237360512611852,1.7763568394002505e-15,-0.027879323630493502,-5.214351698289498,3.3839514847070933,6.023008814322353,0.03497301900055875,0.447983730962793,5.580729755238565
33,465,1.0,78060.53045913634,-0.44794904762567994,10.817290788616663,-11.265239836242344,-11.265239836242344,0.0,-0.043373691911796186,-5.243142245069469,3.3830402615576136,6.022097591172872,0.03493667679640872,0.44786298846504413,5.57848195257731
33,466,1.0,81520.80381215704,-0.501058068551058,10.807555459603083,-11.30861352815414,-11.308613528154142,1.7763568394002505e-15,-0.0091931224519044,-5.287900891714669,3.381655306824213,6.020712636439471,0.03494772308793124,0.44732618269787655,5.572352836421052
33,467,1.0,82273.68992869815,-0.5183025913421409,10.799504059263903,-11.317806650606045,-11.317806650606045,0.0,0.010656980512649739,-5.296734982187552,3.3820143388032347,6.021071668418493,0.03497135339553945,0.4470198123180369,5.5698889999715755
33,468,1.0,81401.5562284409,-0.5165138656914954,10.790635804401898,-11.307149670093395,-11.307149670093393,1.7763568394002505e-15,-0.03374304899980096,-5.288242698255963,3.3798496422221738,6.018906971837432,0.03498496916805645,0.4466286818920304,5.56470871117462
33,469,1.0,84195.16022734508,-0.5752570748932309,10.765635644199966,-11.340892719093196,-11.340892719093198,1.7763568394002505e-15,-0.04784575556134385,-5.3235872963258855,3.3782480931520524,6.017305422767312,0.03506688070994726,0.44605734452270307,5.558324103839054
33,470,1.0,88321.4672850323,-0.6212947208765179,10.767443753778021,-11.38873847465454,-11.38873847465454,0.0,0.07831122287618797,-5.372550137130443,3.3771310079088357,6.016188337524093,0.03506291911972572,0.4459324249731104,5.555986719152356
33,471,1.0,81668.79418614565,-0.52144697926619,10.78898027251216,-11.310427251778352,-11.31042725177835,1.7763568394002505e-15,-0.09879170293377548,-5.299170019103074,3.3721999030600203,6.01125723267528,0.035256014963737356,0.4457052554770409,5.549920606180245
33,472,1.0,90148.98366190089,-0.6564527859296754,10.752766168782454,-11.409218954712127,-11.409218954712129,1.7763568394002505e-15,-0.015572448492314095,-5.397736667169871,3.3724249579269974,6.011482287542257,0.035251187744017184,0.4453334127317235,5.5464027239656195
33,473,1.0,91563.81164320682,-0.6922235370356385,10.732567866168804,-11.424791403204441,-11.424791403204443,1.7763568394002505e-15,-0.035863693296745325,-5.4108460802650145,3.374887993324168,6.013945322939427,0.03535996846726932,0.44495804556987145,5.544978578906923
33,474,1.0,94907.22329449652,-0.7474523864016376,10.713202710099551,-11.460655096501187,-11.460655096501188,1.7763568394002505e-15,0.0969654470164727,-5.4466868097816175,3.3749109571043134,6.013968286719572,0.03544311180119551,0.4444890635516233,5.540244452477838
33,475,1.0,86136.59675134148,-0.6202460768883142,10.743443572596398,-11.363689649484714,-11.363689649484712,1.7763568394002505e-15,0.022058667528082054,-5.353910838618217,3.370721481251238,6.009778810866497,0.03546276807862377,0.4442773743821103,5.5357170108384635
33,476,1.0,84257.3413376,-0.6073811526955706,10.734249829261064,-11.341630981956632,-11.341630981956634,1.7763568394002505e-15,0.05033483721543064,-5.325419398869911,3.3771542534714647,6.016211583086724,0.035594282133399956,0.44391811643457707,5.538086213924876
33,477,1.0,80121.23024895632,-0.5613451850722275,10.729950959668974,-11.291296144741201,-11.291296144741201,0.0,0.10720037508928648,-5.276490590135224,3.3757482249907187,6.014805554605978,0.035646125184793764,0.4435890729441981,5.533880531456716
33,478,1.0,71976.55857587126,-0.43102920506785014,10.753066564584064,-11.184095769651915,-11.184095769651913,1.7763568394002505e-15,-0.0804227204305139,-5.168668445762323,3.376369994274333,6.0154273238895914,0.03592404263069095,0.443380014407826,5.533257615680411
33,479,1.0,78004.24209938565,-0.5608826880724125,10.703635802010014,-11.264518490082429,-11.264518490082427,1.7763568394002505e-15,0.09111517053101181,-5.246834258172615,3.3786269022945565,6.017684231909816,0.03602156613945711,0.4429569162190521,5.529861803252553
33,480,1.0,71211.05267496392,-0.4372703732730704,10.736132946278346,-11.173403319551417,-11.173403319551417,0.0,-0.044437179583260544,-5.158202060019035,3.3761439299171223,6.015201259532381,0.036167868454903,0.44257874464883196,5.525564225515518
33,481,1.0,74446.8330404869,-0.4937060910903504,10.724134408044327,-11.217840499134677,-11.217840499134677,0.0,-0.10687839066357796,-5.205937785416974,3.3728453841024453,6.011902713717705,0.03605234463752813,0.44223880898866236,5.519826242240344
33,482,1.0,82844.35536856802,-0.6317403257898072,10.692978564008449,-11.324718889798255,-11.324718889798255,0.0,0.02793984857545695,-5.312749777559106,3.372911782623891,6.011969112239149,0.03583628282998642,0.44176302683509444,5.515263250145731
33,483,1.0,80561.73317281695,-0.5941265466466021,10.702652494576196,-11.296779041222798,-11.296779041222798,0.0,-0.04107602046290104,-5.28505348500417,3.3726682266033703,6.011725556218628,0.035835348071118135,0.441643077482699,5.5142177888086135
33,484,1.0,83939.7922318111,-0.6725851642169547,10.665269897468743,-11.3378550616857,-11.337855061685698,1.7763568394002505e-15,-0.016728066620208537,-5.3225184414087625,3.376279290661677,6.015336620276935,0.036111933368373664,0.4412436604557716,5.512049928681542
33,485,1.0,85355.75279097864,-0.6807975496186819,10.673785578687227,-11.354583128305908,-11.354583128305908,0.0,0.08136104330210081,-5.341638134375562,3.3738876643150872,6.012944993930346,0.03602982577655584,0.44107329308678095,5.508651497098085
33,486,1.0,78686.12252576528,-0.5612074902343678,10.712014594769439,-11.273222085003807,-11.273222085003807,0.0,0.05563678370872793,-5.267776705284764,3.3663880501037835,6.005445379719043,0.036216658701562134,0.44098585476782404,5.502693038243985
33,487,1.0,74427.83679353374,-0.4888257744949273,10.728759526800154,-11.21758530129508,-11.217585301295081,1.7763568394002505e-15,-0.05599871794871447,-5.213727393663449,3.3648005780163723,6.003857907631631,0.03634652160157564,0.4407405052443957,5.499616217896355
33,488,1.0,78714.60688214022,-0.5789043329265493,10.694679686317246,-11.273584019243794,-11.273584019243795,1.7763568394002505e-15,-0.023729659538206604,-5.263641990095688,3.3708846995328483,6.009942029148107,0.03644870811349877,0.4403180100832321,5.5000492451626934
33,489,1.0,80604.81601703263,-0.5958306326391399,10.701483046142858,-11.297313678782,-11.297313678781999,1.7763568394002505e-15,0.04276334790322345,-5.298506698889623,3.359749650277119,5.998806979892377,0.03651618171477027,0.43976196490819824,5.485662784083216
33,490,1.0,77230.54596516328,-0.558464138372815,10.696086192505962,-11.254550330878777,-11.254550330878777,0.0,0.027245813844974265,-5.249449063500273,3.366043937763242,6.0051012673785005,0.036765303249969274,0.439660458912895,5.489991892449281
33,491,1.0,75154.74375694488,-0.5413199578085526,10.68598455922525,-11.227304517033803,-11.227304517033803,0.0,-0.036390558780563964,-5.218075919654191,3.3701712677643543,6.009228597379612,0.037007375126544166,0.43936354620725254,5.490379913453546
33,492,1.0,77940.0387300843,-0.5730677880047164,10.690627287809649,-11.263695075814367,-11.263695075814365,1.7763568394002505e-15,-0.019900142437276003,-5.265517950920568,3.3591197952785388,5.998177124893799,0.036844622067925416,0.4389293853527087,5.477480665523761
33,493,1.0,79506.59222323488,-0.5880628012067064,10.695532417044937,-11.283595218251643,-11.283595218251644,1.7763568394002505e-15,0.09817847689112291,-5.287810050629461,3.356727838006923,5.995785167622181,0.03677225343785709,0.4386765323324067,5.473887556859495
33,494,1.0,72071.70039942641,-0.4825722011179673,10.702844540242554,-11.18541674136052,-11.185416741360521,1.7763568394002505e-15,-0.055361419239586596,-5.180251893655295,3.3661075180899664,6.005164847705225,0.037177567693317884,0.4383535131355399,5.479662749032412
33,495,1.0,76174.20448929543,-0.540612144569447,10.700166016030659,-11.240778160600106,-11.240778160600106,0.0,-0.06396774183108,-5.245028051858873,3.356692779125976,5.995750108741234,0.0369917183994953,0.4379320050000404,5.467829833560365
33,496,1.0,81206.12078472922,-0.6310629062124357,10.673682996218751,-11.304745902431186,-11.304745902431186,0.0,0.020065045707598372,-5.313260706783966,3.352427866031961,5.991485195647219,0.03699171440885523,0.43729260756572963,5.457638717430176
33,497,1.0,79592.9545091534,-0.6086624017132296,10.676018455010357,-11.284680856723588,-11.284680856723586,1.7763568394002505e-15,0.02665302039751083,-5.293886784187769,3.3517367429205587,5.9907940725358175,0.03695559877789541,0.43699443070069083,5.454250485891399
33,498,1.0,77499.58312743067,-0.575074777223312,10.682953059102765,-11.258027836326077,-11.258027836326077,0.0,-0.13812371772671383,-5.26496489763622,3.354005609074597,5.9930629386898575,0.0370082265881172,0.436864043561809,5.4550954812121635
33,499,1.0,88978.63414014489,-0.7466940416380243,10.649457512414765,-11.396151554052791,-11.39615155405279,1.7763568394002505e-15,0.15312155314446407,-5.4053316432976155,3.351762581139917,5.990819910755177,0.03667487202777099,0.4363914483378086,5.447860954001869
33,500,1.0,76345.92990995792,-0.5254043684341851,10.71762563247414,-11.243030000908327,-11.243030000908325,1.7763568394002505e-15,,-5.260690244771796,3.3432824265212715,5.982339756136531,0.03686509705093923,0.43646014539182293,5.442652584349243
