seed,epoch,temperature,Z,E,S,F,F_check,err,delta_F,F_data,KL,NLL,data_mass,recon_sq,recon_ce
4,1,1.0,161037.81499837607,-0.2169307001862346,11.772463791967684,-11.989394492153917,-11.989394492153918,1.7763568394002505e-15,-0.013824590048976404,-5.74291137728779,3.6074257852508684,6.246483114866128,0.02727316874966536,0.49982847780515205,6.244933979903365
4,2,1.0,163279.55664954754,-0.2310468054956458,11.772172276707247,-12.003219082202893,-12.003219082202893,0.0,-0.06298864267671611,-5.756303453378256,3.6078582992093784,6.246915628824637,0.027283826450270367,0.4998343706710522,6.245418489056703
4,3,1.0,173895.13513507394,-0.2957709803968961,11.770436744482716,-12.06620772487961,-12.066207724879611,1.7763568394002505e-15,-0.13375706980430024,-5.8175979298699385,3.6095524653944127,6.248609795009671,0.027423602095503454,0.49981628736580297,6.246947701932742
4,4,1.0,198782.1528312426,-0.4370029654604095,11.7629618292235,-12.19996479468391,-12.19996479468391,0.0,-0.05620197709361108,-5.944482951394333,3.616424513674318,6.255481843289577,0.027601833685958237,0.4997827770392492,6.253499599883562
4,5,1.0,210274.01064728305,-0.5012259658476177,11.7549408059299,-12.25616677177752,-12.256166771777519,1.7763568394002505e-15,0.08883115659829777,-5.9933407979132545,3.6237686442490076,6.262825973864267,0.02769150803528983,0.49974459736094023,6.26045843084738
4,6,1.0,192400.73072994602,-0.40744821108749657,11.759887404091726,-12.167335615179223,-12.167335615179223,0.0,0.11269897231771964,-5.908471043922382,3.619807241641582,6.258864571256841,0.027421759202100146,0.4997880543759855,6.256912346069586
4,7,1.0,171894.57689677342,-0.2852233698220127,11.769413273039488,-12.054636642861503,-12.054636642861501,1.7763568394002505e-15,-0.02115940282879869,-5.805104844831624,3.61047446841462,6.249531798029879,0.02742806559909895,0.49979779142214803,6.247698074748591
4,8,1.0,175570.51669046193,-0.3113334919013244,11.764462553788977,-12.075796045690302,-12.075796045690302,0.0,0.16120166113604384,-5.821562004904062,3.6151767111709807,6.254234040786241,0.027393801378165952,0.4997781109920793,6.252215279430738
4,9,1.0,149431.65118354885,-0.15029523344736234,11.764299151106897,-11.914594384554258,-11.91459438455426,1.7763568394002505e-15,-0.007093167788381649,-5.661387512855148,3.6141495420838514,6.253206871699109,0.027300050807405,0.4997325818838652,6.250776310887907
4,10,1.0,150495.36304175633,-0.16481725525660376,11.756870297086037,-11.92168755234264,-11.921687552342641,1.7763568394002505e-15,0.012827074287091733,-5.660939634910145,3.6216905878172376,6.2607479174324965,0.027128431489054736,0.4997200712668241,6.258167721769463
4,11,1.0,148577.27586263898,-0.14530548741836855,11.763554990637179,-11.908860478055548,-11.908860478055548,0.0,0.15243356211396275,-5.654809452577803,3.6149936958624838,6.254051025477742,0.02716124137732233,0.49974635792654837,6.2517368217651565
4,12,1.0,127570.8168855334,0.009292456660274895,11.765719372601861,-11.756426915941585,-11.756426915941587,1.7763568394002505e-15,-0.0022933000454781194,-5.507291821194733,3.610077765131593,6.249135094746853,0.02723613254511124,0.49969225414083107,6.246343371105098
4,13,1.0,127863.71076410491,0.00394538294045358,11.762665598927516,-11.758720215987063,-11.758720215987061,1.7763568394002505e-15,0.04167118945641057,-5.506678910618454,3.6129839757533495,6.252041305368609,0.027218990865330556,0.4996726112361742,6.249059003550672
4,14,1.0,122644.96861312121,0.03959444902850263,11.756643475559155,-11.717049026530653,-11.717049026530653,0.0,-0.11726401417724297,-5.460628698260978,3.6173629986544173,6.256420328269676,0.027431990539933556,0.49956377011239284,6.252418402525015
4,15,1.0,137903.99597606,-0.06864817569199394,11.7656648650159,-11.834313040707896,-11.834313040707894,1.7763568394002505e-15,0.17091646561650187,-5.584366973503962,3.6108887375886747,6.2499460672039335,0.027423220311336767,0.4996591233364845,6.2468461106523785
4,16,1.0,116238.17235509012,0.09896744318005572,11.762364018271452,-11.663396575091394,-11.663396575091395,1.7763568394002505e-15,-0.08048533069462138,-5.4143893288785465,3.609949916597588,6.249007246212847,0.027532897534452844,0.49954959531279924,6.244903979114889
4,17,1.0,125980.43622037492,0.020760745795962182,11.764642651581976,-11.743881905786015,-11.743881905786013,1.7763568394002505e-15,0.07525917131813031,-5.494989838699155,3.609834737471599,6.248892067086858,0.02737661324887516,0.49962166054510954,6.2454497530552455
4,18,1.0,116847.24172998326,0.09387971008334482,11.762502444551227,-11.668622734467885,-11.668622734467883,1.7763568394002505e-15,0.16422201836533823,-5.419638368098785,3.609927036753841,6.2489843663691005,0.027412652594045808,0.49957430674548015,6.245108929482025
4,19,1.0,99151.14837727933,0.24983717223092525,11.75423788833347,-11.504400716102547,-11.504400716102545,1.7763568394002505e-15,-0.05177595034844629,-5.2531069809458,3.612236405541485,6.251293735156744,0.02763901933089581,0.4994108213178567,6.245919282429077
4,20,1.0,104420.01665357639,0.2002857140617305,11.756462380512724,-11.556176666450993,-11.556176666450995,1.7763568394002505e-15,-0.12647682743012822,-5.305401758098426,3.611717578737307,6.250774908352567,0.027579189359172005,0.499448110527201,6.24574056697005
4,21,1.0,118498.25265025295,0.07725423483213079,11.759907728713252,-11.682653493881121,-11.682653493881121,0.0,-0.1638325716567337,-5.431711019330668,3.611885144935194,6.250942474550452,0.027577986994494107,0.49950171331182786,6.246402766480357
4,22,1.0,139592.9638106782,-0.08729205201648349,11.759194013521373,-11.846486065537855,-11.846486065537857,1.7763568394002505e-15,-0.05633034702954731,-5.5909229762920205,3.616505759630576,6.255563089245835,0.02729442112176935,0.4996179147502228,6.252067043975782
4,23,1.0,147681.97343602637,-0.1511865806258368,11.751629831941564,-11.902816412567402,-11.9028164125674,1.7763568394002505e-15,0.10342091658012897,-5.639201602745672,3.6245574802064695,6.263614809821729,0.027320449023891972,0.49957949185418976,6.259722272586762
4,24,1.0,133171.82570544223,-0.0440733231733311,11.755322172813942,-11.799395495987273,-11.799395495987273,0.0,0.02055311874313226,-5.540836933093347,3.6195012332786667,6.258558562893924,0.027159731002306182,0.49960030298086855,6.254880489343688
4,25,1.0,130462.66557212945,-0.015196093781333082,11.763646283462808,-11.77884237724414,-11.77884237724414,0.0,0.06825872116630904,-5.528915368925387,3.6108696787034935,6.249927008318752,0.027172945206409067,0.49965026378444566,6.246745296321727
4,26,1.0,121854.58128355362,0.04285987347439651,11.753443529552227,-11.710583656077832,-11.71058365607783,1.7763568394002505e-15,-0.06195661354213655,-5.452517337037206,3.6190089894253665,6.258066319040625,0.027250627734519597,0.4995338312937734,6.253793126557093
4,27,1.0,129643.06114307197,-0.014425831229128085,11.75811443839084,-11.772540269619968,-11.772540269619967,1.7763568394002505e-15,0.10028803830087618,-5.518004564373479,3.6154783756312283,6.254535705246489,0.027345657388387852,0.49955850379944894,6.250510204839891
4,28,1.0,117272.1089866929,0.08750330266473881,11.759755533983832,-11.672252231319092,-11.672252231319092,0.0,-0.004127667418654113,-5.421878253593668,3.611316648110165,6.250373977725424,0.02736165812700785,0.49953257024448927,6.2461291505985885
4,29,1.0,117757.16964592332,0.07859469473257244,11.754974593470319,-11.676379898737746,-11.676379898737746,0.0,-0.02958111105917638,-5.421616789826248,3.615705779296238,6.254763108911496,0.027487280994089196,0.4994675260430433,6.24990570646298
4,30,1.0,121292.59059940233,0.05572509226865177,11.761686102065575,-11.705961009796923,-11.705961009796923,0.0,-0.04101536027746988,-5.456858284662908,3.6100453955187564,6.249102725134016,0.027364215288294826,0.4995543182177974,6.24506229082015
4,31,1.0,126370.8819799567,0.014999517225804407,11.761975887300197,-11.746976370074393,-11.746976370074393,0.0,0.07940037415404255,-5.497385516337173,3.61053352412196,6.249590853737219,0.027447894271185956,0.49954789950705186,6.245493491821525
4,32,1.0,116724.99720807959,0.09344236525355518,11.761018361173907,-11.66757599592035,-11.667575995920352,1.7763568394002505e-15,-0.028250908992461632,-5.419154344166777,3.6093643221383154,6.248421651753574,0.027410285705473388,0.49952441000930276,6.244111192046189
4,33,1.0,120069.6061576039,0.07006811250870801,11.76589501742152,-11.695826904912812,-11.695826904912813,1.7763568394002505e-15,0.0011408697035584225,-5.451319933414473,3.6054496418830806,6.244506971498339,0.02724939650794523,0.49959963975699845,6.240892525226239
4,34,1.0,119932.70049223292,0.07684687772676653,11.771532912936022,-11.694686035209253,-11.694686035209257,3.552713678800501e-15,0.0435756920829089,-5.456113112555685,3.599515593038309,6.238572922653566,0.02735588680395808,0.4996073407239081,6.235039015772103
4,35,1.0,114818.78054972526,0.11576767727902404,11.766878020405368,-11.651110343126344,-11.651110343126344,0.0,0.05090428047001616,-5.409414507248976,3.602638506262111,6.24169583587737,0.027329604256646833,0.49956559585517457,6.237778089793559
4,36,1.0,109120.28257523054,0.16621558515541665,11.766421647811743,-11.600206062656328,-11.600206062656326,1.7763568394002505e-15,-0.025835318137295005,-5.359969852055184,3.601178880985884,6.240236210601142,0.027383653852619958,0.4995305097744099,6.236006914748813
4,37,1.0,111976.17235282375,0.1401504602637312,11.766191841057351,-11.626041380793623,-11.62604138079362,3.552713678800501e-15,0.0433587045180186,-5.384927824370831,3.6020562268075316,6.241113556422792,0.027346209329879873,0.4995362424911653,6.236933757629289
4,38,1.0,107224.78200005798,0.17937567170637078,11.762058347981975,-11.582682676275605,-11.582682676275605,0.0,0.14975950806336868,-5.339292355459194,3.6043329912011504,6.243390320816409,0.02740771590911451,0.4994763026980256,6.238661003298794
4,39,1.0,92311.42262142236,0.32285489715183024,11.755778065364064,-11.432923168212236,-11.432923168212234,1.7763568394002505e-15,-0.15105948311961903,-5.189434770638648,3.604431067958327,6.243488397573586,0.02754946653525018,0.499354857842847,6.237655492168569
4,40,1.0,107364.2621828065,0.17492503209674198,11.758907683428596,-11.583982651331855,-11.583982651331855,0.0,0.060011541238496946,-5.337681569200543,3.607243752516053,6.246301082131312,0.0273582518724971,0.4994459293949954,6.241281763340922
4,41,1.0,101110.68734891646,0.22936439029572991,11.753335500389088,-11.523971110093358,-11.523971110093358,0.0,0.09555059530842414,-5.274629666104724,3.6102841143733744,6.249341443988634,0.027265233958849264,0.4994068217110496,6.2439506635361886
4,42,1.0,91896.71063081172,0.3074872386427303,11.735907753427666,-11.428420514784934,-11.428420514784936,1.7763568394002505e-15,0.03343512714662289,-5.165803916531866,3.623559268637808,6.262616598253067,0.027236049564887566,0.49926251869985633,6.255788232827251
4,43,1.0,88874.93072487682,0.33731359665410066,11.73229898429241,-11.394985387638311,-11.39498538763831,1.7763568394002505e-15,0.01147630045451642,-5.130921065325085,3.6250069926979664,6.264064322313225,0.02738660840022657,0.49918800271278185,6.256523024444758
4,44,1.0,87860.80564949634,0.34918372212645854,11.732692809310254,-11.383509087183795,-11.383509087183796,1.7763568394002505e-15,0.0585520151785488,-5.120710764933426,3.62374099263511,6.26279832225037,0.027358757423126982,0.49919120635965164,6.255293690527308
4,45,1.0,82864.08977006479,0.40947209768724463,11.73442916969249,-11.324957072005246,-11.324957072005246,0.0,-0.07997684647364345,-5.067521344937733,3.6183783974522554,6.257435727067514,0.027655340657498233,0.4991039595895814,6.249174088666519
4,46,1.0,89763.51845651693,0.3374373879129354,11.742371306391824,-11.40493391847889,-11.40493391847889,0.0,-0.055194800857186976,-5.152053710787499,3.613822878076133,6.252880207691392,0.027628180344453062,0.49917438189644975,6.245310272982031
4,47,1.0,94857.27944515427,0.2872552444939675,11.747383963830043,-11.460128719336076,-11.460128719336074,1.7763568394002505e-15,-0.054639739994875924,-5.210356523808919,3.6107148659118984,6.249772195527157,0.027659083306251817,0.4992082009876616,6.242556905575313
4,48,1.0,100184.46937186392,0.23907103840184674,11.7538394977328,-11.514768459330952,-11.514768459330954,1.7763568394002505e-15,0.006409743027697701,-5.269137283846698,3.6065738458689958,6.245631175484254,0.027506620570464005,0.49930044356413544,6.239294204544106
4,49,1.0,99544.36630744206,0.2438867003989886,11.752245416702245,-11.508358716303254,-11.508358716303256,1.7763568394002505e-15,0.10887998136594845,-5.261190562661228,3.6081108240267676,6.2471681536420265,0.02732700553739167,0.4993373193747654,6.241159232804028
4,50,1.0,89275.17520009694,0.3419639487581086,11.741442683695414,-11.399478734937306,-11.399478734937306,0.0,-0.008253387690619007,-5.146729124053377,3.61369228126867,6.252749610883929,0.027428512525176727,0.4992058650423956,6.245503724042393
4,51,1.0,90015.04685607846,0.33387208181727834,11.741604204445203,-11.407732122627925,-11.407732122627925,0.0,-0.09054492376079715,-5.154962416616542,3.613712376396125,6.252769706011384,0.027425908676752833,0.4992078695355506,6.245542414039704
4,52,1.0,98545.83475478928,0.24961565739717154,11.747892703785894,-11.498277046388722,-11.498277046388722,0.0,-0.025972637756684236,-5.247691356386736,3.6115283603867288,6.250585690001986,0.027296999554400007,0.4993051287839722,6.2442607325188835
4,53,1.0,101138.8580864327,0.21965287567625108,11.743902559821658,-11.524249684145406,-11.524249684145406,0.0,-0.2073574759652299,-5.268890196770927,3.6163021577592196,6.255359487374479,0.027248723277337936,0.4992939604330625,6.248905136195865
4,54,1.0,124443.51038979969,0.017788349889845935,11.749395510000484,-11.731607160110636,-11.731607160110638,1.7763568394002505e-15,0.0873971941318974,-5.474568278097012,3.617981552398367,6.257038882013626,0.02710624843007682,0.4994478210104686,6.251988175782271
4,55,1.0,114029.2149434784,0.0986805332970804,11.74289049927582,-11.644209965978739,-11.644209965978739,0.0,-0.08822973289462865,-5.384221540132259,3.62093109623122,6.259988425846479,0.027322743740604727,0.4993240115858157,6.253777642774693
4,56,1.0,124547.15757513259,0.025708193858194024,11.75814789273156,-11.732439698873367,-11.732439698873367,0.0,-0.09285309534821984,-5.484958143643058,3.6084242256150505,6.247481555230309,0.027382665416501237,0.49943402163019135,6.242355662062581
4,57,1.0,136665.66137895564,-0.07102498244546265,11.754267811776124,-11.825292794221587,-11.825292794221587,0.0,-0.043020467026156695,-5.571999193819375,3.614236270786955,6.253293600402214,0.027517013560848343,0.4994169574277007,6.247989294601358
4,58,1.0,142673.38290829066,-0.10701020862464364,11.761303052623102,-11.868313261247744,-11.868313261247746,1.7763568394002505e-15,-0.11171320281434838,-5.620854424791514,3.6084015068409694,6.247458836456228,0.027505058719644322,0.49948601119468666,6.242809438405606
4,59,1.0,159536.25254465378,-0.2152638445500684,11.764762619512023,-11.980026464062092,-11.980026464062092,0.0,0.002652803638792278,-5.733601138544126,3.6073679959027083,6.246425325517967,0.02748540223636046,0.4995643545094268,6.242488790839862
4,60,1.0,159113.5950549138,-0.21356784831770498,11.763805812105597,-11.9773736604233,-11.977373660423302,1.7763568394002505e-15,0.05088693383184584,-5.7303788766018275,3.6079374542062133,6.2469947838214726,0.027508003626696555,0.499548366699642,6.242910074875482
4,61,1.0,151219.35239859027,-0.16258455308297137,11.763902173508482,-11.926486726591454,-11.926486726591454,0.0,0.0411352181174216,-5.680967027655074,3.606462369321122,6.2455196989363815,0.027504978742000745,0.49951434922359056,6.24113177407761
4,62,1.0,145125.11457243635,-0.12536244028270405,11.75998906819133,-11.885351508474033,-11.885351508474034,1.7763568394002505e-15,-0.0783293757936061,-5.637054033991047,3.609240144867727,6.248297474482986,0.02742504565475693,0.49948108919733863,6.243596278296276
4,63,1.0,156949.7366377347,-0.20785775427988795,11.75582312998775,-11.963680884267639,-11.963680884267637,1.7763568394002505e-15,-0.15830538103709024,-5.710355364190289,3.6142681904620924,6.253325520077352,0.027537761443019906,0.49946081573151074,6.248420014742446
4,64,1.0,183870.36776920638,-0.3638073032191693,11.758178962085559,-12.121986265304729,-12.121986265304727,1.7763568394002505e-15,-0.038647903221589175,-5.868636399463634,3.6142925362258365,6.253349865841094,0.02766744351704745,0.49953645102368244,6.249140264521202
4,65,1.0,191115.6781618351,-0.39997047156201926,11.760663696964299,-12.160634168526318,-12.160634168526318,0.0,0.1020516516444161,-5.909276131833964,3.612300707077096,6.251358036692355,0.0276471079253169,0.4995673062821869,6.24743968499057
4,66,1.0,172574.19119640763,-0.2941607523337937,11.764421764548109,-12.058582516881902,-12.058582516881902,0.0,0.06996751975271032,-5.8122764784541285,3.607248708812514,6.2463060384277735,0.02761427086528043,0.49952653970670524,6.242029384813582
4,67,1.0,160912.33573437674,-0.22157034431394987,11.76704465281524,-11.988614997129192,-11.98861499712919,1.7763568394002505e-15,-0.031797105956048455,-5.746042044108951,3.603515623404981,6.2425729530202405,0.02750289241043674,0.4995284853664517,6.238316444398022
4,68,1.0,166111.09709374842,-0.25811103611367,11.76230106697157,-12.02041210308524,-12.02041210308524,0.0,0.01790904409505778,-5.772950582348833,3.6084041911211493,6.247461520736409,0.027604999463570038,0.4994868332666205,6.242828622556942
4,69,1.0,163162.68654267327,-0.2409466974163158,11.761556361573868,-12.002503058990182,-12.002503058990184,1.7763568394002505e-15,0.12405686295249296,-5.754801882270684,3.608643847104239,6.247701176719497,0.02760623555720157,0.49946264836569554,6.242851170261628
4,70,1.0,144126.4323885776,-0.1186239901769157,11.759822205860775,-11.87844619603769,-11.878446196037691,1.7763568394002505e-15,0.025003317388598845,-5.631762037335768,3.6076268290866613,6.246684158701919,0.027393530705788458,0.4994250312787402,6.241497143030949
4,71,1.0,140567.4717761593,-0.09180107984371666,11.761641798805375,-11.85344287864909,-11.85344287864909,0.0,0.08448203386357811,-5.609422033513921,3.6049635155199113,6.24402084513517,0.027421416182827042,0.499423563725279,6.23882431912152
4,72,1.0,129179.84307210852,-0.0059292345425868585,11.763031610242926,-11.768960844785513,-11.768960844785513,0.0,-0.000205437319056756,-5.528609834010409,3.6012936811598473,6.240351010775106,0.02737658744923501,0.4993852808093887,6.23481602850964
4,73,1.0,129206.38415891676,-0.008561719266030422,11.760604562838537,-11.76916628210457,-11.769166282104568,1.7763568394002505e-15,-0.011635676974595555,-5.526591886104081,3.6035170663852276,6.242574396000486,0.027289352484545743,0.4993765414163456,6.236957849388881
4,74,1.0,130718.56849120127,-0.021574505292155842,11.759227453787009,-11.780801959079165,-11.780801959079165,0.0,0.056756118864177196,-5.537012637239887,3.6047319922240186,6.2437893218392775,0.02731645358514221,0.49935855720064415,6.238008914508346
4,75,1.0,123506.10168858134,0.02699237206548656,11.751038212280474,-11.724045840214988,-11.724045840214988,0.0,-0.0779161437118372,-5.47419599437153,3.610792516228198,6.249849845843458,0.02716642517403677,0.49929126133022494,6.243432874648084
4,76,1.0,133514.0485575668,-0.04680990809118039,11.755152075835646,-11.801961983926825,-11.801961983926827,1.7763568394002505e-15,0.08016000745364238,-5.554375555307558,3.608529099004008,6.247586428619267,0.027286330235655035,0.499325813829816,6.2414932862067944
4,77,1.0,123229.28151463372,0.03162558476717015,11.753427561240354,-11.721801976473182,-11.721801976473184,1.7763568394002505e-15,0.007559373210574094,-5.474907751445658,3.607836895412265,6.246894225027525,0.0271531269798122,0.49930308287800274,6.240596808619698
4,78,1.0,122301.25744459654,0.0312937088251944,11.745536312087802,-11.714242603262608,-11.714242603262608,0.0,0.016912811672133543,-5.459717378689987,3.6154678949573618,6.25452522457262,0.02702127343410024,0.4992563284297326,6.24773694037696
4,79,1.0,120250.1928357562,0.05393330613640713,11.75126309772688,-11.697329791590475,-11.697329791590473,1.7763568394002505e-15,0.03912436887190296,-5.450157371835446,3.60811509013977,6.247172419755029,0.02732555394529398,0.4992058293135777,6.239975440273705
4,80,1.0,115636.32578104126,0.0945597297681986,11.75276515248677,-11.658205422718572,-11.658205422718572,0.0,-0.10273466516105678,-5.414283595545674,3.604864497557638,6.243921827172897,0.02736051395872239,0.4991899095546217,6.2366058080390205
4,81,1.0,128147.86710035181,-0.010359040416053154,11.750581047463575,-11.760940087879629,-11.760940087879629,0.0,0.026727109825538165,-5.511129711173724,3.610753047090646,6.249810376705903,0.027168814153242835,0.4992678005002011,6.243181601489973
4,82,1.0,124768.2103929332,0.020000148653679717,11.754213126707771,-11.73421297805409,-11.734212978054092,1.7763568394002505e-15,0.06909774849655292,-5.489187831624086,3.6059678168147467,6.245025146430007,0.027279642315171954,0.49924767229966854,6.238232261516542
4,83,1.0,116438.11737813194,0.08273878695716866,11.747854016514705,-11.665115229557538,-11.665115229557536,1.7763568394002505e-15,-0.08622443354834175,-5.416757882773716,3.609300017168561,6.248357346783821,0.027389938021719903,0.4991262249699396,6.240426848826118
4,84,1.0,126923.47986522253,0.0018166797164773235,11.753156342822358,-11.75133966310588,-11.751339663105881,1.7763568394002505e-15,0.025523794417322776,-5.50568861385854,3.6065937196320803,6.245651049247338,0.027383768180900353,0.49920840854633114,6.2385014046565574
4,85,1.0,123724.90459178828,0.028723341428448516,11.754539210117006,-11.725815868688557,-11.725815868688557,0.0,-0.02071036927184977,-5.482918768705494,3.603839770367805,6.242897099983064,0.02729805017336767,0.49921701811837227,6.235834868829325
4,86,1.0,126314.01118834989,0.009729893741166767,11.756256131701573,-11.746526237960406,-11.746526237960406,0.0,-0.07072239625329502,-5.504977014785983,3.6024918935591645,6.241549223174424,0.027308400104373028,0.49924216905546503,6.234723389162956
4,87,1.0,135570.71081438934,-0.06016450285582941,11.75708413135787,-11.817248634213701,-11.8172486342137,1.7763568394002505e-15,0.14651859323703853,-5.574476956685226,3.6037143479132157,6.242771677528475,0.027330269421232373,0.49926051835752794,6.236109359264374
4,88,1.0,117093.73430950478,0.08157784322952875,11.752307884206193,-11.670730040976663,-11.670730040976665,1.7763568394002505e-15,-0.061421047115505445,-5.4283300146350575,3.6033426967263464,6.242400026341605,0.027298019120518262,0.4991549654670357,6.234778439587478
4,89,1.0,124511.21710934103,0.015214015803914797,11.74736510389608,-11.732151088092168,-11.732151088092165,3.552713678800501e-15,0.013618208849438318,-5.482819245764465,3.610274512712446,6.249331842327704,0.027205593210967317,0.4991708933514149,6.241827606725308
4,90,1.0,122827.09077023205,0.031490640138323873,11.750023519381052,-11.71853287924273,-11.718532879242728,1.7763568394002505e-15,0.07098783515559859,-5.472854033972367,3.606621515655106,6.245678845270363,0.02733205876413315,0.4991520739069458,6.238029740965088
4,91,1.0,114410.14614652836,0.09708232217578633,11.744627366262918,-11.647545044087131,-11.647545044087131,0.0,-0.04881375928900766,-5.39943399385276,3.6090537206191113,6.24811105023437,0.027266977752062424,0.4990899551286885,6.2398904050882456
4,92,1.0,120133.48798442795,0.050798090230989836,11.74715689360713,-11.696358803376139,-11.69635880337614,1.7763568394002505e-15,0.0030387463943455373,-5.449564112720084,3.6077373610407966,6.2467946906560545,0.02738947159375562,0.4990962612720948,6.238632128321044
4,93,1.0,119768.98687467458,0.05028059730745066,11.743600654289242,-11.693320056981793,-11.693320056981792,1.7763568394002505e-15,0.12131452660414688,-5.44372907819673,3.610533649169805,6.249590978785064,0.027333337420875986,0.4990698556635624,6.241180242628185
4,94,1.0,106086.0175542113,0.16612888423292094,11.738134414610567,-11.572005530377647,-11.572005530377647,0.0,-0.003562198506745773,-5.322995399554932,3.6099528012074558,6.249010130822714,0.027582218184488434,0.498900095220574,6.239050276322295
4,95,1.0,106464.59088388656,0.15584810846518882,11.73141583734958,-11.575567728884392,-11.57556772888439,1.7763568394002505e-15,-0.20630516241766372,-5.320785331738894,3.6157250675302417,6.2547823971455,0.02770493772012543,0.4988346029514147,6.244178430515693
4,96,1.0,130858.6342053852,-0.03608125082598285,11.745791640476074,-11.781872891302056,-11.781872891302058,1.7763568394002505e-15,0.020236301930145473,-5.533453718354048,3.609361843332748,6.248419172948007,0.02763882949453965,0.4990339008693889,6.239689521665464
4,97,1.0,128237.15337142086,-0.025719002691224478,11.735917586680685,-11.76163658937191,-11.761636589371909,1.7763568394002505e-15,0.006594485329260991,-5.505277890684006,3.617301369072645,6.256358698687904,0.027755408220480997,0.49891654579334827,6.246509849740706
4,98,1.0,127394.27756544143,-0.01941933131322638,11.735622772729425,-11.75504210404265,-11.755042104042651,1.7763568394002505e-15,0.062230028968073725,-5.498705502664435,3.617279271762956,6.256336601378217,0.027669500073611075,0.4989234477746419,6.246533168146414
4,99,1.0,119708.16184661142,0.0391676731338612,11.731979748208438,-11.692812075074576,-11.692812075074578,1.7763568394002505e-15,-0.03544445741804125,-5.435878577607241,3.6178761678520774,6.256933497467338,0.027685322872222175,0.49885228370101714,6.246487014837209
4,100,1.0,124027.24429278611,0.013592021834558307,11.741848554327177,-11.728256532492617,-11.728256532492619,1.7763568394002505e-15,0.003202184279718523,-5.479822054985903,3.6093771478914527,6.248434477506712,0.027528896906509417,0.4989623044870741,6.239056489559492
4,101,1.0,123630.72140935517,0.023533720805841294,11.74858806901874,-11.725054348212899,-11.725054348212899,0.0,-0.013312048653563835,-5.483668924373158,3.602328094224481,6.241385423839739,0.027502696535527765,0.499002522131515,6.232401200275612
4,102,1.0,125287.5026978584,0.006864826685746386,11.74523122355221,-11.738366396866462,-11.738366396866464,1.7763568394002505e-15,-0.059090980928768744,-5.494021072886317,3.6052879943648866,6.244345323980144,0.02747928672387617,0.49897722324950966,6.235118557973697
4,103,1.0,132913.9729226741,-0.04775779907375853,11.749699578721472,-11.797457377795231,-11.797457377795231,0.0,-0.05597029875960402,-5.555683607813465,3.602716440366507,6.241773769981767,0.027446218176385376,0.4990513841228035,6.233222084802091
4,104,1.0,140565.3348724469,-0.10616244690216112,11.747265229652673,-11.853427676554835,-11.853427676554833,1.7763568394002505e-15,0.09031090037782974,-5.608145165580792,3.6062251813587833,6.245282510974042,0.02739576276308897,0.49906770876164336,6.236860175408636
4,105,1.0,128427.10886388908,-0.021326758237210926,11.741790017939795,-11.763116776177005,-11.763116776177005,0.0,0.07754654008843076,-5.515756871488466,3.6083025750732824,6.247359904688542,0.027440335476187478,0.49897283996457614,6.238084321155999
4,106,1.0,118844.38605082626,0.055186752854599695,11.740756988943177,-11.685570236088575,-11.685570236088578,3.552713678800501e-15,-0.07521602523380722,-5.440378887852741,3.6061340186205766,6.245191348235835,0.027440782381558722,0.49891056431807207,6.235366892227487
4,107,1.0,128128.15607121597,-0.014859328827057863,11.745926932495324,-11.760786261322382,-11.760786261322382,0.0,-0.015511779747230392,-5.518314837110455,3.6034140945966677,6.242471424211926,0.02740137437289562,0.4989768491426986,6.233253178006331
4,108,1.0,130131.14661936573,-0.033195384377303086,11.74310265669231,-11.776298041069612,-11.776298041069612,0.0,0.003371100821915718,-5.5310751072821285,3.6061656041722254,6.245222933787486,0.027584843442703705,0.4989285158040204,6.235555734362493
4,109,1.0,129693.19999989189,-0.030880407665255093,11.742046532582442,-11.772926940247697,-11.772926940247697,0.0,0.07454703515253769,-5.5276292085649255,3.606240402067511,6.245297731682771,0.027629105002922188,0.498887410451663,6.235249649905643
4,110,1.0,120376.53551265926,0.041062343236553035,11.739442248331711,-11.698379905095159,-11.698379905095159,0.0,-0.025853628097548764,-5.453694888665569,3.6056276868143287,6.244685016429588,0.027631044693914322,0.4988132823865078,6.233968954977952
4,111,1.0,123529.28509218682,0.014029473010350343,11.73826300620306,-11.724233533192708,-11.72423353319271,1.7763568394002505e-15,-0.06413530269462164,-5.477222115010528,3.607954088566921,6.247011418182178,0.027607966095673547,0.49882063841097135,6.23636051430885
4,112,1.0,131711.45156997885,-0.05400302831911104,11.734365807568217,-11.78836883588733,-11.788368835887328,1.7763568394002505e-15,-0.02207486572416073,-5.5357215827773905,3.613589923494679,6.252647253109939,0.02777310997663679,0.498785441263188,6.241642643129941
4,113,1.0,134651.29310021448,-0.08486676403852755,11.725576937572962,-11.81044370161149,-11.81044370161149,0.0,0.014386870966022869,-5.548851313917026,3.622535058079206,6.261592387694464,0.027749943706597488,0.49873148841437265,6.250041321421956
4,114,1.0,132727.95093342406,-0.0752411062064629,11.720815724439003,-11.796056830645467,-11.796056830645465,1.7763568394002505e-15,0.050673538892773706,-5.530940660893634,3.6260588401365745,6.265116169751833,0.028000343342542682,0.49861123274434727,6.252425380800795
4,115,1.0,126169.72354049844,-0.02532850330171363,11.720054788450982,-11.745383291752693,-11.745383291752695,1.7763568394002505e-15,0.07105047583578106,-5.482307299554025,3.624018662583412,6.2630759921986705,0.028077366139493524,0.4985425898847877,6.249759847104234
4,116,1.0,117516.35753217617,0.04832881804292167,11.722661633959834,-11.674332815916912,-11.674332815916912,0.0,0.09048530027241775,-5.416776977914475,3.618498508387178,6.257555838002437,0.027826341478585655,0.4985525677455169,6.24438386932372
4,117,1.0,107349.75441971884,0.1384552204617322,11.72230273610623,-11.583847515644495,-11.583847515644496,1.7763568394002505e-15,0.002625339297726015,-5.329376298678201,3.6154138873510346,6.254471216966293,0.027838330988844254,0.49847880744035,6.2406312690688255
4,118,1.0,107068.2945163732,0.13912289626991242,11.720345072616679,-11.581222176346769,-11.581222176346767,1.7763568394002505e-15,0.007972379192862533,-5.3257876645783,3.6163771821532102,6.255434511768469,0.027966052170235088,0.4984085449533248,6.240943153636083
4,119,1.0,106218.09901652667,0.14580169580889404,11.719051492962802,-11.573249797153906,-11.573249797153908,1.7763568394002505e-15,0.08976189194496698,-5.317494865948875,3.616697601589771,6.25575493120503,0.027906859072595467,0.49838664155523665,6.241047530234882
4,120,1.0,97099.15046897296,0.22365692067892018,11.707144825887859,-11.48348790520894,-11.48348790520894,0.0,0.05694819172285115,-5.220414898232348,3.6240156773613323,6.263073006976591,0.027934499511464095,0.49822838574422723,6.246802430658771
4,121,1.0,91724.03361457819,0.2792695915695681,11.705809305055656,-11.426539713486088,-11.426539713486088,0.0,-0.016218111305686733,-5.166347255253761,3.621135128617067,6.260192458232326,0.027965699310715915,0.4981653338314639,6.243326926023772
4,122,1.0,93223.75263404963,0.26460634482336076,11.707364169615136,-11.442757824791775,-11.442757824791775,0.0,-0.017347737519665785,-5.184119365698022,3.6195811294784934,6.258638459093752,0.027903835609078383,0.4981792359936385,6.241942895259322
4,123,1.0,94855.08285823066,0.24716383557239485,11.707269397883834,-11.46010556231144,-11.46010556231144,0.0,0.007461563354448586,-5.20168169683717,3.619366535859012,6.258423865474271,0.027904110407755582,0.4981665869776095,6.241637594093167
4,124,1.0,94149.94961768339,0.2511365905331693,11.70378058949016,-11.452643998956992,-11.45264399895699,1.7763568394002505e-15,0.04475876413188473,-5.192267285394216,3.621319383947518,6.260376713562777,0.028064743399516336,0.4980726930154883,6.242722836978101
4,125,1.0,90028.83031286279,0.29821018610857375,11.706095420933684,-11.407885234825107,-11.40788523482511,3.552713678800501e-15,0.04624609113828626,-5.15285471968505,3.615973185524798,6.255030515140057,0.02793011479068132,0.49808272167874224,6.237530518958674
4,126,1.0,85960.15412043314,0.34162795658182715,11.703267100268647,-11.361639143686821,-11.36163914368682,1.7763568394002505e-15,0.013651707322351214,-5.107256005934898,3.615325808136665,6.254383137751925,0.027997903308279982,0.4979964714076222,6.236101651657454
4,127,1.0,84794.62508711085,0.3482612935312086,11.696248729895679,-11.34798743636447,-11.34798743636447,0.0,-0.052511678112692195,-5.0880104890107845,3.6209196177384277,6.259976947353686,0.0278714982116886,0.49794910418779464,6.241170800140493
4,128,1.0,89366.3162536134,0.2981355122695535,11.698634626746717,-11.400499114477162,-11.400499114477164,1.7763568394002505e-15,-0.010733317446142365,-5.141285361864581,3.6201564229973218,6.25921375261258,0.02773520718751205,0.49801150736174077,6.240992147297581
4,129,1.0,90330.67944488995,0.2912713507736732,11.702503782696978,-11.411232431923304,-11.411232431923304,0.0,-0.07755066320269499,-5.155690649307863,3.6164844530001834,6.255541782615443,0.02774963611754492,0.4980330029482165,6.237572237415908
4,130,1.0,97614.67260072705,0.21169081257492894,11.700473907700927,-11.488783095126,-11.488783095125997,1.7763568394002505e-15,-0.0033084053456278184,-5.228290198184998,3.6214355673257432,6.2604928969410025,0.02776542529660528,0.49802193629528213,6.242383500041702
4,131,1.0,97938.15631794177,0.2161683695223126,11.708259869993938,-11.492091500471627,-11.492091500471625,1.7763568394002505e-15,-0.10787966829949447,-5.240424976331247,3.612609194525121,6.251666524140378,0.027704463376311283,0.49809181206202663,6.23432478679196
4,132,1.0,109094.65389822936,0.11875544777086829,11.71872661654199,-11.599971168771122,-11.599971168771122,0.0,-0.06664537874109833,-5.354884923044042,3.60602891611182,6.245086245727078,0.027501319288841312,0.49827382044428137,6.229516701947056
4,133,1.0,116613.05930322858,0.04917380899289401,11.715790356505117,-11.66661654751222,-11.666616547512223,3.552713678800501e-15,0.031771583572394846,-5.417504370450778,3.6100548474461847,6.249112177061443,0.02758872993466312,0.4982449660705809,6.233263155992516
4,134,1.0,112966.31590715633,0.08438125080235599,11.719226214742182,-11.634844963939825,-11.634844963939827,1.7763568394002505e-15,-0.051566878372854674,-5.39150636353285,3.604281270791716,6.243338600406974,0.027702924139591273,0.49820358143863724,6.227145682676146
4,135,1.0,118944.44832643718,0.03332978203093281,11.71974162434361,-11.68641184231268,-11.686411842312678,1.7763568394002505e-15,-0.07408470937633993,-5.442230825944631,3.60512368675279,6.2441810163680485,0.02768862983223244,0.49821643230318036,6.2281084242404985
4,136,1.0,128091.04148658304,-0.04578636140953181,11.714710190279487,-11.76049655168902,-11.760496551689018,1.7763568394002505e-15,0.02742355642187455,-5.509749800410741,3.6116894216630198,6.250746751278278,0.027736240339447594,0.49819151264645045,6.234412116970928
4,137,1.0,124626.05782186388,-0.016843902315633732,11.716229092951512,-11.733072995267145,-11.733072995267145,0.0,0.09892672325228169,-5.485806136944201,3.6082095287076856,6.247266858322944,0.02769937346723093,0.4981890858294094,6.230942990878691
4,138,1.0,112887.41482142486,0.08522172105339919,11.719367993068262,-11.634146272014863,-11.634146272014863,0.0,0.00017518059296861566,-5.394562003752727,3.6005269386468775,6.239584268262136,0.027687751776682708,0.49813754462258014,6.222838490140892
4,139,1.0,112867.64086921468,0.07496402572957479,11.708935117151471,-11.633971091421895,-11.633971091421897,1.7763568394002505e-15,0.008855146346089526,-5.383937518203645,3.6109762436029924,6.250033573218252,0.027803573193457217,0.4980087715131207,6.2320217695817135
4,140,1.0,111872.5935385435,0.08643758024316178,11.711553525318966,-11.625115945075805,-11.625115945075803,1.7763568394002505e-15,-0.0959512141935086,-5.378571202002513,3.607487413458034,6.246544743073292,0.027699897139914307,0.49803738116161894,6.228808793026551
4,141,1.0,123138.76377962375,-0.005465464572223536,11.715601694697089,-11.721067159269314,-11.721067159269312,1.7763568394002505e-15,-0.14155097925613624,-5.475624294760721,3.606385534893333,6.2454428645085915,0.027634920978974825,0.49812535037341904,6.228511442649347
4,142,1.0,141863.14986169248,-0.15094855587663333,11.711669582648817,-11.86261813852545,-11.86261813852545,0.0,-0.0010249564468054473,-5.609939345126776,3.613621463783415,6.252678793398674,0.027783589861629356,0.4981382176550825,6.2358180840138315
4,143,1.0,142008.62795332543,-0.1468881054930011,11.716754989479256,-11.863643094972256,-11.863643094972257,1.7763568394002505e-15,0.08852967160065717,-5.6165144535403035,3.608071311816694,6.247128641431951,0.027610435053883265,0.4982136379816801,6.231010984843563
4,144,1.0,129977.08223173431,-0.05592396632303604,11.71918945704856,-11.775113423371598,-11.775113423371597,1.7763568394002505e-15,-0.040261207761380646,-5.535538405406423,3.600517688349917,6.2395750179651746,0.027642434909329376,0.4981329739314685,6.222785283723206
4,145,1.0,135316.88879057756,-0.0977810965498245,11.717593534583155,-11.815374631132979,-11.81537463113298,1.7763568394002505e-15,0.03443640901194023,-5.573432518901948,3.6028847826157713,6.2419421122310315,0.02772787897704826,0.49811654173527375,6.22499572559716
4,146,1.0,130736.3818145945,-0.07099889762855939,11.709939324492481,-11.780938222121039,-11.78093822212104,1.7763568394002505e-15,0.12336483477479376,-5.533331686382296,3.608549206123483,6.2476065357387425,0.027667662306552324,0.49803220009325533,6.229865411061122
4,147,1.0,115563.2626245037,0.051304760090727486,11.708878147436971,-11.657573387346245,-11.657573387346243,1.7763568394002505e-15,-0.038497385347534774,-5.414860913648215,3.6036551440827713,6.24271247369803,0.027577944714355963,0.4979362127745494,6.224152853123951
4,148,1.0,120098.8908366689,0.011390170034866632,11.707460942728645,-11.69607077269378,-11.696070772693778,1.7763568394002505e-15,-0.07393693132727108,-5.45150910293935,3.605504340139169,6.244561669754428,0.02755218279421413,0.4979232850453629,6.22587379162598
4,149,1.0,129315.1469935971,-0.059114612309739384,11.710893091711313,-11.770007704021051,-11.770007704021053,1.7763568394002505e-15,0.10372820445930486,-5.526332695222671,3.6046176791831224,6.243675008798381,0.02750320382390166,0.4980042928274087,6.225723134907357
4,150,1.0,116573.76173354652,0.03868371217901229,11.704963211740758,-11.666279499561746,-11.666279499561746,0.0,0.09622206213300544,-5.423474160624834,3.6037480093216536,6.242805338936913,0.02755717453545491,0.49786013758280984,6.223550456022543
4,151,1.0,105879.5533025082,0.13261163134616158,11.702669068774902,-11.57005743742874,-11.57005743742874,0.0,0.056276669532074663,-5.331717372047138,3.599282735766342,6.238340065381601,0.027772484981759743,0.49772138665793286,6.217852617928771
4,152,1.0,100085.56688022899,0.18967559152806562,11.703456359424731,-11.513780767896666,-11.513780767896666,0.0,0.0342692149474324,-5.278666650755841,3.596056787525566,6.235114117140825,0.027643970999623065,0.49768938524601053,6.214370910470586
4,153,1.0,96713.81666178908,0.2171393964044361,11.69665094935367,-11.479511552949234,-11.479511552949234,0.0,-0.02059489598722486,-5.238989028714035,3.601465194619944,6.240522524235201,0.027598048915676972,0.49760183629124627,6.218894921789668
4,154,1.0,98726.27975890884,0.19093671990789599,11.691043168844354,-11.500106448936458,-11.500106448936458,0.0,0.0751051539608536,-5.252005228434568,3.6090438908866296,6.24810122050189,0.027720553050320805,0.4975312157512964,6.225632941082202
4,155,1.0,91583.03215084973,0.2669961687571578,11.691997463732761,-11.425001294975605,-11.425001294975603,1.7763568394002505e-15,0.07287934418443953,-5.1842540733100035,3.601689892050344,6.240747221665602,0.027690396057469816,0.49748207360456653,6.218018769324905
4,156,1.0,85145.93543624553,0.3291411773784153,11.681263128169581,-11.352121950791165,-11.352121950791165,0.0,-0.060849249396346394,-5.105655267371998,3.6074093538039094,6.246466683419167,0.02777887765204248,0.4973290740264765,6.222220939807523
4,157,1.0,90487.88019182227,0.2739050043833196,11.686876204570831,-11.412971200187512,-11.412971200187512,0.0,0.009097876978646724,-5.171044773643379,3.6028690969288775,6.241926426544135,0.027711878332495443,0.4973920112124395,6.218392091090493
4,158,1.0,89668.36616137772,0.2800755657418461,11.68394888895071,-11.403873323208865,-11.403873323208863,1.7763568394002505e-15,0.10874792586909976,-5.161101449839557,3.603714543754049,6.242771873369308,0.027761010696805956,0.49733408208722185,6.218716118493278
4,159,1.0,80428.62284442215,0.38022692396808383,11.675352321307848,-11.295125397339765,-11.295125397339763,1.7763568394002505e-15,0.040189445714673866,-5.049740064848593,3.6063280028759124,6.24538533249117,0.027884647456534226,0.4971605406331546,6.219664635990402
4,160,1.0,77260.33340889576,0.4138203808961607,11.668756332521252,-11.254935951625091,-11.254935951625091,0.0,0.014704558898733566,-5.005886769710739,3.609991852299095,6.249049181914353,0.027776711980064383,0.4970921824952841,6.222668854481866
4,161,1.0,76132.56626573106,0.428852486817235,11.669083879543592,-11.240231392726358,-11.240231392726358,0.0,0.08917698492605908,-4.993693384469714,3.6074806786413833,6.246538008256642,0.02791570705986577,0.4970484738388248,6.219777865068493
4,162,1.0,69637.2154249341,0.5088227520649575,11.659877159865255,-11.151054407800299,-11.151054407800297,1.7763568394002505e-15,-0.0826758040363309,-4.902208109825133,3.609788968359909,6.248846297975168,0.02817633305272491,0.4968343899719057,6.22000288908759
4,163,1.0,75639.22008483957,0.4358028909199497,11.669533102756578,-11.23373021183663,-11.233730211836628,1.7763568394002505e-15,-0.06085481069543519,-4.990635879714573,3.604037002506795,6.243094332122054,0.028149761842139413,0.4969347939508076,6.215310213663129
4,164,1.0,80385.17298348148,0.37372211658272375,11.668307139114791,-11.294585022532065,-11.294585022532068,3.552713678800501e-15,-0.07781505173186432,-5.047621973412381,3.607905719504426,6.246963049119685,0.028088561289634224,0.4969362101107578,6.219157755796232
4,165,1.0,86890.16026272933,0.2982404961662541,11.670640570430182,-11.372400074263929,-11.372400074263927,1.7763568394002505e-15,-0.05448188704944279,-5.125179366525481,3.6081633781231894,6.247220707738448,0.027818072712020407,0.4970221535253654,6.220276692052805
4,166,1.0,91755.43133838747,0.2517041063098949,11.678586067623264,-11.426881961313372,-11.42688196131337,1.7763568394002505e-15,0.01564185913668048,-5.187174583877213,3.6006500478209014,6.239707377436161,0.027831855330902273,0.49708818174848574,6.21347395243199
4,167,1.0,90331.37230674707,0.26302924448185233,11.674269346658544,-11.411240102176691,-11.411240102176691,0.0,-0.004497042223933434,-5.169327113113046,3.6028556594483865,6.2419129890636444,0.02786204342625742,0.49699540463919256,6.214814871493053
4,168,1.0,90738.51107613131,0.25593558398265603,11.671672728383282,-11.415737144400625,-11.415737144400627,1.7763568394002505e-15,0.07503828699377557,-5.17268176113602,3.603998053649348,6.243055383264607,0.0277894036391545,0.49695979610063395,6.21562453376194
4,169,1.0,84178.83959362505,0.32267137660692485,11.663370234013772,-11.34069885740685,-11.340698857406847,1.7763568394002505e-15,-0.13183588698272253,-5.09448144567626,3.6071600821153305,6.24621741173059,0.02802223171055657,0.496774178993798,6.217018144581089
4,170,1.0,96041.4112273512,0.19273584787361472,11.665270592263187,-11.472534744389572,-11.472534744389574,1.7763568394002505e-15,-0.07728812306034172,-5.222945069156223,3.61053234561809,6.24958967523335,0.027948243866963256,0.496887208643138,6.221450542606901
4,171,1.0,103758.65615686929,0.12511109075103777,11.674933958200953,-11.549822867449913,-11.549822867449915,1.7763568394002505e-15,0.035866405305201354,-5.309649316745724,3.601116221088932,6.24017355070419,0.027928837265556828,0.4969814727336124,6.213073688686186
4,172,1.0,100103.15288347687,0.15372025321505337,11.667676715359766,-11.513956462144712,-11.513956462144712,0.0,0.04265699064016637,-5.268363337144314,3.606535795385139,6.245593125000397,0.028056056701674333,0.4968533524868401,6.2172724904355166
4,173,1.0,95922.84712081176,0.1986124966020451,11.66991196810659,-11.471299471504546,-11.471299471504544,1.7763568394002505e-15,0.11226342039016046,-5.234214200069879,3.598027941819406,6.237085271434665,0.02774862061364668,0.4968746236768993,6.209063789858676
4,174,1.0,85736.68286608637,0.3008661453245861,11.65990219643897,-11.359036051114385,-11.359036051114385,0.0,-0.026224859238844545,-5.118430040908089,3.601548680591034,6.240606010206292,0.027927686060050493,0.49667426020805583,6.21068974076899
4,175,1.0,88014.85714060694,0.27443679389671993,11.65969770424995,-11.38526091035323,-11.38526091035323,0.0,0.004315836035807763,-5.1456777644548,3.600525816283173,6.239583145898432,0.027888863717123787,0.4966593670173008,6.209576768206298
4,176,1.0,87635.81797226949,0.2814380141645481,11.662383088481969,-11.380945074317422,-11.38094507431742,1.7763568394002505e-15,0.02248914858504314,-5.147336457682856,3.5945512870193066,6.233608616634565,0.027787077843257544,0.4966653926654161,6.203755456492728
4,177,1.0,85686.95926454298,0.29652815054607884,11.65498407627846,-11.358455925732379,-11.35845592573238,1.7763568394002505e-15,-0.13935268057415406,-5.119559631262759,3.599838964854361,6.23889629446962,0.027695816711786468,0.49658875325204027,6.208304010252304
4,178,1.0,98499.68274642671,0.1542715643111921,11.652080170617726,-11.497808606306533,-11.497808606306533,0.0,0.20544198186005325,-5.2523331410692515,3.6064181356220226,6.2454754652372815,0.027509219934833386,0.49667200545688744,6.215573598837354
4,179,1.0,80207.04432281732,0.3450595141091358,11.637426138555618,-11.29236662444648,-11.292366624446482,1.7763568394002505e-15,-0.07102277276709756,-5.044639423839617,3.608669870991606,6.247727200606865,0.02778174325128857,0.49633692172482163,6.21471549921469
4,180,1.0,86110.73792481891,0.2699311826667719,11.633320579880348,-11.363389397213577,-11.363389397213576,1.7763568394002505e-15,-0.001985052085526462,-5.111643245792929,3.6126888218053885,6.251746151420647,0.027632324306960738,0.49635314874842384,6.218833945355944
4,181,1.0,86281.84199378199,0.27440503391526344,11.639779483214367,-11.365374449299104,-11.365374449299104,0.0,-0.010792318764199393,-5.121918124169183,3.604398995514663,6.243456325129921,0.027673984072228028,0.4963573637614361,6.210721321094815
4,182,1.0,87218.06606329707,0.2678283747251432,11.643995142788444,-11.376166768063303,-11.376166768063301,1.7763568394002505e-15,-0.022913297885944317,-5.137437553933077,3.5996718845149647,6.238729214130225,0.027674858400649933,0.4963531857350559,6.2060488437254095
4,183,1.0,89239.59104996099,0.25127547619583285,11.650355542145078,-11.399080065949247,-11.399080065949246,1.7763568394002505e-15,0.014887910287241013,-5.166852218775231,3.5931705175587565,6.232227847174015,0.027716833636786217,0.4963707143801475,6.1997915836811615
4,184,1.0,87920.84109813269,0.2606116000673013,11.644803755729306,-11.384192155662006,-11.384192155662005,1.7763568394002505e-15,0.05705995555742405,-5.149398365045043,3.5957364610017057,6.234793790616964,0.027683826120362156,0.4962862627274598,6.201573678860223
4,185,1.0,83044.52594490687,0.3153663975413745,11.642498597645956,-11.327132200104582,-11.32713220010458,1.7763568394002505e-15,-0.1104069398085521,-5.092917720188047,3.5951571503012762,6.2342144799165355,0.02771870509829636,0.49618982013317525,6.200115300594887
4,186,1.0,92738.51449958025,0.21129940815031606,11.648838548063448,-11.437539139913135,-11.437539139913133,1.7763568394002505e-15,-0.018958326854523477,-5.207034995748047,3.591446814549827,6.230504144165088,0.027719718417639372,0.49628058096881933,6.197276879591912
4,187,1.0,94513.45334305143,0.19330656667720897,11.649804033444868,-11.456497466767658,-11.456497466767658,0.0,0.0012482678289238436,-5.227228687011283,3.5902114501411164,6.229268779756375,0.027755173437564076,0.49624435570842645,6.195718681234149
4,188,1.0,94395.54884334942,0.19562602674117208,11.650875225679908,-11.455249198938734,-11.455249198938736,1.7763568394002505e-15,0.03825039969473387,-5.2294727615587835,3.5867191077646923,6.225776437379951,0.02773574223124835,0.49623102162853394,6.192164862792349
4,189,1.0,90853.06400604537,0.22705733981104992,11.64405613905505,-11.416998799244,-11.416998799243999,1.7763568394002505e-15,0.10342563613150979,-5.188189352617729,3.5897521170110136,6.228809446626271,0.027777723809202258,0.49610216460280465,6.194011582906014
4,190,1.0,81926.1215236896,0.3254481235866844,11.639021286699176,-11.31357316311249,-11.313573163112492,1.7763568394002505e-15,-0.0996730889067532,-5.085186498803371,3.5893293346938604,6.228386664309119,0.027888077690395082,0.4959353511596785,6.192079130700658
4,191,1.0,90512.77247219527,0.22600859337320817,11.639254845392452,-11.413246252019244,-11.413246252019244,0.0,0.00027997429822868014,-5.184939321492286,3.5892496009116996,6.228306930526958,0.027798463792045276,0.4959814190163508,6.192429968680182
4,192,1.0,90487.43476936,0.21680522316327897,11.629771500884296,-11.412966277721015,-11.412966277721017,1.7763568394002505e-15,-0.09991448912337475,-5.179015637417848,3.5948933106879077,6.233950640303168,0.027696582058903765,0.49586985444910225,6.197002634191068
4,193,1.0,99995.5302873108,0.11564426588262967,11.62852503272702,-11.51288076684439,-11.512880766844392,1.7763568394002505e-15,0.05176059021603585,-5.275446037215667,3.5983774000134647,6.237434729628723,0.027614710147138222,0.495922176023524,6.20088820298363
4,194,1.0,94951.37302376042,0.16949881454904786,11.6306189911774,-11.461120176628354,-11.461120176628352,1.7763568394002505e-15,0.13185997398219307,-5.2285008539042055,3.5935619931088896,6.2326193227241475,0.027685130505686596,0.49585022330965717,6.195496810453096
4,195,1.0,83221.43306982872,0.2918167047950002,11.621076907441164,-11.32926020264616,-11.329260202646164,3.552713678800501e-15,0.059440528354818056,-5.093106055646847,3.597096817384056,6.236154146999316,0.02776107367124585,0.49564264926709245,6.197104702623091
4,196,1.0,78418.85495441819,0.35409440551907667,11.623914079810419,-11.269819674291343,-11.269819674291343,0.0,0.06877405316736684,-5.041130280639856,3.589632064036227,6.228689393651487,0.027904880155026984,0.4955630022393154,6.189039209334998
4,197,1.0,73206.9485597563,0.4165814733480282,11.617627094472004,-11.201045621123976,-11.201045621123976,0.0,-0.021577240901565986,-4.971787254711976,3.5902010367967434,6.229258366412003,0.028094400853370775,0.495390518223141,6.188030490108531
4,198,1.0,74803.71750748606,0.3940530442361613,11.616675906261703,-11.222622862025542,-11.222622862025542,0.0,-0.06264743364934588,-4.995130207976329,3.5884353244339513,6.227492654049209,0.028068574366960336,0.49535272617297565,6.185996141431843
4,199,1.0,79639.88352632675,0.3333718518034051,11.618642147478292,-11.285270295674888,-11.285270295674888,0.0,-0.02640383794018497,-5.060410874558071,3.5858020915015585,6.224859421116817,0.028002102206253154,0.49536309371367504,6.183529608128516
4,200,1.0,81770.68903445953,0.3079271622591082,11.61960129587418,-11.311674133615073,-11.311674133615071,1.7763568394002505e-15,0.009148211223202196,-5.08855715188667,3.584059652113144,6.223116981728403,0.027947350185818755,0.4953698330171848,6.181879026005631
4,201,1.0,81026.04477404724,0.31386993737797864,11.616395859769849,-11.30252592239187,-11.30252592239187,0.0,-0.0038450690728506487,-5.079616442258842,3.583852150517768,6.222909480133027,0.027962169995396403,0.4952665433152829,6.180754934576702
4,202,1.0,81338.19524838719,0.3057589265049183,11.61212991796964,-11.306370991464721,-11.306370991464721,0.0,0.008403084485209433,-5.083243650723969,3.584070011125495,6.223127340740755,0.02799654337070034,0.4951835657022934,6.180244885060645
4,203,1.0,80657.56721430497,0.3104397739578753,11.608407680937386,-11.297967906979512,-11.29796790697951,1.7763568394002505e-15,-0.02171484232245291,-5.074993217999598,3.583917359364656,6.222974688979915,0.028033814825974765,0.4951089459957718,6.179447372205229
4,204,1.0,82428.18837293044,0.28731384058594317,11.606996589887908,-11.319682749301965,-11.319682749301965,0.0,0.04605477447326578,-5.096365660346748,3.5842597593399583,6.223317088955215,0.028016018917861818,0.49506777037625893,6.179409899468708
4,205,1.0,78718.0669047694,0.3288627621720508,11.602490737000752,-11.273627974828699,-11.2736279748287,1.7763568394002505e-15,0.06112039434512084,-5.050286869114156,3.5842837760992845,6.223341105714543,0.028129388791949927,0.49491488474697176,6.178063857676113
4,206,1.0,74050.87089144545,0.3834567101268696,11.595964290610448,-11.212507580483578,-11.212507580483578,0.0,-0.1424938756305103,-4.986680809384549,3.5867694414837703,6.225826771099029,0.02825410298017987,0.49473550463162475,6.178869110496163
4,207,1.0,85391.46694555035,0.2458898531077679,11.600891309221858,-11.355001456114088,-11.35500145611409,1.7763568394002505e-15,0.049899033912755186,-5.131893469801603,3.5840506566972246,6.223107986312482,0.028072554220137054,0.49486166533684595,6.177350076614927
4,208,1.0,81235.07753376584,0.2873849153062536,11.592487337507588,-11.305102422201333,-11.305102422201335,1.7763568394002505e-15,0.008913106311492669,-5.07856221016113,3.5874828824249434,6.226540212040203,0.02813852115126464,0.49468289020445244,6.179136232765984
4,209,1.0,80514.23788386193,0.2863417817979401,11.58253109768778,-11.29618931588984,-11.29618931588984,0.0,0.01795771529023682,-5.062076018941882,3.5950559673326983,6.2341132969479585,0.028103211313092236,0.49454645073548925,6.185302001160275
4,210,1.0,79081.29085828972,0.30860881731558826,11.586840417915193,-11.278231600599604,-11.278231600599604,0.0,-0.04884733269647157,-5.053663860840362,3.5855104101439825,6.224567739759242,0.028147435383884905,0.4945069345641841,6.175669096927267
4,211,1.0,83040.10254585708,0.2599506824580644,11.58702961575414,-11.327078933296075,-11.327078933296075,0.0,0.05239275621510231,-5.105227505809396,3.58279409787142,6.221851427486678,0.028109798077633086,0.494517279880395,6.173117499484257
4,212,1.0,78801.41062994415,0.3055169799787003,11.580203157059671,-11.274686177080973,-11.274686177080971,1.7763568394002505e-15,-0.04850286649382696,-5.051591176984865,3.584037670480849,6.223095000096108,0.028217267805158087,0.494322129914334,6.172593640919908
4,213,1.0,82717.71314063958,0.2527580431835176,11.575947086758315,-11.3231890435748,-11.323189043574798,1.7763568394002505e-15,-0.08819715895925384,-5.095023562096946,3.5891081518625945,6.228165481477854,0.028072865819253157,0.4942971363824679,6.177375298892074
4,214,1.0,90344.57071664488,0.1636435537979992,11.575029756332054,-11.411386202534054,-11.411386202534054,0.0,-0.06800056719598935,-5.184393905492558,3.5879349674262384,6.226992297041498,0.028155436048552637,0.49427621084768536,6.176036667050787
4,215,1.0,96701.74915333264,0.09495348546680014,11.574340255196844,-11.479386769730043,-11.479386769730045,1.7763568394002505e-15,-0.041655558234495516,-5.251612648434489,3.5887167916802936,6.227774121295552,0.0280915410056292,0.4943089828926467,6.177121109892552
4,216,1.0,100814.98940357406,0.052156112273918295,11.573198440238457,-11.521042327964539,-11.521042327964539,0.0,-0.024936325882780608,-5.292868549419799,3.589116448929482,6.228173778544741,0.028128332985625074,0.4942847848090319,6.17730091464381
4,217,1.0,103360.55140959166,0.023824555316389738,11.56980320916371,-11.54597865384732,-11.545978653847321,1.7763568394002505e-15,0.07700760483379376,-5.32017073077146,3.5867505934605997,6.225807923075857,0.0282342491319371,0.49418747267931734,6.174093294959744
4,218,1.0,95699.7580297922,0.0965888779824624,11.565559926995988,-11.468971049013525,-11.468971049013525,0.0,-0.03849531859333233,-5.242816971029953,3.5870967483683143,6.226154077983572,0.028296493252493445,0.49402208494200567,6.172973285710375
4,219,1.0,99455.57764305019,0.05611959394902403,11.563585961555882,-11.507466367606858,-11.507466367606858,0.0,-0.07536172136753727,-5.283387263891886,3.5850217740997095,6.224079103714969,0.028217724626843826,0.4940182425445569,6.170900548775636
4,220,1.0,107240.37497866689,-0.02039613280108912,11.562431956173306,-11.582828088974395,-11.582828088974395,0.0,0.0359370776392165,-5.360560528002766,3.5832102313563703,6.222267560971629,0.028253212862390305,0.49402346442687745,6.16911302513769
4,221,1.0,103454.89621416954,0.008805482960536109,11.555696494295713,-11.546891011335179,-11.546891011335177,1.7763568394002505e-15,0.041004667752856605,-5.3264385439878765,3.5813951377320437,6.220452467347302,0.02830521407065059,0.49386450744339366,6.165890080173755
4,222,1.0,99298.55951986957,0.04669320926569186,11.552579552848012,-11.505886343582322,-11.50588634358232,1.7763568394002505e-15,-0.010661828833255171,-5.284582613442189,3.5822464005248746,6.221303730140135,0.028276655679647104,0.4937466727857003,6.165737732711378
4,223,1.0,100362.92773812215,0.028712425169204147,11.545260597584782,-11.516548172415577,-11.516548172415579,1.7763568394002505e-15,0.009481670391011221,-5.29235019074852,3.585140652051796,6.2241979816670545,0.02818880998959214,0.4936544523237813,6.167768984586604
4,224,1.0,99415.81673062376,0.037128064373546335,11.544194566398112,-11.507066502024566,-11.507066502024566,0.0,0.10423733081947262,-5.285119441310075,3.58288973109923,6.221947060714489,0.028143375641116155,0.4935968604742034,6.165061877588111
4,225,1.0,89574.78762078774,0.13772175061640668,11.5405509218215,-11.402829171205093,-11.402829171205093,0.0,0.015911870802042927,-5.180990459494807,3.582781382095028,6.221838711710286,0.028275139342158633,0.4933834635180763,6.163098565777022
4,226,1.0,88160.76488091586,0.15256182018476117,11.539479120587814,-11.38691730040305,-11.386917300403052,1.7763568394002505e-15,0.06156850872528885,-5.169067096793514,3.5787928739942756,6.217850203609535,0.02828698641779246,0.4933193424407369,6.158640899184571
4,227,1.0,82896.55562251416,0.2126733449638876,11.538022136641647,-11.325348791677762,-11.32534879167776,1.7763568394002505e-15,-0.009181846390582393,-5.105873286676659,3.580418175385843,6.2194755050011015,0.02834060637407751,0.4931909134854879,6.159119248277551
4,228,1.0,83661.204133082,0.19835422151463156,11.532884859582978,-11.334530638068344,-11.334530638068347,3.552713678800501e-15,0.0032345235742656797,-5.111887620887328,3.5835856875657575,6.222643017181015,0.02844241361163413,0.49308524091456246,6.161252468860835
4,229,1.0,83391.03716232385,0.2019361499939627,11.533232264488042,-11.331296114494078,-11.33129611449408,1.7763568394002505e-15,-0.016003275488577273,-5.1119376259315965,3.5803011589472242,6.219358488562483,0.028394716225197576,0.4930699772784581,6.157939200843842
4,230,1.0,84736.30251873923,0.18257359312703503,11.52987298310969,-11.347299389982656,-11.347299389982656,0.0,-0.133929952383939,-5.133355488214632,3.5748865721527645,6.213943901768023,0.028345034876011557,0.4929770661598067,6.151837893360357
4,231,1.0,96880.09340589144,0.04044029454717709,11.521669636913769,-11.481229342366595,-11.481229342366593,1.7763568394002505e-15,0.1129822279602184,-5.2621016650209125,3.5800703477304228,6.219127677345682,0.02831737638508317,0.4929677281215687,6.156804712690222
4,232,1.0,86530.05717952678,0.15033582726590342,11.518582941672282,-11.368247114406376,-11.368247114406378,1.7763568394002505e-15,0.04085344943834457,-5.148137622447314,3.5810521623438043,6.220109491959063,0.02827523243354264,0.49280863304167394,6.156422060870738
4,233,1.0,83066.24200941344,0.1902737822419571,11.517667447209986,-11.327393664968032,-11.327393664968028,3.552713678800501e-15,-0.07827282882307784,-5.111987054453988,3.576349280898785,6.215406610514045,0.028246584763865597,0.492715489614385,6.151025473999504
4,234,1.0,89829.3010864996,0.11043290611093633,11.516099399902046,-11.40566649379111,-11.40566649379111,0.0,-0.07635856490366599,-5.190140546978986,3.5764686171968663,6.215525946812124,0.02818574762596903,0.49273335022638265,6.151284999625597
4,235,1.0,96957.21315674354,0.022931067338460367,11.504956126033235,-11.482025058694775,-11.482025058694775,0.0,0.0351788025035944,-5.260284040402043,3.5826836886774704,6.221741018292731,0.028198217199067534,0.492627806105082,6.156401272460264
4,236,1.0,93605.6717445409,0.05571318409849599,11.502559440289676,-11.446846256191181,-11.446846256191181,0.0,-0.09627453338540093,-5.2272572099504595,3.580531716625461,6.21958904624072,0.028274557132493508,0.4924977524855784,6.153127849543687
4,237,1.0,103065.5826737803,-0.048711832500972975,11.49440895707561,-11.543120789576582,-11.543120789576582,0.0,0.0037504729564474815,-5.325346023104446,3.5787174368568766,6.217774766472135,0.028229732433477366,0.49247303641753937,6.151085745624017
4,238,1.0,102679.76195056365,-0.05150969379769554,11.487860622822437,-11.539370316620134,-11.539370316620133,1.7763568394002505e-15,-0.05813879651278597,-5.319656355062399,3.580656631942477,6.219713961557735,0.028248762030169364,0.4923226897825074,6.151676716425311
4,239,1.0,108826.38716982026,-0.1240499380746107,11.473459175058313,-11.59750911313292,-11.597509113132924,3.552713678800501e-15,0.04576955520525594,-5.37376482226633,3.5846869612513315,6.22374429086659,0.028266287584730976,0.49219331731006466,6.1543580001092995
4,240,1.0,103957.72009614596,-0.06993157924380379,11.48180797868386,-11.551739557927664,-11.551739557927663,1.7763568394002505e-15,0.02195677337144808,-5.337760094386716,3.57492213392569,6.21397946354095,0.028313008135733984,0.4921558402042923,6.144570512875049
4,241,1.0,101700.02059624187,-0.05168646835032798,11.478096316205887,-11.529782784556216,-11.529782784556215,1.7763568394002505e-15,0.031113793756020414,-5.31828176545084,3.5724436894901177,6.211501019105376,0.028421629924372232,0.49197949824517384,6.140606509581339
4,242,1.0,98584.4668143109,-0.024135824454823693,11.474533166345372,-11.498668990800196,-11.498668990800196,0.0,-0.05384004537867071,-5.286627090805053,3.572984570379885,6.2120418999951434,0.028313808892099734,0.4918639692311598,6.1402013655722465
4,243,1.0,104037.74408521564,-0.0851449443761878,11.46736409180268,-11.552509036178867,-11.552509036178867,0.0,0.08797386240464178,-5.33485231659175,3.578599389971857,6.217656719587116,0.028339467776791707,0.49179705426201176,6.1450421622012295
4,244,1.0,95276.185993646,0.00450847785717684,11.469043651631399,-11.464535173774225,-11.464535173774221,3.552713678800501e-15,0.03717340488165988,-5.253720270913726,3.571757573245239,6.2108149028604975,0.028381775763804885,0.4916396302445868,6.137062571858574
4,245,1.0,91799.46685321779,0.04140507778619546,11.468766846678761,-11.427361768892565,-11.427361768892565,0.0,0.04124781613952955,-5.2212938830655355,3.5670105562117684,6.206067885827027,0.02845576713983056,0.4915237302038056,6.131450051152457
4,246,1.0,88089.96957805275,0.08368567650516595,11.469799629258203,-11.386113952753036,-11.386113952753037,1.7763568394002505e-15,-0.011544028604548728,-5.180856574256361,3.566200048881416,6.2052573784966745,0.02842933597379255,0.49144264602604026,6.130010419743278
4,247,1.0,89112.77499551291,0.062063407857860776,11.459721389215444,-11.397657981357584,-11.397657981357582,1.7763568394002505e-15,-0.14055951652990117,-5.194302337923681,3.5642983138186444,6.203355643433904,0.028524139601813235,0.49126441812795013,6.126579638202364
4,248,1.0,102561.459001553,-0.09199190151066149,11.446225596376827,-11.538217497887485,-11.538217497887489,3.552713678800501e-15,-0.04503004884714379,-5.332148088666083,3.5670120796061453,6.206069409221405,0.028545190102921676,0.49124266148833096,6.128833184809026
4,249,1.0,107285.36722167526,-0.14615453773597173,11.437093008998659,-11.58324754673463,-11.583247546734631,1.7763568394002505e-15,-0.0789138391200197,-5.374287118145936,3.569903098973435,6.208960428588692,0.028512859694600753,0.4911453377105598,6.130778745083822
4,250,1.0,116094.68485105174,-0.23528053852025912,11.426880847334388,-11.662161385854649,-11.662161385854647,1.7763568394002505e-15,0.07514011872782156,-5.453065909827011,3.5700381464123816,6.209095476027641,0.028694078713613576,0.49101938216516505,6.12964693902705
4,251,1.0,107690.99708520791,-0.16384751775031445,11.423173749376511,-11.587021267126827,-11.587021267126826,1.7763568394002505e-15,0.030004699585459704,-5.376830626551402,3.5711333109601675,6.210190640575426,0.02860396095454736,0.49086363650398257,6.1294850173627955
4,252,1.0,104507.75598044091,-0.13881662309584336,11.418199944445526,-11.557016567541368,-11.55701656754137,1.7763568394002505e-15,-0.05358055309414134,-5.347402787408283,3.570556450517826,6.209613780133084,0.028595194346115363,0.49069975756671014,6.127529392462456
4,253,1.0,110260.06929753147,-0.19738029456523914,11.413216826070268,-11.610597120635509,-11.610597120635507,1.7763568394002505e-15,-0.002832338919171562,-5.402292859518319,3.569246931501934,6.208304261117193,0.028736092961899117,0.4906241313312764,6.125485920610285
4,254,1.0,110572.80586193666,-0.2008673930308259,11.412562066523854,-11.61342945955468,-11.61342945955468,0.0,0.12743219690588603,-5.407460210565505,3.566911919373918,6.205969248989177,0.028766393752240563,0.4905486716300292,6.1226123003388455
4,255,1.0,97343.1129110737,-0.06039252520226945,11.425604737446527,-11.485997262648795,-11.485997262648796,1.7763568394002505e-15,-0.009035327560775741,-5.286644299497339,3.5602956335361964,6.199352963151456,0.028670321454435266,0.4904994536984827,6.116067782757517
4,256,1.0,98226.62522297155,-0.07694346843021435,11.418089121779355,-11.49503259020957,-11.495032590209568,1.7763568394002505e-15,-0.0062572120283928,-5.296428451783082,3.559546808811229,6.1986041384264885,0.02868974470370502,0.4903776632019031,6.114171660799462
4,257,1.0,98843.17697972184,-0.08725755313953237,11.414032249098433,-11.501289802237963,-11.501289802237965,1.7763568394002505e-15,0.06079900993997889,-5.302056399330016,3.5601760732926904,6.199233402907949,0.028646538466396847,0.49030862363697714,6.114235056212358
4,258,1.0,93012.65073547907,-0.02553892536191666,11.414951866936068,-11.440490792297984,-11.440490792297984,0.0,-0.02522572318470928,-5.240747800423335,3.560685662259389,6.199742991874649,0.028666527160897754,0.4901721093281244,6.113674718991794
4,259,1.0,95388.80623438057,-0.062491022565589666,11.403225492917104,-11.465716515482693,-11.465716515482693,0.0,0.07895831048002577,-5.266778688563138,3.559880497304296,6.198937826919555,0.02870726750952257,0.4900393754746775,6.111649569294812
4,260,1.0,88146.74002440381,0.01393989010199101,11.400698095104659,-11.386758205002668,-11.386758205002668,0.0,0.06505298154746164,-5.188428172760505,3.5592727026269033,6.198330032242162,0.0287782553535112,0.48982160588285484,6.109259286452896
4,261,1.0,82595.06594932273,0.07989127725322874,11.401596500708436,-11.321705223455206,-11.321705223455208,1.7763568394002505e-15,-0.12674113572085588,-5.12395342816735,3.558694465672598,6.197751795287857,0.028791435734790722,0.48969445691035585,6.1076946911624805
4,262,1.0,93755.57035392482,-0.06476290865951034,11.383683450516552,-11.448446359176062,-11.448446359176062,0.0,0.0883333660503407,-5.247983823450291,3.5614052061105146,6.200462535725774,0.02882421700157226,0.4895674559614246,6.1090566664788755
4,263,1.0,85829.0660385084,0.021139060028053117,11.381252053153773,-11.360112993125721,-11.36011299312572,1.7763568394002505e-15,0.07005692705920019,-5.153938976308227,3.5671166872022355,6.206174016817493,0.02867842875077811,0.4893846517347974,6.113238544258631
4,264,1.0,80021.93519949676,0.09074633212780517,11.380802398194325,-11.290056066066521,-11.29005606606652,1.7763568394002505e-15,-0.05860153635332388,-5.081040442232263,3.5699582942190005,6.20901562383426,0.028814359300365723,0.4892053705503756,6.114506013124941
4,265,1.0,84851.47061236571,0.014431916316411768,11.363089518736258,-11.348657602419845,-11.348657602419847,1.7763568394002505e-15,0.10207982018474837,-5.141627425344768,3.567972847459817,6.207030177075076,0.02890130003124184,0.48898538245409084,6.110554552911614
4,266,1.0,76617.2696168329,0.11786932602849688,11.364447108263592,-11.246577782235097,-11.246577782235095,1.7763568394002505e-15,0.020581894926047895,-5.042905915923181,3.5646145366966566,6.203671866311916,0.028742153528615113,0.48880458007689204,6.105836690383197
4,267,1.0,75056.45834893765,0.13148166158247993,11.357477548891527,-11.225995887309049,-11.225995887309047,1.7763568394002505e-15,0.00985271133445309,-5.02368425887201,3.5632542988217772,6.202311628437035,0.02880744411876669,0.4886203553882144,6.102922914094078
4,268,1.0,74320.5798830869,0.14186611232198426,11.358009288296582,-11.216143175974596,-11.216143175974597,1.7763568394002505e-15,-0.030607424989971932,-5.010823428761599,3.56626241759774,6.205319747212998,0.02870035482292497,0.4885872783944243,6.105597577074645
4,269,1.0,76630.51166022714,0.10877774862158691,11.355528349586155,-11.246750600964567,-11.246750600964567,0.0,0.0498484002484858,-5.044386175456197,3.563307095893111,6.20236442550837,0.028693288888289897,0.48852617735201503,6.102258256374156
4,270,1.0,72904.24893405782,0.15907878924842797,11.35598098996451,-11.196902200716082,-11.196902200716082,0.0,-0.0563618024466912,-4.994268301446183,3.56357656965464,6.202633899269899,0.028660788403022497,0.48843636942407725,6.101757285881953
4,271,1.0,77131.26604031512,0.09379876628337032,11.347062769446143,-11.253264003162773,-11.253264003162773,0.0,-0.01421262510586807,-5.0490988639563055,3.56510780959121,6.204165139206467,0.028611756132906858,0.4883441194835881,6.102511090360832
4,272,1.0,78235.33105464425,0.07205905238518946,11.339535680653833,-11.267476628268641,-11.267476628268644,3.552713678800501e-15,-0.029335747612107,-5.066708284344321,3.5617110143090587,6.200768343924318,0.028652208400469448,0.4881689820798528,6.097654157837078
4,273,1.0,80564.41871539655,0.029848561800693618,11.326660937681442,-11.296812375880748,-11.296812375880748,0.0,0.011641319644271064,-5.096028128571492,3.561726917693997,6.200784247309256,0.028648044388189353,0.4879841930030964,6.096021824570867
4,274,1.0,79631.98050116288,0.04287222563384439,11.328043281870318,-11.285171056236477,-11.285171056236473,3.552713678800501e-15,-0.006306680261745967,-5.083450064855987,3.562663661765228,6.201720991380486,0.028527729657149226,0.48793411254615465,6.096682224076349
4,275,1.0,80135.78092503331,0.03197110392750509,11.323448840425726,-11.291477736498223,-11.291477736498221,1.7763568394002505e-15,0.02369625774615436,-5.087120195677373,3.565300211205591,6.204357540820849,0.028581099945893966,0.48780633270604823,6.098206714537332
4,276,1.0,78259.18476886078,0.0539143811842695,11.321695859936336,-11.267781478752068,-11.267781478752067,1.7763568394002505e-15,0.09251251096736901,-5.067447281156876,3.5612768679799336,6.200334197595192,0.028717069767311924,0.48764495696746146,6.092919035065952
4,277,1.0,71344.0314568209,0.14285772031210653,11.31812668809681,-11.1752689677847,-11.175268967784703,3.552713678800501e-15,-0.005443266074573572,-4.968784629634302,3.567427008535138,6.206484338150396,0.028631834171930378,0.4875051996760527,6.097590772950123
4,278,1.0,71733.43485455155,0.1270745435048407,11.307786777364115,-11.180712233859273,-11.180712233859273,0.0,0.10579689738254316,-4.974048360979209,3.5676065432648056,6.206663872880064,0.028733487233009995,0.48733928322641534,6.096345116985959
4,279,1.0,64531.924671239874,0.23701492957382714,11.311930266050554,-11.07491533647673,-11.074915336476726,3.552713678800501e-15,-0.06701136890710302,-4.868732804908981,3.567125201952487,6.206182531567746,0.028855475340102812,0.4871529755093075,6.094201301344834
4,280,1.0,69004.47974992121,0.15364650119636258,11.295573206580192,-11.141926705383833,-11.14192670538383,3.552713678800501e-15,-0.03363802914794256,-4.924837529635211,3.57803184613336,6.21708917574862,0.028598424472065793,0.48707932610756977,6.10412176885945
4,281,1.0,71365.13576975129,0.11547376620588659,11.291038500737663,-11.175564734531775,-11.175564734531777,1.7763568394002505e-15,-0.08396393790165035,-4.961504797843228,3.575002607073288,6.214059936688548,0.02861542897727733,0.48698824239536354,6.10044410576054
4,282,1.0,77615.98462803075,0.029292593904743085,11.28882126633817,-11.259528672433426,-11.259528672433426,0.0,0.0168238103840892,-5.053153113946011,3.567318228872157,6.206375558487416,0.028793413473482063,0.4869128280251773,6.092360948429364
4,283,1.0,76321.11091644663,0.03328588944580187,11.275990751495138,-11.242704862049337,-11.242704862049337,0.0,0.08349354290697342,-5.023182375787144,3.5804651566469343,6.219522486262191,0.02884296108162041,0.4867340129970339,6.103410694541351
4,284,1.0,70207.56299218793,0.11525756997806305,11.274468889120428,-11.159211319142363,-11.159211319142365,1.7763568394002505e-15,-0.11086390745225749,-4.94004391878566,3.5801100707414464,6.219167400356705,0.02880343270010357,0.48655053864295555,6.1015698549484805
4,285,1.0,78438.8976342896,-0.004503106182554312,11.265572120412067,-11.27007522659462,-11.27007522659462,0.0,-0.037785970589132134,-5.061053313859461,3.569964583119901,6.2090219127351585,0.028824485012855658,0.4864551219984201,6.091096580071361
4,286,1.0,81459.49625139828,-0.043359488368898406,11.264501708814853,-11.307861197183753,-11.307861197183751,1.7763568394002505e-15,0.1117833597920086,-5.106520657490958,3.5622832100775375,6.201340539692795,0.02884146357472519,0.48638865294891054,6.083115713160255
4,287,1.0,72844.1741101911,0.07486162441191832,11.27093946180366,-11.196077837391744,-11.196077837391742,1.7763568394002505e-15,0.031206655444945497,-4.992382813569434,3.5646376942070512,6.20369502382231,0.02869113004342462,0.48626397524587195,6.084370504502927
4,288,1.0,70606.05480728368,0.10228172208190284,11.267152904028706,-11.164871181946799,-11.164871181946802,3.552713678800501e-15,0.019895751599632305,-4.974594839030764,3.5512190133007775,6.190276342916037,0.02903668805217732,0.4859412037930511,6.0686315972269265
4,289,1.0,69215.17644485622,0.11791555313813817,11.262890983485306,-11.144975430347166,-11.144975430347168,1.7763568394002505e-15,-0.12848118344523307,-4.955172687210292,3.5507454135216157,6.189802743136875,0.029123699335259615,0.4857612160690578,6.066668749307509
4,290,1.0,78704.57885094543,-0.023235582868099992,11.2502210309243,-11.2734566137924,-11.2734566137924,0.0,0.06418383873591438,-5.086747742369128,3.547651541808013,6.1867088714232725,0.029143468155327264,0.48576808725286535,6.06361555819524
4,291,1.0,73811.71774788901,0.04342495277159683,11.252697727828082,-11.209272775056485,-11.209272775056485,0.0,0.04010771662817092,-5.022882906711574,3.5473325387296497,6.186389868344909,0.02921023005022331,0.4856445426637823,6.062373935185337
4,292,1.0,70909.88031325862,0.08697940858386528,11.25614446701218,-11.169165058428314,-11.169165058428316,1.7763568394002505e-15,0.01908300053498202,-4.982475519247909,3.5476322095651485,6.186689539180407,0.0293255640554038,0.4855581827081388,6.061854086853196
4,293,1.0,69569.53659407896,0.10022791857812341,11.250309976471454,-11.150082057893332,-11.15008205789333,1.7763568394002505e-15,-0.020168855282726383,-4.965175595261519,3.5458491330165534,6.184906462631813,0.029405624723561043,0.48533450645210174,6.058261486765867
4,294,1.0,70986.91996282365,0.07027371432153032,11.240524627497589,-11.170250913176059,-11.170250913176059,0.0,-0.02093952665375909,-4.982764796883835,3.548428786676965,6.187486116292225,0.029472792859184457,0.48521338619186977,6.0596560430016755
4,295,1.0,72489.02425745151,0.04672514198508218,11.237915581814901,-11.191190439829818,-11.19119043982982,1.7763568394002505e-15,-0.17812507167253422,-5.003331609716713,3.548801500497846,6.187858830113105,0.029564289063872085,0.48513961439353187,6.0592707065496425
4,296,1.0,86622.55504475866,-0.1564832616038754,11.212832249898476,-11.369315511502352,-11.369315511502352,0.0,-0.07083537411850571,-5.1803197343956615,3.549938447491431,6.18899577710669,0.029657084296303697,0.48506945945851115,6.059504114281942
4,297,1.0,92981.04048700839,-0.2445350791914325,11.195615806429426,-11.440150885620858,-11.44015088562086,1.7763568394002505e-15,-0.03584573450395112,-5.24494178477107,3.556151771234528,6.1952091008497865,0.029911558058376992,0.48489241028254054,6.063714172778903
4,298,1.0,96374.47083130598,-0.28811570258848906,11.18788091753632,-11.475996620124809,-11.47599662012481,1.7763568394002505e-15,0.04683452828664514,-5.277584572335057,3.5593547181744922,6.198412047789752,0.030029355842470448,0.4848146028770522,6.066068152591677
4,299,1.0,91964.88439760898,-0.238729407301888,11.190432684536274,-11.429162091838164,-11.429162091838162,1.7763568394002505e-15,0.10277257337639867,-5.237239427501512,3.552865334721391,6.1919226643366505,0.029948120952294804,0.4846457618045932,6.058597246438622
4,300,1.0,82982.87319696698,-0.1257279003261833,11.200661618135582,-11.326389518461765,-11.326389518461765,0.0,0.03924788590240702,-5.139245940784262,3.5480862480622433,6.187143577677503,0.029885602237036363,0.48448068081780143,6.052796292726647
4,301,1.0,79789.0561103915,-0.08733309015093058,11.199808542408427,-11.287141632559358,-11.287141632559358,0.0,0.13591152148646302,-5.093223812212559,3.5548604907315395,6.1939178203467975,0.02998152421196243,0.4843508926422524,6.058169682862597
4,302,1.0,69649.45198654919,0.0606363010657818,11.21186641213868,-11.151230111072895,-11.151230111072897,1.7763568394002505e-15,0.02152722469779711,-4.962531598508289,3.549641182949347,6.188698512564606,0.029995225745842694,0.48416486941259484,6.05158727712063
4,303,1.0,68166.11592163972,0.07393865912787127,11.203641545502968,-11.129702886375098,-11.129702886375098,0.0,-0.07311532863256964,-4.943948554291629,3.546697002468208,6.185754332083468,0.029882632546860025,0.48393803189394585,6.0469883015191845
4,304,1.0,73336.82982837991,-0.01621826011563105,11.186599954892037,-11.202818215007667,-11.202818215007667,0.0,0.03575286620648832,-5.015414840051347,3.5483460453410616,6.18740337495632,0.029882692497194104,0.48378322432337634,6.0473692548329865
4,305,1.0,70761.14635860865,0.020445672973822125,11.187511021775002,-11.167065348801179,-11.167065348801179,0.0,0.03524137679168504,-4.9872219405547344,3.540786078631186,6.1798434082464455,0.0298415993290362,0.48363480975617557,6.038968735606616
4,306,1.0,68310.8555391701,0.05406750614312158,11.185891478152616,-11.131823972009494,-11.131823972009494,0.0,-0.057762516327239055,-4.960344783848774,3.5324218585454594,6.171479188160719,0.029775257978046688,0.4834584263453865,6.029560518807821
4,307,1.0,72372.84857374891,-0.02306532370307897,11.166521164633654,-11.189586488336733,-11.189586488336733,0.0,0.06723379892057224,-5.022173029714877,3.528356129006597,6.167413458621857,0.029737508506839015,0.48323348027219165,6.023692617785479
4,308,1.0,67666.91839121825,0.044672855128777764,11.16702554454494,-11.12235268941616,-11.122352689416163,1.7763568394002505e-15,0.04725342277149025,-4.953863583409972,3.52943177639093,6.168489106006187,0.02977738393940715,0.4830311203118388,6.023070782401253
4,309,1.0,64543.79513061652,0.0912340781875695,11.16633334483224,-11.07509926664467,-11.07509926664467,0.0,0.05201837800718678,-4.906690948776842,3.529350988252568,6.1684083178678275,0.02990020028284155,0.48283819372184505,6.021354678614282
4,310,1.0,61272.161822510025,0.14280411908310925,11.165885007720592,-11.023080888637484,-11.023080888637482,1.7763568394002505e-15,-0.043146275876532414,-4.854867579973663,3.529155979048561,6.168213308663821,0.029917060177597737,0.48266955341723305,6.019880557914947
4,311,1.0,63973.688748956614,0.08662682093949703,11.152853985453515,-11.066227164514016,-11.066227164514018,1.7763568394002505e-15,-0.04799748884451027,-4.900778083626301,3.526391751272456,6.165449080887714,0.029864333809381742,0.4824789332282201,6.015810514784948
4,312,1.0,67119.14840143692,0.019860869682001146,11.134085523040525,-11.114224653358526,-11.114224653358525,1.7763568394002505e-15,0.02955320863435773,-4.951349507334617,3.5238178164086507,6.162875146023909,0.02989530620037844,0.4822268908821287,6.011159454138453
4,313,1.0,65164.586253046466,0.0399698701518807,11.12464131487605,-11.084671444724169,-11.084671444724169,0.0,0.11384218554024805,-4.91712747628614,3.52848663882277,6.167543968438028,0.029778347967308584,0.48206628271842644,6.014417265724947
4,314,1.0,58152.797154210726,0.16346777124375977,11.134297030427682,-10.97082925918392,-10.970829259183922,1.7763568394002505e-15,-0.08990517168287582,-4.804049265892181,3.527722663676481,6.16677999329174,0.029981606369176645,0.481842262004423,6.011816840893212
4,315,1.0,63623.26159876323,0.0544543741295305,11.115188804996327,-11.060734430866797,-11.060734430866797,0.0,-0.008645088507130083,-4.895726034472695,3.525951066778842,6.165008396394101,0.029964489586153786,0.4816592018302109,6.008588906020115
4,316,1.0,64175.67471604634,0.029369594489020753,11.098749113862949,-11.069379519373927,-11.069379519373928,1.7763568394002505e-15,-0.09152047270321262,-4.8941201190257955,3.5362020707328723,6.175259400348132,0.030047133105111954,0.481447466906514,6.016594331997918
4,317,1.0,70326.22076251487,-0.09203418076306627,11.068865811314074,-11.16089999207714,-11.160899992077141,1.7763568394002505e-15,-0.024690305057841755,-4.985374386448185,3.536468276013698,6.175525605628957,0.030031020017812358,0.4812305534623274,6.014866762749441
4,318,1.0,72084.2099447264,-0.1293234634555943,11.056266833679384,-11.185590297134981,-11.18559029713498,1.7763568394002505e-15,0.06846330920851962,-5.018185055756488,3.5283479117632317,6.167405241378491,0.03007643090027272,0.4810035623183875,6.005126232218381
4,319,1.0,67314.23359031406,-0.04618904296492717,11.070937944961532,-11.117126987926461,-11.11712698792646,1.7763568394002505e-15,-0.12345361548063849,-4.951935333276507,3.526134325034696,6.165191654649955,0.030254676916731022,0.4808961854170684,6.0023466646863834
4,320,1.0,76159.1572136747,-0.19224695079390694,11.048333652613195,-11.2405806034071,-11.240580603407102,1.7763568394002505e-15,-0.0691860594967526,-5.077568868453365,3.523954405338476,6.163011734953735,0.03025926321553319,0.48084222766964047,5.999444498578467
4,321,1.0,81614.86250460803,-0.28922982532867475,11.020536837575177,-11.309766662903852,-11.309766662903852,0.0,-0.0028545487530742264,-5.140859226885715,3.5298501064028778,6.168907436018137,0.030323697180438595,0.4806067533040676,6.002718546787649
4,322,1.0,81848.16894247977,-0.30173886245398795,11.010882349202936,-11.312621211656927,-11.312621211656923,3.552713678800501e-15,-0.0741565301670235,-5.147183114502082,3.526380767539586,6.165438097154845,0.030307242821201334,0.4804367801453698,5.997999415350697
4,323,1.0,88148.4621483326,-0.3921728115563263,10.994604930267624,-11.38677774182395,-11.38677774182395,0.0,0.03828761281059734,-5.218355223580147,3.5293651886285446,6.168422518243802,0.030472807262773197,0.4803500414742884,5.999802075500378
4,324,1.0,84837.26143739904,-0.3473974985328004,11.001092630480553,-11.348490129013353,-11.348490129013353,0.0,-0.011787100730478173,-5.185419489043617,3.5240133103544773,6.163070639969737,0.03047010029575197,0.4802110978372359,5.993875889137368
4,325,1.0,85843.16347167571,-0.3726612770914536,10.987615952652376,-11.360277229743831,-11.36027722974383,1.7763568394002505e-15,0.034949703299568924,-5.198472942035629,3.5227469580929416,6.1618042877082,0.030555112489108943,0.4799798062980066,5.990820448120254
4,326,1.0,82894.7928266457,-0.3342633529777605,10.991064173466501,-11.325327526444262,-11.325327526444262,0.0,0.11470822362700162,-5.160156607219936,3.5261135896090674,6.165170919224326,0.030709187059943924,0.47980232951358587,5.9928970131093084
4,327,1.0,73911.17422033021,-0.19704328190578504,11.013576020911474,-11.21061930281726,-11.210619302817259,1.7763568394002505e-15,0.03605178449092428,-5.050620882089663,3.5209410911123373,6.159998420727597,0.03059330143826921,0.4797083740134329,5.987446726198022
4,328,1.0,71294.00477224473,-0.16488983457795403,11.009677683748382,-11.174567518326336,-11.174567518326336,0.0,0.015888688274717566,-5.0229003045754315,3.512609884135646,6.151667213750905,0.03046838138028841,0.47951061983643645,5.978051560856373
4,329,1.0,70170.18818252915,-0.15693388237869815,11.001744947672918,-11.158678830051619,-11.158678830051617,1.7763568394002505e-15,0.09111719926235651,-5.009223973709296,3.5103975267270626,6.149454856342323,0.030496708060070488,0.479306559786544,5.974289531576524
4,330,1.0,64059.1164666218,-0.05556758829924287,11.01199404249002,-11.067561630789262,-11.067561630789262,0.0,-0.009504746955698806,-4.9187742438662445,3.509730057307759,6.148787386923018,0.030501782712745805,0.47911200567443646,5.9723953759871415
4,331,1.0,64670.88490534476,-0.0738390990153236,11.003227278729637,-11.077066377744961,-11.077066377744961,0.0,0.009768997524645329,-4.927132950972194,3.510876097157508,6.149933426772768,0.030461940716107142,0.4789599359372856,5.972247140780776
4,332,1.0,64042.19104502393,-0.07192686765844192,10.995370512561873,-11.067297380220316,-11.067297380220316,0.0,0.03890230703209774,-4.916356832536571,3.511883218068486,6.150940547683744,0.030425953075498197,0.4787512573987235,5.971416307691525
4,333,1.0,61598.64011287373,-0.03566774072720938,10.992727332461007,-11.028395073188218,-11.028395073188216,1.7763568394002505e-15,-0.016689256597155477,-4.878871863043277,3.5104658805296807,6.14952321014494,0.030547427168398228,0.47852288961502615,5.968242395053882
4,334,1.0,62635.30212109469,-0.06865384085980002,10.976430488925573,-11.045084329785373,-11.045084329785373,0.0,-0.004138147372589884,-4.89519301905843,3.5108339811116864,6.149891310726944,0.030510050309998763,0.47823442614716427,5.96625886591169
4,335,1.0,62895.03326423026,-0.08556858635042361,10.963653890807539,-11.049222477157963,-11.049222477157961,1.7763568394002505e-15,-0.09156860953533474,-4.901336793065147,3.508828354477557,6.147885684092815,0.030620440898973183,0.4779282466081913,5.961771664714341
4,336,1.0,68926.1614512653,-0.2007919935087097,10.93999909318459,-11.140791086693298,-11.140791086693298,0.0,0.145279511928603,-4.989334807564098,3.512398949513943,6.1514562791292,0.030670994393579464,0.47785801161407043,5.964169201228381
4,337,1.0,59606.00331631776,-0.025501161437651125,10.970010413327042,-10.995511574764695,-10.995511574764693,1.7763568394002505e-15,-0.07292606532857349,-4.84923766462663,3.507216580522806,6.146273910138064,0.03082326941673577,0.47771100298447694,5.95842542702758
4,338,1.0,64115.25743506814,-0.11799236548087136,10.950445274612397,-11.068437640093268,-11.068437640093268,0.0,-0.009637923590100073,-4.920441499302891,3.5089388111751183,6.147996140790377,0.03082121613075681,0.4775704103714587,5.958703845599848
4,339,1.0,64736.18279633033,-0.1453236376701071,10.932751926013259,-11.078075563683369,-11.078075563683365,3.552713678800501e-15,0.12374216429883766,-4.92679923823745,3.512218995830659,6.151276325445919,0.03090485923728272,0.4772706285982187,5.959417574646041
4,340,1.0,57201.38551613182,-0.00138793070065088,10.952945468683879,-10.95433339938453,-10.954333399384529,1.7763568394002505e-15,-0.0748517261942041,-4.805386902525884,3.5098891672433874,6.148946496858646,0.030975621231184188,0.47710427172938924,5.956183612434934
4,341,1.0,61647.32549521645,-0.09696718785630509,10.932217937722431,-11.029185125578735,-11.029185125578737,1.7763568394002505e-15,0.030733017002678054,-4.876732059910995,3.5133957360524817,6.15245306566774,0.03082740214926912,0.47702781872088246,5.958806756007911
4,342,1.0,59781.53473598564,-0.06322468452566228,10.935227424050394,-10.998452108576057,-10.998452108576057,0.0,-0.002229975786015359,-4.8500390751906295,3.5093557037701686,6.148413033385428,0.030753160886939128,0.4768929801761851,5.954029661972759
4,343,1.0,59914.99486201667,-0.06178391843189327,10.938898165930178,-11.000682084362072,-11.00068208436207,1.7763568394002505e-15,0.029877320575170785,-4.853973901767714,3.5076508529790997,6.146708182594359,0.030854878343473318,0.4767995968202759,5.951567679771721
4,344,1.0,58151.37269580302,-0.03753116946549209,10.93327359432141,-10.970804763786902,-10.970804763786902,0.0,-0.152827763645222,-4.822046771500173,3.5097006626714697,6.148757992286728,0.03083709934629881,0.4765735944223034,5.9517227186829285
4,345,1.0,67753.57652815877,-0.2398051790039515,10.883827348428174,-11.123632527432123,-11.123632527432125,1.7763568394002505e-15,-0.040398931900444524,-4.978341660272927,3.5062335375439395,6.145290867159199,0.030867558530195693,0.47627357951920785,5.945428479674233
4,346,1.0,70546.7901927613,-0.3140087688433689,10.8500226904892,-11.164031459332568,-11.164031459332568,0.0,0.07189708711046272,-5.0135410871029995,3.511433042614308,6.150490372229567,0.030977277897888896,0.4759773936424567,5.947427696373139
4,347,1.0,65652.72403855804,-0.22683236809911655,10.865302004122992,-11.092134372222105,-11.092134372222109,3.552713678800501e-15,0.053188382990301264,-4.943527944435096,3.509549098171749,6.148606427787008,0.03090562561100802,0.47588039233689566,5.945387397388612
4,348,1.0,62252.00292004864,-0.16665519819575683,10.872290791036045,-11.038945989231804,-11.038945989231802,1.7763568394002505e-15,0.03941697305148395,-4.895749133432678,3.504139526183868,6.143196855799126,0.03101413186688216,0.4756440178591855,5.938565099023142
4,349,1.0,59845.94860300374,-0.12193596382196005,10.87759305235836,-10.99952901618032,-10.99952901618032,0.0,0.007682098373679835,-4.853410688103749,3.507060998461313,6.146118328076571,0.03090047226182327,0.4755005053011248,5.9403752965052705
4,350,1.0,59387.96751873722,-0.1209819505050723,10.870864967301568,-10.99184691780664,-10.99184691780664,0.0,0.023653692464863596,-4.845321863540541,3.5074677246508403,6.1465250542661,0.031020410765304256,0.47528157272230975,5.938814944069402
4,351,1.0,57999.70627791054,-0.09399415931303064,10.874199066028748,-10.968193225341777,-10.968193225341778,1.7763568394002505e-15,0.07322784966799745,-4.827904117321235,3.5012317784052844,6.140289108020542,0.03116976419112786,0.47505540127648316,5.931036006944468
4,352,1.0,53904.29162290828,-0.008379984092268936,10.886585391581512,-10.89496537567378,-10.894965375673781,1.7763568394002505e-15,0.0055067862979338855,-4.758687626047005,3.497220420011519,6.136277749626778,0.031247936045914977,0.4748393425011492,5.925724568333714
4,353,1.0,53608.26802581193,-0.012214446347050205,10.877244143028797,-10.889458589375845,-10.889458589375847,1.7763568394002505e-15,-0.03985567387415756,-4.7536829801451415,3.4967182796154455,6.135775609230704,0.03126296493100377,0.47460924832012163,5.9234265730663065
4,354,1.0,55788.010698544895,-0.07424532333467233,10.85506893991533,-10.929314263250003,-10.929314263250003,0.0,0.029375802193374767,-4.792925900806858,3.497331032827886,6.136388362443144,0.031340967923137605,0.47431004826010337,5.921442598475783
4,355,1.0,54173.02994309696,-0.05664226725952969,10.8432961937971,-10.899938461056628,-10.89993846105663,1.7763568394002505e-15,0.029688421022653344,-4.756196285972835,3.504684845468535,6.143742175083794,0.03136096160286176,0.4740495267334677,5.926218591710778
4,356,1.0,52588.35782140616,-0.02617732800876308,10.84407271202521,-10.870250040033975,-10.870250040033973,1.7763568394002505e-15,0.05272996710865563,-4.7243978297494325,3.506794880669285,6.145852210284542,0.03146853754718988,0.47389990459113646,5.926971368073914
4,357,1.0,49887.2168178188,0.03799618634070473,10.855516259266025,-10.81752007292532,-10.817520072925321,1.7763568394002505e-15,-0.05921369162045664,-4.675379834180498,3.503082909129561,6.142140238744822,0.03169806684098146,0.4737242740874883,5.922166471542158
4,358,1.0,52930.434011569145,-0.05198632165026701,10.824747442895507,-10.876733764545776,-10.876733764545774,1.7763568394002505e-15,-0.026586786846003463,-4.729309597041128,3.5083668378893895,6.1474241675046475,0.03162443994560754,0.47344882761469076,5.924697045600628
4,359,1.0,54356.5582037304,-0.07774750642164989,10.825573044970128,-10.90332055139178,-10.903320551391777,1.7763568394002505e-15,0.00804079822558279,-4.7593370781265465,3.504926143649974,6.143983473265233,0.03138379840287317,0.4734789709402494,5.921854099257374
4,360,1.0,53921.24058298539,-0.08562053267700673,10.809659220489188,-10.895279753166196,-10.895279753166195,1.7763568394002505e-15,-0.1744874530705065,-4.75341120505685,3.5028112184940876,6.141868548109348,0.03147698801939247,0.47323008696542557,5.917925275917711
4,361,1.0,64200.55960550427,-0.31865496169848195,10.75111224453822,-11.069767206236703,-11.069767206236701,1.7763568394002505e-15,-0.004842142986964504,-4.928521869619028,3.5021880070024145,6.141245336617674,0.031530675076773394,0.47296648840067784,5.914281617284272
4,362,1.0,64512.18174557078,-0.3328967558581107,10.741712593365557,-11.074609349223667,-11.074609349223667,0.0,0.03448708225431574,-4.929867583865565,3.505684435742844,6.144741765358101,0.03156952008266478,0.47276878169018377,5.9159174226026385
4,363,1.0,62325.27164894054,-0.2760377486204668,10.764084518348888,-11.040122266969352,-11.040122266969355,3.552713678800501e-15,-0.06792051417625977,-4.902316923941407,3.498748013412686,6.137805343027944,0.03159176395217993,0.4727747676735191,5.909698483562546
4,364,1.0,66705.50626170024,-0.37793112267284934,10.730111658472762,-11.108042781145611,-11.108042781145611,0.0,0.021603053257566174,-4.958473813118885,3.510511638411468,6.149568968026727,0.031578881158280024,0.47253819162002647,5.918337050056562
4,365,1.0,65279.91763301569,-0.35608582371984443,10.7303539041682,-11.086439727888045,-11.086439727888045,0.0,0.00905762700091195,-4.941625488269432,3.5057569100033534,6.144814239618613,0.03158039785308153,0.47227746921566627,5.9120261863714685
4,366,1.0,64691.30622390587,-0.35153738027755227,10.725844720609581,-11.077382100887133,-11.077382100887133,0.0,-0.06202474954819337,-4.934362725983765,3.5039620452881075,6.143019374903366,0.0314579502562096,0.47211485767848826,5.909135109534793
4,367,1.0,68830.81736405705,-0.4561018454065624,10.683305005028767,-11.139406850435327,-11.13940685043533,3.552713678800501e-15,0.0066769360763121455,-5.001270189412435,3.499079331407633,6.138136661022892,0.03174506089192169,0.4717187498103275,5.900719993559322
4,368,1.0,68372.7692770391,-0.4585787129634342,10.674151201395581,-11.132729914359015,-11.132729914359015,0.0,0.04689954042674138,-4.991508341235251,3.502164243508505,6.141221573123764,0.03180841182660492,0.47156397291619423,5.902326355637052
4,369,1.0,65240.15117412847,-0.3970748888257513,10.688755485106523,-11.085830373932273,-11.085830373932273,0.0,0.07336390278642213,-4.942409149833866,3.5043638944831463,6.143421224098406,0.0315475762354088,0.47148130180132386,5.90449038715812
4,370,1.0,60625.23297662799,-0.30488654821128175,10.70757992293457,-11.012466471145851,-11.012466471145853,1.7763568394002505e-15,-0.005988505572783964,-4.86911080407789,3.504298337452705,6.143355667067963,0.03164135794586111,0.47133510549619806,5.903698410175674
4,371,1.0,60989.3767724861,-0.3291740690855681,10.689280907633066,-11.018454976718635,-11.018454976718633,1.7763568394002505e-15,0.01703917679241762,-4.875714222957152,3.5036834241462276,6.142740753761485,0.031891692393036804,0.4709574843338594,5.899970863457064
4,372,1.0,59958.97155749273,-0.31019355694357764,10.69122224298264,-11.001415799926217,-11.001415799926217,0.0,0.018299580208870125,-4.863854495521922,3.4985039747890374,6.137561304404295,0.032034749523147846,0.470763485415966,5.893757839711381
4,373,1.0,58871.72595800749,-0.2920266858197314,10.691089533897618,-10.983116219717347,-10.983116219717349,1.7763568394002505e-15,0.1642972112204859,-4.851112515334978,3.492946374767112,6.132003704382371,0.03216653486073816,0.4705611355538872,5.886925606742947
4,374,1.0,49952.059202231496,-0.07286526807517846,10.745953740421681,-10.818819008496861,-10.81881900849686,1.7763568394002505e-15,-0.059399474643752725,-4.690153057791427,3.489608621090176,6.128665950705435,0.03225990900337818,0.47055202813740876,5.884277758975659
4,375,1.0,53009.07917970377,-0.15217233872036365,10.726046144420252,-10.878218483140614,-10.878218483140616,1.7763568394002505e-15,-0.07496492953875133,-4.749326529056948,3.4898346244684073,6.128891954083666,0.03222166484565948,0.470420588022396,5.8832646480134105
4,376,1.0,57135.64249231818,-0.2555051159148597,10.697678296764506,-10.953183412679365,-10.953183412679365,0.0,-0.03946312859577361,-4.820515651515561,3.4936104315485466,6.1326677611638045,0.0321796127606592,0.47027123903748663,5.88530607690663
4,377,1.0,59435.474522637945,-0.3248886757939998,10.667757865481137,-10.992646541275139,-10.992646541275137,1.7763568394002505e-15,0.08009711438670841,-4.866634292209909,3.4869549194499716,6.126012249065229,0.03212077037751064,0.4699023816513288,5.876152278270061
4,378,1.0,54860.530081651355,-0.22754778598163072,10.685001640906801,-10.91254942688843,-10.912549426888432,1.7763568394002505e-15,-0.023549443398472647,-4.79063278325922,3.482859314013951,6.121916643629211,0.032405918336282744,0.4696494348437012,5.8704488268335
4,379,1.0,56167.797323182625,-0.25888145997714734,10.677217410309757,-10.936098870286903,-10.936098870286903,0.0,0.024824222663816897,-4.815969837670041,3.481071703001606,6.120129032616864,0.03242374404417624,0.46951338463945635,5.8676722569799225
4,380,1.0,54790.639572368185,-0.2356333268455988,10.675641320777487,-10.911274647623086,-10.911274647623086,0.0,-0.042226777162769125,-4.793217966591132,3.478999351416694,6.118056681031953,0.032566626409989245,0.46920427024761585,5.863421011816285
4,381,1.0,57153.81520776141,-0.3010640529141741,10.652437371871681,-10.953501424785856,-10.953501424785856,0.0,-0.046200240372842316,-4.832282135427167,3.48216195974343,6.12121928935869,0.03258288368985631,0.468971162948793,5.864356500656347
4,382,1.0,59856.28183687553,-0.37341677474311863,10.626284890415576,-10.999701665158698,-10.999701665158694,3.552713678800501e-15,-0.0877646835784649,-4.880503828862404,3.480140506681034,6.119197836296293,0.03254529063161427,0.46870216094752487,5.8600651514490405
4,383,1.0,65346.96977015826,-0.49938044449886876,10.588085904238293,-11.087466348737163,-11.087466348737161,1.7763568394002505e-15,0.028769511229945977,-4.966086885120268,3.482322134001636,6.121379463616895,0.03266026344017413,0.4684404097300878,5.8590697780354475
4,384,1.0,63493.75524886102,-0.4663013024877056,10.592395535019511,-11.058696837507217,-11.058696837507217,0.0,-0.035303773154446105,-4.940842889845375,3.4787966180465824,6.117853947661842,0.03272459555359719,0.46828514540746724,5.854763451757181
4,385,1.0,65775.36207613634,-0.532956112994957,10.561044497666707,-11.094000610661663,-11.094000610661665,1.7763568394002505e-15,0.16663690958237076,-4.973033299251477,3.4819099817949275,6.120967311410186,0.03288023833406398,0.46796174674273405,5.854494085076586
4,386,1.0,55679.298774448354,-0.30111791013820166,10.626245790941091,-10.927363701079292,-10.927363701079292,0.0,0.00020991610788811954,-4.814387336717377,3.4739190347466553,6.112976364361915,0.03285374643523676,0.467965042629307,5.84834739758748
4,387,1.0,55667.61201942165,-0.3035880677544864,10.623565717216918,-10.927153784971404,-10.927153784971404,0.0,-0.09204408690874466,-4.820740730306674,3.467355725049471,6.106413054664729,0.03278283218984854,0.4677859926885031,5.840785237239153
4,388,1.0,61034.70231937423,-0.4401105414573901,10.579087330422759,-11.019197871880149,-11.019197871880149,0.0,0.010313337695773583,-4.912295898234375,3.467844644030515,6.1069019736457735,0.03282203268997254,0.46746943870750524,5.837967909375625
4,389,1.0,60408.465669011755,-0.4396322512060721,10.569252282978303,-11.008884534184375,-11.008884534184375,0.0,0.09451392641342338,-4.899143374638476,3.47068382993064,6.109741159545899,0.03282678399981576,0.46720984055043835,5.838314829202097
4,390,1.0,54960.53206345003,-0.3068796226740298,10.607490985096922,-10.914370607770952,-10.914370607770952,0.0,-0.029625524514205637,-4.813679483894739,3.4616337942609543,6.1006911238762145,0.032841768260428124,0.46715709936278194,5.830461279678767
4,391,1.0,56613.12525571902,-0.3638745336225797,10.580121598662576,-10.943996132285157,-10.943996132285156,1.7763568394002505e-15,0.020376057465796293,-4.843536734179919,3.461402068489979,6.100459398105238,0.032935670112399694,0.466776680907665,5.826975250705293
4,392,1.0,55471.24596837967,-0.3270902004135978,10.596529874405764,-10.923620074819361,-10.923620074819361,0.0,0.08913652632712576,-4.825064894876829,3.459497850327272,6.098555179942531,0.03293980565274872,0.4667699241667957,5.825629098807993
4,393,1.0,50740.695921071376,-0.2102503662123135,10.624233182279923,-10.834483548492235,-10.834483548492237,1.7763568394002505e-15,0.06450347378744503,-4.739108539393669,3.4563176794833095,6.095375009098568,0.03311554161443111,0.46663460892837744,5.822008087220669
4,394,1.0,47571.06963672194,-0.13524526323148195,10.634734811473308,-10.76998007470479,-10.76998007470479,0.0,0.030880563742419653,-4.6768134225357665,3.454109322553765,6.093166652169024,0.033304867071996896,0.46631103440748956,5.8176764483549155
4,395,1.0,46124.498606426554,-0.09747483447342635,10.641624676488945,-10.73909951096237,-10.73909951096237,0.0,0.08304563850230195,-4.64441644160675,3.4556257397403622,6.094683069355621,0.03342386416600766,0.46613334732344064,5.817756779189503
4,396,1.0,42448.797863610314,0.014398933627141439,10.670452806087212,-10.656053872460069,-10.65605387246007,1.7763568394002505e-15,-0.08582827055642994,-4.556169909423494,3.4608266334213154,6.099883963036574,0.03364780650222887,0.4661048528513914,5.822024643755573
4,397,1.0,46253.024852423376,-0.10945112983396885,10.63243101318253,-10.741882143016499,-10.741882143016499,0.0,0.0716456734323021,-4.646548065653301,3.456276747747939,6.095334077363197,0.03350985712003459,0.4657307641585767,5.814833808109114
4,398,1.0,43055.12152092547,-0.012552292497394174,10.657684177086804,-10.670236469584196,-10.670236469584198,1.7763568394002505e-15,0.05145032223411761,-4.574057942236858,3.4571211977320786,6.096178527347339,0.03365260355224897,0.46568697526765,5.81521510450864
4,399,1.0,40895.94313876757,0.05173712916545238,10.670523276515532,-10.618786147350079,-10.618786147350079,0.0,0.027942281416438064,-4.51868238306609,3.4610464346687304,6.100103764283989,0.03386212023290794,0.46556114944677485,5.8176716447323775
4,400,1.0,39769.03470361287,0.07379455863914121,10.664638424572784,-10.59084386593364,-10.590843865933643,1.7763568394002505e-15,-0.10564715371801725,-4.491086928611814,3.4606996077065695,6.099756937321828,0.034062641664128784,0.4652035250106136,5.814444162184378
4,401,1.0,44200.48406274601,-0.08604972735527522,10.610441292296382,-10.696491019651658,-10.696491019651658,0.0,-0.0630721394561018,-4.598228464458297,3.459205225578102,6.09826255519336,0.03385180860197597,0.46477126533039426,5.810018297633143
4,402,1.0,47078.09789972026,-0.17493900987621677,10.584624149231544,-10.75956315910776,-10.759563159107762,1.7763568394002505e-15,0.037091032655212075,-4.659969964022845,3.460535865469655,6.099593195084914,0.03378753836975776,0.46458478664114977,5.809575355868189
4,403,1.0,45363.90965846997,-0.13378918788778885,10.588682938564759,-10.722472126452548,-10.722472126452548,0.0,-0.024131018525306303,-4.614782799803417,3.4686319970338713,6.10768932664913,0.03405912435081,0.4643738169475155,5.815304145465874
4,404,1.0,46471.901726020435,-0.1725740883406326,10.574029056637222,-10.746603144977854,-10.746603144977854,0.0,-0.006474791088139753,-4.642883212433221,3.464662602929373,6.1037199325446325,0.034066679640404114,0.4641658757365505,5.810018545550952
4,405,1.0,46773.773805878656,-0.18554118619906962,10.567536749866925,-10.753077936065994,-10.753077936065994,0.0,-0.02483486620537967,-4.650186112052014,3.463834494398719,6.1028918240139785,0.034103261176624655,0.46398146414025454,5.807980142727857
4,406,1.0,47949.93871801107,-0.22548196611646507,10.552430836154908,-10.777912802271373,-10.777912802271373,0.0,-0.017206775004863673,-4.670921885207042,3.4679335874490733,6.106990917064333,0.033962434643072456,0.46384444090536675,5.810777812527867
4,407,1.0,48782.14175761569,-0.2614979753074068,10.53362160196883,-10.795119577276237,-10.795119577276237,0.0,0.008354376431656263,-4.692408856081777,3.4636533915792014,6.10271072119446,0.03392347000364692,0.46352790505493385,5.804198459529096
4,408,1.0,48376.295040876474,-0.25023171362708296,10.5365334872175,-10.786765200844581,-10.786765200844583,1.7763568394002505e-15,-0.01820030300303266,-4.6827553173788505,3.46495255385047,6.1040098834657295,0.03398178319426817,0.46339194712277804,5.804273001049901
4,409,1.0,49264.81944859089,-0.27778718729458785,10.527178316553025,-10.804965503847614,-10.804965503847612,1.7763568394002505e-15,0.04298124909463752,-4.702232358593697,3.4636758156386565,6.102733145253916,0.03406133294255294,0.4631632930600951,5.801228513925514
4,410,1.0,47192.21656789142,-0.21921419010730445,10.542770064645673,-10.761984254752976,-10.761984254752978,1.7763568394002505e-15,-0.01960521758793554,-4.665812100851309,3.457114824286409,6.0961721539016684,0.03407277683180288,0.4630081329363805,5.794052950989372
4,411,1.0,48126.5593113948,-0.25428058646000495,10.527308885880906,-10.781589472340912,-10.781589472340912,0.0,-0.08212948515369334,-4.69249318580283,3.4500389569228234,6.089096286538082,0.03410832510027639,0.4627001912809783,5.784925218834105
4,412,1.0,52246.018057367866,-0.38488750449476505,10.478831452999838,-10.863718957494605,-10.863718957494603,1.7763568394002505e-15,0.040591400347080864,-4.776315118806605,3.4483465090727417,6.087403838688,0.03398616082966291,0.4624042837278976,5.78083854951067
4,413,1.0,50167.7443909119,-0.34536535993895046,10.477762197208575,-10.823127557147524,-10.823127557147526,1.7763568394002505e-15,0.07826812650555048,-4.737818462147639,3.4462517653846265,6.085309094999886,0.03415382933846706,0.4621029840536468,5.776689279512685
4,414,1.0,46390.938613549355,-0.22755752355423425,10.517301907087742,-10.744859430641974,-10.744859430641975,1.7763568394002505e-15,0.10358017324416657,-4.657767154927714,3.4480349460990007,6.0870922757142605,0.03423976221905921,0.4621257309980194,5.778937878164739
4,415,1.0,41826.24354026294,-0.08398976098386088,10.557289496413945,-10.641279257397807,-10.641279257397807,0.0,-0.028701333983585542,-4.556462850113632,3.4457590776689164,6.084816407284174,0.03453149715661284,0.46203541307644197,5.775898337108849
4,416,1.0,43044.106063177096,-0.12474993859366632,10.545230652787724,-10.669980591381393,-10.66998059138139,1.7763568394002505e-15,-0.04139417844664628,-4.586295612104346,3.4446276496617876,6.083684979277046,0.03444850026094573,0.4618197839753774,5.773172375451268
4,417,1.0,44863.27318368438,-0.2023731712842619,10.50900159854378,-10.711374769828039,-10.71137476982804,1.7763568394002505e-15,0.050195492356392535,-4.632539247746729,3.43977819246605,6.07883552208131,0.03449777800560784,0.4613929768123263,5.765367063022545
4,418,1.0,42666.92365892867,-0.13411880693930617,10.52706047053234,-10.661179277471646,-10.661179277471646,0.0,-0.030516023545615667,-4.583449679515048,3.438672268341341,6.077729597956599,0.03462608769213941,0.46138587372148937,5.7643319237497455
4,419,1.0,43989.018447761984,-0.18674358764262117,10.504951713374641,-10.691695301017262,-10.691695301017262,0.0,0.08031199836142733,-4.6130776928583055,3.439560278543698,6.0786176081589565,0.0345616217002325,0.46107075630679123,5.762819321719268
4,420,1.0,40594.31465498549,-0.07723300964072782,10.534150293015106,-10.611383302655835,-10.611383302655833,1.7763568394002505e-15,0.047784776319126365,-4.533385330512009,3.438940642528567,6.077997972143826,0.03479511617303874,0.46090971580643303,5.760922570278596
4,421,1.0,38700.14115149634,-0.011537300675937626,10.55206122566077,-10.563598526336708,-10.563598526336708,0.0,-0.031528467744765365,-4.47867262244394,3.4458685742775086,6.084925903892767,0.03504483123353893,0.46086913579134403,5.766343908127923
4,422,1.0,39939.73588211326,-0.06436867188098314,10.53075832220049,-10.595126994081474,-10.595126994081474,0.0,0.04126009687549903,-4.514985281968088,3.4410843824981248,6.080141712113384,0.03507929468283534,0.46056254240073086,5.759895649304409
4,423,1.0,38325.35234120254,-0.0070812460172214875,10.546785651188754,-10.553866897205975,-10.553866897205976,1.7763568394002505e-15,-0.01455449916327467,-4.475665276726858,3.439144290863858,6.078201620479118,0.03515420162720038,0.4604836800632982,5.7575368260610285
4,424,1.0,38887.23771104957,-0.044326282338302894,10.524095114030946,-10.56842139636925,-10.56842139636925,0.0,-0.06789225328694926,-4.494497394370556,3.4348666723834347,6.073924001998693,0.03519088016523408,0.460119695224664,5.75122467772605
4,425,1.0,41619.06562935931,-0.13166169888255524,10.504651950773642,-10.636313649656199,-10.636313649656197,1.7763568394002505e-15,0.09215976992013175,-4.564494447238681,3.432761872802259,6.071819202417518,0.034997130644448635,0.45997511446679384,5.748013043883404
4,426,1.0,37954.899544072614,-0.006508919004982475,10.537644960731084,-10.544153879736067,-10.544153879736067,0.0,-0.046730280053999707,-4.466722414497753,3.4383741356230533,6.077431465238311,0.03540140399934669,0.45993937690355724,5.751965715586964
4,427,1.0,39770.637183672196,-0.06790005469135818,10.522984105098708,-10.590884159790066,-10.590884159790066,0.0,-0.05483376811449325,-4.508626261835538,3.4432005683392686,6.082257897954528,0.03515052463453345,0.45989390314826606,5.756018145902483
4,428,1.0,42012.30909022249,-0.1542860987471987,10.491431829157362,-10.64571792790456,-10.64571792790456,0.0,0.05313496396816397,-4.567337634987374,3.4393229633019264,6.078380292917186,0.03513528019466508,0.45949369462080014,5.749583439652495
4,429,1.0,39838.25712728007,-0.08298284227611469,10.50960012166028,-10.592582963936396,-10.592582963936396,0.0,-0.03730298496208384,-4.5112159587943115,3.442309675526825,6.081367005142083,0.03520776159712462,0.45939099909538067,5.751324507513283
4,430,1.0,41352.40864341783,-0.1532089158627975,10.476677033035681,-10.62988594889848,-10.62988594889848,0.0,-0.055963606117297005,-4.553758351696028,3.4370702675871923,6.0761275972024515,0.03517099680357332,0.4590142874467785,5.7439523623452775
4,431,1.0,43732.61996940447,-0.22810818522939733,10.457741369786378,-10.685849555015777,-10.685849555015775,1.7763568394002505e-15,-0.04674692657940582,-4.6129851211000625,3.433807104300455,6.072864433915714,0.03499202127662386,0.458849421502662,5.739514993081749
4,432,1.0,45825.522815241835,-0.29941473083347137,10.433181750761712,-10.732596481595182,-10.732596481595182,0.0,-0.004649069609120815,-4.661445901017555,3.4320932509623683,6.071150580577627,0.03507175206521913,0.4585413108949448,5.735104680332121
4,433,1.0,46039.0648619821,-0.31639192766273694,10.420853623541566,-10.737245551204303,-10.737245551204303,0.0,0.050419257250673866,-4.666676093465016,3.4315121281240275,6.070569457739286,0.03510205145670163,0.45838226958669437,5.73335805223621
4,434,1.0,43775.356189850565,-0.2463312032061779,10.44049509074745,-10.68682629395363,-10.68682629395363,0.0,0.020656842492462246,-4.617159198778182,3.4306097655601886,6.069667095175447,0.03520452278827318,0.45820341656319136,5.731560604684307
4,435,1.0,42880.3711587291,-0.2261655613068833,10.440003890154284,-10.666169451461167,-10.666169451461167,0.0,-0.05347992902598442,-4.600273426096137,3.4268386957497703,6.06589602536503,0.035310804604169146,0.4580775869759513,5.727201642421214
4,436,1.0,45236.03942300726,-0.3187489100661484,10.400900470421004,-10.719649380487152,-10.719649380487152,0.0,-0.034017926757250905,-4.653279203381759,3.4273128474901347,6.066370177105392,0.035236895621850964,0.45768067400012113,5.724585831231098
4,437,1.0,46801.34904529272,-0.36994791190569765,10.383719395338705,-10.753667307244402,-10.753667307244402,0.0,-0.014530278295580956,-4.690785747448151,3.423824230180992,6.062881559796251,0.035217912002668224,0.45746360359680244,5.719662887405818
4,438,1.0,47486.350248663264,-0.405966098886519,10.362231486653464,-10.768197585539983,-10.768197585539983,0.0,-0.020019333394904137,-4.707735010163229,3.421405245761495,6.0604625753767545,0.03532777422208571,0.4571973369481153,5.715264078644755
4,439,1.0,48446.574784373995,-0.441406526781942,10.346810392152946,-10.788216918934888,-10.788216918934888,0.0,-0.08221226219673383,-4.729348624334461,3.419810964985165,6.058868294600424,0.035386192458523855,0.4569838180263896,5.712040835125438
4,440,1.0,52597.77940142062,-0.5621062144707594,10.308322966660862,-10.870429181131621,-10.870429181131621,0.0,-0.004653046764056867,-4.80997198758967,3.421399863926692,6.060457193541951,0.035439476313436476,0.45689862011798454,5.7120122527843025
4,441,1.0,52843.08960599018,-0.5850814094366126,10.290000818459067,-10.875082227895678,-10.87508222789568,1.7763568394002505e-15,0.001967291821136641,-4.814719701789493,3.4213051964909256,6.060362526106185,0.03545634988958925,0.45661152400800276,5.709509118649554
4,442,1.0,52739.23401862396,-0.5976131301063485,10.27550180596819,-10.873114936074542,-10.873114936074538,3.552713678800501e-15,-0.027745336556977307,-4.814861941037471,3.4191956654218103,6.05825299503707,0.03553777382860693,0.45626658588680874,5.7049603033462
4,443,1.0,54222.99029262182,-0.6584413092875022,10.242418963344015,-10.900860272631519,-10.900860272631517,1.7763568394002505e-15,0.01945466776244764,-4.837666754115036,3.4241361889012256,6.063193518516484,0.035569512531940614,0.4560102835319511,5.707081143017846
4,444,1.0,53178.295080362135,-0.6418602033489916,10.239545401520079,-10.881405604869071,-10.881405604869071,0.0,-0.08196905085036121,-4.814917627368394,3.4274306478854184,6.066487977500677,0.03575469630842142,0.4557660990146448,5.70792940183738
4,445,1.0,57720.902911303405,-0.7597786262455091,10.203596029473923,-10.963374655719432,-10.963374655719432,0.0,0.06171194002412861,-4.895636384771572,3.4286809413326,6.067738270947858,0.03585268195700437,0.4556237716939993,5.7064441855454575
4,446,1.0,54266.51861724517,-0.6684813688353133,10.233181346859988,-10.901662715695304,-10.901662715695302,1.7763568394002505e-15,0.11678189178975984,-4.836033990436753,3.426571395643291,6.06562872525855,0.03591331382534433,0.45548511517597606,5.704290693145167
4,447,1.0,48285.22170130504,-0.48497301905232254,10.299907804853223,-10.784880823905544,-10.784880823905546,1.7763568394002505e-15,0.029946424201376942,-4.727053769698009,3.4187697245922775,6.057827054207536,0.03595355607906113,0.4554642434743042,5.69864704634302
4,448,1.0,46860.68826797643,-0.4520687116029556,10.30286568810121,-10.754934399704167,-10.754934399704165,1.7763568394002505e-15,-0.007087322622325587,-4.698105005791178,3.417772064297728,6.056829393912986,0.03608900365350207,0.45525391394414344,5.696314362707911
4,449,1.0,47193.98477886019,-0.46093070053737895,10.301091021789118,-10.762021722326493,-10.762021722326496,3.552713678800501e-15,-0.08173841299469586,-4.706972449575015,3.4159919431362185,6.055049272751477,0.03608294530830135,0.4551096453936792,5.693439445584361
4,450,1.0,51213.58640615389,-0.5958160633756426,10.247944071945543,-10.843760135321189,-10.843760135321187,1.7763568394002505e-15,-0.07581087129381281,-4.787424516422386,3.417278289283542,6.056335618898801,0.035983863678465886,0.4548127233424446,5.691404632658519
4,451,1.0,55247.09322120133,-0.7089155202378333,10.210655486377167,-10.919571006615001,-10.919571006615,1.7763568394002505e-15,0.010767788216426766,-4.861963557648295,3.418550119351448,6.057607448966706,0.035997396739543476,0.4545820290166975,5.68987724503162
4,452,1.0,54655.39557632031,-0.6857813476157355,10.223021870782837,-10.908803218398575,-10.908803218398573,1.7763568394002505e-15,0.01908467443362838,-4.85144656415146,3.4182993246318567,6.057356654247116,0.03596530740028302,0.4544475508255435,5.688691494173041
4,453,1.0,53622.205552582585,-0.6569544244973592,10.232764119467587,-10.889718543964946,-10.889718543964946,0.0,0.015402459690045944,-4.833205829423427,3.417455384926259,6.056512714541518,0.03604124805443157,0.45427153488643035,5.686851881885128
4,454,1.0,52802.61971484039,-0.6405315094818712,10.233784574793027,-10.8743160842749,-10.874316084274898,1.7763568394002505e-15,-0.006543280461571044,-4.820671580485779,3.4145871741738625,6.053644503789121,0.03604658357900145,0.45405930878110107,5.682816803030056
4,455,1.0,53149.25489358582,-0.6497613925750594,10.231097972161413,-10.880859364736471,-10.880859364736473,1.7763568394002505e-15,0.0807043106679739,-4.829693958017571,3.4121080771036425,6.0511654067189,0.03608986317182087,0.45379629643545927,5.678672874151945
4,456,1.0,49028.40260034264,-0.5244877527255681,10.275667301342928,-10.800155054068497,-10.800155054068496,1.7763568394002505e-15,-0.03464273238822457,-4.75324878021581,3.4078489442374282,6.046906273852687,0.03617666420644649,0.4536434301667726,5.674247625101821
4,457,1.0,50756.64307954426,-0.5822436574380807,10.252554129018643,-10.834797786456722,-10.834797786456724,1.7763568394002505e-15,0.0323711859547231,-4.78608196877181,3.409658488069654,6.048715817684913,0.036113052602970264,0.45346268775716275,5.674267585696774
4,458,1.0,49139.899480637134,-0.5330032053496754,10.269423395152323,-10.802426600501999,-10.802426600501999,0.0,0.0015195181999683172,-4.752652093775813,3.4107171771109264,6.049774506726186,0.03613485296265408,0.453369933466664,5.675097233602528
4,459,1.0,49065.287210739036,-0.5364760144791428,10.264431067822887,-10.80090708230203,-10.80090708230203,0.0,0.0955816529405098,-4.755124152725565,3.406725599961209,6.045782929576467,0.036356164848211185,0.45306623954388336,5.668921398162659
4,460,1.0,44592.69919197908,-0.3911308149158086,10.31419461444571,-10.70532542936152,-10.705325429361519,1.7763568394002505e-15,0.10760801074129134,-4.660352257866623,3.4059158418796374,6.044973171494896,0.036533607938057135,0.45312208448388414,5.669330958356006
4,461,1.0,40043.33087358833,-0.23705419827567578,10.360663220344556,-10.59771741862023,-10.597717418620231,1.7763568394002505e-15,-0.06695521735490573,-4.553334671166303,3.405325417838669,6.044382747453929,0.03689786587140066,0.4529463647542065,5.667362508432552
4,462,1.0,42816.23516697924,-0.34657915031979253,10.318093485655343,-10.664672635975135,-10.664672635975135,0.0,-0.033749320913585734,-4.625926561208578,3.3996887451512956,6.038746074766555,0.03678543466763781,0.4526476607674171,5.660263053417703
4,463,1.0,44285.91487754548,-0.3988185824676481,10.299603374421071,-10.69842195688872,-10.698421956888719,1.7763568394002505e-15,-0.05905216715600581,-4.65347769112259,3.4058869361508703,6.044944265766127,0.036512901370107834,0.45249386030250277,5.664607578242582
4,464,1.0,46979.85275700974,-0.4923504083070863,10.265123715737637,-10.757474124044727,-10.757474124044723,3.552713678800501e-15,0.02967274305398071,-4.7074545091646085,3.41096228526486,6.050019614880118,0.03634510615800304,0.45220438893031667,5.666808096650412
4,465,1.0,45606.3108149176,-0.4532722140543194,10.274529166936428,-10.727801380990746,-10.727801380990748,1.7763568394002505e-15,-0.037835127797784196,-4.678771308634848,3.4099727427406417,6.0490300723559,0.03644699799549943,0.45195982394033896,5.664183794458291
4,466,1.0,47364.8896623614,-0.5148015331554943,10.250834975633037,-10.76563650878853,-10.765636508788532,1.7763568394002505e-15,-0.07341188887320982,-4.721034326078713,3.4055448530945602,6.044602182709817,0.03650685223670408,0.45167093136591374,5.657483264438433
4,467,1.0,50972.849013501516,-0.628581307248444,10.210467090413294,-10.83904839766174,-10.839048397661738,1.7763568394002505e-15,0.026268626739609502,-4.795318630624917,3.4046724374215627,6.0437297670368215,0.03657960675290247,0.4513747522255402,5.653284457152204
4,468,1.0,49651.29595384659,-0.5863468026576114,10.226432968264522,-10.81277977092213,-10.812779770922134,3.552713678800501e-15,-0.0857119868903542,-4.769635529167438,3.4040869121394337,6.043144241754692,0.036658302163145536,0.4512555611478028,5.652327551364546
4,469,1.0,54094.714308333874,-0.7322716648252182,10.166220092987265,-10.898491757812485,-10.898491757812483,1.7763568394002505e-15,-3.633783656198375e-05,-4.860756852967199,3.3986775752300282,6.037734904845287,0.03681710786693612,0.4508085979509757,5.642591124757436
4,470,1.0,54096.680028935996,-0.7249625423194479,10.173565553329597,-10.898528095649047,-10.898528095649045,1.7763568394002505e-15,-0.047631440535079506,-4.859884166210114,3.3995865998236714,6.038643929438931,0.03687232569765463,0.45063330514521116,5.642242817432137
4,471,1.0,56735.73489089043,-0.7976362711333037,10.148523265050823,-10.946159536184126,-10.946159536184126,0.0,-0.06164336815002969,-4.905220513919626,3.4018816926492415,6.040939022264501,0.03682304894695749,0.4504553939828553,5.641857756514853
4,472,1.0,60343.16139323189,-0.9019249880091688,10.105877916324985,-11.007802904334156,-11.007802904334154,1.7763568394002505e-15,-0.010975266826424246,-4.958826957870527,3.4099186168483704,6.048975946463628,0.03694980134519708,0.4502904352209768,5.646577064254046
4,473,1.0,61009.091385731735,-0.9089812923715965,10.109796878788984,-11.01877817116058,-11.01877817116058,0.0,0.0005298318322566331,-4.971579311732917,3.408141529812404,6.047198859427662,0.03705002134619509,0.4500907623415904,5.644000311026381
4,474,1.0,60976.77538883644,-0.9051734666185396,10.113074872709785,-11.018248339328323,-11.018248339328323,0.0,0.09138737808665987,-4.974226764868149,3.4049642448449142,6.0440215744601735,0.037190976453432126,0.4498537352266804,5.639276535715076
4,475,1.0,55651.3136080417,-0.7666079148751919,10.160253046366474,-10.926860961241664,-10.926860961241665,1.7763568394002505e-15,0.03863609846841953,-4.890122019314722,3.397681612311685,6.036738941926943,0.037233805024158156,0.4496856294455681,5.632849519005112
4,476,1.0,53542.170860728365,-0.715550147569455,10.17267471520379,-10.888224862773244,-10.888224862773246,1.7763568394002505e-15,-0.10479125021886837,-4.852887653271411,3.3962798798865736,6.035337209501832,0.03723116660153754,0.4495717476229935,5.6310360542093605
4,477,1.0,59457.44425245178,-0.8854194976518656,10.107596615340249,-10.993016112992112,-10.993016112992114,1.7763568394002505e-15,0.038662244307937854,-4.954070406979517,3.399888376397336,6.038945706012596,0.03718118574075073,0.44931279828893694,5.630697902534977
4,478,1.0,57202.556400415575,-0.8315116734631998,10.122842195220976,-10.954353868684175,-10.954353868684176,1.7763568394002505e-15,-0.13812660009907063,-4.9192032457185935,3.3960932933503223,6.03515062296558,0.03732311764293322,0.44915480113246686,5.626641460155142
4,479,1.0,65675.45015306547,-1.052149757921745,10.040330710861502,-11.092480468783245,-11.092480468783247,1.7763568394002505e-15,0.04017394620774439,-5.052533217771612,3.4008899213963764,6.039947251011635,0.03758083344049175,0.4488392395880373,5.625420453201992
4,480,1.0,63089.30381898076,-0.9961803298498262,10.056126192725674,-11.0523065225755,-11.0523065225755,0.0,0.04341938195480566,-5.014895859730727,3.3983533332295153,6.037410662844773,0.037458374358822516,0.4485959156531853,5.621909050806891
4,481,1.0,60408.62312003589,-0.94297480568511,10.065912334935584,-11.008887140620695,-11.008887140620693,1.7763568394002505e-15,0.03691849699693783,-4.97672024458145,3.3931095664239868,6.032166896039245,0.03752303679507098,0.44830612376186374,5.615315627852722
4,482,1.0,58219.093307651914,-0.8858025373566454,10.086166106267111,-10.971968643623757,-10.971968643623757,0.0,-0.05010543037251125,-4.939124614710699,3.3937866992977996,6.0328440289130585,0.037305991069037245,0.4481507670325365,5.615382362597972
4,483,1.0,61210.50315752011,-0.9586584344182457,10.063415639578023,-11.022074073996269,-11.022074073996269,0.0,0.06328727624920738,-4.987087751206491,3.3959289931745187,6.034986322789778,0.03736158590337927,0.44790527881212233,5.614768265142762
4,484,1.0,57456.69414628552,-0.8647557641432658,10.094031033603795,-10.958786797747061,-10.958786797747061,0.0,0.0058819817244497585,-4.9278095861064415,3.3919198820253595,6.030977211640618,0.03748699995139606,0.44773029626087996,5.611007194512591
4,485,1.0,57119.726910455254,-0.862664837384465,10.090239978638145,-10.952904816022611,-10.95290481602261,1.7763568394002505e-15,-0.04922406849162009,-4.922422333863359,3.3914251525439942,6.030482482159253,0.037531997297733044,0.4475579696891025,5.608963261624491
4,486,1.0,60001.74262390531,-0.9486447159708795,10.053484168543353,-11.002128884514232,-11.002128884514232,0.0,0.062259371683152764,-4.971751247843403,3.3913203070555684,6.030377636670828,0.03768981619917557,0.4472395955309189,5.6054828283786255
4,487,1.0,56379.9858014303,-0.8597145661265306,10.080154946704546,-10.939869512831079,-10.939869512831077,1.7763568394002505e-15,0.06632477201567966,-4.917718597126668,3.38309358608915,6.022150915704408,0.03781207738568121,0.44697684741833205,5.597050672809593
4,488,1.0,52761.9064634475,-0.7790049796925389,10.094539761122862,-10.8735447408154,-10.873544740815401,1.7763568394002505e-15,-0.012848256559445659,-4.854626845338298,3.379860565861842,6.018917895477101,0.03803661310780252,0.44678273256394735,5.593515426032522
4,489,1.0,53444.17859229927,-0.8022613488433616,10.084131648531482,-10.886392997374845,-10.886392997374843,1.7763568394002505e-15,0.10063049304428873,-4.868043416967898,3.3792922507916887,6.018349580406948,0.037998420811996406,0.4465417688484408,5.590780677429451
4,490,1.0,48327.81260912225,-0.6453352602872563,10.1404272440433,-10.785762504330556,-10.785762504330556,0.0,0.11977222675428045,-4.769965925702617,3.3767392490126795,6.015796578627939,0.038205894711427296,0.4463714963090458,5.588451124527483
4,491,1.0,42872.68880430222,-0.45605355154982313,10.209936726026454,-10.665990277576276,-10.665990277576277,1.7763568394002505e-15,-0.019547931815823816,-4.648243811225688,3.3786891367353284,6.017746466350587,0.03846935705919533,0.4462677320113345,5.590067067703946
4,492,1.0,43719.00612897984,-0.4951403715493088,10.190397837842788,-10.6855382093921,-10.685538209392096,3.552713678800501e-15,-0.03932957726735253,-4.667046267414883,3.379434612361958,6.018491941977217,0.038484286606823515,0.44605564068639186,5.589151815107027
4,493,1.0,45472.71645168215,-0.5601420112692799,10.164725775390174,-10.724867786659452,-10.724867786659454,1.7763568394002505e-15,-0.049995549798035555,-4.701826272253389,3.383984184790804,6.023041514406063,0.03841624302537348,0.4458850588875953,5.591741355107091
4,494,1.0,47803.93974169606,-0.6441645465032104,10.130698789954279,-10.774863336457488,-10.77486333645749,1.7763568394002505e-15,-0.10757611369835196,-4.753064878437873,3.3827411284043563,6.0217984580196156,0.038293068903226805,0.44553921821095266,5.5876601299490165
4,495,1.0,53233.30163932579,-0.8136503581782211,10.068789091977619,-10.88243945015584,-10.88243945015584,0.0,-0.0559626424016475,-4.85553668463095,3.3878454359096297,6.026902765524889,0.0378815628193435,0.44538622332489236,5.589365692180118
4,496,1.0,56297.31333969875,-0.8991316742524527,10.039270418305035,-10.938402092557487,-10.938402092557489,1.7763568394002505e-15,-0.09907933254859991,-4.909088006897647,3.390256756044583,6.029314085659842,0.03782494575612886,0.4451652334383047,5.588896300845142
4,497,1.0,62160.8976008936,-1.0638930726459472,9.97358835246014,-11.037481425106087,-11.037481425106087,0.0,0.06952434569838495,-5.0062305102493045,3.392193585241524,6.031250914856783,0.038019791036356755,0.4449944819380414,5.587150107067061
4,498,1.0,57986.0115001421,-0.9651866063312647,10.002770473076437,-10.967957079407702,-10.967957079407702,0.0,-0.06288362730342101,-4.944331818089616,3.3845679317028257,6.023625261318084,0.03818258103136681,0.4446926897207856,5.579028212498261
4,499,1.0,61749.47217689639,-1.0625340485769494,9.968306658134175,-11.030840706711123,-11.030840706711125,1.7763568394002505e-15,-0.12205255170583129,-5.001310246547192,3.390473130548672,6.029530460163932,0.03817422418116946,0.4446113168221977,5.583177944921904
4,500,1.0,69765.38566830996,-1.2452002912121372,9.907692967204818,-11.152893258416954,-11.152893258416956,1.7763568394002505e-15,,-5.116242470879738,3.397593457921957,6.036650787537215,0.03840703955079181,0.4444736293370378,5.585450141428083
