seed,epoch,temperature,Z,E,S,F,F_check,err,delta_F,F_data,KL,NLL,data_mass,recon_sq,recon_ce
14,1,1.0,164523.6910910968,-0.24373409806356588,11.76707575954515,-12.010809857608715,-12.010809857608717,1.7763568394002505e-15,0.07412323335301174,-5.767229834696356,3.604522693297103,6.2435800229123615,0.027476197223193423,0.4995693853116942,6.239690776239077
14,2,1.0,152769.66740417405,-0.17369879317278444,11.762987831082919,-11.936686624255703,-11.936686624255703,0.0,0.0024073435960652034,-5.68894970937349,3.608679585266954,6.247736914882212,0.02757538126311807,0.4994997801557883,6.2432051991466455
14,3,1.0,152402.34064193745,-0.18186546755501237,11.752413813104628,-11.934279280659638,-11.93427928065964,1.7763568394002505e-15,-0.04188266553042119,-5.676784263459255,3.6184376875851245,6.257495017200384,0.02756409957814363,0.49944671369136034,6.252420139746276
14,4,1.0,158920.911609296,-0.22336560341956255,11.752796342770496,-11.976161946190059,-11.976161946190059,0.0,-0.10203891305936175,-5.719475011134557,3.6176296054402437,6.2566869350555026,0.027509120464557828,0.49947811619985877,6.251912606229856
14,5,1.0,175993.23913018682,-0.3399596165320934,11.738241242717326,-12.07820085924942,-12.078200859249419,1.7763568394002505e-15,-0.09584998524236532,-5.809216310475533,3.62992721915863,6.268984548773889,0.027751687569528418,0.499356824390025,6.2630154922392105
14,6,1.0,193697.09357203607,-0.4378852446112935,11.736165599880493,-12.174050844491786,-12.174050844491788,1.7763568394002505e-15,0.06897144223119511,-5.904864944181143,3.6301285706953856,6.269185900310645,0.0275967844732981,0.4993926745654224,6.263532067610944
14,7,1.0,180787.8281076633,-0.3650115494489331,11.740067852811658,-12.105079402260591,-12.105079402260591,0.0,0.16562833634284146,-5.838705263544071,3.6273168091012615,6.266374138716521,0.027722125034302957,0.4993612045419925,6.26046247880785
14,8,1.0,153192.57451914088,-0.18891572074529495,11.750535345172457,-11.93945106591775,-11.939451065917751,1.7763568394002505e-15,-0.08776498921092468,-5.681099818601867,3.6192939177006247,6.258351247315884,0.027328597158323226,0.4994722468981264,6.253503671350741
14,9,1.0,167245.16272131802,-0.2745024475153257,11.752713607613348,-12.027216055128674,-12.027216055128674,0.0,0.13926620978939397,-5.77194921410114,3.616209511412273,6.255266841027533,0.02732560508503114,0.49947249912815345,6.250445433846488
14,10,1.0,145502.68882782862,-0.13185034775897442,11.756099497580307,-11.88794984533928,-11.88794984533928,0.0,-0.021923679847596134,-5.635400370872908,3.6134921448511115,6.252549474466371,0.02729896003311385,0.4994838402982732,6.247852971154684
14,11,1.0,148727.86791127475,-0.15097801702949665,11.758895508157378,-11.909873525186876,-11.909873525186875,1.7763568394002505e-15,0.09002408604253453,-5.660432745891373,3.6103834496802416,6.249440779295499,0.02738135467023175,0.4994955719285417,6.2448668981995725
14,12,1.0,135923.7626980567,-0.055932925379332935,11.763916513765007,-11.819849439144342,-11.81984943914434,1.7763568394002505e-15,0.1702918012344572,-5.575708646627055,3.605083462902028,6.244140792517286,0.027382122998849817,0.49948716256918246,6.2395111474377805
14,13,1.0,114640.63916653565,0.11055142746926824,11.760109065379153,-11.649557637909885,-11.649557637909885,0.0,-0.19316202866044385,-5.403043657420641,3.6074566508739845,6.246513980489243,0.027385476693116917,0.4994319902073082,6.241380734682433
14,14,1.0,139068.18989024346,-0.09128631724390654,11.751433349326422,-11.842719666570328,-11.842719666570328,0.0,-0.05890379753990693,-5.587172966377409,3.6164893705776606,6.255546700192919,0.027308741980598943,0.4994293050266153,6.2503512964336645
14,15,1.0,147505.9014969198,-0.1509663447240927,11.75065711938614,-11.901623464110235,-11.901623464110234,1.7763568394002505e-15,0.07131807742525353,-5.645590969524222,3.616975164970754,6.256032494586013,0.027418925134930553,0.499417265090793,6.250725600165274
14,16,1.0,137352.43045194418,-0.08593236679297635,11.744373019892006,-11.830305386684982,-11.830305386684982,0.0,0.020220742035629513,-5.568211485613391,3.6230365714563346,6.262093901071593,0.027482742578611788,0.49935005132431226,6.256142163450105
14,17,1.0,134602.95429467782,-0.05519442116992963,11.754890223479423,-11.810084644649352,-11.810084644649352,0.0,-0.02529355060584315,-5.558178646884232,3.612848668149862,6.251905997765122,0.027402803819452336,0.4994155998317668,6.246604928331657
14,18,1.0,138050.96330202732,-0.08077420627490858,11.754603988980287,-11.835378195255196,-11.835378195255196,0.0,0.13172788869252372,-5.583401715813414,3.612919149826523,6.251976479441782,0.02747225836666068,0.49940655016484864,6.246596610506269
14,19,1.0,121012.64298050934,0.052507822368447164,11.75615812893112,-11.703650306562672,-11.703650306562672,0.0,-0.07579087156162245,-5.4543921954466965,3.610200781500717,6.249258111115976,0.027529767390574614,0.4993712270026756,6.2435666736137305
14,20,1.0,130540.8101252799,-0.024458472253657968,11.754982705870637,-11.779441178124294,-11.779441178124294,0.0,-0.027542987653101036,-5.528434912085361,3.611948936423676,6.251006266038934,0.02738860925614367,0.49939257152909416,6.245502163173303
14,21,1.0,134186.2669776955,-0.04254810702037494,11.76443605875702,-11.806984165777395,-11.806984165777395,0.0,0.1730521966833205,-5.565444574657414,3.6024822615047234,6.241539591119982,0.02742107674803088,0.49942478187949485,6.236356797938062
14,22,1.0,112863.22531074217,0.1281839668075256,11.7621159359016,-11.633931969094075,-11.633931969094073,1.7763568394002505e-15,-0.06739926743746061,-5.39190045508974,3.6029741843890766,6.242031514004334,0.027484584349241784,0.49937015076716224,6.23635162572909
14,23,1.0,120732.33134357132,0.05269322573016039,11.754024462261697,-11.701331236531535,-11.701331236531537,1.7763568394002505e-15,-0.03426347129235374,-5.451197282479916,3.611076624436361,6.250133954051621,0.027448077503781327,0.49934220136405205,6.244168031983668
14,24,1.0,124940.72550074094,0.01011245557298291,11.745707163396872,-11.73559470782389,-11.73559470782389,0.0,-0.0048031826818810686,-5.477137802976364,3.619399575232268,6.2584569048475265,0.027311641626737545,0.4993113922222785,6.252151473283115
14,25,1.0,125542.28216648666,0.009277327586079603,11.749675218091847,-11.74039789050577,-11.740397890505767,3.552713678800501e-15,-0.019652566731689802,-5.485760240144008,3.6155803207465036,6.254637650361764,0.02730848516586141,0.49932691283951547,6.248506110068656
14,26,1.0,128033.91352686178,-0.005882411728675131,11.754168045508784,-11.76005045723746,-11.76005045723746,0.0,0.02422078931147098,-5.510222516856343,3.6107706107658584,6.249827940381118,0.02735568311947385,0.49932411133019317,6.24369915209743
14,27,1.0,124970.0850353854,0.012513300904015277,11.748342968830004,-11.735829667925989,-11.735829667925989,0.0,0.05293598495712537,-5.4810037464051025,3.6157685919056246,6.254825921520884,0.02742637521723001,0.4992725192714069,6.248189707765875
14,28,1.0,118526.71805585932,0.06708790546402488,11.74998158843289,-11.682893682968864,-11.682893682968865,1.7763568394002505e-15,0.02409179430716968,-5.430707237409143,3.613129115944464,6.2521864455597225,0.027556378483851132,0.4992347431773917,6.245228506772952
14,29,1.0,115705.31948530936,0.0868571950971053,11.745659083758799,-11.658801888661694,-11.658801888661694,0.0,-0.009507186576470872,-5.402393793821518,3.617350765224916,6.256408094840175,0.02742191157252933,0.4992300923047381,6.249362217355113
14,30,1.0,116810.59726138569,0.06782987083275382,11.736138946070922,-11.668309075238165,-11.668309075238168,3.552713678800501e-15,0.011530910071604339,-5.403666531906883,3.625585213716025,6.264642543331284,0.027796230513306285,0.49908596828956053,6.256219307243642
14,31,1.0,115471.40068507483,0.07549824300565931,11.732276408172218,-11.65677816516656,-11.656778165166559,1.7763568394002505e-15,-0.08911095318014439,-5.388770120677223,3.628950714874079,6.268008044489338,0.02782843272182789,0.49903876413641596,6.259064962738059
14,32,1.0,126233.5596856731,-0.006690632715529013,11.739198485631178,-11.745889118346705,-11.745889118346707,1.7763568394002505e-15,0.04586222145594654,-5.484503325047298,3.6223284636841484,6.261385793299406,0.02778184449157342,0.4991010213710465,6.253110350894503
14,33,1.0,120574.95803431088,0.027003768556397998,11.727030665447156,-11.700026896890758,-11.700026896890758,0.0,-0.08875712394219804,-5.427048695462494,3.6339208718130043,6.272978201428264,0.027720127298531873,0.49902463174495104,6.263866579951207
14,34,1.0,131766.1475355224,-0.05238365847469328,11.73640036235826,-11.788784020832956,-11.788784020832953,3.552713678800501e-15,-0.03686436327308229,-5.524781349625172,3.6249453415925252,6.264002671207784,0.02752858597536361,0.49911585354977006,6.255852278060089
14,35,1.0,136714.2669470058,-0.07687320230592329,11.748775181800113,-11.825648384106039,-11.825648384106037,1.7763568394002505e-15,-0.010311004455036965,-5.574178564880796,3.612412489609985,6.251469819225244,0.027441763000689203,0.49920076705233346,6.244209362971508
14,36,1.0,138131.22091810408,-0.08656315845977378,11.749396230101302,-11.835959388561076,-11.835959388561076,0.0,0.07177083623842329,-5.586116475886645,3.6107855830591697,6.249842912674429,0.027652341691410284,0.4991474454381478,6.242104393280153
14,37,1.0,128564.82776435665,-0.012200090737582357,11.75198846158507,-11.764188552322652,-11.764188552322652,0.0,0.10011816611932645,-5.51697664426118,3.608154578446213,6.247211908061472,0.027411050757961852,0.4991940975000346,6.239909211027142
14,38,1.0,116316.52132049111,0.08829350309312058,11.752363889296447,-11.664070386203326,-11.664070386203326,0.0,0.026372175602125125,-5.4183529392103065,3.606660117377763,6.245717446993021,0.027338858261973218,0.49918009603784946,6.238292930647759
14,39,1.0,113289.09693883645,0.10938114369089723,11.747079354292097,-11.6376982106012,-11.6376982106012,0.0,0.0372716370239754,-5.3877658202772905,3.610875060708652,6.24993239032391,0.02729603746262683,0.49913287071313195,6.242049925921278
14,40,1.0,109144.34744241532,0.13907540469665033,11.739501978273875,-11.600426573577225,-11.600426573577225,0.0,0.005208989507806905,-5.344064783505402,3.617304460456563,6.256361790071823,0.02744110053442491,0.49903876634278277,6.247565395833512
14,41,1.0,108577.29385203465,0.13634687590347033,11.731564459972889,-11.595217584069418,-11.595217584069418,0.0,-0.03163451118116534,-5.331433806948266,3.624726447505894,6.263783777121153,0.027282054288225555,0.49900628698183463,6.254612151962463
14,42,1.0,112066.9898631454,0.10800812562647039,11.734860220877053,-11.626852095250584,-11.626852095250582,1.7763568394002505e-15,0.02242402612109551,-5.3665257477458415,3.621269017889482,6.2603263475047415,0.02737969116730359,0.4990005890551066,6.25109852655624
14,43,1.0,109581.96303776637,0.13166651858323275,11.73609458771272,-11.604428069129488,-11.604428069129488,0.0,0.027163551022511,-5.346273698353919,3.6190970411603103,6.25815437077557,0.02758191263796765,0.49893084163014123,6.248303651883253
14,44,1.0,106645.3922017703,0.16075110091653802,11.738015619023512,-11.577264518106977,-11.577264518106974,3.552713678800501e-15,0.015691573293105776,-5.322322953518617,3.615884234973101,6.254941564588359,0.02758262540082948,0.49892626114440947,6.245093447746662
14,45,1.0,104985.01921457917,0.16476756559162176,11.72634051040549,-11.561572944813872,-11.56157294481387,1.7763568394002505e-15,-0.10525919468536671,-5.296444377015044,3.626071238183568,6.265128567798827,0.02790123359622715,0.4987590507899328,6.2536358880947125
14,46,1.0,116638.20285467271,0.04738224146810799,11.714214380967347,-11.666832139499238,-11.666832139499238,0.0,0.02088700251941944,-5.389391909806138,3.638382900077842,6.2774402296931004,0.028092232116973818,0.49864248612409773,6.2646835520881
14,47,1.0,114227.24689048369,0.06791111954419335,11.713856256524014,-11.645945136979819,-11.64594513697982,1.7763568394002505e-15,-0.07802952408598429,-5.369209018489413,3.6376787888751463,6.276736118490406,0.028257227972131888,0.49859402639924194,6.26357019351136
14,48,1.0,123497.31094220678,-0.007216353777474285,11.71675830728833,-11.723974661065803,-11.723974661065805,1.7763568394002505e-15,0.028929493459159517,-5.450192831535993,3.6347244999145496,6.273781829529809,0.0282154825215242,0.4986169105753338,6.2609219470194315
14,49,1.0,119975.77994563694,0.032444248047487016,11.72748941565413,-11.695045167606644,-11.695045167606644,0.0,0.002891734117913103,-5.431726311021056,3.62426152697033,6.263318856585589,0.02772079847753863,0.4987661320727528,6.251996005966908
14,50,1.0,119629.34303257789,0.0325739584886246,11.724727391977355,-11.69215343348873,-11.69215343348873,0.0,0.011172290228126158,-5.426370729260229,3.6267253746132426,6.2657827042285,0.02770210164015216,0.49873239853123924,6.254096776057106
14,51,1.0,118300.24763695431,0.0468503170406186,11.727831460301223,-11.680981143260604,-11.680981143260604,0.0,0.03825107029754449,-5.418786759680832,3.623137053964513,6.262194383579772,0.027556016658463096,0.49876118083127097,6.2508310088740116
14,52,1.0,113860.58870986824,0.08548082660151421,11.728210899564573,-11.64273007296306,-11.642730072963058,1.7763568394002505e-15,0.062334701454998864,-5.382003393947177,3.621669349400622,6.26072667901588,0.027503808032709454,0.49874711599592364,6.2492559330819235
14,53,1.0,106979.8065185882,0.1518776330083758,11.732273004516436,-11.580395371508061,-11.580395371508061,0.0,-0.1883413687876807,-5.325695647481306,3.6156423944114953,6.254699724026755,0.027649390313261187,0.49871974178303335,6.243022111732219
14,54,1.0,129150.89653293398,-0.045678476971543445,11.723058263324198,-11.768736740295742,-11.768736740295742,0.0,0.09041229626242497,-5.504756577811855,3.6249228328686285,6.263980162483888,0.02767469061535448,0.498669285476938,6.251789774967773
14,55,1.0,117986.3765755821,0.05033560225558694,11.728660046288903,-11.678324444033317,-11.678324444033317,0.0,-0.009119998035828303,-5.420941539948608,3.61832557446945,6.257382904084712,0.027543875127447586,0.4987039162594788,6.245561025357558
14,56,1.0,119067.33376963246,0.0375907332586809,11.725035175327829,-11.687444442069145,-11.687444442069149,3.552713678800501e-15,-0.02691118593980235,-5.427637578820561,3.6207495336333246,6.259806863248583,0.027199439905966752,0.4987585650746241,6.248506906288442
14,57,1.0,122315.08129439998,0.01903047926364998,11.733386107272601,-11.714355628008947,-11.714355628008951,3.552713678800501e-15,0.07611186246661994,-5.463040639906586,3.612257658487103,6.251314988102363,0.02735299722569225,0.49875374886775586,6.240009695717449
14,58,1.0,113350.91922764134,0.0912882718873547,11.729532037429683,-11.638243765542327,-11.63824376554233,1.7763568394002505e-15,-0.07396893212103706,-5.38442327008682,3.6147631658402473,6.253820495455507,0.02736112562464273,0.49870387786412423,6.242038410789431
14,59,1.0,122053.24923909776,0.01608899647282113,11.728301694136185,-11.712212697663364,-11.712212697663364,0.0,-0.010051477768019623,-5.457240297511036,3.6159150705370697,6.254972400152328,0.02734045397359644,0.4986946562469173,6.243091142119605
14,60,1.0,123286.25112480264,0.005543919967517512,11.727808095398903,-11.722264175431384,-11.722264175431386,1.7763568394002505e-15,-0.08650221951285708,-5.467859447302892,3.6153473985132307,6.25440472812849,0.02733864428493078,0.498693131417165,6.242524911600147
14,61,1.0,134425.6308938112,-0.08012961986865574,11.728636775075582,-11.808766394944241,-11.808766394944238,3.552713678800501e-15,-0.031459492900484776,-5.555778679305705,3.613930386023277,6.252987715638537,0.027419760868870564,0.4986786762863095,6.240999253611285
14,62,1.0,138721.8166654825,-0.1182529653208644,11.721972922523863,-11.840225887844726,-11.840225887844728,1.7763568394002505e-15,0.11824522905944868,-5.582811120730973,3.618357437498495,6.257414767113754,0.027421396888088877,0.4986488449886531,6.24512833087921
14,63,1.0,123251.30237488299,0.013376359699053826,11.735357018484331,-11.721980658785277,-11.721980658785277,0.0,-0.05222064942113924,-5.478241059578518,3.6046822695914997,6.243739599206758,0.027486424879228824,0.4986696374785801,6.2317424291347745
14,64,1.0,129858.58221495141,-0.03815216516212325,11.736049143044294,-11.774201308206417,-11.774201308206417,0.0,-0.08214047205696673,-5.532330501328742,3.602813477262416,6.241870806877675,0.02751598588247263,0.49867596213270393,6.229940546494897
14,65,1.0,140975.55425670798,-0.11847621604141971,11.737865564221964,-11.856341780263383,-11.856341780263385,1.7763568394002505e-15,0.10377292505262758,-5.617000641394734,3.6002838092533898,6.239341138868649,0.027521348851030112,0.4986887042848672,6.227539233829359
14,66,1.0,127079.58912907794,-0.017410763691632684,11.735158091519123,-11.752568855210756,-11.752568855210756,0.0,-0.09264771246816039,-5.510519950849796,3.602991574745701,6.242048904360961,0.02745023277155485,0.49863047274581224,6.2297171642468445
14,67,1.0,139415.86328015465,-0.11499111435911831,11.730225453319797,-11.845216567678916,-11.845216567678914,1.7763568394002505e-15,-0.04914984278215506,-5.599378515517047,3.6067807225466106,6.24583805216187,0.027299639681603812,0.4986371881507983,6.233550728680421
14,68,1.0,146439.31806373486,-0.16670980400406635,11.727656606457003,-11.894366410461071,-11.89436641046107,1.7763568394002505e-15,0.050353238036526804,-5.64659813471853,3.6087109461272826,6.247768275742542,0.027330640541143605,0.49859039567608304,6.235051781585159
14,69,1.0,139248.19179966568,-0.11535248174382841,11.728660690680716,-11.844013172424544,-11.844013172424544,0.0,0.03769379649090254,-5.598048442506204,3.6069074003030797,6.245964729918337,0.027232517574934435,0.4985939216602712,6.233291192702851
14,70,1.0,134097.09095517875,-0.07599417764461766,11.730325198289025,-11.806319375933642,-11.806319375933642,0.0,0.09862161816138126,-5.563606876669835,3.6036551696485484,6.242712499263808,0.02731023837675812,0.4985639106951198,6.229782483931386
14,71,1.0,121503.42829352281,0.01707354333853082,11.724771301110792,-11.70769775777226,-11.70769775777226,0.0,-0.012946164337428456,-5.459453755252154,3.6091866729048467,6.248244002520104,0.027119295446130585,0.49853294339748855,6.23501083846547
14,72,1.0,123086.65790635062,0.0021125677436066997,11.722756489853296,-11.720643922109689,-11.720643922109689,0.0,0.13025534179906373,-5.4722720473295094,3.6093145451649216,6.24837187478018,0.027181823764550087,0.49850023477549327,6.234834365527709
14,73,1.0,108054.23762857882,0.13592040351391216,11.726308983824538,-11.590388580310625,-11.590388580310625,0.0,0.06472195561381433,-5.346241846321205,3.6050894043741653,6.244146733989422,0.02727543753673872,0.49846767570895356,6.230342344006535
14,74,1.0,101282.26741302939,0.19817181754643862,11.723838442243249,-11.525666624696811,-11.525666624696811,0.0,0.03251946773242764,-5.281311450810847,3.6052978442707047,6.244355173885964,0.02736305636469421,0.4984100303005491,6.230032980590582
14,75,1.0,98041.5999594167,0.22928451633101926,11.7224316732954,-11.493147156964383,-11.493147156964381,1.7763568394002505e-15,-0.031754979964864205,-5.2486398164514325,3.6054500108976897,6.244507340512948,0.02745484496899871,0.4983519020887527,6.229654619313599
14,76,1.0,101204.86794776292,0.19326483441468492,11.718166971343932,-11.524902136929247,-11.524902136929247,0.0,-0.07351403193737482,-5.276271862784782,3.6095729445292073,6.248630274144466,0.027496722217279855,0.49830628576144176,6.233334725059523
14,77,1.0,108925.14355028034,0.1255810946585958,11.723997263525218,-11.598416168866622,-11.598416168866622,0.0,-0.04748790122391533,-5.356110213869619,3.603248625381743,6.242305954997002,0.027418814055701905,0.498342970230053,6.227400927705114
14,78,1.0,114222.5560291028,0.07470546246981487,11.720609532560351,-11.645904070090538,-11.645904070090536,1.7763568394002505e-15,-0.10281188403509844,-5.400201889225331,3.606644851249945,6.245702180865204,0.027302530692673216,0.498342435695168,6.23077926334831
14,79,1.0,126590.90607050454,-0.033624517608755414,11.71509143651688,-11.748715954125636,-11.748715954125636,0.0,-0.10586900098469876,-5.499412760275885,3.6102458642344906,6.24930319384975,0.02740304710685634,0.4982974156824223,6.233938483314304
14,80,1.0,140728.1022855937,-0.14296269794364078,11.711622257166692,-11.854584955110335,-11.854584955110333,1.7763568394002505e-15,-0.05084657579030072,-5.603914786220117,3.6116128392749585,6.250670168890217,0.02753418746271749,0.49825364881168765,6.234890754677538
14,81,1.0,148068.68469971677,-0.20203047509389258,11.703401055806744,-11.905431530900636,-11.905431530900636,0.0,-0.08479128723073437,-5.649044960479989,3.6173292408053883,6.256386570420646,0.027629676686133548,0.49817984234619267,6.2398638615217505
14,82,1.0,161171.26206509743,-0.28604871858853714,11.704174099542833,-11.99022281813137,-11.99022281813137,0.0,-0.10776406098432645,-5.7366118574666825,3.614553631049428,6.253610960664687,0.027562535052784005,0.49818867480505014,6.237193490859343
14,83,1.0,179510.12268625564,-0.3976093418833303,11.700377537232365,-12.097986879115696,-12.097986879115695,1.7763568394002505e-15,0.02700097150214198,-5.84467167848982,3.6142578710106164,6.253315200625876,0.02771839123397275,0.49814597211855755,6.236460483850064
14,84,1.0,174728.0261353458,-0.3638614201409426,11.707124487472614,-12.070985907613554,-12.070985907613556,1.7763568394002505e-15,-0.12517644507906667,-5.824884833021777,3.6070437449765187,6.2461010745917775,0.027823314940271935,0.4981192271734799,6.229065400598393
14,85,1.0,198027.7304588412,-0.5040354442509127,11.692126908441708,-12.196162352692621,-12.196162352692621,0.0,0.1398066480002118,-5.940346954033745,3.6167580690436174,6.255815398658877,0.02797460112383037,0.4980315614499996,6.2378518766764515
14,86,1.0,172190.32843761612,-0.3568660523756756,11.699489652316732,-12.05635570469241,-12.056355704692407,1.7763568394002505e-15,0.143910354614599,-5.805356120208418,3.6119422548687328,6.25099958448399,0.027882526999618077,0.4980556837953217,6.233310288849144
14,87,1.0,149110.86223000288,-0.20101981001751246,11.711425540060299,-11.91244535007781,-11.912445350077812,1.7763568394002505e-15,-0.002940976792263683,-5.671628738491928,3.6017592819706237,6.240816611585883,0.027662313726441283,0.49809021482534965,6.223582353416799
14,88,1.0,149550.0393035367,-0.2064090692031904,11.70897725766688,-11.915386326870074,-11.91538632687007,3.552713678800501e-15,-0.12787812961401102,-5.673509552460692,3.602819444794121,6.241876774409379,0.027687773295646503,0.49803798107092495,6.224157268680339
14,89,1.0,169950.83298814335,-0.35259815037501535,11.690666306109069,-12.043264456484085,-12.043264456484085,0.0,0.06874905281912724,-5.788581487819823,3.6156256390490027,6.254682968664262,0.02782901840238438,0.497932209733458,6.235795571931684
14,90,1.0,158659.45687743975,-0.2791974347221936,11.695317968942764,-11.974515403664958,-11.974515403664958,0.0,-0.049219343833195595,-5.723093893552255,3.612364180497443,6.251421510112701,0.027575495950942122,0.49794872226646947,6.232796830655131
14,91,1.0,166663.94314924197,-0.3327337971341488,11.691000950364007,-12.023734747498153,-12.023734747498155,1.7763568394002505e-15,0.029915907331234948,-5.771129051165195,3.6135483667176986,6.252605696332958,0.02767757207835139,0.49787772410906833,6.23331867841766
14,92,1.0,161751.8808081948,-0.3039321743471031,11.689886665819815,-11.993818840166918,-11.993818840166918,0.0,-0.02675737531975919,-5.740422220015909,3.6143392905357494,6.253396620151009,0.027438992880902638,0.49788734768822873,6.234199309383142
14,93,1.0,166138.36022184545,-0.3522384422917011,11.668337773194976,-12.020576215486678,-12.020576215486678,0.0,0.11245520727950797,-5.749600396854488,3.6319184890169294,6.270975818632189,0.02735407781524326,0.4977760655169329,6.250533349423838
14,94,1.0,148467.44805916375,-0.23116352040071025,11.676957487806458,-11.90812100820717,-11.908121008207168,1.7763568394002505e-15,-0.04853273060804497,-5.646092114304933,3.6229715642869786,6.2620288939022375,0.027873752867579905,0.49766548252773213,6.240696513060331
14,95,1.0,155850.69409818086,-0.27573893354379253,11.680914805271424,-11.956653738815215,-11.956653738815216,1.7763568394002505e-15,0.15573162754201952,-5.701355762060191,3.616240647139766,6.255297976755025,0.02795527386774119,0.4976388501559786,6.233769892393389
14,96,1.0,133375.28311129715,-0.10735538424439875,11.693566727028799,-11.800922111273195,-11.800922111273197,1.7763568394002505e-15,0.053635980303338826,-5.554738514980395,3.607126266677541,6.2461835962928,0.027771140406815966,0.4976865551382818,6.2252674142881546
14,97,1.0,126410.03280090295,-0.053819259904914145,11.693466871064942,-11.747286130969856,-11.747286130969856,0.0,0.005961379400266864,-5.502622429719636,3.6056063716349604,6.244663701250219,0.027796421147954938,0.49765043629628536,6.223449346747075
14,98,1.0,125658.69636124792,-0.05778956505855515,11.683535186511033,-11.74132475156959,-11.74132475156959,0.0,-0.008371137300946074,-5.489183035282594,3.613084386671735,6.252141716286994,0.027892677986003617,0.4975547084340773,6.22997190853164
14,99,1.0,126715.01769846784,-0.0657122842837344,11.683983604586803,-11.749695888870535,-11.749695888870537,1.7763568394002505e-15,-0.04717213839142609,-5.499549482624575,3.6110890766307007,6.25014640624596,0.02800565367391264,0.4975210779210131,6.227680415906192
14,100,1.0,132835.66308009342,-0.10895404061772256,11.68791398664424,-11.796868027261961,-11.796868027261963,1.7763568394002505e-15,0.02881446472303928,-5.552326765634251,3.6054839320124503,6.244541261627709,0.027889490164665076,0.49751963591300014,6.2221162126334315
14,101,1.0,129062.69364570531,-0.0816102083103271,11.686443354228594,-11.768053562538922,-11.76805356253892,1.7763568394002505e-15,0.042913184923344616,-5.522801144927714,3.606195087995949,6.245252417611208,0.02778092175880363,0.4974940500482909,6.222598873995798
14,102,1.0,123641.35774398301,-0.034840278443826006,11.690300099171754,-11.725140377615578,-11.72514037761558,1.7763568394002505e-15,0.008546695328867315,-5.484655946846021,3.601427101154296,6.2404844307695555,0.027688804345454985,0.49748647293170417,6.2178605036851184
14,103,1.0,122589.13564518958,-0.025903167436585436,11.690690514850125,-11.71659368228671,-11.71659368228671,0.0,-0.020674048092843123,-5.478704056257831,3.598832296413622,6.23788962602888,0.02776489166116769,0.497443435054403,6.2149067187930145
14,104,1.0,125149.92910500211,-0.054451921516483606,11.68281580886307,-11.737267730379553,-11.737267730379553,0.0,0.06804685281742273,-5.494752785421185,3.6034576153431073,6.242514944958366,0.027815393635122986,0.4973463130056598,6.21861010090702
14,105,1.0,116917.15400739414,0.016125072823205466,11.685345950385337,-11.66922087756213,-11.66922087756213,0.0,-0.02980315221130425,-5.4288920619360885,3.6012714860107815,6.240328815626042,0.027853598706415877,0.49729846895674495,6.216034001270766
14,106,1.0,120454.09798713861,-0.01820696258937675,11.680817067184057,-11.699024029773435,-11.699024029773433,1.7763568394002505e-15,-0.1227497061877667,-5.457024612265937,3.6029420878922376,6.241999417507496,0.027858251840404843,0.4972499834218316,6.21723397971713
14,107,1.0,136185.57218074106,-0.14748956992264245,11.67428416603856,-11.821773735961202,-11.821773735961203,1.7763568394002505e-15,-0.05943081843374465,-5.577578938668523,3.605137467677419,6.244194797292678,0.027913344550704544,0.4971881635244586,6.218795891686805
14,108,1.0,144524.5335382608,-0.20189952768773267,11.679305026707212,-11.881204554394946,-11.881204554394944,1.7763568394002505e-15,0.08787084484903929,-5.64486706911948,3.597280155660205,6.236337485275465,0.027913769263465615,0.49717846059917425,6.210928589572801
14,109,1.0,132367.008318006,-0.11818710328253515,11.675146606263375,-11.793333709545907,-11.79333370954591,3.552713678800501e-15,-0.06794424414458256,-5.553354922848208,3.6009214570824404,6.2399787866977,0.02784935562924636,0.49711628411584835,6.214028882088095
14,110,1.0,141673.15436258877,-0.1936693338441,11.667608619846387,-11.86127795369049,-11.861277953690488,1.7763568394002505e-15,0.10669950662939343,-5.6153055272534305,3.606915096821801,6.245972426437059,0.02777958427707518,0.49708173381376647,6.219649374716219
14,111,1.0,127335.22401059256,-0.07749447386308951,11.677083973198005,-11.754578447061096,-11.754578447061094,1.7763568394002505e-15,0.02220043174560793,-5.518166820139063,3.5973542973067727,6.236411626922032,0.02777868700738991,0.4970571180248323,6.210001760763346
14,112,1.0,124539.475300267,-0.052939898815788984,11.6794381164997,-11.732378015315488,-11.732378015315488,0.0,0.017252805671628124,-5.499107696966322,3.5942129887339083,6.233270318349168,0.027685344043736584,0.49703797063939803,6.2067429042234155
14,113,1.0,122409.24896484418,-0.03755197668983828,11.677573232954021,-11.71512520964386,-11.71512520964386,0.0,-0.02215271825084919,-5.481164667377504,3.594903212651098,6.233960542266357,0.027660824816643795,0.49699507249050834,6.207049338381398
14,114,1.0,125151.20532980814,-0.05644122922681162,11.680836698667896,-11.73727792789471,-11.737277927894707,1.7763568394002505e-15,0.012619737383705143,-5.507158248744098,3.591062349535353,6.2301196791506115,0.02767916138341826,0.4969765883882797,6.20307998455437
14,115,1.0,123581.75384695694,-0.048828543443600395,11.675829647067403,-11.724658190511004,-11.724658190511002,1.7763568394002505e-15,-0.06452618988728176,-5.49199977544553,3.5936010854502167,6.232658415065475,0.027688765084774178,0.4969133443907627,6.205033469913553
14,116,1.0,131818.911934736,-0.11893845429135294,11.670245926106933,-11.789184380398286,-11.789184380398286,0.0,0.08890915935305799,-5.553220984014729,3.5969060667682977,6.235963396383555,0.02768439645293492,0.49682916995079945,6.207549589752815
14,117,1.0,120604.90342674326,-0.026582084770010235,11.673693136275219,-11.700275221045228,-11.70027522104523,1.7763568394002505e-15,0.11077937300336949,-5.470141497536598,3.5910763938933727,6.230133723508631,0.027732087332173437,0.4967793768325998,6.201343583539779
14,118,1.0,107957.81716910227,0.08680231363083321,11.676298161672692,-11.589495848041858,-11.589495848041858,0.0,-0.15350337314425033,-5.362423164135103,3.5880153542914988,6.227072683906758,0.027696327774974626,0.496746776886644,6.198033094528027
14,119,1.0,125869.28429269794,-0.073152578072946,11.669846643113162,-11.742999221186109,-11.742999221186109,0.0,0.10776303693901568,-5.512693304065633,3.5912485875052167,6.230305917120474,0.027776515881847035,0.4966525956664101,6.200375869881727
14,120,1.0,113010.51927003928,0.026019899452406417,11.661256083699499,-11.635236184247093,-11.635236184247093,0.0,0.08005323021731847,-5.39662697625166,3.5995518783801734,6.238609207995432,0.027603405339452533,0.49657290541108084,6.207887082890745
14,121,1.0,104316.30472445438,0.10240997593143339,11.657592929961206,-11.555182954029775,-11.555182954029773,1.7763568394002505e-15,0.05782737117617742,-5.312113958714762,3.604011665699756,6.2430689953150145,0.027734594194421567,0.49649082047620663,6.211530652387283
14,122,1.0,98455.07018606676,0.16281395344117122,11.660169536294767,-11.497355582853597,-11.497355582853595,1.7763568394002505e-15,0.11765138965285793,-5.258982896238402,3.599315356999935,6.238372686615194,0.027709467744778976,0.4964767217826487,6.206781116149452
14,123,1.0,87527.13978290424,0.2779166922743197,11.657620885475058,-11.37970419320074,-11.37970419320074,0.0,-0.003496442698359914,-5.1392248583780065,3.601422005207474,6.2404793348227345,0.027965075758768942,0.4963973313359307,6.208106407535398
14,124,1.0,87833.70905032459,0.2759996022107971,11.659200238109896,-11.3832006358991,-11.3832006358991,0.0,-0.032695674227030125,-5.146591822421646,3.5975514838621945,6.236608813477452,0.02798905416475622,0.49635247287523954,6.203882317950269
14,125,1.0,90752.95468651131,0.24247289037377773,11.658369200499909,-11.41589631012613,-11.415896310126131,1.7763568394002505e-15,-0.09811832107244811,-5.181452284898033,3.5953866956128384,6.234444025228098,0.027827915109209324,0.4963399055712902,6.20167923495602
14,126,1.0,100108.97595852878,0.13845573573310038,11.652470366931677,-11.514014631198577,-11.514014631198577,0.0,-0.11338386254236887,-5.2774589150515405,3.5974983865317776,6.236555716147036,0.027598985834904985,0.4963211188709008,6.203660781091147
14,127,1.0,112128.23982914683,0.012985713829205039,11.64038420757015,-11.627398493740946,-11.627398493740946,0.0,0.11876347487451788,-5.384139317583995,3.6042018465416947,6.243259176156954,0.027525955318671292,0.4962380850881056,6.209548221504028
14,128,1.0,99571.87447111544,0.13725221575630728,11.645887234622737,-11.508635018866428,-11.50863501886643,1.7763568394002505e-15,0.09222300948852435,-5.272806439420898,3.5967712498302724,6.23582857944553,0.027721985527774454,0.4961783535772085,6.201684490818427
14,129,1.0,90799.76798709402,0.22614906649774597,11.642561075875651,-11.416412009377904,-11.416412009377906,1.7763568394002505e-15,0.011909052104382312,-5.178711510253473,3.5986431695091725,6.237700499124432,0.027818928912753945,0.4960786385090051,6.202622237364044
14,130,1.0,89724.84219698714,0.23815725874151233,11.642660216015035,-11.404502957273522,-11.404502957273522,0.0,0.08363757539406791,-5.170304661600381,3.5951409660578824,6.234198295673139,0.02782933646412362,0.4960289316550902,6.198736463454999
14,131,1.0,82525.72829938262,0.3212326800346393,11.642098061914094,-11.320865381879454,-11.320865381879456,1.7763568394002505e-15,-0.024382407952025176,-5.0853852521342295,3.596422800129967,6.235480129745226,0.027962618609462562,0.4959646715406576,6.199376140644939
14,132,1.0,84562.63571601569,0.2940978216366049,11.639345611468084,-11.345247789831479,-11.345247789831479,0.0,0.0003335158346509104,-5.109685939737296,3.5965045204789248,6.235561850094185,0.027973306474625922,0.4958997502491733,6.198893524876167
14,133,1.0,84534.43744053152,0.2922181311557869,11.637132405152617,-11.344914273996828,-11.34491427399683,1.7763568394002505e-15,-0.11946405252723302,-5.1085856422972835,3.5972713020842852,6.236328631699544,0.02808386792390994,0.49581072344615695,6.1988394712143755
14,134,1.0,95261.24335775315,0.17183207957439797,11.63621040609846,-11.464378326524061,-11.464378326524061,0.0,0.004285545587947581,-5.23207874076352,3.5932422561452815,6.232299585760539,0.0280110450316791,0.49576949549760474,6.194518032618555
14,135,1.0,94853.8704875628,0.17394147448962993,11.634034255425744,-11.460092780936113,-11.460092780936115,1.7763568394002505e-15,-0.012810393767123784,-5.228321986762188,3.5927134645586674,6.231770794173926,0.02797004355345554,0.49572944536579944,6.193656932918365
14,136,1.0,96076.80231378866,0.15832353238094063,11.631226707084178,-11.472903174703237,-11.472903174703237,0.0,-0.09653383055394293,-5.240016547922431,3.593829297165546,6.232886626780805,0.02786010093687975,0.4957157044880076,6.194642296491055
14,137,1.0,105813.88259554525,0.058407410070430765,11.627844415327612,-11.56943700525718,-11.569437005257182,1.7763568394002505e-15,-0.07900310236168728,-5.338450599562109,3.591929076079814,6.230986405695073,0.027764191249654638,0.49568832175413885,6.192528177734949
14,138,1.0,114512.59633888034,-0.022717414176235434,11.625722693442631,-11.648440107618868,-11.648440107618866,1.7763568394002505e-15,0.05147350840152143,-5.420875730600109,3.5885070474034975,6.227564377018756,0.027912785761858305,0.49558389495938526,6.18818137370561
14,139,1.0,108767.36335246779,0.0287500878095935,11.625716687026939,-11.596966599217346,-11.596966599217346,0.0,-0.01559636695775879,-5.371760678512638,3.5861485910894486,6.225205920704707,0.02796147890013902,0.49552721089127033,6.185364794883212
14,140,1.0,110477.03675533664,0.004579903380589237,11.617142869555693,-11.612562966175105,-11.612562966175103,1.7763568394002505e-15,0.1261584350105558,-5.383448328974062,3.5900573075857842,6.229114637201043,0.028126856086909527,0.4954084867436441,6.188161383371126
14,141,1.0,97382.76577032049,0.1361169572363918,11.622521488400942,-11.486404531164549,-11.48640453116455,1.7763568394002505e-15,0.017879018265531954,-5.26093405144825,3.586413150101041,6.2254704797163,0.028043892053904895,0.49540947215402453,6.184627321934648
14,142,1.0,95657.12982834694,0.15238794799290178,11.620913460891916,-11.468525512899017,-11.468525512899015,1.7763568394002505e-15,-0.09930705274260632,-5.243530911410464,3.585937271873296,6.224994601488554,0.028036010205569343,0.4953476493494737,6.183616495585248
14,143,1.0,105644.24673207296,0.04909166580317352,11.616924231444797,-11.567832565641623,-11.567832565641623,0.0,0.023723891466582714,-5.342753580402992,3.5860216556233726,6.225078985238631,0.027852887211097445,0.49531027102821024,6.183348186040072
14,144,1.0,103167.44988377446,0.06884015201117213,11.612948826186216,-11.54410867417504,-11.544108674175044,3.552713678800501e-15,-0.13144317814273876,-5.315411797935511,3.5896395466242708,6.228696876239531,0.027796699660703184,0.49523926944032837,6.186284293193817
14,145,1.0,117659.7016027738,-0.07236396477576769,11.60318788754201,-11.67555185231778,-11.675551852317778,1.7763568394002505e-15,-0.06690052611968689,-5.446972171773256,3.5895223509292635,6.228579680544523,0.027951837288387123,0.4950852465048633,6.1847571549979135
14,146,1.0,125800.47240366193,-0.15343714610711295,11.589015232330354,-11.742452378437466,-11.742452378437466,0.0,-0.00037571248410195324,-5.506925789714211,3.5964692591079968,6.235526588723255,0.02789390139473064,0.49499160110389134,6.19072653118418
14,147,1.0,125847.74609175115,-0.15443649231812084,11.588391598603446,-11.742828090921568,-11.742828090921567,1.7763568394002505e-15,-0.03128183353392089,-5.505544125463545,3.598226635842767,6.237283965458025,0.027832529560551374,0.49497825108682436,6.192373462022197
14,148,1.0,129846.71579282597,-0.19477338901320074,11.57933653544229,-11.77410992445549,-11.77410992445549,0.0,-0.14707408577321956,-5.534394055222997,3.6006585396172355,6.2397158692324926,0.027887694747383902,0.49487977593303567,6.193808803680957
14,149,1.0,150419.60136471165,-0.3532234674179158,11.567960542810791,-11.921184010228709,-11.921184010228707,1.7763568394002505e-15,0.053063771798324666,-5.682965584955548,3.5991610956579017,6.23821842527316,0.028136713943676225,0.49475120098919445,6.191005094333349
14,150,1.0,142645.84634763718,-0.2971347620334363,11.570985476396949,-11.868120238430384,-11.868120238430386,1.7763568394002505e-15,-0.12372426708859763,-5.633804625118496,3.5952582836966256,6.234315613311885,0.028235322131034916,0.4946743698075277,6.186511428593628
14,151,1.0,161432.84351237369,-0.4333510537062457,11.558493451812733,-11.991844505518982,-11.99184450551898,1.7763568394002505e-15,0.11714949408208497,-5.757716051493477,3.5950711244102433,6.234128454025502,0.028420672701536948,0.49452127352464,6.184802082089242
14,152,1.0,143586.80029741037,-0.30950451558960523,11.565190495847293,-11.874695011436897,-11.874695011436899,1.7763568394002505e-15,0.04397345781058526,-5.636702541075108,3.598935140746529,6.237992470361789,0.028079408555932987,0.4945374044987041,6.18901895990866
14,153,1.0,137409.60388883145,-0.26559334127895945,11.565128212347354,-11.830721553626312,-11.830721553626313,1.7763568394002505e-15,-0.09838397153087719,-5.592682011321481,3.5989822126895725,6.238039542304831,0.027907544112989503,0.4945093904324193,6.188890743511392
14,154,1.0,151615.88441387806,-0.37849482352865477,11.550610701628534,-11.929105525157189,-11.929105525157189,0.0,0.07635582510179972,-5.686656143287531,3.6033920522544003,6.242449381869659,0.027934227883035713,0.4943752755738039,6.191953115545005
14,155,1.0,140470.06717704516,-0.29794463150935147,11.554805068546036,-11.852749700055389,-11.852749700055387,1.7763568394002505e-15,0.15888648154053087,-5.611686763120636,3.602005607319495,6.241062936934753,0.02778567087978271,0.49433935365727116,6.190392991250387
14,156,1.0,119834.05845178809,-0.1292105068101293,11.564652711704728,-11.693863218514858,-11.693863218514856,1.7763568394002505e-15,0.08869327952384509,-5.455141439900409,3.59966444899919,6.238721778614448,0.027553948761236995,0.4943539196733386,6.18838481299582
14,157,1.0,109663.28875633058,-0.03167919591242935,11.573490743078581,-11.605169938991013,-11.605169938991011,1.7763568394002505e-15,0.07946144885223205,-5.37384136668149,3.5922712426942622,6.23132857230952,0.02782819976741753,0.4942761299174465,6.18043818333696
14,158,1.0,101286.50772867905,0.052091538653711536,11.577800028792494,-11.525708490138781,-11.525708490138783,1.7763568394002505e-15,-0.03759672262468072,-5.29716359247805,3.58948756804547,6.228544897660728,0.027985972176100108,0.4942054534838774,6.177039523049392
14,159,1.0,105167.03900656133,0.011967251074230738,11.575272463837692,-11.563305212763462,-11.563305212763462,0.0,-0.045309250159681014,-5.337058483516742,3.5871893996314617,6.2262467292467205,0.028028972109596813,0.4941266713797273,6.174087203226691
14,160,1.0,110041.67789001693,-0.038701692177094,11.569912770746047,-11.608614462923143,-11.608614462923141,1.7763568394002505e-15,0.11344187435982889,-5.381447227414362,3.588109905893521,6.22716723550878,0.028274278084839295,0.49399012349509963,6.173747951312634
14,161,1.0,98240.3777514398,0.07323433643916824,11.568406925002483,-11.495172588563314,-11.495172588563316,1.7763568394002505e-15,-0.025710903642524485,-5.264014046422695,3.5921012125253595,6.2311585421406175,0.028223136116428526,0.4939495048124422,6.177339118594435
14,162,1.0,100798.97764989702,0.04069397567618502,11.561577467882024,-11.520883492205838,-11.52088349220584,1.7763568394002505e-15,0.0020086690446419198,-5.289379453309944,3.5924467092806354,6.231504038895893,0.02840034435296169,0.4938104708950476,6.1764281473746285
14,163,1.0,100596.70907707923,0.04401645002422462,11.562891273185423,-11.518874823161196,-11.518874823161198,1.7763568394002505e-15,-0.06431438176286086,-5.295238696512671,3.584578797033267,6.223636126648527,0.028322180698755514,0.49376387491994855,6.168316086514415
14,164,1.0,107279.10818168729,-0.02286332203609965,11.560325882887959,-11.583189204924057,-11.583189204924059,1.7763568394002505e-15,0.007800490979011698,-5.362017450701139,3.5821144246076586,6.221171754222917,0.028264182710312717,0.49373595373443574,6.165619130240195
14,165,1.0,106445.53383740563,-0.013803843644292692,11.561584870300752,-11.575388713945046,-11.575388713945046,0.0,0.030288258431768966,-5.35808290837704,3.578248475952747,6.217305805568006,0.02828159576594797,0.49364351423119773,6.161040523568714
14,166,1.0,103269.82019137168,0.01771427462793913,11.562814730141216,-11.545100455513277,-11.545100455513277,0.0,-0.01889392143029056,-5.32868546676698,3.5773576591310388,6.216414988746296,0.028249832206682184,0.4935913085657078,6.159708826828118
14,167,1.0,105239.54134290936,-0.010174988655365837,11.5538193882882,-11.563994376943567,-11.563994376943567,0.0,-0.02332737289679443,-5.345622717399734,3.579314329928573,6.218371659543832,0.028312866649890328,0.49343454914775803,6.160268198801439
14,168,1.0,107723.36123042498,-0.04376931212102475,11.543552437719338,-11.587321749840362,-11.587321749840363,1.7763568394002505e-15,0.0727732153968681,-5.364771476391428,3.5834929438336767,6.222550273448936,0.028467530816250624,0.4932410897723894,6.162606303126307
14,169,1.0,100162.43873634354,0.03895014053997445,11.55349867498347,-11.514548534443493,-11.514548534443495,1.7763568394002505e-15,-0.17661536325488036,-5.298358927049243,3.5771322777789942,6.216189607394253,0.02824787088395395,0.4933222663135475,6.157114637468673
14,170,1.0,119511.02406615073,-0.1577158700249502,11.533448027673423,-11.691163897698374,-11.691163897698372,1.7763568394002505e-15,-0.00435993802806145,-5.4735533476907525,3.578553220392363,6.217610550007621,0.02843050078038547,0.4931245913089147,6.156594557861989
14,171,1.0,120033.22227345276,-0.17183288555122983,11.523690950175205,-11.695523835726435,-11.695523835726434,1.7763568394002505e-15,0.19202905113979085,-5.472917776829596,3.5835487292815804,6.222606058896838,0.028363484590588708,0.4930097258526118,6.160506476847938
14,172,1.0,99061.36490210684,0.03973331002807785,11.54322809461472,-11.503494784586644,-11.503494784586643,1.7763568394002505e-15,0.010422793392734775,-5.286771722779195,3.57766573219219,6.21672306180745,0.028161238389615876,0.49310995796008306,6.155811239845228
14,173,1.0,98034.23086397273,0.045332781363222996,11.538404772557133,-11.49307199119391,-11.49307199119391,0.0,-0.03805220381757124,-5.2730112122613635,3.581003449317289,6.220060778932548,0.028135371144029763,0.49303496399747343,6.1584350052224766
14,174,1.0,101836.53360669005,-0.005352642338538198,11.525771552672943,-11.531124195011481,-11.531124195011481,0.0,0.1633946384889473,-5.305169633235311,3.586897232160909,6.2259545617761685,0.028029242066507143,0.49289233375618396,6.162954781803337
14,175,1.0,86485.2844534823,0.17589893747722324,11.543628493999758,-11.367729556522534,-11.367729556522535,1.7763568394002505e-15,-0.06826527083510925,-5.148536866862059,3.5801353600452157,6.219192689660475,0.028149109965160884,0.49295831854100763,6.156865688268703
14,176,1.0,92595.40777645688,0.10549132496979696,11.54148615232744,-11.435994827357643,-11.435994827357643,0.0,-0.09396947042027648,-5.219754597053503,3.577182900688883,6.21624023030414,0.028233954743636276,0.4928783564804583,6.153243294556694
14,177,1.0,101718.48217008676,0.004731867142458239,11.534696164920376,-11.52996429777792,-11.529964297777918,1.7763568394002505e-15,-0.0806325089700124,-5.317543985254545,3.573362982908115,6.212420312523375,0.028219109626092333,0.49275511637452996,6.148423214600508
14,178,1.0,110260.03468827084,-0.08659703429593388,11.523999772452001,-11.610596806747932,-11.610596806747935,3.552713678800501e-15,0.038005719412817385,-5.395148095124325,3.5763913820083464,6.215448711623606,0.028270304008118762,0.4926186585705584,6.1501345792785855
14,179,1.0,106148.15515065563,-0.0477139806468172,11.524877106688296,-11.572591087335114,-11.572591087335113,1.7763568394002505e-15,-0.004692269398969273,-5.363187856349293,3.5703459013705623,6.209403230985821,0.028417572562742806,0.4924663661112007,6.1428952168743844
14,180,1.0,106647.40127347072,-0.058753240829300134,11.518530115904781,-11.577283356734084,-11.577283356734082,1.7763568394002505e-15,-0.09091770124042675,-5.36468611008666,3.573539917032165,6.212597246647424,0.028416659247952388,0.4923503521268132,6.144999354361955
14,181,1.0,116797.98038173627,-0.1689412906806666,11.499259767293841,-11.66820105797451,-11.668201057974509,1.7763568394002505e-15,0.05118345697145976,-5.4541846025661105,3.5749591257931415,6.2140164554084,0.028427217783287776,0.49214784158516844,6.144522495402624
14,182,1.0,110970.26938093863,-0.12151207558113371,11.495505525421917,-11.61701760100305,-11.61701760100305,0.0,-0.05614860560510415,-5.399366942438194,3.578593328949598,6.217650658564858,0.028313316665026716,0.49205861833269265,6.147374733214491
14,183,1.0,117379.34179300594,-0.19339425566186125,11.479771950946294,-11.673166206608155,-11.673166206608155,0.0,0.12092537757111366,-5.449077566392655,3.5850313106002396,6.224088640215499,0.02842595205961893,0.49187170500794836,6.151897337864336
14,184,1.0,104009.84416087926,-0.07377338272642722,11.478467446310615,-11.552240829037041,-11.552240829037043,1.7763568394002505e-15,-0.061403199045152235,-5.321454123787545,3.59172937563424,6.230786705249498,0.02856483670416931,0.4917644292036653,6.157568492566064
14,185,1.0,110596.53385162237,-0.14790675125165617,11.465737276830536,-11.613644028082193,-11.613644028082192,1.7763568394002505e-15,0.03013441647580528,-5.382418195771537,3.5921685026953987,6.231225832310656,0.028708137463331493,0.491580464854905,6.156202941456179
14,186,1.0,107313.48663207161,-0.11336608884422329,11.470143522762163,-11.583509611606388,-11.583509611606386,1.7763568394002505e-15,-0.06564926298227114,-5.359460486545181,3.5849917954459483,6.224049125061207,0.02860209628564666,0.49153324088995765,6.148839127666728
14,187,1.0,114594.93379793208,-0.19629758840122655,11.452861286187433,-11.64915887458866,-11.64915887458866,0.0,0.12714924658649807,-5.4218411845801535,3.588260360393248,6.2273176900085065,0.028652347496009003,0.49136024567896525,6.150333084852844
14,188,1.0,100912.55492657676,-0.05767734013810457,11.464332287864057,-11.522009628002161,-11.522009628002161,0.0,0.005250816812218062,-5.299291215911159,3.583661082475745,6.2227184120910035,0.02856812026379007,0.4913531983802618,6.146103907211398
14,189,1.0,100384.070288855,-0.060408635046203606,11.45635017614374,-11.516758811189943,-11.516758811189943,0.0,0.032130437301539416,-5.288650042962447,3.5890514386122363,6.228108768227495,0.028555535039195997,0.4912750817613,6.150651972475785
14,190,1.0,97209.95217981623,-0.022136285933855998,11.462492087954548,-11.484628373888404,-11.484628373888404,0.0,0.11471233498340361,-5.2665328494409565,3.5790381948321897,6.218095524447449,0.028566515783439175,0.49119100009291633,6.140243855358555
14,191,1.0,86674.58988536036,0.10739214190840411,11.477308180813404,-11.369916038905,-11.369916038905,0.0,-0.14394970092208403,-5.159080546790993,3.5717781624987466,6.210835492114006,0.028568573293864273,0.4911748486416318,6.133141424576331
14,192,1.0,100094.07170538443,-0.04460029894291318,11.469265440884172,-11.513865739827084,-11.513865739827086,1.7763568394002505e-15,-0.08398768803578704,-5.310158453572128,3.5646499566396987,6.203707286254958,0.028605926843556544,0.49102124028615896,6.1247787143863
14,193,1.0,108863.86414949803,-0.1517367471694089,11.44611668069346,-11.597853427862871,-11.59785342786287,1.7763568394002505e-15,0.12446258590811965,-5.389103754244173,3.5696923440034385,6.208749673618699,0.028760337626234825,0.49076370540067604,6.127210216556665
14,194,1.0,96123.6672502259,-0.014399335487103634,11.458991506467648,-11.473390841954751,-11.473390841954751,0.0,0.07440086644728261,-5.266518663156104,3.5678148491833865,6.206872178798647,0.028513060799734386,0.49081330445252025,6.126086380674096
14,195,1.0,89231.5517779154,0.06852925360461207,11.46751922911208,-11.398989975507469,-11.398989975507467,1.7763568394002505e-15,-0.11404076569551691,-5.192582217820118,3.5673504280720922,6.206407757687351,0.028523346136151182,0.4907985135280723,6.125604162134948
14,196,1.0,100010.52817744936,-0.06906482738564622,11.443965913817337,-11.513030741202986,-11.513030741202982,3.552713678800501e-15,-0.0029920080675722716,-5.301709427564043,3.572263984023683,6.211321313638941,0.028551628098080244,0.4905381170002023,6.127961156041694
14,197,1.0,100310.20858413135,-0.08052784273829142,11.435494906532266,-11.516022749270558,-11.516022749270558,0.0,-0.0559523652973315,-5.30308024054538,3.573885179109918,6.2129425087251775,0.028733893077911337,0.49031269536912647,6.127479666665545
14,198,1.0,106082.79091115411,-0.15493834855478783,11.417036766013101,-11.57197511456789,-11.57197511456789,0.0,0.0067797137781901995,-5.352993158916699,3.5799246260359316,6.2189819556511905,0.028829187333412873,0.49009664025802163,6.131311274292658
14,199,1.0,105366.01247383776,-0.14778472174264629,11.417410679047048,-11.5651954007897,-11.565195400789694,5.329070518200751e-15,0.017537976491761142,-5.351208466553525,3.5749296046209134,6.213986934236172,0.028827376155414586,0.49000614334212184,6.1257151922635895
14,200,1.0,103534.21577957804,-0.13038886687509904,11.41726855742284,-11.547657424297938,-11.54765742429794,1.7763568394002505e-15,0.06418475219044062,-5.333971818270108,3.574628276412572,6.213685606027831,0.02849647304466239,0.48995739714302133,6.125222276931811
14,201,1.0,97097.67135902971,-0.051551440442086455,11.43192123166541,-11.483472672107498,-11.483472672107496,1.7763568394002505e-15,0.1911161030351618,-5.281108532824056,3.563306809668181,6.202364139283441,0.028633586779771805,0.48991490490839806,6.1139379011751895
14,202,1.0,80206.23781503248,0.1549627303307582,11.447319299403095,-11.292356569072336,-11.292356569072336,0.0,-0.11161372313499918,-5.090621143911041,3.5626780955460364,6.201735425161296,0.028678760141444794,0.48992994955888597,6.113565362341573
14,203,1.0,89677.06163462762,0.03292602512314964,11.436896317330486,-11.403970292207335,-11.403970292207337,1.7763568394002505e-15,-0.043487284315840924,-5.20343871545528,3.5614742471367937,6.200531576752053,0.028720164947457247,0.48972643530657345,6.110582023402598
14,204,1.0,93662.91228924018,-0.023051358763049035,11.424406217760128,-11.447457576523176,-11.447457576523176,0.0,0.13155272696094933,-5.247955175341285,3.560445071566633,6.199502401181893,0.02870043208320574,0.48954607872348227,6.108037520538375
14,205,1.0,82117.3704307205,0.117902287635566,11.433807137197793,-11.315904849562227,-11.315904849562227,0.0,0.08461591536272728,-5.1173614260572196,3.5594860938897495,6.198543423505009,0.02868514483313727,0.4895109022615274,6.106877245317487
14,206,1.0,75454.78896374059,0.20961567133339148,11.440904605532893,-11.2312889341995,-11.231288934199501,1.7763568394002505e-15,0.08511370005350649,-5.031315318019156,3.560916286565083,6.199973616180342,0.02878328598766181,0.4894820558489101,6.107927507862238
14,207,1.0,69298.27091505361,0.2934038688395475,11.43957910298554,-11.146175234145993,-11.146175234145993,0.0,-0.060678985728998214,-4.938252973963879,3.5688649305668556,6.207922260182114,0.028878716864899668,0.48940853570321985,6.114857161799735
14,208,1.0,73633.41573901205,0.22003093093559645,11.42688515081059,-11.206854219874991,-11.206854219874993,1.7763568394002505e-15,0.0384347497373696,-4.996596253838242,3.5712006364214908,6.21025796603675,0.028686845542517495,0.4892611832279903,6.115980665031598
14,209,1.0,70857.0304413737,0.25258407924743065,11.421003549385052,-11.168419470137621,-11.168419470137621,0.0,-0.00572038803467656,-4.9537421570010185,3.575619983521343,6.214677313136603,0.0289307727948062,0.48911866038015217,6.118998375568067
14,210,1.0,71263.52168584707,0.24311257671369946,11.417252434885999,-11.174139858172298,-11.1741398581723,1.7763568394002505e-15,0.08720778445829858,-4.955806888550142,3.579275640006898,6.218332969622158,0.028983955748378698,0.4890246393011415,6.121690010689024
14,211,1.0,65312.06584134962,0.33867424968261545,11.425606323396615,-11.086932073714,-11.086932073714,0.0,-0.008575737659125338,-4.874639862348599,3.5732348817501416,6.2122922113654,0.029095692625593122,0.48898553327672595,6.115338773615609
14,212,1.0,65874.57349563393,0.32678337104455096,11.422291182417675,-11.095507811373125,-11.095507811373125,0.0,0.005840200981850785,-4.886393063065841,3.570057418692024,6.209114748307283,0.029116171737615357,0.48880505393669604,6.110693209318769
14,213,1.0,65490.973986256766,0.3311931639402015,11.420860774331477,-11.089667610391274,-11.089667610391276,1.7763568394002505e-15,-0.10638906713653817,-4.8824494936787515,3.568160787097263,6.207218116712523,0.029120832566189792,0.48874367162636345,6.108360442093024
14,214,1.0,72842.63275368624,0.21453868005502577,11.41059535758284,-11.196056677527812,-11.196056677527814,1.7763568394002505e-15,-0.011993997912959742,-5.000360221184393,3.556639126728162,6.19569645634342,0.028951879420250452,0.48857782385963255,6.096051018505816
14,215,1.0,73721.56757346107,0.1895844296604214,11.397635105101195,-11.208050675440772,-11.208050675440774,1.7763568394002505e-15,0.06271563704055083,-5.006557717879505,3.562435627946008,6.201492957561266,0.028793134439712324,0.48839697876213306,6.100147806242598
14,216,1.0,69240.07125561828,0.2481865644320873,11.39352160283231,-11.145335038400221,-11.145335038400223,1.7763568394002505e-15,0.04486384810395805,-4.938925695171243,3.56735201361372,6.206409343228979,0.028681462590661844,0.4883357388825226,6.104444145623439
14,217,1.0,66202.34672376455,0.29613733469221576,11.39660852498848,-11.100471190296263,-11.100471190296265,1.7763568394002505e-15,-0.005119427746933525,-4.899651006164051,3.5617628545169553,6.200820184132215,0.029047195404502305,0.4882069888926683,6.0978255031164394
14,218,1.0,66542.13387025706,0.2852900768149841,11.39088069485818,-11.105590618043196,-11.105590618043195,1.7763568394002505e-15,-0.15216944072508376,-4.902778997049833,3.563754291378104,6.202811620993363,0.028983935806949107,0.4880707569500149,6.098593435063731
14,219,1.0,77478.83325662944,0.11419634293947958,11.37195640170776,-11.25776005876828,-11.25776005876828,0.0,0.11656310612024257,-5.058259292675607,3.5604434364774145,6.199500766092673,0.02870427474363331,0.48782766190113436,6.093459781082179
14,220,1.0,68954.14191136323,0.24192242830990124,11.383119380957938,-11.141196952648038,-11.141196952648036,1.7763568394002505e-15,0.07354994726187236,-4.9397934477729875,3.56234617525979,6.201403504875048,0.028995544179304132,0.48780792424330083,6.0949516762834985
14,221,1.0,64064.58572133249,0.31957139769940796,11.387218403085573,-11.067647005386165,-11.067647005386165,0.0,-0.014033878648776366,-4.868299387299781,3.560290288471126,6.199347618086384,0.029166114977694658,0.4877093965949596,6.091995343703312
14,222,1.0,64969.99871101897,0.2992777867623382,11.38095867079728,-11.081680884034942,-11.081680884034942,0.0,-0.03530806825256683,-4.882777950436042,3.5598456039836406,6.1989029335989,0.02908979528971761,0.48758112650487717,6.090541837794585
14,223,1.0,67304.94246833753,0.25132256794755653,11.368311520235064,-11.116988952287508,-11.116988952287508,0.0,-0.010000925829240614,-4.91588188211521,3.562049740557039,6.201107070172299,0.028988960551784446,0.4873688392355373,6.0910546402298085
14,224,1.0,67981.43132490241,0.2264567672714239,11.353446645388171,-11.126989878116749,-11.126989878116747,1.7763568394002505e-15,-0.02056185398572552,-4.919274945729555,3.568657602771934,6.207714932387192,0.029022588744149137,0.4871829930192104,6.095985451988178
14,225,1.0,69393.7255248217,0.20085625568984958,11.348407987792324,-11.147551732102475,-11.147551732102475,0.0,-0.056209967639714975,-4.94546334912001,3.563031053367206,6.202088382982465,0.029118141290999138,0.4869945548906073,6.0889279602733675
14,226,1.0,73406.0546589516,0.1328386186231044,11.336600318365296,-11.20376169974219,-11.203761699742191,1.7763568394002505e-15,-0.13524934186350812,-5.003122327299688,3.5615820428272427,6.200639372442501,0.029049192834260246,0.48680756776859513,6.085999034446318
14,227,1.0,84036.88105167149,-0.024189962018662546,11.314821079587034,-11.339011041605698,-11.339011041605696,1.7763568394002505e-15,-0.011734641723158745,-5.1343029110333065,3.565650800957133,6.204708130572392,0.02924406934890082,0.486534995314183,6.087500948374597
14,228,1.0,85028.83245675078,-0.042186294042618123,11.308559389286238,-11.350745683328856,-11.350745683328856,0.0,0.21211570574971894,-5.149524967905004,3.5621633858085926,6.201220715423852,0.02944712674276121,0.4863063583296219,6.08208907950737
14,229,1.0,68777.36533578084,0.2006061281458812,11.339236105725018,-11.138629977579138,-11.138629977579136,1.7763568394002505e-15,-0.15051203698333637,-4.939189196643959,3.5603834513199177,6.199440780935177,0.029327076842006326,0.4865030084091497,6.0818880167464915
14,230,1.0,79948.82444785742,0.02534574187586905,11.314487756438343,-11.289142014562474,-11.289142014562474,0.0,0.039612203760476916,-5.09454063285419,3.5555440520930275,6.194601381708288,0.029220516450178594,0.4862049996970616,6.074712158337486
14,231,1.0,76843.78015375424,0.07104840756683185,11.320578218368828,-11.249529810801997,-11.249529810801997,0.0,0.047253103483763326,-5.059912215817747,3.550560265368991,6.1896175949842505,0.029283357052998647,0.48615143753693024,6.069440730864449
14,232,1.0,73297.12812146916,0.12005584669131023,11.322332554009547,-11.202276707318234,-11.202276707318237,3.552713678800501e-15,-0.08283786764318712,-5.01668941589969,3.5465299618032846,6.1855872914185435,0.029354550663521304,0.48601607881034176,6.0644074178110925
14,233,1.0,79627.48291238495,0.025009177087072496,11.310123752048494,-11.28511457496142,-11.28511457496142,0.0,0.20402560093731914,-5.102525632363794,3.543531612982368,6.1825889425976275,0.0293876732106508,0.4858000558775593,6.059659799438941
14,234,1.0,64931.55369749422,0.25633035399716547,11.337419328021268,-11.081088974024102,-11.081088974024102,0.0,-0.13412836775446912,-4.897355665897757,3.544675978511086,6.183733308126345,0.029542819190861443,0.48595173364887073,6.061938095511549
14,235,1.0,74251.8031915819,0.09868926653400842,11.313906608312578,-11.21521734177857,-11.21521734177857,0.0,-0.020517962822559355,-5.037855110474162,3.538304901689149,6.177362231304408,0.029415429983148896,0.4856148163521531,6.053069671110194
14,236,1.0,75791.03588926641,0.060634775223232226,11.296370079824362,-11.23573530460113,-11.23573530460113,0.0,0.038527258688782595,-5.056375576218476,3.5403023987673974,6.179359728382658,0.029433543341927246,0.4853555820338404,6.052885588852059
14,237,1.0,72926.54975850791,0.09802418240423297,11.295232228316582,-11.197208045912348,-11.19720804591235,1.7763568394002505e-15,-0.004997360836982878,-5.015727324605644,3.5424233916914463,6.181480721306705,0.029418359060818244,0.4852368295875306,6.053986158654724
14,238,1.0,73291.90218084362,0.08193944833949522,11.284144855088826,-11.20220540674933,-11.20220540674933,0.0,-0.06585312142291322,-5.020986145749631,3.542161931384444,6.181219260999702,0.02943317746226672,0.4850090597768823,6.0518219625418395
14,239,1.0,78280.86943434774,0.0028437101775055512,11.270902238349748,-11.268058528172244,-11.268058528172244,0.0,-0.12292186809396632,-5.090728548729098,3.5382726498278863,6.1773299794431455,0.029406553412396924,0.48482355095591184,6.04638923343174
14,240,1.0,88519.69921851132,-0.15854271948629362,11.232437676779917,-11.39098039626621,-11.39098039626621,0.0,0.17367932248036588,-5.210019870673827,3.5419031959771243,6.180960525592384,0.02956097499679853,0.4844835844767909,6.046627768589467
14,241,1.0,74406.68536091597,0.04633068281557133,11.263631756601416,-11.217301073785844,-11.217301073785846,1.7763568394002505e-15,-0.06221595599475194,-5.034937362943018,3.543306381227567,6.182363710842827,0.029412752764529378,0.48461312052696615,6.049560762574496
14,242,1.0,79183.00961935535,-0.04737333092371174,11.232143698856884,-11.279517029780596,-11.279517029780596,0.0,0.024542334979818392,-5.087293252445403,3.5531664477199345,6.192223777335193,0.029335144792005052,0.48432683557886763,6.056567841184839
14,243,1.0,77263.32677755253,-0.03584539149889707,11.219129303301882,-11.254974694800778,-11.25497469480078,1.7763568394002505e-15,-0.053261420915639235,-5.052045692695727,3.5638716724897916,6.202929002105051,0.02948399330507618,0.48418304111536675,6.065654821404016
14,244,1.0,81490.0426520525,-0.10460475664647476,11.203631359069941,-11.308236115716417,-11.308236115716417,0.0,0.06859554589293104,-5.109744745343162,3.559434040757997,6.198491370373256,0.029679385100831637,0.48390355497741017,6.058619351456825
14,245,1.0,76087.59868717263,-0.022415658824331317,11.217224910999157,-11.239640569823486,-11.239640569823488,1.7763568394002505e-15,0.15070593327155457,-5.049148334557123,3.551434905651104,6.190492235266364,0.029797338947631535,0.4837943955577814,6.050171881825144
14,246,1.0,65442.988403848474,0.16711808525336877,11.256052721805302,-11.088934636551931,-11.088934636551933,1.7763568394002505e-15,-0.14881460008041536,-4.910160902265063,3.539716404671611,6.178773734286869,0.02975152045695183,0.48391713584900825,6.040284962204439
14,247,1.0,75943.82768862964,-0.0016499575753177176,11.23609927905703,-11.237749236632347,-11.237749236632347,0.0,0.1509599166178095,-5.06560841806588,3.533083488951206,6.172140818566467,0.02955509838707933,0.48364571539795526,6.031489239365608
14,248,1.0,65302.7429677844,0.18135566118255889,11.268144981197095,-11.086789320014537,-11.086789320014535,1.7763568394002505e-15,-0.058169682325965866,-4.915322113237751,3.5324098771615273,6.171467206776787,0.029692972340313952,0.4838355949311313,6.032408319346334
14,249,1.0,69214.03938681618,0.10992018245729347,11.254879184797796,-11.144959002340503,-11.144959002340503,0.0,0.05795727237001813,-4.974086086074863,3.5318155866503815,6.170872916265641,0.029688335586528836,0.48363289153636196,6.030138050286616
14,250,1.0,65316.61539381002,0.17265303427947493,11.259654764249959,-11.087001729970485,-11.087001729970483,1.7763568394002505e-15,-0.04009111617200922,-4.9091497613283055,3.5387946390269214,6.17785196864218,0.029783880667676125,0.4835515173375055,6.036086554156577
14,251,1.0,67988.43159906931,0.11097505930254409,11.238067905445037,-11.127092846142494,-11.127092846142492,1.7763568394002505e-15,0.08433923282852795,-4.954120777524264,3.533914739002971,6.17297206861823,0.029617774092508507,0.4832407908328162,6.028945741236484
14,252,1.0,62489.48698362932,0.20335170243349832,11.246105315747464,-11.042753613313966,-11.042753613313966,0.0,0.09174651690800673,-4.8593843219187125,3.544311961779994,6.183369291395254,0.029556281610163847,0.4833021466228816,6.03945070598713
14,253,1.0,57011.43247293904,0.30600749575559705,11.257014592161557,-10.95100709640596,-10.95100709640596,0.0,-0.07385527891251975,-4.762544590056673,3.5494051767340244,6.188462506349283,0.02967527511461053,0.4833666480390092,6.044732883890819
14,254,1.0,61381.414650046645,0.22287909801020878,11.247741473328688,-11.02486237531848,-11.02486237531848,0.0,0.009889521253125366,-4.84322727611722,3.5425777695859995,6.181635099201259,0.029597970043047664,0.4831519373581868,6.036425789546487
14,255,1.0,60777.373606744775,0.2323677510725234,11.247340605137877,-11.014972854065354,-11.014972854065354,0.0,0.06317293922642442,-4.838919309286163,3.5369962151639314,6.176053544779192,0.02977613518698513,0.4829469326791699,6.0293001949007605
14,256,1.0,57056.650109813185,0.3013946215186986,11.253194536357626,-10.95179991483893,-10.951799914838928,1.7763568394002505e-15,-0.000259263158019607,-4.771424330716698,3.541318254506971,6.180375584122231,0.029873292867654624,0.48292396485176714,6.033008842396021
14,257,1.0,57071.44471487178,0.3001626854075715,11.25222186340452,-10.952059177996949,-10.952059177996949,0.0,-0.07007162532450373,-4.779324497737508,3.533677350644182,6.17273468025944,0.030099057176952288,0.48271502718720416,6.023892597722282
14,258,1.0,61213.97568655459,0.2119035207559778,11.234034324077433,-11.022130803321453,-11.022130803321454,1.7763568394002505e-15,0.1495983346907881,-4.849568509104477,3.533504964601717,6.172562294216975,0.029896185571727234,0.48247938717802796,6.021988578022419
14,259,1.0,52708.52407643219,0.3756020584431193,11.248134527073784,-10.872532468630665,-10.872532468630665,0.0,-0.06763694207137938,-4.686433108916547,3.5470420300988588,6.1860993597141185,0.03008682052493788,0.48261738310404956,6.035715649151728
14,260,1.0,56396.896574762985,0.29525397759913213,11.235423388301175,-10.940169410702044,-10.940169410702042,1.7763568394002505e-15,0.023908644943576363,-4.7561731798006806,3.544938901286105,6.183996230901364,0.02987573807970532,0.4823930239924452,6.031856185355145
14,261,1.0,55064.514392684854,0.3172142744222147,11.233475040180682,-10.916260765758468,-10.916260765758468,0.0,0.050071544588607964,-4.740901780300011,3.5363016558431974,6.175358985458457,0.030119653310780353,0.4821317193327876,6.0215090514625915
14,262,1.0,52375.23903718691,0.3727861963158002,11.238975417485664,-10.86618922116986,-10.866189221169863,3.552713678800501e-15,0.1009101094486109,-4.687452479355629,3.539679412198972,6.178736741814231,0.030204521987738823,0.4821365728081509,6.024529746565243
14,263,1.0,47347.96461436539,0.48555799701897584,11.250837108740228,-10.765279111721249,-10.765279111721252,3.552713678800501e-15,-0.0834466255505717,-4.581052284550984,3.545169497555005,6.184226827170264,0.030541676644898652,0.4821771235449522,6.029487346394992
14,264,1.0,51468.52512898136,0.3869101662143044,11.235635903486124,-10.84872573727182,-10.848725737271819,1.7763568394002505e-15,-0.12162533136316434,-4.666952941070657,3.5427154665859044,6.181772796201163,0.030309758254379482,0.4819131073979509,6.025313291243617
14,265,1.0,58124.99568394732,0.23534533107422725,11.205696399709211,-10.970351068634985,-10.970351068634985,0.0,-0.040600221720303864,-4.783786940067635,3.54750679895209,6.186564128567349,0.029735142432545485,0.48162589732442884,6.027998758826376
14,266,1.0,60533.444343945346,0.17930098788845872,11.190252278243745,-11.010951290355289,-11.010951290355287,1.7763568394002505e-15,-0.06862522066307086,-4.820347741025971,3.5515462197140564,6.190603549329316,0.029752643378078387,0.4813448008549072,6.029409466681983
14,267,1.0,64833.421354097794,0.09572871728018034,11.175305228298539,-11.07957651101836,-11.07957651101836,0.0,0.07118418128310289,-4.8918801917803565,3.548638989622745,6.187696319238003,0.029570150590572573,0.4811128193127915,6.024969899642572
14,268,1.0,60378.739669679715,0.17945791347727436,11.18785024321253,-11.008392329735257,-11.008392329735257,0.0,0.06658840746949934,-4.8315252840603815,3.5378097160596167,6.176867045674876,0.029874262189386866,0.48098533794841297,6.01352818412344
14,269,1.0,56489.15333119988,0.2556729431586337,11.197476865424388,-10.941803922265757,-10.941803922265754,3.552713678800501e-15,-0.10514477721392446,-4.763635060026068,3.5391115326244305,6.17816886223969,0.03007460985520912,0.48092892244271696,6.0139749775583615
14,270,1.0,62752.186404064225,0.12650561664442,11.1734543161241,-11.046948699479682,-11.04694869947968,1.7763568394002505e-15,0.04723303196232287,-4.877258059390999,3.5306333104734224,6.169690640088683,0.030008120140115963,0.4805397275571245,6.002847761846232
14,271,1.0,59857.119971869855,0.17563405035593133,11.175349717873289,-10.999715667517359,-10.999715667517357,1.7763568394002505e-15,-0.16224209279438817,-4.82501470392603,3.5356436339760684,6.174700963591327,0.030019310907388744,0.4804672628051024,6.00692417946474
14,272,1.0,70400.64896185027,-0.016955532270328706,11.145002228041422,-11.161957760311747,-11.16195776031175,3.552713678800501e-15,0.0655573229499371,-4.985460814716577,3.5374396159799106,6.1764969455951695,0.029800093088755066,0.4801480551734163,6.005961265995061
14,273,1.0,65933.40110354945,0.05082553115062279,11.147225968512434,-11.09640043736181,-11.09640043736181,0.0,0.06079194761888651,-4.926324803437076,3.5310183043094736,6.170075633924733,0.02989005359897388,0.48000827240578914,5.998867951548278
14,274,1.0,62044.5832162345,0.11649430085162588,11.15210279059455,-11.035608489742923,-11.035608489742923,0.0,-0.1403161956456742,-4.868606863000362,3.5279442971273025,6.167001626742563,0.030047327353983324,0.4798824295388462,5.994927217175745
14,275,1.0,71390.82833527189,-0.05203820897933114,11.123886476409263,-11.175924685388598,-11.175924685388594,3.552713678800501e-15,0.02686453902357222,-5.0119205514789105,3.5249468042944274,6.164004133909686,0.02994574197344588,0.47957387840373017,5.989335868021427
14,276,1.0,69498.4789960877,-0.025003339570754957,11.124056806794272,-11.149060146365025,-11.149060146365027,1.7763568394002505e-15,-0.06625519474728137,-4.993525196068246,3.5164776206815214,6.155534950296781,0.030255367873210696,0.4793830375427026,5.979625762983937
14,277,1.0,74259.08017538735,-0.11857856806107861,11.096736773051227,-11.215315341112307,-11.215315341112305,1.7763568394002505e-15,-0.10600929257498137,-5.058106673115176,3.518151338381871,6.157208667997131,0.030200387693598514,0.47907612533373245,5.978585765783533
14,278,1.0,82563.63709347177,-0.24196954102132767,11.079355092665963,-11.321324633687288,-11.321324633687292,3.552713678800501e-15,-0.044025340688584436,-5.163983934592791,3.5182833694792395,6.157340699094497,0.030197502497205445,0.4788025125974044,5.976115584550562
14,279,1.0,86279.73027816502,-0.29587374788139387,11.06947622649448,-11.365349974375873,-11.365349974375874,1.7763568394002505e-15,-0.0794733695030665,-5.21064334499376,3.5156492997668534,6.1547066293821135,0.03044503126333514,0.4785435537551021,5.971123906669807
14,280,1.0,93416.50707495071,-0.4068741854879421,11.037949158390997,-11.444823343878939,-11.444823343878939,0.0,0.021245170183888717,-5.291773809515495,3.513992204748186,6.153049534363446,0.03067613165729466,0.4781729570218134,5.965980178407897
14,281,1.0,91452.7910852553,-0.3852533219948024,11.03832485170025,-11.42357817369505,-11.423578173695052,1.7763568394002505e-15,-0.026395033414368996,-5.2708213905361205,3.51369945354367,6.152756783158929,0.030694937736306847,0.47797380123394123,5.9641861308734745
14,282,1.0,93898.83019292366,-0.4393877695890448,11.010585437520376,-11.44997320710942,-11.449973207109421,1.7763568394002505e-15,0.04555177545595157,-5.294126257718841,3.5167896197753197,6.155846949390579,0.030784957319503117,0.47767037248123295,5.964179416866638
14,283,1.0,89717.52762175945,-0.37918917301017174,11.025232258643294,-11.404421431653468,-11.404421431653466,1.7763568394002505e-15,-0.002182204800989851,-5.251796097361284,3.5135680046769258,6.152625334292184,0.030783430587250294,0.4775681284307052,5.960596693189777
14,284,1.0,89913.52341497118,-0.3874140582215191,11.01918957823294,-11.406603636454458,-11.40660363645446,1.7763568394002505e-15,0.05997155931373577,-5.257852284306383,3.5096940225328157,6.148751352148074,0.0307500456602124,0.4773467557996784,5.9551598917431
14,285,1.0,84679.77575850475,-0.3174557620127513,11.029176315127971,-11.346632077140722,-11.346632077140722,0.0,0.040035709820728016,-5.200465112165808,3.5071096353596554,6.146166964974914,0.03085551072631109,0.47722610591995146,5.951903235580841
14,286,1.0,81356.52897962013,-0.28300830761156837,11.023588059708427,-11.306596367319994,-11.306596367319996,1.7763568394002505e-15,0.03403598897448745,-5.16080923295842,3.506729804746314,6.145787134361572,0.03086456529497053,0.4770862188685866,5.950356799160772
14,287,1.0,78634.07261735885,-0.2511361279273461,11.02142425041816,-11.272560378345506,-11.272560378345506,0.0,-0.0834362217444351,-5.122868546505797,3.510634502224451,6.14969183183971,0.030823738586169862,0.47700414511054856,5.95340290116638
14,288,1.0,85476.4860455769,-0.3618292562098909,10.99416734388005,-11.355996600089941,-11.355996600089941,0.0,-0.03213021175812969,-5.206842401980107,3.5100968684945744,6.149154198109834,0.0308958002909511,0.4766238848373312,5.949424504129993
14,289,1.0,88267.46084702993,-0.41023055742001857,10.977896254428053,-11.388126811848071,-11.388126811848071,0.0,-0.019827860236356187,-5.242975778947198,3.506093703285615,6.145151032900874,0.031088134274643662,0.476274364697012,5.942446993978978
14,290,1.0,90035.08188514298,-0.43856395642692747,10.9693907156575,-11.407954672084427,-11.407954672084427,0.0,0.002602583274471826,-5.263878804288225,3.505018538180945,6.144075867796203,0.031146281168505492,0.47607770789672044,5.939512462768549
14,291,1.0,89801.06274615433,-0.4361222113400848,10.96922987746987,-11.405352088809956,-11.405352088809954,1.7763568394002505e-15,0.004713965269829146,-5.2582008802754645,3.508093878919233,6.147151208534493,0.031221380954145773,0.4758875493776044,5.9409964417777115
14,292,1.0,89378.73984497238,-0.44035656035890214,10.960281563181226,-11.400638123540126,-11.400638123540128,1.7763568394002505e-15,0.08669923490641906,-5.251232039475939,3.510348754448928,6.149406084064187,0.03135671362680963,0.47566987890988705,5.9414363223990545
14,293,1.0,81956.08947687373,-0.32875184675570057,10.985187041878007,-11.313938888633707,-11.313938888633707,0.0,0.03671221420851012,-5.165588039883928,3.5092935191345207,6.1483508487497796,0.0312748156474385,0.47570294234501403,5.941286165414027
14,294,1.0,79001.85991700101,-0.2839985032941313,10.993228171131065,-11.277226674425197,-11.277226674425197,0.0,0.03730169655776372,-5.132550434019379,3.50561891079056,6.14467624040582,0.031161419555351524,0.4756145681077339,5.937238314753272
14,295,1.0,76109.24168986011,-0.23552468204639584,11.004400295821037,-11.239924977867433,-11.239924977867433,0.0,0.1446680692369764,-5.093924224855909,3.5069434233962666,6.146000753011526,0.03101667252861351,0.47553908610535756,5.938087209532777
14,296,1.0,65858.04745777263,-0.0703410913276776,11.024915817302778,-11.095256908630457,-11.095256908630455,1.7763568394002505e-15,-0.045256904136909526,-4.950611901972535,3.505587677042663,6.144645006657923,0.03094155099547164,0.4755881449814211,5.937741183342597
14,297,1.0,68907.05267318574,-0.1312785084402444,11.00923530432712,-11.140513812767367,-11.140513812767365,1.7763568394002505e-15,-0.173943529803811,-4.997852080285608,3.5036044028664994,6.142661732481757,0.031113481907706252,0.47530909707247354,5.933359784303327
14,298,1.0,81998.5909507389,-0.36591838066319665,10.948538961907982,-11.314457342571178,-11.314457342571178,0.0,-0.04853227563374851,-5.170377492218072,3.505022520737845,6.144079850353106,0.03125647691750009,0.4747618472981208,5.929242050609048
14,299,1.0,86076.31953970941,-0.42279635650453584,10.94019326170039,-11.362989618204926,-11.362989618204926,0.0,-0.18446713264252956,-5.216125164244025,3.507807124345642,6.146864453960902,0.031122780943717447,0.4746503794629489,5.930787230238655
14,300,1.0,103513.441295768,-0.6994534599572326,10.848003290890226,-11.547456750847456,-11.54745675084746,3.552713678800501e-15,0.09756439034562803,-5.394221032093074,3.5141783891391225,6.153235718754382,0.03173170074521917,0.4740271916842676,5.92899387681827
14,301,1.0,93891.23909790693,-0.5725196797688945,10.877372680732934,-11.449892360501828,-11.44989236050183,1.7763568394002505e-15,0.09158611987694165,-5.301252809851434,3.509582221035135,6.148639550650394,0.0314250887590296,0.4741046411212799,5.9262839045584
14,302,1.0,85674.134162722,-0.43977815255740643,10.918528088067479,-11.358306240624886,-11.358306240624886,0.0,0.006466438966709731,-5.219653364122413,3.4995955468872135,6.138652876502471,0.03129056061223257,0.4741400904023699,5.9181606553393635
14,303,1.0,85121.91497322041,-0.4357025066761014,10.916137294982073,-11.351839801658176,-11.351839801658175,1.7763568394002505e-15,0.021915659640908913,-5.2132682032517925,3.499514268791125,6.138571598406385,0.03126627540195023,0.4739684815378052,5.916775808186509
14,304,1.0,83276.7054024722,-0.4197283340607959,10.910195807956471,-11.329924142017267,-11.329924142017267,0.0,-0.06662288302871566,-5.187304361900489,3.5035624505015197,6.142619780116779,0.03142093739296166,0.47385928304785474,5.91963928456118
14,305,1.0,89013.82956788776,-0.4986364992378761,10.897910525808108,-11.396547025045983,-11.396547025045983,0.0,0.009784964009162067,-5.26214971204204,3.4953399833886833,6.1343973130039435,0.0315447667704705,0.473506579138362,5.908575952064468
14,306,1.0,88147.07992189906,-0.49318872732564184,10.893573333711178,-11.386762061036821,-11.38676206103682,1.7763568394002505e-15,0.08753656565511037,-5.250512696306328,3.4971920351152335,6.136249364730493,0.03150294210000049,0.47340816372096284,5.909354322911079
14,307,1.0,80759.06504325266,-0.37416307281691014,10.9250624225648,-11.29922549538171,-11.29922549538171,0.0,-0.015841318356267564,-5.164699327301244,3.495468838465206,6.134526168080465,0.031254878301354296,0.47344266577704075,5.908920488389233
14,308,1.0,82048.58196013367,-0.40614373015884986,10.908923083579129,-11.315066813737978,-11.315066813737978,0.0,0.02173230484283728,-5.175062981527074,3.5009465025956437,6.140003832210903,0.031135340825050047,0.4732409389559041,5.912450188861592
14,309,1.0,80284.71305480592,-0.3768939668986391,10.9164405419965,-11.293334508895141,-11.29333450889514,1.7763568394002505e-15,0.1000716128275414,-5.16235586685175,3.4919213124281283,6.130978642043388,0.03133322987983927,0.4730068851498323,5.902141502244361
14,310,1.0,72639.41036843476,-0.24386241238880163,10.949400483678797,-11.1932628960676,-11.1932628960676,0.0,0.08148696391847032,-5.057798953418147,3.496406613034193,6.1354639426494515,0.031034522006629293,0.47313212583385833,5.908035076024431
14,311,1.0,66954.99338614948,-0.1418927964745392,10.96988313567459,-11.11177593214913,-11.11177593214913,0.0,-0.07662894892302319,-4.980424146065592,3.49229445646828,6.131351786083537,0.031157905628608817,0.47315350625406366,5.904484195131695
14,312,1.0,72287.382793553,-0.24218369377322163,10.946221187298926,-11.188404881072152,-11.188404881072147,5.329070518200751e-15,0.07566182687391532,-5.0608606061563846,3.488486945300508,6.127544274915768,0.03130285008105528,0.47276401325824496,5.897329070628731
14,313,1.0,67019.77835898937,-0.1380625138187453,10.974680540379495,-11.112743054198237,-11.11274305419824,3.552713678800501e-15,0.0876939652416251,-4.978404736950997,3.49528098763198,6.13433831724724,0.03131613087593861,0.4728189208560181,5.904359760973416
14,314,1.0,61392.87646729518,-0.03835901262524119,10.986690076331373,-11.025049088956612,-11.025049088956614,1.7763568394002505e-15,0.0003572609708371033,-4.894642859287729,3.491348900053624,6.130406229668884,0.031435078929632716,0.47268789365757535,5.899760364361688
14,315,1.0,61370.947106131694,-0.033153191714926825,10.991538636270848,-11.024691827985775,-11.024691827985775,0.0,-0.004919350959486479,-4.8967586948159925,3.4888758035545235,6.1279331331697815,0.031449141165581826,0.4725175044385999,5.895916501736253
14,316,1.0,61673.59614173228,-0.04653794074367417,10.983073238201587,-11.029611178945261,-11.029611178945261,0.0,-0.03394012589559381,-4.901830516608824,3.4887233327211793,6.127780662336439,0.03150218979786624,0.47228776897786984,5.89394268815051
14,317,1.0,63802.73296394222,-0.0985051312855334,10.96504617355532,-11.063551304840855,-11.063551304840853,1.7763568394002505e-15,-0.0815545065169534,-4.9356415755873195,3.488852399638276,6.127909729253536,0.03160241407079656,0.4719795712171512,5.891352148067869
14,318,1.0,69224.20137783997,-0.22303696902142098,10.922068842336387,-11.145105811357809,-11.145105811357809,0.0,0.14668794191337575,-5.0193205123501174,3.486727969392431,6.12578529900769,0.0314261304806607,0.4715212979124795,5.885527154035003
14,319,1.0,59779.48790319024,-0.04542053155121824,10.952997337893216,-10.998417869444433,-10.998417869444435,1.7763568394002505e-15,-0.08294670306801777,-4.873120033260586,3.4862405065685875,6.125297836183846,0.031597364869354744,0.47158540991179665,5.886023887429211
14,320,1.0,64949.45120168865,-0.1739024329143678,10.907462139598085,-11.08136457251245,-11.081364572512452,1.7763568394002505e-15,-0.1178758639201618,-4.946024144740194,3.496283098156996,6.135340427772254,0.031429713531559385,0.47124341210507165,5.892368860563829
14,321,1.0,73074.91570461373,-0.3362039049520296,10.863036531480581,-11.199240436432612,-11.19924043643261,1.7763568394002505e-15,-0.019841058270195333,-5.071512229474073,3.4886708773432824,6.127728206958542,0.03171656797798022,0.47065723373533297,5.879400305873174
14,322,1.0,74539.27858073995,-0.3473383931960651,10.871743101506745,-11.219081494702808,-11.21908149470281,1.7763568394002505e-15,-0.11419896009866015,-5.099938244624117,3.4800859204634316,6.11914325007869,0.03178716122977177,0.470494577118224,5.870001275177683
14,323,1.0,83556.67764783376,-0.5015547935575612,10.831725661243908,-11.333280454801468,-11.33328045480147,1.7763568394002505e-15,-0.0526389551915436,-5.210390340050668,3.4838327851355406,6.122890114750798,0.03182869359711293,0.470118161026247,5.869489997655334
14,324,1.0,88072.83397909804,-0.5763021156279515,10.80961729436506,-11.385919409993011,-11.385919409993011,0.0,-0.27329320940510726,-5.262756481028883,3.48410559934887,6.123162928964129,0.03197821061869259,0.46981649439390655,5.866735839815887
14,325,1.0,115752.85297745475,-0.9779154991085237,10.681297120289596,-11.659212619398119,-11.659212619398119,0.0,0.1718870446105072,-5.515613407933633,3.504541881849227,6.143599211464488,0.03269210610061365,0.46903035861291076,5.875449217305748
14,326,1.0,97472.50086435386,-0.7424271184395023,10.744898456348109,-11.487325574787612,-11.487325574787612,0.0,-0.022630001470176353,-5.352813408650319,3.495454836522033,6.134512166137292,0.03219200369333273,0.46923369028405915,5.870825407736363
14,327,1.0,99703.45170444265,-0.7864557321107657,10.723499844147021,-11.509955576257788,-11.509955576257786,1.7763568394002505e-15,0.01075482493057578,-5.374910988607424,3.495987258035105,6.135044587650363,0.032455745718492295,0.46894377531329295,5.867953055055089
14,328,1.0,98636.90408313884,-0.7893819549941052,10.709818796333108,-11.499200751327212,-11.499200751327214,1.7763568394002505e-15,0.10379938838129021,-5.356559913586005,3.5035835081259488,6.142640837741207,0.032434875335448546,0.4688393174238086,5.874124727345723
14,329,1.0,88911.90819184744,-0.6311664039596582,10.764234958986263,-11.395401362945922,-11.395401362945922,0.0,-0.05789153399092051,-5.266672595205777,3.4896714381248857,6.128728767740144,0.032387009581869894,0.46891800399391914,5.8630474800546395
14,330,1.0,94211.0631558747,-0.7048859142571595,10.748406982679683,-11.453292896936842,-11.453292896936842,0.0,0.02919939358967838,-5.318430588692623,3.4958049786289607,6.13486230824422,0.03224990143939382,0.46877282672159676,5.867328030708322
14,331,1.0,91499.9315656705,-0.6636649513333517,10.76042855201381,-11.424093503347164,-11.424093503347162,1.7763568394002505e-15,-0.01219102092103519,-5.293762415775229,3.4912737579566726,6.130331087571931,0.03227330351839397,0.46855982448673766,5.861898808369602
14,332,1.0,92622.23626589906,-0.6931569026213785,10.743127621646822,-11.4362845242682,-11.436284524268201,1.7763568394002505e-15,0.252949483164457,-5.30258706645219,3.4946401282007495,6.133697457816008,0.03234983825143004,0.4683115585459987,5.862615385791054
14,333,1.0,71921.82477438563,-0.350933728877193,10.83240131222655,-11.183335041103742,-11.183335041103742,0.0,-0.13488246237802493,-5.050740638264695,3.4935370732237883,6.132594402839047,0.03188742192417386,0.4687399677634103,5.8674745829829735
14,334,1.0,82307.49925565558,-0.5545054254934718,10.763712077988295,-11.318217503481767,-11.318217503481767,0.0,0.2776923593252558,-5.173675100637389,3.5054850732291176,6.144542402844377,0.03219656580128014,0.46818856485920224,5.872470138614881
14,335,1.0,62350.38613775903,-0.16049937998201513,10.880025764174496,-11.040525144156511,-11.040525144156511,0.0,-0.03750686522078617,-4.913955451925796,3.4875123626154556,6.126569692230715,0.032144922955422754,0.4685987752637082,5.861264906325123
14,336,1.0,64733.36331821165,-0.21371802025503397,10.864313989122266,-11.078032009377297,-11.0780320093773,1.7763568394002505e-15,-0.020734550347793146,-4.951342209369979,3.4876324703920605,6.126689800007319,0.03206326154706066,0.46834360528782476,5.859193602252743
14,337,1.0,66089.59230927,-0.22798268024988205,10.870783879475209,-11.09876655972509,-11.09876655972509,0.0,-0.0347942995016961,-4.98277590123301,3.476933328876821,6.1159906584920805,0.032264576384683635,0.4679636352236769,5.845908642719887
14,338,1.0,68429.6068899562,-0.29790701651399204,10.835653842712794,-11.133560859226787,-11.133560859226787,0.0,0.0559525680212154,-5.0085352771770175,3.4859682524345095,6.1250255820497665,0.03224472283154335,0.467692518184678,5.851888509568714
14,339,1.0,64705.940426055924,-0.2391068588192703,10.8385014323863,-11.077608291205571,-11.07760829120557,1.7763568394002505e-15,-0.0011102599146468606,-4.955771814204263,3.48277914738605,6.12183647700131,0.03230593890074289,0.4675021480504347,5.847528834648561
14,340,1.0,64777.820733478686,-0.2232853624782088,10.855433188642008,-11.078718551120218,-11.078718551120216,1.7763568394002505e-15,0.08158738923743769,-4.964035809221707,3.4756254122832515,6.11468274189851,0.03242604912277887,0.46738694143876813,5.839805227762049
14,341,1.0,59702.61864880441,-0.11171101838194517,10.885420143500834,-10.99713116188278,-10.997131161882779,1.7763568394002505e-15,-0.13054486640187868,-4.874148419492512,3.4839254127750103,6.12298274239027,0.032521977777743995,0.46756057568562137,5.848987234116279
14,342,1.0,68028.09280198033,-0.27559293915050903,10.852083089134153,-11.12767602828466,-11.127676028284663,3.552713678800501e-15,-0.022842248657635622,-5.020276395765476,3.468342302903924,6.107399632519183,0.032556435326121944,0.4669928452691597,5.829344568418621
14,343,1.0,69599.89077122265,-0.30412309829025275,10.846395178652042,-11.150518276942295,-11.150518276942295,0.0,0.05760074378211044,-5.044763353367629,3.4666975939594065,6.105754923574666,0.03249561831394034,0.46667852766149515,5.825279906394014
14,344,1.0,65704.16082651602,-0.23738746088426793,10.855530072275915,-11.092917533160184,-11.092917533160183,1.7763568394002505e-15,0.05862988593118246,-4.992548361517256,3.461311842027669,6.100369171642929,0.03261352331093652,0.46651040417625156,5.819053751958714
14,345,1.0,61962.68619140672,-0.16583809550274442,10.868449551726258,-11.034287647229002,-11.034287647229002,0.0,-0.11474092476958297,-4.929445851778354,3.465784465835388,6.104841795450646,0.03265840237066281,0.46642486451830795,5.822670299203964
14,346,1.0,69496.28466028735,-0.3330781879477623,10.815950384050824,-11.149028571998585,-11.149028571998587,1.7763568394002505e-15,-0.049475201609141095,-5.044954374295559,3.4650168680877664,6.104074197703026,0.03255832250869521,0.4659045376517295,5.8171684595562825
14,347,1.0,73021.10395377416,-0.4139524743270889,10.784551299280638,-11.198503773607726,-11.198503773607728,1.7763568394002505e-15,-0.018958603234356275,-5.088303816485827,3.4711426275066395,6.110199957121898,0.03256659351100078,0.46554781053995836,5.819371392139577
14,348,1.0,74418.68835470302,-0.42660645606259784,10.790855920779482,-11.217462376842082,-11.217462376842079,3.552713678800501e-15,0.0131003547986559,-5.108087584913016,3.4703174623138073,6.109374791929066,0.03249334071769073,0.46538711755998546,5.81745410926461
14,349,1.0,73450.13518054542,-0.40449522680892647,10.799866795234498,-11.204362022043426,-11.204362022043425,1.7763568394002505e-15,0.08012297174545502,-5.102780556629272,3.462524135798895,6.101581465414155,0.032541928299413526,0.4652610192888001,5.809194606930241
14,350,1.0,67794.68308633965,-0.29130995705200796,10.832929093245966,-11.124239050297971,-11.124239050297973,1.7763568394002505e-15,-0.07695901091923396,-5.018536612901481,3.4666451077812317,6.10570243739649,0.032446910679579416,0.46529760558642763,5.813813135636049
14,351,1.0,73218.10908445387,-0.4005827473048562,10.800615313912349,-11.201198061217205,-11.201198061217205,0.0,-0.18430759088031579,-5.101405050191908,3.4607356814100383,6.099793011025297,0.03256684528673114,0.46485633733072146,5.804327549393106
14,352,1.0,88036.40068646197,-0.6601094966919874,10.725396155405534,-11.385505652097521,-11.385505652097521,0.0,-0.11673592482159911,-5.28133062290875,3.4651176995735113,6.104175029188769,0.032845638525458645,0.46425965667531666,5.8016977780127785
14,353,1.0,98937.29819696676,-0.8237397414782455,10.678501835440876,-11.50224157691912,-11.502241576919122,1.7763568394002505e-15,0.006987945077032265,-5.38763247809699,3.475551769206871,6.114609098822129,0.033290618370014985,0.4638017032311852,5.806395489159491
14,354,1.0,98248.33979639158,-0.8083633123909046,10.686890319451184,-11.495253631842088,-11.495253631842088,0.0,0.11945252221705616,-5.378916033470295,3.477280268756535,6.1163375983717945,0.03324820812797292,0.46371993147090945,5.807591188981578
14,355,1.0,87186.17987155414,-0.6241101617911422,10.75169094783389,-11.375801109625032,-11.375801109625032,0.0,0.02790558746792904,-5.251906627500289,3.4848371525094817,6.12389448212474,0.033256279648539756,0.4639824985457006,5.8171192591744445
14,356,1.0,84786.83161452795,-0.5880877922794779,10.759807729877625,-11.347895522157103,-11.347895522157103,0.0,0.1809862403409781,-5.22810224779496,3.480735944746882,6.119793274362142,0.033501537664892014,0.46376146421104003,5.8114532731209225
14,357,1.0,70750.10374155387,-0.3480995889916462,10.818809692824477,-11.166909281816125,-11.166909281816123,1.7763568394002505e-15,-0.07528262506871464,-5.044743897859716,3.4831080543411495,6.122165383956408,0.03335267244804755,0.46398488962119433,5.816018763918521
14,358,1.0,76281.97164764511,-0.4618072709820347,10.780384635902806,-11.24219190688484,-11.242191906884841,1.7763568394002505e-15,0.021118919796187186,-5.134372912293428,3.4687616649761503,6.107818994591409,0.033204997998096036,0.4634987218166264,5.7993419469799
14,359,1.0,74687.87089760335,-0.4351644113186448,10.785908575770007,-11.221072987088652,-11.221072987088652,0.0,-0.016298479632093077,-5.118529955013218,3.4634857024601744,6.102543032075433,0.03308483359667876,0.463353009592107,5.793424453047065
14,360,1.0,75915.14381385053,-0.4501135894975141,10.787257877223231,-11.237371466720745,-11.237371466720745,0.0,-0.097735575123858,-5.1395536602541965,3.45876047685129,6.097817806466549,0.033316443319682455,0.4630627074845496,5.785986423543401
14,361,1.0,83709.44066759551,-0.5874183706025188,10.747688671242084,-11.335107041844603,-11.335107041844603,0.0,0.00824247352464269,-5.237920271191498,3.4581294410378454,6.097186770653105,0.033388802656301154,0.4626687154411505,5.78159992034387
14,362,1.0,83022.30356406546,-0.5757914289482685,10.751073139371691,-11.32686456831996,-11.326864568319959,1.7763568394002505e-15,0.036697063844306044,-5.235078714302751,3.452728524401948,6.091785854017206,0.03334852524482628,0.46252723243802696,5.775416918692312
14,363,1.0,80030.8532135466,-0.5627383011572127,10.727429203318442,-11.290167504475654,-11.290167504475654,0.0,-0.045592750360592404,-5.198063645020235,3.4530465298401603,6.092103859455419,0.03299689600538072,0.46227655931181527,5.773943409051905
14,364,1.0,83764.13862452601,-0.6456159871419253,10.690144267694322,-11.335760254836247,-11.335760254836247,0.0,-0.02120995946140347,-5.240290716312072,3.4564122089089175,6.095469538524176,0.03306737763798926,0.46195825666595614,5.773694423362658
14,365,1.0,85559.74769260001,-0.6868917892552826,10.670078425042368,-11.35697021429765,-11.35697021429765,0.0,0.023980601103403387,-5.266755555776465,3.451157328905927,6.0902146585211865,0.03342708182482268,0.4615403416561244,5.764759922846588
14,366,1.0,83532.3794230512,-0.6697296532541601,10.663259959940083,-11.332989613194247,-11.332989613194243,3.552713678800501e-15,0.0648944795302473,-5.241435521510772,3.452496762068215,6.0915540916834745,0.03355981785700645,0.46131538201084255,5.763563192177524
14,367,1.0,78283.73499651573,-0.5812812046336508,10.686813929030347,-11.268095133664,-11.268095133663998,1.7763568394002505e-15,-0.11195905644528636,-5.180832520918749,3.4482052831299894,6.087262612745248,0.03344436987865644,0.46119123137564433,5.759410886512796
14,368,1.0,87557.77937281024,-0.7268314987334068,10.653222691375879,-11.380054190109286,-11.380054190109286,0.0,-0.1910964607464809,-5.291004309602617,3.449992550891409,6.089049880506667,0.03357681489770878,0.46080190091004686,5.756691520898492
14,369,1.0,105995.36554404075,-1.020625042507622,10.550525608348144,-11.571150650855767,-11.571150650855765,1.7763568394002505e-15,-0.004784405357776578,-5.4652748398987905,3.466818481341718,6.1058758109569755,0.03413184095615678,0.46025228753188124,5.763895704388468
14,370,1.0,106503.70542118451,-1.0213228543193456,10.554612201894198,-11.575935056213543,-11.575935056213543,0.0,0.14569813014673016,-5.4747810504460235,3.4620966761522616,6.101154005767521,0.03425898748092229,0.4599975776435603,5.757797832548593
14,371,1.0,92063.7845443034,-0.8146843300553297,10.615552596011483,-11.430236926066813,-11.430236926066813,0.0,0.22528078620374892,-5.343104086354906,3.448075510096646,6.087132839711906,0.03396367567157002,0.4599738986567251,5.746712660753289
14,372,1.0,73493.78618034544,-0.4866879289233494,10.718268210939716,-11.204956139863064,-11.204956139863064,0.0,0.07286638236931431,-5.129050040060503,3.4368487701873027,6.075906099802562,0.03373507941891695,0.4601938926938385,5.741133551688846
14,373,1.0,68329.01398600843,-0.3742387607100266,10.757850996783723,-11.13208975749375,-11.13208975749375,0.0,-0.015053755684608205,-5.058148136555391,3.434884291323099,6.073941620938358,0.03358467627482519,0.46019667440680695,5.740339406412786
14,374,1.0,69365.40347403931,-0.3902425596594432,10.756900953518915,-11.147143513178358,-11.147143513178358,0.0,-0.023690507818587392,-5.073260457495978,3.4348257260671198,6.073883055682379,0.033577503117603456,0.45999941518285764,5.738507225082671
14,375,1.0,71028.32506167993,-0.4177483932756718,10.753085627721273,-11.170834020996946,-11.170834020996944,1.7763568394002505e-15,-0.15266733357083773,-5.091514990173392,3.440261701208295,6.079319030823554,0.033420904346243924,0.4598615875309582,5.742055362315172
14,376,1.0,82743.55082625456,-0.6330400288149715,10.690461325752814,-11.323501354567783,-11.323501354567785,1.7763568394002505e-15,0.14769187939760542,-5.242979273434622,3.441464751517905,6.080522081133163,0.03374864541198025,0.45922068472990774,5.73649759224277
14,377,1.0,71382.60385612742,-0.44262452006269837,10.733184955107477,-11.175809475170178,-11.175809475170176,1.7763568394002505e-15,-0.09059495224286529,-5.096213535490563,3.440538610064356,6.079595939679615,0.03349188385316166,0.459304767290644,5.737490719332796
14,378,1.0,78151.49201992372,-0.5538522922390792,10.712552135173965,-11.266404427413043,-11.266404427413043,0.0,-0.04665105924960855,-5.1906616891427495,3.4366854086550345,6.075742738270293,0.0337817967278552,0.45886540665613723,5.729476585269729
14,379,1.0,81883.721275702,-0.61693192323105,10.696123563431602,-11.313055486662652,-11.313055486662652,0.0,-0.14107274808328185,-5.240365409209441,3.4336327478379514,6.072690077453211,0.03396824214602632,0.45848761786264874,5.722995305553047
14,380,1.0,94289.79409785167,-0.8088157727416629,10.645312462004272,-11.454128234745934,-11.454128234745935,1.7763568394002505e-15,0.0446789574503903,-5.374647320455436,3.440423584675238,6.079480914290498,0.034330929470700246,0.4579791278031985,5.7235950443410655
14,381,1.0,90169.74940002765,-0.7634376161149129,10.646011661180628,-11.409449277295543,-11.409449277295542,1.7763568394002505e-15,0.049448319151341735,-5.335139655715499,3.435252291964786,6.0743096215800465,0.03425361519463815,0.45774580095313766,5.717271767868281
14,382,1.0,85819.45071931707,-0.7057056706798774,10.654295287464326,-11.360000958144202,-11.360000958144203,1.7763568394002505e-15,-0.11452923068608811,-5.292201173229354,3.4287424552995884,6.067799784914847,0.03430150854955063,0.45745294375887413,5.709217670642277
14,383,1.0,96233.24786348343,-0.8775490256707578,10.59698116315953,-11.47453018883029,-11.474530188830288,1.7763568394002505e-15,-0.0905964257189531,-5.402255511717102,3.433217347497929,6.072274677113188,0.03458360387976066,0.4568976175034615,5.707320947357897
14,384,1.0,105358.76499123422,-0.988617999478367,10.576508615070875,-11.565126614549243,-11.565126614549241,1.7763568394002505e-15,-0.059410452781577305,-5.480774325989533,3.4452949589444493,6.0843522885597086,0.035021150863639404,0.45658014910227346,5.715124239242334
14,385,1.0,111807.85172447586,-1.0915919483298324,10.532945119000988,-11.62453706733082,-11.62453706733082,0.0,0.2368033828877394,-5.533452682407382,3.452027055308178,6.091084384923438,0.0351254149239203,0.45615991957931157,5.716799151723008
14,386,1.0,88232.76730913916,-0.7602550069658172,10.627478677477265,-11.38773368444308,-11.387733684443083,1.7763568394002505e-15,-0.19674103764359963,-5.31767577750508,3.4310005773227417,6.070057906938,0.034401330623513526,0.45628062701620703,5.7014379913905415
14,387,1.0,107417.1059967214,-1.0645842072326253,10.519890514854055,-11.58447472208668,-11.58447472208668,0.0,-0.1430121248551881,-5.505287478041608,3.4401299144298134,6.079187244045072,0.035157307202871954,0.45566586071997084,5.700958608600262
14,388,1.0,123931.81904338367,-1.266456601066654,10.461030245875218,-11.727486846941868,-11.727486846941872,3.552713678800501e-15,0.06544136421323898,-5.632671463662964,3.4557580536636467,6.094815383278905,0.03577894330110909,0.45524758391871034,5.710074196746244
14,389,1.0,116081.229893914,-1.1591201601451908,10.50292532258344,-11.66204548272863,-11.662045482728631,1.7763568394002505e-15,0.072259536555352,-5.57685637438388,3.4461317787294914,6.08518910834475,0.03560217110442027,0.4552115808743204,5.702327902202154
14,390,1.0,107989.14007327336,-1.0719578013584985,10.517828144814779,-11.589785946173278,-11.589785946173278,0.0,0.028750831386787468,-5.512609616371315,3.4381190001867026,6.077176329801962,0.03542398413982114,0.4550724668106285,5.69435740898883
14,391,1.0,104928.57030014168,-1.0473464350780102,10.51368867970848,-11.56103511478649,-11.56103511478649,0.0,-0.027369177864656535,-5.488087052048131,3.4338907331230994,6.072948062738357,0.03530661234528784,0.45483261830902183,5.688367451094744
14,392,1.0,107840.03952390786,-1.1237458331506884,10.464658459500459,-11.588404292651147,-11.588404292651148,1.7763568394002505e-15,0.07290565555720363,-5.508632768882044,3.440714194153846,6.079771523769104,0.035296859465292985,0.4544580643342171,5.689709957573273
14,393,1.0,100257.6485572518,-1.0352693228612249,10.480229314232718,-11.515498637093943,-11.515498637093943,0.0,-0.12612048581550006,-5.437912311414881,3.438528996063801,6.07758632567906,0.03503434462559476,0.4543185064426773,5.687018936264266
14,394,1.0,113734.16552066343,-1.2322927373539645,10.409326385555481,-11.641619122909443,-11.641619122909445,1.7763568394002505e-15,-0.04275996111450553,-5.553619180637706,3.448942612656477,6.087999942271736,0.03578883724097861,0.453973124014256,5.6898156043475625
14,395,1.0,118702.9085923238,-1.3172750112187288,10.367104072805219,-11.684379084023949,-11.684379084023949,0.0,0.19242437215558006,-5.584717939260043,3.4606038151486467,6.099661144763905,0.035884225573563334,0.45370631187386334,5.696252845532923
14,396,1.0,97924.76041055802,-1.0155210120967078,10.47643369977166,-11.491954711868368,-11.491954711868367,1.7763568394002505e-15,-0.13725413175003887,-5.41473208838146,3.4381652938716494,6.077222623486908,0.03509263366604401,0.45381154623963277,5.682036123430082
14,397,1.0,112331.41502798955,-1.2645135827256961,10.364695260892713,-11.629208843618407,-11.62920884361841,1.7763568394002505e-15,0.15576700876686544,-5.536229098603063,3.453922415400085,6.092979745015344,0.03595121063096388,0.45321306698861247,5.6856818939540075
14,398,1.0,96128.56899944527,-1.0031198611623382,10.470321973689202,-11.473441834851542,-11.47344183485154,1.7763568394002505e-15,-0.12267383816525701,-5.402121469322706,3.432263035913578,6.071320365528836,0.0354613434719894,0.4532240483711964,5.671830183278836
14,399,1.0,108674.84971994576,-1.1931362755015593,10.402979397515239,-11.596115673016799,-11.596115673016797,1.7763568394002505e-15,0.06517955557182553,-5.512928920166622,3.444129423234917,6.083186752850176,0.035895741008316544,0.45286670244316446,5.676388333400526
14,400,1.0,101817.38224029548,-1.065322735622566,10.465613381822406,-11.530936117444973,-11.530936117444972,1.7763568394002505e-15,-0.2161908484364652,-5.465457884417716,3.4264209034119983,6.065478233027257,0.035641521616516604,0.45265020966112895,5.6618330722956
14,401,1.0,126389.9143379763,-1.38873289045668,10.358394075424759,-11.747126965881439,-11.747126965881439,0.0,0.16114217005048026,-5.660846101569334,3.4472235346968465,6.086280864312106,0.03667414516235586,0.4520396329080609,5.67070180982404
14,402,1.0,107579.43628267766,-1.1727225472264717,10.413262248604488,-11.585984795830958,-11.58598479583096,1.7763568394002505e-15,0.07682790764595637,-5.509788163419785,3.437139302795915,6.076196632411175,0.03599571746014774,0.45211259402801074,5.66466715919607
14,403,1.0,99623.8515388336,-1.0602013139496105,10.448955574235391,-11.509156888185002,-11.509156888185002,0.0,0.09242418333061764,-5.441352487865698,3.428747070704045,6.067804400319305,0.03575990827283716,0.4520230904769679,5.657518311781033
14,404,1.0,90828.89173162992,-0.9164665283529365,10.500266176501448,-11.416732704854384,-11.416732704854384,0.0,0.15641637773562422,-5.358422442814364,3.4192529324247642,6.058310262040023,0.03537139548541993,0.45195845505086846,5.650486353280835
14,405,1.0,77677.1433047771,-0.6884225245580409,10.57189380256072,-11.26031632711876,-11.26031632711876,0.0,0.017683521113058376,-5.210883876312744,3.4103751211907585,6.049432450806018,0.03513687638677827,0.4519752690163471,5.6450498911634375
14,406,1.0,76315.61171727593,-0.6436200194433687,10.599012786562334,-11.242632806005702,-11.242632806005702,0.0,0.1057393163110536,-5.1948271294032455,3.4087483469871978,6.047805676602456,0.0348996835119253,0.45188627982176155,5.643367398310906
14,407,1.0,68658.03790944812,-0.5174596945281933,10.619433795166454,-11.136893489694648,-11.136893489694648,0.0,-0.08543381172069076,-5.091781333519717,3.406054826559671,6.0451121561749295,0.03502902323663148,0.4517650093454707,5.640728151967433
14,408,1.0,74781.61174205184,-0.6513729710121198,10.570954330403218,-11.222327301415339,-11.222327301415337,1.7763568394002505e-15,0.01380769858934805,-5.1789372975310695,3.404332674269011,6.043390003884269,0.03535126422863115,0.4512007362929621,5.632770844848494
14,409,1.0,73756.14574206904,-0.6188196134070083,10.589699989418982,-11.20851960282599,-11.20851960282599,0.0,0.05544998445247451,-5.166916647149763,3.4025456260609697,6.041602955676228,0.03511695774178254,0.45102105611672855,5.630726829078189
14,410,1.0,69777.69057371037,-0.5574949739647921,10.595574644408725,-11.153069618373516,-11.153069618373516,0.0,-0.06690550333112455,-5.107473084204292,3.4065392045539653,6.045596534169226,0.03517339834476153,0.4507934873744751,5.632747087798495
14,411,1.0,74605.91866403102,-0.62830790182495,10.591667219879692,-11.21997512170464,-11.219975121704643,1.7763568394002505e-15,-0.0657782344588238,-5.180301059631231,3.4006167324581527,6.03967406207341,0.03530319581061296,0.4503937055323195,5.623818079848997
14,412,1.0,79678.3637007508,-0.737394234685091,10.548359121478372,-11.285753356163465,-11.285753356163463,1.7763568394002505e-15,0.02984466126499541,-5.246956240149589,3.3997397863986167,6.0387971160138765,0.03551554326894564,0.44990395538049327,5.617324848154184
14,413,1.0,77335.5244433756,-0.6996953585824053,10.556213336316063,-11.25590869489847,-11.255908694898467,1.7763568394002505e-15,-0.06718254307857308,-5.218484837757949,3.398366527525262,6.03742385714052,0.03543995240860678,0.4496880851911866,5.61447059736073
14,414,1.0,82709.62328088403,-0.7835930772892131,10.53949816068783,-11.323091237977042,-11.323091237977042,0.0,0.23494103475663586,-5.2858164543895345,3.3982174539722485,6.037274783587507,0.03557878126088013,0.44932734331223495,5.6109212588448205
14,415,1.0,65391.67287186805,-0.4404622577040737,10.647687945516333,-11.088150203220406,-11.088150203220406,0.0,-0.029163408567573157,-5.061461450974037,3.387631422631111,6.02668875224637,0.035440105175188044,0.44956398808699183,5.605926212152402
14,416,1.0,67326.79720482054,-0.5061349233985057,10.611178688389474,-11.11731361178798,-11.11731361178798,0.0,-0.2394803915895256,-5.090035965156916,3.3882203170158065,6.027277646631066,0.03557985143418076,0.44920586261420753,5.602812435836253
14,417,1.0,85544.67245898108,-0.889860028501476,10.46693397487603,-11.356794003377505,-11.356794003377505,0.0,0.0649345408874602,-5.315542749302622,3.4021939244596244,6.041251254074884,0.036039074809471966,0.4483809089183443,5.603174806606496
14,418,1.0,80166.37667471234,-0.8058175980831239,10.486041864406921,-11.291859462490045,-11.291859462490045,0.0,0.17065356743367133,-5.2505134347394895,3.4022886981352967,6.0413460277505555,0.03603085642005877,0.44818821560925315,5.602330520649068
14,419,1.0,67589.3628295031,-0.5446666622734971,10.576539232782874,-11.121205895056374,-11.121205895056372,1.7763568394002505e-15,-0.025217043380697746,-5.091503282767087,3.3906452826740288,6.029702612289286,0.03580725592606697,0.4482546932009432,5.595858185574323
14,420,1.0,69315.43852028056,-0.5858563286458619,10.56056660979121,-11.146422938437071,-11.146422938437071,0.0,0.08169926489373047,-5.115857294546122,3.391508314275692,6.0305656438909505,0.03577686597106044,0.4478352249741536,5.593161403489011
14,421,1.0,63877.57715512348,-0.46736609326055806,10.597357580282782,-11.064723673543341,-11.064723673543341,0.0,-0.08282957578478012,-5.042023855578203,3.383642488349879,6.022699817965138,0.03600476393715654,0.44766913059143165,5.585556789108196
14,422,1.0,69393.83081084161,-0.5702186057937301,10.57733464353439,-11.147553249328121,-11.147553249328121,0.0,0.008912462678880573,-5.126135503276392,3.3823604164364705,6.021417746051729,0.03604192708033568,0.4472391561709854,5.57992886256659
14,423,1.0,68778.10875916219,-0.5733250712108933,10.565315715438349,-11.13864078664924,-11.138640786649242,1.7763568394002505e-15,-0.10739710586845774,-5.116039491284147,3.383543965749834,6.022601295365093,0.03607745744121535,0.4469908908969694,5.578530944645484
14,424,1.0,76575.91590501805,-0.7609658153118997,10.4850720772058,-11.246037892517698,-11.2460378925177,1.7763568394002505e-15,0.13284405937571542,-5.212736243744527,3.3942443191579126,6.033301648773171,0.036248130477633374,0.4464714468522728,5.580854656947927
14,425,1.0,67049.99627417636,-0.580952125880278,10.532241707261704,-11.113193833141983,-11.113193833141983,0.0,-0.09323348715894397,-5.07689618364254,3.3972403198841854,6.036297649499445,0.03624648015356774,0.4464368993954782,5.584536648710232
14,426,1.0,73601.98837383778,-0.7303713725292238,10.476055947771702,-11.206427320300927,-11.206427320300925,1.7763568394002505e-15,-0.1634928520930341,-5.161679346727821,3.4056906439578456,6.044747973573104,0.03631026019847328,0.4460939849423137,5.586865454083559
14,427,1.0,86674.9481545613,-0.9810933548403507,10.38882681755361,-11.369920172393961,-11.369920172393961,0.0,-0.051539697023956776,-5.312030423747056,3.4188324190316455,6.057889748646905,0.03661114561224325,0.44555681611699977,5.589758803146722
14,428,1.0,91259.27128601662,-1.0472171712228349,10.374242698195083,-11.421459869417918,-11.421459869417918,0.0,0.12085636600051863,-5.367041524008482,3.415361015794176,6.054418345409435,0.03655112101895451,0.44528246174388847,5.584194849590546
14,429,1.0,80870.42839601211,-0.8177107889805835,10.482892714436815,-11.300603503417399,-11.300603503417399,0.0,-0.13431118282830035,-5.269823892374345,3.391722281427795,6.030779611043054,0.03611982650465542,0.44518935202782534,5.567750890970438
14,430,1.0,92495.44566605185,-1.016774488258273,10.418140197987427,-11.4349146862457,-11.4349146862457,0.0,-0.0679477848434864,-5.404275065418295,3.3915822912121483,6.030639620827407,0.03663372703626471,0.44453422912413676,5.559394286015079
14,431,1.0,98998.74686320455,-1.1339946328051407,10.368867838284043,-11.502862471089186,-11.502862471089184,1.7763568394002505e-15,-0.060046258090217464,-5.466479237603143,3.3973259038707844,6.036383233486044,0.037015248740091024,0.44413074054468693,5.558968048892938
14,432,1.0,105125.3502670078,-1.2426475259923562,10.32026120318705,-11.562908729179403,-11.562908729179405,1.7763568394002505e-15,0.13138885570912429,-5.515453691433222,3.408397708130926,6.047455037746184,0.03730389387450165,0.4438778089045857,5.563805782076668
14,433,1.0,92181.97333642871,-1.0309901353628181,10.40052973810746,-11.431519873470279,-11.431519873470279,0.0,0.021556335752070055,-5.402106228569189,3.390356315285831,6.02941364490109,0.0368678805356239,0.4438705685455145,5.551934911447984
14,434,1.0,90216.13205882642,-1.0179207401001091,10.3920427976181,-11.409963537718209,-11.409963537718209,0.0,0.12519247750971552,-5.37795807971677,3.392948128386181,6.03200545800144,0.036928509487832405,0.44350100253372593,5.550008895619837
14,435,1.0,79600.1343948446,-0.8477695020226653,10.437001558185829,-11.284771060208493,-11.284771060208493,0.0,0.044170754501495324,-5.255127726200038,3.3905860043931986,6.029643334008459,0.03668690027025487,0.44340041280530973,5.54923000040649
14,436,1.0,76160.65773901196,-0.7793078005776812,10.461292505129318,-11.240600305706998,-11.240600305707,1.7763568394002505e-15,-0.05405701102719895,-5.21233089343989,3.389212082651851,6.028269412267109,0.03658266193797138,0.4431531683185645,5.546320564692705
14,437,1.0,80390.98457549525,-0.8290048614325678,10.46565245530163,-11.294657316734197,-11.294657316734197,0.0,0.04121472213607014,-5.2743174680475216,3.381282519071417,6.020339848686676,0.0365176682759839,0.442759989495459,5.5362527344893016
14,438,1.0,77145.04225394821,-0.7832837365499414,10.470158858048187,-11.253442594598127,-11.253442594598129,1.7763568394002505e-15,0.1535084624554628,-5.238547670025446,3.375837594957422,6.014894924572681,0.03671409188844221,0.44239868950654626,5.5287057680754765
14,439,1.0,66166.80175937994,-0.531293168397953,10.568640963744711,-11.099934132142664,-11.099934132142664,0.0,-0.0865797956909109,-5.100526955853981,3.360349846673423,5.999407176288683,0.03677410508829871,0.44236009633150786,5.517624373896091
14,440,1.0,72150.81989067534,-0.6467509043088019,10.539763023524774,-11.186513927833575,-11.186513927833575,0.0,0.07861224428878089,-5.187894641808123,3.359561956410193,5.998619286025453,0.03674342131566212,0.44196747228603017,5.513065802241877
14,441,1.0,66696.09493877852,-0.5430501293114054,10.564851554233389,-11.107901683544794,-11.107901683544794,0.0,0.11921859072958796,-5.113105752961863,3.3557386009676726,5.9947959305829315,0.036890959785252836,0.44174570526341345,5.508294449731453
14,442,1.0,59200.371300196435,-0.3547791486092666,10.633903944205938,-10.988683092815206,-10.988683092815204,1.7763568394002505e-15,-0.005154754521338845,-4.997785198610351,3.3518405645895974,5.990897894204855,0.037092832466718295,0.4417773777848469,5.505952921186402
14,443,1.0,59506.32255616617,-0.3810261886385206,10.612811658698023,-10.993837847336545,-10.993837847336543,1.7763568394002505e-15,-0.049812460823671856,-4.999538069945798,3.355242447775488,5.994299777390746,0.03699885591511545,0.44138832679962364,5.5058125172800985
14,444,1.0,62545.54611476313,-0.4411740859845431,10.602476222175675,-11.043650308160217,-11.043650308160217,0.0,-0.02607014821263043,-5.051703664271917,3.3528893142730416,5.9919466438883004,0.036961950038671115,0.44093314405106254,5.499537781772465
14,445,1.0,64197.55830823889,-0.46407025482651504,10.60565020154633,-11.069720456372847,-11.069720456372846,1.7763568394002505e-15,0.050550856156093005,-5.076116933525958,3.3545461932316307,5.99360352284689,0.03697271565206546,0.4407062386857665,5.498765105693714
14,446,1.0,61032.97679120678,-0.39270875430920604,10.626460845907548,-11.019169600216754,-11.019169600216754,0.0,-0.023341519968353097,-5.0282396436764545,3.3518726269250414,5.990929956540301,0.03723168780209914,0.4403238358938074,5.492840626165533
14,447,1.0,62474.33554954351,-0.4542484557404729,10.588262664444635,-11.042511120185107,-11.042511120185107,0.0,0.0158934244366975,-5.046092442860674,3.357361347709175,5.996418677324434,0.03697662605108476,0.4398635909675222,5.494255883318597
14,448,1.0,61489.253319220516,-0.4458872393866615,10.580730456361747,-11.02661769574841,-11.02661769574841,0.0,0.02608405009330994,-5.0357733010003844,3.3517870651327657,5.9908443947480245,0.03725122796179497,0.4394419169691128,5.485687275181299
14,449,1.0,59906.101817703384,-0.396452200913899,10.604081444741201,-11.0005336456551,-11.0005336456551,0.0,0.21232234677490247,-5.013889531518574,3.347586784521267,5.986644114136525,0.037429330754521484,0.43918756260614,5.4798906110625625
14,450,1.0,48446.302512739305,-0.09355540625843846,10.694655892621759,-10.788211298880197,-10.788211298880197,0.0,-0.05407505897967546,-4.795217800345026,3.3539361689199128,5.992993498535172,0.03814224445835735,0.4394982880923969,5.486185477137125
14,451,1.0,51138.16456794947,-0.18230044070651197,10.65998591715336,-10.842286357859873,-10.842286357859873,0.0,-0.09354160713145987,-4.853649246211715,3.3495797820328996,5.988637111648158,0.03806150725290475,0.4389788227712918,5.478785168777768
14,452,1.0,56152.58323032939,-0.31166413844455426,10.62416382654678,-10.935827964991333,-10.935827964991335,1.7763568394002505e-15,-0.036030804142797024,-4.949211471293997,3.347559164082077,5.986616493697336,0.037681824942215274,0.43840122018591243,5.472752301611455
14,453,1.0,58212.69686589744,-0.37259810200404636,10.599260667130084,-10.97185876913413,-10.97185876913413,0.0,0.026514856240044793,-4.989561002562648,3.343240436956223,5.982297766571483,0.03790440134116535,0.437760302675677,5.463252091600036
14,454,1.0,56689.47877048468,-0.3278001428064433,10.617543770087645,-10.945343912894085,-10.945343912894089,3.552713678800501e-15,0.10240556205893192,-4.958333920747358,3.347952662531468,5.987009992146727,0.03835780092433859,0.4375457762741392,5.464323513211225
14,455,1.0,51171.51716366406,-0.18301323523955915,10.659925115595597,-10.842938350835153,-10.842938350835155,1.7763568394002505e-15,-0.1522878503038676,-4.848696863131664,3.3551841580882322,5.994241487703491,0.03890617630321245,0.43748678189478407,5.468491987783053
14,456,1.0,59588.99576190864,-0.3793397211802759,10.615886479958744,-10.99522620113902,-10.99522620113902,0.0,0.09098449025090183,-5.00663723394719,3.349531637576572,5.988588967191831,0.038578838713881944,0.4368687929103205,5.457726101932273
14,457,1.0,54406.652332307014,-0.25882478186587504,10.645416929022241,-10.904241710888119,-10.904241710888117,1.7763568394002505e-15,-0.0732831994002634,-4.908911835611369,3.3562725456614912,5.9953298752767505,0.038992471298227,0.43671048214716374,5.461071095572108
14,458,1.0,58543.4744545918,-0.3638938790950211,10.61363103119336,-10.977524910288382,-10.977524910288382,0.0,-0.09834362810202357,-4.982020377014643,3.3564472036584805,5.995504533273739,0.03899442570286632,0.4362806677144804,5.456697036808648
14,459,1.0,64593.46595130299,-0.4904758403056675,10.585392698084737,-11.075868538390406,-11.075868538390404,1.7763568394002505e-15,-0.0034365698182696747,-5.081860817669026,3.3549503911061214,5.99400772072138,0.0387788729432674,0.43577837735324415,5.450748408827811
14,460,1.0,64815.827768963085,-0.4972601652580771,10.582044942950596,-11.079305108208676,-11.079305108208672,3.552713678800501e-15,-0.08512922241923349,-5.091836064404467,3.34841171418895,5.98746904380421,0.03878355044142171,0.43540130747638484,5.442317885386814
14,461,1.0,70575.21719533567,-0.6292077395539023,10.535226591074007,-11.164434330627909,-11.164434330627909,0.0,0.012960505337016315,-5.182231243493212,3.343145757519437,5.982203087134697,0.038431980169006195,0.434762884576828,5.433236833161763
14,462,1.0,69666.42861691312,-0.6134911776613876,10.537982647629505,-11.151473825290893,-11.151473825290893,0.0,-0.008151231133483705,-5.182919369714284,3.3294971259613497,5.968554455576609,0.038424929342985595,0.4343269330891161,5.418312703214456
14,463,1.0,70236.61648831991,-0.617526050205605,10.542099006218773,-11.159625056424376,-11.159625056424378,1.7763568394002505e-15,0.10555750369334582,-5.1971084781114225,3.323459248697698,5.9625165783129574,0.038410390289890496,0.4339363353369499,5.409736061206682
14,464,1.0,63200.503870080924,-0.48348477603973583,10.570582776691294,-11.05406755273103,-11.05406755273103,0.0,0.029191220175297516,-5.088386860326472,3.3266233627893,5.9656806924045584,0.038653078242253815,0.4338768855304204,5.4118276161886625
14,465,1.0,61382.271370992596,-0.4541544863571884,10.570721846198543,-11.024876332555733,-11.024876332555731,1.7763568394002505e-15,-0.04846125711520166,-5.0550577537469845,3.33076124919349,5.969818578808748,0.03864229879019021,0.4335970834679182,5.413144852131673
14,466,1.0,64430.18991016908,-0.5413754170843812,10.531962172586553,-11.073337589670935,-11.073337589670935,0.0,0.132205266381769,-5.101231083713742,3.3330491763419325,5.972106505957191,0.038780722874961315,0.4331686972332273,5.410620990812106
14,467,1.0,56451.228010363,-0.3700943094297159,10.57103801385945,-10.941132323289166,-10.941132323289166,0.0,-0.05330453776657862,-4.967365392503363,3.3347096011705424,5.973766930785801,0.039302057721514086,0.43306786893029803,5.411211508625743
14,468,1.0,59541.978337841545,-0.4450448773811725,10.549391983674571,-10.994436861055744,-10.994436861055744,0.0,-0.04800800714168574,-5.02953259815055,3.325846933289936,5.964904262905195,0.03893575292796105,0.43280832979947653,5.402053140371813
14,469,1.0,62470.19663774155,-0.5214187271106121,10.521026141086818,-11.04244486819743,-11.04244486819743,0.0,-0.06554478711986356,-5.074919691152983,3.328467847429187,5.967525177044445,0.03895282012057654,0.43241807187598225,5.400055450663646
14,470,1.0,66701.96257055835,-0.6155721148724508,10.492417540444846,-11.107989655317294,-11.107989655317297,3.552713678800501e-15,-0.0849722196416085,-5.1395265928378455,3.3294057328641893,5.968463062479448,0.03895040088035341,0.43207307635517506,5.3965190901202575
14,471,1.0,72617.54766332355,-0.7530545392879403,10.439907335670963,-11.192961874958902,-11.192961874958904,1.7763568394002505e-15,0.03301983832667865,-5.22671700785479,3.3271875374888515,5.966244867104111,0.038949593073411386,0.4315231819729404,5.388795487180964
14,472,1.0,70258.88363454874,-0.7205254670497147,10.439416569582512,-11.159942036632224,-11.159942036632227,3.552713678800501e-15,-0.1052769851307449,-5.187198170801634,3.3336865362153314,5.97274386583059,0.03917756979178288,0.4312924679870309,5.391295236301198
14,473,1.0,78058.90568674455,-0.8662840887940921,10.398934932968876,-11.265219021762968,-11.265219021762968,0.0,-0.05918351997031124,-5.29383000519846,3.332331686949249,5.971389016564507,0.03931129039962116,0.4306954941757264,5.383709010073347
14,474,1.0,82818.15186198578,-0.9604454322672342,10.363957109466046,-11.32440254173328,-11.32440254173328,0.0,-0.009378064304286227,-5.347878035440871,3.337467176677148,5.9765245062924075,0.039273521006317307,0.4302402378701992,5.38302898027055
14,475,1.0,83598.47907609024,-0.964310002074287,10.369470603963281,-11.333780606037566,-11.333780606037568,1.7763568394002505e-15,-0.01966352692001827,-5.366813837109909,3.327909439312399,5.9669667689276595,0.0391332538985485,0.4296672897804183,5.370890912864548
14,476,1.0,85258.58833103537,-0.9942483511525109,10.359195781805074,-11.353444132957584,-11.353444132957584,0.0,0.03563053247482806,-5.389698104036721,3.3246886993056033,5.963746028920861,0.03911690398346828,0.4293514875903086,5.3653545568650385
14,477,1.0,82274.2617226867,-0.9488426407590529,10.368970959723704,-11.317813600482756,-11.317813600482758,1.7763568394002505e-15,-0.04992682462375875,-5.355353680036741,3.3234025908307574,5.962459920446016,0.03916663806707955,0.4290196638552987,5.361237147294536
14,478,1.0,86486.22443116755,-1.041990344594345,10.32575008051217,-11.367740425106515,-11.367740425106515,0.0,-0.0014408279729067885,-5.392818328392573,3.335864767098683,5.974922096713941,0.039064013312036565,0.42872255293864614,5.367471481815209
14,479,1.0,86610.92601779303,-1.0454196020414146,10.323761651038005,-11.369181253079422,-11.36918125307942,1.7763568394002505e-15,-0.08629992134188491,-5.392076145256172,3.3380477782079896,5.977105107823248,0.0392992841801231,0.4282778848716092,5.364672339213237
14,480,1.0,94417.44883637756,-1.1677279021585427,10.287753272262766,-11.455481174421307,-11.455481174421308,1.7763568394002505e-15,-0.05108006736839421,-5.479294657525671,3.337129187280379,5.9761865168956385,0.03943545154447865,0.4276851552217972,5.357201193939518
14,481,1.0,99365.59855940411,-1.2230957975539738,10.283465444235727,-11.5065612417897,-11.5065612417897,0.0,-0.1184645529459285,-5.535394273870732,3.3321096383037094,5.971166967918967,0.03940216933056892,0.4272437785916812,5.349224139985746
14,482,1.0,111862.50864076495,-1.37127505410654,10.253750740629089,-11.62502579473563,-11.62502579473563,0.0,0.1000559557742875,-5.657957433549997,3.328011031570373,5.967068361185632,0.03970430355130924,0.42655634943261345,5.339357501164557
14,483,1.0,101211.71995492562,-1.2193344233018764,10.305635415659465,-11.524969838961342,-11.524969838961342,0.0,0.05044786785051869,-5.5634774292767855,3.322435080069298,5.961492409684557,0.0391592201473155,0.4261810189541281,5.33401740915943
14,484,1.0,96232.45704889845,-1.1248214692719034,10.34970050183892,-11.474521971110823,-11.474521971110823,0.0,-0.03234541323521434,-5.517872480963561,3.3175921605320022,5.956649490147262,0.039134645440176516,0.42595228068383933,5.329060968812293
14,485,1.0,99396.02325466827,-1.1797791472228107,10.327088237123228,-11.506867384346037,-11.506867384346037,0.0,-0.032626461838701104,-5.541677464143644,3.3261325905871346,5.965189920202393,0.038673716334256904,0.42572687884704247,5.334388639947507
14,486,1.0,102692.44672030695,-1.2232717933015893,10.31622205288315,-11.539493846184739,-11.53949384618474,1.7763568394002505e-15,0.039723906726889524,-5.579700456485746,3.320736060083734,5.9597933896989925,0.03889374563540837,0.42519057658923776,5.324141797467701
14,487,1.0,98693.06301916944,-1.206665366865309,10.29310457259254,-11.499769939457849,-11.499769939457849,0.0,0.010766086988326151,-5.536046592299999,3.32466601754259,5.96372334715785,0.03917514285164943,0.42489278408458964,5.323873113083545
14,488,1.0,97636.22413528158,-1.1879179385071006,10.301085913962424,-11.489003852469523,-11.489003852469525,1.7763568394002505e-15,-0.09878094389755532,-5.526623447236145,3.3233230756181196,5.96238040523338,0.0391950044131731,0.4246172566588,5.32033521412654
14,489,1.0,107773.25370906692,-1.340413759699873,10.247371036667206,-11.587784796367078,-11.587784796367078,0.0,0.07814298936163766,-5.623975990496674,3.324751476255145,5.963808805870404,0.03947823744462993,0.42395005837742217,5.313100093436733
14,490,1.0,99672.172734391,-1.2497290693493663,10.259912737656073,-11.50964180700544,-11.509641807005439,1.7763568394002505e-15,0.035255591975293044,-5.53992181598295,3.330662661407231,5.969719991022489,0.039406781702783576,0.42379160798170595,5.316612650950941
14,491,1.0,96219.393794424,-1.1984057748520993,10.27598044017805,-11.474386215030147,-11.47438621503015,1.7763568394002505e-15,0.1096484203457333,-5.510689364183959,3.3246395212309285,5.963696850846189,0.03956783414831634,0.4235081161781456,5.309245461544373
14,492,1.0,86226.92774347303,-0.999199615802247,10.365538178882167,-11.364737794684414,-11.364737794684414,0.0,0.04018616703755029,-5.418033163651584,3.307647301417574,5.946704631032832,0.0394046730948089,0.42331343085766004,5.2971672951783395
14,493,1.0,82830.49980224669,-0.9531599378339516,10.371391689812915,-11.324551627646864,-11.324551627646867,3.552713678800501e-15,-0.13436447977838206,-5.378768249607488,3.3067260484241197,5.945783378039378,0.039391837158454,0.4230873800637895,5.295138314446518
14,494,1.0,94742.32409047242,-1.1659428978285002,10.292973209596749,-11.458916107425246,-11.45891610742525,3.552713678800501e-15,-0.11136812331046819,-5.507683813202017,3.3121749646079697,5.95123229422323,0.03980178852818484,0.42252114348878445,5.29245512151248
14,495,1.0,105903.56879971671,-1.3176300544016382,10.252654176334076,-11.570284230735714,-11.570284230735714,0.0,0.04059756640549139,-5.6189793102811505,3.3122475908393048,5.951304920454563,0.04023267815218468,0.42199291484943213,5.285940428879243
14,496,1.0,101690.24563707167,-1.259752236877669,10.269934427452549,-11.529686664330223,-11.529686664330217,5.329070518200751e-15,-0.17391110082038175,-5.581778397979493,3.3088509367354684,5.947908266350727,0.04052010040987436,0.4217082558392811,5.2818118939164895
14,497,1.0,121006.28497239997,-1.57005186337639,10.133545901774214,-11.703597765150604,-11.703597765150604,0.0,0.18424676738205825,-5.7307351631284424,3.3338052724069027,5.972862602022161,0.04153857130539646,0.42123447272497616,5.290976595715849
14,498,1.0,100644.62208209754,-1.2602185921027194,10.259132405665827,-11.519350997768546,-11.519350997768546,0.0,0.10008754617187066,-5.576962432702809,3.303331235450479,5.942388565065739,0.04087822580854735,0.42120266408791257,5.271744081680039
14,499,1.0,91059.04776396044,-1.0974064895127014,10.321856962083974,-11.419263451596676,-11.419263451596676,0.0,0.0004451382637800094,-5.4941493299322115,3.286056792049203,5.925114121664462,0.04060086800797315,0.4207617291713785,5.255678260729133
14,500,1.0,91018.52291778647,-1.0646412301180908,10.354177083214804,-11.418818313332896,-11.418818313332896,0.0,,-5.496309250055119,3.283451733662519,5.922509063277777,0.0408463577222508,0.42048672489690264,5.252269135761995
