seed,epoch,temperature,Z,E,S,F,F_check,err,delta_F,F_data,KL,NLL,data_mass,recon_sq,recon_ce
36,1,4.0,267099.6341795431,-0.07888541623436848,12.47565567543741,-49.98150811798401,-49.98150811798401,0.0,0.0005733322890506543,-25.025470522651577,3.5999520692178506,6.23900939883311,0.027332915444794374,0.4999772770259371,6.238804776881259
36,2,4.0,267061.35271194193,-0.0784340586251518,12.475625181767453,-49.98093478569496,-49.98093478569496,0.0,-0.005399268872018581,-25.02474676694916,3.599989675071192,6.23904700468645,0.02732875067826786,0.49997797796390914,6.238848701890961
36,3,4.0,267422.08012736344,-0.08780966254739803,12.474631098004895,-49.98633405456698,-49.98633405456698,0.0,-0.015990365628162806,-25.02622643433997,3.600969575441493,6.2400269050567525,0.027310529306059806,0.4999759877426208,6.239810352769195
36,4,4.0,268493.2639881071,-0.10410955206467548,12.474553717032617,-50.002324420195144,-50.002324420195144,0.0,-0.001802437366166032,-25.041776820421934,3.6010795703280465,6.240136899943304,0.027297017599317203,0.4999792176677089,6.239949411664725
36,5,4.0,268614.27682371024,-0.10795331710157584,12.474043385114935,-50.00412685756131,-50.00412685756132,7.105427357601002e-15,-0.01646936258678977,-25.041610403504386,3.601571783898973,6.240629113514232,0.02729766427756583,0.49997688369139914,6.240420350706446
36,6,4.0,269722.53327298036,-0.12483705660017821,12.473939790886979,-50.0205962201481,-50.02059622014809,7.105427357601002e-15,-0.016184621027285573,-25.057811460944542,3.6016388601856293,6.240696189800888,0.027317491384242734,0.49997200637409844,6.24044343780593
36,7,4.0,270816.0833636808,-0.14117570763989734,12.473901283383874,-50.036780841175386,-50.03678084117539,7.105427357601002e-15,-0.07521591598187172,-25.073736542322827,3.6017037450978795,6.240761074713139,0.02730414442880659,0.4999745090681243,6.240530895446726
36,8,4.0,275956.6837062997,-0.2201964539858552,12.472950075792852,-50.11199675715726,-50.111996757157264,7.105427357601002e-15,-0.0014235542462159856,-25.14520746489091,3.6026399934513296,6.241697323066588,0.027299388787538018,0.49997156380261276,6.241440035818451
36,9,4.0,276054.91101146565,-0.22281684671805482,12.472650866171353,-50.11342031140347,-50.113420311403466,7.105427357601002e-15,0.1945686467261396,-25.145371250994597,3.6029549354869626,6.242012265102221,0.027278249504897913,0.4999735568301412,6.241772648209431
36,10,4.0,262948.3531892338,-0.026987895116916197,12.472965942390108,-49.918851664677334,-49.91885166467735,1.4210854715202004e-14,0.03557730153687544,-24.95237473161665,3.6025619036499124,6.241619233265171,0.027285478601817487,0.49997189310055895,6.241364888576306
36,11,4.0,260619.9750029511,0.008278719770559136,12.472888270727754,-49.88327436314046,-49.88327436314046,0.0,0.08544705035576783,-24.916587605859085,3.6026143597050853,6.241671689320343,0.027280193773675965,0.49997207895121265,6.24141895503729
36,12,4.0,255111.7154983149,0.09223532903867296,12.472515660455839,-49.79782731278469,-49.79782731278468,7.105427357601002e-15,0.10119088935906007,-24.830088690264233,3.602877326014856,6.241934655630116,0.027284592801745652,0.49996846721311494,6.241649060724996
36,13,4.0,248738.91864218222,0.1906201957552623,12.471814154795224,-49.69663642342563,-49.69663642342563,0.0,-0.09195965991036559,-24.726818869129808,3.603397058958698,6.2424543885739565,0.027298319637221697,0.4999617117053252,6.242107394190458
36,14,4.0,254523.6456400893,0.10495454207445355,12.473387656352614,-49.788596083335996,-49.788596083336,7.105427357601002e-15,0.04069352621261402,-24.824361792909418,3.602001242991387,6.241058572606645,0.027302792360383653,0.49996982069357704,6.2407858308780595
36,15,4.0,251947.40623146202,0.13792262388647697,12.471456295252462,-49.74790255712338,-49.747902557123375,7.105427357601002e-15,-0.14675943905988476,-24.776270503420218,3.6038506838105326,6.242908013425791,0.027273135739378764,0.49996474357654463,6.242587715692759
36,16,4.0,261362.9933133339,-0.004368018088781288,12.472573494523619,-49.89466199618327,-49.89466199618326,7.105427357601002e-15,-0.1647674314951999,-24.926649086005714,3.6029458979291293,6.242003227544387,0.02726909443343683,0.49997333289243706,6.241761480719253
36,17,4.0,272353.8331102321,-0.17561058448280145,12.470954710798916,-50.05942942767847,-50.05942942767847,0.0,0.052660437602213506,-25.084535894006,3.6046660538028577,6.243723383418115,0.02722577012893429,0.49997607788498455,6.243504879995967
36,18,4.0,268791.76406405156,-0.12349554626075464,12.470818360953874,-50.00676899007625,-50.00676899007625,0.0,-0.12369776967376112,-25.031379676596977,3.6047899987545597,6.243847328369818,0.027213482456070914,0.4999763378974391,6.243631048801764
36,19,4.0,277233.86028476927,-0.24927640083946645,12.470297589727638,-50.130466759750014,-50.130466759750014,0.0,-0.06435150179553517,-25.15303956609046,3.605299468799629,6.244356798414887,0.02722886070115071,0.49997316893720184,6.244111495222449
36,20,4.0,281730.03406668606,-0.3109790105643658,12.470959812745292,-50.19481826154555,-50.194818261545535,1.4210854715202004e-14,0.06288368282300638,-25.22008564015826,3.6046258257315613,6.243683155346821,0.02725000402658092,0.49997314966619566,6.243438465777748
36,21,4.0,277335.61123261246,-0.24224373588549752,12.472422710709262,-50.13193457872254,-50.13193457872254,0.0,-0.018704563146286546,-25.163032574243747,3.6031681715044406,6.242225501119701,0.02728807297083774,0.49997235866618567,6.241975040939137
36,22,4.0,278635.5084784705,-0.26230538082267857,12.472083440261535,-50.15063914186883,-50.15063914186882,7.105427357601002e-15,-0.07473549221405307,-25.180408585826683,3.6035003093952795,6.2425576390105375,0.02728571089748675,0.49997178840239603,6.24230181009436
36,23,4.0,283890.43729039293,-0.3410903113619165,12.47107108068024,-50.22537463408288,-50.225374634082876,7.105427357601002e-15,0.011565330447027122,-25.251270701388997,3.6044686535582118,6.243525983173471,0.02727909687613638,0.4999689170977513,6.243243386941257
36,24,4.0,283070.801102309,-0.3333055163367118,12.470125946824785,-50.213809303635855,-50.213809303635855,0.0,0.0984768328939154,-25.236093408914083,3.6053716440651846,6.244428973680443,0.02727532751270215,0.4999636289145777,6.24409749921127
36,25,4.0,276186.9078028194,-0.228540783579729,12.471697921790552,-50.11533247074194,-50.11533247074194,0.0,0.033030143303520276,-25.143686881706714,3.603854067643548,6.2429113972588075,0.027283647948211386,0.49996778130800185,6.242618894263337
36,26,4.0,273915.67481655447,-0.1962214736741728,12.47152021344106,-50.08230232743842,-50.08230232743841,7.105427357601002e-15,0.1381851791197377,-25.110028484833954,3.6040111310358576,6.2430684606511155,0.027283558715577305,0.49996568264640556,6.2427568438863785
36,27,4.0,264614.48894453095,-0.0589002856901749,12.471304215657128,-49.94411714831868,-49.94411714831868,0.0,-0.08939291449861742,-24.97159885658868,3.604072243317244,6.243129572932502,0.027316395901405513,0.4999534203218472,6.2427069768696715
36,28,4.0,270594.72903001326,-0.1506403396713868,12.470717430786477,-50.0335100628173,-50.03351006281729,7.105427357601002e-15,-0.014462902220103047,-25.058369409953677,3.6047278336006463,6.243785163215906,0.02729395069871086,0.4999569577210867,6.243393836133117
36,29,4.0,271574.89624680055,-0.16394764657938574,12.471006329614506,-50.0479729650374,-50.04797296503741,7.105427357601002e-15,0.1113334350374302,-25.073768090632136,3.6044938889860574,6.243551218601316,0.027273565941808835,0.499962979242682,6.243214602298467
36,30,4.0,264120.27948968293,-0.04929238592181803,12.471836786019539,-49.93663952999997,-49.93663952999997,0.0,0.0075244196027952626,-24.965940390328743,3.603617455302548,6.2426747849178055,0.027287286386506234,0.4999633628894478,6.242342652661435
36,31,4.0,263623.90854683716,-0.037965032095252114,12.47278751957548,-49.92911511039718,-49.92911511039717,7.105427357601002e-15,-0.06165119322430712,-24.96220531812151,3.6026701184536587,6.241727448068917,0.02730722047608358,0.4999647058811472,6.241408232581447
36,32,4.0,267718.5646741466,-0.10657523654058344,12.471047766770226,-49.990766303621484,-49.99076630362149,7.105427357601002e-15,-0.014810232527260325,-25.017050945696262,3.6043715098660476,6.2434288394813064,0.027311272475243925,0.4999559646040632,6.2430291902410735
36,33,4.0,268711.6455581633,-0.12044144662748557,12.471283772380314,-50.005576536148745,-50.005576536148745,0.0,-0.16887278792803784,-25.032881609041254,3.604116402161611,6.243173731776871,0.02732888409627167,0.4999533944990405,6.242751162475855
36,34,4.0,280299.04526235425,-0.28717586199683653,12.471818365519988,-50.17444932407678,-50.17444932407679,7.105427357601002e-15,-0.0005179554033674094,-25.203762766097928,3.603614309879456,6.2426716394947155,0.027343989569343995,0.4999552206486125,6.242266060252052
36,35,4.0,280335.34321365674,-0.2884441258259568,12.471630788413549,-50.17496727948015,-50.17496727948015,0.0,-0.23099599273725602,-25.203444256980088,3.6038234260097566,6.242880755625015,0.027333341911596594,0.49995778320019396,6.242498228363624
36,36,4.0,297001.00988176296,-0.5238252225598993,12.470534512414378,-50.405963272217406,-50.40596327221741,7.105427357601002e-15,0.15995919939380343,-25.4307506750122,3.6047458196860442,6.243803149301303,0.027354561194530558,0.4999529582158501,6.243376301000344
36,37,4.0,285358.3443954865,-0.36227662314565273,12.470931862419487,-50.2460040728236,-50.2460040728236,0.0,0.007459112814764524,-25.272190492890736,3.604396065367957,6.243453394983216,0.02737716441242548,0.49994578291068553,6.242962055201145
36,38,4.0,284826.7102185874,-0.35033365035920033,12.472052827412407,-50.23854496000884,-50.23854496000883,7.105427357601002e-15,-0.03109747157611764,-25.26890155289976,3.603353522162011,6.2424108517772705,0.027366110075898308,0.4999541625422491,6.241996148693761
36,39,4.0,287049.68777601555,-0.3794891791616287,12.472538313105833,-50.269642431584955,-50.26964243158496,7.105427357601002e-15,0.10637638027206009,-25.301943917715583,3.6028672988520833,6.241924628467343,0.0273769365947092,0.4999554969681091,6.241522413192271
36,40,4.0,279516.47456514667,-0.27224144723778265,12.472756151018782,-50.163266051312895,-50.16326605131291,1.4210854715202004e-14,-0.029455462632760998,-25.196295965360118,3.6026851918729355,6.241742521488194,0.027366647950020525,0.4999561792068544,6.241346553359091
36,41,4.0,281582.3935724863,-0.31062754732373377,12.470523491655477,-50.192721513945656,-50.19272151394564,1.4210854715202004e-14,0.006295252850712529,-25.217319688008637,3.6047931268689943,6.243850456484253,0.027383540106888638,0.49994283529323813,6.243332114950725
36,42,4.0,281139.58402218396,-0.3011615902678425,12.471316167706776,-50.186426261094944,-50.18642626109495,7.105427357601002e-15,0.03743991561197646,-25.214139230580265,3.6040144280134085,6.243071757628668,0.027402972109506946,0.49994411085983514,6.242565917806739
36,43,4.0,278520.4003210551,-0.2622147660587289,12.471692894856059,-50.14898634548297,-50.14898634548296,7.105427357601002e-15,-0.09276869398230048,-25.178133087050224,3.603655984992926,6.242713314608186,0.027397404845933775,0.49994559037731306,6.242221127357711
36,44,4.0,285055.3810555383,-0.3589054333093245,12.470712401538988,-50.24175503946527,-50.241755039465275,7.105427357601002e-15,0.011556678329910142,-25.267198448766113,3.6045818180595313,6.243639147674791,0.027398610532454223,0.4999420151840189,6.243113926491423
36,45,4.0,284232.99629584514,-0.35150020919880687,12.469674537984138,-50.23019836113536,-50.23019836113536,0.0,-0.0725119119056501,-25.25169888829439,3.605567538594983,6.244624868210243,0.027397386400475537,0.49993595488966636,6.244043682133822
36,46,4.0,289432.55211898027,-0.41642183211036005,12.471572110232664,-50.30271027304101,-50.302710273041015,7.105427357601002e-15,-0.052347476394757564,-25.33139196190671,3.6037722481683154,6.242829577783574,0.027386045869430414,0.49995080682877235,6.242384491415668
36,47,4.0,293245.21151387016,-0.4687054277767389,12.471588080414756,-50.355057749435765,-50.355057749435765,0.0,-0.017345425072470277,-25.383823992977035,3.603751109499424,6.2428084391146825,0.027374731975979956,0.49995418570074623,6.242393850796292
36,48,4.0,294519.5883038583,-0.4865627791948093,12.471460098828357,-50.372403174508236,-50.372403174508236,0.0,0.06300237537890752,-25.400988997551767,3.603796214623857,6.242853544239117,0.02741785694694474,0.4999463309626661,6.2423681211159785
36,49,4.0,289917.0712271758,-0.4173438210780151,12.473014244512829,-50.30940079912933,-50.30940079912933,0.0,-0.0728162152142744,-25.343620594987758,3.6023877214201336,6.2414450510353925,0.02739509348303548,0.4999572373811912,6.241058936773999
36,50,4.0,295243.0674715273,-0.4923505019084419,12.472466628108789,-50.3822170143436,-50.382217014343595,7.105427357601002e-15,-0.15954416327067378,-25.41448241329488,3.602876320646921,6.2419336502621805,0.02739289273302341,0.49995652399829943,6.241540749840744
36,51,4.0,307257.14886132313,-0.6543231067652189,12.471859517712264,-50.541761177614276,-50.541761177614276,0.0,-0.04999213836686778,-25.572366342842184,3.6032913790777643,6.242348708693023,0.027405718715960113,0.4999546259412777,6.2419384286382735
36,52,4.0,311121.3565376967,-0.7032927720317582,12.47211513598735,-50.591753315981144,-50.59175331598116,1.4210854715202004e-14,0.07199579968190761,-25.623596313247724,3.6029819210680967,6.242039250683355,0.027409260543746712,0.49995655951517964,6.241646641443033
36,53,4.0,305571.59360008396,-0.6295675232180867,12.472547498270288,-50.51975751629924,-50.51975751629924,0.0,0.1802671259892037,-25.55282224181797,3.602676489005058,6.241733818620316,0.027399887205501246,0.49995948587296346,6.241367818432598
36,54,4.0,292106.1660628896,-0.4449552216603195,12.47363379216243,-50.33949039031003,-50.33949039031004,7.105427357601002e-15,0.016896550452912606,-25.3759021213713,3.601839737619425,6.240897067234684,0.027362770531531945,0.4999679200668255,6.240607579445454
36,55,4.0,290874.87182877737,-0.4281592441541471,12.473608648925742,-50.32259383985712,-50.32259383985711,7.105427357601002e-15,-0.0706191331040813,-25.358971008626888,3.6018483781922987,6.240905707807558,0.027376010683208298,0.4999651414553724,6.240591198936272
36,56,4.0,296055.80420015234,-0.5002169561431011,12.473249004204526,-50.3932129729612,-50.3932129729612,0.0,0.10529963161020106,-25.42832536547429,3.6021645722564677,6.241221901871727,0.02736181700565752,0.49996635897082004,6.240918169968651
36,57,4.0,288363.851598117,-0.39391476616095017,12.473499643797512,-50.287913341351,-50.28791334135099,7.105427357601002e-15,0.0015670773274720773,-25.323610110195837,3.6020184781735325,6.241075807788791,0.02733717575691555,0.4999702651839536,6.240807351266597
36,58,4.0,288250.90161125665,-0.39105945840181466,12.47382170140543,-50.28634626402353,-50.286346264023535,7.105427357601002e-15,0.019682560774413105,-25.323360679097316,3.601689066616294,6.240746396231553,0.027350082997082414,0.49996927763747184,6.240469225061969
36,59,4.0,286836.0065884735,-0.37003637661210437,12.47415683165925,-50.266663703249115,-50.26666370324911,7.105427357601002e-15,-0.10414601164366388,-25.30500771387252,3.6013566677288904,6.24041399734415,0.027360972328403056,0.4999686140434071,6.240131003210403
36,60,4.0,294402.28540260805,-0.47429038394040635,12.474129832738093,-50.37080971489278,-50.37080971489278,0.0,0.06962831992446894,-25.409347391482946,3.601308251237199,6.240365580852457,0.027382430373552508,0.49996687792816447,6.240067012706234
36,61,4.0,289321.94648752763,-0.40460593446431725,12.474143865126,-50.30118139496831,-50.30118139496832,7.105427357601002e-15,0.14165208119713668,-25.339684125220437,3.6013169878217104,6.240374317436968,0.027389603045090673,0.4999645267986124,6.240054580726718
36,62,4.0,279255.476568245,-0.26151194929134486,12.474504341119955,-50.15952931377117,-50.159529313771166,7.105427357601002e-15,0.06981586714266541,-25.199193058910023,3.601026734100025,6.240084063715286,0.027366312089984066,0.49996755401847304,6.239791680203221
36,63,4.0,274423.6506834767,-0.19199798744446397,12.47442886479601,-50.08971344662851,-50.08971344662851,0.0,0.15448684303792248,-25.129172060291104,3.6010780169690912,6.240135346584351,0.02736785604727162,0.49996523143855703,6.239822009366244
36,64,4.0,264027.0003356891,-0.03932345656214345,12.473975786757109,-49.935226603590586,-49.93522660359058,7.105427357601002e-15,0.12517672322589135,-24.973446882502376,3.6013876006567935,6.240444930272053,0.027384371540280037,0.49995616348455213,6.240049569815986
36,65,4.0,255892.4377404294,0.08750197208464003,12.474387963112335,-49.810049880364694,-49.8100498803647,7.105427357601002e-15,-0.0474899827377655,-24.850267232071126,3.6008883324581324,6.239945662073391,0.027370513071124765,0.49995938370375703,6.239579523877011
36,66,4.0,258948.6259951556,0.041974125187632376,12.474878497072524,-49.85753986310246,-49.85753986310247,7.105427357601002e-15,-0.03319614694620299,-24.89941587767399,3.6004736667418578,6.239530996357117,0.027369846612831726,0.49996277578243264,6.239195648451698
36,67,4.0,261106.59229031362,0.008997477091741245,12.474933371785106,-49.89073601004866,-49.890736010048684,2.1316282072803006e-14,-0.05031867786120614,-24.93264323991428,3.600465862918337,6.239523192533595,0.027363042009388567,0.49996483706878686,6.23920643870093
36,68,4.0,264411.9736298169,-0.04087800311887825,12.475044171197746,-49.94105468790987,-49.94105468790986,7.105427357601002e-15,0.14007844380276424,-24.983187591137117,3.60040944457793,6.23946677419319,0.02735984043078015,0.4999665919281917,6.2391658467945135
36,69,4.0,255312.62688787185,0.09932015699240797,12.475074100274878,-49.800976244107105,-49.800976244107105,0.0,0.10100460203281614,-24.843857588578725,3.6002223342668342,6.239279663882094,0.027356761764354077,0.4999632688445896,6.238948782009823
36,70,4.0,248946.40480165053,0.1975506060272873,12.474380562025395,-49.69997164207429,-49.699971642074296,7.105427357601002e-15,0.050326151121325324,-24.74090060670064,3.6007104292281524,6.239767758843412,0.027369388471836616,0.49995492743867553,6.239361515001694
36,71,4.0,245833.89732733072,0.2467872380116154,12.474108182241144,-49.64964549095296,-49.64964549095296,0.0,-0.031545509636352165,-24.689868011512708,3.6008870402448054,6.239944369860065,0.027370326115505612,0.49995292648872725,6.239520034002461
36,72,4.0,247780.3011712225,0.21591178610142903,12.474275696672686,-49.681191000589315,-49.681191000589315,0.0,0.11678105664252314,-24.721813872839892,3.6007869523220974,6.239844281937356,0.02736708252176616,0.49995532668773957,6.239441653523754
36,73,4.0,240650.8690501913,0.3297091296693129,12.473529768404024,-49.56440994394679,-49.564409943946785,7.105427357601002e-15,0.06722014002642851,-24.603102761903635,3.601269465895528,6.2403267955107875,0.027374856416814235,0.4999481094310836,6.239858836128083
36,74,4.0,236640.51422767114,0.3950786869884506,12.473067122727205,-49.497189803920364,-49.49718980392037,7.105427357601002e-15,0.030772078565966865,-24.53477049731023,3.6015474970372745,6.240604826652534,0.027385578771312504,0.49994245738223164,6.240085634182878
36,75,4.0,234827.01867612594,0.42356191632274226,12.472494910419284,-49.4664177253544,-49.4664177253544,0.0,0.11759932925456695,-24.502198568971966,3.6019974594803488,6.241054789095607,0.027395867794262372,0.4999355520321338,6.240472873403973
36,76,4.0,228023.64279390284,0.537885125393651,12.47167588037337,-49.34881839609983,-49.34881839609983,0.0,0.19833364814407162,-24.382708934222688,3.6024700358540254,6.2415273654692855,0.027405541962463614,0.49992844544170767,6.240880929713138
36,77,4.0,216993.17642648253,0.7293270863096907,12.469952958566363,-49.15048474795576,-49.150484747955765,7.105427357601002e-15,0.04864065188220934,-24.180341983464587,3.6034783615075363,6.242535691122796,0.027427623111911142,0.4999121912286645,6.241741187205873
36,78,4.0,214370.48254810044,0.77410462842661,12.468987181125039,-49.10184409607355,-49.10184409607354,7.105427357601002e-15,0.10635328992287896,-24.12880084131883,3.604203484073422,6.243260813688681,0.027448602154349806,0.4999028797331957,6.242381289958942
36,79,4.0,208745.83732113254,0.8706731893748307,12.466540998881374,-48.99549080615067,-48.99549080615066,7.105427357601002e-15,0.029456698110593038,-24.01494703664505,3.606078612761146,6.245135942376403,0.027497842437673177,0.4998781217930412,6.244029216588354
36,80,4.0,207214.24292904427,0.8955297116994385,12.465390954934877,-48.96603410804008,-48.96603410804007,7.105427357601002e-15,-0.0780494919548147,-23.981733097047158,3.607017923132971,6.246075252748229,0.02752243902230074,0.49986536709969803,6.24485056464829
36,81,4.0,211297.18896687205,0.8194898079107481,12.465893351976408,-49.04408359999489,-49.044083599994885,7.105427357601002e-15,-0.05426711263421424,-24.060694065068493,3.6067900541163413,6.245847383731601,0.027529083717190678,0.4998647033994215,6.244616767887338
36,82,4.0,214183.3447043481,0.7715107127128639,12.467465356335493,-49.098350712629106,-49.09835071262911,7.105427357601002e-15,-0.12838245633483325,-24.120048020494696,3.605518343418343,6.2445756730336015,0.02749703509147021,0.49988056169003486,6.243491558831585
36,83,4.0,221169.1986313733,0.647876185361888,12.468652338581457,-49.22673316896394,-49.22673316896394,0.0,0.016514436586582804,-24.251182523249877,3.604830331813256,6.243887661428515,0.027478352371717873,0.4998918201801852,6.2429067171915085
36,84,4.0,220257.95982375537,0.6630300075700669,12.468312184986857,-49.210218732377356,-49.21021873237736,7.105427357601002e-15,-0.04443619585381242,-24.233702202500194,3.6050718028540323,6.2441291324692925,0.027490785117413055,0.49988604900859945,6.243095069030068
36,85,4.0,222718.45787637946,0.6217401138584352,12.469098760522401,-49.25465492823117,-49.25465492823117,0.0,0.04682383773512555,-24.280485081806056,3.60448513199102,6.243542461606279,0.027473956144334295,0.4998949936481124,6.242590452847587
36,86,4.0,220126.52477274483,0.6639115962108662,12.467935671676726,-49.20783109049604,-49.207831090496036,7.105427357601002e-15,-0.018710328256922537,-24.22999857987762,3.6054007980393474,6.244458127654606,0.027503487011829232,0.49988172258436897,6.243384480008749
36,87,4.0,221158.59657536892,0.6428223607425554,12.467340944873882,-49.226541418752966,-49.22654141875297,7.105427357601002e-15,0.06155969444563425,-24.246202746991,3.606027338325234,6.245084667940492,0.027502592157862174,0.4998785189853139,6.243980888718057
36,88,4.0,217781.03950492016,0.6987526912228591,12.465933603882547,-49.16498172430733,-49.16498172430733,0.0,-0.000555247830071437,-24.180245284334116,3.6071267803780453,6.246184109993303,0.027530881683829223,0.49986367018366923,6.24494298301821
36,89,4.0,217811.2722156066,0.695867103247667,12.465351018846267,-49.1655369721374,-49.1655369721374,0.0,0.14469900847978323,-24.1785559786244,3.607687918762994,6.246745248378253,0.02753243287582895,0.4998608571739366,6.245477631514967
36,90,4.0,210072.81567629206,0.8338399613992721,12.463669481264226,-49.02083796365762,-49.020837963657634,1.4210854715202004e-14,0.0283847730777822,-24.029677015790014,3.6087329073516408,6.2477902369669,0.027573103650146733,0.499842587424005,6.246353794882585
36,91,4.0,208587.3750957149,0.8564952099117338,12.462237100122893,-48.99245319057984,-48.99245319057984,0.0,0.056669167754961336,-23.996256840646456,3.609991757868086,6.2490490874833435,0.02758231355400041,0.499832545957277,6.247516873037948
36,92,4.0,205653.09136383387,0.9045474894898806,12.46008287807869,-48.935784022824876,-48.93578402282488,7.105427357601002e-15,-0.09949199723453717,-23.932204519398603,3.61183754624131,6.250894875856568,0.02759327227448167,0.4998181481203922,6.249224959712081
36,93,4.0,210832.44659110252,0.8043735727684083,12.459912398206956,-49.03527602005941,-49.03527602005942,7.105427357601002e-15,-0.01599004918302427,-24.029479085562656,3.612391904008931,6.2514492336241885,0.027574618197568197,0.4998204168665745,6.2497995229613545
36,94,4.0,211676.93869789573,0.7971125484146762,12.462094654414278,-49.05126606924244,-49.05126606924244,0.0,-0.010990726846266341,-24.053156444696615,3.610470076521193,6.249527406136453,0.027500582917521874,0.49984842614308717,6.248139050532194
36,95,4.0,212259.35933795944,0.7986062596311955,12.465215763929976,-49.062256796088704,-49.06225679608871,7.105427357601002e-15,-0.09283042051043822,-24.075991622749108,3.6075089637196407,6.246566293334899,0.0274936126132684,0.4998690735132323,6.245373809386221
36,96,4.0,217242.99619495997,0.7098582070195809,12.466236355904684,-49.15508721659914,-49.155087216599156,1.4210854715202004e-14,-0.1574440179824279,-24.171231687732035,3.6069065526015183,6.245963882216778,0.027456763434301926,0.49988264801454874,6.244896102989967
36,97,4.0,225964.41467023682,0.5485488681629795,12.465270025686138,-49.31253123458157,-49.31253123458157,0.0,0.09946479380670326,-24.323012664081784,3.608322313009687,6.247379642624947,0.02746021624108372,0.49987791295882644,6.246265465278619
36,98,4.0,220414.8232652493,0.64438101061424,12.464361862847275,-49.21306644077487,-49.21306644077486,7.105427357601002e-15,0.03065019095067356,-24.22138381521683,3.6088633267742507,6.2479206563895096,0.027479530646738047,0.49986757147488947,6.246709805972218
36,99,4.0,218732.33845218798,0.6806707018552888,12.465771737919873,-49.18241624982419,-49.1824162498242,7.105427357601002e-15,-0.01513759821217775,-24.19650844320415,3.607419622039752,6.24647695165501,0.027469508987293438,0.4998779723243878,6.245363883984995
36,100,4.0,219561.67730105357,0.6649871403284883,12.465635247091216,-49.19755384803637,-49.19755384803638,7.105427357601002e-15,0.05571966451651633,-24.21098479950751,3.607584932516957,6.246642262132217,0.02747142785232059,0.4998760982602064,6.245512148143222
36,101,4.0,216524.4051375096,0.7212137923023251,12.465761993955546,-49.141834183519855,-49.14183418351986,7.105427357601002e-15,-0.024385192733547,-24.156665954042005,3.607234727754204,6.246292057369463,0.027482024786174654,0.4998728254813747,6.245134091539464
36,102,4.0,217848.43421262162,0.7011424638763778,12.466840460032447,-49.1662193762534,-49.16621937625341,7.105427357601002e-15,-0.19019495776047535,-24.184637644967324,3.6063381032062614,6.245395432821519,0.027445910514759607,0.4998867402030914,6.244365684321244
36,103,4.0,228457.06755550051,0.5186244937901054,12.468759706950996,-49.35641433401388,-49.35641433401388,0.0,0.20426996663563557,-24.379697386633087,3.605121907229939,6.244179236845198,0.027418402227395125,0.4999053001161679,6.243319911015958
36,104,4.0,217083.22662885985,0.7196620429500327,12.467951602582069,-49.15214436737824,-49.15214436737824,0.0,0.038718971487973874,-24.17495616588519,3.605239720758006,6.244297050373265,0.0274245409370318,0.49989653920878313,6.24335798424994
36,105,4.0,214992.0541473276,0.7487084201935323,12.465533454020951,-49.11342539589027,-49.113425395890275,7.105427357601002e-15,0.07067866631579989,-24.127631108594066,3.6073912422087893,6.246448571824049,0.02744495611283326,0.4998776569901424,6.245333913904583
36,106,4.0,211226.5815261922,0.8191184634298657,12.465466298251084,-49.04274672957447,-49.04274672957447,0.0,0.18992708466939234,-24.05794042747609,3.607144245909336,6.246201575524595,0.027469101407083002,0.4998713680682163,6.245030255820538
36,107,4.0,201431.55217596825,0.998302110315193,12.462780438805067,-48.852819644905075,-48.852819644905075,0.0,-0.09839689939191487,-23.860954787919315,3.6089088846311834,6.247966214246442,0.02749978600270263,0.4998489219770206,6.246586630663173
36,108,4.0,206448.06036181585,0.9006086081554038,12.462956288113098,-48.95121654429699,-48.95121654429699,0.0,-0.0016610777962924317,-23.958493812367433,3.6091233533671305,6.248180682982389,0.0275081722584937,0.4998473833480135,6.246786136266593
36,109,4.0,206533.8097374203,0.8954115435460829,12.46207229140984,-48.95287762209328,-48.952877622093276,7.105427357601002e-15,0.1012509962524959,-23.9565053120902,3.610035747885512,6.249093077500772,0.027477803232532492,0.4998481511830459,6.247701253863283
36,110,4.0,201371.4832138666,0.9936930108880604,12.461329909182211,-48.85162662584079,-48.85162662584079,0.0,-0.004068486860063558,-23.854264211213792,3.610283274041488,6.249340603656747,0.027494295763355405,0.499839596733329,6.247870864162134
36,111,4.0,201576.40672063612,0.9958495361166502,12.462886162204377,-48.85569511270085,-48.85569511270086,7.105427357601002e-15,-0.15942293317973366,-23.864394353884745,3.6087678600887663,6.247825189704026,0.027504653135866735,0.4998469467502061,6.246427228665702
36,112,4.0,209772.63054851096,0.8414367395944563,12.46413869636876,-49.015118045880584,-49.015118045880584,0.0,-0.03486893398515889,-24.025874554795937,3.6082535431559037,6.2473108727711635,0.027478813506970276,0.49986013071931523,6.2460349927480525
36,113,4.0,211609.2610882916,0.8138743453513937,12.465965331304286,-49.04998697986574,-49.04998697986575,7.105427357601002e-15,0.02053959261029803,-24.067141429202536,3.606654058050542,6.245711387665802,0.0274601767507806,0.4998756664181106,6.244580580345237
36,114,4.0,210525.45408516083,0.8345508132200704,12.46599955011888,-49.029447387255445,-49.02944738725545,7.105427357601002e-15,0.23096195504886907,-24.047013699637755,3.606551092289163,6.2456084219044214,0.027444763130037523,0.4998773588308325,6.244492975631842
36,115,4.0,198713.89547982818,1.0482139392763754,12.461674842870739,-48.798485432206576,-48.79848543220658,7.105427357601002e-15,-0.08877900492659307,-23.80335176412806,3.6097260874043697,6.248783417019629,0.027459980692443105,0.49984803778861486,6.247393480148214
36,116,4.0,203173.60900001554,0.9653759814691433,12.463160104650582,-48.88726443713317,-48.88726443713318,1.4210854715202004e-14,-0.019837168084755774,-23.89626846698993,3.6086916629205525,6.247748992535811,0.027445055781895277,0.49985863901614225,6.24645754068204
36,117,4.0,204183.70887793056,0.9523602976692028,12.46486547572178,-48.907101605217925,-48.90710160521792,7.105427357601002e-15,-0.07332902940321873,-23.92244082008736,3.6071078666673833,6.246165196282642,0.027450737042233043,0.499867608571257,6.2449598040570615
36,118,4.0,207961.37798030674,0.8849116060578591,12.466335560169751,-48.98043063462114,-48.98043063462114,0.0,-0.2182096442306971,-24.000268900076858,3.6059831040208117,6.245040433636071,0.02744632831262953,0.4998762486956795,6.243916227341749
36,119,4.0,219621.32004343026,0.6781556810844024,12.469198989984058,-49.19864027885184,-49.198640278851826,1.4210854715202004e-14,0.05270574588626431,-24.22590000877727,3.6041277379033834,6.243185067518641,0.02738874943305679,0.4999058827345546,6.242332387873934
36,120,4.0,216746.4753699055,0.731198576107939,12.469283277268378,-49.145934532965576,-49.145934532965576,0.0,0.044443474450709175,-24.174158199693597,3.603886753702736,6.242944083317996,0.027378973965850338,0.49990901457290077,6.242120201599243
36,121,4.0,214351.56317506582,0.7696960713504453,12.467796782466328,-49.10149105851487,-49.10149105851487,0.0,0.1134156568882716,-24.124528116533064,3.6051834058801924,6.244240735495451,0.027363780360892462,0.49990326752676406,6.2433628738494225
36,122,4.0,208359.21209805104,0.8768280894222791,12.466225872762216,-48.988075401626595,-48.98807540162659,7.105427357601002e-15,-0.10114838939270498,-24.006912867689998,3.606233303868888,6.245290633484148,0.02738106287829877,0.4998908953202733,6.244298430678997
36,123,4.0,213695.19318191055,0.7850798400770627,12.468575907774092,-49.0892237910193,-49.08922379101931,7.105427357601002e-15,0.007277866171584435,-24.11565412786279,3.6043350861738697,6.243392415789129,0.027382596703688762,0.49990359173581206,6.242518831774219
36,124,4.0,213306.7354276464,0.7945623445118164,12.469127067339885,-49.081945924847716,-49.08194592484772,7.105427357601002e-15,-0.12742434339315167,-24.11075696391445,3.603739910618059,6.242797240233316,0.027396186088168465,0.49990364767539336,6.241925025216335
36,125,4.0,220211.2445335398,0.6712264459474293,12.470149178547072,-49.20937026824087,-49.20937026824085,1.4210854715202004e-14,0.05005511294879028,-24.240082630185015,3.603264579898704,6.242321909513963,0.027366190090038784,0.4999169295828488,6.241570174729227
36,126,4.0,217472.7401088137,0.7186815663934254,12.469499180421376,-49.15931515529208,-49.15931515529208,0.0,-0.13140618292344897,-24.18827992332532,3.6037014783764323,6.242758807991692,0.027374058348692734,0.49991120752794527,6.241954592622724
36,127,4.0,224735.7023587454,0.5895528537557095,12.47006854799281,-49.290721338215526,-49.290721338215526,0.0,-0.03378510384745681,-24.319966617909348,3.603631350461285,6.242688680076545,0.027352300699218807,0.4999200503214978,6.241963815580727
36,128,4.0,226641.921011353,0.554088106129873,12.469648637048213,-49.32450644206298,-49.324506442062976,7.105427357601002e-15,-0.06036658216702051,-24.351775247573094,3.6041254690072138,6.243182798622472,0.027357687770059046,0.4999167823445125,6.242427037750322
36,129,4.0,230088.26060530765,0.49720068329835576,12.470518426882085,-49.384873024230004,-49.38487302422999,1.4210854715202004e-14,-0.014908655854021902,-24.414818318817993,3.603456346737743,6.242513676353001,0.02736234386440125,0.4999223717164024,6.241809864748909
36,130,4.0,230947.4374304899,0.4825236002749782,12.47057632008975,-49.399781680084025,-49.39978168008402,7.105427357601002e-15,-0.000725167271269811,-24.42988080277775,3.6034178897113103,6.242475219326569,0.027374513777531858,0.49992033135219915,6.241752888264701
36,131,4.0,230989.3101067139,0.4806956795101567,12.470300631716363,-49.400506847355295,-49.400506847355295,0.0,-0.0024630027198782045,-24.42928396937731,3.6037483898792386,6.2428057194944975,0.027337056197936263,0.4999258218908476,6.242132451101489
36,132,4.0,231131.5857301383,0.4849161914075666,12.471971510370683,-49.40296985007517,-49.402969850075166,7.105427357601002e-15,0.03526282412396142,-24.438561322609377,3.6020448022511897,6.241102131866448,0.02738272254564898,0.4999245817155247,6.240420568918703
36,133,4.0,229102.95267041496,0.5196397350445718,12.471836690248947,-49.36770702595121,-49.36770702595122,7.105427357601002e-15,0.21459760233489078,-24.403295012807035,3.6020456736707858,6.241103003286044,0.027393399149373002,0.49992065962958354,6.240386167412233
36,134,4.0,217135.6073279058,0.7272781675225778,12.470096897784723,-49.15310942361632,-49.153109423616314,7.105427357601002e-15,0.10966780175561297,-24.18505004566967,3.6029575148714033,6.242014844486661,0.027426501106721075,0.4999021827189261,6.241130210188378
36,135,4.0,211263.27964429272,0.8293427611299586,12.46819609574767,-49.04344162186071,-49.04344162186072,1.4210854715202004e-14,0.06759967204018835,-24.06992531214988,3.6043217478124485,6.243379077427707,0.02745510624142436,0.4998844508600179,6.242331774516107
36,136,4.0,207722.94746320226,0.8946812185971358,12.467630792104412,-48.97584194982052,-48.97584194982051,7.105427357601002e-15,-0.024214750820945596,-24.001314984477492,3.6045744117204954,6.243631741335754,0.027460931091985632,0.4998794863158492,6.242539237810205
36,137,4.0,208984.25123399208,0.8742626293726192,12.46857983250352,-49.000056700641466,-49.000056700641466,0.0,0.14265318093207213,-24.02890157537653,3.6037314517009746,6.242788781316234,0.027469497931643758,0.4998831289894962,6.241731038035463
36,138,4.0,201662.5187451251,1.0077208176621015,12.466281084342874,-48.85740351970939,-48.85740351970939,0.0,0.03165421803053192,-23.880114595629006,3.60526490140484,6.244322231020099,0.02750605932167506,0.49986197824581297,6.2430703992966174
36,139,4.0,200072.94927866728,1.037318018703455,12.46576683009558,-48.82574930167886,-48.82574930167887,7.105427357601002e-15,-0.06188174464513452,-23.847107259223975,3.6056031809984623,6.244660510613721,0.027510434256320066,0.49985753728199317,6.24336783137134
36,140,4.0,203192.23118148354,0.9776155819545348,12.466311657069634,-48.887631046323996,-48.887631046323996,0.0,-0.10557068952250148,-23.909857104933902,3.6053861557322655,6.244443485347524,0.02749038094792192,0.4998647380559897,6.243216738941478
36,141,4.0,208626.4130213863,0.8788027323849292,12.468001117057856,-48.9932017358465,-48.9932017358465,0.0,0.005789614854485592,-24.019979648681385,3.604248192176019,6.243305521791278,0.02746777595854099,0.49988056892533056,6.242224110349615
36,142,4.0,208324.6648048439,0.8852633382561571,12.468168864812045,-48.98741212099201,-48.98741212099202,7.105427357601002e-15,-0.017216573830680204,-24.014854725680205,3.604082019212694,6.243139348827953,0.027451105178230618,0.4998850808624849,6.242098911611234
36,143,4.0,209223.25649445673,0.8664775699553877,12.467776566194523,-49.00462869482269,-49.004628694822706,1.4210854715202004e-14,-0.0631555545381417,-24.03032105921532,3.6045195792865843,6.243576908901843,0.027453204469853172,0.49988154974493576,6.242503552819346
36,144,4.0,212552.87551344867,0.8045083085786688,12.468073139484876,-49.067784249360834,-49.067784249360834,0.0,-0.057531913158143766,-24.09350732250386,3.6045119020989844,6.243569231714244,0.027438639472348213,0.4998873224004682,6.242547852879652
36,145,4.0,215632.1101062134,0.7511300945811931,12.469111564275043,-49.12531616251898,-49.12531616251898,0.0,-0.15267314773429064,-24.154194258453423,3.6037231464011303,6.242780476016388,0.027433155212319496,0.4998939505086655,6.241820480282873
36,146,4.0,224021.50429880986,0.6077455246916308,12.471433708736226,-49.27798931025327,-49.277989310253275,7.105427357601002e-15,-0.12841455330031692,-24.31347937965668,3.6020701530338886,6.241127482649147,0.0274052977754642,0.4999152553286102,6.240362244620552
36,147,4.0,231330.0981749185,0.48264214241159153,12.472261501491294,-49.406403863553585,-49.406403863553585,0.0,-0.06659795433710514,-24.443314398857456,3.6017150365587733,6.240772366174033,0.027383057506199564,0.49992735451906956,6.240116728338306
36,148,4.0,235213.86767522938,0.4159839571298139,12.472246443755123,-49.47300181789069,-49.47300181789068,7.105427357601002e-15,-0.04699047584421834,-24.50920796189106,3.6018911343846503,6.240948463999907,0.02739334847833788,0.499925732092914,6.240278025640589
36,149,4.0,237993.36483815967,0.37023646416346556,12.472557189474594,-49.51999229373491,-49.51999229373491,0.0,-0.08919876543951233,-24.556988793570007,3.601693545425968,6.240750875041228,0.02739954622372966,0.4999261287546801,6.240084169755052
36,150,4.0,243360.1599606987,0.27764555126514834,12.471709152609893,-49.60919105917442,-49.60919105917443,7.105427357601002e-15,0.0630304141294431,-24.642044372577697,3.6027293420339213,6.24178667164918,0.02739458839365127,0.4999238774203763,6.241098605908513
36,151,4.0,239555.44238628942,0.3359936413063608,12.470538571587834,-49.54616064504498,-49.54616064504498,0.0,0.0332114515171682,-24.575357112715576,3.6036435534670948,6.242700883082354,0.027429987972582438,0.49990913632255213,6.241878282167376
36,152,4.0,237574.68077126596,0.3673457026874283,12.47007372405381,-49.51294919352781,-49.51294919352781,0.0,0.008919107031118756,-24.540717845271253,3.6040005074488803,6.24305783706414,0.02743398265284164,0.49990554741357823,6.242202032567105
36,153,4.0,237045.53243042057,0.38021444432086854,12.471061132704392,-49.50403008649669,-49.5040300864967,7.105427357601002e-15,0.04321309141490559,-24.535569778965595,3.6030577472675156,6.242115076882775,0.02741330353042308,0.4999149616773967,6.241345914247276
36,154,4.0,234498.44806114884,0.417329008759041,12.469536500960208,-49.460816995081785,-49.46081699508179,7.105427357601002e-15,0.037968734726590014,-24.487221361205396,3.60434157885384,6.243398908469099,0.027445055083234585,0.4998979774967794,6.2424745490239975
36,155,4.0,232283.07670899783,0.45663105769369855,12.469869829512225,-49.422848260355195,-49.4228482603552,7.105427357601002e-15,-0.01395119636038089,-24.450986615082993,3.603908081702794,6.242965411318052,0.027442022605547782,0.49989879856454594,6.2420492446724225
36,156,4.0,233094.64788848578,0.4441522350918573,12.470237922951858,-49.436799456715576,-49.436799456715576,0.0,-0.049550001761041074,-24.46597330343976,3.6036492087036955,6.242706538318955,0.02741831686096163,0.49990775157616896,6.241871645737773
36,157,4.0,236000.06622430147,0.3947460465634167,12.470273876260007,-49.48634945847662,-49.48634945847661,7.105427357601002e-15,-0.042592382470452606,-24.515008519387486,3.6037779051570245,6.242835234772284,0.027399035142224467,0.49991200288974,6.242038435204131
36,158,4.0,238526.4441818255,0.35642067971209535,12.471340630164795,-49.52894184094707,-49.528941840947084,1.4210854715202004e-14,-0.05402498199218542,-24.56119525358339,3.602879317225662,6.24193664684092,0.027385648800666833,0.49992127495499905,6.241224862281261
36,159,4.0,241769.8950109523,0.30984046594508513,12.473201822221087,-49.582966822939255,-49.58296682293926,7.105427357601002e-15,-0.062257665996583,-24.621942522768723,3.601198745427374,6.240256075042633,0.027386374621340262,0.499930476464613,6.239629034137401
36,160,4.0,245562.3393857602,0.25023897487897184,12.473865865953703,-49.64522448893584,-49.64522448893584,0.0,-0.011464724408568827,-24.686143074266287,3.60071302405213,6.239770353667389,0.02737976014132091,0.4999368450377631,6.2392010892283265
36,161,4.0,246267.17513323674,0.24087602406161598,12.474391309351505,-49.65668921334441,-49.65668921334441,0.0,0.02004921741721688,-24.69944563938038,3.6002535638757465,6.239310893491004,0.02736989115083346,0.4999429041130747,6.238796533845496
36,162,4.0,245035.89744605203,0.2613399397936599,12.474494983930212,-49.63663999592719,-49.63663999592719,0.0,0.06680219304505641,-24.679936132540174,3.6001186362314925,6.239175965846752,0.027366480654852476,0.4999446936383874,6.238677826490401
36,163,4.0,240977.64545454504,0.3255752826022442,12.473853271371095,-49.569837802882134,-49.569837802882134,0.0,-0.014720930976963587,-24.611335686651135,3.600568199442491,6.239625529057749,0.027374140838569882,0.49993923494783127,6.239078017372742
36,164,4.0,241866.13319399822,0.31155324520856226,12.474027994766914,-49.5845587338591,-49.58455873385909,7.105427357601002e-15,-0.0645387656558114,-24.6266572653878,3.6004180375025663,6.239475367117825,0.027377136816539107,0.49993841598646316,6.23892050383835
36,165,4.0,245800.22091645145,0.24817885604565282,12.474319088890143,-49.64909749951491,-49.649097499514916,7.105427357601002e-15,0.0849670581445423,-24.69164655071521,3.600305407584664,6.239362737199923,0.027371277969607435,0.49994404754954597,6.238858789166095
36,166,4.0,240634.05400319974,0.3309567481899814,12.473771797390087,-49.56413044137037,-49.56413044137037,0.0,0.07833333388312269,-24.60536869577546,3.600633106783467,6.2396904363987264,0.027366876954109134,0.499940492248782,6.239154244830179
36,167,4.0,235967.47975673142,0.40386557712909027,12.472415671154083,-49.485797107487244,-49.485797107487244,0.0,-0.04416927835745099,-24.52277681449118,3.6016977436337574,6.240755073249017,0.027383269723348935,0.49992725579324854,6.240098763301367
36,168,4.0,238587.5472696821,0.36332693960040374,12.473323331361275,-49.529966385844695,-49.529966385844695,0.0,0.0368996149905243,-24.569904333789072,3.600958183398647,6.240015513013907,0.027370341573634684,0.49993492860336985,6.23942893864588
36,169,4.0,236396.7207290975,0.4012431541735391,12.473577481256928,-49.49306677085417,-49.49306677085417,0.0,-0.11988180193450404,-24.534412454035138,3.600606249589499,6.239663579204758,0.027373959013040447,0.49993474946302535,6.239075575516453
36,170,4.0,243588.87464725343,0.2800625781605663,12.473252787737309,-49.612948572788675,-49.61294857278867,7.105427357601002e-15,-0.033067233212193514,-24.651798336306538,3.6012302295052767,6.240287559120534,0.027368359304308497,0.49993667549420145,6.239716511346976
36,171,4.0,245610.9236087133,0.24687119275458047,12.473221749688863,-49.64601580600087,-49.64601580600087,0.0,-0.06330914625482364,-24.684543605477536,3.6013107205155737,6.240368050130832,0.027377923879115515,0.49993436323405477,6.239776003894836
36,172,4.0,249529.20415965898,0.18570541931715814,12.473757592893213,-49.70932495225569,-49.70932495225569,0.0,0.03998893568222428,-24.749203220009086,3.600973103446393,6.240030433061652,0.0273555659008489,0.4999437196002172,6.2395230466307385
36,173,4.0,247047.03044460018,0.22781577141766135,12.474287946997784,-49.66933601657347,-49.669336016573475,7.105427357601002e-15,0.12049070491682556,-24.71154313870891,3.6003908898508814,6.239448219466141,0.02734245185324931,0.4999473210352964,6.238973623721315
36,174,4.0,239716.277978449,0.3468220930173206,12.473916851168495,-49.54884531165664,-49.548845311656656,1.4210854715202004e-14,-0.047709853780879996,-24.590914639348345,3.6004253384618172,6.239482668077075,0.027361286797393247,0.4999392398152115,6.23893518460862
36,175,4.0,242592.60466212634,0.30069635117048193,12.474312879152,-49.59655516543752,-49.59655516543752,0.0,-0.03596240474408319,-24.639762815510114,3.6001407578665936,6.239198087481853,0.02736501066595348,0.49993991678874394,6.238656855798437
36,176,4.0,244783.49196069612,0.26287373577143297,12.473847826488258,-49.632517570181605,-49.6325175701816,7.105427357601002e-15,0.014485214821760906,-24.67357794548165,3.6006775765597285,6.239734906174987,0.027352633447568355,0.4999390726418271,6.239185765451173
36,177,4.0,243898.659684391,0.2747679914578993,12.473200086704438,-49.618032355359844,-49.61803235535985,7.105427357601002e-15,-0.15199226753409079,-24.656655547621746,3.6012868723192666,6.240344201934526,0.027339505763119998,0.49993777487045976,6.239783008120509
36,178,4.0,253344.66572615918,0.12352788890092395,12.473388127948716,-49.770024622893935,-49.77002462289394,7.105427357601002e-15,0.12158025196565347,-24.808040592738703,3.601438677923549,6.240496007538807,0.027325807683144132,0.4999443904691357,6.239994450345577
36,179,4.0,245760.08940520047,0.24490551230513646,12.473337470808355,-49.64844437092828,-49.64844437092828,0.0,0.09008215652492879,-24.687314146198037,3.601225226567302,6.240282556182561,0.027336068191319236,0.4999405829750525,6.239746771992844
36,180,4.0,240287.2961256876,0.33523989614085686,12.473400527636052,-49.55836221440335,-49.55836221440335,0.0,-0.016444115044762952,-24.598393300660284,3.6009348988205097,6.239992228435768,0.02734268064750593,0.49993827959427317,6.239435852365129
36,181,4.0,241277.15739097458,0.3182696889488138,12.473269004599231,-49.574806329448116,-49.57480632944811,7.105427357601002e-15,0.03670484665073559,-24.614112516786545,3.6011161235501343,6.240173453165393,0.027334706914934684,0.49993977636167497,6.239630518520788
36,182,4.0,239073.27423894274,0.3557325840338653,12.473458516707815,-49.53810148279738,-49.538101482797394,1.4210854715202004e-14,0.1796804303288937,-24.578528925944795,3.600835809597887,6.239893139213145,0.027333998944804087,0.49993960229990125,6.239348779020203
36,183,4.0,228571.70856301155,0.5282452985493427,12.471666587754461,-49.358421052468486,-49.3584210524685,1.4210854715202004e-14,-0.08236572653584062,-24.394009621251648,3.6020455281889525,6.24110285780421,0.027333345193558217,0.4999276108752981,6.240449461367286
36,184,4.0,233327.1196079229,0.4464097228143788,12.471799125454677,-49.44078677900433,-49.44078677900433,0.0,-0.001711389964370369,-24.47575762441218,3.6021999590327796,6.241257288648037,0.0273100991260475,0.49993353674890373,6.240657188574949
36,185,4.0,233426.96938936724,0.4426938629579783,12.471298007981668,-49.4424981689687,-49.44249816896869,7.105427357601002e-15,0.07432630351295444,-24.475476569859193,3.602698070162116,6.241755399777375,0.027301631898704597,0.49993190464623843,6.241140013271029
36,186,4.0,229129.578243214,0.5192560848740372,12.471856987582443,-49.36817186545574,-49.368171865455736,7.105427357601002e-15,-0.11271640742759814,-24.404448907229636,3.6018734099412675,6.240930739556527,0.02733537212214545,0.499927701289634,6.240278317192681
36,187,4.0,235678.0760399186,0.409761376466132,12.472662412337366,-49.48088827288334,-49.480888272883334,7.105427357601002e-15,-0.18148317314324203,-24.518992987218162,3.6014164918010354,6.240473821416294,0.027335892818104397,0.4999327355511957,6.239867205521949
36,188,4.0,246617.26058050798,0.23169944394402975,12.473517722492653,-49.66237144602658,-49.66237144602658,0.0,0.08502934952822727,-24.701800409463864,3.6010854295254195,6.24014275914068,0.027317380324879913,0.49994530286698596,6.239649731896743
36,189,4.0,241430.1615501354,0.3148414282121838,12.473045881177633,-49.577342096498356,-49.57734209649835,7.105427357601002e-15,0.05490070426253624,-24.615826721557948,3.6013215141198436,6.240378843735103,0.02732541912809878,0.4999397173728442,6.239835301850232
36,190,4.0,238139.12675503033,0.3703007481503113,12.473185535096531,-49.52244139223582,-49.52244139223581,7.105427357601002e-15,-0.1359784878431185,-24.562189048142415,3.6010057564080924,6.240063086023352,0.027342326716378665,0.49993520983572737,6.239479104683919
36,191,4.0,246373.74978917843,0.2333785901259174,12.472949617551215,-49.65841988007894,-49.658419880078945,7.105427357601002e-15,-0.05284974395382136,-24.69568734564307,3.6016258039937084,6.240683133608968,0.02730783792344793,0.49994375386780826,6.240175847096053
36,192,4.0,249650.54675392935,0.17874152577510835,12.472502787451965,-49.71126962403276,-49.71126962403275,7.105427357601002e-15,-0.05065508206445912,-24.746200498687294,3.602209951721106,6.2412672813363645,0.02728153319793941,0.4999470761347294,6.240789511751678
36,193,4.0,252832.16712247374,0.12820991946802363,12.47253365639131,-49.76192470609722,-49.76192470609721,7.105427357601002e-15,0.08675275151983897,-24.796544351903748,3.602287758933109,6.241345088548369,0.027276527855799093,0.4999492396474849,6.240886854525269
36,194,4.0,247407.73129752473,0.21463996730519802,12.472452980470642,-49.67517195457738,-49.67517195457737,7.105427357601002e-15,-0.14244528545818014,-24.710402244157518,3.6021350979897053,6.241192427604965,0.027297229748565053,0.49994106775311264,6.240660463409069
36,195,4.0,256377.0034846733,0.0683084195147961,12.471481414887588,-49.81761724003556,-49.81761724003556,0.0,0.00018666373502185252,-24.84797010485836,3.603354454179042,6.2424117837943,0.027288128269590366,0.4999402084859682,6.241871058560448
36,196,4.0,256365.03969156544,0.06717548568746551,12.471151515497,-49.81743057630054,-49.81743057630054,0.0,0.10901721093063799,-24.846640906406247,3.603640087858312,6.242697417473572,0.02729478417181289,0.4999356302283481,6.242115035205139
36,197,4.0,249472.34375152178,0.17806322779492084,12.471619148291207,-49.7084133653699,-49.70841336536991,7.105427357601002e-15,0.07491097626395771,-24.740301055684395,3.602970747806118,6.242028077421375,0.027306566057980375,0.4999343474270126,6.241434762142364
36,198,4.0,244843.76623410932,0.24589429888312153,12.469849171997264,-49.63350238910594,-49.633502389105935,7.105427357601002e-15,-0.1123621315501353,-24.659269827110283,3.6045008108836547,6.243558140498913,0.027303019342261838,0.49992242323424085,6.242855263591665
36,199,4.0,251819.0694281886,0.13734358134591348,12.470802025500497,-49.74586452065608,-49.74586452065607,7.105427357601002e-15,0.0301811493332238,-24.774292459016163,3.6038356857947194,6.242893015409979,0.027292637962881106,0.4999316146542408,6.242274032747718
36,200,4.0,249926.1723997583,0.1642867545144619,12.469992531459328,-49.715683371322854,-49.71568337132285,7.105427357601002e-15,-0.08313027470635603,-24.74100652124992,3.604611882902975,6.243669212518234,0.027259709956074334,0.49993290686054076,6.243060737438346
36,201,4.0,255174.62954628907,0.08210895391086967,12.47023064998502,-49.79881364602921,-49.79881364602921,0.0,0.0525704565307592,-24.82451133337253,3.604518248548911,6.24357557816417,0.02726936151622467,0.49993406010301766,6.242977820454925
36,202,4.0,251842.90956548738,0.1342542571398552,12.470124361659575,-49.74624318949845,-49.74624318949844,7.105427357601002e-15,-0.05080711026590734,-24.772058160956316,3.604488927520273,6.243546257135533,0.027284388841782848,0.49992899965293625,6.24290281810954
36,203,4.0,255062.16403009224,0.08309869382763846,12.470037248397997,-49.79705029976436,-49.79705029976435,7.105427357601002e-15,0.03991914528261731,-24.82228299222989,3.6046344972683557,6.243691826883615,0.027296403320452533,0.49992635004490904,6.243024348388063
36,204,4.0,252529.35758956507,0.12514817339272277,12.470569831968614,-49.75713115448174,-49.75713115448173,7.105427357601002e-15,0.0738537569825155,-24.7847531556606,3.6040371700900273,6.243094499705286,0.02730636359685145,0.4999270603334447,6.2424342881671055
36,205,4.0,247909.57689702607,0.20051477071254276,12.47094804205294,-49.683277397499225,-49.68327739749922,7.105427357601002e-15,0.10349494143441973,-24.71316374952877,3.6034710823773546,6.242528411992612,0.027330840802830415,0.49992156887752,6.241819104744992
36,206,4.0,241577.50059168745,0.30310540086688975,12.470721964232926,-49.579782456064805,-49.57978245606481,7.105427357601002e-15,-0.08724777489025115,-24.60981202105294,3.6034352791377073,6.242492608752967,0.027335886395570608,0.49991655289295844,6.241737814848475
36,207,4.0,246904.66210993216,0.21403160152011289,12.47026545811879,-49.667030230955056,-49.66703023095505,7.105427357601002e-15,0.1101029809715044,-24.69476589161554,3.6040087552196205,6.243066084834879,0.02736287409930581,0.4999082103439645,6.242235036038818
36,208,4.0,240201.11065562972,0.32660407282686965,12.470882830702607,-49.55692724998355,-49.55692724998356,7.105427357601002e-15,0.034551342273800856,-24.588019986735798,3.603169486196679,6.242226815811937,0.027356036456966777,0.49991206129225263,6.241431633790468
36,209,4.0,238135.2281799789,0.3593596101294926,12.470433879459812,-49.52237590770975,-49.52237590770975,0.0,-0.010663496433991781,-24.552133644607597,3.6035032361602792,6.2425605657755385,0.02735346035437977,0.49990858447962394,6.24173331810672
36,210,4.0,238770.91367137307,0.3511274932835697,12.47104172435683,-49.53303940414374,-49.53303940414375,7.105427357601002e-15,-0.0005416941895717287,-24.565083939948675,3.602931536433508,6.241988866048767,0.027362459310319998,0.49991107419090325,6.241185177814986
36,211,4.0,238803.25106508966,0.34897730375243496,12.470639600521437,-49.533581098333315,-49.533581098333315,0.0,-0.1869754711755931,-24.563946340023527,3.603351359962187,6.242408689577447,0.027341397090066232,0.49991263433676536,6.241618395933458
36,212,4.0,250230.8428945334,0.16151858427602017,12.470518788446233,-49.72055656950891,-49.720556569508915,7.105427357601002e-15,-0.1998454867368693,-24.74859662486752,3.6039326565450898,6.242989986160348,0.027323523487499703,0.49991914062394127,6.242258101593069
36,213,4.0,263050.2911708616,-0.03545207482375899,12.471237495355506,-49.92040205624578,-49.920402056245784,7.105427357601002e-15,0.042799561381002604,-24.94962648832078,3.6036365623659896,6.242693891981249,0.02730084205594121,0.49993305939668525,6.242088330221714
36,214,4.0,260250.68634234893,0.010736351779193744,12.472084711660994,-49.877602494864774,-49.87760249486478,7.105427357601002e-15,0.052993074319196865,-24.91031429669713,3.6027647199266526,6.24182204954191,0.027305020680176692,0.49993729322635044,6.241255605660713
36,215,4.0,256825.5539854595,0.06365101549088066,12.472065109009113,-49.82460942054558,-49.82460942054557,7.105427357601002e-15,0.0008149553184324532,-24.857662336490684,3.6026794413984646,6.241736771013724,0.027314052955777678,0.4999342698040865,6.2411430705645285
36,216,4.0,256773.2339776665,0.06430804130491113,12.472025626633016,-49.823794465227145,-49.82379446522715,7.105427357601002e-15,-0.018975882077782558,-24.856630696473815,3.6027336125730725,6.241790942188332,0.027305446143699327,0.49993645765366934,6.24121698080386
36,217,4.0,257994.25257801713,0.0432312524763209,12.471500399945311,-49.84277034730493,-49.84277034730493,0.0,0.08813716590559295,-24.873380105728426,3.603290230778866,6.2423475603941245,0.027294033520828778,0.49993675678226507,6.241775757641764
36,218,4.0,252371.70393706765,0.13150534908446915,12.471534632620951,-49.754633181399335,-49.754633181399335,0.0,0.045109341908400324,-24.78603363217655,3.6030925576904385,6.242149887305696,0.027295083401483886,0.49993473973963715,6.241560066079566
36,219,4.0,249541.6115114962,0.17183237113395633,12.470339052656223,-49.709523839490934,-49.709523839490934,0.0,0.0963609829558294,-24.736472100486132,3.6042056051359426,6.243262934751201,0.027263575901572665,0.4999335658937053,6.242661188565729
36,220,4.0,243601.92428095298,0.27206504985193636,12.471306976596761,-49.613162856535105,-49.613162856535105,0.0,0.06056445085514639,-24.644874923003417,3.6030146537676617,6.242071983382921,0.02728243782799822,0.49993356241952325,6.241471525826754
36,221,4.0,239941.30296197362,0.3270608495224155,12.469914813800592,-49.55259840567996,-49.55259840567995,7.105427357601002e-15,-0.012270739594562485,-24.579460301361532,3.604227196464348,6.243284526079607,0.02726373745135013,0.49992750574530137,6.242627987346002
36,222,4.0,240678.4974356817,0.315749767762317,12.47015472825921,-49.56486914527452,-49.56486914527452,0.0,-0.007474646677572139,-24.592735273439505,3.6039761383434956,6.243033467958755,0.027281720336797138,0.4999245080699225,6.242350028850303
36,223,4.0,241128.66459254763,0.3131983815578485,12.471385543377487,-49.57234379195209,-49.5723437919521,7.105427357601002e-15,-0.012588100333182695,-24.605175349876543,3.6027347809036288,6.241792110518888,0.02731917308215051,0.4999234340595498,6.241100454235162
36,224,4.0,241888.69784290757,0.30279707627844366,12.471932242140927,-49.584931892285276,-49.58493189228526,1.4210854715202004e-14,0.04034626925479046,-24.619626174701164,3.602269099780769,6.241326429396027,0.02730508312393601,0.4999293786338016,6.2406888650474475
36,225,4.0,239461.13468073445,0.34537920927995636,12.472491208077612,-49.544585623030486,-49.54458562303049,7.105427357601002e-15,0.035626308881447244,-24.58188345324796,3.601618212830373,6.240675542445631,0.0273122911375702,0.499931522293347,6.240057894120267
36,226,4.0,237337.82533904753,0.38058615623730685,12.472386367596586,-49.50895931414904,-49.50895931414904,0.0,-0.055396600138358565,-24.546309996022973,3.6016049999162587,6.240662329531517,0.027320151929259275,0.4999291613254462,6.2400233775358975
36,227,4.0,240647.61850102257,0.3217749272515503,12.471532710384738,-49.5643559142874,-49.5643559142874,0.0,-0.014740352641354093,-24.597573113225447,3.602638370650228,6.2416957002654865,0.02728382492583507,0.49993267535492364,6.24108754478842
36,228,4.0,241536.0621820069,0.30775875787134027,12.471713756200023,-49.57909626692875,-49.57909626692875,0.0,-0.2037873526560645,-24.612903324057374,3.602490906102585,6.241548235717844,0.02728948301896386,0.4999328902263926,6.2409421946430195
36,229,4.0,254160.41579410544,0.10440402976082176,12.471821912336411,-49.782883619584815,-49.78288361958482,7.105427357601002e-15,-0.06686267611038232,-24.81521021850282,3.60286102065524,6.2419183502705,0.027276926085090893,0.4999396444683581,6.241373055306487
36,230,4.0,258444.58379753813,0.037505801411307514,12.471813024276628,-49.8497462956952,-49.849746295695205,7.105427357601002e-15,0.15467216667527595,-24.881503889879355,3.603003271838702,6.242060601453963,0.02727137145616688,0.49994291407760183,6.241544773717247
36,231,4.0,248641.7867567228,0.1902907419699954,12.471341217747478,-49.69507412901992,-49.695074129019915,7.105427357601002e-15,0.15864111935665903,-24.726371812806455,3.6031182494381078,6.2421755790533675,0.027285821666766123,0.4999341912185639,6.241580892302911
36,232,4.0,238973.5732001629,0.3498538345615477,12.471571711056203,-49.53643300966326,-49.53643300966326,0.0,-0.11787752198974033,-24.570414176559126,3.602447378660775,6.241504708276034,0.027317473103858316,0.4999261771396048,6.240838255144121
36,233,4.0,246120.770863525,0.2326855853069427,12.471749029239987,-49.654310531653,-49.654310531653,0.0,-0.15223185840804376,-24.68789812769733,3.6025457713736593,6.241603100988918,0.027328013762168906,0.4999262166849551,6.240936976686915
36,234,4.0,255668.15102919607,0.08081190855776368,12.471838574654702,-49.80654239006105,-49.80654239006105,0.0,0.032081440184171583,-24.839118208475014,3.60279871578125,6.241856045396509,0.027316067624468098,0.49993281701628894,6.241249237541581
36,235,4.0,253625.80154277862,0.11129303134964358,12.471438495306629,-49.774460949876875,-49.77446094987687,7.105427357601002e-15,0.021637164593016678,-24.805724708644796,3.603126730692761,6.24218406030802,0.027307076553418932,0.4999305665230424,6.241556569025866
36,236,4.0,252257.56965808896,0.13472904073207234,12.471888206503985,-49.75282378528386,-49.752823785283866,7.105427357601002e-15,-0.13228954981955354,-24.785938148043613,3.6026640796948035,6.2417214093100615,0.027303205317718134,0.4999338498192202,6.2411240285323215
36,237,4.0,260739.820756717,0.004600863686747023,12.472428549697536,-49.88511333510341,-49.8851133351034,1.4210854715202004e-14,-0.10506330080318094,-24.9192303837039,3.602413408234619,6.241470737849876,0.02728852553159012,0.4999432489591929,6.24095837650095
36,238,4.0,267679.10133443394,-0.10234419100103576,12.471958111226389,-49.99017663590659,-49.99017663590659,0.0,-0.06274718576855065,-25.021660383699565,3.6030717334364977,6.242129063051756,0.027254411712274183,0.49994913080116216,6.241669357226487
36,239,4.0,271911.23644480726,-0.16211806273995144,12.472701439733799,-50.052923821675144,-50.052923821675144,0.0,-0.034305224776176146,-25.087036163199482,3.602414585003656,6.241471914618915,0.027271208067334848,0.499952908179108,6.241046812998502
36,240,4.0,274253.2590624801,-0.19714575437454732,12.472520823019192,-50.08722904645132,-50.08722904645131,7.105427357601002e-15,0.04984029469325435,-25.12049756440027,3.602625540897503,6.241682870512762,0.02727368578526543,0.4999533121518566,6.241261258312081
36,241,4.0,270857.24448214605,-0.14944775176749597,12.471985249997644,-50.037388751758066,-50.03738875175807,7.105427357601002e-15,-0.22412922110147804,-25.06877897170818,3.603095115397212,6.242152445012471,0.027264807124834207,0.49995066000578614,6.241706462036476
36,242,4.0,286467.2486414689,-0.37447869195520944,12.471759820226083,-50.261517972859544,-50.261517972859544,0.0,-0.1558341995023511,-25.29151144298766,3.603444302852712,6.24250163246797,0.0272900316822413,0.4999512890955351,6.2420611729781665
36,243,4.0,297847.84358382615,-0.5304323685608306,12.471729950950264,-50.417352172361895,-50.41735217236189,7.105427357601002e-15,-0.0016469689894691442,-25.44750187341562,3.603405245121311,6.24246257473657,0.027343306593269924,0.49994563160787664,6.24197103075623
36,244,4.0,297970.5053751046,-0.5336889101346862,12.471327557804173,-50.418999141351364,-50.41899914135138,1.4210854715202004e-14,0.033139735987049335,-25.447729352003456,3.603760117721719,6.2428174473369795,0.027354372297907832,0.49994110334113384,6.242284620303885
36,245,4.0,295512.03758920595,-0.5016870070572104,12.471043099576775,-50.385859405364315,-50.385859405364315,0.0,-0.056417141581356134,-25.41320223842423,3.604106962119763,6.243164291735021,0.027312403632351358,0.49994655090999673,6.242680484960917
36,246,4.0,299709.5556168017,-0.5617201243684616,12.470139105644302,-50.44227654694567,-50.44227654694567,0.0,0.3074053281985769,-25.466008795286445,3.605009608299548,6.244066937914807,0.027288068366658164,0.4999485691827845,6.243600583712172
36,247,4.0,277539.29470563825,-0.24727792239836965,12.471898324087181,-50.134871218747094,-50.134871218747094,0.0,-0.3020094060745677,-25.165573530987725,3.6032670923245838,6.242324421939842,0.027262223165068166,0.4999528718028886,6.241898417320387
36,248,4.0,299305.52583674225,-0.5558886878606475,12.470247984240254,-50.43688062482166,-50.43688062482166,0.0,0.025574873555449074,-25.460943551731408,3.604926938657305,6.2439842682725635,0.02727732287624391,0.49995075486331253,6.243537836257633
36,249,4.0,297397.9553250356,-0.5252246092442423,12.471520285505493,-50.41130575126621,-50.41130575126621,0.0,0.039838328857321414,-25.440407446315586,3.6036672466223973,6.242724576237657,0.027309422381691102,0.4999507116220874,6.242278942974574
36,250,4.0,294450.697031553,-0.4823072605654931,12.472290040460846,-50.37146742240889,-50.37146742240888,1.4210854715202004e-14,-0.023175273697155774,-25.40366075749475,3.6028943366132764,6.241951666228536,0.02733137382861349,0.4999496145557141,6.241496665987502
36,251,4.0,296161.64257282927,-0.5095500522525975,12.47127316096336,-50.39464269610605,-50.39464269610604,7.105427357601002e-15,0.085711984742737,-25.422809507357353,3.6039009675719127,6.2429582971871715,0.02730507867044007,0.4999491690983597,6.2424984764656335
36,252,4.0,289883.001612093,-0.4240724233236117,12.471214572009924,-50.30893071136331,-50.30893071136331,0.0,-0.06444453905204028,-25.336872688000827,3.6039571762253613,6.24301450584062,0.027295484195043226,0.49994760001817135,6.242540446679162
36,253,4.0,294591.17085045535,-0.48589128895140565,12.47187099036599,-50.37337525041535,-50.373375250415364,1.4210854715202004e-14,0.02475797332475338,-25.403861927472743,3.603321001120393,6.242378330735652,0.02730885663403669,0.4999506342892389,6.241932337748594
36,254,4.0,292773.4320073743,-0.45712627751182777,12.472872749894693,-50.3486172770906,-50.3486172770906,0.0,-0.03831903345643184,-25.38311989478376,3.6023170159614497,6.241374345576708,0.02733545418819884,0.49995010924062455,6.240924336291038
36,255,4.0,295591.6079111456,-0.49784056450057157,12.472273936511614,-50.38693631054703,-50.38693631054703,0.0,0.12195697175751263,-25.419023531788145,3.602920865074462,6.241978194689722,0.027311820701632357,0.4999515322865286,6.241540680890952
36,256,4.0,286715.247921651,-0.3750675862885421,12.472477938125243,-50.264979338789516,-50.264979338789516,0.0,0.06730145843419422,-25.297842290812234,3.6027269323790634,6.241784261994323,0.027291414574427006,0.49995230821796655,6.241353796440095
36,257,4.0,281931.5162045425,-0.3091821318895291,12.472123937116448,-50.19767788035532,-50.19767788035532,0.0,0.030710927066330385,-25.229329452482713,3.603029777352892,6.242087106968152,0.027289049362923763,0.4999482524345307,6.241619824586289
36,258,4.0,279775.21000927105,-0.2817216763755892,12.47131131922835,-50.16696695328899,-50.16696695328899,0.0,0.20526298016711308,-25.195627180232382,3.603777613648895,6.242834943264155,0.02729798853908566,0.49994205613450304,6.242310999002302
36,259,4.0,265780.4824961133,-0.07859135650344169,12.470778154154607,-49.96170397312188,-49.96170397312187,7.105427357601002e-15,-0.056247532709818415,-24.989366202362593,3.604027113074562,6.243084442689821,0.027322577223776998,0.49992835919173706,6.24243609942806
36,260,4.0,269544.25745425024,-0.13799878922323894,12.469988179152113,-50.0179515058317,-50.01795150583169,7.105427357601002e-15,-0.09508084107924475,-25.042310154808288,3.604853008140592,6.243910337755851,0.027321486285597326,0.4999247177709642,6.243228034040127
36,261,4.0,276028.137434021,-0.22885325996571176,12.471044771736306,-50.11303234691094,-50.113032346910934,7.105427357601002e-15,-0.01476702365154381,-25.141078950484665,3.60393101949131,6.242988349106569,0.027321471011738024,0.49993259642298676,6.242378720072205
36,262,4.0,277049.0492616482,-0.2432363188156153,12.471140762936717,-50.127799370562485,-50.127799370562485,0.0,-0.1371007042211474,-25.15601771155001,3.60388808513786,6.242945414753118,0.027300247068538987,0.4999377699833508,6.242382414492202
36,263,4.0,286709.56642816856,-0.3803292682816124,12.471142701625505,-50.26490007478363,-50.26490007478363,0.0,-0.06917456654368692,-25.292854916433374,3.603953959972304,6.243011289587562,0.027307097533734535,0.49993945587216715,6.242463725137875
36,264,4.0,291710.9402608074,-0.44997387764121227,12.471025190921527,-50.33407464132732,-50.33407464132732,0.0,0.03971303473324639,-25.36166744669793,3.604044469042088,6.243101798657347,0.02732713370645927,0.4999360060002883,6.242523099766801
36,265,4.0,288829.0881438499,-0.4182147171502598,12.469036722360954,-50.29436160659407,-50.29436160659407,0.0,0.0929501217257922,-25.314199088568785,3.605983299891065,6.245040629506322,0.02729162999223151,0.49992929696663274,6.244398292544383
36,266,4.0,282194.79425275285,-0.3229019643424194,12.469627380131463,-50.20141148486828,-50.201411484868274,7.105427357601002e-15,-0.04287916252884827,-25.223523940586006,3.605414556455308,6.244471886070569,0.027262219394063553,0.4999350616784475,6.243882420330194
36,267,4.0,285236.13551109564,-0.37108476906439314,12.468301469583185,-50.24429064739713,-50.244290647397136,7.105427357601002e-15,0.001285182214800784,-25.261308212749874,3.6066882790465526,6.245745608661813,0.02726218372781877,0.49992722913809884,6.245082866329206
36,268,4.0,285144.5051300062,-0.3690016518396888,12.46850095333566,-50.24300546518233,-50.24300546518233,0.0,0.02261423094012116,-25.260760627381558,3.606503879834933,6.245561209450193,0.02725942888782892,0.49992908982371703,6.244915538021693
36,269,4.0,283536.972628089,-0.3434590406373248,12.469233048401223,-50.22039123424221,-50.22039123424222,1.4210854715202004e-14,-0.03645908559535371,-25.241018636861035,3.6057858197300354,6.244843149345294,0.02725887402795467,0.49993275266220416,6.244232355523525
36,270,4.0,286133.16117522033,-0.38141507627182664,12.468858810891433,-50.25685031983756,-50.25685031983756,0.0,0.07670450703838583,-25.275922339668266,3.606174665427065,6.245231995042324,0.027250595918730334,0.49993380006802474,6.244630166892213
36,271,4.0,280698.5097255007,-0.300470637268273,12.469918793882725,-50.180145812799175,-50.180145812799175,0.0,-0.016180807205181225,-25.203564512574268,3.605087995440968,6.244145325056228,0.027264497313763843,0.4999340447518233,6.2435471934101985
36,272,4.0,281836.2915697238,-0.32618419591354275,12.467535606022704,-50.196326620004356,-50.196326620004356,0.0,-0.041609640471982345,-25.21050891364065,3.6073970969756695,6.246454426590928,0.02724875487536356,0.49992351929304374,6.24575736911208
36,273,4.0,284783.37004497566,-0.3719335723264933,12.46650067203746,-50.23793626047634,-50.23793626047633,7.105427357601002e-15,0.0771607166393693,-25.248247531249827,3.6083648526913654,6.247422182306624,0.027264590688823063,0.49991447665650696,6.24664148489993
36,274,4.0,279342.4942657844,-0.2901046154548248,12.467667732095537,-50.16077554383697,-50.16077554383697,0.0,-0.08235083992156689,-25.175778516452716,3.6071919272308044,6.246249256846062,0.027273674477960468,0.4999168769419079,6.24549250561429
36,275,4.0,285153.12507718825,-0.37103818008419487,12.468022050918584,-50.243126383758536,-50.24312638375853,7.105427357601002e-15,0.003026405621056938,-25.25962200433423,3.606818765240817,6.245876094856075,0.0273196180280311,0.49991281679008914,6.245083918556991
36,276,4.0,284937.4594187975,-0.36629550476766987,12.468451118342452,-50.24009997813748,-50.24009997813748,0.0,0.08760782155059843,-25.258569418560644,3.6063253102789496,6.245382639894209,0.027360557548099792,0.499905989747072,6.244529630945445
36,277,4.0,278764.6173057767,-0.27782910162147767,12.46866576374135,-50.15249215658688,-50.15249215658688,0.0,-0.018575631077276,-25.172148534829546,3.6060285758240758,6.245085905439336,0.02737030358286427,0.49990110728155257,6.244189178737258
36,278,4.0,280062.1850384001,-0.2974422293749446,12.468406389572303,-50.17106778766416,-50.17106778766416,0.0,-0.029470346429718575,-25.189748962173088,3.6062723767575093,6.24532970637277,0.02737077710456951,0.49989849599646086,6.24440851416706
36,279,4.0,282133.1872180432,-0.3246360200102135,12.468975528520915,-50.200538134093875,-50.20053813409387,7.105427357601002e-15,-0.04419319351460871,-25.221339027644625,3.605742446997055,6.244799776612314,0.027371457362537988,0.4999022292495389,6.243912974328429
36,280,4.0,285267.56172229827,-0.36548295419929083,12.469812093352298,-50.244731327608484,-50.244731327608484,0.0,0.027023243286535603,-25.268828432376324,3.6049183941927834,6.243975723808042,0.027392828165885882,0.4999034560686397,6.243101422808642
36,281,4.0,283346.8433520128,-0.343474642407254,12.468558360478674,-50.21770808432195,-50.21770808432195,0.0,0.11424368776937399,-25.237021845322243,3.6061142301346663,6.245171559749926,0.027378612015843188,0.4998967043872363,6.244233994665343
36,282,4.0,275368.6705875908,-0.22462335676854583,12.469710259946005,-50.103464396552575,-50.10346439655257,7.105427357601002e-15,0.1438760924753879,-25.127430855557375,3.604951055633542,6.244008385248803,0.027363005228559566,0.4999033980800078,6.243133184032516
36,283,4.0,265639.9437811909,-0.07858376572114906,12.47025113458901,-49.95958830407719,-49.95958830407719,0.0,0.13763345330441012,-24.98620110167881,3.604289470984335,6.2433468005995945,0.027350893447119624,0.4999051560529647,6.242488314722066
36,284,4.0,256655.17019054844,0.05859225267654908,12.470136775862331,-49.82195485077278,-49.82195485077278,0.0,-0.07506743071871114,-24.849228294359314,3.6041243094881046,6.243181639103365,0.027369014979641344,0.4998961607784582,6.242242132066104
36,285,4.0,261517.26163182134,-0.0116724413185431,12.471337460043237,-49.89702228149149,-49.897022281491495,7.105427357601002e-15,0.10019626277628646,-24.92804065314589,3.6031880774711427,6.242245407086401,0.027330612286398766,0.4999147415250427,6.241475178609666
36,286,4.0,255047.86302858955,0.08568777931366307,12.470628449507219,-49.7968260187152,-49.79682601871521,7.105427357601002e-15,0.09170536398175244,-24.825749106838412,3.6037118983539402,6.242769227969199,0.027312442069408232,0.49991141931744637,6.241968246389134
36,287,4.0,249267.0681922977,0.17914615166022135,12.471066701598417,-49.70512065473345,-49.70512065473345,0.0,0.04383008048844772,-24.736436034230362,3.6031138255105115,6.242171155125772,0.027308268227642873,0.49991459192917853,6.2413996596628305
36,288,4.0,246550.62917396144,0.2270777201178471,12.472092073590716,-49.661290574245,-49.661290574245015,1.4210854715202004e-14,0.11435230445238176,-24.697190937711916,3.6019675795180146,6.241024909133273,0.027339640864879014,0.49991331783015397,6.240243052680556
36,289,4.0,239602.01797354154,0.33687382472774763,12.47095302363009,-49.54693826979262,-49.54693826979261,7.105427357601002e-15,0.00017972413250078034,-24.57970109710302,3.602751963557139,6.241809293172399,0.027337074293710947,0.4999039188565743,6.240941764379124
36,290,4.0,239591.25264918548,0.33633136691655713,12.470772478144166,-49.54675854566012,-49.546758545660104,1.4210854715202004e-14,0.10775564856866282,-24.579043846953986,3.602871345061274,6.241928674676534,0.027356679093750957,0.4998973535822734,6.241001600714084
36,291,4.0,233223.08580053799,0.4454664506229742,12.471117336928604,-49.439002897091456,-49.43900289709144,1.4210854715202004e-14,0.010508561155837981,-24.473785216002312,3.6022470906570265,6.241304420272285,0.027347127033347702,0.4999007426787202,6.240408607825267
36,292,4.0,232611.18016842613,0.4501247050728949,12.469654760252126,-49.42849433593562,-49.42849433593561,7.105427357601002e-15,0.08980480714620143,-24.457795342897263,3.6036174186443293,6.242674748259588,0.027345750827726327,0.4998928359484195,6.2417058587506835
36,293,4.0,227446.96792956907,0.5409133314806918,12.469900715067524,-49.338689528789416,-49.3386895287894,1.4210854715202004e-14,-0.17371251608614102,-24.370252428468103,3.6030519454650713,6.24210927508033,0.02735744506046364,0.4998897665271852,6.241113295378922
36,294,4.0,237542.18582716357,0.3750568301261993,12.47186471875044,-49.51240204487556,-49.512402044875564,7.105427357601002e-15,0.06928636980348557,-24.54930413797303,3.601717147110371,6.240774476725629,0.02735647090387786,0.499904843461103,6.239916235642825
36,295,4.0,233463.00781561172,0.44451994397336986,12.47190890476136,-49.44311567507207,-49.44311567507207,0.0,0.04688636097456822,-24.48116034335147,3.6014315033148923,6.2404888329301516,0.027372185277227942,0.4999007607202387,6.239593957023929
36,296,4.0,230742.42602305746,0.4882046120145732,12.47110848152802,-49.3962293140975,-49.39622931409751,7.105427357601002e-15,0.03689322409343987,-24.431895312242055,3.602026170848603,6.241083500463863,0.02738107656314918,0.49989263470568734,6.240114706564419
36,297,4.0,228624.00246737085,0.5251179935609105,12.471113520891244,-49.359336090004064,-49.359336090004064,0.0,0.007448837845494438,-24.395570963995606,3.6018839518868555,6.240941281502114,0.027384382700742404,0.49989159560408747,6.2399631564572084
36,298,4.0,228198.6528548353,0.5246884371114646,12.469143922317507,-49.35188725215857,-49.35188725215856,7.105427357601002e-15,-0.1861838147655277,-24.38049240939524,3.6037913810755717,6.24284871069083,0.027358240561864675,0.4998841446993105,6.241801042862228
36,299,4.0,239071.4563402508,0.3381487485775583,12.469054953875416,-49.5380710669241,-49.538071066924104,7.105427357601002e-15,0.03447705873278295,-24.56407237249372,3.604442343992336,6.2434996736075945,0.02735207196812313,0.499886346217866,6.242470904594659
36,300,4.0,237019.69123552422,0.37135056820509976,12.468736144099104,-49.503594008191314,-49.503594008191314,0.0,0.06809110417934505,-24.52882674968958,3.6046344850101733,6.243691814625433,0.027359023503027328,0.49988315538805733,6.242633974119285
36,301,4.0,233019.10525829336,0.437453132367872,12.468239009094958,-49.43550290401197,-49.43550290401196,7.105427357601002e-15,-0.06100314288928388,-24.459956642130862,3.6048292358550182,6.243886565470277,0.02739301064660758,0.4998702367786171,6.242711199040202
36,302,4.0,236600.0665316665,0.3790586072530859,12.468891163538586,-49.49650604690125,-49.49650604690126,7.105427357601002e-15,0.09691976030345728,-24.522507133933818,3.6044423986265985,6.243499728241856,0.027367823431488917,0.4998819749637434,6.242431501136049
36,303,4.0,230936.15629979045,0.4714504600212081,12.467759186654751,-49.399586286597795,-49.399586286597795,0.0,0.03184983247817286,-24.42262918850671,3.6051819449075118,6.244239274522771,0.027392282328604134,0.4998687338652975,6.243049834066909
36,304,4.0,229104.63819668404,0.500385240473722,12.467030423648335,-49.36773645411962,-49.36773645411962,0.0,0.01902750871531822,-24.38832697235447,3.6057950408260298,6.244852370441289,0.027384863065691448,0.49986665893885823,6.243642519127472
36,305,4.0,228017.40354268948,0.5189213905459158,12.466907583987556,-49.348708945404304,-49.34870894540431,7.105427357601002e-15,-0.04047714747346021,-24.36916952239185,3.6058275261378547,6.2448848557531145,0.02739733030960098,0.4998641577484553,6.24365163770604
36,306,4.0,230336.4910263717,0.4830980005349589,12.468071023353177,-49.389186092877765,-49.38918609287775,1.4210854715202004e-14,-0.096511626751834,-24.413750250932573,3.60480163087104,6.243858960486298,0.02741454272332229,0.49986735881667327,6.242657188094879
36,307,4.0,235961.61675399894,0.3887798962831482,12.468619403978188,-49.4856977196296,-49.485697719629606,7.105427357601002e-15,0.13100420764182275,-24.51109379011471,3.6045936527634628,6.243650982378723,0.027400788979342797,0.499873559016414,6.242505764118836
36,308,4.0,228358.805205051,0.5148311618702358,12.4673811684645,-49.354693511987776,-49.35469351198777,7.105427357601002e-15,-0.02790558287367162,-24.37719739291294,3.6053167001534496,6.244374029768709,0.027425849426035747,0.4998597173564037,6.243101979217095
36,309,4.0,229957.49666403752,0.4902121064040094,12.468202800316362,-49.38259909486145,-49.38259909486144,7.105427357601002e-15,-0.031915134781371535,-24.407772643347748,3.6046492832631643,6.243706612878422,0.027409901882915123,0.49986886254537777,6.242518822008472
36,310,4.0,231799.61695612845,0.45753223744279437,12.468011616771404,-49.41451422964282,-49.414514229642826,7.105427357601002e-15,-0.07232382249842573,-24.43845975620118,3.6049562887451523,6.244013618360412,0.02740441619121497,0.49987164536732603,6.242850638878574
36,311,4.0,236028.89501926355,0.38173447498732777,12.46714313178214,-49.486838052141245,-49.48683805214124,7.105427357601002e-15,0.0751119003006977,-24.50652840938966,3.6060200810726357,6.245077410687894,0.027401733039936496,0.49986946207876154,6.243892276172771
36,312,4.0,231638.10440970797,0.45921300466609405,12.467734789126661,-49.41172615184055,-49.41172615184055,0.0,-0.05259970834413252,-24.434694526821083,3.605200576639608,6.244257906254867,0.02740842429019478,0.49987110921595745,6.243089244495231
36,313,4.0,234704.2441670699,0.4047556018112894,12.467270365498996,-49.46432586018468,-49.464325860184694,1.4210854715202004e-14,-0.030591186312818763,-24.48499522356882,3.605775329538706,6.244832659153965,0.02742002802850779,0.49986516149023574,6.243608781886979
36,314,4.0,236506.09579753253,0.3752005171845619,12.467529390920518,-49.4949170464975,-49.49491704649751,1.4210854715202004e-14,-0.06631313136376349,-24.515886772615648,3.605700238855205,6.244757568470463,0.027369168700591466,0.4998771272244075,6.24364239141682
36,315,4.0,240459.6416995776,0.3086678721107426,12.467474512493004,-49.56123017786126,-49.56123017786127,7.105427357601002e-15,0.02506970439718259,-24.58106912773602,3.6059829329160524,6.245040262531312,0.0273439990179103,0.49988287633161815,6.2439764447717465
36,316,4.0,238957.29151750132,0.33672469437407543,12.468221291959537,-49.53616047346408,-49.53616047346407,7.105427357601002e-15,-0.19533444804864786,-24.558930413784008,3.6052501853047576,6.244307514920018,0.027313216533946014,0.49989392719031883,6.243345230464436
36,317,4.0,250916.05761796064,0.14637006758005025,12.469466247273191,-49.73149492151273,-49.73149492151271,1.4210854715202004e-14,-0.08921681263348091,-24.75709653534701,3.604542266926171,6.243599596541428,0.027312825354313047,0.49990391137461637,6.242729276371286
36,318,4.0,256575.4195062759,0.06354261309004844,12.471063586809063,-49.82071173414621,-49.8207117341462,7.105427357601002e-15,0.06952286121297391,-24.851959525173665,3.603130722627877,6.242188052243136,0.027351471738672826,0.499907395220008,6.2413512628242795
36,319,4.0,252154.4859720797,0.13279365216883857,12.470995631275517,-49.751188872933234,-49.751188872933234,0.0,0.10140937654606574,-24.782804069941534,3.6030388711326657,6.242096200747925,0.027355082839160168,0.49990479183686326,6.241235950179894
36,320,4.0,245842.13323482533,0.23171015176799173,12.470372412038792,-49.64977949638717,-49.649779496387175,7.105427357601002e-15,0.03413917790376075,-24.680136845990127,3.603353332984002,6.24241066259926,0.02737584143941368,0.49989555762700316,6.241466146267364
36,321,4.0,243752.84963959194,0.2649405794681942,12.470145224487903,-49.61564031848341,-49.615640318483415,7.105427357601002e-15,0.1225559075656193,-24.6453711000995,3.603509974980718,6.242567304595978,0.027359316299250723,0.499896839371035,6.24163436212512
36,322,4.0,236397.7632446946,0.3874242839313624,12.470127173712289,-49.49308441091779,-49.493084410917795,7.105427357601002e-15,-0.07903149055625391,-24.524253126246624,3.6031504915525323,6.242207821167791,0.02737506041807541,0.4998915791148605,6.2412276170024175
36,323,4.0,241114.92725221592,0.31098720402343827,12.47077577637437,-49.57211590147404,-49.57211590147404,0.0,0.037520141159085085,-24.604753149365024,3.602783358411997,6.2418406880272554,0.027359156731277628,0.49990001954958985,6.240937158805332
36,324,4.0,238863.834893765,0.34885333530405715,12.470862273904753,-49.53459576031496,-49.53459576031496,0.0,0.03591437393299657,-24.56799323138106,3.602593302618214,6.241650632233473,0.02735252173478292,0.49990074082698654,6.2407542856686495
36,325,4.0,236728.7728924643,0.3839926006619223,12.470668496760975,-49.49868138638196,-49.49868138638198,2.1316282072803006e-14,0.00501677035206427,-24.531717721300765,3.6026835866550404,6.241740916270301,0.02734054525588657,0.4999013044100302,6.240849282009156
36,326,4.0,236432.05552938575,0.3907771820787283,12.471110449527156,-49.493664616029896,-49.493664616029896,0.0,0.13416872578941508,-24.528475335561527,3.6022399905018325,6.241297320117091,0.02733584964093469,0.4999037980054097,6.240428996850881
36,327,4.0,228633.136192227,0.5223467539408824,12.470460661045337,-49.35949589024048,-49.35949589024047,1.4210854715202004e-14,-0.02920955763460853,-24.39390452512443,3.6023405116637526,6.241397841279011,0.027370457737706133,0.4998891728959311,6.24039702962152
36,328,4.0,230308.81516835143,0.4943875633070966,12.470773252795546,-49.38870544787509,-49.38870544787509,0.0,0.019137095589975672,-24.423927098534886,3.6021372577197917,6.24119458733505,0.02736752407339051,0.4998917497823611,6.240217504192153
36,329,4.0,229209.58631823817,0.5131263836073201,12.47067368397311,-49.369568352285114,-49.36956835228512,7.105427357601002e-15,0.0815488266326696,-24.40479109339139,3.6021369851081735,6.2411943147234314,0.027376721541864858,0.4998884667875676,6.240187876599535
36,330,4.0,224583.95517756834,0.5909022014568394,12.469730431777322,-49.288019525652444,-49.288019525652444,0.0,0.10173724155551156,-24.321071141111837,3.6026797665198935,6.241737096135152,0.02741074090362636,0.49987474545639965,6.240606037014553
36,331,4.0,218943.84732754645,0.6911003980712849,12.469345670542054,-49.18628228409693,-49.18628228409693,0.0,-0.09299564741532862,-24.219587011643856,3.602616488498011,6.241673818113269,0.027429258923534084,0.49986734340046046,6.240475875752759
36,332,4.0,224093.6856432155,0.6020208159719238,12.470324686871047,-49.27927793151226,-49.27927793151226,0.0,-0.028858315656172806,-24.314882977218126,3.6020414089582777,6.241098738573536,0.027422726254221864,0.49987591413011545,6.239978798520403
36,333,4.0,225716.2733278872,0.5745612020995172,12.470674362316988,-49.308136247168434,-49.308136247168434,0.0,0.08149930991278609,-24.344628212430376,3.601819679069257,6.240877008684516,0.027416857642614915,0.49988007270287327,6.239794974554324
36,334,4.0,221163.87782292586,0.6519783605186231,12.469653824443565,-49.22663693725565,-49.226636937255634,1.4210854715202004e-14,-0.03219649056040197,-24.260553981102312,3.602463409423076,6.241520739038334,0.027428399149248373,0.49987060209914197,6.240352310646232
36,335,4.0,222951.23668442588,0.6188779650320262,12.469427848212018,-49.25883342781605,-49.25883342781604,7.105427357601002e-15,0.16801823160868423,-24.2914203880612,3.602795930323454,6.241853259938712,0.02741835406119714,0.4998697469436135,6.240676772078411
36,336,4.0,213780.22900636887,0.7829632023825357,12.468444599647475,-49.090815196207366,-49.090815196207366,0.0,0.07099634954700917,-24.12245613654861,3.6030324352994287,6.242089764914687,0.027420344440127916,0.499859975317685,6.240824833621692
36,337,4.0,210019.30029960576,0.8537493621804237,12.468392052210195,-49.01981884666036,-49.01981884666036,0.0,-0.09852334863295198,-24.052589141238265,3.602750096740266,6.241807426355526,0.027417726766438225,0.49985724562387,6.240518289470587
36,338,4.0,215256.4848339857,0.7553369116649612,12.468419776739566,-49.11834219529331,-49.1183421952933,7.105427357601002e-15,-0.10732183429143305,-24.149041618588758,3.603267814560877,6.242325144176135,0.027365914597097817,0.4998703056342639,6.24115293170202
36,339,4.0,221110.09135603395,0.6542572768912921,12.469980326619007,-49.22566402958474,-49.225664029584735,7.105427357601002e-15,0.13503642511573588,-24.26057169007501,3.602215755262173,6.241273084877433,0.027356988604353063,0.4998822718475185,6.240210487577157
36,340,4.0,213770.2033902648,0.7864968523537649,12.469281114205696,-49.090627604469006,-49.09062760446902,1.4210854715202004e-14,0.08251497327400159,-24.12545111786733,3.6022367920351606,6.241294121650419,0.027396055805792997,0.49986778663443354,6.240100828624599
36,341,4.0,209405.566005582,0.8650174817595637,12.468282528238639,-49.008112631195004,-49.00811263119499,1.4210854715202004e-14,-0.018019178936434344,-24.040639352453525,3.6028109900701115,6.241868319685369,0.02739752597054668,0.49985946468849585,6.240599049081518
36,342,4.0,210351.02304269836,0.8447583649317951,12.46772254376581,-49.02613181013144,-49.026131810131446,7.105427357601002e-15,-0.06130507209313407,-24.056076589530146,3.6034564755350638,6.242513805150323,0.027382357300051605,0.4998595247035974,6.241244012186985
36,343,4.0,213599.75104677473,0.7857639678235638,12.46830021251203,-49.08743688222457,-49.08743688222456,1.4210854715202004e-14,-0.026051169124393425,-24.11845838688853,3.6031872942187535,6.242244623834013,0.02737268110126845,0.4998657812703783,6.241031769460674
36,344,4.0,214995.4217801449,0.7626003571324098,12.469022102120341,-49.113488051348966,-49.11348805134895,1.4210854715202004e-14,-0.033775569247140425,-24.14684730272716,3.6026028575401905,6.241660187155449,0.02736543102874976,0.499871116823351,6.240496429929991
36,345,4.0,216818.50610098074,0.7272647527579355,12.468632093338513,-49.14726362059611,-49.14726362059612,1.4210854715202004e-14,-0.02792607256825619,-24.17854978407658,3.603121129514622,6.242178459129882,0.02736815219647591,0.49986936016921857,6.240997662178318
36,346,4.0,218337.52479319458,0.7001363228249863,12.468831503997338,-49.17518969316436,-49.17518969316436,0.0,0.20941255907828804,-24.206828745360298,3.6030329073357588,6.242090236951016,0.02737674346748438,0.4998712670723252,6.240926794988896
36,347,4.0,207200.93119081232,0.9004273985838249,12.466551133167473,-48.965777134086075,-48.96577713408607,7.105427357601002e-15,-0.13155911415498167,-23.992751699573006,3.6041990290130066,6.2432563586282654,0.027416227028348235,0.49984551341221045,6.241857617984832
36,348,4.0,214129.03124809352,0.7694046181099995,12.466685216587765,-49.09733624824106,-49.09733624824106,0.0,0.0038975245918067003,-24.12217276166395,3.6047335420290167,6.2437908716442765,0.02738791032228874,0.49985478301168235,6.2424741378957505
36,349,4.0,213920.4895728541,0.7638232379571898,12.464315490401608,-49.09343872364925,-49.09343872364924,7.105427357601002e-15,0.03678826716672745,-24.109044313818732,3.60704127284237,6.246098602457629,0.0273769710664217,0.49984430930699353,6.244680326492635
36,350,4.0,211962.06821274347,0.8002939319107873,12.464236097098327,-49.05665045648252,-49.05665045648252,0.0,0.04802570802369388,-24.07270929382074,3.606927961050186,6.245985290665445,0.02737886719799518,0.4998419109999193,6.244546186321244
36,351,4.0,209432.37777326477,0.8449601592515833,12.463396226927605,-49.00862474845883,-49.008624748458836,7.105427357601002e-15,0.044898706158690516,-24.022248258602694,3.607536792848776,6.246594122464034,0.027362218718588367,0.4998387977495529,6.245125643669842
36,352,4.0,207094.71139445796,0.8842948677684409,12.462005227517148,-48.96372604230014,-48.96372604230015,1.4210854715202004e-14,-0.13613952103656146,-23.972874876842052,3.608655461749262,6.247712791364521,0.027367380996599775,0.49982913787085587,6.246152720852734
36,353,4.0,214264.4740135473,0.7558926216178642,12.463939546238642,-49.0998655633367,-49.0998655633367,0.0,0.02897461946310642,-24.113994223507834,3.607410505341958,6.246467834957217,0.027353562443344383,0.49984476197768857,6.2450538797132324
36,354,4.0,212718.02385133345,0.7892080708204505,12.465024753673513,-49.07089094387359,-49.0708909438736,7.105427357601002e-15,-0.23870336631011924,-24.08995776148202,3.606175965982635,6.245233295597894,0.027366188712941983,0.49984662866560053,6.243840511099925
36,355,4.0,225798.56546288717,0.5577688965081258,12.46684080167296,-49.30959431018371,-49.30959431018371,0.0,0.10228678177803374,-24.3313080412219,3.6055142376251927,6.244571567240452,0.02730247262357877,0.49987342781278715,6.243422703987099
36,356,4.0,220097.7141824389,0.6577531015935874,12.466265157499816,-49.20730752840568,-49.20730752840568,0.0,-0.06766896867568306,-24.22851854444702,3.6056399163744053,6.244697245989665,0.02731462932890729,0.49986565977550773,6.243477183833197
36,357,4.0,223852.83409352554,0.589122622534093,12.466024779903863,-49.27497649708136,-49.27497649708136,0.0,-0.01707049252357251,-24.293996394836206,3.6061876959460286,6.245245025561287,0.027287035591416292,0.4998705460034314,6.244067775850373
36,358,4.0,224810.19500099323,0.5798777134903029,12.46798117577381,-49.292046989604934,-49.292046989604934,0.0,0.11897303668877868,-24.318562775274415,3.6043137239673704,6.243371053582629,0.027302592250936196,0.49987831797225724,6.24226885169775
36,359,4.0,218222.0689579813,0.6865213211935716,12.46489881852743,-49.173073952916155,-49.17307395291615,7.105427357601002e-15,-0.05929144170593048,-24.189302768265613,3.606885466547376,6.245942796162636,0.027263121047577412,0.4998657515244766,6.244720781562238
36,360,4.0,221480.83669069983,0.6199547324840192,12.463080031776526,-49.232365394622086,-49.232365394622086,0.0,0.08648928234339337,-24.24027748343718,3.6089646481809687,6.248021977796228,0.027224439043194704,0.49986427847745346,6.24677982995414
36,361,4.0,216743.3097735301,0.7058670543307259,12.462935791652356,-49.14587611227869,-49.1458761122787,7.105427357601002e-15,-0.14420457554929555,-24.15490568171921,3.608685278024612,6.2477426076398705,0.027242334135407033,0.49985607299563123,6.246428330119109
36,362,4.0,224699.71098735536,0.5656031541720783,12.463920960500014,-49.29008068782799,-49.290080687827974,1.4210854715202004e-14,0.16860683063178072,-24.300741439024904,3.6082774825855095,6.247334812200769,0.027257239982982562,0.49986120988876526,6.246068112280567
36,363,4.0,215425.07845587848,0.731863520588365,12.463334344446144,-49.12147385719621,-49.121473857196214,7.105427357601002e-15,0.12864338277207565,-24.133411106460894,3.607958358068569,6.2470156876838265,0.02734618108799184,0.4998347783810664,6.245510224870819
36,364,4.0,208607.05018527407,0.8630068628663689,12.463959334322626,-48.99283047442413,-48.99283047442413,0.0,0.0861137844843114,-24.00991125743045,3.60667247463316,6.24572980424842,0.027379812801699332,0.49982839448377503,6.24417066229467
36,365,4.0,204164.06146599737,0.9481982874434013,12.463728744345804,-48.90671668993982,-48.90671668993981,7.105427357601002e-15,0.015139590289621196,-23.92480806539628,3.6064198265206255,6.245477156135884,0.027394081753659996,0.4998213763163088,6.243855494354846
36,366,4.0,203392.78193314176,0.9604625221442769,12.463009905448619,-48.8915770996502,-48.8915770996502,0.0,0.005400598662966161,-23.907218127757773,3.6070324133578473,6.246089742973107,0.027394494712614435,0.49981685582989954,6.244425407778616
36,367,4.0,203118.35653596715,0.9661083115439854,12.463071203132802,-48.88617650098723,-48.886176500987226,7.105427357601002e-15,0.01535560957533022,-23.902396771958706,3.60688760264187,6.24594493225713,0.027413798296303547,0.4998124352405777,6.244241492550209
36,368,4.0,202340.09977248116,0.9780629478945175,12.462220959826606,-48.8708208914119,-48.87082089141191,7.105427357601002e-15,-0.06300056610024996,-23.88417086910895,3.6076051759604786,6.2466625055757365,0.02741523921445649,0.4998053695694744,6.244893019868196
36,369,4.0,205552.2142072172,0.9247477287808139,12.46464229657324,-48.93382145751215,-48.933821457512146,7.105427357601002e-15,-0.17057416487377708,-23.955506306233076,3.60552145820451,6.244578787819768,0.02743311123414836,0.4998168352535903,6.2429187047869945
36,370,4.0,214507.26915199455,0.7625993553997876,12.46674874444643,-49.10439562238593,-49.10439562238594,7.105427357601002e-15,-0.10902389863434792,-24.130650504546704,3.604378949844548,6.2434362794598055,0.02738959233402205,0.4998419783216235,6.242006498838874
36,371,4.0,220434.28015393985,0.6577946129490386,12.46780353349233,-49.21341952102028,-49.21341952102028,0.0,-0.2109837568827615,-24.241923318132738,3.6038167211066274,6.242874050721886,0.027395069609745984,0.4998496803534152,6.24151468142348
36,372,4.0,232373.3953288274,0.4522718060349018,12.469168770984485,-49.42440327790304,-49.42440327790304,0.0,-0.2250453758869,-24.45439730062761,3.6034441647035984,6.242501494318858,0.027329429190685813,0.49987605770797444,6.241381311305056
36,373,4.0,245821.8003132447,0.23404873906563173,12.470874348213894,-49.64944865378994,-49.64944865378994,0.0,-0.015542413904576335,-24.683005006497417,3.602553582207873,6.241610911823132,0.0273067040777166,0.4998960188510275,6.240672355855412
36,374,4.0,246778.8244591391,0.21846924617269373,12.470865078466803,-49.664991067694515,-49.664991067694515,0.0,0.11081869390859822,-24.698451334388043,3.6025776037113606,6.24163493332662,0.02732064075055763,0.4998939866292898,6.240677923910864
36,375,4.0,240035.73652972418,0.3227686609191415,12.469235258676262,-49.55417237378592,-49.55417237378591,7.105427357601002e-15,0.09430851272193053,-24.58285238356536,3.6037726679398814,6.24282999755514,0.027334424985825407,0.49987713405912954,6.2417190243141585
36,376,4.0,234442.57760592492,0.4111848600986747,12.467762180290665,-49.45986386106399,-49.45986386106399,0.0,-0.11411822898377011,-24.484244569481557,3.60484749328035,6.243904822895608,0.02734540756340697,0.49986174118430116,6.2426523458899625
36,377,4.0,241227.44497813427,0.2997343476909335,12.468429109434668,-49.57398209004776,-49.573982090047735,2.1316282072803006e-14,0.2086912536419021,-24.599381487973165,3.6045928209033895,6.243650150518649,0.02733480692107725,0.49987073967411855,6.24248020134321
36,378,4.0,228964.60541900652,0.50810413526244,12.468348742917076,-49.365290836405855,-49.36529083640586,7.105427357601002e-15,-0.06314911022616343,-24.3934812571975,3.6038950651868302,6.242952394802088,0.02736242425269756,0.4998587090558398,6.241674700280181
36,379,4.0,232608.01729990472,0.44671413457550657,12.468788520301883,-49.42843994663202,-49.428439946632025,7.105427357601002e-15,0.13130437483938096,-24.45715144367125,3.6037647961249304,6.24282212574019,0.027327217493339676,0.4998703993313589,6.241650544678846
36,380,4.0,225096.36827790306,0.5734977624473946,12.46765833356001,-49.29713557179264,-49.297135571792644,7.105427357601002e-15,0.06494850861781032,-24.323596437064232,3.604327454066841,6.243384783682101,0.027337626305258496,0.4998579115986955,6.242098851408398
36,381,4.0,221470.9626612708,0.6350399426100685,12.466806751446223,-49.23218706317483,-49.23218706317482,7.105427357601002e-15,-0.18268984613220596,-24.25658475611712,3.6048432471491667,6.2439005767644264,0.027353224313449907,0.49984726012557823,6.242517182263805
36,382,4.0,231820.6351607841,0.453374213552001,12.467062780714755,-49.41487690930703,-49.41487690930702,1.4210854715202004e-14,-0.036004294923074553,-24.437261255311192,3.605346583883702,6.244403913498961,0.02732597609054979,0.49985833102539456,6.243120552032591
36,383,4.0,233916.6890060621,0.41472040386670417,12.466400402024204,-49.45088120423011,-49.450881204230114,7.105427357601002e-15,-0.14554930260996457,-24.470272022835008,3.6060949657335177,6.245152295348776,0.027331621871112176,0.4998528231719244,6.243817581325319
36,384,4.0,242585.04446647002,0.2733082791438087,12.46743469649597,-49.59643050684007,-49.596430506840065,7.105427357601002e-15,0.17102853737618062,-24.61806854716882,3.605533160302554,6.244590489917813,0.02734701952709909,0.4998593141635629,6.243315569706541
36,385,4.0,232431.41990932886,0.4426407627596391,12.467010683055884,-49.42540196946389,-49.4254019694639,7.105427357601002e-15,-0.1366490987605502,-24.447735805470337,3.605359211383129,6.2444165409983885,0.027349213357973624,0.4998508234069718,6.243064381713956
36,386,4.0,240508.9945142118,0.31494361290910716,12.469248670283385,-49.56205106822444,-49.562051068224434,7.105427357601002e-15,-0.09082575900403356,-24.59131277170646,3.603627244514237,6.242684574129496,0.027360262248511274,0.4998644609652824,6.241458792019283
36,387,4.0,246032.57056157567,0.22914825136196237,12.470506269647608,-49.652876827228475,-49.65287682722847,7.105427357601002e-15,0.17139190970837603,-24.685937518792503,3.602677497493733,6.241734827108991,0.027360915900755574,0.49987381240778567,6.240595153084526
36,388,4.0,235713.2326768732,0.3991038259937538,12.470147185878462,-49.4814849175201,-49.48148491752009,7.105427357601002e-15,-0.12442708649250278,-24.515473230719838,3.602445592084806,6.241502921700065,0.027377666009302186,0.49986428371495345,6.240277492317145
36,389,4.0,243160.74386173964,0.2806014928989794,12.471628374227894,-49.6059120040126,-49.605912004012595,7.105427357601002e-15,-0.11328584877351489,-24.643939615617164,3.601435767483601,6.240493097098859,0.02736710008897875,0.4998784088495908,6.2393964838080835
36,390,4.0,250145.85912126006,0.17014705267490254,12.472336226365254,-49.71919785278612,-49.71919785278612,0.0,-0.08132620217145359,-24.758532915025445,3.6011089048249083,6.240166234440166,0.02735109378865486,0.4998888529230822,6.239164171069199
36,391,4.0,255283.76611931412,0.08980836620281196,12.472583105290095,-49.80052405495757,-49.80052405495757,0.0,0.1036509192663857,-24.839953068261476,3.601085417058765,6.240142746674024,0.02734439942631354,0.4998943329943664,6.239190486439578
36,392,4.0,248753.6389659788,0.19300634809322637,12.472469870946103,-49.696873135691185,-49.696873135691185,0.0,-0.014215519588688608,-24.737105729858538,3.6008845218429033,6.239941851458162,0.027360035573769134,0.4998868611996326,6.238922276122176
36,393,4.0,249639.2522723992,0.17959016475843914,12.47266970500958,-49.71108865527987,-49.71108865527988,7.105427357601002e-15,0.09888252455449731,-24.751941251156257,3.6007295214156447,6.239786851030904,0.02736016509588157,0.4998890239841544,6.238786975063244
36,394,4.0,243543.6661862935,0.27505115443276057,12.471814321289532,-49.612206130725376,-49.61220613072537,7.105427357601002e-15,-0.07892262309005815,-24.651006036383986,3.6012426939700894,6.240300023585347,0.02736701038469762,0.49987937023784706,6.239212710043551
36,395,4.0,248396.66138047638,0.19830688162764967,12.472358908860773,-49.691128753815434,-49.69112875381544,7.105427357601002e-15,0.12057390113761812,-24.73100405719895,3.600973844538866,6.240031174154126,0.02734589178218629,0.49988900438781,6.239030988978635
36,396,4.0,241020.84756954713,0.3178454247555635,12.472100069358346,-49.570554852677816,-49.57055485267782,7.105427357601002e-15,-0.09684383472492897,-24.61085347134722,3.6008680157173893,6.239925345332648,0.02733979526292736,0.4998854144170691,6.238892875512995
36,397,4.0,246927.40656113793,0.22271258923731216,12.472527819160014,-49.667398687402745,-49.667398687402745,0.0,0.10553228318753582,-24.70807497818754,3.600773597688541,6.2398309273037995,0.027324792700342878,0.4998939364398129,6.238875442930856
36,398,4.0,240497.89143171004,0.3283061837857582,12.472543147000245,-49.56186640421521,-49.56186640421522,1.4210854715202004e-14,0.029619180759695496,-24.604073303408672,3.6003909455863767,6.239448275201634,0.027345111006059,0.49988764706901606,6.23843637301077
36,399,4.0,238723.63092690683,0.35357904225472464,12.471456566427557,-49.532247223455514,-49.53224722345551,7.105427357601002e-15,0.16548744052305153,-24.570745838504497,3.6013180166224967,6.240375346237755,0.027340296417586184,0.49987938845611046,6.239287980368253
36,400,4.0,229048.70505075564,0.5138479952152534,12.47015194453693,-49.36675978293246,-49.36675978293247,7.105427357601002e-15,0.11404446036414129,-24.402636624549604,3.6019734599804574,6.241030789595717,0.027339856755308447,0.49986708320626216,6.239831444452199
36,401,4.0,222610.48756044524,0.624055381208211,12.469192675944132,-49.25271532256832,-49.25271532256832,0.0,0.002968917094086976,-24.286859465739862,3.602406634591857,6.241463964207116,0.02735297037063958,0.4998549923796236,6.240154295572007
36,402,4.0,222445.32084335378,0.6263405656792547,12.469021742788373,-49.249746405474234,-49.249746405474234,0.0,0.09091981879186051,-24.283365740237276,3.6025378366939824,6.24159516630924,0.027355276680796306,0.4998527781382624,6.240265011922111
36,403,4.0,217446.17914238252,0.7174408127573326,12.469066849859926,-49.15882658668237,-49.15882658668237,0.0,0.003262829633548847,-24.19461701039621,3.6019950644562813,6.2410523940715406,0.027395423328357992,0.4998434926452118,6.239640057075725
36,404,4.0,217268.8790054794,0.7209177862289159,12.469120385819435,-49.155563757048824,-49.155563757048824,0.0,-0.1740109377757193,-24.19179806661022,3.6018840929943923,6.240941422609651,0.02741085019749749,0.49983990074164797,6.239496587411733
36,405,4.0,226929.2726547667,0.5533408136070064,12.470728877107888,-49.329574694824544,-49.329574694824544,0.0,-0.0007850141132976773,-24.36891365586362,3.601107930124971,6.2401652597402295,0.027387828291052848,0.49985825359052954,6.238887268610101
36,406,4.0,226973.81269563278,0.5505376993202573,12.470224352064529,-49.33035970893784,-49.330359708937856,1.4210854715202004e-14,-0.07516050149275344,-24.36780431665744,3.601581518454843,6.240638848070103,0.027387969055777922,0.4998537504724708,6.239319282554865
36,407,4.0,231278.99992834326,0.47980529566655716,12.471331376524287,-49.405520210430595,-49.40552021043059,7.105427357601002e-15,-0.06417564221796823,-24.445866129338974,3.6008561906576473,6.239913520272907,0.02736472514533469,0.4998674312653466,6.238718195283618
36,408,4.0,235019.5457712234,0.41663828192732866,12.471583533643972,-49.46969585264856,-49.46969585264856,0.0,0.004168228147612751,-24.509860268341118,3.6009015664616024,6.239958896076861,0.02733950265419644,0.49987680125599737,6.23884816241794
36,409,4.0,234774.76955728093,0.4218267264001602,12.47183858772528,-49.46552762450095,-49.46552762450096,7.105427357601002e-15,-0.0003360871116768749,-24.506733814182404,3.6006411229643795,6.239698452579639,0.02734266785750842,0.499878414973476,6.238602749203082
36,410,4.0,234794.49657956779,0.4199662361208354,12.471457486933367,-49.46586371161263,-49.465863711612634,7.105427357601002e-15,0.053457038828874204,-24.505649079005234,3.6009963285365894,6.240053658151849,0.027348152244790373,0.49987470071921536,6.238924009959689
36,411,4.0,231677.51640752328,0.4734566207377403,12.471465823380374,-49.41240667278375,-49.41240667278375,0.0,0.008246275040356466,-24.453116070036057,3.6007653210716657,6.239822650686923,0.027356744268682027,0.4998710723332163,6.2386605353414515
36,412,4.0,231200.38926147702,0.48403567386583485,12.472049017902307,-49.4041603977434,-49.4041603977434,0.0,0.09963337375799597,-24.447384974397917,3.6001365262211107,6.23919385583637,0.027371150231182088,0.4998727322092977,6.23804756907981
36,413,4.0,225512.70008273743,0.5812108221979254,12.47143446154583,-49.3045270239854,-49.30452702398539,7.105427357601002e-15,0.013894740466128042,-24.347031537011983,3.6003165421280943,6.239373871743353,0.02737861151614194,0.4998653424072678,6.238160834005812
36,414,4.0,224730.69897201468,0.5922101709149357,12.470710613608553,-49.29063228351927,-49.29063228351927,0.0,-0.2099956734301287,-24.33049526527883,3.600976924944852,6.24003425456011,0.027364018211574775,0.4998634573467174,6.238803667320582
36,415,4.0,236844.00324363617,0.388693623898437,12.472330395211959,-49.5006279569494,-49.500627956949394,7.105427357601002e-15,-0.11744079760892845,-24.543408009100002,3.600247657347091,6.23930498696235,0.02735057697150383,0.4998810210708107,6.238233437328633
36,416,4.0,243900.8791234201,0.2705262391406302,12.472148748424742,-49.61806875455833,-49.61806875455834,7.105427357601002e-15,0.0687232585217501,-24.658624309379636,3.600803781679413,6.239861111294672,0.02735085203494525,0.49988343842704286,6.23881108410229
36,417,4.0,239746.25543715726,0.33835688391728147,12.471925594988466,-49.54934549603658,-49.54934549603659,7.105427357601002e-15,-0.08202583354148629,-24.58992701709733,3.6007972901195524,6.239854619734812,0.02734318375922689,0.49988162281269277,6.238788222830844
36,418,4.0,244713.3568157546,0.25743556843937243,12.472201724504362,-49.631371329578066,-49.63137132957808,1.4210854715202004e-14,0.02473957966942919,-24.6719545071237,3.600796875998333,6.239854205613591,0.027343994266697293,0.4998851172854487,6.238819336212269
36,419,4.0,243204.5012852676,0.28541091429081616,12.473010666049863,-49.60663174990864,-49.60663174990864,0.0,-0.020864031791404614,-24.650844022114192,3.59988960233335,6.238946931948608,0.02735721466234729,0.499884167535092,6.237903971404343
36,420,4.0,244476.3720573326,0.2608842958542064,12.47209501938856,-49.62749578170004,-49.627495781700034,7.105427357601002e-15,-0.025647355286665174,-24.667976138863057,3.6008225810939885,6.239879910709248,0.027353875364975883,0.49987879506459815,6.238787732993376
36,421,4.0,246048.95132546028,0.23893523912023906,12.473019594026738,-49.65314313698671,-49.653143136986714,7.105427357601002e-15,0.0392881555355018,-24.69689227862321,3.6000053849756157,6.239062714590874,0.027348389516379128,0.49988502747527913,6.238027261784665
36,422,4.0,243644.07866821138,0.2794106533232307,12.47331640869361,-49.613854981451205,-49.613854981451205,0.0,-0.0541018856978468,-24.6593354894428,3.599572543386842,6.238629873002101,0.027364041030962225,0.49988345517858185,6.237580614059616
36,423,4.0,246961.86643472005,0.22228543211851326,12.472560574816892,-49.66795686714905,-49.66795686714906,7.105427357601002e-15,-0.061585474352114034,-24.71006690803019,3.600415160164456,6.239472489779715,0.02737949719913789,0.4998748634055221,6.238344991404115
36,424,4.0,250793.60408826062,0.16368785825327586,12.47330754993861,-49.729542341501165,-49.729542341501165,0.0,-0.06601358509117716,-24.77382788402409,3.5998712847540086,6.238928614369269,0.02737276225590127,0.49988224686324306,6.237868113670285
36,425,4.0,254966.89231385713,0.09818976193310083,12.47343642213136,-49.79555592659234,-49.79555592659234,0.0,-0.15389348599771324,-24.83948737064364,3.599959809371918,6.239017138987178,0.02735514991192875,0.4998898630683029,6.2380253141752835
36,426,4.0,264967.4727639055,-0.056381779710401925,12.473266908219912,-49.949449412590056,-49.94944941259005,7.105427357601002e-15,-0.034386738472278466,-24.99130210159766,3.6004794981328407,6.2395368277481,0.02735366164594292,0.499893287569205,6.238575548823567
36,427,4.0,267255.1336220291,-0.09195377628504804,12.472970593694324,-49.983836151062334,-49.98383615106234,7.105427357601002e-15,0.03998303490588029,-25.024509739917836,3.6007742731708667,6.239831602786126,0.02736962867840579,0.49988710676589176,6.238814319520238
36,428,4.0,264597.02283707075,-0.049862712985576256,12.473497600792719,-49.943853116156454,-49.943853116156454,0.0,-0.01919507542356058,-24.98692112015728,3.600175669384538,6.239232998999797,0.027372750219356805,0.4998880094349562,6.238224259011106
36,429,4.0,265869.8142630446,-0.07118930154983877,12.472964722507543,-49.963048191580015,-49.96304819158001,7.105427357601002e-15,0.1341928187054222,-25.003964139068867,3.6007136835125273,6.239771013127787,0.027375300777611012,0.4998845866674157,6.238731022647072
36,430,4.0,257098.31599143118,0.06036020994474424,12.472303895704835,-49.82885537287459,-49.82885537287459,0.0,0.04065111995728188,-24.868556286390838,3.6010174420056793,6.2400747716209395,0.0273740178361052,0.499874460012483,6.238942962204551
36,431,4.0,254498.71433455552,0.10229923542020034,12.47262587208438,-49.78820425291731,-49.788204252917325,1.4210854715202004e-14,-0.017892064939786678,-24.82954135078382,3.6006083959181123,6.239665725533372,0.027365438476709508,0.49987873752615797,6.238572977688304
36,432,4.0,255639.64100501424,0.08356578096456627,12.472415524705413,-49.8060963178571,-49.80609631785708,1.4210854715202004e-14,-0.06789046648911068,-24.846491869891825,3.600843782376059,6.239901111991317,0.027370765467794458,0.49987706923683595,6.2387931680667394
36,433,4.0,260015.544847789,0.015032465182827384,12.472254812382259,-49.87398678434621,-49.87398678434621,0.0,-0.10293589454505536,-24.913066924257055,3.6011726354070324,6.240229965022292,0.027366792236520738,0.49987925910700276,6.239141429842844
36,434,4.0,266793.6173396967,-0.08941121234447079,12.471877866636698,-49.97692267889126,-49.97692267889126,0.0,0.023252291868857355,-25.013695088732693,3.601749567924385,6.240806897539644,0.027375185035702503,0.4998805549599525,6.239730000206707
36,435,4.0,265247.2255736133,-0.06334483624199211,12.4725813876951,-49.953670387022406,-49.9536703870224,7.105427357601002e-15,0.001840877898317217,-24.993256404914696,3.6010461659116677,6.240103495526927,0.027361505199744805,0.49988703278307905,6.239085684130579
36,436,4.0,265125.1817204591,-0.06125936649782839,12.472642535656565,-49.95182950912409,-49.95182950912409,0.0,-0.0879915583770412,-24.991749339569676,3.600962712773345,6.240020042388603,0.027361882141380096,0.49988683069393863,6.239000518689904
36,437,4.0,271021.99715335324,-0.1522536647659374,12.471891850683802,-50.03982106750113,-50.039821067501144,1.4210854715202004e-14,-0.19605369352910174,-25.07631403896635,3.6018194275184388,6.240876757133698,0.02738698333725264,0.4998823755202952,6.239816758010879
36,438,4.0,284636.63766941056,-0.3534312234575635,12.470610884393167,-50.23587476103023,-50.23587476103023,0.0,-0.20308969460165116,-25.266380691838986,3.6033161876825517,6.242373517297811,0.027391274206006098,0.49988080139367735,6.241297984666929
36,439,4.0,299461.49197819835,-0.5551274003498521,12.470959263820511,-50.43896445563188,-50.4389644556319,1.4210854715202004e-14,-0.07433919586669191,-25.470125494666032,3.603152410626205,6.242209740241463,0.027398998932915655,0.49988957252856697,6.241213567052172
36,440,4.0,305078.96169141773,-0.6335418122776977,12.46994045980522,-50.513303651498575,-50.51330365149858,7.105427357601002e-15,-0.15724094013486223,-25.540502246147774,3.604143021722441,6.2432003513377,0.027402474595695045,0.4998856405707557,6.2421677118317405
36,441,4.0,317310.525122513,-0.7928984693836376,12.469411530562452,-50.67054459163344,-50.670544591633444,7.105427357601002e-15,-0.11785130165814195,-25.695956056944716,3.6045898040569218,6.243647133672181,0.02744224925179164,0.49988294656773297,6.242589786820815
36,442,4.0,326798.4742903461,-0.9098868892756452,12.469627251003985,-50.78839589329158,-50.788395893291586,7.105427357601002e-15,0.020777401682551044,-25.81503046743376,3.604284026849197,6.243341356464456,0.02746796961447136,0.4998831978797173,6.242286366642178
36,443,4.0,325105.3695943394,-0.8874909863265322,12.470031876320625,-50.76761849160903,-50.767618491609035,7.105427357601002e-15,0.24480934670270216,-25.79567190015602,3.6039293182479915,6.242986647863252,0.02745961828255656,0.4998866252190281,6.2419629707474495
36,444,4.0,305804.80530234624,-0.6409182234408553,12.470472730366367,-50.522809144906326,-50.522809144906326,0.0,0.12254977604949602,-25.552347906592523,3.6035579799631905,6.242615309578449,0.027421906734629915,0.4998831500028621,6.241560442093645
36,445,4.0,296577.79543567455,-0.5172381264145001,12.47075531061058,-50.40025936885683,-50.400259368856815,1.4210854715202004e-14,-0.1365364192366343,-25.43121176223382,3.603204572040494,6.242261901655753,0.027422698728522585,0.4998783263317732,6.241163778027598
36,446,4.0,306875.9726395349,-0.6531122583507394,12.470920882435678,-50.536795788093464,-50.53679578809345,1.4210854715202004e-14,0.1218846324658216,-25.56821784385684,3.6030871564438955,6.242144486059154,0.02744126902056737,0.49988226491985494,6.241081994165039
36,447,4.0,297666.1361407166,-0.5305352147446665,12.471093985220746,-50.41491115562764,-50.41491115562765,7.105427357601002e-15,0.04463189815364643,-25.44726077068554,3.602855266620267,6.241912596235525,0.027432942692940346,0.49987724850803594,6.240804922949792
36,448,4.0,294363.2460221569,-0.48099852768047957,12.47232018244838,-50.370279257473996,-50.370279257473996,0.0,0.01594477333453881,-25.40720229114663,3.601711911966583,6.240769241581843,0.027411722661250824,0.49988894568256126,6.2397682771847895
36,449,4.0,293192.1927861414,-0.46612563993249295,12.47205221105174,-50.35433448413946,-50.35433448413945,7.105427357601002e-15,0.03514628281603649,-25.390403414536273,3.6019254377855376,6.240982767400796,0.027416596098084712,0.4998853532423825,6.239949113582235
36,450,4.0,290627.32355822594,-0.43099341169581756,12.472048697406903,-50.31918820132342,-50.31918820132343,7.105427357601002e-15,0.2153650784868688,-25.355305416255913,3.6019133666516185,6.240970696266877,0.027399044507126276,0.49988596475387703,6.2399425515666
36,451,4.0,275393.3671899701,-0.21161026410446776,12.473053214683022,-50.10382312283655,-50.10382312283655,0.0,-0.06797250844814329,-25.14469965595625,3.6007235371048196,6.239780866720077,0.027374259298066042,0.4998886189708764,6.238777623414072
36,452,4.0,280113.1500437623,-0.2804381197669873,12.472839377879426,-50.171795631284695,-50.17179563128469,7.105427357601002e-15,0.056615596793172074,-25.2114023286373,3.60104099604659,6.240098325661849,0.02737398853643552,0.49989149446949543,6.2391207719347905
36,453,4.0,276176.38277920976,-0.22139183052378397,12.473447050991934,-50.11518003449152,-50.11518003449152,0.0,-0.15637215152050032,-25.157370589793413,3.6003950315592688,6.239452361174528,0.027358801953044937,0.4998952681230723,6.2385091392605245
36,454,4.0,287186.76910037466,-0.37955023472449134,12.473000487821883,-50.27155218601202,-50.27155218601202,0.0,0.18584413543576517,-25.311286379616888,3.6010091219835267,6.240066451598786,0.02737054888649467,0.49989598516467865,6.23912930113529
36,455,4.0,274148.9943680685,-0.197070901703032,12.472159287218307,-50.08570805057626,-50.08570805057626,0.0,0.06829895711561562,-25.123319788060417,3.6015397360137023,6.240597065628961,0.027367668428728488,0.49988561478084587,6.239565970210542
36,456,4.0,269507.70889740775,-0.1304501392903658,12.471739738542569,-50.01740909346064,-50.01740909346064,0.0,0.06773784154953688,-25.054037897591968,3.60178546935191,6.2408427989671695,0.027386356215738403,0.49987861484296464,6.2397483004844565
36,457,4.0,264982.1682224702,-0.06448706571975106,12.47129604654784,-49.949671251911106,-49.94967125191111,7.105427357601002e-15,-0.08721715792408702,-24.98511824911946,3.6020809210826523,6.241138250697911,0.027379410607962777,0.49987454619303945,6.240006904511234
36,458,4.0,270823.366292393,-0.15353419408266397,12.470838553938131,-50.03688840983519,-50.03688840983519,0.0,0.07230115782301993,-25.070088767597245,3.60264258094423,6.241699910559489,0.027392023052590204,0.49987135776828073,6.240539233959003
36,459,4.0,265972.13137361914,-0.07981097639997838,12.471194068903047,-49.96458725201217,-49.964587252012166,7.105427357601002e-15,-0.05121009082883887,-24.999643187706084,3.6021786864612624,6.241236016076521,0.027372006367828213,0.49987301410487295,6.240090761620445
36,460,4.0,269399.1359687347,-0.1309824395027989,12.471203725834553,-50.01579734284101,-50.01579734284101,0.0,0.05292808060170984,-25.05053211760605,3.6022589766934816,6.2413163063087405,0.02737506372280957,0.49987323665552497,6.240173016737814
36,461,4.0,265857.9215513959,-0.07776137032361774,12.471276972978924,-49.9628692622393,-49.96286926223931,7.105427357601002e-15,0.23523191821232814,-24.998361375226967,3.6020696421378253,6.241126971753084,0.02737394972081201,0.49987142373281324,6.239967416527746
36,462,4.0,250674.19222984574,0.15389141366668482,12.470382189423416,-49.727637344026974,-49.72763734402698,7.105427357601002e-15,0.12096089881118388,-24.762124276758925,3.602320937201753,6.241378266817011,0.027368205983540284,0.49985662851567675,6.240084973339498
36,463,4.0,243207.2188254217,0.27433871405023,12.470253789816503,-49.60667644521579,-49.60667644521578,7.105427357601002e-15,-0.0468358649989824,-24.64188101698929,3.6021415274413635,6.241198857056623,0.027332207348205226,0.49985873898674693,6.239925016376375
36,464,4.0,246071.66104482737,0.22861284871303417,12.470531289731953,-49.65351231021477,-49.65351231021478,7.105427357601002e-15,-0.11434586440579153,-24.689129310315877,3.602038420359464,6.241095749974723,0.02731738209828286,0.4998631991220205,6.2398622336447485
36,465,4.0,253207.48834956632,0.11651607249872355,12.47109356177982,-49.767858174620564,-49.76785817462056,7.105427357601002e-15,0.023001234597188613,-24.8043216955832,3.6018267901440812,6.240884119759341,0.02731344006794589,0.4998694767275222,6.239707668043169
36,466,4.0,251755.64541229978,0.1402692308409259,12.471281542716074,-49.744856940023375,-49.74485694002337,7.105427357601002e-15,0.11865130173161731,-24.782618253180146,3.601502342095547,6.240559671710805,0.027346417606176614,0.49986486117860185,6.239341750337601
36,467,4.0,244397.5323773552,0.25695399353946663,12.470789907957805,-49.62620563829176,-49.62620563829175,7.105427357601002e-15,-0.04811808406945062,-24.663617142628077,3.6015897943006623,6.240647123915921,0.027353925564923023,0.49985652890421667,6.239353972302996
36,468,4.0,247355.2720578694,0.20970202266536794,12.471006436256642,-49.67432372236121,-49.6743237223612,7.105427357601002e-15,-0.13961957425961913,-24.712105203016275,3.601497300220976,6.240554629836234,0.027362101957111126,0.49985636152518464,6.239260164894347
36,469,4.0,256141.6329425665,0.06704570709420882,12.470247250928757,-49.81394329662083,-49.81394329662082,7.105427357601002e-15,0.0417930571246643,-24.847289372639665,3.60260615138003,6.241663480995288,0.027364630123975768,0.4998549490778413,6.240355078968245
36,470,4.0,253479.32991043196,0.11226672262314479,12.47110424052983,-49.77215023949616,-49.77215023949617,7.105427357601002e-15,-0.04415640159516698,-24.8091816225383,3.6016848246242077,6.240742154239466,0.02735783060600886,0.49985981561641923,6.239478656799485
36,471,4.0,256293.0153872406,0.07093829683787188,12.471811234482301,-49.81630664109133,-49.81630664109133,0.0,0.11901736284291786,-24.85561401658715,3.6011158265107865,6.240173156126045,0.027359922881075287,0.4998654934809547,6.2389613476779315
36,472,4.0,248779.5195560672,0.18821048953177155,12.471374941945045,-49.69728927824841,-49.69728927824841,0.0,-0.03218564536921065,-24.736415796402635,3.6011610408461863,6.240218370461444,0.027378285921247872,0.4998541527733683,6.238904103043974
36,473,4.0,250789.37713038386,0.15572198344949206,12.471299226766778,-49.72947492361762,-49.72947492361762,0.0,0.041194780259566244,-24.767796041220254,3.601362390984085,6.240419720599343,0.02736025046250937,0.49985877787340754,6.2391470648586225
36,474,4.0,248219.82802232253,0.1993238820234584,12.471901006345378,-49.68828014335806,-49.68828014335806,0.0,-0.06835842619323529,-24.729334569807936,3.6006790637722728,6.23973639338753,0.027352186023741537,0.4998636325679414,6.238508165621885
36,475,4.0,252498.26146527857,0.13029122356256387,12.471732448278464,-49.75663856955129,-49.75663856955129,0.0,-0.01804370495402452,-24.79613479823996,3.6010686132125733,6.240125942827833,0.027335460104840642,0.4998682062623776,6.238938758565893
36,476,4.0,253639.83534010078,0.11017725548177608,12.471214882496772,-49.77468227450532,-49.77468227450532,0.0,0.08469448164167659,-24.811966446829718,3.6016216273036403,6.240678956918899,0.02732425496244904,0.49986787357096507,6.239488372403424
36,477,4.0,248325.8187617415,0.19277905998834954,12.470691713212998,-49.68998779286364,-49.68998779286365,7.105427357601002e-15,0.01815679740926157,-24.726517397838,3.601810269141151,6.24086759875641,0.027357512939197016,0.49985564147510836,6.239566415781779
36,478,4.0,247201.17279322812,0.2102792875250182,12.47052757074485,-49.67183099545438,-49.67183099545438,0.0,-0.027293753049562497,-24.70810196431814,3.6018749281688,6.24093225778406,0.027369463675728282,0.4998514448253407,6.23959298275468
36,479,4.0,248893.70260359443,0.18592715024989792,12.471262974688461,-49.69912474850394,-49.69912474850395,7.105427357601002e-15,0.15138022098772552,-24.737901303153617,3.6012485317223226,6.240305861337582,0.02735851433009049,0.4998581470575578,6.239027571915574
36,480,4.0,239650.31808556546,0.3343835813809767,12.4705320272243,-49.547744527516215,-49.54774452751622,7.105427357601002e-15,-0.04687138148747039,-24.58588212292753,3.6014082715319127,6.2404656011471715,0.027375955772835532,0.4998440673313127,6.239059914338976
36,481,4.0,242475.02085022692,0.28823801050528997,12.470713479877244,-49.594615909003686,-49.594615909003686,0.0,-0.12417173792233172,-24.632926530541493,3.601365015000291,6.24042234461555,0.027394425150238332,0.49984350892208224,6.239011686633047
36,482,4.0,250120.20761225992,0.17043824231210064,12.47230647230953,-49.71878764692602,-49.71878764692602,0.0,0.015632952842864256,-24.761524832945263,3.600258373879932,6.23931570349519,0.0273724016035679,0.49985997052597686,6.238054647685942
36,483,4.0,249144.5859822939,0.1840887965686942,12.471810872662962,-49.70315469408315,-49.70315469408315,0.0,-0.1866244098171066,-24.74428951457666,3.6006589652613648,6.239716294876625,0.027382685942923465,0.4998546024354521,6.238406500869597
36,484,4.0,261044.13613530822,-0.0026384491968643193,12.471785163675847,-49.88977910390026,-49.88977910390025,7.105427357601002e-15,0.0972608845669356,-24.928844414698027,3.6011763426853007,6.240233672300559,0.02738551583442174,0.49985978478590515,6.238970111276617
36,485,4.0,254773.33712376247,0.09045932624795038,12.470744386395321,-49.792518219333324,-49.79251821933333,7.105427357601002e-15,-0.013187992032612783,-24.828750002377944,3.601884724623589,6.2409420542388485,0.02739594520600278,0.4998483071271315,6.239574259046132
36,486,4.0,255614.71054988733,0.0783690486760423,12.471018815010495,-49.80570621136594,-49.80570621136594,0.0,-0.09568985658176388,-24.842838368875018,3.6016596310074727,6.2407169606227315,0.02739004845412043,0.4998513190839538,6.239376686265117
36,487,4.0,261803.37319141996,-0.013887732674863396,12.471877083818207,-49.9013960679477,-49.90139606794769,1.4210854715202004e-14,-0.07818816353435665,-24.940917929406652,3.601062205020001,6.240119534635261,0.02739248394139905,0.4998574556214378,6.238835085157295
36,488,4.0,266971.1977239456,-0.08846902323178887,12.472778802062567,-49.97958423148206,-49.97958423148206,0.0,-0.1703264431663314,-25.021712968583408,3.6004104861094013,6.2394678157246615,0.02737705333656474,0.4998697227979721,6.238294604933295
36,489,4.0,278584.768890282,-0.2586900584678734,12.47280515404513,-50.14991067464839,-50.14991067464839,0.0,0.048964759160810445,-25.190905867183947,3.6006938722508504,6.239751201866108,0.02738611494985706,0.4998746467327879,6.238622245581413
36,490,4.0,275195.34746150114,-0.2119359370203637,12.472252494616804,-50.10094591548758,-50.10094591548758,0.0,0.09089829991104637,-25.140039994848003,3.601169150544634,6.240226480159892,0.027370963621740928,0.49987224284142356,6.239075804064254
36,491,4.0,269012.17126377654,-0.11900576872097554,12.47276046171389,-50.01004761557653,-50.01004761557653,0.0,-0.017843087476052233,-25.051885588076953,3.600483177259634,6.239540506874895,0.027376755045212215,0.4998690644845144,6.238361446948459
36,492,4.0,270214.8536413345,-0.13826455673995222,12.47240653657816,-50.027890703052584,-50.02789070305259,7.105427357601002e-15,-0.07014115808500065,-25.068137550996305,3.6008809583988106,6.239938288014069,0.027369317436381484,0.4998702170525854,6.238769510354637
36,493,4.0,274994.9369214234,-0.2101157318965048,12.47197903231027,-50.098031861137585,-50.098031861137585,0.0,-0.0491495243920852,-25.13626957852552,3.6013832410377566,6.240440570653016,0.027389265489478638,0.49986574980246806,6.23923118137851
36,494,4.0,278394.7491304191,-0.2583235485559299,12.472214459243435,-50.14718138552967,-50.14718138552967,0.0,0.13785213026328336,-25.186077005281046,3.6012187654468977,6.240276095062157,0.02739492459078934,0.49986706102663764,6.239078617535228
36,495,4.0,268963.86368499155,-0.12134582541415521,12.471995857463055,-50.00932925526639,-50.00932925526637,1.4210854715202004e-14,-0.039564574618651704,-25.048242184366615,3.6012144381096833,6.240271767724943,0.02737274042919302,0.4998650665692369,6.239056384331952
36,496,4.0,271637.4243878837,-0.16461672644683362,12.471069275859552,-50.04889382988504,-50.04889382988504,0.0,-0.052321530868688626,-25.083918435373977,3.6021865190125055,6.241243848627765,0.027372183339336588,0.4998620788098138,6.2400008305206045
36,497,4.0,275213.8856067806,-0.21837413186308408,12.47071030722266,-50.10121536075373,-50.10121536075373,0.0,0.008339687189319989,-25.134327267242515,3.602664693762544,6.241722023377804,0.027347777157546806,0.49986555397537036,6.24051007582848
36,498,4.0,274640.6839257282,-0.20633978721002222,12.471633971588597,-50.09287567356441,-50.09287567356441,0.0,-0.04810872720432258,-25.1297252756185,3.6017302698712164,6.240787599486475,0.02734862723634957,0.49986863369441,6.239604083254294
36,499,4.0,277963.7810499751,-0.2537740099858539,12.471802597695719,-50.14098440076873,-50.14098440076873,0.0,-0.07114907396618264,-25.178271067240498,3.6016210037667986,6.240678333382058,0.02737431032935747,0.4998676614954969,6.239486219098096
36,500,4.0,282952.2313844882,-0.32791752902534504,12.471053986427389,-50.21213347473491,-50.2121334747349,1.4210854715202004e-14,,-25.246087203313987,3.6024542382399725,6.241511567855231,0.02737842283620693,0.4998667085914693,6.240310330090446
