seed,epoch,temperature,Z,E,S,F,F_check,err,delta_F,F_data,KL,NLL,data_mass,recon_sq,recon_ce
32,1,4.0,282644.88083532144,-0.30532505443388425,12.475615287010669,-50.20778620247656,-50.20778620247656,0.0,0.13901306748262954,-25.251468511999175,3.600022093004088,6.239079422619347,0.027351192045929534,0.4999813378361909,6.23891137439881
32,2,4.0,272990.7753715713,-0.1671377528799671,12.475408845528491,-50.06877313499393,-50.06877313499393,0.0,-0.049927771392184184,-25.111502317434034,3.600260374774711,6.239317704389969,0.02734226411661186,0.4999807152519021,6.239143993473806
32,3,4.0,276419.5852151046,-0.21629100023548092,12.47560247653766,-50.11870090638612,-50.11870090638612,0.0,0.06903297313244394,-25.16226147594454,3.6000525279951363,6.239109857610394,0.027350088746658712,0.4999798596294755,6.238928489856301
32,4,4.0,271689.9983362448,-0.1476153899165635,12.475513135834277,-50.04966793325367,-50.04966793325367,0.0,0.036672399673975065,-25.09284835310101,3.6001475654229074,6.239204895038165,0.027345492238085235,0.4999798160032456,6.239023121600381
32,5,4.0,269210.500792883,-0.11046600479665414,12.475632382195759,-50.0129955335797,-50.01299553357969,7.105427357601002e-15,0.14050365871802484,-25.056687482571213,3.600019683136862,6.239077012752121,0.027351040368565435,0.49997926871569914,6.2388903451596525
32,6,4.0,259918.3880779619,0.030261767046744065,12.475688410477103,-49.87249187486167,-49.872491874861666,7.105427357601002e-15,-0.03338383676471324,-24.91662985516294,3.599908175309424,6.238965504924684,0.027347988509843314,0.49997900622372243,6.2387764618020825
32,7,4.0,262096.73388612547,-0.0026692233119914484,12.475801622078597,-49.905875711626386,-49.90587571162638,7.105427357601002e-15,-0.052249621106298605,-24.950370238741954,3.599819038605848,6.238876368221107,0.027351463451829754,0.4999796069366088,6.2386927526000475
32,8,4.0,265542.8056396365,-0.05558051051575842,12.475636205554231,-49.958125332732685,-49.958125332732685,0.0,-0.0008484174568010872,-25.001892505825065,3.6000008771116465,6.239058206726905,0.027353023674084626,0.4999788684970244,6.2388679165477186
32,9,4.0,265599.1344011715,-0.05747683442991507,12.475374228939895,-49.958973750189486,-49.95897375018949,7.105427357601002e-15,0.066356375222135,-25.00182229498316,3.600230534186324,6.239287863801581,0.027361492189534722,0.49997520131951206,6.239064491157512
32,10,4.0,261229.43037164945,0.0064864838538719605,12.474775964705309,-49.89261737496735,-49.892617374967365,1.4210854715202004e-14,-0.038696323211659944,-24.93342286813316,3.6007412970932897,6.239798626708549,0.027372003148476563,0.4999686421732769,6.239515999349071
32,11,4.0,263768.84845215915,-0.03534477123825404,12.473992231735188,-49.93131369817901,-49.93131369817901,0.0,0.056405615196858605,-24.969096632799104,3.6014969367297183,6.240554266344978,0.027380480577014362,0.4999631207022056,6.240221490339274
32,12,4.0,260075.43973685717,0.022619935835579183,12.474382004704434,-49.87490808298215,-49.87490808298216,7.105427357601002e-15,0.05892540591931095,-24.914157255509828,3.601130377252822,6.24018770686808,0.027358631492854567,0.4999692729133895,6.239910650769084
32,13,4.0,256272.25879836606,0.0846590455438287,12.47516043065167,-49.81598267706284,-49.81598267706285,7.105427357601002e-15,-0.03512434315541668,-24.858345030732615,3.600352081967299,6.239409411582557,0.027354373782504493,0.49997412998698043,6.2391763144694385
32,14,4.0,258532.51672400776,0.04837923541893166,12.474871563909295,-49.85110702021826,-49.851107020218244,1.4210854715202004e-14,-0.07379832841794354,-24.892386476327204,3.6006228063575043,6.239680135972764,0.02736781410988404,0.4999691914110735,6.239402414778707
32,15,4.0,263346.6060322536,-0.029470938098876312,12.47385860263433,-49.9249053486362,-49.924905348636194,7.105427357601002e-15,0.12292832078398419,-24.962173221505996,3.601625702167294,6.240683031782553,0.027378683534666597,0.49996322350437333,6.240351144437305
32,16,4.0,255376.51306129672,0.09383873394720345,12.473953940449853,-49.80197702785222,-49.80197702785221,7.105427357601002e-15,0.10022284998937891,-24.83994726210233,3.6014501118222126,6.240507441437471,0.02737583950231427,0.4999631467111652,6.240174886953812
32,17,4.0,249057.36849340555,0.19099900395021613,12.473188295453266,-49.70175417786284,-49.701754177862846,7.105427357601002e-15,-0.006948660360237113,-24.737204317071757,3.602080135582511,6.2411374651977685,0.027368689434598897,0.4999590558157752,6.240767567197311
32,18,4.0,249490.39827258402,0.17877024306983702,12.471868270323228,-49.708702838223076,-49.708702838223076,0.0,0.03311305170590373,-24.739322823541805,3.6032876740550597,6.242345003670318,0.027402888194133935,0.4999447250315134,6.241844607120204
32,19,4.0,247433.57636043482,0.2103153589044847,12.471476286355415,-49.67558978651717,-49.67558978651717,0.0,0.1721740975837207,-24.70494565891295,3.603603702285796,6.242661031901055,0.027415318112386112,0.499940262340685,6.242119832563373
32,20,4.0,237009.12517718264,0.3804817731682379,12.470974365525423,-49.50341568893345,-49.50341568893346,7.105427357601002e-15,0.1473498631973129,-24.531958782722818,3.6038068969373995,6.2428642265526575,0.027413562333937425,0.4999361332851556,6.242285603585808
32,21,4.0,228437.1636278108,0.5221035211231976,12.469542336714834,-49.35606582573614,-49.35606582573614,0.0,-0.14670425144393562,-24.380496982961915,3.6048348810782995,6.243892210693558,0.027436109456876835,0.49992337329608316,6.243196681653923
32,22,4.0,236970.8742949498,0.3792981033320115,12.47051704512802,-49.502770077180074,-49.50277007718007,7.105427357601002e-15,0.1138017809684655,-24.529652201248926,3.6042221393675278,6.243279468982785,0.027425686470728402,0.4999310781277517,6.242654244543127
32,23,4.0,230323.9497378462,0.4880807349522319,12.469262257790959,-49.38896829621161,-49.3889682962116,7.105427357601002e-15,-0.13133623727223664,-24.412082912940384,3.6051640162025462,6.244221345817805,0.027443435945213306,0.49992047329617156,6.243498808840244
32,24,4.0,238011.94331038848,0.35950449496047854,12.469952257111082,-49.520304533483845,-49.52030453348385,7.105427357601002e-15,0.08392448311251854,-24.544945226004124,3.604782497254672,6.243839826869931,0.02742693427034168,0.499927223953516,6.243179311716999
32,25,4.0,233070.20882621157,0.4415559215286062,12.469483992974983,-49.436380050371326,-49.436380050371326,0.0,0.1410336251034181,-24.459871147227698,3.605069896170645,6.244127225785904,0.027423293558827624,0.49992420622619005,6.243439008887754
32,26,4.0,224995.7081952776,0.5824644645375077,12.469452722451354,-49.29534642526791,-49.29534642526791,0.0,0.1493139876370222,-24.320090104875106,3.604756750482942,6.2438140800982,0.027429933268955313,0.4999220803354523,6.24310685777885
32,27,4.0,216751.7805576126,0.7265516282550015,12.468146016471472,-49.146032437630886,-49.146032437630886,0.0,0.020659146918937665,-24.167750143824055,3.605513243836449,6.244570573451709,0.027472798093621357,0.4999053935871231,6.243711238132744
32,28,4.0,215635.18979640453,0.7475385475456859,12.468227959564407,-49.12537329071195,-49.12537329071194,7.105427357601002e-15,-0.018274282973138156,-24.147651831500003,3.6053730351877262,6.2444303648029855,0.027463881670352994,0.49990674352613557,6.243583680138954
32,29,4.0,216622.58819805502,0.7274979293056867,12.467786375747695,-49.14364757368509,-49.143647573685094,7.105427357601002e-15,0.18004085754240862,-24.16396098307573,3.605864318037083,6.244921647652341,0.027458349904203566,0.49990530603488603,6.244060392339982
32,30,4.0,207088.53353257073,0.9008687730986233,12.466118872310327,-48.96360671614268,-48.963606716142685,7.105427357601002e-15,-0.04614245948713602,-23.980107175109364,3.6068175556430724,6.24587488525833,0.02749256645021644,0.4998899294360403,6.244872530011854
32,31,4.0,209491.2589128342,0.8558930478683925,12.466410555874553,-49.009749175629814,-49.00974917562982,7.105427357601002e-15,0.018430260943091525,-24.026581873518143,3.60673449591266,6.245791825527919,0.02747437396960379,0.4998959358110679,6.244843242182215
32,32,4.0,208528.2345735252,0.8722160883684689,12.465883750763798,-48.99131891468672,-48.99131891468672,0.0,-0.11697973687320484,-24.006410688937997,3.607169726821921,6.24622705643718,0.027478910772487493,0.4998926461564463,6.245247587566185
32,33,4.0,214716.67833403172,0.7554358861328904,12.465933634423205,-49.10829865155993,-49.10829865155993,0.0,0.12015937550422251,-24.12165811483212,3.607602804566697,6.246660134181954,0.02741944049919753,0.4999037607613345,6.245781082165926
32,34,4.0,208362.53933104745,0.8730902633552169,12.46530738485273,-48.988139276055705,-48.988139276055705,0.0,-0.1189113801873134,-24.00103530337187,3.6077186635557004,6.246775993170958,0.02745988937376042,0.4998920140204798,6.245790762018409
32,35,4.0,214649.69743130085,0.7636558777744484,12.467676633504368,-49.10705065624302,-49.107050656243025,7.105427357601002e-15,-0.043013850213313276,-24.127511763164254,3.6058273936544323,6.244884723269691,0.027456022709369338,0.49990535709429906,6.244024209976463
32,36,4.0,216970.38023953486,0.7235274872753893,12.468397998432932,-49.15006450645633,-49.15006450645634,7.105427357601002e-15,-0.04781386326439474,-24.17252242357886,3.6053281911041077,6.2443855207193675,0.027422180912484252,0.4999169732291476,6.243631432533786
32,37,4.0,219579.49115500116,0.6770687685794943,12.468736784575054,-49.197878369720726,-49.19787836972072,7.105427357601002e-15,-0.06984797402442666,-24.220996388322323,3.605163165734342,6.244220495349601,0.02741157961042619,0.49992120598426854,6.243505074699136
32,38,4.0,223447.45973980392,0.6047649791455625,12.468122830722676,-49.26772634374515,-49.26772634374514,1.4210854715202004e-14,-0.19820598909196718,-24.287746574782823,3.605937612625322,6.244994942240581,0.027419810305471366,0.49991705367205885,6.244240946404384
32,39,4.0,234798.52458558325,0.4106369373530432,12.469142317547544,-49.46593233283712,-49.465932332837134,1.4210854715202004e-14,-0.16371298460610006,-24.487538894956597,3.605541029854873,6.244598359470132,0.027350584222507232,0.49993647753863774,6.244020581112068
32,40,4.0,244607.78503880763,0.25130975382424225,12.470238767816864,-49.62964531744322,-49.62964531744321,7.105427357601002e-15,-0.03175135814705499,-24.65424928906549,3.604791677479173,6.243849007094432,0.027343595014593283,0.49994489864883507,6.243348232130833
32,41,4.0,246557.16909905605,0.2205205590514348,12.470479308660428,-49.661396675590275,-49.661396675590275,0.0,-0.26918049703864,-24.686942930537377,3.6045561066479657,6.2436134362632245,0.027365803206812592,0.4999410322105605,6.243077988644184
32,42,4.0,263720.28479929164,-0.04529368903300485,12.471320870898978,-49.930577172628915,-49.930577172628915,0.0,0.06978837497270263,-24.95820747466549,3.6040350948755986,6.2430924244908566,0.027357094974258745,0.49995004454228137,6.242638832214747
32,43,4.0,259159.0382201921,0.023659510994016808,12.471112077162557,-49.86078879765621,-49.86078879765621,0.0,-0.02371110346511074,-24.88790387719349,3.6041639005004233,6.243221230115682,0.027373475501708922,0.4999457505598234,6.242728816028461
32,44,4.0,260699.83715607398,0.006235887106102213,12.472683947056854,-49.88449990112132,-49.884499901121316,7.105427357601002e-15,0.10321815589031047,-24.917364478347018,3.60272652607832,6.241783855693578,0.027346216535089375,0.499960082873555,6.2414225420498255
32,45,4.0,254058.65290893184,0.10828602127548834,12.472391941626626,-49.78128174523101,-49.78128174523101,0.0,0.037389612522368054,-24.813241616052398,3.6029527026793957,6.242010032294654,0.027316315784780595,0.49996202043311383,6.241666080037348
32,46,4.0,251694.92881301697,0.14659306510272485,12.472621299452843,-49.743892132708645,-49.743892132708645,0.0,0.01460688254717013,-24.77699395535054,3.6026672147242675,6.241724544339527,0.027322644309544713,0.4999603999564691,6.241366275457103
32,47,4.0,250777.48539034804,0.15790648213406525,12.471797933073885,-49.729285250161475,-49.729285250161475,0.0,-0.12888033452865955,-24.759310288592395,3.6034364107770136,6.2424937403922724,0.027324193325215303,0.4999554410681793,6.242089981509349
32,48,4.0,258989.13659996394,0.03417117803478678,12.473084190681227,-49.858165584690134,-49.85816558469012,1.4210854715202004e-14,0.10829404084877581,-24.89246652393884,3.6023674355725652,6.241424765187824,0.027309603914915125,0.4999669984678644,6.2411262512236645
32,49,4.0,252071.45703488003,0.14421838728503433,12.4735224827816,-49.74987154384136,-49.749871543841365,7.105427357601002e-15,0.2736845292700636,-24.78644546932846,3.6017991890129673,6.2408565186282265,0.02732918020159248,0.4999642745900237,6.240533838060395
32,50,4.0,235401.24287632466,0.41378938084469286,12.472494098853996,-49.476187014571295,-49.476187014571295,0.0,-0.046799120334391375,-24.510896217245534,3.602265369716181,6.241322699331439,0.027368578758872292,0.4999491846681388,6.240863464730757
32,51,4.0,238171.56009938553,0.368905510161087,12.472972911266694,-49.522986134905686,-49.52298613490569,7.105427357601002e-15,-0.09571446057518784,-24.559251199792282,3.601876404163092,6.240933733778351,0.02737693738108266,0.49994970242983144,6.240479529510495
32,52,4.0,243939.4088055373,0.27617643948443515,12.473719258741328,-49.618700595480874,-49.618700595480874,0.0,0.0016567203394686203,-24.657006468701763,3.6013662020795185,6.240423531694778,0.02735397256110182,0.49995869203702814,6.240050886413385
32,53,4.0,243838.39488091785,0.27735503409598705,12.473599727309349,-49.617043875141405,-49.617043875141405,0.0,-0.11004164068840083,-24.654907958143493,3.6014766496342197,6.240533979249478,0.027358551111919042,0.49995800023027775,6.2401550345164996
32,54,4.0,250639.61234327639,0.1726830431750095,12.474942139751207,-49.727085515829806,-49.72708551582981,7.105427357601002e-15,0.03328010874977139,-24.769461130026066,3.6003487668356766,6.239406096450935,0.02735620696514123,0.4999661300198572,6.239100975368054
32,55,4.0,248562.9349400049,0.20417517941312366,12.47449514662329,-49.693805407080035,-49.69380540708004,7.105427357601002e-15,0.18828414987778785,-24.73454893089154,3.6007567894318666,6.239814119047124,0.027344950601514074,0.49996636187634413,6.239510911414466
32,56,4.0,237133.91774255616,0.39000730429400265,12.473882140374059,-49.50552125720225,-49.50552125720223,1.4210854715202004e-14,0.09911829542907924,-24.54538301930541,3.6009772298589455,6.240034559474204,0.027370675395954953,0.49995690729914577,6.239645937136034
32,57,4.0,231330.04602268606,0.48489610847951387,12.472824767563171,-49.40640296177317,-49.406402961773175,7.105427357601002e-15,0.011876628135716771,-24.443226094892772,3.601736887104839,6.240794216720098,0.027391247067914792,0.4999465012437522,6.240311126526229
32,58,4.0,230644.20947144378,0.49171856394565777,12.471561224395774,-49.39452633363745,-49.39452633363744,1.4210854715202004e-14,-0.10898701089293183,-24.42675825111294,3.6028846910158676,6.241942020631127,0.02741161906104968,0.49993553543759467,6.241359143747976
32,59,4.0,237014.91156471576,0.3880828063485804,12.472899037719742,-49.50351334453038,-49.50351334453039,7.105427357601002e-15,0.08549878350065399,-24.539727326277593,3.601889174947935,6.240946504563193,0.027385033689656682,0.49994959700798436,6.240491423616704
32,60,4.0,232002.54960329412,0.47165025544267297,12.472416204118101,-49.41801456102973,-49.41801456102973,0.0,0.051062324815994486,-24.45312265183865,3.6021656476825092,6.241222977297768,0.027382077282556923,0.4999468053683953,6.2407425048844924
32,61,4.0,229059.72560958558,0.5212867102895855,12.472059736625829,-49.366952236213734,-49.36695223621373,7.105427357601002e-15,0.16418130936015274,-24.401241877808065,3.6023702599861593,6.241427589601419,0.027386689006870957,0.4999431417605877,6.240913857089945
32,62,4.0,219848.2317765216,0.6793037195993625,12.470518661613234,-49.20277092685358,-49.202770926853574,7.105427357601002e-15,0.007272477017643553,-24.233104573910072,3.603359258620617,6.242416588235876,0.02741003579628874,0.49992939773331196,6.241777663707616
32,63,4.0,219448.8846136693,0.6891762049996493,12.4711686637089,-49.19549844983594,-49.19549844983595,1.4210854715202004e-14,-0.0832709455292715,-24.2283536335811,3.6027288744484522,6.241786204063712,0.027395718771680247,0.4999360315721829,6.241208044355711
32,64,4.0,224065.19751929,0.6058019606675813,12.4711428390082,-49.27876939536521,-49.27876939536522,7.105427357601002e-15,-0.02859679548397054,-24.310499662693577,3.60301010355265,6.242067433167909,0.027382200423882282,0.4999383532799481,6.241509989754737
32,65,4.0,225672.823949671,0.579613531073139,12.471744930480579,-49.30736619084918,-49.30736619084918,0.0,-0.04832503780860975,-24.34112361752724,3.6025033137152254,6.241560643330483,0.027383637009171208,0.49994143003742364,6.241031489810966
32,66,4.0,228415.7716559773,0.5314866639732596,12.471794473157761,-49.35569122865779,-49.35569122865778,7.105427357601002e-15,0.0035478459617266367,-24.389247231335684,3.602553669715268,6.2416109993305255,0.02739991479347157,0.49993925748781093,6.241062180501091
32,67,4.0,228213.26548357547,0.5357287992055451,12.471968045475403,-49.35214338269606,-49.35214338269607,7.105427357601002e-15,-0.04793232290953853,-24.38638850463837,3.602381389899165,6.2414387195144245,0.027393182227471505,0.49994093980603554,6.24090515538433
32,68,4.0,230964.41416461795,0.48882388996926807,12.472224898893717,-49.4000757056056,-49.4000757056056,0.0,0.05476748911758733,-24.434877656409633,3.6022421826837325,6.241299512298991,0.02739929017981571,0.4999417126285303,6.240773166569933
32,69,4.0,227823.62958153925,0.5447414104002204,12.472512406722059,-49.345308216488014,-49.345308216488014,0.0,0.11545631555826219,-24.381864126735127,3.6018036928229633,6.240861022438223,0.027408929232293346,0.49994056052936126,6.2403246939669685
32,70,4.0,221341.70773624777,0.6559891702833762,12.47146026780328,-49.22985190092975,-49.229851900929745,7.105427357601002e-15,-0.012980086848472183,-24.26373724870197,3.6024713334416867,6.241528663056946,0.027422891477213118,0.4999316102964678,6.240910995452302
32,71,4.0,222061.1330276893,0.6443671335478194,12.471799780331514,-49.242831987778224,-49.24283198777824,1.4210854715202004e-14,-0.07639469402224108,-24.27786228072062,3.602185097149144,6.241242426764402,0.027414541191838487,0.4999341817049607,6.240648151815045
32,72,4.0,226342.96460493305,0.5726137980612237,12.472960119965418,-49.319226681800465,-49.319226681800444,2.1316282072803006e-14,0.10268992131936727,-24.357810454476258,3.601296727215794,6.240354056831054,0.027404498171701302,0.49994295497249763,6.239839613174119
32,73,4.0,220606.1337179846,0.6736531332517683,12.472547473433217,-49.2165367604811,-49.2165367604811,0.0,0.01994959520349937,-24.254775952565968,3.6013828723635237,6.2404402019787835,0.027408908599630844,0.4999387455211309,6.239887742426446
32,74,4.0,219508.62209027295,0.6938716511064285,12.472614704096006,-49.1965871652776,-49.1965871652776,0.0,0.06582415685451792,-24.23534295904944,3.60125372194178,6.240311051557039,0.027407081482544032,0.499939150152488,6.239762359655956
32,75,4.0,215925.9388347176,0.7562971180338162,12.471765031614225,-49.13076300842308,-49.13076300842309,7.105427357601002e-15,-0.1129835852477683,-24.16715209297647,3.6018453992463937,6.240902728861654,0.027420122150192395,0.49993278393915175,6.240296127389924
32,76,4.0,222111.91343817321,0.6463132631732975,12.47251496421104,-49.24374659367085,-49.24374659367086,1.4210854715202004e-14,-0.12911567735081775,-24.28154165242805,3.601493905695441,6.2405512353107,0.02740625618463801,0.49993970653802305,6.240007366562848
32,77,4.0,229398.4134929814,0.5210366730847544,12.473474736026603,-49.37286227102167,-49.37286227102166,7.105427357601002e-15,-0.09814517258578803,-24.412845685643415,3.6009468167293037,6.240004146344563,0.02738692302529106,0.49994866167652846,6.239541399209966
32,78,4.0,235096.62078474337,0.4256316643369909,12.474159776986111,-49.471007443607455,-49.471007443607455,0.0,0.00012852330343804397,-24.512609115910966,3.6005422523088626,6.239599581924123,0.027375525737352607,0.4999552932838138,6.23919676850321
32,79,4.0,235089.06705751523,0.4241948073445936,12.473768431912154,-49.47087892030402,-49.470878920304024,7.105427357601002e-15,0.05303381163703591,-24.510969071799703,3.6009201325108187,6.239977462126078,0.027376844655637233,0.49995367486884984,6.239559866869503
32,80,4.0,231992.72146642228,0.47693125369891,12.473694090591476,-49.41784510866698,-49.417845108666995,1.4210854715202004e-14,0.08519224683633553,-24.458101588132255,3.600878550518422,6.2399358801336815,0.027369688809850863,0.4999542080864471,6.239523071260017
32,81,4.0,227103.97141509154,0.5605133698851807,12.473291557928956,-49.332652861830645,-49.332652861830645,0.0,-0.06738874912879567,-24.372344099749295,3.601019860905077,6.240077190520336,0.027383534180863613,0.49994851567905996,6.239613042251122
32,82,4.0,230962.44551051402,0.49231485621289195,12.473089116793084,-49.40004161095944,-49.40004161095944,0.0,0.06870095687172295,-24.438275581721232,3.6013841776942934,6.240441507309553,0.027382446714641014,0.49994780007828366,6.239970680142946
32,83,4.0,227029.4817365664,0.5600178218956374,12.47283961899584,-49.33134065408772,-49.331340654087725,7.105427357601002e-15,0.1650150923204663,-24.369470059001706,3.601410319156243,6.2404676487715,0.0274020102518805,0.4999422300452865,6.239946593264688
32,84,4.0,217854.21737636422,0.7198569927912919,12.471545638639638,-49.16632556176725,-49.16632556176726,7.105427357601002e-15,-0.09788934602036647,-24.201635235245735,3.6021152520151185,6.241172581630377,0.02742780595469121,0.49992868006600644,6.240528758873839
32,85,4.0,223251.39045180153,0.6234817508366335,12.471924164656063,-49.26421490778762,-49.26421490778762,0.0,-0.0809054492181076,-24.299716958100426,3.602067157806539,6.241124487421798,0.027415264172032383,0.4999334397190148,6.2405235238576395
32,86,4.0,227812.93012551407,0.5442394325090919,12.472339947378709,-49.345120357005726,-49.34512035700574,1.4210854715202004e-14,0.051197421523667686,-24.38120464805584,3.601921597622212,6.240978927237472,0.027400046391749207,0.49993984571572814,6.240435931401672
32,87,4.0,224915.6526677817,0.5947870902249118,12.472177506426743,-49.29392293548206,-49.29392293548206,0.0,0.1132949047296421,-24.329966078248983,3.601931884693013,6.2409892143082715,0.02740195220977879,0.4999381535128488,6.2404309524759345
32,88,4.0,218634.57497182244,0.70265057559727,12.470819651587425,-49.180628030752416,-49.18062803075243,1.4210854715202004e-14,-0.005550975176340955,-24.212942375463907,3.602864084206868,6.241921413822127,0.027424577104866343,0.4999262068918498,6.241254359577179
32,89,4.0,218938.19437065363,0.692773512936236,12.469738129716248,-49.18617900592876,-49.18617900592876,0.0,0.04061749311265572,-24.214294418811086,3.6039138171641576,6.242971146779417,0.02743208348208545,0.49991910125603545,6.242238671865983
32,90,4.0,216726.26361168432,0.7352575948086936,12.4702047769062,-49.1455615128161,-49.14556151281611,7.105427357601002e-15,-0.15180930611045085,-24.175996325511715,3.6033339672108395,6.242391296826098,0.02742799213877551,0.4999219570007619,6.241685144686997
32,91,4.0,225109.60698606807,0.5828904744970314,12.470065323355893,-49.29737081892655,-49.29737081892654,1.4210854715202004e-14,0.2637915035897791,-24.325385414928512,3.6039390213842517,6.242996350999511,0.02742222677499807,0.4999236813107376,6.2423049403521516
32,92,4.0,210743.03545352622,0.8380614179450269,12.467910183320454,-49.03357931533677,-49.03357931533679,1.4210854715202004e-14,0.19533198990228584,-24.05693530518813,3.6051036729219015,6.244161002537161,0.027451500674360283,0.49990386592451724,6.243288331769703
32,93,4.0,200699.05602466036,1.0245595068004976,12.465701708058747,-48.83824732543449,-48.83824732543449,0.0,-0.11806231613331164,-23.856702844900603,3.606328790518212,6.245386120133472,0.027518525666820177,0.4998772556505741,6.244270734453845
32,94,4.0,206711.09279569943,0.9154977367399415,12.467951844576936,-48.9563096415678,-48.9563096415678,0.0,0.0926893270359983,-23.98130622179752,3.604693525327313,6.243750854942571,0.027480776509384578,0.49989746129397106,6.2428215743828295
32,95,4.0,201976.18605825352,1.0091994767293127,12.46820494781528,-48.8636203145318,-48.86362031453181,7.105427357601002e-15,-0.06462579007963853,-23.89117013415183,3.604055215479733,6.243112545094992,0.027480199179577076,0.49989825639921653,6.242191623524531
32,96,4.0,205265.90725292626,0.9443757728147502,12.468155469356546,-48.92824610461144,-48.92824610461143,7.105427357601002e-15,-0.1625948491798681,-23.95451193787534,3.604376212068766,6.243433541684025,0.027476154644911325,0.49989954452313645,6.242523576124133
32,97,4.0,213781.60562634966,0.7861975301372267,12.469259620982136,-49.09084095379131,-49.090840953791314,7.105427357601002e-15,-0.032359709315102236,-24.118838761451094,3.6039432184697935,6.243000548085054,0.02746526401555287,0.4999089446865483,6.242176316785362
32,98,4.0,215518.0978574113,0.7533718788257506,12.469143135483042,-49.12320066310641,-49.12320066310642,7.105427357601002e-15,-0.16713468635424533,-24.150228479309895,3.6041857163338706,6.24324304594913,0.027452279303814404,0.4999109376711683,6.242436480347875
32,99,4.0,224714.01704156603,0.5875309619709339,12.469466577857897,-49.290335349460655,-49.290335349460655,0.0,-0.0763889784057028,-24.31640211684484,3.604425978538695,6.243483308153954,0.027438877515177065,0.49991687778646304,6.242730330146221
32,100,4.0,229046.6748255087,0.5160129367104394,12.470684316144201,-49.36672432786636,-49.366724327866365,7.105427357601002e-15,0.08910802106701965,-24.39654022787662,3.6034886953821763,6.242546024997436,0.027423140468754503,0.49992704816816325,6.241885786207594
32,101,4.0,224000.61507407966,0.6056775291921594,12.470823458997874,-49.27761630679934,-49.27761630679934,0.0,0.0021659490575913765,-24.309031354598524,3.603088908434945,6.2421462380502035,0.02742891109637629,0.4999255091606539,6.241472485052786
32,102,4.0,223879.35442731058,0.6074650374145257,12.470728848789065,-49.27545035774175,-49.27545035774173,1.4210854715202004e-14,-0.11501360409743455,-24.306638993217398,3.603145511515828,6.242202841131087,0.02744069684379709,0.4999226755862832,6.241503646889243
32,103,4.0,230410.08774475715,0.4942535797495364,12.47117938539718,-49.39046396183918,-49.39046396183918,0.0,0.07315157094601688,-24.422049286006608,3.603046339342883,6.242103668958143,0.027430790630706418,0.4999280979556773,6.241453578702216
32,104,4.0,226234.66895090425,0.5688042817674385,12.47152916816515,-49.317312390893164,-49.31731239089316,7.105427357601002e-15,-0.08449735858366125,-24.351055835681986,3.6025068091875343,6.2415641388027945,0.02742815203519914,0.4999293674256193,6.240925992066588
32,105,4.0,231064.5614772421,0.48393491781133213,12.471436166822043,-49.401809749476826,-49.40180974947684,1.4210854715202004e-14,-0.01014008610839312,-24.43423892706508,3.602835375987678,6.241892705602937,0.027418678638695012,0.49993139284079213,6.24127249529711
32,106,4.0,231651.05819154915,0.4761296674699628,12.472019875763795,-49.41194983558522,-49.41194983558522,0.0,0.14764816918688695,-24.44650955047248,3.602302741662924,6.241360071278182,0.02740482142368386,0.4999358098298265,6.240780306270827
32,107,4.0,223256.23274943416,0.6179186060607353,12.470555068114766,-49.26430166639833,-49.26430166639833,0.0,0.1400340816326704,-24.29505953084001,3.6032532042743206,6.24231053388958,0.02743120783836193,0.49992103740930277,6.241596559392552
32,108,4.0,215575.59075626417,0.7477906420044633,12.468014556692532,-49.12426758476566,-49.12426758476567,7.105427357601002e-15,-0.017280825125958188,-24.147221313959033,3.6052042380863987,6.244261567701656,0.027455943465222305,0.4999009275478838,6.243363411470203
32,109,4.0,216508.9364488696,0.7292168942976512,12.467691326047312,-49.14154840989162,-49.1415484098916,2.1316282072803006e-14,0.016734153397145235,-24.16303640889335,3.605570670634307,6.244628000249565,0.027455607945787792,0.4998991355562478,6.2437132958475745
32,110,4.0,215605.0550398519,0.7449472910312573,12.467440386881433,-49.124814256494474,-49.124814256494474,0.0,-0.11142547441822614,-24.145541662508887,3.6057608188811376,6.244818148496397,0.027449421684771703,0.4998983841784525,6.243896312568225
32,111,4.0,221695.463426756,0.638474441489524,12.468678543100555,-49.2362397309127,-49.2362397309127,0.0,-0.14960954749484046,-24.259906491816714,3.605025980158737,6.244083309773997,0.02739611470307477,0.49991667526446704,6.24332779091398
32,112,4.0,230144.42361510504,0.49039321270484515,12.469060622778098,-49.38584927840754,-49.38584927840755,7.105427357601002e-15,-0.09034902606529016,-24.409168979322722,3.6051127451559446,6.244170074771205,0.02738052520194779,0.49992361267402285,6.243477083111136
32,113,4.0,235401.90729147577,0.4060715678886071,12.470567468090358,-49.47619830447283,-49.476198304472824,7.105427357601002e-15,0.11049438403761513,-24.50444064961693,3.6038820840987165,6.242939413713976,0.027375171334168065,0.49993311697927134,6.242334120641483
32,114,4.0,228988.25204543758,0.5089033324262872,12.468651813215377,-49.365703920435216,-49.36570392043522,7.105427357601002e-15,-0.16229523804202728,-24.387962455516252,3.605378036614482,6.24443536622974,0.027409521691176202,0.4999139640045709,6.243655035801153
32,115,4.0,238470.23713088062,0.35118950697779816,12.46979716636376,-49.52799915847724,-49.52799915847724,0.0,-0.09407277367991895,-24.553044728942474,3.604681277768433,6.243738607383691,0.027397135069756315,0.4999241243826249,6.243051161576994
32,116,4.0,244145.0959423591,0.26155599884772557,12.470906982751224,-49.62207193215716,-49.62207193215717,7.105427357601002e-15,-0.008499599424624193,-24.650507809682743,3.6038337010033437,6.242891030618603,0.02738098962231478,0.4999347784642219,6.24230087856258
32,117,4.0,244664.4313941131,0.2571305453718459,12.471925519238408,-49.630571531581786,-49.630571531581786,0.0,0.08869612984879893,-24.66272369510199,3.60290462950469,6.241961959119948,0.02735912311481496,0.4999442940709331,6.241458417913205
32,118,4.0,239298.94146759305,0.34567978650412917,12.471888797059275,-49.54187540173299,-49.54187540173297,1.4210854715202004e-14,-0.016781637853810594,-24.574577856386746,3.6027670567213,6.2418243863365594,0.027352261543296296,0.49994393453819996,6.241317810339477
32,119,4.0,240305.0074649382,0.3273625814921744,12.471504905269743,-49.5586570395868,-49.5586570395868,0.0,0.023419956400893227,-24.59007423147408,3.603088372412924,6.242145702028183,0.027392486270957216,0.49993351646472156,6.241544759142391
32,120,4.0,238902.1351741287,0.35307348211211004,12.472077641324503,-49.535237083185905,-49.535237083185905,0.0,0.12362626550697087,-24.5689924945895,3.6025038175338415,6.2415611471491,0.027378726608548194,0.49993849396314616,6.241005657931447
32,121,4.0,231631.42555935367,0.47709606997486276,12.472176721913447,-49.411610817678934,-49.41161081767893,7.105427357601002e-15,-0.07627942655881981,-24.446889118834402,3.6021230950958736,6.241180424711133,0.02737095035779142,0.4999390329670009,6.2406299090141095
32,122,4.0,236090.99012037413,0.40464283320491146,12.473133269360666,-49.487890244237754,-49.487890244237754,0.0,0.02946505197581928,-24.52612025365296,3.6013851680309394,6.240442497646198,0.027373200639148033,0.49994464949802103,6.239943256996358
32,123,4.0,234358.27146234253,0.4298270903683402,12.472063070657567,-49.458425192261934,-49.45842519226193,7.105427357601002e-15,-0.06449221528888671,-24.492825770707743,3.6023425257732913,6.24139985538855,0.027367348745398166,0.49993896066087695,6.240848553113743
32,124,4.0,238167.46790920914,0.3665624589874055,12.472369966634556,-49.52291740755082,-49.52291740755082,0.0,-0.06444115101601966,-24.557966497935613,3.6021803977885436,6.241237727403802,0.027373184501719928,0.4999399029434803,6.240695076594048
32,125,4.0,242035.4881515286,0.3030598099736104,12.472604592135113,-49.58735855856684,-49.58735855856684,0.0,-0.07112434123872902,-24.62273033528115,3.6020997262061614,6.241157055821421,0.027372495800970037,0.49994298685602473,6.240642425891936
32,126,4.0,246377.63142134596,0.22961278598383672,12.472023921447352,-49.65848289980557,-49.65848289980557,0.0,0.005263394015614153,-24.69116505363841,3.6027721319265327,6.241829461541791,0.027378565076972238,0.49993900201968605,6.24127840022716
32,127,4.0,246053.64898629294,0.2366970127680408,12.472479129639504,-49.653219505789956,-49.65321950578998,2.1316282072803006e-14,0.06288668470811132,-24.68753443562654,3.6023639379255967,6.241421267540856,0.027353728240696984,0.49994591953967377,6.240932771018062
32,128,4.0,242215.52434752497,0.29507042018522434,12.471350810316768,-49.590332821081844,-49.590332821081844,0.0,-0.058764131349313686,-24.620813418110707,3.603322521127528,6.242379850742787,0.027351738003424806,0.4999386639317097,6.241824709625964
32,129,4.0,245800.18729812728,0.23048926878182827,12.469896555303247,-49.64909695243116,-49.64909695243116,0.0,0.03632585456775672,-24.673584193800394,3.604820860042433,6.243878189657692,0.027355928064314756,0.4999308971346598,6.243251130285384
32,130,4.0,243578.0671576809,0.26773545098183116,12.470126637211303,-49.6127710978634,-49.61277109786338,2.1316282072803006e-14,-0.050549587948303554,-24.63848064915135,3.6045152825627538,6.243572612178013,0.027368190305389412,0.4999296587649157,6.2429349868826
32,131,4.0,246675.79225416802,0.21675445480022468,12.470018785152984,-49.663320685811705,-49.66332068581171,7.105427357601002e-15,0.17947491890754463,-24.68818697570352,3.604726097911788,6.243783427527047,0.02735188236051727,0.49993170020194166,6.243163845395405
32,132,4.0,235852.39460042142,0.3983413391708954,12.470546776518763,-49.48384576690416,-49.48384576690415,7.105427357601002e-15,-0.05028821992852528,-24.512380574200836,3.6038089685605734,6.242866298175832,0.02737667966669504,0.49992814692290616,6.2422155422276475
32,133,4.0,238836.26123918654,0.34715517525626616,12.470322290522237,-49.534133986832686,-49.53413398683268,7.105427357601002e-15,-0.10738062863323705,-24.561443917912126,3.604115187614881,6.243172517230142,0.027391732444325027,0.4999254064631662,6.24249722246411
32,134,4.0,245334.69366715572,0.23552646704685398,12.469260270628192,-49.64151461546592,-49.641514615465915,7.105427357601002e-15,-0.10392420987393791,-24.664063166798456,3.6053055325516077,6.244362862166866,0.027410220948766537,0.49991668427860153,6.243607237013441
32,135,4.0,251792.27130459592,0.13117050704712738,12.469152333096748,-49.74543882533986,-49.74543882533986,0.0,0.15734857505135835,-24.766796261577472,3.6056033113253387,6.244660640940597,0.027398812664298774,0.4999198562677045,6.243933279552375
32,136,4.0,242079.7660418831,0.2886770348286492,12.469191821279288,-49.5880902502885,-49.5880902502885,0.0,0.01752710648642619,-24.61076724689435,3.605273421233278,6.244330750848536,0.027405520618118254,0.4999163509547867,6.243571834817118
32,137,4.0,241021.34715351387,0.30520014863092687,12.468940823108252,-49.570563143802076,-49.57056314380208,7.105427357601002e-15,0.051112439302166024,-24.592250177066155,3.6055209120687217,6.24457824168398,0.027380892308696194,0.49991953543678214,6.243847611205021
32,138,4.0,237961.14335846022,0.3547111402372275,12.468540461184286,-49.51945070449991,-49.51945070449992,7.105427357601002e-15,0.06642233989609281,-24.540054323818612,3.605791765555064,6.244849095170324,0.027378075738766276,0.49991659661134835,6.2440911341331145
32,139,4.0,234042.28687423762,0.41816502523453286,12.467798347459587,-49.45302836460382,-49.45302836460381,7.105427357601002e-15,-0.015988350327042156,-24.471486914633438,3.606328032877335,6.245385362492594,0.027386045192045207,0.4999095529971481,6.244562445931099
32,140,4.0,234979.64649897406,0.40126401901668235,12.467570183486885,-49.46901671493086,-49.46901671493086,0.0,0.011237943187239807,-24.486225049952953,3.6066405866292177,6.245697916244476,0.02735265578431201,0.4999149410307405,6.244923185749569
32,141,4.0,234320.40102362575,0.4076157917808495,12.466348640881117,-49.45777877174362,-49.45777877174362,0.0,-0.00865914250570654,-24.470581039319075,3.6077421034908754,6.246799433106135,0.027373245518464092,0.4999034456377807,6.245918249877813
32,142,4.0,234828.20390361847,0.40187657769604174,12.467078622986342,-49.466437914249326,-49.466437914249326,0.0,-0.02060522086804184,-24.482015533676993,3.607048265527822,6.246105595143082,0.02738209615660112,0.4999066541619013,6.245255182775593
32,143,4.0,236040.9967065526,0.3883598106751792,12.468850736448136,-49.48704313511737,-49.48704313511737,0.0,-0.0685117704722984,-24.509020756337787,3.605448265079638,6.244505594694897,0.027357451989034075,0.49992280275028805,6.243804673998966
32,144,4.0,240118.71512891428,0.3196635223378979,12.46880460698189,-49.555554905589666,-49.55555490558966,7.105427357601002e-15,-0.04690105643999942,-24.57651030846747,3.605703819665289,6.244761149280548,0.027327277767415906,0.4999295726300106,6.244121201026571
32,145,4.0,242950.74116222493,0.27451302311517256,12.469242246286209,-49.602455962029666,-49.602455962029666,0.0,0.12052015808120586,-24.62479247715768,3.605358541602737,6.2444158712179965,0.02733480549811674,0.49993050311231174,6.243784675763024
32,146,4.0,235739.80414883443,0.3937300133673739,12.468916454328953,-49.48193580394846,-49.48193580394844,2.1316282072803006e-14,0.002626382265653149,-24.50408028785626,3.60540654940779,6.24446387902305,0.02732506882178303,0.4999276184802367,6.243806029783343
32,147,4.0,235585.06924328874,0.39600745447898256,12.46882921904045,-49.47930942168281,-49.479309421682814,7.105427357601002e-15,-0.05538868875039782,-24.501139210162197,3.605485223264893,6.244542552880152,0.027325864677734225,0.4999274789151968,6.243883362253723
32,148,4.0,238869.94690739727,0.34776209095267685,12.47061505034647,-49.534698110433204,-49.534698110433204,0.0,0.13007041166395084,-24.562875469631262,3.603898330585229,6.242955660200488,0.02732392069095762,0.49993840431345715,6.242397546143328
32,149,4.0,231227.4008840361,0.47170086344164663,12.469082140552723,-49.404627698769254,-49.40462769876925,7.105427357601002e-15,0.06729535456165081,-24.42841138001914,3.604996750072268,6.244054079687525,0.02735536165175485,0.49992243027872785,6.243349673371305
32,150,4.0,227369.80914063533,0.5369203398181506,12.468563171006439,-49.3373323442076,-49.3373323442076,0.0,0.13480672140791228,-24.359996099108592,3.6052767316594934,6.244334061274751,0.027367480644178918,0.4999156009223786,6.243567115377217
32,151,4.0,219834.749774301,0.6685926549753305,12.467779569443756,-49.20252562279969,-49.2025256227997,7.105427357601002e-15,-0.22561243226113703,-24.223942611050695,3.60558842332199,6.244645752937248,0.027376017099129738,0.4999074133476371,6.243804019903033
32,152,4.0,232590.46236242048,0.45105230643208305,12.469797590373226,-49.42813805506083,-49.42813805506082,7.105427357601002e-15,-0.034897258389143815,-24.45439564718576,3.604378272353507,6.243435601968765,0.02733609141686363,0.49992841706325675,6.242786056423463
32,153,4.0,234628.53218247532,0.4147172880266749,12.469438150369163,-49.46303531344997,-49.46303531344998,7.105427357601002e-15,0.015634446095575072,-24.487492215399666,3.6048284448973194,6.243885774512578,0.027321680410680515,0.4999288947551131,6.2432398566678495
32,154,4.0,233713.2503036508,0.42922594244357404,12.469156702449496,-49.447400867354396,-49.44740086735441,1.4210854715202004e-14,-0.08654855217332624,-24.470956240823053,3.605053827017578,6.244111156632835,0.027325916794668736,0.4999263886407709,6.243442230284452
32,155,4.0,238825.24115216595,0.3420465806527158,12.468999000045109,-49.53394941952772,-49.53394941952772,0.0,0.1523624343725487,-24.55596338290214,3.605439179541136,6.244496509156394,0.027306398034854712,0.49992986908088854,6.243858764855269
32,156,4.0,229899.31847108615,0.49123405896116656,12.468205261029086,-49.381586985155174,-49.381586985155174,0.0,0.02608920934354586,-24.402156759781096,3.6058002267282605,6.24485755634352,0.027316921388679246,0.499921765164088,6.244145626337811
32,157,4.0,228404.72500282145,0.521614983595375,12.469278189851751,-49.35549777581163,-49.35549777581163,0.0,-0.15395783462430046,-24.380673541073744,3.604648729069212,6.243706058684471,0.027336234514906636,0.4999231366424827,6.2430084212503205
32,158,4.0,237367.27463632077,0.3660378963163018,12.468873376688057,-49.50945561043593,-49.50945561043593,0.0,-0.014945003918207078,-24.531491954866592,3.6054335842770757,6.244490913892335,0.02733670328660971,0.4999224134595453,6.243785270050805
32,159,4.0,238255.79718670284,0.35037139155571423,12.468693001477462,-49.524400614354136,-49.524400614354136,0.0,-0.03660510480389689,-24.545711969342538,3.605614831637642,6.2446721612528995,0.02735011562715925,0.49991939946931535,6.243939259540055
32,160,4.0,240446.14876331808,0.3207515852148986,12.470439326093235,-49.56100571915803,-49.56100571915804,7.105427357601002e-15,-0.005515961036572037,-24.58886208029522,3.603978580100445,6.2430359097157035,0.02737082712541473,0.49992547874665555,6.242360686856935
32,161,4.0,240777.95038333215,0.3109170912795165,12.469359692868533,-49.566521680194604,-49.56652168019462,1.4210854715202004e-14,0.06633844350718476,-24.590010936251243,3.605070356370582,6.24412768598584,0.02734532951731438,0.4999244809428586,6.243441878048777
32,162,4.0,236817.6723756043,0.37460199876238615,12.46869630886245,-49.50018323668742,-49.50018323668741,7.105427357601002e-15,-0.1851166584944366,-24.52184762989504,3.6055265720828373,6.244583901698097,0.027358774401057044,0.49991678256306216,6.243827962556919
32,163,4.0,248034.95772835374,0.1909432290017869,12.469060781045911,-49.685299895181856,-49.685299895181856,0.0,0.0773413162614105,-24.70688217728073,3.6055470998600234,6.244604429475282,0.027360363319913334,0.49992028668442917,6.243880687071644
32,164,4.0,243285.1873636338,0.27220156922443156,12.470040037036222,-49.607958578920446,-49.60795857892046,1.4210854715202004e-14,0.026969587422350116,-24.63404154871589,3.60442192793588,6.243479257551138,0.027376921397594393,0.49992096692237065,6.24276311223228
32,165,4.0,241650.37953610078,0.29444287669124175,12.468857967047338,-49.580988991498096,-49.58098899149811,1.4210854715202004e-14,-0.02275317876488714,-24.602559372123732,3.6055500752283325,6.244607404843592,0.027349666341378087,0.4999195476797048,6.243876627197369
32,166,4.0,243028.87503449884,0.2666204052137206,12.46759064386918,-49.60374217026298,-49.603742170263,1.4210854715202004e-14,-0.01405369995337935,-24.620170339345094,3.6068356281142138,6.245892957729473,0.02733603564081507,0.4999152622676752,6.245121266623715
32,167,4.0,243884.24050825267,0.2531714338476621,12.467741826016004,-49.61779587021636,-49.617795870216355,7.105427357601002e-15,0.02705057100519781,-24.63482523663909,3.6066853287790592,6.245742658394318,0.027353898824452594,0.4999130110342189,6.244951158609902
32,168,4.0,242240.50278697908,0.2744079561774827,12.466288313847162,-49.590745299211164,-49.590745299211164,0.0,0.09881168619563852,-24.602233678718257,3.608070575507969,6.247127905123228,0.02733002735851014,0.49990999445457013,6.24630631310248
32,169,4.0,236329.76151468419,0.36940805727972154,12.465335417573812,-49.491933613015526,-49.491933613015526,0.0,-0.006374565706863677,-24.500690385002684,3.6087534773879506,6.247810807003208,0.027326665271094112,0.4999024626596007,6.246919194557158
32,170,4.0,236706.68667500227,0.3580249543812399,12.464083283275906,-49.49830817872239,-49.49830817872238,7.105427357601002e-15,0.08473902224619678,-24.501579762768962,3.610124774373098,6.249182103988356,0.02724305036628799,0.499912464945714,6.2483779101414365
32,171,4.0,231744.85652595514,0.4502717206848342,12.465960219290256,-49.41356915647619,-49.41356915647619,0.0,-0.023621818683871254,-24.425125376148852,3.6080536154665777,6.247110945081837,0.027270426840857405,0.4999162769116026,6.2463455762212785
32,172,4.0,233117.46421858427,0.4310866036053148,12.46706939469135,-49.437190975160064,-49.437190975160085,2.1316282072803006e-14,0.014863314547270079,-24.45285478963974,3.6070267167648207,6.246084046380079,0.027278305214370902,0.4999208913344658,6.245362628896983
32,173,4.0,232252.84704875966,0.4529764900794172,12.46882603767305,-49.422327660612794,-49.42232766061279,7.105427357601002e-15,-0.07830346623602935,-24.445040248809487,3.6052645233355665,6.244321852950825,0.027306076594110898,0.49992663060417664,6.243655153295568
32,174,4.0,236844.19093662777,0.3781706823459339,12.469700452298689,-49.50063112684882,-49.50063112684882,0.0,0.09132769447911926,-24.526018210414215,3.604595899493394,6.243653229108653,0.027322068286476535,0.4999297568714847,6.243015997343984
32,175,4.0,231497.84835269523,0.471065584652141,12.470092254255459,-49.409303432369704,-49.4093034323697,7.105427357601002e-15,0.03820181378507215,-24.437246125919074,3.6039569969974,6.243014326612658,0.027333159030464918,0.499928499738872,6.242366497662154
32,176,4.0,229297.4629930121,0.5102684752483625,12.470342523458248,-49.37110161858463,-49.37110161858463,0.0,-0.10890398490575848,-24.400608971153357,3.60356583224256,6.242623161857817,0.027352435966267012,0.4999251411453593,6.2419455185517085
32,177,4.0,235626.07532148258,0.4068255103580165,12.471707778462102,-49.48000560349039,-49.48000560349039,0.0,-0.012537822618568839,-24.513683198891965,3.602523271534347,6.241580601149606,0.027356253065190888,0.4999318002174532,6.240964447171897
32,178,4.0,236365.79350694705,0.396106558580829,12.472162496172452,-49.49254342610896,-49.49254342610898,2.1316282072803006e-14,0.0335401125655963,-24.52793157310432,3.6020956336359027,6.241152963251161,0.027364556662232788,0.4999324279104603,6.240542868570013
32,179,4.0,234392.1457862697,0.42836037671972776,12.471840922565768,-49.45900331354336,-49.45900331354334,2.1316282072803006e-14,0.12865840860615663,-24.493634748457456,3.602284811656218,6.241342141271476,0.027376307813047587,0.4999269637301263,6.240682594782128
32,180,4.0,226972.97266707025,0.5507706174653881,12.470278880600649,-49.330344904937206,-49.330344904937206,0.0,-0.09685433280415623,-24.360686540640735,3.6033572614588585,6.242414591074117,0.02740477781711409,0.49990964616862565,6.241597311260222
32,181,4.0,232535.8787795708,0.4558784605760347,12.47076942457935,-49.42719923774136,-49.42719923774136,0.0,-0.05437380013157167,-24.4582801798022,3.6031724348695304,6.242229764484789,0.02739273882254359,0.4999151207028665,6.241462328168131
32,182,4.0,235718.4255173804,0.39786650377016586,12.469859885410774,-49.481573037872934,-49.48157303787293,7.105427357601002e-15,0.07243156898690017,-24.50849139468408,3.6042130811819555,6.243270410797215,0.027375233481168455,0.4999140095908231,6.2424917801012265
32,183,4.0,231488.47499296902,0.4714388202351569,12.470145072280296,-49.409141468886034,-49.40914146888603,7.105427357601002e-15,0.0492191324057174,-24.438008111221794,3.603726009800803,6.242783339416062,0.027384400743158403,0.49991285687651194,6.241994819379289
32,184,4.0,228657.5124269061,0.51780025838051,12.469430648715205,-49.35992233648032,-49.35992233648031,7.105427357601002e-15,-0.022023679076646374,-24.386843919450946,3.604212274642086,6.243269604257344,0.027408913160956064,0.4999018587800216,6.242380999878018
32,185,4.0,229919.9546083679,0.49152973294561264,12.468368937125646,-49.38194601555696,-49.38194601555697,7.105427357601002e-15,0.20490505704765383,-24.40472384267815,3.6052482136044466,6.2443055432197045,0.027426504201800355,0.4998914478700161,6.243320888860168
32,186,4.0,218438.59835392566,0.693128089921085,12.467542262107598,-49.17704095850931,-49.17704095850931,0.0,0.05689359358990487,-24.19921059708912,3.605400260739789,6.244457590355046,0.027422530142882248,0.4998860617496366,6.243423976901946
32,187,4.0,215353.6503744327,0.7415813547196872,12.465432179909776,-49.120147364919404,-49.12014736491942,1.4210854715202004e-14,0.027679856282382787,-24.135423662861303,3.6071235958992673,6.246180925514527,0.02746536264545811,0.4998626277360798,6.244931714577045
32,188,4.0,213868.55518031775,0.7647170165074051,12.464296131286103,-49.09246750863702,-49.09246750863701,1.4210854715202004e-14,-0.01608116354762501,-24.10399293366209,3.6080613141284728,6.247118643743731,0.027488580897573472,0.4998495288528736,6.245748435499136
32,189,4.0,214730.0996529918,0.7563199409101435,12.466217153273702,-49.10854867218465,-49.10854867218466,1.4210854715202004e-14,-0.0721266884978462,-24.126975375204275,3.606335994629834,6.245393324245093,0.02745251997110125,0.4998693100335377,6.244206214878153
32,190,4.0,218637.1619769143,0.6911404432169883,12.467953950974872,-49.18067536068249,-49.1806753606825,7.105427357601002e-15,-0.031902766327320364,-24.20469650438133,3.6049373844600323,6.243994714075293,0.02744223230402849,0.49988230195678734,6.24292800188734
32,191,4.0,220387.917009564,0.65905603683232,12.467908540960531,-49.21257812700981,-49.212578127009806,7.105427357601002e-15,-0.05580843703883431,-24.23597998872317,3.605092204956399,6.244149534571659,0.027435515762616824,0.4998829932311006,6.243089019321228
32,192,4.0,223484.3439211021,0.6089464395903601,12.469333250909754,-49.26838656404865,-49.268386564048654,7.105427357601002e-15,-0.0008711189094938732,-24.29638036745384,3.6039442195334463,6.243001549148706,0.027415589714420433,0.4998965573482182,6.242065584139117
32,193,4.0,223533.01958068713,0.6057138753389578,12.468742889574274,-49.26925768295814,-49.26925768295814,0.0,-0.01777090925526892,-24.29477853651698,3.604562456995031,6.2436197866102905,0.027387833006819292,0.4998989888094157,6.242704985469502
32,194,4.0,224528.3251307981,0.5855697992151051,12.468149597857128,-49.28702859221341,-49.2870285922134,7.105427357601002e-15,0.10308894950421887,-24.310083292511447,3.6051789953102333,6.244236324925493,0.027388522909179962,0.49989496029699343,6.243283901225652
32,195,4.0,218815.65813928717,0.6871181946924613,12.467764459350414,-49.18393964270919,-49.1839396427092,7.105427357601002e-15,0.08428930377430532,-24.207014284971546,3.605174009819151,6.244231339434411,0.027400416133625854,0.4998891908944012,6.243227070648753
32,196,4.0,214252.94558788772,0.7596300928615988,12.46482010794912,-49.099650338934886,-49.09965033893488,7.105427357601002e-15,0.1615374177183284,-24.11312868062331,3.6075730849626373,6.246630414577895,0.02745978574400655,0.49985734329940473,6.245332967142821
32,197,4.0,205772.86251573602,0.9139061585800485,12.463004769949151,-48.93811292121656,-48.93811292121656,0.0,0.014990799745788763,-23.94734217534447,3.608635356852761,6.247692686468021,0.02747779934551555,0.49984197585922907,6.246253880693366
32,198,4.0,205003.13083457266,0.9257700127338439,12.462223033551156,-48.92312212147077,-48.92312212147078,1.4210854715202004e-14,-0.011023960972003977,-23.929954436387284,3.6092345916556137,6.248291921270874,0.02751898149772991,0.4998279681087077,6.246723991898084
32,199,4.0,205568.8967274724,0.9078034838982817,12.46048739158526,-48.93414608244277,-48.93414608244276,1.4210854715202004e-14,0.06694294461849637,-23.934029186349925,3.610971894407954,6.250029224023214,0.027509569600007888,0.4998190896151643,6.248375540360967
32,200,4.0,202157.17835006153,0.970375555229367,12.45939467326341,-48.867203137824276,-48.867203137824276,0.0,0.11436396413328254,-23.86404553236358,3.611732071749915,6.250789401365174,0.02750080389009341,0.49981298985148986,6.249078577841922
32,201,4.0,196459.14858229604,1.0795400670460802,12.458094810184269,-48.752839173690994,-48.752839173690994,0.0,-0.06012088422727402,-23.747091478271937,3.612379594239506,6.251436923854764,0.027538328575194074,0.499797271839696,6.249580880176448
32,202,4.0,199434.2754126663,1.0220464284524589,12.458751621592679,-48.81296005791827,-48.81296005791826,7.105427357601002e-15,-0.14219281505645398,-23.808379155014173,3.612087896110766,6.251145225726026,0.027503724036720304,0.49980848923435905,6.249391141166524
32,203,4.0,206651.32221371078,0.8846940611496401,12.459961733531088,-48.95515287297472,-48.955152872974715,7.105427357601002e-15,-0.21088043143533497,-23.952804890764344,3.611529665937335,6.2505869955525935,0.027505750113647722,0.49981497780277795,6.24889413913395
32,204,4.0,217838.3005833902,0.6801567965755266,12.461547525246397,-49.16603330441006,-49.166033304410064,7.105427357601002e-15,0.07828527083135839,-24.16645056786145,3.6108383545218943,6.249895684137153,0.027494150246490257,0.4998283477634799,6.248324672822826
32,205,4.0,213616.36715597683,0.7521300898107981,12.459969530847374,-49.0877480335787,-49.0877480335787,0.0,-0.005139819391089873,-24.083273409478778,3.612061326409723,6.251118656024981,0.02749187224728303,0.4998177830642597,6.249448990025443
32,206,4.0,213891.0309700253,0.7428580661634403,12.45893647978331,-49.09288785296979,-49.092887852969795,7.105427357601002e-15,-0.04334988189725664,-24.08485839779062,3.612950034179534,6.2520073637947915,0.027551551404477594,0.4997980899342906,6.2501549140471155
32,207,4.0,216221.67503471934,0.7018974603784296,12.459533798811368,-49.136237734867045,-49.13623773486704,7.105427357601002e-15,0.05637347060641673,-24.130078174090198,3.612482560578953,6.251539890194212,0.02757310587613182,0.49979689659806487,6.249677278372549
32,208,4.0,213195.75625174807,0.7493140950003289,12.45729458981524,-49.07986426426063,-49.07986426426063,0.0,-0.07694192935579025,-24.065831899606533,3.614450761548266,6.253508091163525,0.02756257663136471,0.4997848804527698,6.2515276689789845
32,209,4.0,217336.37518747133,0.6754739885386614,12.458070045538767,-49.15680619361642,-49.156806193616404,1.4210854715202004e-14,0.09931765766056344,-24.144359972492822,3.61405422566564,6.253111555280898,0.027522453288842275,0.49979852415777704,6.251257340046665
32,210,4.0,212006.48313010827,0.7706326939478209,12.457030307475918,-49.057488535955855,-49.057488535955855,0.0,-0.07939144127074371,-24.042698155932893,3.614640265390482,6.2536975950057405,0.027542701852023566,0.4997870097932568,6.251737191280434
32,211,4.0,216256.3945016241,0.7020408749651791,12.459730213047944,-49.1368799772266,-49.1368799772266,0.0,0.0841665418236417,-24.130716865217043,3.61248344838713,6.251540778002389,0.027461511857219515,0.4998217850881002,6.249904820392752
32,212,4.0,211753.54606643273,0.7930018604185248,12.46142882395537,-49.05271343540296,-49.05271343540295,7.105427357601002e-15,-0.00865731915861545,-24.054066850313593,3.6106043166570854,6.249661646272345,0.027419422648034847,0.4998411234298813,6.2482082098102865
32,213,4.0,212212.34689329995,0.7786700035212336,12.460010189520702,-49.06137075456157,-49.06137075456157,0.0,-0.18195344628180976,-24.057149424853964,3.6119980028116436,6.251055332426902,0.027418217540691382,0.49983197991980655,6.249515333070616
32,214,4.0,222088.46005672993,0.6088804298219765,12.463051157666342,-49.24332420084338,-49.24332420084339,7.105427357601002e-15,0.07568517071072733,-24.248019552686298,3.6097688324240145,6.248826162039273,0.02739513830256285,0.4998569038758974,6.247519535300137
32,215,4.0,217925.76527840813,0.6773786467886754,12.461254419230333,-49.167639030132655,-49.167639030132655,0.0,-0.0034554188303346223,-24.166557471598374,3.611213060018311,6.250270389633569,0.027405141352789524,0.4998433359631286,6.248836510519917
32,216,4.0,218114.1028130685,0.6800443226737847,12.462784692909192,-49.17109444896299,-49.17109444896298,7.105427357601002e-15,0.011869535231554096,-24.17586856423998,3.609749141565495,6.248806471180755,0.027402132884184107,0.4998530905453719,6.24746543943063
32,217,4.0,217467.8338942906,0.6877222382044141,12.461736787983961,-49.159224913731435,-49.15922491373143,7.105427357601002e-15,0.03687198438153416,-24.160209323661242,3.6106965679022873,6.249753897517545,0.02740794916080456,0.4998449036427861,6.248335486720784
32,218,4.0,215472.4272054785,0.7141735118701462,12.459131610305015,-49.1223529293499,-49.122352929349915,1.4210854715202004e-14,-0.16966265993944063,-24.114054427550663,3.61301729583455,6.2520746254498105,0.027429046099912462,0.49982339314440144,6.250452806608869
32,219,4.0,224808.43023015192,0.5537483036713451,12.461440973240173,-49.29201558928934,-49.29201558928934,0.0,-0.11326621608635179,-24.289968382126236,3.611454472175517,6.250511801790777,0.027387472500675317,0.49984769040449184,6.249115422204795
32,220,4.0,231265.21581845378,0.4435558607752277,12.462209416537728,-49.405281805375694,-49.40528180537569,7.105427357601002e-15,-0.018403285929771585,-24.404901848475422,3.61103765960981,6.250094989225068,0.027394835829118034,0.4998516438749647,6.248735540532382
32,221,4.0,232331.67720957423,0.42253373672439815,12.461554707007464,-49.423685091305465,-49.42368509130546,7.105427357601002e-15,-0.06022658086029509,-24.420986970410144,3.61161720060857,6.25067453022383,0.02744044001150542,0.49983757543653273,6.249185478241851
32,222,4.0,235856.28061087607,0.36658821583967155,12.46262497200136,-49.48391167216576,-49.48391167216577,7.105427357601002e-15,0.06735137051241935,-24.484929480373175,3.6106882183328883,6.249745547948146,0.027471591695701018,0.49983821703088654,6.248264946606443
32,223,4.0,231918.2169636381,0.43140443084935776,12.461991183125676,-49.41656030165334,-49.41656030165335,7.105427357601002e-15,0.021098267010316363,-24.416114014848354,3.611054242085988,6.250111571701246,0.027497973646400095,0.4998277261131447,6.248534590967239
32,224,4.0,230698.1692871626,0.4627215657738244,12.464545900104213,-49.395462034643025,-49.395462034643025,0.0,0.026311123738032904,-24.40484517791389,3.6085968845670253,6.247654214182286,0.027466709179863512,0.49984949158300196,6.246282132484143
32,225,4.0,229185.6671748524,0.49278731563241357,12.465484556634348,-49.36915091090499,-49.36915091090498,1.4210854715202004e-14,-0.11800674808087308,-24.382319516902886,3.6076505188852686,6.246707848500528,0.027452864165398837,0.49985868032216924,6.24542159529328
32,226,4.0,236047.75488531523,0.3748023807871061,12.46549000994324,-49.487157658985865,-49.48715765898585,1.4210854715202004e-14,-0.07957256707000226,-24.498923731772173,3.6080011521881645,6.247058481803424,0.027440371119354566,0.4998628147218581,6.245808857731232
32,227,4.0,240790.50402183936,0.2975137730326308,12.466060999772125,-49.56673022605587,-49.56673022605587,0.0,0.09727895527868213,-24.57980720164604,3.607673426487195,6.246730756102453,0.027427501807920862,0.4998696456632769,6.245543594245482
32,228,4.0,235005.1758304774,0.39964578032463527,12.467274262775454,-49.469451270777185,-49.469451270777185,0.0,0.09459909565109115,-24.48812576440688,3.6062740469773176,6.245331376592576,0.02741608126554881,0.49987774366168286,6.244221156688651
32,229,4.0,229512.56209486318,0.48824655352049745,12.465774682161646,-49.374852175126094,-49.37485217512609,7.105427357601002e-15,-0.1397651618112974,-24.388968925379746,3.6074134828213267,6.246470812436585,0.027426274025244852,0.4998646839370991,6.245240260268078
32,230,4.0,237673.77859300488,0.35581088595936183,12.467607055724187,-49.51461733693739,-49.514617336937384,7.105427357601002e-15,-0.0820723386794242,-24.533943673300495,3.6061110862939643,6.245168415909224,0.02739769681334458,0.49988416400757957,6.244116738854984
32,231,4.0,242600.76259297822,0.2749085547774732,12.467899557598571,-49.596689675616815,-49.59668967561681,7.105427357601002e-15,-0.13842539216434346,-24.616306521218853,3.6060384589842323,6.2450957885994915,0.027397510247896165,0.49988774680617304,6.244076768664422
32,232,4.0,251143.2486179533,0.1358695948494173,12.467746165657644,-49.73511506778116,-49.73511506778116,0.0,-0.08593215573488777,-24.752944573198196,3.606485294030482,6.245542623645741,0.0273937504993579,0.4998899420027656,6.244542404150577
32,233,4.0,256596.93999020176,0.04959251252280249,12.467659934009712,-49.82104722351605,-49.82104722351605,0.0,0.09569831013536856,-24.837869498601105,3.6067371016134766,6.245794431228736,0.02738189852439225,0.49989306756293383,6.244821347536964
32,234,4.0,250530.8206198209,0.14880097967243847,12.46853747326328,-49.72534891338068,-49.725348913380685,7.105427357601002e-15,-0.010541556262595009,-24.74595985126486,3.6057899359136973,6.244847265528955,0.02734755519931465,0.49990451044411355,6.243980280272614
32,235,4.0,251191.93757264837,0.14096028243801853,12.469212688020328,-49.73589046964327,-49.735890469643294,2.1316282072803006e-14,0.051302077738895946,-24.758753453016602,3.605226924541409,6.244284254156668,0.02731233583974096,0.49991636370532005,6.243525565129418
32,236,4.0,247990.8422306722,0.19123341483245135,12.468955451684208,-49.68458839190438,-49.68458839190438,0.0,0.1230445883465805,-24.70710090154535,3.605314542974498,6.244371872589757,0.027333553248479286,0.4999086696737491,6.243543502291104
32,237,4.0,240478.49601937176,0.31496781002258084,12.469127903395098,-49.5615438035578,-49.56154380355781,1.4210854715202004e-14,0.18245181051769066,-24.58610582266791,3.604802165607212,6.243859495222471,0.027362917432006063,0.4999008648059845,6.242961349748187
32,238,4.0,229755.96393757657,0.5024285974740172,12.470380147628529,-49.379091993040106,-49.3790919930401,7.105427357601002e-15,-0.09799411880434405,-24.410668518399575,3.6030485390448743,6.242105868660133,0.02738566047843057,0.49990147718587274,6.241215750492856
32,239,4.0,235454.16097730902,0.4055991338412256,12.470671311421418,-49.47708611184445,-49.47708611184444,7.105427357601002e-15,-0.0015998496278655239,-24.508593135694404,3.603065914422253,6.242123244037513,0.02738017774118437,0.4999059751250521,6.24127373798938
32,240,4.0,235548.3526255671,0.4015717261319518,12.470064421901066,-49.478685961472316,-49.47868596147231,7.105427357601002e-15,0.10840589448674365,-24.507828412719885,3.6036570575728466,6.242714387188104,0.02737528225606556,0.499903625720397,6.2418429916224065
32,241,4.0,229250.37290469938,0.5112984771179224,12.470394636025874,-49.37028006698557,-49.37028006698557,0.0,-0.21804515729315455,-24.40195019837217,3.6030251375380904,6.242082467153351,0.027377153853450967,0.49990539376792886,6.241227591589194
32,242,4.0,242093.9870717205,0.29479439301954724,12.470779904324568,-49.58832522427873,-49.58832522427872,7.105427357601002e-15,0.22506918522879715,-24.618836671499338,3.603314808579589,6.242372138194848,0.02735070474011041,0.4999164834436759,6.241617232871315
32,243,4.0,228848.16089571657,0.5182206200102004,12.470369164765033,-49.36325603904993,-49.363256039049936,7.105427357601002e-15,0.05560491273382695,-24.394929721962153,3.6030242496566856,6.242081579271944,0.027376828386163503,0.49990596285616523,6.241231578731496
32,244,4.0,225688.90007011246,0.5748529922720158,12.47062602964703,-49.3076511263161,-49.30765112631611,7.105427357601002e-15,0.0007281671684680191,-24.341034987011703,3.6025967052108405,6.2416540348261,0.027376239205889916,0.4999077923532887,6.24082095348787
32,245,4.0,225647.81899763216,0.5743145076044066,12.470309366688006,-49.306922959147634,-49.30692295914762,1.4210854715202004e-14,0.008313427347772517,-24.339253967746945,3.6028599182349135,6.241917247850173,0.027397375506179003,0.4999023730994038,6.241034722121992
32,246,4.0,225179.32932327542,0.575632716949185,12.468560562187264,-49.29860953179986,-49.29860953179987,7.105427357601002e-15,0.05735513528791358,-24.324293153913167,3.604521764856416,6.243579094471675,0.02739446017906697,0.4998932665175887,6.242611660641158
32,247,4.0,221973.5698701724,0.6348892767144784,12.469035918306608,-49.24125439651195,-49.24125439651195,0.0,0.08998728702496805,-24.269793135193346,3.603807985714391,6.242865315329651,0.027418494346958533,0.49988958170315995,6.241865480550869
32,248,4.0,217035.62235579835,0.7252104448497183,12.469119388584177,-49.15126710948698,-49.151267109486994,1.4210854715202004e-14,-0.14044263945717006,-24.181424602225686,3.6034032972000642,6.2424606268153235,0.0274095944456599,0.4998914933177884,6.24147906448331
32,249,4.0,224791.24201529077,0.5915778851530911,12.47082190852431,-49.29170974894415,-49.29170974894415,0.0,-0.11366302455367361,-24.32617551037621,3.602326230026726,6.241383559641984,0.027377698330942727,0.49990895191238566,6.240561124996559
32,250,4.0,231270.47531885857,0.48038914003004307,12.471440478381963,-49.405372773497824,-49.40537277349781,1.4210854715202004e-14,0.07922308643689036,-24.440607619185894,3.6021339589627237,6.241191288577982,0.02736785491065477,0.4999173039495278,6.240444666705811
32,251,4.0,226735.04718944093,0.5542260074443826,12.470093923626328,-49.32614968706093,-49.326149687060926,7.105427357601002e-15,-0.08240092225621254,-24.357107855267195,3.6032031283331762,6.242260457948435,0.027352479338420985,0.4999119625447393,6.241464180543254
32,252,4.0,231454.2832232137,0.4726896459407933,12.470310063814484,-49.408550609317146,-49.40855060931714,7.105427357601002e-15,0.1828048315910209,-24.439232123777295,3.603272291769703,6.242329621384961,0.02734063893742468,0.49991612483445425,6.241570997182406
32,253,4.0,221114.61023696265,0.6506188090640934,12.469091146697556,-49.225745777726125,-49.22574577772613,7.105427357601002e-15,0.05105390650287234,-24.25456011821376,3.6037390852628333,6.242796414878092,0.027377090552026313,0.4998975031396976,6.241868777618782
32,254,4.0,218310.35318145534,0.699661588942201,12.468588365041363,-49.17469187122325,-49.17469187122325,0.0,0.030192889762822972,-24.20242539998773,3.604009288193622,6.24306661780888,0.027395694784955953,0.49989181866458204,6.242087206604002
32,255,4.0,216668.70164452575,0.7355270769543758,12.4700065146037,-49.14449898146043,-49.14449898146042,7.105427357601002e-15,0.1707496278982319,-24.178376740271705,3.602473230681922,6.241530560297179,0.027414536725281664,0.49989548424171265,6.2405865514514876
32,256,4.0,207614.3058179103,0.8947583882081556,12.46712693544259,-48.9737493535622,-48.973749353562205,7.105427357601002e-15,-0.013455991936808687,-23.99949700128315,3.604505758454504,6.243563088069762,0.02743222830453591,0.4998740629038175,6.242422353127475
32,257,4.0,208313.89597436978,0.8826709745171595,12.467469080004044,-48.98720534549901,-48.987205345499014,7.105427357601002e-15,0.029757767631657828,-24.014130545006662,3.6042113705078274,6.243268700123084,0.02744104499611962,0.4998740849765901,6.2421286004127134
32,258,4.0,206769.90717518286,0.9172249296911689,12.46866812688963,-48.95744757786735,-48.957447577867356,7.105427357601002e-15,0.06756294500365811,-23.989669599383927,3.6028871650055976,6.241944494620857,0.027447540453827954,0.4998786419326799,6.240847934133273
32,259,4.0,203306.7412550398,0.981520886905421,12.467851379942278,-48.88988463286369,-48.88988463286369,0.0,-0.08794828449880043,-23.920461784476835,3.603298382481453,6.242355712096711,0.02747430989762697,0.4998680222262285,6.241162756007247
32,260,4.0,207826.3656103694,0.8996667735468361,12.469374922727331,-48.97783291736249,-48.97783291736249,0.0,-0.10901075535403493,-24.012529497714077,3.602268525296845,6.241325854912104,0.02744054341300924,0.49988284706971076,6.240268247593661
32,261,4.0,213568.0760447623,0.7951234273454877,12.470491775015503,-49.086843672716526,-49.086843672716526,0.0,-0.06202299174155712,-24.12391691610983,3.601674359536415,6.240731689151674,0.027421996395328125,0.4998925305495267,6.239762033987043
32,262,4.0,216905.415908689,0.7352430449211478,12.471027427344811,-49.14886666445808,-49.1488666644581,1.4210854715202004e-14,0.09151183087813308,-24.186908472324422,3.6014322184181586,6.240489548033416,0.027405533255410033,0.49989946504702826,6.239582734081891
32,263,4.0,211999.3968059157,0.8176432981762869,12.468749532939059,-49.05735483357995,-49.05735483357995,0.0,-0.16248729632727077,-24.088099302953417,3.603256553041372,6.24231388265663,0.02740461335974486,0.4998860077592697,6.241283118603713
32,264,4.0,220788.50525066958,0.65818250918664,12.469506159773463,-49.21984212990722,-49.219842129907214,7.105427357601002e-15,-0.12735597867067838,-24.250739877941772,3.6032182333761047,6.242275562991365,0.027382101607172048,0.4998971594289991,6.2413454867096005
32,265,4.0,227931.29553302386,0.535017258571781,12.47055384178742,-49.3471981085779,-49.3471981085779,0.0,-0.017608805357525625,-24.380075528606294,3.602723315377644,6.241780644992902,0.027354582224540545,0.4999121485843418,6.240986985194204
32,266,4.0,228936.9068151633,0.5158909345052575,12.470174462110167,-49.364806913935425,-49.36480691393541,1.4210854715202004e-14,0.07435129304069221,-24.395980851348956,3.603149186031357,6.2422065156466155,0.02734747718059191,0.4999109347629436,6.2414013972089135
32,267,4.0,224720.77381241808,0.5918984495534941,12.470588517612057,-49.29045562089473,-49.29045562089473,0.0,-0.07570509913558965,-24.324269594473584,3.602489176990027,6.241546506605286,0.027340787344836876,0.4999125710560654,6.240756938928825
32,268,4.0,229014.4039738879,0.5208276244638989,12.471747086123555,-49.36616072003032,-49.36616072003032,0.0,-0.02993415552644052,-24.403437661239334,3.601623435082487,6.240680764697747,0.02733813620949825,0.4999200446780981,6.2399595317838115
32,269,4.0,230734.6709846197,0.49160246266308577,12.471924334554963,-49.39609487555676,-49.39609487555676,0.0,0.029984910294814426,-24.433610230139102,3.601563831739157,6.240621161354418,0.027335838010713744,0.49992322320528715,6.239928711517542
32,270,4.0,229011.49809906664,0.5177914239122726,12.470975347293553,-49.36610996526195,-49.36610996526194,7.105427357601002e-15,-0.17931245417176456,-24.400277314471417,3.6024008330823754,6.241458162697634,0.02732722993625617,0.4999200414224267,6.240736451250711
32,271,4.0,239511.23497507308,0.34301517641878043,12.472109398963127,-49.54542241943371,-49.54542241943373,1.4210854715202004e-14,-0.014776315233511639,-24.58172229720982,3.601867700940712,6.24092503055597,0.02732207766069625,0.4999310444978446,6.240303203700305
32,272,4.0,240397.64457801654,0.327971196784951,12.472042482863042,-49.560198734667225,-49.56019873466722,7.105427357601002e-15,-0.1540633115414849,-24.596198020383163,3.6019428489557557,6.2410001785710145,0.02733926448313652,0.4999279638024082,6.240350456509694
32,273,4.0,249837.3815893899,0.1726012762679032,12.471715830619152,-49.71426204620871,-49.7142620462087,7.105427357601002e-15,-0.1408594558631151,-24.747525238493704,3.602626872313492,6.24168420192875,0.027349148666650322,0.4999282220574004,6.241036398208586
32,274,4.0,258792.11549577382,0.028773524060448516,12.47097375653307,-49.855121502071825,-49.85512150207183,7.105427357601002e-15,0.11832697403046666,-24.88433084142263,3.603640335547039,6.242697665162298,0.0273363431661961,0.49992959916411644,6.242061394485006
32,275,4.0,251248.7170340735,0.14532004808290613,12.470528644031063,-49.73679452804136,-49.736794528041344,1.4210854715202004e-14,0.15677923260416549,-24.765279820851056,3.6038213471823157,6.242878676797575,0.027340031635720907,0.49992339650702644,6.242186252090815
32,276,4.0,241591.56318937923,0.3026194248565902,12.470658680073447,-49.58001529543719,-49.5800152954372,7.105427357601002e-15,-0.18801645547836188,-24.610354173500117,3.60335795086901,6.242415280484269,0.027316828505857413,0.4999251146996063,6.24173877235907
32,277,4.0,253218.47629239323,0.11313927700078091,12.470292756979083,-49.768031750915554,-49.76803175091555,7.105427357601002e-15,-0.08197171037389239,-24.795220615021435,3.6041454543582714,6.243202783973529,0.027323240778019557,0.499926608779701,6.242539071683731
32,278,4.0,258461.20009541823,0.032814401584132465,12.470704465718395,-49.85000346128945,-49.85000346128945,0.0,0.009672621238088652,-24.87810154181921,3.6039181502523006,6.24297547986756,0.027312694244162994,0.4999326640797885,6.242366835493025
32,279,4.0,257836.95583607495,0.047001569634124725,12.47183310242137,-49.84033084005136,-49.84033084005135,7.105427357601002e-15,-0.021581750650540243,-24.87282025905259,3.6028203156344323,6.241877645249692,0.02730832015210138,0.49993895416262446,6.241326772848408
32,280,4.0,259231.85873033057,0.021667199845642564,12.470894947636886,-49.8619125907019,-49.8619125907019,0.0,0.09078127549051374,-24.89061253857754,3.6037676834158305,6.242825013031089,0.027306781115150322,0.499935301223931,6.242240331106209
32,281,4.0,253414.76907237287,0.11389315967448609,12.47125611872147,-49.771131315211385,-49.7711313152114,1.4210854715202004e-14,0.13503336531856291,-24.802089534420027,3.603203115582581,6.24226044519784,0.027327582146697282,0.49993101437028964,6.241637654582549
32,282,4.0,245002.6945116708,0.24614255646942115,12.470560126590561,-49.63609794989282,-49.63609794989282,0.0,0.030808355109520846,-24.665848482100497,3.603505037332823,6.242562366948081,0.027355268492446586,0.49991822561581106,6.2418235853234565
32,283,4.0,243122.91043250466,0.27363974493983906,12.469732334930782,-49.6052895947833,-49.60528959478329,1.4210854715202004e-14,0.08987860612629106,-24.632242513153248,3.604204440792253,6.243261770407512,0.027365947701322127,0.4999110333550835,6.242457073591618
32,284,4.0,237720.94082242044,0.36512703385913714,12.47013450562904,-49.51541098865701,-49.515410988657024,1.4210854715202004e-14,0.09827560672369628,-24.544979309538483,3.603550590164373,6.242607919779631,0.027364291450989765,0.49991027080951916,6.241796967892049
32,285,4.0,231951.56225889391,0.4686008936137927,12.471434068886778,-49.41713538193331,-49.41713538193332,7.105427357601002e-15,0.09710773682557772,-24.452926148784588,3.6019949786719243,6.241052308287183,0.02735366104601694,0.4999161461086026,6.240295856996516
32,286,4.0,226388.29224538052,0.5608467902087777,12.470218608829128,-49.320027645107736,-49.320027645107736,0.0,0.12263771261127232,-24.352607736611564,3.6027976475087846,6.241854977124043,0.027368738660981478,0.4999037669730329,6.2409861039950245
32,287,4.0,219552.68009268318,0.6827348131270847,12.470031186405887,-49.19738993249646,-49.19738993249646,0.0,-0.061690853840865145,-24.231458053295352,3.602425640185017,6.241482969800275,0.02741339496617374,0.4998916632212713,6.240505128461016
32,288,4.0,222965.02433278871,0.6229148460730712,12.470498908102599,-49.25908078633733,-49.25908078633732,7.105427357601002e-15,0.049748173131298756,-24.294037177468258,3.6022035726020056,6.241260902217265,0.027411830905344672,0.49989563321086294,6.240319197430125
32,289,4.0,220209.17152777614,0.6704930409689536,12.469956413543747,-49.20933261320603,-49.20933261320603,0.0,-0.1165675148399643,-24.243148154637716,3.6024887850268206,6.241546114642079,0.027431332865263586,0.4998872354238809,6.240528217531922
32,290,4.0,226720.90168695583,0.5542509392527862,12.470037766824698,-49.325900128045994,-49.325900128046,7.105427357601002e-15,-0.10933368391696519,-24.358225110894136,3.602861424672706,6.241918754287965,0.02741694900366695,0.49989231062683476,6.240946368723203
32,291,4.0,233003.42988844085,0.45055307557555035,12.471446721884629,-49.43523381196296,-49.435233811962966,7.105427357601002e-15,0.09906522861141553,-24.471422319252344,3.6018955435623945,6.240952873177654,0.027396572612035135,0.4999054977668661,6.240100369349212
32,292,4.0,227303.6677417665,0.5460052046046977,12.470543446989058,-49.336168583351544,-49.33616858335154,7.105427357601002e-15,-0.0017332985157736402,-24.370394074656627,3.602386297558469,6.241443627173729,0.027417721168015136,0.49989404642706464,6.240487173427861
32,293,4.0,227402.18536276236,0.541980570422337,12.469970613072412,-49.33790188186732,-49.33790188186731,7.105427357601002e-15,-0.09609253320221,-24.36991301244962,3.6029398877391663,6.241997217354425,0.027420208809062,0.4998906061635257,6.241008942794868
32,294,4.0,232931.24514042187,0.4485809767947265,12.470643847966064,-49.43399441506953,-49.433994415069535,7.105427357601002e-15,-0.1342732619456939,-24.467286419354163,3.602619669313583,6.241676998928843,0.027412751705313085,0.49989744159129884,6.2407508983598285
32,295,4.0,240883.07270852977,0.31530403110934346,12.470892927031143,-49.56826767701522,-49.56826767701523,7.105427357601002e-15,0.13347274658515573,-24.600890428559744,3.6027869824986105,6.241844312113869,0.02740912491568188,0.49990233136574813,6.240962235303827
32,296,4.0,232977.86606528307,0.4450686122771951,12.469965885676817,-49.434794930430066,-49.43479493043007,7.105427357601002e-15,0.13240997866603976,-24.46567727877786,3.6032220832977937,6.242279412913051,0.0274311287101,0.4998888724201474,6.241274989540332
32,297,4.0,225391.966290582,0.5742039737489033,12.469147231378232,-49.302384951764026,-49.302384951764026,0.0,0.06438452556164265,-24.332051859654936,3.603525943412014,6.242583273027273,0.027442241918179653,0.49987846758742477,6.241484630274219
32,298,4.0,221793.06944653744,0.634796402306784,12.468199207127292,-49.23800042620238,-49.23800042620238,0.0,-0.0612949137216674,-24.265190721779042,3.6041450964905763,6.243202426105833,0.027466786517231258,0.4998664396116201,6.241994025207645
32,299,4.0,225217.94008649018,0.5750944735669336,12.468597453372748,-49.29929533992405,-49.29929533992406,7.105427357601002e-15,-0.09302578312334475,-24.327123733804537,3.603985571914621,6.243042901529881,0.027463607772142736,0.4998705118255064,6.241871767252671
32,300,4.0,230517.08975206694,0.48611636452211116,12.469609371892375,-49.392321123047395,-49.39232112304739,7.105427357601002e-15,-0.13478516388706652,-24.422652870182183,3.6033597336010437,6.242417063216303,0.02744912125162488,0.49988143916507555,6.241345695311297
32,301,4.0,238417.01224934089,0.35148321794096554,12.469647376218859,-49.52710628693446,-49.52710628693447,7.105427357601002e-15,-0.14534932174033344,-24.555850453776287,3.603756628674284,6.242813958289543,0.027444402574899884,0.49988576026805115,6.24178139280838
32,302,4.0,247239.77708740134,0.2107268933997043,12.470795625518624,-49.672455608674795,-49.672455608674795,0.0,-0.008064818483980218,-24.703950546604055,3.603068935902425,6.242126265517685,0.02742823804177418,0.49989823167514935,6.241207372812734
32,303,4.0,247738.76593122914,0.19720946659672364,12.469432473438875,-49.680520427158775,-49.680520427158775,0.0,0.05823170440902459,-24.706987112293234,3.604325999101126,6.243383328716385,0.027456770392662908,0.4998836655447169,6.242331321293027
32,304,4.0,244158.32839094667,0.2581377813719796,12.470106626030432,-49.62228872274975,-49.62228872274975,0.0,-0.014883661659396807,-24.651844095061648,3.6035538273067678,6.242611156922027,0.027443221415202203,0.49988893819301006,6.241607736899871
32,305,4.0,245068.5131889011,0.24372029990652558,12.47022317107892,-49.63717238440915,-49.637172384409155,7.105427357601002e-15,0.013478298841171465,-24.667087298749426,3.6034639417996708,6.2425212714149305,0.027446031527243387,0.49988883401507517,6.241517033588608
32,306,4.0,244244.1262213191,0.25381169626770006,12.469376445458916,-49.623694085567976,-49.62369408556797,7.105427357601002e-15,-0.057707502835853575,-24.65060814373482,3.6042141558430285,6.243271485458287,0.027461119135645667,0.49988112768922793,6.242196838821427
32,307,4.0,247793.34639264114,0.20232918583324086,12.470932693559268,-49.68140158840383,-49.68140158840383,0.0,-0.1763876218804512,-24.713550853143346,3.60290535419986,6.241962683815118,0.027433062792269744,0.49989582662394705,6.241022188825352
32,308,4.0,258964.76852581927,0.021434255301502704,12.469805866396445,-49.85778921028428,-49.85778921028428,0.0,-0.06758125951733973,-24.8841054903761,3.604363600361787,6.243420929977046,0.02743993620886607,0.49989320408357796,6.242454974328135
32,309,4.0,263377.22983276786,-0.04622701553668615,12.469785863566234,-49.92537046980162,-49.92537046980162,0.0,-0.07634491797786325,-24.951024463375738,3.6045291719912123,6.2435865016064716,0.02741969518675416,0.49989839784440526,6.242666755811675
32,310,4.0,268452.3868248366,-0.12794791750716739,12.46844186756808,-50.001715387779484,-50.001715387779484,0.0,-0.10587536106722695,-25.022157769345277,3.6058320749932924,6.244889404608552,0.02746905395464376,0.49988263210003225,6.243825133036928
32,311,4.0,275652.88419447304,-0.23690331976998383,12.467671857269178,-50.10759074884671,-50.1075907488467,1.4210854715202004e-14,0.10609629758084793,-25.124726075655907,3.6066588386824416,6.2457161682977,0.027498596297336017,0.49987693238307257,6.2445991914961025
32,312,4.0,268437.5595007232,-0.12896819713661903,12.46813156353231,-50.00149445126586,-50.00149445126586,0.0,-0.026576184215699072,-25.02086700368466,3.6060995322800413,6.245156861895301,0.027484466289886073,0.4998779630621329,6.244050252171326
32,313,4.0,270227.00901846634,-0.1623399714947906,12.466432665996692,-50.02807063548156,-50.028070635481555,7.105427357601002e-15,-0.11662783436509017,-25.04103515876321,3.607701539564328,6.246758869179587,0.02751185766795115,0.4998629286609897,6.245512801537692
32,314,4.0,278221.9950805122,-0.27711869556420066,12.466894943570614,-50.14469846984665,-50.14469846984665,0.0,0.08986748333054351,-25.158880094839606,3.607397264136503,6.246454593751762,0.027508195350491003,0.49986979174843726,6.245271346905689
32,315,4.0,272040.91224399424,-0.18559683194185556,12.467308538643561,-50.05483098651611,-50.0548309865161,7.105427357601002e-15,-0.0038823609779967683,-25.070756939932515,3.606961182030638,6.246018511645898,0.027477070945452646,0.499875668581554,6.244889240466443
32,316,4.0,272305.08067843737,-0.1920609635659819,12.466663095982028,-50.058713347494106,-50.05871334749409,1.4210854715202004e-14,-0.0510429965989303,-25.072293646528134,3.6075475956262335,6.246604925241492,0.027492234134245,0.499868710727761,6.245411336881232
32,317,4.0,275802.1627443536,-0.24267586986051062,12.46677011855813,-50.109756344093036,-50.109756344093036,0.0,-0.11074635314204073,-25.123559510051376,3.6074918788951567,6.246549208510416,0.027503181618187135,0.4998695839896416,6.24536391306964
32,318,4.0,283544.8737080628,-0.35912958226116215,12.465343278743477,-50.22050269723508,-50.22050269723507,7.105427357601002e-15,0.07135988784330749,-25.228418017346257,3.608963840356946,6.248021169972206,0.027502487739494777,0.4998663787862025,6.2468039496790055
32,319,4.0,278531.29513176315,-0.28621598996576003,12.465731704856504,-50.14914280939177,-50.149142809391776,7.105427357601002e-15,-0.0374538409446572,-25.158755011729085,3.608539619800412,6.247596949415672,0.027500900057356146,0.4998666099933198,6.246383482673871
32,320,4.0,281151.5600673743,-0.3163286344616952,12.467567003968686,-50.186596650336426,-50.18659665033644,1.4210854715202004e-14,0.09347201330253085,-25.202873555370072,3.6068734441263297,6.245930773741589,0.02746613564885317,0.49988415231610345,6.244879188938156
32,321,4.0,274657.77833209134,-0.21904226158094608,12.468520593863236,-50.093124637033895,-50.09312463703389,7.105427357601002e-15,0.06454656059393926,-25.113232454148513,3.605915716106088,6.244973045721346,0.027443235906353926,0.4998914464274568,6.243989011896555
32,322,4.0,270261.2922561204,-0.15799671082445743,12.467645341403873,-50.028578076439956,-50.02857807643995,7.105427357601002e-15,0.0662137723396441,-25.045685035520986,3.6066659306144837,6.2457232602297434,0.027446715603855348,0.4998840211898282,6.244670895267701
32,323,4.0,265824.361889393,-0.09361698844420377,12.467186828914027,-49.96236430410031,-49.96236430410031,0.0,-0.06349586395997875,-24.978019453626988,3.6070288830030712,6.246086212618329,0.027431178967995087,0.49988204430150657,6.245015024022001
32,324,4.0,270077.7182726111,-0.15512846285412454,12.46768292630154,-50.02586016806029,-50.025860168060284,7.105427357601002e-15,-0.04728727844799607,-25.0432106502559,3.6066050498358386,6.245662379451098,0.027448742353718032,0.49988316543637956,6.24460241102403
32,325,4.0,273289.4753406475,-0.19999198070826646,12.468288866450008,-50.07314744650829,-50.0731474465083,1.4210854715202004e-14,-0.17824077036355845,-25.092701722398623,3.6060541014121577,6.245111431027416,0.027454645483106475,0.4998854227895564,6.244072456947351
32,326,4.0,285742.70562738203,-0.3725768063856829,12.469702852621541,-50.251388216871845,-50.251388216871845,0.0,-0.05451277562692525,-25.27556098950064,3.604899477227541,6.243956806842799,0.027443789611344128,0.4999019980229786,6.24306942158167
32,327,4.0,289663.518744386,-0.4289976828515134,12.469225827411814,-50.30590099249877,-50.30590099249877,0.0,-0.012203184335675132,-25.328072841498688,3.605399708134762,6.2444570377500215,0.02742919622664916,0.4999032739295403,6.243580353853665
32,328,4.0,290548.57244574936,-0.4382899059628279,12.469953567717905,-50.318104176834446,-50.318104176834446,0.0,-0.21402423377380586,-25.342656009466015,3.6048047122268487,6.2438620418421085,0.027372741704111875,0.49991848554919976,6.2431234965604485
32,329,4.0,306518.10496671597,-0.6576966155964883,12.468607948752938,-50.53212841060825,-50.53212841060824,1.4210854715202004e-14,0.07108613979868039,-25.55132825136075,3.6061427101966155,6.245200039811874,0.02735450331224072,0.4999228002462446,6.244498932981359
32,330,4.0,301118.9257030908,-0.5852205348980326,12.468955433977888,-50.46104227080957,-50.461042270809585,1.4210854715202004e-14,-0.0692004461840412,-25.481573604119202,3.6058098370573357,6.244867166672593,0.027362698320870297,0.49992083828933626,6.244148985643752
32,331,4.0,306373.63921333366,-0.6543490859156602,12.468973407769488,-50.53024271699361,-50.53024271699361,0.0,0.040143594360735335,-25.55093021397995,3.605770796138157,6.244828125753416,0.027366573916993302,0.49992222147609594,6.244122526684137
32,332,4.0,303314.28181774437,-0.6110384808646001,12.46976516044207,-50.49009912263288,-50.49009912263288,0.0,0.1377945364623585,-25.513740032300973,3.6050324429677167,6.244089772582977,0.027358275223146267,0.49992653160657413,6.24342405809459
32,333,4.0,293043.4429735401,-0.4743816548776658,12.469480732823213,-50.35230458617052,-50.35230458617052,0.0,-0.08789828458292703,-25.37476413284234,3.605327783716785,6.244385113332044,0.027337996087637397,0.49992466529464025,6.243702226062591
32,334,4.0,299554.2207420434,-0.5636862212870396,12.469129162366603,-50.440202870753446,-50.44020287075345,7.105427357601002e-15,0.10483782833881605,-25.46134491546251,3.6056571592074746,6.244714488822734,0.027352870715036916,0.4999232093022682,6.244018102991612
32,335,4.0,291805.0614703779,-0.4576622081863445,12.469425708557074,-50.33536504241463,-50.33536504241464,7.105427357601002e-15,0.0340239082040128,-25.357527443756773,3.6054020700492067,6.244459399664466,0.02732626208907601,0.4999265602113392,6.243793493822753
32,336,4.0,289333.5007353631,-0.4240502662973308,12.469322716978324,-50.30134113421062,-50.301341134210624,7.105427357601002e-15,-0.08796736791010318,-25.322974637235284,3.6055342946285758,6.244591624243834,0.0272947543296076,0.49993056056050067,6.243961468723209
32,337,4.0,295766.9598824502,-0.5136907387193014,12.468904440850356,-50.38930850212072,-50.38930850212073,7.105427357601002e-15,0.08645703509417757,-25.40930856183247,3.6059426554568037,6.244999985072062,0.0273025990648872,0.4999294280496102,6.244359130271596
32,338,4.0,289442.768833191,-0.43774169544033,12.466277442896551,-50.30285146702654,-50.302851467026535,7.105427357601002e-15,0.04113515721463301,-25.31281328083458,3.6084522169327338,6.247509546547993,0.027267629501112455,0.49991722219560475,6.246753512702812
32,339,4.0,286481.45325389056,-0.3929273114900069,12.467197249580481,-50.26171630981191,-50.26171630981193,2.1316282072803006e-14,0.15861136686977773,-25.275275099766414,3.607552972896116,6.2466103025113755,0.02726356079681145,0.49992108337735824,6.245890761054172
32,340,4.0,275343.9261337065,-0.23290661512235677,12.467549581954945,-50.10310494294213,-50.10310494294214,7.105427357601002e-15,0.12929636885647255,-25.11852815914011,3.6070868663352464,6.246144195950507,0.02725272214676243,0.499918798197998,6.24540471096033
32,341,4.0,266585.99234946555,-0.09929864128857274,12.468627483199274,-49.97380857408566,-49.973808574085666,7.105427357601002e-15,0.04636281457199232,-24.994137268897692,3.6058604966817356,6.244917826296995,0.027259274407796102,0.4999189754222551,6.244182063034698
32,342,4.0,263513.9113002722,-0.057115009792719156,12.46758268743024,-49.92744575951367,-49.927445759513674,7.105427357601002e-15,0.1402742999561113,-24.944101868156633,3.606778643224002,6.24583597283926,0.027262401486816606,0.49991127478310365,6.245028944692052
32,343,4.0,254433.01167152182,0.08384798891955463,12.467754862119278,-49.787171459557555,-49.78717145955756,7.105427357601002e-15,0.012459253608639642,-24.805658312795252,3.6063209570753187,6.245378286690576,0.02727088317272102,0.49990595332108806,6.24452387634214
32,344,4.0,253641.73329880842,0.10291682382196264,12.469407257442718,-49.774712205948916,-49.77471220594891,7.105427357601002e-15,-0.03166717604724312,-24.799841758017582,3.6046602823675764,6.243717611982836,0.02730447176063855,0.4999093474735895,6.242896697521769
32,345,4.0,255657.7322488524,0.07219949090623748,12.469644718225597,-49.80637938199616,-49.80637938199615,7.105427357601002e-15,-0.059409921830962276,-24.832038759213784,3.6045278260803344,6.243585155695592,0.02728696031384021,0.4999147238992659,6.242812875110873
32,346,4.0,259483.22240606623,0.016756820922008465,12.470636531187282,-49.86578930382712,-49.86578930382712,0.0,0.03672250609645289,-24.895134303333812,3.6036064205080685,6.242663750123326,0.027326761537915453,0.49991341391200306,6.241881040878364
32,347,4.0,257111.9055941896,0.053904497282585936,12.470742823753312,-49.82906679773067,-49.82906679773066,7.105427357601002e-15,-0.09302429960048642,-24.859209090989133,3.6034070970701255,6.242464426685385,0.027334580927533055,0.4999109887743656,6.241660069454669
32,348,4.0,263161.3903129148,-0.04433209428707832,12.46943975076102,-49.922091097331155,-49.92209109733116,7.105427357601002e-15,-0.15076205178326774,-24.946439699963722,3.604855519726601,6.24391284934186,0.027319374059258564,0.4999094057667664,6.243092426872248
32,349,4.0,273269.36898522195,-0.193012213701063,12.469960233853342,-50.07285314911442,-50.07285314911443,7.105427357601002e-15,-0.09148515738098695,-25.098316263199823,3.6045768918633923,6.2436342214786515,0.02733030615707307,0.49991569977666106,6.242871324203554
32,350,4.0,279591.41285593197,-0.28827471390895487,12.469015898146615,-50.16433830649541,-50.16433830649542,7.105427357601002e-15,0.10690574182811474,-25.18605688115715,3.605513026719308,6.244570356334566,0.027369027897842905,0.4999062935380468,6.2437213706882
32,351,4.0,272217.9037182799,-0.1799658564017399,12.46936667706639,-50.057432564667295,-50.057432564667295,0.0,0.1881659996395726,-25.080858072948555,3.6050862933144256,6.244143622929685,0.027360167312204687,0.4999073013981837,6.243304060859018
32,352,4.0,259708.89321676898,0.005836966899022279,12.468775882981685,-49.86926656502772,-49.869266565027715,7.105427357601002e-15,0.004760103085324374,-24.891510550518014,3.6053816740121696,6.244439003627427,0.027351331405944833,0.49990084884892755,6.243539714134682
32,353,4.0,259400.01676271856,0.01276683202791418,12.469318323492578,-49.8645064619424,-49.8645064619424,0.0,0.04796984129316684,-24.88910428097892,3.6047932156256097,6.243850545240868,0.027379429357618237,0.49989785434638906,6.2429255129954555
32,354,4.0,256307.75134945096,0.057565769964430615,12.468525597653413,-49.81653662064923,-49.81653662064922,1.4210854715202004e-14,0.20827175914013196,-24.83866598798156,3.6054103285516583,6.244467658166918,0.027407538368885164,0.49988693111446936,6.243442839549621
32,355,4.0,243303.81658109158,0.2653156351556706,12.46839512416619,-49.6082648615091,-49.608264861509085,1.4210854715202004e-14,0.198181099527325,-24.632173956230048,3.6049653967045012,6.244022726319761,0.027435008376210095,0.4998742982846048,6.242884261274163
32,356,4.0,231543.01391460517,0.457697692063476,12.46694536351131,-49.410083761981774,-49.41008376198177,7.105427357601002e-15,-0.030985874630495402,-24.431082604953275,3.6056929596418654,6.244750289257125,0.02746154852931187,0.49985549828558246,6.2434405198882095
32,357,4.0,233343.61977904604,0.4275189554171713,12.467147148007362,-49.44106963661227,-49.441069636612276,7.105427357601002e-15,-0.09519727420872215,-24.462165684081082,3.6056686585175397,6.2447259881327986,0.02742549946422586,0.4998648235298763,6.243500164075869
32,358,4.0,238963.65009773104,0.3355684322760441,12.467958835774258,-49.53626691082099,-49.53626691082099,0.0,-0.0299386260489527,-24.559310119749647,3.6051818681525774,6.244239197767835,0.027426631631088563,0.49987135884397405,6.243073153051907
32,359,4.0,240758.92104990708,0.30654209726035275,12.468186908532576,-49.566205536869944,-49.56620553686995,7.105427357601002e-15,0.07846210323119607,-24.589878594335715,3.6050244060182983,6.244081735633557,0.027443442267054287,0.4998706604899869,6.242909686864418
32,360,4.0,236082.32511446966,0.38026338351309946,12.467001704287965,-49.48774343363875,-49.48774343363876,1.4210854715202004e-14,0.16764031104639088,-24.507743171801504,3.605942735844053,6.245000065459311,0.027442370864330035,0.4998627389799079,6.24375346812216
32,361,4.0,226392.56409039543,0.5442502102816812,12.46608833321851,-49.32010312259236,-49.32010312259236,0.0,-0.020485368977738005,-24.339022640796724,3.6062127908336508,6.245270120448908,0.02744973273877692,0.49985061768774547,6.243913233990633
32,362,4.0,227554.97189614858,0.5208990245505222,12.465371879030156,-49.340588491570095,-49.3405884915701,7.105427357601002e-15,-0.01018961356922432,-24.356593489710956,3.6069414208495263,6.245998750464785,0.027467259541834658,0.49984324510507167,6.2445737766123255
32,363,4.0,228135.38516298425,0.512623764681322,12.465850467455162,-49.35077810513932,-49.35077810513933,7.105427357601002e-15,0.07089785034763452,-24.368452072373454,3.6065241785762074,6.245581508191466,0.027450005027585492,0.4998485078953758,6.24420612557031
32,364,4.0,224127.43239486704,0.5837745787074115,12.465913708374776,-49.279880254791685,-49.27988025479169,7.105427357601002e-15,0.018574907728670098,-24.29883665689534,3.6062035698588275,6.2452608994740855,0.02743727653402396,0.4998488485082291,6.243889279753775
32,365,4.0,223089.05862890297,0.6019709636985857,12.465819077690398,-49.261305347063015,-49.26130534706301,7.105427357601002e-15,0.09817878803639957,-24.280275651475677,3.606200094281573,6.245257423896832,0.02743787484520375,0.49984685990633393,6.243868012388297
32,366,4.0,217680.05796808854,0.6966367983141233,12.464940839335188,-49.163126559026615,-49.16312655902663,1.4210854715202004e-14,0.0030886226660982175,-24.18029385506132,3.606650846376065,6.245708175991322,0.02742600264466977,0.4998409575157944,6.244264515561142
32,367,4.0,217512.03995421797,0.7001281365102513,12.465041518217694,-49.16003793636052,-49.160037936360524,7.105427357601002e-15,-0.04896664481308477,-24.177618035860412,3.6065476455097687,6.245604975125028,0.027425619842410962,0.49984192111080483,6.24416954889468
32,368,4.0,220191.1133527199,0.6518367251262136,12.465210326574955,-49.2090045811736,-49.2090045811736,0.0,-0.15216733809042893,-24.226015442671912,3.6066899550101668,6.245747284625425,0.027372845861844644,0.4998544341096268,6.244423921523439
32,369,4.0,228728.95520825774,0.509703094883182,12.467718753536802,-49.36117191926403,-49.36117191926403,0.0,-0.014840664534879977,-24.385452394954438,3.6048725514621376,6.243929881077396,0.027351226187614732,0.4998756328258497,6.242802349543602
32,370,4.0,229579.15384549572,0.4942979620737224,12.46757763646816,-49.37601258379891,-49.37601258379892,7.105427357601002e-15,0.07619276166197864,-24.399901428087126,3.6049704593126886,6.244027788927946,0.02739209398659924,0.4998664508145407,6.242817423330041
32,371,4.0,225247.4727235149,0.5730133781932512,12.468208300082548,-49.29981982213693,-49.29981982213694,7.105427357601002e-15,0.02376582644125591,-24.32704277595017,3.6041369319314325,6.243194261546692,0.02736157301625712,0.4998750197744095,6.242062596455415
32,372,4.0,223913.14249557492,0.5989366670675799,12.468747665690813,-49.276053995695676,-49.276053995695676,0.0,0.06898189274379973,-24.30609516063305,3.6034323791503984,6.242489708765658,0.027406905599527295,0.49986856482096764,6.241301240126873
32,373,4.0,220084.76041258805,0.6662795884404644,12.468337922848084,-49.20707210295188,-49.20707210295187,7.105427357601002e-15,-0.09765731807745226,-24.2365135817628,3.603582300682009,6.242639630297268,0.027381803163467142,0.49986906236163053,6.241455043928989
32,374,4.0,225524.11114739696,0.5700145918906009,12.468686003229982,-49.30472942102933,-49.30472942102933,0.0,-0.08694645975273829,-24.33385408553563,3.6036615042581652,6.242718833873424,0.02735632297420323,0.4998771356313211,6.241606952752416
32,375,4.0,230479.90790876275,0.4809827167382762,12.468164649380086,-49.39167588078207,-49.39167588078207,0.0,0.07160699502722423,-24.417745415537546,3.6044252866958706,6.243482616311129,0.027381930228254216,0.4998700581213593,6.242305072776256
32,376,4.0,226390.6263573304,0.5527578417761223,12.46820668188274,-49.32006888575484,-49.32006888575484,0.0,0.11601912765832623,-24.347296967866935,3.604135649856719,6.243192979471978,0.02737354296396641,0.49987010125763903,6.24201599393061
32,377,4.0,219918.53021027712,0.6655200388472648,12.467392449235945,-49.20404975809652,-49.20404975809652,0.0,0.1452418647588587,-24.229992309219377,3.6044570326040257,6.243514362219285,0.027371892812725396,0.49986268857063526,6.242269400924379
32,378,4.0,212076.4227435193,0.8039457578932129,12.465688412807719,-49.05880789333766,-49.058807893337665,7.105427357601002e-15,-0.042628961673180754,-24.081259494991805,3.6053297699712057,6.244387099586464,0.027439415536107473,0.4998350288196504,6.242889088138041
32,379,4.0,214348.65854329127,0.7644445527448542,12.466470351938923,-49.10143685501084,-49.10143685501084,0.0,-0.10330110781308832,-24.126155818644445,3.6047629294763395,6.243820259091597,0.02743570335506848,0.4998411266636588,6.242378887444296
32,380,4.0,219956.3707084691,0.6684017989640545,12.468284940446996,-49.20473796282393,-49.20473796282393,0.0,0.07906709133612821,-24.23464583906783,3.6034657013237674,6.242523030939026,0.02741895030776216,0.4998575001628001,6.241233938277328
32,381,4.0,215651.23261492158,0.7417217202989302,12.466848147946683,-49.1256708714878,-49.1256708714878,0.0,-0.09500565948054884,-24.1513571932058,3.6045210899552407,6.243578419570498,0.027412933650804393,0.49984875633883075,6.242208125894492
32,382,4.0,220834.5665954736,0.649544587518906,12.46755527962181,-49.22067653096835,-49.22067653096833,1.4210854715202004e-14,-0.007956807981408076,-24.247250860512825,3.604299087998622,6.243356417613881,0.027387280549922836,0.4998613381010756,6.242100811905549
32,383,4.0,221274.28835869682,0.644660759275485,12.46832352455631,-49.228633338949756,-49.228633338949756,0.0,-0.12654470746659996,-24.258304626447366,3.603524848510339,6.242582178125599,0.027413626919002544,0.4998604149984755,6.241320000642306
32,384,4.0,228386.46880631096,0.5217502054745874,12.469232062972736,-49.355178046416356,-49.355178046416356,0.0,-0.07948177956171065,-24.38639240769453,3.6031390800652,6.242196409680459,0.027413199639202652,0.49986885844906315,6.241010949043209
32,385,4.0,232969.99711144442,0.4440902757142216,12.46968752542307,-49.434659825978066,-49.43465982597806,7.105427357601002e-15,0.07575092087630253,-24.466379312058855,3.6030127988645444,6.242070128479804,0.027391779668806866,0.4998769629057193,6.240958038827246
32,386,4.0,228599.58759056302,0.5133559753005182,12.468066220100571,-49.358908905101764,-49.358908905101764,0.0,0.10599971563799215,-24.385550456121756,3.6042822826297436,6.243339612245003,0.02740395245379855,0.4998632809870651,6.2421017675021275
32,387,4.0,222621.27702293752,0.6195448742819147,12.46811351593642,-49.25290918946377,-49.252909189463765,7.105427357601002e-15,0.11503374698008884,-24.28139000353362,3.603822466867279,6.242879796482539,0.027401567763790435,0.49986160029756577,6.241627716050126
32,388,4.0,216310.22013087632,0.7305975412165353,12.467118245925056,-49.13787544248368,-49.13787544248369,7.105427357601002e-15,0.08552915562720642,-24.16481488475232,3.604207809817582,6.243265139432841,0.02745282365139546,0.49984368765774684,6.241850261540532
32,389,4.0,211734.11070674172,0.8139095330985019,12.466563954988743,-49.052346286856476,-49.05234628685647,7.105427357601002e-15,0.17198834628476334,-24.078820638543128,3.604324082463079,6.243381412078337,0.027459600415266593,0.49983652677544665,6.241901728628284
32,390,4.0,202823.10722152446,0.9846142681935257,12.466243052191306,-48.88035794057171,-48.8803579405717,1.4210854715202004e-14,-0.032767000306712646,-23.909301039944328,3.6037068955415856,6.242764225156845,0.027483563557830302,0.4998260548729192,6.241190957240605
32,391,4.0,204491.40724485015,0.9507455389295423,12.465967619951993,-48.913124940878426,-48.91312494087843,7.105427357601002e-15,-0.02951245638818989,-23.94039635513347,3.60412481682098,6.243182146436239,0.027484298179350667,0.49982388683349505,6.241588616349422
32,392,4.0,206005.74779844278,0.9221284737384756,12.466191467751274,-48.942637397266616,-48.94263739726662,7.105427357601002e-15,0.0922725784402516,-23.970244477475507,3.604040900332522,6.243098229947781,0.02748702543412213,0.4998246982335462,6.241511965128068
32,393,4.0,201307.97024452605,1.0063859880529709,12.464187701719831,-48.850364818826364,-48.85036481882636,7.105427357601002e-15,-0.07050231026979503,-23.872293571742922,3.6054604821555998,6.2445178117708595,0.027500737024687888,0.49980755233312996,6.242772879255227
32,394,4.0,204887.5932804697,0.9318664360328245,12.463183391282241,-48.92086712909616,-48.92086712909614,2.1316282072803006e-14,0.18054787251845283,-23.937658288572155,3.606744880515744,6.245802210131002,0.027524990621857374,0.49979723244030944,6.243960587178633
32,395,4.0,195845.19684752918,1.1060307800892775,12.46158750916675,-48.740319256577706,-48.74031925657772,1.4210854715202004e-14,-0.017335021495455294,-23.754930051715622,3.6072899716002627,6.246347301215522,0.027530813792441128,0.49978336915586047,6.244378439380519
32,396,4.0,196695.78380844917,1.085316804192233,12.460742770566343,-48.75765427807316,-48.75765427807314,2.1316282072803006e-14,-0.12579327037894927,-23.768268028783037,3.6082892327072726,6.247346562322532,0.027486865976266144,0.4997880014691647,6.245416565331366
32,397,4.0,202979.8287073244,0.9628425353701332,12.461572520955558,-48.88344754845211,-48.8834475484521,1.4210854715202004e-14,-0.07021980510415915,-23.894623437283823,3.608148698176813,6.247206027792073,0.027488790491774284,0.49979424477346834,6.2453335334618165
32,398,4.0,206574.59032493198,0.8984982679737875,12.463041405382512,-48.95366735355627,-48.95366735355626,7.105427357601002e-15,0.046286942802474584,-23.969239596628007,3.6070496096168054,6.246106939232066,0.02749901184272869,0.49980202017185293,6.244308169888642
32,399,4.0,204197.94126102573,0.9398956438614441,12.46181901365381,-48.907380410753795,-48.9073804107538,7.105427357601002e-15,0.05375214711902743,-23.919243830481996,3.6079768154526914,6.24703414506795,0.02750094950850385,0.499792908574464,6.245150081579362
32,400,4.0,201472.27662360828,1.0010417603638688,12.463667505999663,-48.85362826363477,-48.85362826363478,1.4210854715202004e-14,0.05097253361762455,-23.873802759255874,3.6058990464794634,6.244956376094721,0.027487495254632836,0.49980620166458445,6.243198440653331
32,401,4.0,198921.17754535802,1.0488750577870614,12.462882696951054,-48.80265573001714,-48.80265573001715,7.105427357601002e-15,-0.15403194182534463,-23.821148574037117,3.606319459379747,6.245376788995006,0.027510995435450342,0.49979622704701815,6.243527344238596
32,402,4.0,206730.62948166468,0.9023386314671284,12.464756575827403,-48.95668767184249,-48.95668767184248,7.105427357601002e-15,-0.009147989684080926,-23.97890490586452,3.605388361879233,6.244445691494493,0.02746631639815185,0.49981875836031064,6.242802626622675
32,403,4.0,207203.96294803504,0.8955212583839893,12.465339229977639,-48.96583566152657,-48.96583566152657,0.0,0.068575144631005,-23.99022126260519,3.6048462701150856,6.243903599730345,0.027467496211926304,0.4998215421911011,6.242287123525407
32,404,4.0,203681.97884893627,0.9622770756467485,12.46488439813558,-48.897260516895564,-48.89726051689557,7.105427357601002e-15,-0.13875792857812996,-23.92154898954035,3.6048705522235447,6.243927881838803,0.027492443765283956,0.4998117694253553,6.242222799525989
32,405,4.0,210871.58206451236,0.8305898026142792,12.466652062021993,-49.036018445473694,-49.036018445473694,0.0,-0.1589354626217414,-24.064174123675617,3.603903750834259,6.2429610804495175,0.02746123311238819,0.4998301374896431,6.241424263214678
32,406,4.0,219419.0118776894,0.6767837123043281,12.467934405099943,-49.194953908095435,-49.19495390809544,7.105427357601002e-15,0.03592008270624092,-24.225114643215555,3.6034024866047085,6.242459816219967,0.02744934019067317,0.49984287475095,6.241039295606277
32,407,4.0,217457.44525046914,0.7126192530930202,12.467913269620553,-49.159033825389194,-49.159033825389194,0.0,-0.07550830515114626,-24.189798328130063,3.6032515446995244,6.242308874314782,0.027443492824622967,0.49984207027465444,6.240881610634664
32,408,4.0,221601.39581400374,0.6404184422131011,12.468740143188361,-49.23454213054034,-49.23454213054034,0.0,-0.0910087011405949,-24.267015534817666,3.6028243193154075,6.241881648930667,0.02741881638234365,0.49985413016836355,6.240564034776526
32,409,4.0,226701.1043546496,0.5546809698068483,12.470057950371944,-49.325550831680935,-49.32555083168093,7.105427357601002e-15,0.01496293459632625,-24.361490539151482,3.601957743517104,6.2410150731323615,0.02739259401739471,0.4998691893611193,6.239834811068669
32,410,4.0,225854.66005367629,0.5673500082274888,12.469484476328024,-49.31058789708461,-49.31058789708461,0.0,-0.1489146875561147,-24.344560027294342,3.6024496378323083,6.241506967447568,0.027400522657051705,0.49986490353671403,6.240287229700454
32,411,4.0,234421.4039181589,0.4195206467763177,12.469755807854261,-49.459502584640724,-49.459502584640724,0.0,-0.013764716513861686,-24.49224312121576,3.60275753624098,6.241814865856237,0.027400716352964614,0.49987115337695937,6.240651162659918
32,412,4.0,235229.47952963557,0.4064012217100344,12.469917130716155,-49.473267301154586,-49.473267301154586,0.0,0.14952648770409382,-24.50632549849343,3.6026781210500296,6.2417354506652885,0.027375281720779875,0.49987615534115604,6.24061715520436
32,413,4.0,226598.54427791497,0.5516944198599083,12.468858808327598,-49.32374081345049,-49.323740813450485,7.105427357601002e-15,0.08685954628934667,-24.354946482460402,3.603141253132263,6.2421985827475215,0.0273684982129578,0.49986738109804485,6.241000140822064
32,414,4.0,221731.02269722585,0.6375976503467862,12.46861972937698,-49.236881267161145,-49.23688126716114,7.105427357601002e-15,-0.19806335675158948,-24.268741704847574,3.6029775609631334,6.242034890578393,0.02738218314181864,0.49986101719277637,6.240778887730454
32,415,4.0,232986.58504546795,0.4428374358887629,12.469445514950376,-49.434944623912735,-49.43494462391274,7.105427357601002e-15,0.11649290984049543,-24.466760228762663,3.602988769172259,6.242046098787518,0.02736731150822121,0.4998738216329813,6.240906130766064
32,416,4.0,226299.11672938595,0.5556812465574896,12.46853324015743,-49.31845171407224,-49.31845171407223,7.105427357601002e-15,0.16592383051435888,-24.34876214031968,3.603365063822882,6.24242239343814,0.027396284752392214,0.49985916695212157,6.241149187811861
32,417,4.0,217104.04135912686,0.7169486775794875,12.467369140284342,-49.15252788355788,-49.15252788355788,0.0,-0.1489233272371706,-24.181400615560964,3.6037244873839684,6.242781816999227,0.027416406652064334,0.49984352164528445,6.241366500655838
32,418,4.0,225339.35800288428,0.5696187016048105,12.467767478099967,-49.30145121079505,-49.30145121079506,7.105427357601002e-15,-0.13099483379605914,-24.329123601742616,3.6040245726478504,6.243081902263108,0.02738499743283543,0.49985455928607136,6.241766095515297
32,419,4.0,232841.09662359123,0.44055103189564,12.468249269121685,-49.43244604459111,-49.4324460445911,7.105427357601002e-15,-0.01415200824996532,-24.459965799875366,3.6040627315636775,6.243120061178937,0.027376159018637915,0.49986147817825055,6.241867126811763
32,420,4.0,233666.3479132233,0.42684531910529067,12.468360842986591,-49.446598052841075,-49.446598052841075,0.0,-0.027233495055142498,-24.474354205084506,3.6040036323238818,6.2430609619391415,0.02736808158704708,0.49986297191990076,6.241821736497871
32,421,4.0,235262.6637369306,0.40247830033496357,12.469077462057793,-49.47383154789622,-49.47383154789621,7.105427357601002e-15,0.035561307439529344,-24.50409994717025,3.60337557056623,6.242432900181488,0.02737656496772075,0.4998652969384153,6.241215808230906
32,422,4.0,233180.3716022141,0.437440501553813,12.468927685502624,-49.43827024045669,-49.43827024045668,7.105427357601002e-15,-0.10287520753112744,-24.468735883232654,3.6033262596907503,6.242383589306008,0.027405293928483877,0.4998568626823121,6.241090292364025
32,423,4.0,239255.27616228603,0.3326533636054244,12.468449702898312,-49.541145447987816,-49.54114544798782,7.105427357601002e-15,-0.005524909914043974,-24.56853797538013,3.6040945385366627,6.243151868151921,0.02742423087717008,0.49985199607058095,6.241813779274964
32,424,4.0,239585.97045354635,0.322424560926704,12.46727372970714,-49.54667035790186,-49.54667035790185,7.105427357601002e-15,-0.042887041355527344,-24.5694833995496,3.605239409972806,6.244296739588065,0.02741862242256818,0.49984527463545786,6.242895824470722
32,425,4.0,242168.5740975026,0.28280169079729794,12.468089772513673,-49.58955739925739,-49.589557399257394,7.105427357601002e-15,0.013987706262724942,-24.61486256237549,3.6046163796052153,6.243673709220475,0.027408267390367943,0.49985445432885356,6.242356744069634
32,426,4.0,241323.2073315822,0.30324240598452684,12.469703024744799,-49.57556969299466,-49.57556969299467,7.105427357601002e-15,-0.08423427914908643,-24.607095811950682,3.6030611406457376,6.242118470260997,0.027376966797878034,0.4998699050420311,6.240943694886254
32,427,4.0,246459.015528297,0.21788063317547687,12.469421151329808,-49.65980397214375,-49.659803972143756,7.105427357601002e-15,-0.10448858791483673,-24.68904904888328,3.603631401199858,6.242688730815117,0.027356297367483823,0.49987589450807063,6.241567701957067
32,428,4.0,252981.8788421585,0.11100141709068771,12.468823494287317,-49.764292560058585,-49.76429256005858,7.105427357601002e-15,-0.14969316310370573,-24.79015393364209,3.604477326988864,6.243534656604123,0.027372981100748,0.4998730913059602,6.2423872341412485
32,429,4.0,262628.6748436496,-0.03765612126632378,12.46908240047399,-49.91398572316229,-49.913985723162284,7.105427357601002e-15,0.15312848033767779,-24.939676996968792,3.604519851933115,6.243577181548374,0.02740599777770321,0.4998727819727793,6.242427019033047
32,430,4.0,252764.7038615591,0.11326516538708224,12.468530602052924,-49.76085724282461,-49.76085724282461,0.0,0.10225364412719529,-24.785801930775193,3.604706498397096,6.243763828012355,0.027392892122622692,0.4998674767480635,6.242565057581758
32,431,4.0,246385.0659102841,0.20440453634636718,12.465752033760943,-49.65860359869742,-49.658603598697404,1.4210854715202004e-14,0.07921444239300257,-24.67396094919568,3.607103332760173,6.246160662375432,0.02739281274521939,0.4998483928476514,6.2447843892837716
32,432,4.0,241553.74866613522,0.28835536096169356,12.46693612931653,-49.579389156304416,-49.57938915630442,7.105427357601002e-15,-0.04754852209760685,-24.60050295864205,3.6056642198003317,6.244721549415591,0.027414121514080583,0.49984815401659805,6.243345856784778
32,433,4.0,244442.2636695051,0.24118869475635585,12.467031593289596,-49.62693767840202,-49.62693767840203,7.105427357601002e-15,-0.06786217340638245,-24.64795249548376,3.6056889661143066,6.244746295729565,0.02742759121633023,0.4998475079841026,6.243364553091512
32,434,4.0,248624.73814725058,0.17246126672353224,12.466815279632984,-49.694799851808405,-49.694799851808405,0.0,0.0674958238645047,-24.71406567499386,3.6061262145883766,6.245183544203635,0.02740553640454909,0.499852644847615,6.243847319851894
32,435,4.0,244464.6525225857,0.23801643431176575,12.466330115563917,-49.6273040279439,-49.6273040279439,0.0,0.15345105213176424,-24.645538889579,3.6063839549759664,6.245441284591224,0.027403025287800337,0.4998471089368254,6.244053604098388
32,436,4.0,235263.92403745063,0.38936351508106115,12.465804122723295,-49.473852975812136,-49.47385297581212,1.4210854715202004e-14,0.05264454224653292,-24.49224071065041,3.6063457366751703,6.24540306629043,0.027411201538534522,0.4998367303842284,6.243921422119398
32,437,4.0,232187.87022261048,0.4416889454570374,12.46572434475566,-49.4212084335656,-49.4212084335656,0.0,-0.15616826745196022,-24.439975868712576,3.606250811597999,6.2453081412132585,0.027392028646263958,0.49983770837810454,6.24383509357029
32,438,4.0,241432.2502028357,0.29253236150973305,12.467477265631825,-49.57737670101756,-49.57737670101756,0.0,0.07174961631236698,-24.600703945298026,3.605110859314626,6.244168188929885,0.02737289962310192,0.4998553880153953,6.242858287379027
32,439,4.0,237140.19164814465,0.365373046729877,12.467750032858769,-49.505627084705196,-49.505627084705196,0.0,0.025720970996140124,-24.530879478945362,3.6046295718246997,6.2436869014399585,0.027348692932671403,0.4998586160721907,6.242407003900023
32,440,4.0,235620.21479768772,0.3945965619204223,12.468625668907368,-49.479906113709056,-49.47990611370905,7.105427357601002e-15,-0.2126027790540661,-24.5092745757826,3.6036005548663548,6.2426578844816145,0.02739593427146027,0.49985318633862275,6.241330671492954
32,441,4.0,248482.38164457172,0.18653152954556423,12.469760105577167,-49.69250889276312,-49.69250889276311,1.4210854715202004e-14,-0.10879996717385865,-24.7235159708376,3.6031909008661223,6.2422482304813816,0.02739255200662115,0.49986637994295047,6.241041485838687
32,442,4.0,255333.85802590387,0.08224900653180538,12.470889466617196,-49.80130885993698,-49.80130885993698,0.0,0.15951434345751636,-24.835436143356144,3.6024108495299507,6.241468179145209,0.027372480551474024,0.4998798062428311,6.240384019501012
32,443,4.0,245351.8616251685,0.24293022666142353,12.471181185785222,-49.641794516479465,-49.641794516479465,0.0,0.0017760267451762957,-24.679060285384086,3.6016262281585867,6.240683557773845,0.027379947673106586,0.49987299358346354,6.239538717413609
32,444,4.0,245242.94793910385,0.24417658322888422,12.471048768240795,-49.64001848973429,-49.640018489734295,7.105427357601002e-15,-0.14934590758502253,-24.67684371272229,3.6017363646377403,6.240793694253,0.027381345605479564,0.4998717020823301,6.239637010968236
32,445,4.0,254572.53885461378,0.09621824439902185,12.471395660429584,-49.78936439731931,-49.78936439731932,7.105427357601002e-15,0.05203387325554587,-24.825963190531585,3.6017929720816717,6.240850301696931,0.02738971276218817,0.49987596144686125,6.239732039349929
32,446,4.0,251282.38636809314,0.14841879899445048,12.471437330764555,-49.737330524063765,-49.73733052406377,7.105427357601002e-15,-0.016044819649053466,-24.774558926176553,3.6016355698565437,6.240692899471802,0.027371264248890585,0.49987764982839145,6.239589838011878
32,447,4.0,252292.35575355764,0.13169984693518377,12.471268797661999,-49.75337534371282,-49.75337534371281,7.105427357601002e-15,-0.1185192712097205,-24.789947040803856,3.601799746111982,6.240857075727241,0.02739240121663173,0.4998730920264561,6.239712823054139
32,448,4.0,259879.58126509242,0.01353462708671691,12.471357310502313,-49.87189461492254,-49.87189461492253,7.105427357601002e-15,0.08933363552883122,-24.90747930806296,3.602046497099637,6.241103826714896,0.027381067538385893,0.49988067794015806,6.240027980911906
32,449,4.0,254139.91602959155,0.10366664790578263,12.471556906824876,-49.78256097939371,-49.78256097939372,1.4210854715202004e-14,-0.002124784954510517,-24.819795394769965,3.601634066540678,6.240691396155937,0.027373302731854583,0.4998802691914517,6.239612142942048
32,450,4.0,254274.9500586807,0.0990847258713747,12.4709426225549,-49.78468576434822,-49.784685764348225,7.105427357601002e-15,0.12411998967150595,-24.819765441928666,3.6021727509896273,6.241230080604886,0.027397283287140754,0.49987170895921773,6.2400730634661254
32,451,4.0,246505.95827386802,0.22434086951809606,12.4712266610487,-49.66056577467671,-49.660565774676705,7.105427357601002e-15,-0.004582912919552484,-24.698207457992535,3.601532249555782,6.240589579171041,0.027396338382864597,0.49986863094895206,6.239405335682407
32,452,4.0,246788.54896425092,0.22578861395936245,12.472734325388908,-49.665148687596265,-49.66514868759627,7.105427357601002e-15,0.035561811356949136,-24.70844299004333,3.6001190947729746,6.2391764243882335,0.02737396998887366,0.4998816535205621,6.2381106813851295
32,453,4.0,244604.2112715543,0.26085222883155695,12.472609776267717,-49.629586876239316,-49.62958687623931,7.105427357601002e-15,-0.0010883432489521283,-24.67275259330128,3.6001512411192516,6.239208570734511,0.027362896965404383,0.49988264660983495,6.238151690944433
32,454,4.0,244670.77366198518,0.2581415019952378,12.472204180370877,-49.63067521948827,-49.63067521948827,0.0,0.02169068009938968,-24.67236761005744,3.600519572742447,6.239576902357706,0.027373029298715722,0.4998775709015448,6.238473982654668
32,455,4.0,243347.59561303878,0.2813885551292591,12.472593273629535,-49.60898453938888,-49.60898453938888,0.0,0.2337428353328619,-24.652399212854295,3.600089002018388,6.2391463316336475,0.02736714739880332,0.49988086901633977,6.2380734136295475
32,456,4.0,229534.913628846,0.5099764952243179,12.471304549820083,-49.375241704056016,-49.375241704056016,0.0,0.06680989118644476,-24.417285168336573,3.6004318043146015,6.239489133929861,0.027390193770956972,0.4998616099936807,6.238242192426214
32,457,4.0,225732.95244124724,0.5742031167795947,12.47065873241229,-49.30843181286957,-49.308431812869564,7.105427357601002e-15,0.08068922852307736,-24.349131186445963,3.600767826990643,6.239825156605902,0.027394266142617255,0.49985525685818916,6.238520184470086
32,458,4.0,221225.01857207686,0.6506985111326488,12.469610273869785,-49.227742584346494,-49.227742584346494,0.0,0.03467317281513971,-24.26578257414746,3.601432672934499,6.240490002549756,0.027392386979672584,0.4998478977019886,6.2391178508192535
32,459,4.0,219315.66263126896,0.6842808495258287,12.469337565264293,-49.193069411531354,-49.19306941153135,7.105427357601002e-15,0.16136845302303726,-24.23075168723713,3.601522101458297,6.240579431073556,0.027390279379788756,0.4998443448897273,6.2391753603267
32,460,4.0,210644.09603086332,0.8387400035641223,12.467610240518107,-49.03170095850832,-49.03170095850831,7.105427357601002e-15,-0.02909097861611798,-24.06605355502141,3.6023545212564687,6.241411850871728,0.027417196570573277,0.49982414036475076,6.239823959668525
32,461,4.0,212181.64106329792,0.8097956245363412,12.467646890415196,-49.060791937124435,-49.06079193712444,7.105427357601002e-15,-0.06889851006553727,-24.09465012431205,3.6024781235878396,6.241535453203099,0.02740137880211296,0.49982833761465,6.239985349536125
32,462,4.0,215868.0481486734,0.739287383400322,12.467244457647574,-49.12969044718997,-49.12969044718997,0.0,-0.07133782003027989,-24.160535589583848,3.603231384786272,6.242288714401531,0.027382978786892068,0.49983042210261797,6.240756277305182
32,463,4.0,219752.47247777533,0.6734130335740312,12.468610325198568,-49.20102826722025,-49.201028267220245,7.105427357601002e-15,0.09929654909523578,-24.235894211412983,3.6022261843365593,6.241283513951818,0.02738009795121008,0.4998406969244543,6.239845616520726
32,464,4.0,214364.46000393727,0.7693253850594296,12.467764275796112,-49.101731718125016,-49.101731718125016,0.0,-0.1539362805780229,-24.135203576132305,3.602574705882919,6.241632035498178,0.02737590412603258,0.4998346047994616,6.24013855180822
32,465,4.0,222774.87239336703,0.6223189438560981,12.469496735639789,-49.25566799870304,-49.25566799870305,1.4210854715202004e-14,0.10061500268219703,-24.29294216335261,3.601624129222351,6.240681458837611,0.027356709593346334,0.4998526301471056,6.239352358302786
32,466,4.0,217241.13765766963,0.7203136527937837,12.468841662203658,-49.15505299602084,-49.15505299602085,7.105427357601002e-15,0.03544669037601267,-24.191850866337553,3.6017432028055643,6.240800532420822,0.02736710821292128,0.4998429666273135,6.239384169910091
32,467,4.0,215324.5225719982,0.753754365543013,12.468340167796958,-49.11960630564483,-49.11960630564482,7.105427357601002e-15,-0.02786212301415958,-24.15541284316307,3.601991036005179,6.241048365620438,0.027392854766278327,0.4998335779793625,6.239546766446902
32,468,4.0,216829.60792975448,0.7274074456830586,12.46871896858551,-49.14746842865899,-49.14746842865898,7.105427357601002e-15,-0.09388035760003532,-24.18415366965221,3.6017713601364356,6.2408286897516945,0.027378345307492086,0.4998388658081266,6.239375179568894
32,469,4.0,221978.80793925398,0.6365362495497783,12.469471258952199,-49.241348786259024,-49.24134878625902,7.105427357601002e-15,-0.011140082974456789,-24.279237136989373,3.6014705827021545,6.240527912317413,0.027372482699508573,0.49984631514847094,6.23914196870773
32,470,4.0,222597.88519535994,0.6271123784245605,12.46990031191451,-49.25248886923348,-49.252488869233474,7.105427357601002e-15,0.061537545697603946,-24.291876855105226,3.6010956739168063,6.240153003532066,0.027372107257271284,0.4998489041792795,6.238790937357112
32,471,4.0,219199.56090513113,0.6827637002186099,12.468428755938621,-49.19095132353588,-49.19095132353588,0.0,-0.014927985568462532,-24.226143743221492,3.6021445654633366,6.2412018950785955,0.027409407229273736,0.49983012335140914,6.239668992062986
32,472,4.0,220019.1412598002,0.666861048078261,12.468185089295648,-49.20587930910434,-49.20587930910433,7.105427357601002e-15,0.08583622274517921,-24.240021014392052,3.602407244062814,6.241464573678073,0.027410627113097073,0.49982701812540475,6.239903244146125
32,473,4.0,215348.03625546076,0.7513062598094704,12.467837336542157,-49.12004308635916,-49.12004308635916,0.0,0.10010254127304563,-24.15456244334292,3.6023128311388026,6.241370160754061,0.02742207476046407,0.4998210120193479,6.239754689412119
32,474,4.0,210025.69015136588,0.8480367359130218,12.466994320249785,-49.019940545086115,-49.01994054508612,7.105427357601002e-15,-0.015354999802262626,-24.053483730879627,3.602556873936365,6.241614203551623,0.027452208715587862,0.4998070674497522,6.23987218186745
32,475,4.0,210833.475710479,0.8315016846350765,12.466699307380864,-49.03529554488838,-49.03529554488838,0.0,0.08048993817808991,-24.067476456299172,3.602897442532043,6.241954772147301,0.027442260300284186,0.49980545382688146,6.240197295264769
32,476,4.0,206633.3822342891,0.9073107453482767,12.46552908801464,-48.95480560671029,-48.95480560671028,7.105427357601002e-15,0.08277205247131292,-23.98448033964616,3.60352398715077,6.24258131676603,0.027465743711377357,0.49978995468271864,6.240682279355165
32,477,4.0,202401.45165125933,0.9764635420962898,12.462124274083818,-48.872033554238975,-48.87203355423898,7.105427357601002e-15,-0.09502214436681555,-23.890316521060665,3.606371928679319,6.2454292582945765,0.027460842540403055,0.4997681981365434,6.243325074574264
32,478,4.0,207267.17171661474,0.8831006863249121,12.462539096232675,-48.96705569860579,-48.96705569860579,0.0,-0.10869122337983583,-23.984685847721263,3.6065351331058713,6.245592462721132,0.027429207309933527,0.4997793494069098,6.243588849654821
32,479,4.0,212976.41918182152,0.7774229291952485,12.46329246279522,-49.075746921985626,-49.07574692198563,7.105427357601002e-15,-0.11381174862743393,-24.09398113894475,3.606384116144961,6.245441445760219,0.027400756520421014,0.4997905217149511,6.243539049454597
32,480,4.0,219123.2569617221,0.6650500023230403,12.463652168234024,-49.18955867061306,-49.18955867061305,7.105427357601002e-15,-0.05408012151143282,-24.207137429076763,3.6065479807688163,6.245605310384074,0.027413053953196393,0.4997922725249417,6.243716900096685
32,481,4.0,222105.92751690192,0.6178126234134932,12.465362853884498,-49.24363879212449,-49.2436387921245,7.105427357601002e-15,-0.10704293574942625,-24.26706493894681,3.6050861336791624,6.244143463294422,0.02742554827222363,0.4998007168934728,6.24233669440648
32,482,4.0,228129.8884630634,0.5152533332674096,12.466483765285332,-49.35068172787392,-49.35068172787392,0.0,0.05183297809014675,-24.376858752013714,3.604398414349791,6.24345574396505,0.02744002658541153,0.4998063246008624,6.24170235590523
32,483,4.0,225192.79646226385,0.5650221806939282,12.465967732619426,-49.29884874978377,-49.29884874978377,0.0,0.006340921191416271,-24.32398849860409,3.60465773317966,6.2437150627949185,0.027430388536841502,0.4998034203712776,6.241935562341553
32,484,4.0,224836.09681869208,0.5731466471634554,12.466413618938953,-49.292507828592356,-49.292507828592356,0.0,0.10128236432917248,-24.319669811617057,3.6041521746285654,6.243209504243825,0.027446905607353494,0.4998025252658643,6.241423352718788
32,485,4.0,219214.58430170396,0.6727672585979303,12.465998180715276,-49.191225464263184,-49.19122546426318,7.105427357601002e-15,0.007905252160789189,-24.218602048916885,3.604098524221315,6.243155853836575,0.027442297556587836,0.4997974935178021,6.241324254587606
32,486,4.0,218781.77548387484,0.683483958216192,12.466701042579647,-49.183320212102394,-49.183320212102394,0.0,-0.006039554419793092,-24.213717058930488,3.6033434586777173,6.242400788292977,0.027454500331613545,0.4997985931005382,6.2405808576269814
32,487,4.0,219112.36110457452,0.6821620701271104,12.467880459162327,-49.18935976652219,-49.189359766522195,7.105427357601002e-15,0.006506538900026726,-24.22417923251331,3.602237803886962,6.241295133502222,0.027447540927056802,0.499807174880862,6.239554884052353
32,488,4.0,218756.23505134962,0.6902747213629211,12.468281987246273,-49.18285322762216,-49.182853227622175,1.4210854715202004e-14,0.07237058751486103,-24.2192616029877,3.6018405765433568,6.240897906158615,0.027440589882866143,0.4998116121316458,6.239198430478167
32,489,4.0,214833.94503636312,0.7628878088499023,12.468342612239303,-49.1104826401073,-49.11048264010731,7.105427357601002e-15,0.02476378143053637,-24.14850622316581,3.601436774620115,6.240494104235374,0.027437484665649853,0.49981135008498884,6.238792736478189
32,490,4.0,213508.0283953678,0.7796298132559033,12.466337167983168,-49.08571885867676,-49.08571885867677,7.105427357601002e-15,0.03274938364843649,-24.11691424514825,3.6031438237668687,6.242201153382129,0.027474699450417667,0.49978945224742855,6.240298497570366
32,491,4.0,211767.10082489866,0.8087874942018637,12.465439242307546,-49.05296947502833,-49.05296947502832,7.105427357601002e-15,0.018372065920495118,-24.081469086599554,3.6038177674919334,6.242875097107193,0.027475550308260984,0.4997826822208293,6.240909704801303
32,492,4.0,210796.68132322456,0.8255901968283861,12.465046901484053,-49.03459740910783,-49.034597409107825,7.105427357601002e-15,0.04973739799683585,-24.06199240058674,3.6040939225150135,6.243151252130272,0.027469686276523766,0.4997811570707534,6.241171754240425
32,493,4.0,208191.79033925408,0.8721079454594877,12.464241989142625,-48.984860011110996,-48.98486001111101,1.4210854715202004e-14,-0.09875131350506194,-24.010447591937925,3.6045457751780106,6.2436031047932685,0.027499544420752343,0.4997689227811721,6.241511437769074
32,494,4.0,213395.56416522482,0.7822410292969332,12.466463088478248,-49.08361132461606,-49.08361132461606,0.0,-0.05981436473275892,-24.115565003456087,3.602954250674734,6.2420115802899945,0.027472773526769904,0.4997905254406316,6.2401193648783675
32,495,4.0,216610.57224152618,0.7147706997996554,12.464549097287117,-49.14342568934882,-49.14342568934881,7.105427357601002e-15,0.06827559735749134,-24.167049111358356,3.6050368148823537,6.2440941444976135,0.027498564991653943,0.4997745493834462,6.242052194307155
32,496,4.0,212944.64387367613,0.7808207533602903,12.463992711337902,-49.075150091991325,-49.07515009199132,7.105427357601002e-15,0.07861923273697613,-24.098155789447986,3.6051912460205764,6.244248575635837,0.027509268190912727,0.4997660748921098,6.242129264672184
32,497,4.0,208800.12106707064,0.8538593895862427,12.462597562210153,-48.99653085925435,-48.99653085925437,2.1316282072803006e-14,-0.21699623484624198,-24.016144085597883,3.6060393637988573,6.245096693414117,0.027543883041225514,0.4997473265989968,6.242805038474066
32,498,4.0,220440.20843228544,0.6479848750940986,12.46537799229867,-49.21352709410059,-49.213527094100584,7.105427357601002e-15,0.10888403293910187,-24.23928072018515,3.6045042638635993,6.243561593478858,0.027492264418735504,0.499779347651261,6.241564302527358
32,499,4.0,214520.538916429,0.7581660810720734,12.465702285558391,-49.10464306116149,-49.10464306116149,0.0,-0.08841648536037638,-24.13381785843467,3.6036489710664448,6.242706300681704,0.027483876970491754,0.4997794764017091,6.240712500312347
32,500,4.0,219315.12174416293,0.6761550920853849,12.46730365965181,-49.193059546521866,-49.19305954652185,1.4210854715202004e-14,,-24.226458796017706,3.6025928580107807,6.24165018762604,0.027450334649410747,0.49979790186599576,6.239824733779942
