seed,epoch,temperature,Z,E,S,F,F_check,err,delta_F,F_data,KL,NLL,data_mass,recon_sq,recon_ce
7,1,1.0,2400.4143746129284,-0.16380970127351246,7.619586956247898,-7.78339665752141,-7.78339665752141,0.0,0.02522026272504263,-1.5408981589258386,3.603441168980312,6.242498498595571,0.027400745928319765,0.49991769475449854,6.2417560971967365
7,2,1.0,2340.632321698942,-0.13807801560691996,7.620098379189447,-7.758176394796368,-7.758176394796368,0.0,-0.0028813160788541126,-1.5162358571905916,3.602883207990518,6.241940537605776,0.027403049203032406,0.49991049172357843,6.2411338887337475
7,3,1.0,2347.3861485245397,-0.14207222913087764,7.618985481744343,-7.761057710875222,-7.761057710875221,8.881784197001252e-16,0.0351777935293871,-1.518067873917481,3.6039325073424817,6.24298983695774,0.02737160217233125,0.49990701247025193,6.242149639391907
7,4,1.0,2266.2458193998445,-0.10625699864607807,7.619622918699755,-7.725879917345835,-7.725879917345833,1.7763568394002505e-15,-0.027353501088052568,-1.4837782072767773,3.6030443804537984,6.242101710069057,0.02740718670523129,0.49988196089228315,6.241037137222258
7,5,1.0,2329.0911787566392,-0.13269011663363633,7.62054330180025,-7.753233418433887,-7.7532334184338865,8.881784197001252e-16,0.02627723093331724,-1.5116612300097023,3.602514858808927,6.241572188424185,0.02737714622825572,0.4999203860539404,6.24085543051684
7,6,1.0,2268.686225170936,-0.10488492948147826,7.62207125801909,-7.72695618750057,-7.726956187500568,1.7763568394002505e-15,0.04534416933040486,-1.4869451315262425,3.600953726359069,6.2400110559743265,0.027370201708139398,0.49992290003796663,6.239317169446929
7,7,1.0,2168.111992256332,-0.06137838052458441,7.6202336376455815,-7.681612018170165,-7.681612018170166,8.881784197001252e-16,0.09662647999627438,-1.4400550503576917,3.6024996381972154,6.241556967812474,0.02737097806093687,0.49990898362916036,6.240736347952439
7,8,1.0,1968.4181668058143,0.03503433758894399,7.620019875762836,-7.584985538173891,-7.584985538173892,8.881784197001252e-16,-0.0551527532546805,-1.3442041978876182,3.601724010671013,6.240781340286273,0.027355956568914857,0.4998844850292615,6.239740029340539
7,9,1.0,2080.031447202792,-0.020440759227341895,7.619697532201229,-7.640138291428571,-7.640138291428571,0.0,0.0354406144709154,-1.3984971371559678,3.6025838246573443,6.241641154272604,0.027356870380749153,0.4998919913883149,6.240667183073456
7,10,1.0,2007.6048567453736,0.014768832201366435,7.6194665091590235,-7.604697676957656,-7.604697676957657,8.881784197001252e-16,-0.0242713311819287,-1.3631051190741814,3.6025352282682155,6.241592557883474,0.02733882908409499,0.4999015279690309,6.240704217216537
7,11,1.0,2056.9282499783753,-0.00977147037353911,7.619197537766047,-7.628969008139585,-7.628969008139586,8.881784197001252e-16,0.013947529492497779,-1.3870305753358418,3.602881103188484,6.241938432803743,0.027314709258261335,0.49988808281245484,6.240929747762545
7,12,1.0,2028.438326424753,0.0034782113616263106,7.618499690008715,-7.615021478647087,-7.615021478647089,1.7763568394002505e-15,0.01073274146215386,-1.3727087849188901,3.6032553641129383,6.242312693728197,0.027319250152607576,0.49986471543563826,6.2410926926101356
7,13,1.0,2006.7840351162833,0.01053032257795036,7.614819059762885,-7.604288737184933,-7.604288737184935,1.7763568394002505e-15,-0.04375708713984405,-1.3587842544368056,3.606447153132869,6.245504482748126,0.027385379871891626,0.4998164640806924,6.2438434433594105
7,14,1.0,2096.544567271014,-0.03197958542988082,7.616066238894897,-7.648045824324777,-7.648045824324778,8.881784197001252e-16,0.035849777637814384,-1.4034089933361535,3.6055795013733642,6.244636830988624,0.02742722040565644,0.49982203730531677,6.243028516355003
7,15,1.0,2022.7152009063475,0.0013056389916114679,7.613501685678573,-7.612196046686963,-7.612196046686962,8.881784197001252e-16,-0.08712028828286122,-1.3655393777309095,3.6075993393407946,6.246656668956054,0.027439972135675797,0.49978708999234517,6.2447278280114515
7,16,1.0,2206.838737561683,-0.08736119603148643,7.611955138938336,-7.699316334969824,-7.699316334969823,8.881784197001252e-16,0.04072576536709249,-1.4507131110318596,3.609545894322705,6.248603223937964,0.02751993331312822,0.49976908047243507,6.24650353697402
7,17,1.0,2118.769065602507,-0.04717693260667363,7.611413636996058,-7.658590569602731,-7.658590569602732,8.881784197001252e-16,0.03335098351500054,-1.409767162503654,3.609766077483819,6.248823407099077,0.02748823670657927,0.49975727531639713,6.246616445372211
7,18,1.0,2049.271383122557,-0.013219151119844574,7.612020434967887,-7.625239586087731,-7.625239586087732,8.881784197001252e-16,0.09846057462513258,-1.3773617241474747,3.608820532324998,6.247877861940258,0.027477206104881424,0.4997529657641305,6.245635425071326
7,19,1.0,1857.1141163602651,0.08552111580461448,7.6123001272672095,-7.526779011462598,-7.526779011462595,3.552713678800501e-15,0.015251216783523702,-1.2803451056758086,3.60737657617153,6.246433905786788,0.02744633408266114,0.4997572294798184,6.244234380218168
7,20,1.0,1829.0057545701866,0.09980470711693576,7.61133250179601,-7.511527794679075,-7.511527794679075,0.0,-0.026981324959831632,-1.2644608790922978,3.6080095859715167,6.247066915586776,0.027454897885916495,0.49974670207259025,6.244769811973923
7,21,1.0,1879.026532090923,0.07433222006470491,7.6128413397036105,-7.538509119638906,-7.538509119638905,8.881784197001252e-16,-0.04129795324333507,-1.2925027771980175,3.606949012825631,6.24600634244089,0.02745230931993895,0.49976699360121535,6.243896196278127
7,22,1.0,1958.2511291956062,0.03398489156552284,7.613791964447764,-7.579807072882241,-7.579807072882241,0.0,0.02174946617755147,-1.3339046384505877,3.6068451048163936,6.245902434431653,0.027318513103845365,0.49981951992755996,6.244269961365771
7,23,1.0,1916.1200376611932,0.05521071107957849,7.613268317784268,-7.55805760670469,-7.55805760670469,0.0,0.03644121939066203,-1.312262108062146,3.6067381690272855,6.245795498642544,0.027412489859365514,0.49977693929911327,6.24377568173342
7,24,1.0,1847.5512401839192,0.0893699743210081,7.610986361635037,-7.521616387314028,-7.521616387314029,8.881784197001252e-16,0.027324371720160556,-1.2742321537996073,3.6083269038991626,6.24738423351442,0.02737415662004934,0.4997544291399006,6.2451546053298825
7,25,1.0,1797.7515345803042,0.11824583231201241,7.61253784790588,-7.494292015593867,-7.494292015593868,8.881784197001252e-16,0.008249401083462615,-1.2490340084826,3.606200677496009,6.245258007111267,0.027397390428457707,0.4997476175462934,6.242973272211924
7,26,1.0,1782.982164111281,0.1254068435564065,7.611449458066811,-7.486042614510405,-7.486042614510404,8.881784197001252e-16,0.013610313241706251,-1.24010467128288,3.606880613612265,6.245937943227524,0.027441330119384544,0.4997191177593114,6.243393785389846
7,27,1.0,1758.8796120582065,0.13673398410704252,7.60916628537574,-7.472432301268698,-7.4724323012686975,8.881784197001252e-16,-0.07674294353929412,-1.2245690962413804,3.6088058754120595,6.247863205027317,0.02741829222922311,0.499703600475458,6.245172607302288
7,28,1.0,1899.1757301882305,0.06332842575801242,7.612503670566005,-7.5491752448079925,-7.5491752448079925,0.0,0.04607952658036041,-1.3032109714560285,3.606906943736706,6.245964273351965,0.027380262416257063,0.499753993186434,6.243738453981382
7,29,1.0,1813.6482769231698,0.10368748167109623,7.606783199898729,-7.503095718227632,-7.503095718227632,0.0,-0.05781248134478911,-1.252536390145163,3.6115019984672108,6.25055932808247,0.0274201897310467,0.49968865943812185,6.2477265478770265
7,30,1.0,1921.5899082573624,0.047505310320489914,7.608413509892911,-7.560908199572421,-7.56090819957242,8.881784197001252e-16,-0.022595979977290348,-1.3110582952058725,3.61079257475129,6.249849904366548,0.0273680115484553,0.49971361361063094,6.247246077003446
7,31,1.0,1965.5043922837715,0.02786612319356451,7.611370302743276,-7.583504179549712,-7.583504179549712,0.0,-0.039166432213511904,-1.336104739724996,3.608342110209456,6.247399439824714,0.027372421447454394,0.49975748006096027,6.2452029238333635
7,32,1.0,2044.0136139839387,-0.011579201370280089,7.611091410392943,-7.6226706117632235,-7.622670611763223,8.881784197001252e-16,0.03381871642536538,-1.3747251108253304,3.608888171322634,6.247945500937893,0.027440280563059742,0.4997335126747494,6.245529764294957
7,33,1.0,1976.0435061303042,0.022781858148218877,7.6116337534860765,-7.588851895337858,-7.588851895337857,8.881784197001252e-16,-0.039671653863336154,-1.3420757136015382,3.6077188521210615,6.24677618173632,0.02745006136950171,0.4997174982823087,6.244217468818585
7,34,1.0,2056.0121769554007,-0.01713483264452129,7.611388716556672,-7.628523549201194,-7.6285235492011925,1.7763568394002505e-15,0.017568114766000065,-1.3811500844795188,3.608316135106416,6.247373464721676,0.02750864717194868,0.4996997941416685,6.244651781753797
7,35,1.0,2020.2073516022078,-0.0039009846929411313,7.607054449742254,-7.610955434435194,-7.610955434435195,8.881784197001252e-16,0.014883893028092565,-1.3597617756039229,3.612136329216012,6.251193658831271,0.027574400042031585,0.4996528703819604,6.248034195557257
7,36,1.0,1990.3614639644566,0.00995235102686439,7.606023892433966,-7.596071541407102,-7.596071541407102,0.0,0.046329597378911735,-1.3442897552752147,3.6127244565166277,6.251781786131886,0.027583939260972832,0.4996254497661565,6.248368219336455
7,37,1.0,1900.2522966094098,0.0549719001996627,7.6047138442278515,-7.54974194402819,-7.549741944028189,8.881784197001252e-16,0.017948620327623566,-1.2974053001837196,3.6132793142292114,6.252336643844471,0.027552517249220133,0.4996152073264327,6.248827442887617
7,38,1.0,1866.449652487231,0.0647499908928629,7.596543314593428,-7.531793323700566,-7.531793323700565,8.881784197001252e-16,-0.0009908185792228963,-1.2717548054176504,3.620981188667657,6.260038518282917,0.027542685844097414,0.49956154287277144,6.255997403125707
7,39,1.0,1868.2998819495954,0.06619099298194589,7.598975135261735,-7.532784142279789,-7.532784142279789,0.0,-0.017074158152063923,-1.2753763297313419,3.618350482933189,6.257407812548448,0.027619814721455183,0.4995584792824324,6.25335240409535
7,40,1.0,1900.4734159967747,0.05258601512663797,7.6024443155584915,-7.549858300431853,-7.549858300431853,0.0,0.012707566939390347,-1.2956607426860713,3.6151402281305236,6.254197557745783,0.0276485309674275,0.4995743995296515,6.250307891258378
7,41,1.0,1876.4758212982497,0.06644831529185276,7.603599048784315,-7.537150733492463,-7.537150733492463,0.0,-0.039046344355645246,-1.2842309824077713,3.6138624214694324,6.252919751084692,0.02757732236321607,0.4996012174512005,6.249281553961934
7,42,1.0,1951.1945970300912,0.029908219234128407,7.606105297082237,-7.576197077848108,-7.576197077848109,8.881784197001252e-16,-0.019919069224042296,-1.3249514949120773,3.6121882533207716,6.251245582936031,0.027492815836079,0.49965106176889085,6.248072401603471
7,43,1.0,1990.4502473413506,0.010320489500139383,7.60643663657229,-7.59611614707215,-7.596116147072151,8.881784197001252e-16,-0.04841562799171939,-1.3448253390027503,3.6122334784541406,6.2512908080694,0.027461795788925155,0.4996730542253735,6.248318417596932
7,44,1.0,2089.1901358690934,-0.03546733726984748,7.609064437794021,-7.64453177506387,-7.644531775063868,1.7763568394002505e-15,-0.015183404047668603,-1.395119110744305,3.6103553347043063,6.249412664319564,0.02742043223790601,0.49970545397964705,6.246741208913946
7,45,1.0,2121.1531937959917,-0.047344361133038915,7.6123708179784995,-7.659715179111538,-7.659715179111538,0.0,-0.008262000220843113,-1.4132487907492721,3.6074090587470073,6.246466388362266,0.027422546391598794,0.499742824108409,6.244142286180485
7,46,1.0,2138.75075738707,-0.057276095952090836,7.61070108338029,-7.667977179332381,-7.6679771793323805,8.881784197001252e-16,-0.04391291043534018,-1.4197961875746345,3.6091236621424883,6.2481809917577475,0.027473982896935686,0.499736260671144,6.245794883952724
7,47,1.0,2234.76217003415,-0.10066134523994537,7.611228744527777,-7.711890089767722,-7.7118900897677225,8.881784197001252e-16,0.06120059427366353,-1.463648558822084,3.6091842013303768,6.248241530945636,0.027434911933595003,0.4997550087090234,6.24602556312248
7,48,1.0,2102.0944745311717,-0.04065446713132666,7.6100350283627325,-7.650689495494058,-7.650689495494059,8.881784197001252e-16,-0.024679101866761144,-1.4023701495087324,3.6092620163700664,6.248319345985325,0.027369448932714608,0.4997140178493266,6.245730184650208
7,49,1.0,2154.61772575322,-0.06680856955101193,7.608560027809807,-7.675368597360819,-7.675368597360818,8.881784197001252e-16,-0.003638846262604467,-1.4252247931764408,3.611086474569118,6.250143804184377,0.027326123553785806,0.499718032372869,6.2475862922324135
7,50,1.0,2162.4723305946227,-0.0731223147029823,7.605885128920439,-7.679007443623424,-7.679007443623422,1.7763568394002505e-15,0.04224948812036988,-1.426294236258242,3.6136558777499226,6.252713207365183,0.027328339455836605,0.4996922040475833,6.249911538669316
7,51,1.0,2073.0121127138473,-0.029646363066732143,7.60711159243632,-7.636757955503054,-7.636757955503052,1.7763568394002505e-15,0.028410864562522065,-1.3860089116712113,3.611691714216583,6.250749043831841,0.027381152480935606,0.4996802951251288,6.247846210969352
7,52,1.0,2014.9448231233625,-0.0033437117108845345,7.605003379229647,-7.608347090940532,-7.608347090940531,8.881784197001252e-16,0.021561500319429605,-1.3559281827399743,3.613361578585299,6.252418908200558,0.02736175618214764,0.49966782112241204,6.249396125526154
7,53,1.0,1971.964613681701,0.019900883719730124,7.606686474340832,-7.586785590621102,-7.586785590621102,0.0,0.020648018443691463,-1.3365314028334985,3.611196858172345,6.250254187787604,0.027443059318597873,0.49966949477283823,6.2472540769588365
7,54,1.0,1931.6649379642126,0.041468752518544656,7.607606324695955,-7.566137572177411,-7.566137572177411,0.0,-0.08682917888756236,-1.3171538617331422,3.60992638082901,6.24898371044427,0.02736248176858829,0.4996965788215512,6.246233645136568
7,55,1.0,2106.88693564217,-0.042430560709796644,7.610536190355177,-7.652966751064973,-7.652966751064973,0.0,-0.06162335981409761,-1.4054285234362904,3.6084808980134233,6.247538227628682,0.027398790269563364,0.4997244781117532,6.2450453481612005
7,56,1.0,2240.80422824384,-0.10519760500751539,7.609392505871555,-7.714590110879071,-7.714590110879071,0.0,0.057278417585147956,-1.465002505207114,3.610530276056697,6.249587605671956,0.027426664415312503,0.49973927833337395,6.247224040257579
7,57,1.0,2116.0611539517704,-0.05064064889782964,7.6066710443960925,-7.657311693293923,-7.657311693293922,8.881784197001252e-16,-0.03354640094017647,-1.4063146486571994,3.6119397150214643,6.2509970446367245,0.027480164673940956,0.4996611390011223,6.247916632361462
7,58,1.0,2188.251482805864,-0.08120234965099316,7.609655744583107,-7.690858094234099,-7.6908580942341,8.881784197001252e-16,0.02684847646564581,-1.4426518743840397,3.6091488902348012,6.2482062198500605,0.027527128521371104,0.4996516547147141,6.24504833450925
7,59,1.0,2130.2819434668886,-0.05303695398132817,7.610972663787125,-7.664009617768453,-7.664009617768453,0.0,0.07072218671337094,-1.4176976444268412,3.6072546437263537,6.246311973341613,0.027528285136991654,0.4996402107392232,6.243057142317203
7,60,1.0,1984.827784769559,0.01666367091853314,7.609951101973615,-7.593287431055082,-7.5932874310550815,8.881784197001252e-16,-0.05080448355861389,-1.3472292829551225,3.607000818484701,6.24605814809996,0.02745207037869059,0.49962769849423455,6.242688961003172
7,61,1.0,2088.2713858311477,-0.03311976708771963,7.6109721475259775,-7.644091914613696,-7.644091914613697,8.881784197001252e-16,-0.015069312288005676,-1.398362201011491,3.6066723839869463,6.2457297136022065,0.02748002102320512,0.4996290258132896,6.242375433923785
7,62,1.0,2119.978501688569,-0.04823719221770292,7.6109240346839995,-7.659161226901702,-7.659161226901702,0.0,0.047178300199968604,-1.4132674443516482,3.606836452934794,6.245893782550051,0.027468258571357693,0.49962177754293907,6.242472231620309
7,63,1.0,2022.284165805335,-0.0013426463471020444,7.610640280354632,-7.611982926701733,-7.611982926701734,8.881784197001252e-16,0.03063817356933818,-1.3668549415227975,3.606070655563677,6.245127985178935,0.027503146385298178,0.4995897955289079,6.24141856102004
7,64,1.0,1961.2646095726705,0.028674541107173646,7.610019294239569,-7.581344753132395,-7.581344753132395,0.0,-0.03926566700469092,-1.3363540137860375,3.6059334097310987,6.244990739346357,0.0275094526295824,0.4995687333610391,6.241090054198338
7,65,1.0,2039.806889070333,-0.011590021697461164,7.609020398439627,-7.620610420137086,-7.620610420137089,2.6645352591003757e-15,0.014588051464298424,-1.3740232039952536,3.607529886526575,6.246587216141833,0.02749240307597871,0.49956383086094,6.242636605802268
7,66,1.0,2010.2660765250994,0.005898884197338153,7.611921252870125,-7.606022368672788,-7.606022368672788,0.0,-0.08434326745222442,-1.3625558484665772,3.6044091905909528,6.243466520206211,0.027484834889886803,0.4995858213620539,6.239722328121155
7,67,1.0,2187.174125916774,-0.07902663742684965,7.611338998698162,-7.690365636125012,-7.690365636125012,0.0,0.022879857308933715,-1.4450395825144373,3.606268723995315,6.245326053610573,0.02750704377916431,0.4995895318380572,6.241612904999315
7,68,1.0,2137.700032345204,-0.05724211339027042,7.610243665425807,-7.667485778816078,-7.6674857788160775,8.881784197001252e-16,0.08764689554560334,-1.4216726444421788,3.6067558047586408,6.245813134373899,0.027526663752339444,0.49956223898468205,6.241848949056467
7,69,1.0,1958.3134229150728,0.030043652769019772,7.609882536039495,-7.579838883270475,-7.579838883270475,0.0,0.020084768887352666,-1.3354039993802975,3.6053775542749196,6.244434883890179,0.027522121520195866,0.4995448785082572,6.240315393230008
7,70,1.0,1919.3735090071157,0.04869773397326617,7.608451848356387,-7.559754114383122,-7.5597541143831215,8.881784197001252e-16,-0.009852427180383927,-1.314494312679726,3.606202472088139,6.245259801703399,0.027550200210708333,0.4995019270580399,6.24074554965827
7,71,1.0,1938.3774605344554,0.040831266001829465,7.610437807565334,-7.569606541563506,-7.5696065415635045,1.7763568394002505e-15,0.026955811107433725,-1.3262898666899774,3.60425934525827,6.243316674873529,0.02751526365099867,0.49951398769859784,6.238919051429823
7,72,1.0,1886.824866387786,0.06439692823601287,7.607047658692085,-7.542650730456073,-7.542650730456073,0.0,-0.02992116135090317,-1.2968219532497485,3.6067714475910653,6.245828777206325,0.027533836665444723,0.49946311902432566,6.240958339217236
7,73,1.0,1944.133959408436,0.033086006646300646,7.605657898453277,-7.572571891806976,-7.572571891806977,8.881784197001252e-16,0.0056477693285614805,-1.3246764050915711,3.6088381571001453,6.2478954867154055,0.027490552462623618,0.4994746386494539,6.243125618511426
7,74,1.0,1933.184887282542,0.040861487422555305,7.607785609900968,-7.566924122478414,-7.5669241224784125,1.7763568394002505e-15,0.03328083506872925,-1.3213967609010837,3.6064700319620715,6.245527361577331,0.027497374952470784,0.4994857289606334,6.240866777703293
7,75,1.0,1869.9057124162928,0.07414237799031681,7.607785665400002,-7.533643287409685,-7.533643287409685,0.0,0.04425104671902336,-1.2889326862455313,3.6056532715488947,6.244710601164153,0.02750578225814919,0.49948554803680745,6.240052483980713
7,76,1.0,1788.9645015506917,0.1169677186315804,7.606359959322243,-7.489392240690662,-7.489392240690663,8.881784197001252e-16,-0.037867879370639734,-1.244692936976129,3.6056419740992736,6.244699303714533,0.027562022619276705,0.49943314569900166,6.2395626396699635
7,77,1.0,1858.0078048937999,0.07878100309162296,7.6060411231529255,-7.527260120061301,-7.527260120061302,8.881784197001252e-16,-0.04798382482167707,-1.2813820485067093,3.6068207419393334,6.245878071554592,0.02752294246041888,0.499433692218293,6.240735788019763
7,78,1.0,1949.3357351502723,0.03190255909630958,7.607146503979289,-7.5752439448829785,-7.575243944882979,8.881784197001252e-16,0.042395906534567374,-1.3294163413583004,3.606770273909419,6.245827603524677,0.027443518129754346,0.4994696691492397,6.241014287217221
7,79,1.0,1868.4192627810003,0.07509111828723798,7.6079391566356485,-7.532848038348411,-7.53284803834841,8.881784197001252e-16,0.02850100736264327,-1.288874055877606,3.6049166528555467,6.243973982470805,0.027424986706746604,0.49947789211158583,6.239244453915825
7,80,1.0,1815.9191386336624,0.10476232254414032,7.609109353529908,-7.504347030985768,-7.504347030985767,8.881784197001252e-16,-0.10198440350950122,-1.2623165644983647,3.6029731368721434,6.242030466487401,0.027418227605327403,0.4995009752230878,6.237518361214394
7,81,1.0,2010.887477085338,0.005335580632609936,7.611667015127879,-7.606331434495269,-7.606331434495269,0.0,-0.08333174657740372,-1.364406624429243,3.6028674804507674,6.241924810066026,0.02741657889421303,0.4995405760007648,6.237777299932108
7,82,1.0,2185.638273898338,-0.07846161220299339,7.611201568869679,-7.689663181072673,-7.689663181072672,8.881784197001252e-16,0.058708689110504864,-1.4456684469146048,3.6049374045428086,6.2439947341580675,0.027445389591747086,0.4995562949516765,6.2399848954099655
7,83,1.0,2061.0163047832852,-0.02213456572094926,7.608819926241218,-7.630954491962168,-7.630954491962168,0.0,-0.024137662670290716,-1.3860168130618693,3.605880349285038,6.244937678900298,0.02745585855129573,0.49950298147191446,6.240436819764628
7,84,1.0,2111.3696827873528,-0.04446248644237688,7.610629668190081,-7.655092154632459,-7.655092154632459,0.0,-0.03564114458865042,-1.4114079253617355,3.6046268996554636,6.243684229270722,0.027439529642687754,0.4995430449350251,6.239556121200819
7,85,1.0,2187.9784169726217,-0.07948293860949023,7.61125036061162,-7.690733299221109,-7.69073329922111,8.881784197001252e-16,0.02842208931615442,-1.4471020703702195,3.6045738992356315,6.24363122885089,0.027453149303249172,0.499549472077388,6.239564241626544
7,86,1.0,2126.666926618143,-0.05285416318470689,7.609457046720249,-7.662311209904955,-7.6623112099049555,8.881784197001252e-16,-0.01664930566756251,-1.41761061885506,3.605643261434636,6.244700591049894,0.02739221954746785,0.4995200455267935,6.240357067197114
7,87,1.0,2162.370852364114,-0.0701829741874908,7.608777541385025,-7.678960515572517,-7.678960515572515,1.7763568394002505e-15,0.01241975017283714,-1.4335172873915523,3.6063858985657062,6.245443228180965,0.02741561993915,0.4994947031949749,6.2408658786590365
7,88,1.0,2135.6808313706783,-0.05732246108620068,7.609218304313478,-7.66654076539968,-7.666540765399678,1.7763568394002505e-15,0.00481888873155345,-1.421835519338187,3.6056479164462325,6.244705246061492,0.027393762201059903,0.4995130503143154,6.240298060411777
7,89,1.0,2125.413980352327,-0.05530226975797292,7.606419606910155,-7.6617218766681265,-7.661721876668127,8.881784197001252e-16,-0.05435048396950748,-1.414492796991447,3.60817175006142,6.247229079676679,0.02740405242149467,0.4994783357171729,6.242490995049896
7,90,1.0,2244.1281225823654,-0.11132027216324289,7.60475208847439,-7.716072360637634,-7.716072360637633,8.881784197001252e-16,-0.007991868914212219,-1.4660340964410383,3.610980934581336,6.250038264196596,0.02736018455557748,0.4994996426347611,6.245484270464361
7,91,1.0,2262.134757858933,-0.11945542107133802,7.60460880848051,-7.724064229551846,-7.724064229551848,1.7763568394002505e-15,0.024683831922051702,-1.4739097690851233,3.6110971308514634,6.250154460466723,0.027377562261894473,0.49948599284374745,6.245474281397664
7,92,1.0,2206.980118049894,-0.0950710323355963,7.604309365294199,-7.6993803976297945,-7.699380397629795,8.881784197001252e-16,-0.016086064017717838,-1.449714208253679,3.6106088597608568,6.249666189376116,0.02738287049500837,0.49945547343957475,6.244700428705989
7,93,1.0,2242.7688194609686,-0.1092538967754554,7.606212564872055,-7.715466461647512,-7.715466461647511,1.7763568394002505e-15,-0.0026577700877954413,-1.467492299476925,3.608916832555328,6.247974162170586,0.027360336793623423,0.499495047938982,6.243379270196625
7,94,1.0,2248.7375115353607,-0.11054158719919696,7.6075826445361105,-7.718124231735308,-7.718124231735308,0.0,-0.02081395770104333,-1.471682243604334,3.607384658515715,6.246441988130974,0.02741148775584443,0.4994967072924608,6.2418800752233485
7,95,1.0,2296.033136103979,-0.13133843362817316,7.607599755808179,-7.738938189436351,-7.738938189436352,8.881784197001252e-16,0.049243575974686316,-1.4921190238807895,3.6077618359403023,6.246819165555562,0.027427900845760154,0.4995053710319833,6.242337336325893
7,96,1.0,2185.70697481047,-0.08152871847598518,7.608165894985681,-7.689694613461665,-7.689694613461666,8.881784197001252e-16,0.028724705553524466,-1.4446731435566804,3.6059641402897253,6.245021469904984,0.027466716523426214,0.4994805195749184,6.240317616662808
7,97,1.0,2123.8163362015925,-0.054648280964527535,7.606321626943611,-7.66096990790814,-7.660969907908139,1.7763568394002505e-15,-0.046505707140268804,-1.414867424173443,3.607045154119438,6.246102483734696,0.02747301386699573,0.49945503760017407,6.241159904668178
7,98,1.0,2224.9186119855303,-0.10289199630736288,7.6045836187410485,-7.707475615048409,-7.707475615048411,1.7763568394002505e-15,0.07817046267795558,-1.4584657718931908,3.609952513539961,6.2490098431552195,0.027358243488466865,0.49948572487605025,6.244328800169805
7,99,1.0,2057.6197907651267,-0.023268430077071856,7.60603672229338,-7.629305152370454,-7.629305152370452,1.7763568394002505e-15,-0.01815529808584948,-1.3841311750181848,3.6061166477370086,6.245173977352268,0.02746248239030221,0.49940668752212863,6.239787435253832
7,100,1.0,2095.317664000833,-0.041780540477070485,7.605679909979234,-7.647460450456303,-7.647460450456304,8.881784197001252e-16,0.0076124103730812465,-1.401474219340839,3.6069289015002046,6.245986231115465,0.02740475599974151,0.4994463121355485,6.240959934924064
7,101,1.0,2079.427802885398,-0.03577179477507726,7.604076245308143,-7.639848040083222,-7.63984804008322,1.7763568394002505e-15,0.06661515351658576,-1.3927929250370468,3.607997785430917,6.247055115046174,0.02744199859344392,0.4994253083339406,6.241828337442669
7,102,1.0,1945.419446571018,0.028766759485162087,7.601999646051799,-7.573232886566636,-7.573232886566637,8.881784197001252e-16,-0.041039393176599326,-1.3259428948113945,3.608232662139982,6.24728999175524,0.027435337885283805,0.4993853911160774,6.241693551948515
7,103,1.0,2026.919191792124,-0.01093061171907514,7.603341668024159,-7.614272279743235,-7.6142722797432345,8.881784197001252e-16,-0.005649657471376912,-1.3674377638895854,3.607777186238392,6.246834515853649,0.027439691496904357,0.49940228942535575,6.24139945520634
7,104,1.0,2038.403000194276,-0.01749126230037725,7.602430674914232,-7.619921937214612,-7.61992193721461,2.6645352591003757e-15,0.06189497428104129,-1.3719911780707192,3.608873429528633,6.247930759143893,0.027455927132148172,0.4994211636521336,6.24267161710361
7,105,1.0,1916.0613214169712,0.04510813050919793,7.603135093442769,-7.558026962933571,-7.558026962933571,0.0,-0.003011531772465048,-1.312679068099415,3.6062905652188983,6.245347894834157,0.027500221196471428,0.49938450220483854,6.239769389961246
7,106,1.0,1921.8402983831643,0.04296165136863037,7.604000146074666,-7.561038494706036,-7.561038494706036,0.0,-0.06960712678717851,-1.3165175751160878,3.6054635899746894,6.244520919589948,0.02747875947216737,0.49941437177032977,6.239223484681844
7,107,1.0,2060.3798160120596,-0.024154795177001483,7.606490826316211,-7.630645621493215,-7.630645621493213,1.7763568394002505e-15,-0.03507533975051125,-1.3868621046250273,3.604726187252928,6.243783516868187,0.027496962901743888,0.4994569584386577,6.238885526742722
7,108,1.0,2133.9307088262162,-0.06102904454738346,7.604691916696343,-7.665720961243726,-7.665720961243726,0.0,-0.017907757070935837,-1.4197017964853254,3.6069618351431414,6.246019164758401,0.027522596427874736,0.4993951016862576,6.240547150270218
7,109,1.0,2172.4888359316205,-0.07956771081898267,7.6040610074956785,-7.683628718314662,-7.683628718314661,8.881784197001252e-16,0.039703963455374414,-1.4363265302939645,3.608244858405438,6.247302188020697,0.027497446741873446,0.49945533432521905,6.242379679215314
7,110,1.0,2087.922340073167,-0.03868720806765813,7.6052375467916296,-7.643924754859287,-7.643924754859288,8.881784197001252e-16,-0.05937367145300598,-1.3989858256467043,3.605881599597325,6.2449389292125845,0.027454554280722524,0.49948951584397855,6.240336376702091
7,111,1.0,2215.644091218459,-0.09784524242220924,7.605453183890084,-7.703298426312293,-7.703298426312293,0.0,0.01212369749544795,-1.4570093535571795,3.6072317431398546,6.246289072755116,0.027416745486996692,0.4995153890551261,6.2419203952069555
7,112,1.0,2188.944468606909,-0.08579820606315762,7.605376522753687,-7.691174728816845,-7.691174728816844,8.881784197001252e-16,-0.023228497246827295,-1.4450748311151618,3.6070425680864235,6.246099897701682,0.027422210900565937,0.4995478033792898,6.242025628257584
7,113,1.0,2240.385495087955,-0.11083172990737936,7.6035714961562935,-7.714403226063673,-7.714403226063673,0.0,-0.07626663144432921,-1.4661046076393027,3.6092412888091103,6.2482986184243705,0.027438642058522658,0.49953629673297495,6.244114077315699
7,114,1.0,2417.9367129020634,-0.18853148270091374,7.602138374807088,-7.790669857508002,-7.790669857508002,0.0,0.04324683221909442,-1.5391012827396737,3.6125112451530694,6.25156857476833,0.027403665156157466,0.4995804814553197,6.247777074499098
7,115,1.0,2315.597483138811,-0.14509509334348775,7.602327931945419,-7.747423025288907,-7.747423025288907,0.0,0.036973834366651914,-1.4973688255616788,3.6109968701119683,6.250054199727228,0.027366438574662855,0.4995718809550277,6.246185314985026
7,116,1.0,2231.5444225844712,-0.10671588647396892,7.603733304448287,-7.7104491909222554,-7.710449190922256,8.881784197001252e-16,0.04115171694612396,-1.4629098588810208,3.608482002425976,6.247539332041234,0.027324959873758298,0.49957447919710907,6.243700652412203
7,117,1.0,2141.5764034886047,-0.06399469614233651,7.605302777833796,-7.6692974739761315,-7.669297473976132,8.881784197001252e-16,-0.006943091668204282,-1.4248472159664316,3.6053929283944415,6.244450258009701,0.027305401810214555,0.4995321794448344,6.240234229839692
7,118,1.0,2156.4973034201444,-0.07112803871249557,7.6051125269318405,-7.676240565644336,-7.676240565644336,0.0,0.01881546544652135,-1.4316617179804312,3.605521518048645,6.244578847663904,0.02726080667883831,0.49951787499746547,6.240232712681741
7,119,1.0,2116.3011435036638,-0.053887055524166685,7.6035380446736465,-7.657425100197814,-7.6574251001978135,8.881784197001252e-16,-0.07562552145518442,-1.412046763554797,3.6063210070277587,6.245378336643017,0.027244047885223825,0.49946356176651135,6.240535930402286
7,120,1.0,2282.5548016200646,-0.12712712187562192,7.605923499777377,-7.733050621652999,-7.733050621652999,0.0,-0.015415679302304142,-1.4881902994415028,3.6058029925962365,6.244860322211496,0.027333519954822458,0.4995109318021025,6.24045188002187
7,121,1.0,2318.014550260561,-0.1406817134502479,7.607784587505058,-7.748466300955303,-7.748466300955306,2.6645352591003757e-15,-0.010843227051736015,-1.505338712939362,3.604070258400682,6.243127588015942,0.027360996151471185,0.4995284194263142,6.238880563711035
7,122,1.0,2343.286073159637,-0.1509303181343597,7.60837920987268,-7.759309528007039,-7.75930952800704,8.881784197001252e-16,0.020779236508525756,-1.5167148898439087,3.6035373085478706,6.242594638163131,0.027404056227696108,0.49953726608427884,6.23842796274764
7,123,1.0,2295.0967799044174,-0.130310382803297,7.608219908695218,-7.738530291498513,-7.738530291498515,1.7763568394002505e-15,-0.027035221165264467,-1.4969087757283623,3.6025641861548907,6.24162151577015,0.027402838050074537,0.4994584472693082,6.236747492931346
7,124,1.0,2357.991585648729,-0.15618833181261438,7.609377180851162,-7.765565512663778,-7.765565512663776,1.7763568394002505e-15,0.06106988702596006,-1.5246128647406432,3.601895318307875,6.240952647923135,0.027434881895037334,0.4995244077755333,6.236672168854895
7,125,1.0,2218.2982472899844,-0.09696906820135587,7.607526557436463,-7.704495625637818,-7.704495625637819,1.7763568394002505e-15,-0.02180310372166616,-1.4636244017582023,3.6018138942643563,6.2408712238796165,0.027374299441185062,0.4994961014374136,6.236336037403022
7,126,1.0,2267.1951491563696,-0.1195446933695207,7.606754035989964,-7.726298729359484,-7.726298729359485,8.881784197001252e-16,0.05155615576432471,-1.4841953589821393,3.6030460407620866,6.242103370377344,0.0273672472947407,0.49950674624121383,6.237662322115715
7,127,1.0,2153.2693059664407,-0.06931880924786804,7.60542376434729,-7.674742573595159,-7.674742573595158,8.881784197001252e-16,0.006717691071703946,-1.433010797329101,3.6026744466507994,6.241731776266057,0.027326347676808575,0.4994641426727599,6.236909228112603
7,128,1.0,2138.852785056612,-0.0645919820305566,7.603432900492899,-7.668024882523455,-7.668024882523455,0.0,0.002692002851146569,-1.4248418163845098,3.604125736523687,6.243183066138946,0.027256893103356883,0.499443960304481,6.238178582486421
7,129,1.0,2133.1027303154306,-0.063038729856085,7.602294149816223,-7.665332879672309,-7.665332879672308,8.881784197001252e-16,-0.0009872117226947807,-1.421253482788055,3.6050220672689943,6.244079396884253,0.02722392254865764,0.4994575395552421,6.239196404899205
7,130,1.0,2135.2095941257257,-0.06030116655163966,7.606018924843365,-7.666320091395003,-7.666320091395005,1.7763568394002505e-15,0.0138838731782851,-1.4264737486220713,3.6007890131576725,6.239846342772933,0.02732476250076936,0.49943138381076163,6.234732840328927
7,131,1.0,2105.7694593703986,-0.04747922765805377,7.604956990558663,-7.652436218216718,-7.6524362182167165,1.7763568394002505e-15,-0.002801386615335133,-1.4121588593713998,3.6012200292300593,6.240277358845318,0.027316774977322655,0.49939887499463614,6.234871980287964
7,132,1.0,2111.676804264032,-0.049083037419559064,7.606154567412494,-7.655237604832053,-7.655237604832053,0.0,0.018522811201471256,-1.4164320208447119,3.599748254372083,6.238805583987341,0.027372773514555557,0.4993968693602058,6.233383426088692
7,133,1.0,2072.9226395603346,-0.03324859107340333,7.603466202557177,-7.636714793630582,-7.63671479363058,1.7763568394002505e-15,-0.05856961206999678,-1.395929584089356,3.601727879925967,6.240785209541225,0.02732502832248236,0.49936491160081087,6.235073260093864
7,134,1.0,2197.9588334654627,-0.09225591720763147,7.6030284884929475,-7.695284405700579,-7.695284405700579,0.0,-0.062429356827164106,-1.4523622860479084,3.603864790037412,6.24292211965267,0.02735254589098549,0.4993828300263397,6.237368569924535
7,135,1.0,2339.5497201004628,-0.15534443886100233,7.602369323666743,-7.757713762527743,-7.757713762527745,1.7763568394002505e-15,-0.018041448714818387,-1.5123880575684445,3.6062683753440394,6.245325704959298,0.027415327954894732,0.49937602670458,6.239708883657874
7,136,1.0,2382.1416410927095,-0.17298350552193256,7.602771705720631,-7.775755211242561,-7.775755211242563,1.7763568394002505e-15,0.00031351509210697515,-1.5307784305009593,3.6059194511263435,6.244976780741602,0.02744721352505456,0.49937955846644805,6.239392999749467
7,137,1.0,2381.3949207968462,-0.1725345978560196,7.602907098294432,-7.775441696150454,-7.775441696150452,2.6645352591003757e-15,0.04095931836597355,-1.5308479145472222,3.605536451987973,6.244593781603233,0.027498054419415174,0.4993487239080059,6.238730219592961
7,138,1.0,2285.8252041034575,-0.13334535798837444,7.601137019796104,-7.734482377784481,-7.734482377784478,2.6645352591003757e-15,0.020151407493959717,-1.4892199523774055,3.606205095791816,6.245262425407075,0.027462481313716824,0.49929843041697836,6.238944196440643
7,139,1.0,2240.223620150121,-0.11343603264537269,7.6008949376451485,-7.714330970290521,-7.714330970290521,0.0,-0.026805672401776448,-1.4698063094811784,3.6054673311940846,6.244524660809344,0.027470033080320165,0.4992924361924288,6.238154746199965
7,140,1.0,2301.0864102860583,-0.14024758630065445,7.600889056391642,-7.741136642692298,-7.741136642692297,8.881784197001252e-16,-0.03355815332566614,-1.4961389907891147,3.605940322287924,6.244997651903183,0.027426696867206796,0.499303159518272,6.238722463031775
7,141,1.0,2379.616920691904,-0.17619843210124128,7.5984963639167225,-7.774694796017964,-7.774694796017964,0.0,0.0871156378287683,-1.5267355050374167,3.6089019613652877,6.247959290980547,0.02739584375989206,0.49928191950989215,6.241487160979018
7,142,1.0,2181.0880967040716,-0.08998540820151316,7.597593749987683,-7.6875791581891955,-7.687579158189196,8.881784197001252e-16,-0.06880165507152203,-1.441631292710714,3.606890535863223,6.245947865478483,0.027404280537208815,0.49924434447010746,6.23914157587126
7,143,1.0,2336.433296494593,-0.15797099550688704,7.598409817753829,-7.7563808132607175,-7.756380813260717,8.881784197001252e-16,0.0033998240015504777,-1.5093518592276995,3.607971624417759,6.247028954033019,0.027371809349531248,0.4993102868387133,6.240818307320995
7,144,1.0,2328.5033223917076,-0.15623011226310182,7.596750876996067,-7.752980989259167,-7.752980989259169,1.7763568394002505e-15,0.004193559300350813,-1.504902586778867,3.609021072865042,6.248078402480301,0.027423119821743117,0.4992381938599454,6.241213738931805
7,145,1.0,2318.7590514972867,-0.1518100780515206,7.596977351907295,-7.748787429958816,-7.748787429958816,0.0,-0.1154717092675357,-1.5011344111898806,3.6085956891536766,6.247653018768935,0.027403147112500966,0.499258456814997,6.240970685067421
7,146,1.0,2602.5815603416277,-0.2686249346605643,7.595634204565786,-7.864259139226352,-7.86425913922635,1.7763568394002505e-15,0.012164417316076204,-1.6124743156425236,3.61272749396857,6.251784823583828,0.02749381868323882,0.49925058188207755,6.245022867795703
7,147,1.0,2571.1144496980423,-0.2566037852795613,7.595490936630714,-7.852094721910276,-7.852094721910276,0.0,0.10369742980942931,-1.6007116871950993,3.612325705099917,6.251383034715175,0.027441878268472338,0.4992735695180915,6.244832046510173
7,148,1.0,2317.8545922511566,-0.15410342858145754,7.594293863519388,-7.748397292100846,-7.7483972921008455,8.881784197001252e-16,-0.07846003064832452,-1.4990155195739203,3.610324442911668,6.2493817725269265,0.027387850005459066,0.49926254166659995,6.242733206312232
7,149,1.0,2507.038168339877,-0.23155840068400044,7.595298922065171,-7.826857322749171,-7.826857322749172,8.881784197001252e-16,0.015606176585833076,-1.5767324197433437,3.611067573390568,6.250124903005827,0.027449854725572553,0.49929120997130905,6.243738825730133
7,150,1.0,2468.216603993297,-0.21771143782794714,7.593539708335391,-7.811251146163338,-7.811251146163338,0.0,0.07743745628191157,-1.5602633287698324,3.6119304877782463,6.250987817393506,0.02736537208791675,0.4992704433524759,6.244409567286254
7,151,1.0,2284.2972113730393,-0.13958374597278891,7.594229943908639,-7.733813689881426,-7.733813689881428,1.7763568394002505e-15,-0.00803462295025792,-1.4862458253447097,3.608510534921458,6.247567864536715,0.027303274696838877,0.4992087078220774,6.240438963770252
7,152,1.0,2302.7246076313304,-0.14936013670140433,7.59248817613028,-7.741848312831684,-7.741848312831684,0.0,-0.03913040352083108,-1.4927980532855722,3.609992929930853,6.249050259546111,0.027358470430206342,0.49918014064953126,6.24166063213509
7,153,1.0,2394.6173251607506,-0.18781691302034004,7.593161803332176,-7.780978716352515,-7.780978716352516,8.881784197001252e-16,0.0003289013943650332,-1.5316038765829965,3.6103175101542604,6.24937483976952,0.02738085107926245,0.499221290427813,6.24236029019279
7,154,1.0,2393.8298616895504,-0.18603613167503166,7.594613683283118,-7.78064981495815,-7.780649814958149,8.881784197001252e-16,0.05685367305862776,-1.5330609641741704,3.608531521168722,6.247588850783982,0.0274276959776449,0.4992357075961201,6.240710892486484
7,155,1.0,2261.5283887461255,-0.12909565235787782,7.594700489541644,-7.7237961418995225,-7.723796141899522,8.881784197001252e-16,-0.03744356609849575,-1.4783422814656288,3.606396530818635,6.2454538604338925,0.02736396384263691,0.49923483968357657,6.238570293443977
7,156,1.0,2347.8134049282007,-0.16556917696500403,7.595670531033013,-7.761239707998018,-7.761239707998017,8.881784197001252e-16,-0.023925394648445675,-1.5156275916620234,3.6065547867207344,6.245612116335993,0.027422157255333743,0.49927877689499467,6.239120119197176
7,157,1.0,2404.6631314511837,-0.18970762620513748,7.595457476441327,-7.785165102646464,-7.785165102646465,8.881784197001252e-16,0.0032911226646143987,-1.5390734873514305,3.6070342856797746,6.246091615295034,0.02747368370077812,0.49921918060563153,6.2390678722403115
7,158,1.0,2396.762098883842,-0.18700266283808156,7.5948713171437685,-7.7818739799818495,-7.78187397998185,8.881784197001252e-16,-0.052492553282257326,-1.5358233039420521,3.6069933464245403,6.246050676039799,0.02748592143887027,0.49921167139180167,6.238958586104828
7,159,1.0,2525.93490671209,-0.23893657983963582,7.595429953424471,-7.834366533264107,-7.834366533264107,0.0,-0.01277688171577207,-1.5873076919664728,3.608001511682374,6.2470588412976324,0.027432842310123502,0.49929801119835343,6.240736771748568
7,160,1.0,2558.41553695502,-0.25390017264660797,7.593243242333271,-7.847143414979879,-7.847143414979879,0.0,0.04683688555619803,-1.5978128548790738,3.6102732304855465,6.2493305601008045,0.027450477879950932,0.4992300218111917,6.242398295155503
7,161,1.0,2441.3502086136828,-0.20660410529701134,7.59370242412667,-7.800306529423681,-7.800306529423682,8.881784197001252e-16,0.04385655049506809,-1.553384424146185,3.607864775662237,6.246922105277496,0.02745529443820949,0.4991778949477573,6.239522508642403
7,162,1.0,2336.594903052785,-0.16653301014743715,7.589916968781176,-7.756449978928613,-7.756449978928613,0.0,-0.03107747251877946,-1.5072857373717883,3.6101069119415654,6.249164241556824,0.02748844227787686,0.4990786466437909,6.240868310457578
7,163,1.0,2410.350499645168,-0.1967595488138682,7.590767902633525,-7.787527451447392,-7.787527451447393,8.881784197001252e-16,0.030999380867990922,-1.5385783515773934,3.609891770254741,6.248949099870001,0.027467032261258368,0.49911149974314895,6.240949696169087
7,164,1.0,2336.7773787308106,-0.1654663903234956,7.5910616802559066,-7.756528070579401,-7.756528070579402,8.881784197001252e-16,0.02571279845166341,-1.5095007523625044,3.6079699886016376,6.2470273182168965,0.02739258946858849,0.4990714651410671,6.2386704997536695
7,165,1.0,2277.458192301712,-0.13983072774260025,7.590984544385137,-7.730815272127738,-7.730815272127737,8.881784197001252e-16,-0.009367171152828035,-1.4848350744719172,3.6069228680405603,6.245980197655819,0.027405042896707928,0.49905406846400285,6.2374649646880025
7,166,1.0,2298.8917622194845,-0.14812974077033333,7.592052702510232,-7.740182443280566,-7.740182443280565,8.881784197001252e-16,-0.04728865327487064,-1.4952822749947121,3.6058428386705965,6.244900168285855,0.027472612313881227,0.4990484069699487,6.236332753096309
7,167,1.0,2410.214668430597,-0.1928194216452715,7.594651674910167,-7.787471096555437,-7.787471096555438,1.7763568394002505e-15,0.04444573378776262,-1.5442705221207873,3.6041432448193893,6.243200574434648,0.027522893442436174,0.49903538448813545,6.234525297934416
7,168,1.0,2305.4366252603204,-0.14835328650672241,7.594672076260949,-7.743025362767674,-7.743025362767671,2.6645352591003757e-15,-0.010265906113434475,-1.5018393229390217,3.602128710213392,6.2411860398286505,0.02740547657467616,0.49907476585109567,6.232863529242174
7,169,1.0,2329.225921620379,-0.1587760073387609,7.5945152615423455,-7.753291268881108,-7.753291268881107,1.7763568394002505e-15,-0.022235275040037195,-1.5120508882213988,3.602183051044451,6.241240380659709,0.02745335402350709,0.49908664443538586,6.233023283137839
7,170,1.0,2381.5969854192563,-0.1803838834648211,7.595142660456324,-7.775526543921146,-7.775526543921146,0.0,0.0280355005647559,-1.5350212410725166,3.6014479732333706,6.24050530284863,0.027439265275434034,0.4991201069257353,6.232587224181557
7,171,1.0,2315.754990961311,-0.15428735426860743,7.593203689087781,-7.74749104335639,-7.747491043356389,8.881784197001252e-16,0.019585821179247453,-1.5064934921448978,3.6019402215962337,6.2409975512114935,0.027377601017140343,0.4990737904813773,6.232665718063977
7,172,1.0,2270.84030905736,-0.1333458529416549,7.594559369235486,-7.727905222177142,-7.7279052221771405,1.7763568394002505e-15,-0.07911424366459219,-1.489525270445734,3.59932262211615,6.238379951731408,0.02743161456412349,0.49903918805284664,6.229741229876651
7,173,1.0,2457.7939685446636,-0.21284111551362875,7.594178350328108,-7.8070194658417345,-7.807019465841737,2.6645352591003757e-15,0.007839838867472082,-1.5659017650024882,3.602060371223988,6.241117700839247,0.027452088160396165,0.4990613064711567,6.23267194432365
7,174,1.0,2438.6005946480445,-0.20496034347231745,7.5942192835019435,-7.799179626974262,-7.799179626974261,1.7763568394002505e-15,-0.007977466507555597,-1.5586750678903498,3.601447229468654,6.240504559083914,0.027484362058149983,0.49902571499675963,6.231743011758572
7,175,1.0,2458.132252206424,-0.2118717450819501,7.595285348399868,-7.807157093481818,-7.807157093481818,0.0,-0.022240775040643257,-1.568579340968132,3.599520422898427,6.238577752513686,0.027520284561062137,0.4990243777879095,6.229802777883882
7,176,1.0,2513.415511097379,-0.23390089108220743,7.595496977440252,-7.829397868522461,-7.8293978685224594,1.7763568394002505e-15,-0.002578038769973645,-1.5906003720802828,3.599740166826919,6.238797496442179,0.027560322105847947,0.4990089908921308,6.2298835882614325
7,177,1.0,2519.9035533488272,-0.23718372951971858,7.594792177772716,-7.831975907292435,-7.831975907292434,8.881784197001252e-16,-0.055596561150712986,-1.5932760049546493,3.5996425727225265,6.238699902337785,0.027573907190205593,0.49901028243932777,6.229790136399193
7,178,1.0,2663.96919576766,-0.294979078319685,7.592593390123462,-7.887572468443148,-7.887572468443147,8.881784197001252e-16,0.043764807121054794,-1.6459730449381378,3.602542093889753,6.2415994235050105,0.027646282587949315,0.49894196396991586,6.2320639486100164
7,179,1.0,2549.895511223359,-0.2543519598428069,7.589455701479285,-7.843807661322093,-7.843807661322092,8.881784197001252e-16,-0.007559707576199948,-1.601307379198354,3.603442952508481,6.242500282123738,0.027635151385772477,0.49889724060460133,6.232547787288891
7,180,1.0,2569.245021808323,-0.2620884278380514,7.5892789410602415,-7.851367368898293,-7.851367368898293,0.0,0.02247429224788089,-1.6091677274939329,3.6031423117891017,6.24219964140436,0.027661127308178348,0.4988397408086151,6.231729991681587
7,181,1.0,2512.1470795501987,-0.2414889751681616,7.587404101482251,-7.828893076650412,-7.828893076650413,8.881784197001252e-16,0.015348649642686674,-1.58586402697552,3.6039717200596337,6.2430290496748935,0.027625350399485417,0.4988066846422533,6.232267647456847
7,182,1.0,2473.883413159947,-0.22813052376069048,7.585413903247034,-7.8135444270077254,-7.813544427007724,1.7763568394002505e-15,-0.002132315929275208,-1.569413377516692,3.6050737198757745,6.244131049491033,0.027610374696554182,0.4987212192432957,6.232591782911258
7,183,1.0,2479.1641422595303,-0.22895980994902226,7.586716932987979,-7.815676742937001,-7.8156767429370015,8.881784197001252e-16,0.010546935259736046,-1.5732755759686985,3.6033438373530435,6.242401166968302,0.027630109786815016,0.4987145947695162,6.230814858240292
7,184,1.0,2453.1539634978435,-0.21869038394712334,7.586439423730141,-7.805129807677265,-7.805129807677265,0.0,-0.007780247704660681,-1.562829495665795,3.6032429823962104,6.24230031201147,0.027605658294635398,0.49871974592585905,6.230771009112262
7,185,1.0,2472.314549391043,-0.22425348649111634,7.588656568890808,-7.812910055381925,-7.812910055381924,8.881784197001252e-16,-0.05262587758036652,-1.5727718127640438,3.601080913002623,6.240138242617881,0.027571992531306405,0.4987465648086537,6.228862131433557
7,186,1.0,2605.906642445432,-0.2782055659274653,7.587330367034825,-7.865535932962292,-7.865535932962291,8.881784197001252e-16,0.0583772625708221,-1.62329220900137,3.6031863943456623,6.2422437239609225,0.02760867996282102,0.4988045462138329,6.231473364563317
7,187,1.0,2458.1361284619543,-0.22155808152539003,7.585600588866079,-7.80715867039147,-7.807158670391469,8.881784197001252e-16,0.03748078664774113,-1.5655954170576378,3.602505923718573,6.241563253333831,0.02758566785376454,0.4987276485226461,6.2301113683811815
7,188,1.0,2367.7084881126357,-0.18715155243986864,7.582526331303859,-7.769677883743729,-7.769677883743728,8.881784197001252e-16,0.044791248556785845,-1.5272906716723837,3.603329882456086,6.2423872120713435,0.027626477117609294,0.4986243402541078,6.229985329872237
7,189,1.0,2263.9959154394846,-0.14611068287339352,7.578775952313549,-7.724886635186943,-7.724886635186943,0.0,0.08955153481781153,-1.4811324188354764,3.6046968867362073,6.2437542163514665,0.027677988203445757,0.4985307101808895,6.230496845351416
7,190,1.0,2070.0646142155456,-0.05835413812551071,7.576980962243622,-7.635335100369131,-7.635335100369133,1.7763568394002505e-15,0.048910004620672964,-1.393603734938639,3.6026740358152334,6.241731365430492,0.027646761096277183,0.498466641259591,6.2279101672191555
7,191,1.0,1971.2538586688993,-0.009579500028816731,7.57684559571964,-7.586425095748458,-7.586425095748457,8.881784197001252e-16,0.046637555505278705,-1.3472045400028692,3.6001632261303307,6.2392205557455895,0.027635821067467765,0.4984215948864626,6.225013834041824
7,192,1.0,1881.4302544822617,0.03454592046484414,7.574333460708022,-7.5397875402431795,-7.539787540243178,1.7763568394002505e-15,-0.044282369489181406,-1.300381855414573,3.6003483552133493,6.239405684828607,0.02764243446714376,0.4984188391806091,6.2251880123281405
7,193,1.0,1966.6166520324066,-0.008416362210286438,7.575653547522074,-7.584069909732361,-7.58406990973236,8.881784197001252e-16,0.09758256795996267,-1.3451336062216754,3.599878973895426,6.238936303510684,0.027625233168474907,0.49852346612081494,6.225674046691795
7,194,1.0,1783.7752812346414,0.08681070910480501,7.573298050877202,-7.486487341772398,-7.486487341772397,8.881784197001252e-16,0.031150419056046097,-1.249674156036995,3.597755856120145,6.2368131857354046,0.027626053652529216,0.49839565462950447,6.222408968885874
7,195,1.0,1729.0664589073974,0.1145563219849086,7.569893244701261,-7.455336922716352,-7.455336922716352,0.0,-0.02097132003016533,-1.2167820414056278,3.5994975516954653,6.2385548813107246,0.02767089060558992,0.49833191833665497,6.223568199484673
7,196,1.0,1765.710155342866,0.08861760438227934,7.564925847128796,-7.4763082427465175,-7.476308242746517,8.881784197001252e-16,0.05840916791493633,-1.2331259261347134,3.6041249869965455,6.2431823166118035,0.027748272830274166,0.49831262676629084,6.228006660704815
7,197,1.0,1665.5306741254794,0.14531193901926132,7.563211013850841,-7.417899074831581,-7.41789907483158,8.881784197001252e-16,-0.001182495071625489,-1.1757796758955816,3.603062069320741,6.242119398935999,0.027742235689749928,0.498277343004392,6.226639837049153
7,198,1.0,1667.5013208496634,0.1465346711813463,7.565616241084553,-7.419081569903207,-7.419081569903207,0.0,-0.0816365994654129,-1.180704848745851,3.5993193915420965,6.238376721157356,0.02769526955802206,0.4982066575754071,6.222270067906069
7,199,1.0,1809.3413615114546,0.06636602086150815,7.567084190230126,-7.50071816936862,-7.500718169368618,1.7763568394002505e-15,0.005088826639335409,-1.261704180774196,3.5999566589791643,6.239013988594423,0.027662087284080233,0.49826860475147516,6.223464907936925
7,200,1.0,1800.1573247959536,0.07046268621910097,7.566092028948385,-7.495629342729284,-7.495629342729284,0.0,0.039802394262109964,-1.2566187662060042,3.599953246908022,6.239010576523282,0.02764957932351351,0.49828524434514254,6.223616775921545
7,201,1.0,1729.9139536273042,0.10940167956382438,7.565228628031001,-7.455826948467174,-7.455826948467177,2.6645352591003757e-15,0.026487929417283063,-1.2181193660426672,3.5986502528092488,6.237707582424506,0.02763590966196663,0.4982589280436565,6.222084764954317
7,202,1.0,1684.6936548551307,0.13391166040766614,7.563250679457558,-7.429339019049891,-7.429339019049892,8.881784197001252e-16,-0.04859521374988951,-1.1917497230158887,3.598531966418744,6.2375892960340025,0.02762306959039807,0.4981696046688994,6.22116492117147
7,203,1.0,1768.5835178887987,0.08611284164002372,7.564047074439804,-7.477934232799781,-7.477934232799781,0.0,-0.05344601564877838,-1.2403708338625596,3.5985060693219624,6.237563398937221,0.027566074546437093,0.49828037629184335,6.222141837567493
7,204,1.0,1865.6788275419854,0.03485983030067075,7.566240078749228,-7.531380248448559,-7.531380248448557,1.7763568394002505e-15,0.047036225525925346,-1.2944564145681763,3.597866504265124,6.2369238338803825,0.027570553592469293,0.4982617093687304,6.221330119496494
7,205,1.0,1779.9561762924557,0.08174638351039194,7.566090406433025,-7.484344022922634,-7.484344022922633,8.881784197001252e-16,-0.020896531568994625,-1.249205638991075,3.5960810543163007,6.235138383931559,0.02758447113456298,0.49819491784162484,6.218955551905424
7,206,1.0,1817.5424301853518,0.058884297947015427,7.564124852438642,-7.505240554491628,-7.5052405544916265,1.7763568394002505e-15,0.012434182696011042,-1.2689123791026646,3.5972708457737057,6.236328175388964,0.02761981303700459,0.49821376510626764,6.220310341965152
7,207,1.0,1795.0826991224576,0.06816353407522732,7.560969905870843,-7.492806371795617,-7.492806371795616,8.881784197001252e-16,0.043425803156124765,-1.2546921727586413,3.599056869421717,6.238114199036977,0.027638482524221138,0.49816455555936134,6.221647316055601
7,208,1.0,1718.7981380914043,0.10526580763044371,7.554646376269936,-7.4493805686394925,-7.4493805686394925,0.0,-0.01374458835271497,-1.2079474035458813,3.6023758354783526,6.2414331650936115,0.027713835981415108,0.4980509765778948,6.223930543293693
7,209,1.0,1742.585409611125,0.09238537845297125,7.555510535445178,-7.4631251569922075,-7.463125156992207,8.881784197001252e-16,0.01465607876185171,-1.2230129456382801,3.6010548817386687,6.240112211353927,0.02771267210414848,0.49804999101159475,6.222611438683776
7,210,1.0,1717.2321838578418,0.10544769410951504,7.553916772339871,-7.448469078230356,-7.448469078230357,8.881784197001252e-16,-0.01902460384888105,-1.2081560918652028,3.601255656749893,6.2403129863651525,0.027694007000140974,0.4980238085877082,6.222583941195032
7,211,1.0,1750.21458968864,0.08995899712940147,7.5574526792086365,-7.467493682079237,-7.467493682079235,1.7763568394002505e-15,0.04298919477446628,-1.2308938125195128,3.5975425399444654,6.236599869559724,0.027651284399960813,0.4980109531813755,6.218770261959461
7,212,1.0,1676.5686061282838,0.13146321204887024,7.555967699353641,-7.4245044873047705,-7.4245044873047705,0.0,-0.047040034958890864,-1.1891925241556431,3.596254633533868,6.235311963149127,0.027648784669402827,0.4979320653989469,6.216787300115588
7,213,1.0,1757.3188085930203,0.08471302609118532,7.556257548354846,-7.471544522263661,-7.471544522263661,0.0,0.0367736508592964,-1.235510637182886,3.5969765554655164,6.236033885080775,0.027597646608253333,0.4979735391911358,6.217873917550621
7,214,1.0,1693.8695605720982,0.1170005254712766,7.551771396875643,-7.434770871404365,-7.434770871404367,1.7763568394002505e-15,0.0675690394133941,-1.1969897891406218,3.598723752648485,6.237781082263744,0.027655841752062708,0.49794627208089803,6.2193740895556875
7,215,1.0,1583.1975265727121,0.1846787312419209,7.551880563232891,-7.367201831990971,-7.36720183199097,8.881784197001252e-16,-0.0464520492101963,-1.1325161165503188,3.5956283858253935,6.234685715440652,0.02763788967507475,0.4978571923411147,6.21549677734072
7,216,1.0,1658.4751605231322,0.13785845844159023,7.551512339642757,-7.413653881201167,-7.413653881201167,0.0,0.06926173178415684,-1.177631119148428,3.59696543243748,6.236022762052739,0.02760508699072156,0.49782778608661044,6.216565807258038
7,217,1.0,1547.494034179655,0.20407561389785306,7.54846776331486,-7.34439214941701,-7.344392149417007,3.552713678800501e-15,-0.07229414632655651,-1.1095761149432395,3.5957587048585107,6.234816034473769,0.02772324248288916,0.4977217967793871,6.214414549842
7,218,1.0,1663.5119777172774,0.13582974220108754,7.552516037944655,-7.416686295743567,-7.416686295743568,8.881784197001252e-16,0.012768362294670155,-1.1843268727812557,3.5933020933470514,6.23235942296231,0.027628523876802556,0.49772832967937464,6.21203004153442
7,219,1.0,1642.4066808766179,0.1450533808954914,7.548971314344387,-7.403917933448897,-7.403917933448896,8.881784197001252e-16,-0.03163077963671235,-1.1697805672644852,3.595080036569152,6.234137366184411,0.027615067387073634,0.49766682001306894,6.213248926077432
7,220,1.0,1695.1876354792444,0.1135652223364215,7.549113935422031,-7.435548713085609,-7.435548713085609,0.0,0.012934991721340161,-1.2008846371847814,3.5956067462855685,6.2346640759008265,0.02758467833731937,0.49765561092703525,6.213669817327313
7,221,1.0,1673.4016022859034,0.12301020925316311,7.54562393061743,-7.422613721364269,-7.422613721364267,1.7763568394002505e-15,0.005681790636199224,-1.1866430757239033,3.5969133160251063,6.235970645640365,0.027563860260072157,0.4976707133371648,6.215126684390065
7,222,1.0,1663.9206446455375,0.1290861840013397,7.54601811472941,-7.41693193072807,-7.4169319307280706,8.881784197001252e-16,0.013536129589433621,-1.1824239957511347,3.595450605361677,6.234507934976934,0.02760044604975875,0.4976467985824679,6.21345744286409
7,223,1.0,1641.5493511212044,0.1433404104612362,7.546736211599871,-7.403395801138636,-7.403395801138635,8.881784197001252e-16,-0.04780886858751554,-1.1704666393079877,3.5938718322153904,6.23292916183065,0.02763990766672693,0.49757169693833814,6.211200944947383
7,224,1.0,1721.9362608993224,0.09496213222397895,7.546166801950131,-7.451204669726152,-7.451204669726152,0.0,0.024786226980681114,-1.2174306896891094,3.5947166504217836,6.233773980037042,0.027558400825400696,0.49766762300082773,6.212890764480334
7,225,1.0,1679.7805565181434,0.11777292380719848,7.544191366552669,-7.4264184427454705,-7.4264184427454705,0.0,-0.01973064048520179,-1.1932327800974831,3.5941283330327285,6.233185662647986,0.02759539880252361,0.49761226830479277,6.2118042442438774
7,226,1.0,1713.2528316015291,0.09847455406061706,7.54462363729129,-7.446149083230672,-7.446149083230672,0.0,-0.04144325453009223,-1.2149046124549592,3.592187141160455,6.231244470775714,0.027596895301741652,0.49757177947739845,6.209524728573614
7,227,1.0,1785.7474351749793,0.057138000235236866,7.544730337996,-7.4875923377607645,-7.487592337760763,1.7763568394002505e-15,-0.04113074676820272,-1.25632875160424,3.5922062565412647,6.231263586156524,0.027564054465707657,0.4975893111323518,6.2097024029314465
7,228,1.0,1860.727993577541,0.01565409205047033,7.544377176579436,-7.528723084528967,-7.528723084528966,8.881784197001252e-16,-0.004595740180834973,-1.2966937396643605,3.592972015249348,6.232029344864607,0.027542139088291548,0.49761446670363324,6.210686773491318
7,229,1.0,1869.299096177809,0.009455272130221681,7.542774096840022,-7.533318824709802,-7.5333188247098,1.7763568394002505e-15,0.01961469528987081,-1.3005304286813313,3.593731066413212,6.232788396028471,0.0275366033930992,0.4976136007946167,6.211437384067201
7,230,1.0,1832.9906179605662,0.02728947959743311,7.540993609017365,-7.513704129419931,-7.513704129419931,0.0,-0.0228903606146611,-1.279886083690591,3.594760716114083,6.2338180457293415,0.0275281509570688,0.49759830364829416,6.2123264976591495
7,231,1.0,1875.4323341421577,0.0029201578282535834,7.539514647862845,-7.5365944900345925,-7.536594490034592,8.881784197001252e-16,-0.0007366408988991324,-1.3015686244499063,3.595968535969427,6.235025865584687,0.027523926625241082,0.49763729693774,6.213883540081755
7,232,1.0,1876.8143632696995,7.37600287461504e-05,7.537404890962236,-7.537331130933492,-7.53733113093349,1.7763568394002505e-15,-0.0009406656778887523,-1.3005622834487676,3.597711517869466,6.236768847484724,0.027474486222147907,0.49761321772800193,6.215413950818623
7,233,1.0,1878.5806487368113,0.001694201797197925,7.539965998408576,-7.53827179661138,-7.538271796611378,2.6645352591003757e-15,0.015676008608669356,-1.3049390567715524,3.5942754102245678,6.233332739839827,0.0275551819527545,0.49758905735600806,6.211763906450339
7,234,1.0,1849.3616195396125,0.013773034570795123,7.536368822573504,-7.522595788002711,-7.522595788002709,1.7763568394002505e-15,0.04851405007872778,-1.2878122048518195,3.5957262535356334,6.234783583150892,0.027598600794796473,0.49755460639629173,6.2129081948329405
7,235,1.0,1761.7831665188537,0.06179504293279513,7.535876780856778,-7.474081737923983,-7.474081737923983,0.0,-0.02271878427648133,-1.2403464628489715,3.5946779454597535,6.233735275075013,0.027556483989988733,0.4974573485086717,6.210999599254415
7,236,1.0,1802.266867184887,0.04173173437887953,7.538532256579343,-7.496800522200465,-7.496800522200463,1.7763568394002505e-15,0.015465048975150886,-1.266215430647938,3.5915277619372676,6.230585091552526,0.027588737385645573,0.49738921340494274,6.207250828741031
7,237,1.0,1774.6091371267287,0.05785497669067516,7.539190449915987,-7.481335473225314,-7.481335473225312,1.7763568394002505e-15,0.007355528043743398,-1.253036589559628,3.589241554050427,6.228298883665685,0.027637999304167365,0.49733839888314374,6.204524803466493
7,238,1.0,1761.6038389060764,0.06469924035564581,7.538679185537213,-7.47397994518157,-7.473979945181568,2.6645352591003757e-15,-0.005073877855240383,-1.2465719804467614,3.5883506351195495,6.227407964734809,0.027669525400656016,0.4972543828135067,6.202892332086568
7,239,1.0,1770.5647155866486,0.05758670650367388,7.5366405295404855,-7.479053823036811,-7.4790538230368115,8.881784197001252e-16,0.002371819107432671,-1.2500627301096465,3.5899337633119055,6.228991092927164,0.027644301563688044,0.49723630248174566,6.204308040836915
7,240,1.0,1766.3702326070602,0.05740545296709697,7.534087456896474,-7.476682003929378,-7.476682003929377,8.881784197001252e-16,-3.37562366450328e-05,-1.246635734824118,3.5909889394900008,6.23004626910526,0.0276309242348887,0.4972186601219181,6.205205609704921
7,241,1.0,1766.4298596250212,0.0555518815698781,7.5322676417359,-7.476715760166023,-7.476715760166022,8.881784197001252e-16,-0.033656481565566665,-1.2448755234000488,3.592782907150716,6.231840236765976,0.027649786932577487,0.4972018451334941,6.206844220731395
7,242,1.0,1826.8934622473816,0.02111927576614417,7.531491517497734,-7.51037224173159,-7.510372241731591,8.881784197001252e-16,0.03256388981467673,-1.2779668690621613,3.5933480430541698,6.232405372669429,0.027600277252661214,0.49720159112456874,6.207403419557731
7,243,1.0,1768.360901046038,0.05109738522370136,7.528905737140615,-7.477808351916913,-7.477808351916914,8.881784197001252e-16,0.03532436544876383,-1.2450069288670675,3.593744093434587,6.232801423049844,0.027649524776098156,0.497122075927574,6.207093966939545
7,244,1.0,1706.9850871561616,0.08363091767343742,7.526114904141585,-7.442483986468149,-7.442483986468148,8.881784197001252e-16,-0.04118632758420748,-1.2081305103130648,3.5952961465398254,6.234353476155084,0.027668434304121765,0.49705455814040067,6.208034480596711
7,245,1.0,1778.7574078835787,0.04293320207047645,7.526603516122836,-7.483670314052357,-7.483670314052359,2.6645352591003757e-15,0.0347896790369262,-1.2480945322817212,3.5965184521553764,6.235575781770635,0.02758156180064749,0.49704929928016883,6.209202733379525
7,246,1.0,1717.9390678661346,0.07567288576120562,7.524553520776636,-7.44888063501543,-7.44888063501543,0.0,-0.01175161817182957,-1.214662853969401,3.595160451430769,6.234217781046028,0.02757365645226455,0.4970564106314418,6.2079200661837595
7,247,1.0,1738.2467220253775,0.06314227805118992,7.523774531238449,-7.46063225318726,-7.460632253187259,8.881784197001252e-16,-0.019857431777594137,-1.2262841100114503,3.5952908135605512,6.2343481431758105,0.027565851588794675,0.49699882321587285,6.2075360206340315
7,248,1.0,1773.1088281129564,0.04290543388771864,7.523395118852574,-7.480489684964854,-7.480489684964855,8.881784197001252e-16,-0.0023393613372268973,-1.2467040314354914,3.594728323914105,6.233785653529362,0.027537113120437565,0.4970202129217425,6.207169360866459
7,249,1.0,1777.2616259055499,0.042060612686293686,7.524889658988373,-7.482829046302081,-7.482829046302079,1.7763568394002505e-15,0.04409534820630334,-1.2508221204316536,3.592949596255168,6.232006925870427,0.027580380078136946,0.4969236689184028,6.204533554139702
7,250,1.0,1700.59538992468,0.08307899063101742,7.521812688726795,-7.438733698095778,-7.438733698095778,0.0,0.04298457189525351,-1.2074453922133734,3.5922309762671456,6.231288305882404,0.02760964375183439,0.49685727078896413,6.203237948649997
7,251,1.0,1629.0448267846816,0.12305171769038842,7.518800843890913,-7.395749126200524,-7.395749126200525,8.881784197001252e-16,0.011287420741130205,-1.1634858979398832,3.5932058986453823,6.232263228260641,0.027658664388063615,0.49676606920047456,6.203396120051257
7,252,1.0,1610.7604980017243,0.13386805997305784,7.518329765432451,-7.384461705459394,-7.384461705459393,8.881784197001252e-16,0.09232044739927314,-1.1525237142744718,3.592880661569663,6.231937991184922,0.02769241243725558,0.4966908655187078,6.202398136161763
7,253,1.0,1468.7122244820303,0.22163384717593504,7.513775105236054,-7.292141258060121,-7.292141258060119,1.7763568394002505e-15,0.04358984756474271,-1.0603758587600771,3.5927080696847855,6.231765399300044,0.027827306459342015,0.4966274587821037,6.201652720205699
7,254,1.0,1406.0665589787995,0.2629137849816469,7.511465195477022,-7.248551410495378,-7.248551410495375,2.6645352591003757e-15,0.012856001163822128,-1.0172455317794065,3.5922485491007126,6.231305878715972,0.02785383609453817,0.496510936429013,6.2001472096061105
7,255,1.0,1388.1058643885463,0.2728600066037089,7.5085554159352625,-7.235695409331556,-7.235695409331553,2.6645352591003757e-15,-0.03057451469587491,-1.0040997991203933,3.5925382805959027,6.231595610211163,0.027882851873282665,0.4965169566351146,6.20049292302848
7,256,1.0,1431.201991992664,0.2423872658752998,7.50865718990273,-7.266269924027431,-7.266269924027431,0.0,-0.0354189181597242,-1.0344719371006952,3.5927406573114773,6.231797986926737,0.027820551406463244,0.4964913707514407,6.200467230518024
7,257,1.0,1482.8020327875984,0.2047756852796643,7.50646452746682,-7.301688842187155,-7.301688842187155,0.0,0.019938024111107566,-1.0678589746829321,3.5947725378889643,6.233829867504222,0.027706313887921993,0.4964846649462342,6.2024258712482565
7,258,1.0,1453.530666378589,0.22357620334410946,7.505327021420159,-7.2817508180760475,-7.28175081807605,2.6645352591003757e-15,0.004229966302784938,-1.0481999702499962,3.5944935182107924,6.233550847826052,0.02779171005812066,0.4964086303571066,6.201454225901197
7,259,1.0,1447.3952660562454,0.22623626920172385,7.503757120974987,-7.277520851773263,-7.277520851773263,0.0,-0.06327373419475979,-1.0447685774138065,3.593694944744197,6.232752274359457,0.027811859444377043,0.4963502842877838,6.200151297211373
7,260,1.0,1541.936828398621,0.1651671133248203,7.5059616992928415,-7.340794585968022,-7.3407945859680215,8.881784197001252e-16,0.0029739009334379674,-1.109754852685832,3.5919824036669303,6.23103973328219,0.027785423128183027,0.496340581307451,6.198388730964185
7,261,1.0,1537.3580727827207,0.16656472029640038,7.504385405330984,-7.337820685034584,-7.3378206850345835,8.881784197001252e-16,0.006276358461571263,-1.1079152486567136,3.590848106762612,6.22990543637787,0.02779912477067152,0.4963584802874236,6.197433746424887
7,262,1.0,1527.739279507241,0.1701940159872821,7.501738342560297,-7.331544326573013,-7.331544326573015,1.7763568394002505e-15,0.03318895841884206,-1.1017233088354985,3.590763688122256,6.229821017737516,0.02784125228969909,0.4963460343116001,6.197242664772184
7,263,1.0,1477.8673800531287,0.19943249642173327,7.497787864575906,-7.298355368154171,-7.298355368154173,1.7763568394002505e-15,-0.03369602973585106,-1.0680192109190627,3.5912788276198495,6.230336157235108,0.027851133663501296,0.4962604912569422,6.197006578721905
7,264,1.0,1528.5141487161181,0.16470726716453513,7.496758665054557,-7.332051397890022,-7.332051397890022,0.0,-0.007825170570415985,-1.1015469600877992,3.5914471081869648,6.230504437802224,0.027778430287067796,0.4962574393496221,6.1971567400183005
7,265,1.0,1540.5219529341523,0.1578283561422284,7.497704924602666,-7.339876568460438,-7.339876568460438,0.0,0.008052805478257596,-1.1119732794139143,3.588845959431265,6.227903289046524,0.027811447503589274,0.49621589864698246,6.194212559340392
7,266,1.0,1528.1662451377424,0.1638742793135326,7.495698042295714,-7.3318237629821805,-7.3318237629821805,0.0,-0.011577721957339193,-1.1045927248113323,3.588173708555589,6.227231038170848,0.027867587221704956,0.49620110937417206,6.193396503315163
7,267,1.0,1545.961745927953,0.15086150724647618,7.494262992185996,-7.34340148493952,-7.34340148493952,0.0,-0.015160895928053364,-1.1151103840818253,3.589233771242436,6.228291100857695,0.027857492922780003,0.4961656770397672,6.194127425523645
7,268,1.0,1569.5784841593113,0.13622897899082817,7.494791359858402,-7.358562380867573,-7.358562380867574,8.881784197001252e-16,-0.062125222928704815,-1.1319351899423216,3.5875698613099933,6.226627190925251,0.027868939172661686,0.4960758736058187,6.191684758749321
7,269,1.0,1670.1815361699123,0.07112981331325904,7.491817417109537,-7.420687603796278,-7.420687603796278,0.0,0.0497326960022102,-1.191644177128241,3.5899860970527784,6.229043426668038,0.027777951334454747,0.49615577063044564,6.194780837740426
7,270,1.0,1589.1505509895144,0.12000754255364203,7.490962450347711,-7.370954907794068,-7.370954907794069,8.881784197001252e-16,0.006483005536327191,-1.1437377916797595,3.588159786499049,6.227217116114308,0.027859120673417892,0.4960245701835099,6.191815705605085
7,271,1.0,1578.8814026094133,0.1261055210846972,7.4905774233424385,-7.3644719022577405,-7.364471902257741,8.881784197001252e-16,0.006453446039123456,-1.1378782868159238,3.5875362858265585,6.226593615441816,0.02786391061090304,0.4959778276492914,6.190786370613512
7,272,1.0,1568.7249838742707,0.13206814181762427,7.4900865980362425,-7.358018456218617,-7.358018456218618,8.881784197001252e-16,-0.0011144102149271973,-1.1328954834341294,3.586065643169229,6.2251229727844875,0.02785466439116641,0.49587294714279445,6.188419215042047
7,273,1.0,1570.4741614903865,0.13159686218995797,7.490729728623502,-7.359132866433544,-7.359132866433544,0.0,0.03156591565682998,-1.1349713761967941,3.5851041606214915,6.22416149023675,0.027909251808703257,0.4957610668262655,6.186477052719074
7,274,1.0,1521.6749543185426,0.15945430766680435,7.487021258443518,-7.327566950776714,-7.327566950776713,8.881784197001252e-16,0.019779397534740895,-1.1036670118286849,3.58484260933277,6.223899938948029,0.027916277390198446,0.49572404660344743,6.185891394741737
7,275,1.0,1491.872845956164,0.17705745412769014,7.484845007369662,-7.307787553241973,-7.3077875532419725,8.881784197001252e-16,0.034030461133705,-1.0847947965399045,3.5839354270868102,6.222992756702069,0.027941099826466385,0.4956326873213959,6.184195466427499
7,276,1.0,1441.957857103617,0.20777731457173373,7.481534406680001,-7.273757092108268,-7.273757092108267,1.7763568394002505e-15,0.00670011987493524,-1.0489070038394,3.58579275865361,6.224850088268869,0.027973879514654045,0.4955471762725755,6.18527831082684
7,277,1.0,1432.3288603444325,0.2131677529406861,7.4802247251740175,-7.267056972233333,-7.267056972233331,1.7763568394002505e-15,0.005357060087153087,-1.0429565488485737,3.5850430937694995,6.224100423384759,0.027963779486369227,0.49552481151726313,6.184320616156508
7,278,1.0,1424.6763044769432,0.21635429178223609,7.478054203928417,-7.26169991214618,-7.261699912146181,8.881784197001252e-16,0.04722085699039713,-1.0359560597949744,3.586686522735947,6.225743852351206,0.027979610549091895,0.4954845615156972,6.185580983015527
7,279,1.0,1358.965537562273,0.260142983542815,7.474622038698596,-7.214479055155783,-7.214479055155781,1.7763568394002505e-15,-0.00886586328291461,-0.9876707820083619,3.587750943532162,6.22680827314742,0.02804890310375235,0.4953701952107769,6.185610413955331
7,280,1.0,1371.0675081615204,0.24983416801871686,7.473179086457413,-7.2233449184386975,-7.223344918438696,1.7763568394002505e-15,-0.03311771022685761,-0.9976156016595128,3.5866719871639257,6.225729316779185,0.028059012458401447,0.49538517143265437,6.184677999485882
7,281,1.0,1417.23437555843,0.21832340982816845,7.474786038493722,-7.256462628665555,-7.256462628665553,1.7763568394002505e-15,0.02670273247206012,-1.0324576486807313,3.5849476503695668,6.224004979984826,0.02803811000274633,0.4953668764554408,6.182800264913204
7,282,1.0,1379.891147191615,0.24068170885811496,7.470441605051609,-7.229759896193495,-7.229759896193494,8.881784197001252e-16,-0.029157151129393988,-1.0042877203599967,3.5864148462182386,6.225472175833497,0.0280554123334029,0.49529062302468824,6.183586265223321
7,283,1.0,1420.717134377333,0.21324086451471091,7.472157911837601,-7.258917047322889,-7.25891704732289,8.881784197001252e-16,0.0023237136129017344,-1.0351673408288227,3.5846923768788073,6.223749706494067,0.028038892110755897,0.4952241463007612,6.18127458380094
7,284,1.0,1417.4196273468656,0.21186718710308192,7.4684605208130685,-7.256593333709987,-7.256593333709986,8.881784197001252e-16,-0.0022154924540620513,-1.0322446168670356,3.5852913872276924,6.224348716842952,0.02808999383653385,0.49522043140195415,6.1818298642948895
7,285,1.0,1420.5633910419585,0.20677700815415997,7.465585834318209,-7.258808826164049,-7.258808826164049,0.0,-0.04469082650637812,-1.0343336504484062,3.5854178461003836,6.224475175715644,0.02806528831642136,0.4951579203535415,6.1814149414487725
7,286,1.0,1485.4895388008497,0.16131101624893596,7.4648106689193625,-7.3034996526704274,-7.303499652670427,8.881784197001252e-16,-0.040689016440959236,-1.0812644520927408,3.5831778709624267,6.2222352005776855,0.02801661934202638,0.495158245723805,6.179223148041038
7,287,1.0,1547.1791816548603,0.12176252499694196,7.46595119410833,-7.344188669111387,-7.344188669111388,8.881784197001252e-16,0.061363787665083436,-1.1230729593508622,3.582058380145266,6.221115709760525,0.027990547213710915,0.49511099854283286,6.177684170718805
7,288,1.0,1455.0926891304357,0.17942160301971188,7.462246484466015,-7.282824881446303,-7.282824881446303,0.0,-0.0584195728591288,-1.0610957339461964,3.582671817884848,6.221729147500105,0.028058733995236687,0.49500493919048355,6.177356593939119
7,289,1.0,1542.630653009165,0.11956149874456858,7.46080595305,-7.341244454305432,-7.341244454305432,0.0,0.0114881034885288,-1.1198414964696102,3.582345628220563,6.221402957835822,0.027991890070588773,0.49507315948511904,6.177631214889978
7,290,1.0,1525.010159241311,0.12963435111941116,7.459390701936313,-7.329756350816903,-7.3297563508169015,1.7763568394002505e-15,0.0009921265062917684,-1.1082277427106673,3.582471278490977,6.221528608106236,0.027973041704650974,0.49498925663745424,6.17702730048823
7,291,1.0,1523.4979065370044,0.12786991168374368,7.456634135994355,-7.3287642243106115,-7.328764224310611,8.881784197001252e-16,-0.03707039016596436,-1.108165616387605,3.581541278307747,6.220598607923007,0.028015662240101442,0.4949423852991214,6.175726868906182
7,292,1.0,1581.0344302341884,0.09047256687390756,7.456307181350484,-7.365834614476576,-7.365834614476576,0.0,-0.02687203183988629,-1.1467323967546978,3.5800448881066194,6.219102217721877,0.028028666396228377,0.494917175585638,6.174026911541572
7,293,1.0,1624.0960228046933,0.0617166964901783,7.45442334280664,-7.392706646316462,-7.392706646316462,0.0,-0.018341868109836845,-1.1728078560946955,3.5808414606065093,6.219898790221768,0.028018851150485143,0.4948936139591885,6.174572079101088
7,294,1.0,1654.1598483694195,0.04345610504616504,7.454504619472463,-7.411048514426299,-7.411048514426298,8.881784197001252e-16,-0.06540866473243678,-1.1913060547298238,3.5806851300812164,6.219742459696475,0.028033551928975005,0.4948623059009023,6.174146859547785
7,295,1.0,1765.9731534629316,-0.023190785932303226,7.453266393226432,-7.476457179158736,-7.476457179158735,8.881784197001252e-16,-0.010207686099657387,-1.255592958828519,3.581806890714958,6.220864220330216,0.02801958996568628,0.49480745358438655,6.174740252653118
7,296,1.0,1784.0919713499331,-0.032443906603525696,7.454220958654868,-7.486664865258393,-7.486664865258393,0.0,-0.0326550190657624,-1.2673095761770965,3.580297959466038,6.219355289081297,0.028041528828669983,0.4947128882960095,6.17242261342831
7,297,1.0,1843.313201433817,-0.06537096705183687,7.453948917272319,-7.5193198843241555,-7.5193198843241555,0.0,0.06597457619091696,-1.2995098230050532,3.5807527317038437,6.2198100613191025,0.02806073074143208,0.4946639515176827,6.172438060713879
7,298,1.0,1725.626251853073,-0.0006511835072431083,7.452694124625996,-7.453345308133239,-7.453345308133239,0.0,0.009573997158146774,-1.234104057088734,3.5801839214292457,6.219241251044505,0.028078017256600026,0.4945618226512443,6.17099163587954
7,299,1.0,1709.183945910561,0.007483340552035561,7.451254651527126,-7.443771310975092,-7.443771310975091,8.881784197001252e-16,0.0024470391399731284,-1.225144581636949,3.579569399722883,6.218626729338141,0.028040469435249387,0.4945084634605072,6.169895982586432
7,300,1.0,1705.0066190231885,0.005757430643887507,7.447081702479007,-7.441324271835119,-7.44132427183512,8.881784197001252e-16,-0.06006217423629234,-1.222410938575128,3.579856003644732,6.218913333259991,0.027997190606961972,0.49449740091260785,6.1700910398576765
7,301,1.0,1810.5509063010372,-0.05690742012332142,7.44447902594809,-7.501386446071411,-7.501386446071412,8.881784197001252e-16,-0.015618889491131327,-1.284570863971884,3.5777582524842684,6.216815582099527,0.028007127941020907,0.4945170183545549,6.168185786397734
7,302,1.0,1839.0516967787892,-0.07388066200579177,7.443124673556751,-7.517005335562542,-7.517005335562542,0.0,0.038024359714698974,-1.299098244487261,3.578849761460023,6.217907091075282,0.027994826380613874,0.4944075675224811,6.168289634660282
7,303,1.0,1770.4357396220594,-0.03819723940185965,7.440783736445983,-7.478980975847843,-7.4789809758478425,8.881784197001252e-16,-0.014121632331181466,-1.2588359209750464,3.581087725257538,6.2201450548727975,0.027956599990669826,0.4942977247940523,6.169584082544864
7,304,1.0,1795.6145467015756,-0.054249678302660254,7.438852929876365,-7.493102608179025,-7.493102608179026,8.881784197001252e-16,-0.0339695501732189,-1.2728650249304614,3.5811802536333035,6.220237583248563,0.027995750294729164,0.4942428246977015,6.169216052331256
7,305,1.0,1857.6586033906333,-0.08941880801080532,7.437653350341439,-7.527072158352244,-7.527072158352244,0.0,0.03657293031763942,-1.3075504987793276,3.5804643299576577,6.219521659572917,0.02796048474847534,0.49423082525891876,6.168338424161694
7,306,1.0,1790.9459591345608,-0.05346072312985817,7.437038504904745,-7.490499228034604,-7.490499228034603,8.881784197001252e-16,-0.019743064952176148,-1.2720293238641258,3.5794125745552194,6.218469904170478,0.027994235450498887,0.4941118244345563,6.166272388096853
7,307,1.0,1826.656075159474,-0.07664222226101644,7.433600070725764,-7.5102422929867805,-7.5102422929867805,0.0,-0.0017274825553315054,-1.2889197414192697,3.5822652219522513,6.22132255156751,0.027953458190172156,0.49404857240072325,6.168536599050199
7,308,1.0,1829.8143187838841,-0.08158965338088875,7.430380122161222,-7.511969775542112,-7.511969775542111,8.881784197001252e-16,0.0028870358167907284,-1.28942094558722,3.5834915003396337,6.222548829954893,0.027930906651093646,0.49404203541373176,6.169680390295851
7,309,1.0,1824.5391977032268,-0.07930795221707704,7.429774787508245,-7.509082739725321,-7.509082739725322,8.881784197001252e-16,-0.006500084660355121,-1.2878541830397476,3.5821712270703143,6.221228556685572,0.027904152479333418,0.4940356725793179,6.168271271293937
7,310,1.0,1836.437484998854,-0.0873882889581998,7.428194535427477,-7.515582824385676,-7.515582824385676,0.0,-0.048666859581359745,-1.293540854545783,3.5829846402246344,6.222041969839893,0.02790597910595936,0.4939684026912048,6.168493635304851
7,311,1.0,1928.021610680854,-0.1391356492636815,7.4251140347033555,-7.564249683967036,-7.564249683967037,8.881784197001252e-16,-0.03567889486815279,-1.3422900046512187,3.582902349700558,6.221959679315818,0.027912144013412046,0.4939548357476662,6.168278529423664
7,312,1.0,1998.0531867220293,-0.17890700349256922,7.421021575342621,-7.599928578835189,-7.599928578835191,1.7763568394002505e-15,0.06404754887218456,-1.3767712583976022,3.5840999908223297,6.223157320437587,0.02788049978109718,0.49398015527153,6.169661872407836
7,313,1.0,1874.094765262515,-0.11490422623934438,7.4209768037236605,-7.535881029963004,-7.535881029963005,8.881784197001252e-16,0.039574193799873036,-1.3131187906316213,3.5837049097161247,6.2227622393313835,0.027854915905261925,0.4938646431146226,6.168317357480014
7,314,1.0,1801.3773327904316,-0.07338412370057423,7.422922712462557,-7.496306836163131,-7.496306836163131,0.0,-0.020987169898925906,-1.2762253350609842,3.581024171486888,6.220081501102148,0.02793896128303438,0.4937193874467607,6.164358573904101
7,315,1.0,1839.5826533827988,-0.09881277917808115,7.4184812268839755,-7.517294006062057,-7.517294006062056,8.881784197001252e-16,0.07653041881487166,-1.2966286801225537,3.5816079963242444,6.220665325939504,0.027910991849358843,0.4937192427836318,6.164994409229626
7,316,1.0,1704.0509160385816,-0.023487682682514582,7.41727590456467,-7.440763587247186,-7.440763587247185,8.881784197001252e-16,0.028509061592945528,-1.2203762083663836,3.5813300492655427,6.220387378880801,0.027904602833194823,0.49363394020488915,6.1640382455998415
7,317,1.0,1656.1559871603172,0.005251615865411063,7.417506141519651,-7.41225452565424,-7.412254525654239,8.881784197001252e-16,-0.0048676043440050165,-1.1928801198338796,3.580317076205101,6.219374405820359,0.027976646137208166,0.49350563202270664,6.161874877540899
7,318,1.0,1664.2371512364857,-0.001031552663143448,7.416090577335101,-7.417122129998245,-7.417122129998244,8.881784197001252e-16,0.006190993851027393,-1.1994118006064338,3.578652999776552,6.217710329391813,0.028030645542879436,0.49346581996339556,6.159865001100306
7,319,1.0,1653.9656973278736,0.0008557897835508033,7.411786925930768,-7.410931136147218,-7.410931136147217,8.881784197001252e-16,-0.01940224775419619,-1.1934412113368462,3.5784325951951126,6.217489924810372,0.028008808375920274,0.49343591042444734,6.159440690402245
7,320,1.0,1686.3696881673109,-0.016493783190703937,7.413839600710708,-7.430333383901414,-7.430333383901412,1.7763568394002505e-15,0.027034502141748185,-1.214254766587482,3.5770212876986736,6.216078617313932,0.02802759695407998,0.49337184192790845,6.157450210452839
7,321,1.0,1641.3902608871322,0.005709645616087666,7.409008527375754,-7.403298881759666,-7.403298881759666,0.0,0.000774806806352224,-1.1863295193684362,3.5779120327759704,6.21696936239123,0.028032564016145806,0.4932865277545311,6.157616463601051
7,322,1.0,1640.1189930981825,0.0024006633721315174,7.404924738325446,-7.402524074953313,-7.402524074953315,1.7763568394002505e-15,0.017030824794831645,-1.1859186218870883,3.5775481234509674,6.216605453066225,0.028015331093180707,0.4932568411446405,6.157011168654551
7,323,1.0,1612.422926742302,0.020619465313381435,7.4061127154718625,-7.385493250158482,-7.385493250158481,8.881784197001252e-16,-0.003979753271268649,-1.170778556919277,3.5756573636239457,6.214714693239204,0.028082479149194258,0.49315167874983096,6.154227542798238
7,324,1.0,1618.8527582446136,0.018060886726490227,7.407533890156242,-7.38947300342975,-7.389473003429751,8.881784197001252e-16,0.07930998861335414,-1.1772379615054531,3.5731777123090387,6.2122350419242975,0.028140825760869903,0.4930517788747774,6.150888758844352
7,325,1.0,1495.4209450937994,0.09792538925477076,7.408088404071166,-7.310163014816396,-7.310163014816395,8.881784197001252e-16,0.008842176921080025,-1.0979436673927672,3.5731620178083694,6.212219347423629,0.028214103187531443,0.4929158099586827,6.149704749832012
7,326,1.0,1482.2564556691027,0.10351340776860764,7.404834245663925,-7.301320837895316,-7.301320837895317,8.881784197001252e-16,0.0030941586159851653,-1.086871829073083,3.575391679206974,6.214449008822235,0.028206509511285904,0.4928727579280414,6.15155494426335
7,327,1.0,1477.6772071996554,0.1083939507453954,7.406620630024728,-7.298226679279331,-7.298226679279332,8.881784197001252e-16,0.04286948021867243,-1.0844607917785014,3.574708557885572,6.2137658875008315,0.028303492292112348,0.4927521174338126,6.149831675579176
7,328,1.0,1415.668588315843,0.14917520124446962,7.404532400305129,-7.255357199060659,-7.25535719906066,8.881784197001252e-16,-0.020803093961906605,-1.0427285359324432,3.573571333512958,6.212628663128216,0.028360271412056524,0.49266178434564156,6.147944074542873
7,329,1.0,1445.427338805188,0.12512531059124143,7.401285603613807,-7.276160293022565,-7.276160293022565,0.0,0.007409503662601402,-1.0633842862818212,3.573718677125484,6.212776006740742,0.028329562437582716,0.4925698549306171,6.147328367855873
7,330,1.0,1434.7570193471681,0.13197946768360774,7.40073025704357,-7.268750789359964,-7.268750789359962,1.7763568394002505e-15,-0.002384318627760784,-1.0542015663946251,3.5754918933500797,6.2145492229653385,0.028348537356754914,0.4924533787409953,6.148035026162142
7,331,1.0,1438.1820187570688,0.1269135842142626,7.398048692201986,-7.271135107987725,-7.271135107987723,1.7763568394002505e-15,-0.001264964210971442,-1.0542228888143241,3.5778548895581417,6.216912219173401,0.028407839408129756,0.4923693667475069,6.1496405208510705
7,332,1.0,1440.0024186672874,0.1253741445275699,7.397774216726268,-7.272400072198696,-7.272400072198698,1.7763568394002505e-15,-0.024180212630636966,-1.0586177100664182,3.57472503251702,6.213782362132279,0.028439414586429682,0.4922474894993986,6.145479776056185
7,333,1.0,1475.2463692549713,0.09992033517883195,7.3965006200081636,-7.296580284829333,-7.296580284829331,1.7763568394002505e-15,0.005437668516129257,-1.08525008737113,3.572272867842945,6.211330197458203,0.028447012728545874,0.49219139423514974,6.142580746593423
7,334,1.0,1467.2462392593106,0.10178199676548118,7.392924613078682,-7.291142616313204,-7.2911426163132,3.552713678800501e-15,0.03194896218465537,-1.0798946339621363,3.5721906527358094,6.211247982351068,0.028489496714897058,0.49213225527496945,6.14203167958083
7,335,1.0,1421.1101687611058,0.13273219427481073,7.391925848403359,-7.2591936541285484,-7.2591936541285484,0.0,0.019912719392524814,-1.046936443455675,3.573199881057615,6.212257210672874,0.028540423599774118,0.4920120101688817,6.1419486581063
7,336,1.0,1393.0918866424438,0.14978436963232178,7.389065304368346,-7.239280934736024,-7.2392809347360245,8.881784197001252e-16,0.022344211986663254,-1.0264237855282634,3.5737998195925016,6.212857149207761,0.02854793977085142,0.49194677085625654,6.141999198699459
7,337,1.0,1362.3095306532755,0.16775840006856424,7.384695122817923,-7.21693672274936,-7.216936722749359,1.7763568394002505e-15,0.02461632551343751,-1.0052845113429156,3.5725948817911863,6.211652211406445,0.028561664995434676,0.4919155112958347,6.140595071049948
7,338,1.0,1329.183864614125,0.1906082805847264,7.382928677820648,-7.192320397235923,-7.192320397235922,8.881784197001252e-16,-0.03846712811351871,-0.9806847064281078,3.572578361192556,6.211635690807815,0.028652280792435588,0.49181159396849383,6.139676110694402
7,339,1.0,1381.3098924136268,0.15172239722442007,7.38250992257386,-7.230787525349442,-7.23078752534944,1.7763568394002505e-15,-0.0136954782907166,-1.0221435729026942,3.5695866228314874,6.208643952446745,0.028570062382519034,0.4917901638412189,6.136537724497927
7,340,1.0,1400.3577289473187,0.1330491998181031,7.377532203458259,-7.244483003640158,-7.2444830036401555,2.6645352591003757e-15,0.028586478961436512,-1.0343619784071334,3.5710636956177653,6.210121025233024,0.02853586555477547,0.49172503229613085,6.137438257103715
7,341,1.0,1360.893195670043,0.15949518949865102,7.375391714177374,-7.215896524678722,-7.215896524678723,8.881784197001252e-16,0.012428589057654982,-1.0029546835625112,3.573884511500951,6.21294184111621,0.028639788468549886,0.49160837386467837,6.139219689242965
7,342,1.0,1344.083887756915,0.16931843551363673,7.372786371134703,-7.203467935621067,-7.203467935621067,0.0,-0.02873670902461889,-0.9886248324489065,3.575785773556902,6.214843103172159,0.028695964564451996,0.49157799636230987,6.1408112830451484
7,343,1.0,1383.268760963649,0.14087903644609664,7.373083681091783,-7.232204644645686,-7.2322046446456865,8.881784197001252e-16,-0.02381136801153616,-1.0174320113077537,3.575715303722673,6.214772633337931,0.028675310660290082,0.49154657347186537,6.14043612772671
7,344,1.0,1416.601557322641,0.11467089434363581,7.370686907000858,-7.256016012657222,-7.256016012657222,0.0,-0.04166662705721613,-1.0419594588720886,3.5749992241698743,6.214056553785133,0.02867613945484715,0.4914914172963028,6.139244457201186
7,345,1.0,1476.8735109758927,0.06521612192152615,7.362898761635963,-7.297682639714438,-7.297682639714436,1.7763568394002505e-15,-0.0363042789419028,-1.0824754799742249,3.5761498301249546,6.215207159740212,0.028624114108089786,0.49155307658166014,6.1408897865679295
7,346,1.0,1531.4754845315638,0.029853462008792575,7.363840380665133,-7.333986918656341,-7.333986918656341,0.0,0.029307099049760588,-1.1214055742657103,3.5735240147753706,6.21258134439063,0.02864728190983677,0.4914821786032932,6.137721202442714
7,347,1.0,1487.243699336077,0.05840317198219891,7.363082991588779,-7.30467981960658,-7.30467981960658,0.0,0.03481826332968385,-1.092439736324583,3.573182753666738,6.212240083281996,0.02866090984112036,0.4914174690269587,6.1368219081215605
7,348,1.0,1436.3515854097627,0.09100127136998487,7.360862827646882,-7.269861556276896,-7.269861556276897,8.881784197001252e-16,0.008458700436468014,-1.0599942753001368,3.5708099513615013,6.20986728097676,0.028636379238139702,0.4913525436469593,6.133959098157872
7,349,1.0,1424.253158249283,0.09730984679126625,7.3587127026316965,-7.261402855840428,-7.26140285584043,1.7763568394002505e-15,-0.009376889329988813,-1.0520527739407326,3.5702927522844377,6.209350081899697,0.028626838106027397,0.49124281248083623,6.132517496920804
7,350,1.0,1437.6710331411036,0.08671094421133863,7.357490689381756,-7.270779745170417,-7.270779745170418,8.881784197001252e-16,0.03605575582229381,-1.062216845595575,3.5695055699595835,6.208562899574842,0.028592814346384606,0.491168516225427,6.131115900156852
7,351,1.0,1386.7580853484922,0.1211631067830697,7.355887096131195,-7.234723989348123,-7.234723989348125,1.7763568394002505e-15,-0.00230448070677447,-1.0265234883480723,3.5691431713847916,6.208200501000051,0.028661055985845358,0.49110190266583315,6.130191882742332
7,352,1.0,1389.9575277118188,0.12027059226037479,7.357299062315271,-7.237028470054898,-7.237028470054897,8.881784197001252e-16,0.03233821007097948,-1.029753946731852,3.5682171937077873,6.207274523323046,0.02869247082368278,0.49095326062553146,6.128011797017263
7,353,1.0,1345.7277987301757,0.1526604752870456,7.357350735270964,-7.204690259983918,-7.204690259983919,8.881784197001252e-16,-0.018813173320605614,-0.9979742065326975,3.567658723835962,6.206716053451221,0.02871550692212944,0.49081952365133374,6.12629511558817
7,354,1.0,1371.2848599699064,0.12674462498620967,7.350248058290733,-7.223503433304524,-7.223503433304523,8.881784197001252e-16,-0.004189669454150113,-1.0188673626687883,3.565578741020476,6.204636070635736,0.02871315196186766,0.4908478755092338,6.124523500012425
7,355,1.0,1377.0421423941964,0.11767212912304074,7.345365231881713,-7.227693102758674,-7.227693102758672,1.7763568394002505e-15,-0.041449572635598564,-1.0210438070962629,3.5675919660471513,6.20664929566241,0.028780471024558264,0.4907695715328335,6.125859284273406
7,356,1.0,1435.3193907712332,0.0731309621232227,7.342273637517496,-7.2691426753942725,-7.269142675394273,8.881784197001252e-16,-0.0524158158133341,-1.0636333675007479,3.5664519782782653,6.205509307893526,0.02874807691553221,0.4907053202285049,6.12420790308017
7,357,1.0,1512.5594443883115,0.01948002680384711,7.3410385180114535,-7.321558491207607,-7.321558491207607,0.0,-0.009400592483926218,-1.118417645673242,3.564083515919106,6.203140845534365,0.028694178173674652,0.49064690318956805,6.1213395782972695
7,358,1.0,1526.8454425505215,0.006975059039774134,7.3379341427313065,-7.330959083691533,-7.330959083691532,8.881784197001252e-16,0.01519731254230905,-1.1277446472751815,3.5641571068010927,6.203214436416351,0.028698162576743107,0.49055962471531994,6.120684018337085
7,359,1.0,1503.8169241691603,0.021836222116551618,7.337597993265776,-7.315761771149224,-7.315761771149225,8.881784197001252e-16,-0.030687570079149573,-1.1120195842611573,3.564684857272808,6.203742186888067,0.028690722462004586,0.49046583894286927,6.120425680778918
7,360,1.0,1550.6808030083953,-0.014862580989757623,7.331586760238615,-7.346449341228373,-7.3464493412283725,8.881784197001252e-16,-0.042232054811491615,-1.1428520640888904,3.5645399475242243,6.203597277139482,0.028620832418328114,0.49049649698004344,6.1204963073862215
7,361,1.0,1617.5717695250119,-0.058475388737509904,7.330206007302354,-7.388681396039865,-7.388681396039864,8.881784197001252e-16,-0.018237995944461183,-1.1832935736633468,3.5663304927612587,6.205387822376517,0.028638748028283017,0.4904665133406227,6.121952278022289
7,362,1.0,1647.34370185309,-0.08566993261908915,7.321249459365237,-7.406919391984326,-7.406919391984326,0.0,-0.036029107694798945,-1.1980375837289239,3.569824478640143,6.208881808255403,0.028688970773144626,0.490474034316425,6.125445364418413
7,363,1.0,1707.7781884688425,-0.12212803130637878,7.320820468372746,-7.442948499679125,-7.442948499679125,0.0,-0.007840338728585472,-1.2368925083116176,3.5669986617522476,6.206055991367506,0.0286158213539306,0.49035046611784244,6.121557711866961
7,364,1.0,1721.220374727942,-0.13458050260717605,7.316208335800536,-7.450788838407711,-7.450788838407712,1.7763568394002505e-15,-0.011033548908496726,-1.243872353960107,3.567859154832345,6.206916484447603,0.028664031894091124,0.49027175808055046,6.121717265060522
7,365,1.0,1740.3167003053588,-0.1462981603974887,7.315524226918719,-7.461822387316207,-7.461822387316208,8.881784197001252e-16,-0.010601049394966644,-1.2543633935913756,3.5684016641095733,6.207458993724832,0.02873607805652647,0.4902359375837275,6.121941860208685
7,366,1.0,1758.8640204378137,-0.15631812510203852,7.316105311609137,-7.472423436711174,-7.472423436711176,1.7763568394002505e-15,0.05085619574981859,-1.2662597805574574,3.567106326538458,6.2061636561537155,0.028748421706607397,0.49014367240182916,6.1198637793818085
7,367,1.0,1671.6513362721776,-0.0985199242397592,7.3230473167215955,-7.421567240961355,-7.4215672409613545,8.881784197001252e-16,0.007968492202670596,-1.2178145518247312,3.5646953595213655,6.203752689136624,0.028731278307848017,0.4900272504772043,6.116552736514718
7,368,1.0,1658.3837272572284,-0.09033464907546485,7.32326409968322,-7.413598748758685,-7.413598748758685,0.0,0.009071346784342182,-1.2115371584916237,3.5630042606518018,6.20206159026706,0.028758971663413055,0.4899140384616982,6.113893002994485
7,369,1.0,1643.4079811541017,-0.08094899347887002,7.3235784084954725,-7.404527401974343,-7.404527401974343,0.0,-0.0006810199378310955,-1.2021747329484658,3.5632953394106184,6.202352669025877,0.02877435800575789,0.4898040844640685,6.113226215609669
7,370,1.0,1644.5275559383617,-0.08713647564384353,7.31807194626833,-7.405208421912174,-7.405208421912174,0.0,0.012398659848654958,-1.2060236133398416,3.560127478957073,6.1991848085723325,0.02876324800483847,0.4897609432129555,6.109741211435845
7,371,1.0,1624.2635013140632,-0.07335039544988448,7.319459366613634,-7.392809762063519,-7.392809762063519,0.0,0.00162213377209941,-1.1951979792854546,3.558554453162805,6.197611782778064,0.0287492363764858,0.48965177872957527,6.107270396893879
7,372,1.0,1621.6308644556475,-0.07146304901910472,7.319724579272315,-7.391187628291419,-7.39118762829142,8.881784197001252e-16,0.05816359021990092,-1.19259812584049,3.5595321728356706,6.198589502450929,0.028781903641143414,0.48955975224051856,6.1074688635596175
7,373,1.0,1530.0015662389085,-0.013390331872732142,7.319633706198788,-7.333024038071518,-7.33302403807152,1.7763568394002505e-15,-0.000699475183057352,-1.1340327577828824,3.559933950673377,6.198991280288635,0.028825647374525434,0.4895289984908038,6.107652311517071
7,374,1.0,1531.0721387403303,-0.01350922850085809,7.3202142847537175,-7.333723513254576,-7.333723513254576,0.0,0.009667677566208788,-1.1361495327317253,3.558516650907592,6.197573980522852,0.028864803804084974,0.48942597459649817,6.10538515683669
7,375,1.0,1516.341547009467,-0.0053783822833689265,7.318677453404998,-7.324055835688367,-7.324055835688367,0.0,-0.0124709459335266,-1.128001743428426,3.5569967626446823,6.196054092259942,0.028839402380762574,0.489374615611636,6.1034337626581685
7,376,1.0,1535.3701662826647,-0.016445109289528193,7.320081672332366,-7.3365267816218935,-7.336526781621894,8.881784197001252e-16,0.011146345465042451,-1.1416188057694048,3.5558506462372295,6.194907975852487,0.02882680649123859,0.48923832362550107,6.101054875992307
7,377,1.0,1518.351424581533,-0.009867557599744836,7.315512878557105,-7.325380436156851,-7.32538043615685,8.881784197001252e-16,0.034442968086057846,-1.1297670091960772,3.5565560973455157,6.195613426960775,0.028802927151731158,0.4892172889363099,6.101568460218307
7,378,1.0,1466.9452671451488,0.0241250117245366,7.315062479795329,-7.290937468070793,-7.290937468070792,8.881784197001252e-16,0.03312088211995956,-1.0960155173066777,3.5558646211488565,6.1949219507641144,0.028827210470642017,0.4891223876737243,6.100094950627759
7,379,1.0,1419.1545499899062,0.05689965645423495,7.314716242405067,-7.257816585950834,-7.257816585950833,8.881784197001252e-16,-0.010603114429399874,-1.0631139475376115,3.5556453087979634,6.194702638413223,0.028892383692979185,0.48899841808777916,6.09888519764408
7,380,1.0,1434.2820657397633,0.0382405185884869,7.306660218968721,-7.2684197003802336,-7.268419700380234,8.881784197001252e-16,0.008403937783682203,-1.074995808909745,3.5543665618552294,6.193423891470489,0.028889390263109393,0.48903150126362793,6.0979348864903296
7,381,1.0,1422.278955833856,0.044016875047216575,7.304032637643768,-7.260015762596551,-7.260015762596551,0.0,-0.03811386262404337,-1.0669979508190315,3.5539604821622603,6.193017811777518,0.02889651970371618,0.488961413347239,6.096917369926475
7,382,1.0,1477.5337995884518,0.008013199403055005,7.306142824623649,-7.298129625220595,-7.298129625220594,8.881784197001252e-16,-0.032964778406681106,-1.1056512998757753,3.5534209957295606,6.19247832534482,0.02888531067646974,0.488835283466542,6.095282367809254
7,383,1.0,1527.0520691577312,-0.027542502880581132,7.303551900746694,-7.331094403627276,-7.331094403627275,8.881784197001252e-16,0.02731184262340669,-1.1391453182215698,3.5528917557904474,6.191949085405706,0.028859231875432174,0.4887252269788655,6.093753870399685
7,384,1.0,1485.9098556233798,-0.00031598008395328225,7.303466580919915,-7.303782561003869,-7.303782561003868,8.881784197001252e-16,-0.07045798202898457,-1.1118573583592448,3.5528678730293657,6.191925202644624,0.028874958037170922,0.48861760232973844,6.092795092242331
7,385,1.0,1594.3805071988363,-0.07728038859776992,7.296960154435083,-7.374240543032854,-7.374240543032853,8.881784197001252e-16,-0.04021530810670981,-1.1821082105820548,3.553075002835539,6.192132332450798,0.02880006507772654,0.48866040345601025,6.093278513571009
7,386,1.0,1659.805741216993,-0.12303424031243276,7.29142161082713,-7.4144558511395635,-7.414455851139563,8.881784197001252e-16,-0.026551429799135384,-1.22095285021804,3.5544456713062655,6.193503000921524,0.028743431144023203,0.4886791525233775,6.094649926124388
7,387,1.0,1704.4662330998556,-0.15411562610114402,7.286891654837555,-7.441007280938699,-7.441007280938699,0.0,-0.030337870944277867,-1.2468726550054776,3.5550772963179615,6.194134625933221,0.028706327670044485,0.4886222285888065,6.094751607854759
7,388,1.0,1756.9684861962814,-0.1870523217481931,7.284292830134783,-7.471345151882977,-7.471345151882976,8.881784197001252e-16,0.032747239759532754,-1.2764435612255107,3.5558442610422074,6.194901590657466,0.028717070701804973,0.4885218361091797,6.094558325186914
7,389,1.0,1700.3644886030488,-0.15435975347243291,7.2842381586510125,-7.438597912123444,-7.438597912123446,1.7763568394002505e-15,0.004457174766163696,-1.2431915725528022,3.5563490099553836,6.195406339570643,0.028701101098244534,0.4884356317147669,6.094363176996931
7,390,1.0,1692.8025319115113,-0.15160881106961283,7.2825319262876675,-7.43414073735728,-7.43414073735728,0.0,0.05739817128405278,-1.240725774087844,3.554357633654177,6.1934149632694355,0.028734296852343265,0.4883129282919451,6.091416433457022
7,391,1.0,1598.3746786337842,-0.09159647611346228,7.285146089959767,-7.3767425660732275,-7.376742566073229,1.7763568394002505e-15,0.015915772387298688,-1.1835154241130763,3.554169812344892,6.193227141960152,0.0287927257361675,0.4882051790530925,6.090466345551919
7,392,1.0,1573.136684895527,-0.07669924452963206,7.284127549156296,-7.360826793685929,-7.360826793685928,8.881784197001252e-16,0.034980757392570005,-1.1672102068714327,3.5545592571992364,6.193616586814495,0.02880873741120483,0.4881467787101951,6.09035206042726
7,393,1.0,1519.0585338143876,-0.03795180201084325,7.287894234282514,-7.325846036293359,-7.325846036293357,1.7763568394002505e-15,-0.006864528722358543,-1.130330001557333,3.5564587051207677,6.195516034736026,0.02880496246748961,0.4879981130903725,6.090907951327663
7,394,1.0,1529.5220271377805,-0.04418592652214101,7.288524638493574,-7.332710565015717,-7.332710565015716,1.7763568394002505e-15,0.0188606580698929,-1.1380448983469225,3.555608337053537,6.194665666668795,0.028866613191046546,0.4878533798243858,6.088818759970147
7,395,1.0,1500.9445770671002,-0.023593893608626015,7.290256013337199,-7.3138499069458245,-7.313849906945825,8.881784197001252e-16,0.026120957721231797,-1.1220076679359827,3.5527849093945845,6.191842239009843,0.028963804848333552,0.48775048433681756,6.085122750589238
7,396,1.0,1462.2460883423882,0.00035991465584639393,7.288088863880439,-7.287728949224593,-7.287728949224593,0.0,-0.023567916398521405,-1.0960323817768844,3.5526392378324494,6.191696567447708,0.02897493642724341,0.48767580288921225,6.084430492323718
7,397,1.0,1497.1174909719743,-0.02908873349794236,7.282208132125173,-7.311296865623114,-7.311296865623115,8.881784197001252e-16,-0.016960793100065708,-1.1209775155531465,3.5512620204547085,6.190319350069967,0.028917540586389325,0.48768461125762896,6.0831951658172425
7,398,1.0,1522.7263503634304,-0.045868428251948895,7.282389230471232,-7.32825765872318,-7.328257658723181,8.881784197001252e-16,-0.0012404098822598186,-1.13879766309138,3.550402666016541,6.1894599956318,0.02893564968848166,0.4875838277358651,6.081502513239039
7,399,1.0,1524.6163271069847,-0.04767613335851695,7.281821935246926,-7.32949806860544,-7.329498068605443,3.552713678800501e-15,0.042980606266230126,-1.1391215208397127,3.551319218150468,6.190376547765726,0.028931385747093204,0.4874857102503411,6.081526677753495
7,400,1.0,1460.4756690195918,-0.0014490519678809766,7.285068410371329,-7.2865174623392095,-7.2865174623392095,0.0,0.0005478868068768961,-1.0971249273628163,3.5503352053611343,6.189392534976394,0.02899625140966352,0.48741429016566257,6.079934254678734
7,401,1.0,1459.6757128315026,-1.1897536013882881e-06,7.285968385778731,-7.285969575532333,-7.285969575532333,0.0,-0.006475317797505653,-1.0933719023489972,3.553540343568076,6.192597673183335,0.028966901704057732,0.4872972822938609,6.08195673598228
7,402,1.0,1469.158245024806,-0.006145693656249729,7.286299199673589,-7.292444893329838,-7.292444893329839,8.881784197001252e-16,-0.015603710398601756,-1.0994824770923972,3.5539050866221826,6.1929624162374415,0.02899412440582931,0.4872250251835081,6.081643656245649
7,403,1.0,1492.2623509263653,-0.025196475446103928,7.282852128282338,-7.30804860372844,-7.308048603728442,1.7763568394002505e-15,0.04411072494537294,-1.115023781529449,3.5539674925837326,6.193024822198991,0.028955277642907916,0.48709474805796077,6.080627617565554
7,404,1.0,1427.8682529195485,0.019206887917706972,7.283144766700774,-7.263937878783067,-7.263937878783067,0.0,0.019246352049292703,-1.073106136305818,3.5517744128619904,6.19083174247725,0.029066059083564764,0.48700176670433104,6.077805347514152
7,405,1.0,1400.6497663203381,0.03833319052724418,7.283024717261017,-7.244691526733774,-7.244691526733773,1.7763568394002505e-15,-0.044223266179445275,-1.0519941161544266,3.5536400809640893,6.192697410579348,0.029051122052891426,0.4869836948232889,6.07941448528056
7,406,1.0,1463.9811121676748,-0.006934417512817259,7.2819803754003996,-7.28891479291322,-7.288914792913217,2.6645352591003757e-15,0.02337473120394762,-1.096741339855836,3.5531161234421242,6.192173453057384,0.029007667108718736,0.48695353749255726,6.078638681493552
7,407,1.0,1430.1577926962468,0.014657076836305016,7.280197138545578,-7.265540061709272,-7.265540061709273,8.881784197001252e-16,0.01617033852778782,-1.0750250175393015,3.551457714554712,6.19051504416997,0.029084453801391397,0.48690687955399614,6.076605459938973
7,408,1.0,1407.2176319861107,0.02865697670011172,7.278026699881596,-7.249369723181484,-7.249369723181484,0.0,-0.030571947809152178,-1.0599211376694324,3.5503912558967934,6.189448585512051,0.029112540761927534,0.48688334638210734,6.075448276844751
7,409,1.0,1450.9033928886347,-0.008648647322938935,7.271293023667695,-7.279941670990636,-7.279941670990635,1.7763568394002505e-15,0.010868736595693207,-1.090795297383716,3.5500890439916613,6.18914637360692,0.029070341385884185,0.48692524932351383,6.075430832732366
7,410,1.0,1435.2192936530419,0.0033118213139521346,7.272384755708895,-7.269072934394943,-7.269072934394943,0.0,0.0005890813795907945,-1.0810147132763768,3.549000891503308,6.188058221118567,0.02914598300620649,0.4868093039969031,6.073334292825643
7,411,1.0,1434.3740816652844,-0.006306653988358557,7.262177199026993,-7.268483853015352,-7.268483853015352,0.0,-0.013233988363783311,-1.0793965633393048,3.550029960060789,6.189087289676047,0.029156058368352052,0.4868782726683864,6.075009487069193
7,412,1.0,1453.4827345286735,-0.0176567767998555,7.2640610645792805,-7.281717841379136,-7.281717841379136,0.0,-0.02404108200389654,-1.0939666228046179,3.548693888959259,6.187751218574518,0.029106359108972905,0.4867750875409696,6.072857067271002
7,413,1.0,1488.8494558616808,-0.03969625042700173,7.26606267295603,-7.305758923383032,-7.305758923383032,0.0,0.005196574933461484,-1.1193763829987813,3.547325210768993,6.186382540384252,0.029095748907081095,0.4867326477021113,6.071153575188843
7,414,1.0,1481.1326060595038,-0.03336653062161152,7.267195817827959,-7.300562348449571,-7.300562348449571,0.0,-0.005455177583869819,-1.1152290849826296,3.5462759338516823,6.185333263466942,0.02914101998326546,0.4866671330785085,6.069559025983623
7,415,1.0,1489.2345260649668,-0.04575367784126125,7.26026384819218,-7.306017526033441,-7.306017526033441,0.0,0.0248742443722918,-1.119337171709862,3.54762302470832,6.186680354323578,0.029142301625577113,0.48664341771657144,6.0707203485325305
7,416,1.0,1452.6478617637217,-0.02447752395487518,7.256665757706274,-7.281143281661149,-7.281143281661149,0.0,0.008571697085824503,-1.0930001753994707,3.5490857766464194,6.188143106261679,0.029204518795736625,0.4866389728152534,6.072171495948792
7,417,1.0,1440.2494180855858,-0.020550459822225975,7.252021124753098,-7.272571584575324,-7.272571584575323,8.881784197001252e-16,-0.04130752024497131,-1.0867516896310123,3.546762565329053,6.185819894944311,0.02926098250379877,0.4865728243730971,6.069395869897057
7,418,1.0,1500.988402098245,-0.06962124946603546,7.24425785535426,-7.313879104820296,-7.313879104820295,8.881784197001252e-16,-0.034029117543852294,-1.1260899534047153,3.5487318218003208,6.18778915141558,0.029206345393228972,0.48655268025596393,6.071004877758109
7,419,1.0,1552.9447129657474,-0.1019458503097887,7.245962372054359,-7.347908222364148,-7.347908222364148,0.0,0.014406007614796934,-1.1611269712292704,3.547723921519619,6.186781251134879,0.029239900107394225,0.486456894017024,6.0691622487709225
7,420,1.0,1530.7333522524902,-0.09159447188645309,7.241907742862897,-7.333502214749351,-7.33350221474935,8.881784197001252e-16,-0.07016918875500266,-1.147342637109063,3.5471022480250296,6.1861595776402885,0.029273594808693328,0.4863702475201388,6.067917875077707
7,421,1.0,1642.0018283548486,-0.17047292658874463,7.23319847691561,-7.403671403504354,-7.4036714035043545,8.881784197001252e-16,-0.008122971007698432,-1.21816694971909,3.5464471241700033,6.185504453785263,0.02923014913204039,0.4863727477024466,6.067117603002633
7,422,1.0,1655.3940804007602,-0.18485917613755948,7.226935198374493,-7.411794374512052,-7.411794374512052,0.0,-0.014530735370552605,-1.2241576741076938,3.548579370789099,6.187636700404359,0.029282420181672795,0.48633936094546476,6.068786308903802
7,423,1.0,1679.623785105894,-0.20145767155900715,7.224867438323597,-7.426325109882605,-7.426325109882604,8.881784197001252e-16,-0.03641929963253343,-1.2398283474666,3.5474394328007466,6.186496762416006,0.029239868636090724,0.4862375548385557,6.066703117725031
7,424,1.0,1741.9220509069287,-0.2432350890231765,7.219509320491962,-7.462744409515138,-7.462744409515139,8.881784197001252e-16,0.06764466831215277,-1.2753383071991475,3.548348772700732,6.187406102315991,0.029227081521755474,0.4862415826544186,6.067422678280214
7,425,1.0,1627.9872929243245,-0.17475025262353944,7.220349488579445,-7.395099741202985,-7.395099741202984,8.881784197001252e-16,-0.0013169870722693489,-1.204510344119719,3.5515320674680066,6.190589397083265,0.02931707898467085,0.4862106643453673,6.070291092000944
7,426,1.0,1630.1327435982278,-0.18093617040155124,7.215480557873704,-7.396416728275255,-7.3964167282752555,8.881784197001252e-16,-0.010188752568978998,-1.202599798253979,3.5547596004060176,6.193816930021276,0.029329165390156786,0.48619730745413975,6.073249705148641
7,427,1.0,1646.8266634698164,-0.19040617289467998,7.216199307949552,-7.406605480844234,-7.406605480844232,1.7763568394002505e-15,-0.03271508275552115,-1.2146030878331255,3.552945063395849,6.1920023930111086,0.029281603902485853,0.48609271431960854,6.070628603872953
7,428,1.0,1701.5937036045282,-0.22448086343083917,7.214839700168916,-7.439320563599755,-7.439320563599756,8.881784197001252e-16,0.02332749613615448,-1.2513366509137474,3.5489265830707484,6.187983912686008,0.02925336615784594,0.48600074403624366,6.065899125518518
7,429,1.0,1662.3591837911022,-0.20448463065412123,7.211508436809479,-7.4159930674636,-7.415993067463599,8.881784197001252e-16,-0.05731355299412222,-1.2269709093420966,3.549964828506244,6.189022158121504,0.029353840574080085,0.48592354111246294,6.066298402900723
7,430,1.0,1760.4181067239097,-0.2676521222765846,7.205654498181137,-7.4733066204577225,-7.473306620457722,8.881784197001252e-16,0.023028205693464088,-1.2850599534888212,3.549189337353641,6.188246666968901,0.029244433641397297,0.4858958249132983,6.065081448571936
7,431,1.0,1720.3420473316926,-0.23947249665345488,7.210805918110803,-7.4502784147642585,-7.450278414764258,8.881784197001252e-16,-0.01575597878250523,-1.2620230498820124,3.5491980352669863,6.188255364882245,0.029245325136566826,0.485803310528947,6.0644667348673735
7,432,1.0,1747.6623842635108,-0.2617972648781683,7.204237128668595,-7.466034393546764,-7.466034393546763,8.881784197001252e-16,0.019393853402077,-1.2790501318617602,3.547926932069744,6.186984261685004,0.0292647457454864,0.4857376685557901,6.062586838836627
7,433,1.0,1714.095028485865,-0.23550127180366415,7.2111392683410225,-7.446640540144687,-7.446640540144687,0.0,-0.005390931226650686,-1.262488237729192,3.5450949728002357,6.184152302415494,0.029214876422017495,0.4855878847633143,6.058777891845276
7,434,1.0,1723.3605493536206,-0.25021351321581453,7.201817958155525,-7.452031471371337,-7.452031471371339,1.7763568394002505e-15,0.06598443343913285,-1.266199421311983,3.546774720444097,6.185832050059356,0.029211706337535292,0.4855820572636745,6.060266861412436
7,435,1.0,1613.3161141405055,-0.18514211222769633,7.200904925704507,-7.3860470379322045,-7.386047037932204,8.881784197001252e-16,0.013108218443689701,-1.1986890862913064,3.548300622025639,6.187357951640897,0.029243004621005653,0.48555170337502424,6.0616644530275865
7,436,1.0,1592.306414794315,-0.16986869250114633,7.2030701269873685,-7.372938819488515,-7.372938819488515,0.0,0.03794256578068289,-1.188109798598333,3.545771691274922,6.18482902089018,0.029313842086506472,0.4854417433119826,6.058317963532489
7,437,1.0,1533.022036782002,-0.12235415706488259,7.21264209664295,-7.334996253707832,-7.334996253707833,8.881784197001252e-16,-0.04517700504707278,-1.1520979693670992,3.5438409547254746,6.182898284340733,0.029331781734947587,0.48531948641273975,6.055557950812842
7,438,1.0,1603.8676278692146,-0.16712128616726668,7.213051972587636,-7.380173258754905,-7.380173258754903,1.7763568394002505e-15,-0.05074885056425593,-1.1990176509171278,3.542098278222518,6.181155607837776,0.029231353936527007,0.4852173628854527,6.052952789445086
7,439,1.0,1687.3627891696692,-0.2193108646855548,7.211611244633606,-7.430922109319161,-7.430922109319161,0.0,0.0017404501001880845,-1.2525698204753766,3.539294959228525,6.178352288843783,0.029274742248477106,0.48511741061738595,6.049265774526986
7,440,1.0,1684.4285726036503,-0.22089611257270486,7.208285546646269,-7.4291816592189726,-7.429181659218973,8.881784197001252e-16,-0.02381104778018983,-1.2510726990947867,3.5390516305089266,6.178108960124185,0.029262954651570836,0.48502774782643343,6.048319452875968
7,441,1.0,1725.0179013385214,-0.2520710192640795,7.200921687735083,-7.452992706999162,-7.452992706999162,0.0,-0.028567071407366917,-1.2744271424862263,3.5395082348976765,6.178565564512935,0.029268066678989343,0.48498904858219266,6.048399136942382
7,442,1.0,1775.0072357969473,-0.2814995233088884,7.200060255097641,-7.481559778406529,-7.481559778406529,0.0,-0.026715053642831776,-1.3033398932295799,3.539162555561691,6.17821988517695,0.02926338452079272,0.48486922437959173,6.046973718815137
7,443,1.0,1823.0657337718696,-0.3159863029765094,7.192288529072853,-7.508274832049361,-7.508274832049362,8.881784197001252e-16,-0.021311818159007956,-1.3307756595536915,3.5384418428804105,6.177499172495669,0.02932268846501215,0.4848239059907668,6.045763478142571
7,444,1.0,1862.3355484261908,-0.34626403992660026,7.18332261028177,-7.529586650208369,-7.529586650208371,1.7763568394002505e-15,0.017765965742293055,-1.3485057916098022,3.5420235289833077,6.181080858598567,0.02925139310206787,0.48481381996927114,6.048891480334147
7,445,1.0,1829.541530133833,-0.322710224276434,7.189110460189639,-7.511820684466076,-7.511820684466072,3.552713678800501e-15,0.006264095852990259,-1.3321086562410203,3.540654698609798,6.179712028225056,0.029253609440156987,0.48470171891561425,6.046728369232829
7,446,1.0,1818.1169263859065,-0.32175013041741657,7.18380645819567,-7.505556588613086,-7.505556588613087,8.881784197001252e-16,0.001956648800244487,-1.3239299439940102,3.5425693150038167,6.181626644619074,0.029218716078444028,0.48465653375612894,6.048171490813604
7,447,1.0,1814.5629881215577,-0.31935233833932963,7.184247601473513,-7.503599939812841,-7.503599939812842,8.881784197001252e-16,0.012899923126676427,-1.3207134208882731,3.54382918930931,6.182886518924568,0.029175588886391407,0.4846151788221233,6.049005617866341
7,448,1.0,1791.305596863092,-0.3058519021660494,7.184848114520116,-7.490700016686165,-7.490700016686165,0.0,-0.047344589903994816,-1.308815377393827,3.5428273096770786,6.1818846392923374,0.029215670640893462,0.4845136952243475,6.047339370830992
7,449,1.0,1878.1539024374467,-0.36131363592307014,7.17673097066709,-7.53804460659016,-7.53804460659016,0.0,-0.0031308193691526043,-1.3552513342634287,3.5437359427114736,6.182793272326733,0.029206071701466652,0.4844615573324345,6.0475608515324835
7,450,1.0,1884.0432775275976,-0.3590466181621962,7.182128807797117,-7.541175425959312,-7.541175425959313,8.881784197001252e-16,0.011239178650454207,-1.3606317801690913,3.541486316174961,6.180543645790219,0.02922717756109794,0.48431030941081127,6.04405261789301
7,451,1.0,1862.9867293529082,-0.3491211644938326,7.180815082815027,-7.529936247308858,-7.52993624730886,1.7763568394002505e-15,-0.038604725069398604,-1.348988481709365,3.5418904359842345,6.180947765599493,0.029215914985407564,0.48425056024140933,6.044027959391078
7,452,1.0,1936.3130853057733,-0.39242251972916986,7.176118452649082,-7.568540972378257,-7.568540972378252,4.440892098500626e-15,0.050315828899517356,-1.3868128155572368,3.542670827205761,6.181728156821019,0.029221327388479105,0.48415592190757,6.043814406765811
7,453,1.0,1841.2963553446339,-0.34752807817502734,7.170697065303712,-7.518225143478739,-7.518225143478739,0.0,0.0010145683726960897,-1.3362520907662865,3.5429157230971944,6.181973052712452,0.02925266197850334,0.48415806315860027,6.0442061874578
7,454,1.0,1839.429181645596,-0.34890014942877606,7.168310425677267,-7.517210575106043,-7.517210575106043,0.0,0.008033278352289841,-1.3342874635009683,3.5438657819898163,6.182923111605077,0.029255630071868013,0.4841305484574084,6.045000136503582
7,455,1.0,1824.7117288649079,-0.33454820588592976,7.174629090867823,-7.509177296753753,-7.5091772967537525,8.881784197001252e-16,-0.03974319568322571,-1.3287797252443876,3.5413402418941073,6.180397571509365,0.029283171466797934,0.4839615802910632,6.041293544652878
7,456,1.0,1898.6919722898458,-0.381232274101099,7.16768821833588,-7.548920492436979,-7.548920492436979,0.0,0.019525090406286694,-1.3679516423657456,3.541911520455975,6.180968850071233,0.029304661713441496,0.4839608683592101,6.041561375120791
7,457,1.0,1861.9794142024282,-0.3585669290019099,7.170828473028784,-7.529395402030692,-7.529395402030694,1.7763568394002505e-15,-0.011969148401268725,-1.3493385058472165,3.5409995665682166,6.1800568961834745,0.029297134878669195,0.48384348228358803,6.039780970892407
7,458,1.0,1884.3996299153234,-0.38195652651869355,7.159408023913268,-7.541364550431961,-7.541364550431961,0.0,0.019115953186640056,-1.3607354357521082,3.5415717850645936,6.180629114679852,0.02936733494662761,0.4838851831533266,6.04040684976562
7,459,1.0,1848.719649727679,-0.35641988003702796,7.165828717208295,-7.522248597245321,-7.522248597245323,1.7763568394002505e-15,0.01154591128072191,-1.3441325096977035,3.539058757932359,6.178116087547616,0.029395538290010896,0.48374773197555787,6.037061533215536
7,460,1.0,1827.497248409637,-0.3402027797728039,7.170499906191795,-7.510702685964599,-7.510702685964599,0.0,0.019086327021859084,-1.333173178408359,3.5384721779409816,6.1775295075562395,0.029399847061028953,0.48361044803211056,6.03541649168906
7,461,1.0,1792.9477981702528,-0.3192920228463921,7.17232433609635,-7.49161635894274,-7.491616358942742,1.7763568394002505e-15,0.00978083773683558,-1.3133841000810094,3.539174929246472,6.178232258861731,0.02935567905298122,0.48351921256423325,6.03541461489372
7,462,1.0,1775.4967487477904,-0.3135806454688386,7.168254875737064,-7.4818355212059044,-7.481835521205903,1.7763568394002505e-15,-0.013612648774073755,-1.304510974816781,3.5382672167738645,6.177324546389124,0.029402259212151692,0.4834299027001668,6.033790088431608
7,463,1.0,1799.831214886243,-0.3285216855337718,7.166926484446206,-7.495448169979978,-7.495448169979978,0.0,0.0213496323991329,-1.3161366955069025,3.5402541448578164,6.179311474473075,0.02936181353614783,0.483367972976016,6.034998300028421
7,464,1.0,1761.8127641201304,-0.3037621059321857,7.170336431648659,-7.474098537580845,-7.474098537580844,8.881784197001252e-16,0.04823161589551184,-1.293622453121159,3.5414187548444276,6.180476084459687,0.02939970386580393,0.48322502951650875,6.035016525296823
7,465,1.0,1678.854377591884,-0.243918048875293,7.181948872810043,-7.4258669216853335,-7.425866921685336,2.6645352591003757e-15,0.02902433257129111,-1.2510688333924072,3.535740758677668,6.174798088292927,0.02948523158605902,0.4830346267746712,6.028193591825117
7,466,1.0,1630.8271011350985,-0.20792133479349922,7.188921254320544,-7.396842589114042,-7.396842589114043,8.881784197001252e-16,0.013990255973111765,-1.2238903492483195,3.533894910250464,6.172952239865722,0.029541181569213724,0.48287210203170855,6.0252437104179375
7,467,1.0,1608.1702695246454,-0.1959984699004313,7.1868538632405,-7.382852333140931,-7.382852333140931,0.0,-0.05575295428291316,-1.2105003137900319,3.53329468973564,6.172352019350898,0.029551602864633188,0.4828036027312154,6.024195639780259
7,468,1.0,1700.3770293481862,-0.2605186426725633,7.178086644751279,-7.438605287423844,-7.438605287423843,8.881784197001252e-16,0.022888218077735445,-1.2658589164205567,3.533689041388027,6.172746371003286,0.029525031122417937,0.48273813428453705,6.023909765693001
7,469,1.0,1661.9004390950288,-0.2373171203322168,7.178399949013892,-7.415717069346108,-7.415717069346109,8.881784197001252e-16,-0.007680813319571378,-1.244229782028306,3.532429957702544,6.171487287317802,0.029581487050038418,0.4826569945267651,6.022140325609007
7,470,1.0,1674.7143336934519,-0.24544198602730122,7.1779558966383785,-7.42339788266568,-7.42339788266568,0.0,0.026157206500304397,-1.2517685585686187,3.5325719944818017,6.1716293240970606,0.029545248774057297,0.48253018013543664,6.021236830566222
7,471,1.0,1631.4764415254483,-0.21554172718229295,7.181698948983083,-7.397240676165375,-7.397240676165376,8.881784197001252e-16,0.02284659288005919,-1.2269009171826875,3.531282429367429,6.170339758982687,0.029578757188555398,0.4824186885314022,6.019016392018047
7,472,1.0,1594.625327578843,-0.1887272096680071,7.185666873617308,-7.374394083285316,-7.374394083285315,8.881784197001252e-16,0.02587991613621554,-1.204149516764863,3.531187236905193,6.170244566520451,0.029598341770015323,0.4822962014107183,6.018029558743253
7,473,1.0,1553.885996870124,-0.15819405754018373,7.1903201096089155,-7.3485141671491006,-7.3485141671491,8.881784197001252e-16,0.001928588916542573,-1.1772206625346673,3.532236174999174,6.171293504614433,0.029609329051227366,0.4821528405685751,6.018015832768441
7,474,1.0,1550.8920775068195,-0.15594556768108198,7.190640010551476,-7.346585578232558,-7.346585578232558,0.0,-0.03637771024077896,-1.174557778516132,3.532970470101167,6.1720277997164255,0.029597410062482454,0.48200552213219583,6.0175679882450765
7,475,1.0,1608.3487144909946,-0.20048273422114493,7.182480554252191,-7.382963288473337,-7.382963288473336,8.881784197001252e-16,-0.012773904557713323,-1.2125924783769702,3.531313480481109,6.17037081009637,0.029619878924283746,0.48194499201240876,6.015436845123548
7,476,1.0,1629.025387232672,-0.21102790400658955,7.184709289024461,-7.39573719303105,-7.39573719303105,0.0,-0.024410019500576752,-1.2268957959155067,3.5297840675002843,6.168841397115543,0.029649093504746378,0.48179113319465144,6.012763127604517
7,477,1.0,1669.2792284789402,-0.23743982707204486,7.182707385459585,-7.420147212531627,-7.42014721253163,2.6645352591003757e-15,0.02296353630221848,-1.253181053513967,3.5279088294024006,6.16696615901766,0.029670955170496296,0.48164525385840656,6.009674096623875
7,478,1.0,1631.3834501230278,-0.21912763682385172,7.178056039405555,-7.3971836762294085,-7.397183676229407,1.7763568394002505e-15,0.023189285191770992,-1.2307790375203151,3.5273473090938343,6.1664046387090945,0.029709220031142364,0.48163081996902707,6.009032734880364
7,479,1.0,1593.988095554292,-0.1885785275186245,7.185415863519012,-7.3739943910376375,-7.373994391037637,8.881784197001252e-16,-0.02008421484303824,-1.209917887112946,3.5250191743094326,6.164076503924691,0.02980300459263848,0.4814467253912368,6.005371107167328
7,480,1.0,1626.3257460717166,-0.21282072775938987,7.1812578781212855,-7.394078605880676,-7.394078605880676,0.0,-0.014708170124033693,-1.23004242305375,3.524978853211667,6.164036182826926,0.029784904081567816,0.4813635114679987,6.0046950028315615
7,481,1.0,1650.4227991918267,-0.2314941715823648,7.177292604422344,-7.4087867760047095,-7.408786776004709,8.881784197001252e-16,-0.07264446057227136,-1.2446956909590736,3.5250337554303774,6.1640910850456345,0.02976752096428685,0.4812499428588526,6.0038024111036075
7,482,1.0,1774.7790877829912,-0.3181020226092275,7.163329213967753,-7.481431236576981,-7.481431236576981,0.0,0.04475356863781954,-1.3169695421258785,3.5254043648358437,6.164461694451101,0.029752223752796368,0.48133629858937876,6.004445439392621
7,483,1.0,1697.1025064860776,-0.2841640891594626,7.152513578779698,-7.436677667939161,-7.43667766793916,8.881784197001252e-16,0.04539953645409511,-1.2693119458297186,3.5283083924941834,6.167365722109443,0.029813788604691537,0.48140035680300736,6.007873296797454
7,484,1.0,1621.7776338692477,-0.23825710166634673,7.153021029818717,-7.391278131485066,-7.3912781314850635,2.6645352591003757e-15,0.0021185805501433563,-1.2247686814614014,3.527452120408406,6.166509450023665,0.02996211911789667,0.481289719121027,6.006188124787348
7,485,1.0,1618.345404328612,-0.2281356731740639,7.161023877760858,-7.389159550934923,-7.389159550934922,8.881784197001252e-16,-0.015563285991653686,-1.2257169927073839,3.5243852286122785,6.163442558227537,0.029995605887601334,0.48113219959343106,6.001914436404646
7,486,1.0,1643.7291919012805,-0.24609650836693087,7.158626328559645,-7.4047228369265765,-7.404722836926576,8.881784197001252e-16,-0.07275534149295293,-1.2395582687808566,3.526107238530462,6.1651645681457214,0.03001655640831696,0.48098579926243745,6.002272461721061
7,487,1.0,1767.7771315206182,-0.3256628587249251,7.151815319694603,-7.477478178419529,-7.4774781784195286,8.881784197001252e-16,0.017832645970871752,-1.3132503643246838,3.5251704844795873,6.164227814094846,0.030017423532139934,0.48099217544495554,6.000917980412531
7,488,1.0,1736.532403851686,-0.30873438152155697,7.150911150927102,-7.459645532448658,-7.459645532448659,8.881784197001252e-16,0.03975338285844554,-1.2959239253346004,3.524664277498798,6.163721607114057,0.03004580639386558,0.48094448799713835,6.000004339463099
7,489,1.0,1668.8535115035015,-0.25856615585999343,7.16132599373022,-7.419892149590212,-7.419892149590213,8.881784197001252e-16,-0.009608834691493762,-1.2592784630298948,3.521556356945059,6.1606136865603185,0.030026781530276197,0.48076660810015154,5.995942669162377
7,490,1.0,1684.9665387517323,-0.2666977133356258,7.16280327094608,-7.429500984281706,-7.429500984281706,0.0,-0.013980160303623812,-1.2685334520371012,3.521910202629346,6.160967532244606,0.030006366480577664,0.48069248552566346,5.995709588739622
7,491,1.0,1708.6880701222606,-0.2809407539652346,7.162540390620095,-7.44348114458533,-7.44348114458533,0.0,0.020636801251622927,-1.2827047756779089,3.521719039292162,6.1607763689074195,0.030023391696188617,0.48054026512986564,5.994155038418496
7,492,1.0,1673.7875699636854,-0.25474242401417624,7.168101919319529,-7.422844343333707,-7.422844343333705,1.7763568394002505e-15,0.030474604631785418,-1.2647417421534064,3.519045271565041,6.158102601180301,0.03009610926136463,0.4803895565804124,5.990543935573261
7,493,1.0,1623.548944650437,-0.21757764389424245,7.174792094807678,-7.392369738701921,-7.3923697387019205,8.881784197001252e-16,-0.005438821272438332,-1.2365729740337537,3.516739435052909,6.1557967646681675,0.030147377674310815,0.4802161258451514,5.987164340820816
7,494,1.0,1632.4031937002023,-0.22654410110797102,7.171264458866391,-7.39780855997436,-7.397808559974362,2.6645352591003757e-15,0.04240656882246263,-1.2430089727273739,3.5157422576317274,6.154799587246985,0.030146380550884498,0.48017710957819004,5.985896512480358
7,495,1.0,1564.6258347334644,-0.1772385446591297,7.1781634464927695,-7.355401991151897,-7.355401991151899,1.7763568394002505e-15,-0.023161119200222124,-1.2005426031102864,3.5158020584263516,6.1548593880416105,0.030198206155094467,0.48000389590038045,5.9847668960717915
7,496,1.0,1601.2872409303634,-0.20555582215357468,7.173007288198543,-7.378563110352119,-7.378563110352118,8.881784197001252e-16,-0.036560407647223236,-1.224395110878309,3.5151106698585504,6.154167999473809,0.030170864366130583,0.47992730141681644,5.983372050766016
7,497,1.0,1660.9143085397238,-0.2392780509590903,7.1758454670402525,-7.415123517999342,-7.415123517999342,0.0,-0.04440702810653718,-1.2610939105021408,3.514972277881942,6.154029607497201,0.030193965276879637,0.4797347134007975,5.981568389395336
7,498,1.0,1736.3327378211043,-0.2896743724735812,7.169856173632298,-7.45953054610588,-7.45953054610588,0.0,-0.014171803877673916,-1.3046032123835012,3.515870004107119,6.154927333722378,0.030209846299954383,0.4796850929512542,5.981791199163586
7,499,1.0,1761.1148940071057,-0.3061487385443896,7.167553611439166,-7.4737023499835535,-7.473702349983555,1.7763568394002505e-15,0.03813732210250542,-1.3170540029202955,3.5175910174479994,6.156648347063259,0.030216850593645025,0.4796154452246735,5.982823602961111
7,500,1.0,1695.2152923443562,-0.26511983484731866,7.170445193033732,-7.435565027881048,-7.435565027881051,2.6645352591003757e-15,,-1.2786458723034388,3.5178618259623518,6.15691915557761,0.030296282289426792,0.47945676516967434,5.981910234026803
