seed,epoch,temperature,Z,E,S,F,F_check,err,delta_F,F_data,KL,NLL,data_mass,recon_sq,recon_ce
22,1,1.0,2550.9553112577614,-0.2288764248889726,7.615346774972292,-7.844223199861265,-7.844223199861265,0.0,0.015958722808978365,-1.6011083914882163,3.604057478757788,6.243114808373046,0.027416044609429143,0.49978456731523063,6.241173096799835
22,2,1.0,2510.568441123282,-0.2137092362702015,7.614555240782084,-7.8282644770522865,-7.828264477052286,8.881784197001252e-16,0.01764155876859963,-1.5846956423828267,3.604511505054201,6.24356883466946,0.02738599042188808,0.4997740305046092,6.241531163887172
22,3,1.0,2466.666488473526,-0.1955907649057143,7.615032153377971,-7.810622918283687,-7.810622918283685,1.7763568394002505e-15,0.0451317685142012,-1.5677582002847106,3.6038073883837165,6.242864717998976,0.02738276669113838,0.4997665217198015,6.240761402868247
22,4,1.0,2357.8162450892014,-0.15116719180711105,7.614323957962375,-7.765491149769486,-7.765491149769486,0.0,0.06784642202043845,-1.5228057373352104,3.603628082819017,6.242685412434277,0.0273933059167486,0.49971140813342846,6.240085197616751
22,5,1.0,2203.152851528019,-0.08155183455036107,7.616092893198685,-7.697644727749047,-7.697644727749046,8.881784197001252e-16,-0.0010107264907919244,-1.4576421730386802,3.6009452250951086,6.240002554710368,0.027379047332528123,0.49971340610587883,6.23742320168372
22,6,1.0,2205.3807621928236,-0.0815957109221305,7.61705974331771,-7.698655454239839,-7.69865545423984,8.881784197001252e-16,-0.012434207235944683,-1.4594619480169337,3.600136176607646,6.239193506222904,0.02735867222867486,0.4997553403934475,6.2369926770898525
22,7,1.0,2232.9741188663393,-0.09412864604625912,7.616961015429524,-7.711089661475784,-7.711089661475783,8.881784197001252e-16,0.021679654433630624,-1.471530072334561,3.6005022595259644,6.239559589141223,0.027353310515986495,0.4997802009688936,6.237582277090143
22,8,1.0,2185.0849970878926,-0.07325723372593371,7.61615277331622,-7.689410007042153,-7.689410007042154,8.881784197001252e-16,-0.025832621640923925,-1.4496798971350169,3.600672780291877,6.2397301099071365,0.027363262257055904,0.4997474143244127,6.237458066998528
22,9,1.0,2242.2668700460745,-0.09876156197051,7.61648106671257,-7.715242628683077,-7.71524262868308,2.6645352591003757e-15,0.04665297249155831,-1.4754393249345743,3.6007459741332455,6.239803303748503,0.027367561091137204,0.4997829614074749,6.237850458990532
22,10,1.0,2140.0610939678863,-0.05385538849603108,7.6147342676954874,-7.668589656191519,-7.668589656191519,0.0,0.009473086096433825,-1.427884527954269,3.601647798621991,6.24070512823725,0.027343958519846816,0.4997732305479992,6.2386647104122614
22,11,1.0,2119.8838323324194,-0.044860116130437874,7.614256453964647,-7.659116570095085,-7.659116570095085,0.0,0.031382643468840676,-1.4183384433013664,3.6017207971784586,6.240778126793719,0.027323595080132955,0.4997701227674302,6.23870964308749
22,12,1.0,2054.389344123145,-0.01332451114370345,7.614409415482542,-7.627733926626244,-7.627733926626245,8.881784197001252e-16,0.0020931769549372703,-1.3880589852765788,3.6006176117344064,6.239674941349667,0.02736298891126428,0.49973172872445554,6.237261918389848
22,13,1.0,2050.09364109328,-0.011753672738231594,7.613887076933076,-7.625640749671307,-7.625640749671308,8.881784197001252e-16,-0.027425559826443013,-1.3854789115921113,3.6011045084639366,6.240161838079196,0.02734568688918275,0.49975113780284297,6.23792298092268
22,14,1.0,2107.096704445474,-0.0400963496376552,7.612969959860095,-7.65306630949775,-7.65306630949775,0.0,0.009420584787488195,-1.4115070211895817,3.602501958692908,6.241559288308167,0.027371335588110106,0.4997726932253453,6.239513287581149
22,15,1.0,2087.3398280644487,-0.030302217309284354,7.613343507400977,-7.643645724710262,-7.643645724710261,8.881784197001252e-16,0.045058607744629775,-1.4028475333147505,3.6017408617802524,6.240798191395512,0.027346982593021964,0.49976385748640917,6.238673196522906
22,16,1.0,1995.3746715233683,0.014147882671978924,7.61273499963761,-7.598587116965632,-7.598587116965631,8.881784197001252e-16,-0.015768367312813503,-1.3584395975460437,3.6010901898043293,6.240147519419589,0.027332715872583464,0.499719177325631,6.237621625688827
22,17,1.0,2027.0878476777543,-0.0034917473814543853,7.61086373689699,-7.6143554842784456,-7.614355484278444,1.7763568394002505e-15,-0.02919503642192467,-1.3722692048139866,3.603028949849199,6.242086279464458,0.027272717712294847,0.49971446243647843,6.239515760780511
22,18,1.0,2087.1411144021286,-0.03278321073606908,7.6107673099643005,-7.64355052070037,-7.643550520700369,8.881784197001252e-16,-0.006113703591561048,-1.4009406539746478,3.6035525371104633,6.242609866725723,0.027264736948077264,0.49971878565332906,6.240077786075987
22,19,1.0,2099.9403620657213,-0.03978738632546898,7.6098768379664605,-7.649664224291931,-7.6496642242919295,1.7763568394002505e-15,-0.04976420027322881,-1.4062939751249957,3.6043129195516763,6.243370249166936,0.027253853566262365,0.49971942437952144,6.240843433840346
22,20,1.0,2207.086115086712,-0.08959486360195199,7.609833560963209,-7.69942842456516,-7.699428424565161,8.881784197001252e-16,0.019921537411683232,-1.4549150389338557,3.605456056016045,6.244513385631305,0.02726890693480354,0.49976725449704745,6.2424163971212865
22,21,1.0,2163.552633161665,-0.07228951100529499,7.607217376148181,-7.679506887153477,-7.679506887153476,8.881784197001252e-16,-0.017350872282225538,-1.432866828831869,3.60758272870635,6.246640058321609,0.027194196979511302,0.4997458318610106,6.24434852665332
22,22,1.0,2201.419722092832,-0.08727019167668995,7.609587567759013,-7.696857759435702,-7.696857759435702,0.0,-0.045872177398721625,-1.4524952959889672,3.6053051338314774,6.244362463446735,0.027261763345196425,0.49975726772557716,6.242175779461418
22,23,1.0,2304.7556400890476,-0.13351555171175164,7.609214385122671,-7.742729936834424,-7.742729936834423,8.881784197001252e-16,-0.009489220797795461,-1.4974763372258357,3.606196269993329,6.245253599608588,0.027253965590303353,0.49975274193136465,6.243024963700465
22,24,1.0,2326.7300704627223,-0.1464192513040672,7.605799906328153,-7.7522191576322195,-7.75221915763222,8.881784197001252e-16,-0.038835105223816946,-1.5034695663357829,3.6096922616811766,6.248749591296435,0.027217518216312176,0.49975583245972616,6.246546334478069
22,25,1.0,2418.8663593748015,-0.18251789294988705,7.608536369906149,-7.791054262856036,-7.791054262856036,0.0,-0.012648952187320539,-1.5445365576225873,3.6074603756181896,6.246517705233449,0.02728305931370304,0.49978866890587337,6.244611807283469
22,26,1.0,2449.656807225473,-0.19326187623779503,7.610441338805561,-7.803703215043357,-7.803703215043356,8.881784197001252e-16,-0.05197850980114893,-1.559334281712852,3.6053116037152466,6.244368933330506,0.02731740535454739,0.49975922564231173,6.242198783818799
22,27,1.0,2580.3536053061207,-0.2450641614443576,7.610617563400147,-7.855681724844506,-7.855681724844505,8.881784197001252e-16,0.06227066856830277,-1.611012193359777,3.6056122018694703,6.24466953148473,0.027373421099699882,0.49977387545024243,6.24262950518242
22,28,1.0,2424.5738507420474,-0.1817152052103795,7.611695851065824,-7.793411056276203,-7.793411056276204,8.881784197001252e-16,-0.05511143808502528,-1.5509843790161726,3.6033693476447715,6.242426677260029,0.02734895399765675,0.49972551932663556,6.239953356694356
22,29,1.0,2561.946229063731,-0.2377266104203775,7.610795883940851,-7.848522494361228,-7.848522494361228,0.0,-0.04993402082865206,-1.6046671341018013,3.6047980306441683,6.243855360259427,0.027370165129201717,0.49972493883755015,6.241374680760399
22,30,1.0,2693.1223252428426,-0.29026726260683905,7.608189252583042,-7.8984565151898805,-7.898456515189881,8.881784197001252e-16,0.03989011370176865,-1.651807072330368,3.6075921132442543,6.246649442859513,0.02741075945408487,0.49971644011067917,6.2440858825853045
22,31,1.0,2587.8078374391453,-0.2535664611810464,7.6049999403070645,-7.858566401488112,-7.858566401488111,8.881784197001252e-16,0.022355405600843703,-1.6097280263784237,3.6097810454944295,6.248838375109689,0.02740215730771165,0.4996409342922475,6.245586757262603
22,32,1.0,2530.5981985477447,-0.22907589082438665,7.607135105062881,-7.836210995887268,-7.836210995887267,8.881784197001252e-16,-0.00390781104568827,-1.589779662364884,3.607374003907124,6.246431333522383,0.027440241911999015,0.499647477603119,6.243246824181827
22,33,1.0,2540.5066457005323,-0.23596898530472651,7.604149821628226,-7.840118806932956,-7.840118806932953,3.552713678800501e-15,0.004699534864151644,-1.5909095587553963,3.6101519185622997,6.249209248177558,0.027430391285204362,0.49961792972098934,6.2457530309826
22,34,1.0,2528.595456592864,-0.23413560215474039,7.601283669914066,-7.835419272068805,-7.8354192720688065,1.7763568394002505e-15,-0.059673345898254126,-1.5836547399037268,3.6127072025498195,6.251764532165077,0.02744483950138034,0.4995929419872326,6.248074913131349
22,35,1.0,2684.0781588837876,-0.2906190080722995,7.604473609894759,-7.895092617967059,-7.895092617967059,0.0,0.00010998086809621554,-1.646052380945844,3.6099829074059557,6.249040237021213,0.027510246619642787,0.4996352276734731,6.245740328463296
22,36,1.0,2683.782977870266,-0.2883809431374879,7.606601693961475,-7.894982637098963,-7.8949826370989635,8.881784197001252e-16,0.03644810091331596,-1.6478142831576037,3.6081110243261003,6.24716835394136,0.027490018233379074,0.499684705842528,6.2443209114481295
22,37,1.0,2587.725377473498,-0.24938093280757773,7.609153603378068,-7.858534536185647,-7.858534536185645,1.7763568394002505e-15,0.053590557460968746,-1.6142763691137725,3.6052008374566156,6.244258167071874,0.027465881547535258,0.49968462133943015,6.241415432120308
22,38,1.0,2452.698138820295,-0.19386876494801036,7.611075213776669,-7.804943978724678,-7.804943978724679,8.881784197001252e-16,-0.01604916367065279,-1.5633195342782684,3.6025671148311518,6.241624444446409,0.027435703224215357,0.49969014035795284,6.23883400233747
22,39,1.0,2492.3794670086254,-0.20980235585045653,7.611190786544874,-7.820993142395331,-7.820993142395331,0.0,-0.025687723550032793,-1.579609934550255,3.602325878229817,6.241383207845076,0.027453940236879793,0.49965691407839574,6.238295208510896
22,40,1.0,2557.2324179648813,-0.2381146294301744,7.608566236515189,-7.8466808659453635,-7.8466808659453635,0.0,-0.028863254170723884,-1.6025968883072703,3.6050266480228355,6.244083977638094,0.02749182946408067,0.49962683065959085,6.240724761149073
22,41,1.0,2632.1179890743233,-0.2669855342622523,7.608558585853835,-7.875544120116087,-7.875544120116087,0.0,0.020456156360005195,-1.631627912832379,3.6048588776684505,6.243916207283709,0.027502588400571844,0.4996134298331444,6.240433386855036
22,42,1.0,2578.821946505615,-0.245424775172144,7.60966318858394,-7.855087963756082,-7.855087963756084,1.7763568394002505e-15,0.06009577031432389,-1.61251743538693,3.6035131987538933,6.242570528369152,0.027512951315241282,0.49963002829821207,6.239239635927972
22,43,1.0,2428.410466876975,-0.1835511119120833,7.611441081529672,-7.794992193441758,-7.794992193441756,2.6645352591003757e-15,-0.023869480922287245,-1.5550310013829924,3.600903862443506,6.2399611920587645,0.027447083451615728,0.4996501862739492,6.23681247990461
22,44,1.0,2487.072697466802,-0.21007334447687834,7.608788329887167,-7.8188616743640456,-7.8188616743640456,0.0,0.004655925188754573,-1.5762297397645946,3.603574604984192,6.242631934599451,0.027444405481799966,0.49963924740310334,6.239383453315677
22,45,1.0,2475.519988193071,-0.20466668241542546,7.609539066759866,-7.814205749175291,-7.814205749175291,0.0,-0.04680353701002282,-1.5725492636319456,3.602599155928087,6.241656485543346,0.027460733187798063,0.4996556342101904,6.238554758509488
22,46,1.0,2594.1372815078767,-0.2529528759071003,7.6080564102782136,-7.861009286185314,-7.861009286185314,0.0,-0.014287842260894301,-1.6175352878647975,3.6044166687052575,6.243473998320517,0.02746064086940037,0.49965505231886553,6.240364558011792
22,47,1.0,2631.4679581363,-0.267899598043418,7.607397530402789,-7.875297128446208,-7.875297128446207,8.881784197001252e-16,0.05161759969203672,-1.6310083861627973,3.605231412668151,6.244288742283411,0.02749071880122148,0.49967005870567466,6.241313823025032
22,48,1.0,2499.0839626106044,-0.21454284058457343,7.609136688169597,-7.823679528754171,-7.8236795287541705,8.881784197001252e-16,0.007040357529025876,-1.5819067957928172,3.602715403346095,6.241772732961356,0.02744442206978107,0.49968023466003375,6.238890057346727
22,49,1.0,2481.551308514899,-0.20772250741062512,7.6089166638145205,-7.8166391712251455,-7.8166391712251455,0.0,-0.021376477838694896,-1.575095906253468,3.60248593535642,6.2415432649716776,0.027404406684478765,0.4996543741883539,6.238427926100902
22,50,1.0,2535.169173897423,-0.23000428268341883,7.608011366380422,-7.83801564906384,-7.838015649063841,8.881784197001252e-16,-0.04406282112496118,-1.5954586648438323,3.6034996546047493,6.242556984220008,0.02741270919009533,0.4996584579687184,6.239477215660277
22,51,1.0,2649.3734847749165,-0.27559013180902714,7.6064883383797754,-7.882078470188802,-7.8820784701888025,8.881784197001252e-16,-0.008106249416860223,-1.6376694678439716,3.605351672729572,6.244409002344832,0.027477817995269806,0.49967571621102747,6.241481701537125
22,52,1.0,2670.937249587134,-0.28396821882891654,7.606216500776748,-7.890184719605662,-7.8901847196056645,2.6645352591003757e-15,0.041820941857117155,-1.6456928090000698,3.605434580990333,6.244491910605591,0.02751464355418971,0.49966185874978314,6.241439456735809
22,53,1.0,2561.539637903616,-0.2397229001989236,7.608640877549623,-7.848363777748545,-7.848363777748546,1.7763568394002505e-15,0.03958236363331924,-1.6072912749491703,3.602015173184116,6.241072502799375,0.027486730994802203,0.49962507540527573,6.237691059195827
22,54,1.0,2462.128291689418,-0.20105183726271272,7.6077295768525115,-7.808781414115225,-7.8087814141152245,8.881784197001252e-16,-0.03933471306981584,-1.567575457961219,3.6021486265387472,6.2412059561540065,0.02749729410397552,0.49962112195072106,6.237790251419912
22,55,1.0,2560.905349713009,-0.24099520291256832,7.607120924272473,-7.848116127185041,-7.848116127185041,0.0,0.003333596819399709,-1.606228226789743,3.60283057078004,6.241887900395299,0.027492021959758813,0.49959951699197025,6.238272748168861
22,56,1.0,2552.3825374870235,-0.2416555047083062,7.603127025657335,-7.8447825303656415,-7.844782530365641,8.881784197001252e-16,-0.01773113805182991,-1.5995024068003068,3.6062227939500766,6.245280123565335,0.02749147857017827,0.49957192063710526,6.241410211006149
22,57,1.0,2598.0427924960554,-0.25773760688949854,7.604776061527971,-7.8625136684174715,-7.86251366841747,1.7763568394002505e-15,0.02479661062011207,-1.618563284526443,3.6048930542757693,6.243950383891027,0.02750046237111802,0.49959636660964013,6.240304352936826
22,58,1.0,2534.412307525512,-0.23468329669384536,7.6030337611035135,-7.837717057797359,-7.8377170577973585,8.881784197001252e-16,0.025493010328367482,-1.5925212751824702,3.60613845299963,6.245195782614888,0.027472689830605614,0.4996052401309604,6.241631440915637
22,59,1.0,2470.6191036579867,-0.20828431850754534,7.6039397289614445,-7.812224047468992,-7.81222404746899,1.7763568394002505e-15,-0.024602260947680143,-1.5687617392957596,3.604404978557973,6.243462308173233,0.027462878511912644,0.499577372077757,6.239649371390699
22,60,1.0,2532.1557864787405,-0.23636517308137925,7.600461135335291,-7.836826308416672,-7.83682630841667,1.7763568394002505e-15,-0.04157225533073827,-1.5898036131953437,3.6079653656060695,6.24702269522133,0.027542542293878886,0.49956776892056975,6.24312182664445
22,61,1.0,2639.641954764423,-0.27916810151626925,7.599230462231143,-7.87839856374741,-7.878398563747412,1.7763568394002505e-15,-0.0022872211987747804,-1.630442037104115,3.6088991970280366,6.247956526643294,0.02759482385123413,0.49951294335676566,6.243552254160724
22,62,1.0,2645.6863095537124,-0.2813094003302336,7.599376384615952,-7.880685784946185,-7.880685784946185,0.0,-0.014406969220310373,-1.6329143618633322,3.608714093467594,6.247771423082853,0.027582063950523428,0.49953036936551026,6.243529737486633
22,63,1.0,2684.0785244537456,-0.29663563679812943,7.598457117368365,-7.8950927541664955,-7.895092754166494,1.7763568394002505e-15,0.016044401073508574,-1.6461325608067512,3.6099028637444843,6.248960193359743,0.027536515278483813,0.49954766457315347,6.244876817043815
22,64,1.0,2641.3577233664732,-0.2810245534950364,7.598023799597951,-7.879048353092987,-7.879048353092987,0.0,0.024749966551780744,-1.6302165915944908,3.609774431883237,6.248831761498495,0.027450633265471522,0.49952878046717014,6.244578659273576
22,65,1.0,2576.786571104195,-0.25791057034244236,7.596387816198764,-7.854298386541206,-7.854298386541206,0.0,0.04037081689656841,-1.6046793464655853,3.610561710460362,6.249619040075621,0.027445632768625213,0.4994528353010386,6.244680344864652
22,66,1.0,2474.8314449783866,-0.21601310284335792,7.59791446680128,-7.813927569644638,-7.813927569644638,0.0,-0.000566702119724205,-1.5670438372549251,3.6078264027744544,6.246883732389713,0.027423579257612577,0.49939859493420585,6.2414595014248855
22,67,1.0,2476.234334676955,-0.21831083173832322,7.596183440026039,-7.814494271764362,-7.814494271764362,0.0,-0.028566806782932552,-1.5662545582342058,3.6091823839148973,6.248239713530156,0.027435884563468634,0.49938425814102666,6.242682556906785
22,68,1.0,2547.99251361815,-0.2492907416523376,7.593770336894956,-7.8430610785472945,-7.843061078547294,8.881784197001252e-16,0.027664757701284515,-1.5930446681221095,3.610959080809927,6.250016410425187,0.027524140527475306,0.4993027226551179,6.243705739504749
22,69,1.0,2478.469027334194,-0.2230241729180207,7.592372147927989,-7.81539632084601,-7.81539632084601,0.0,0.029697400279347086,-1.5648865426682772,3.6114524485624733,6.250509778177732,0.027553516008559667,0.499240650527995,6.243631034502876
22,70,1.0,2405.9471264020617,-0.1920423021403325,7.593656618426332,-7.785698920566663,-7.785698920566664,8.881784197001252e-16,0.009280869229675304,-1.5369462564443936,3.6096953345070104,6.248752664122269,0.027525106134556512,0.49925956933605636,6.242058300674132
22,71,1.0,2383.7211435039594,-0.18203207089196208,7.5943859804450256,-7.776418051336988,-7.776418051336988,0.0,-0.0014591548722631131,-1.5292471499390496,3.6081135717826784,6.247170901397937,0.027559906019208942,0.49922312403045316,6.240144545554929
22,72,1.0,2387.201900688941,-0.18496959821935627,7.592907607989896,-7.777877206209251,-7.7778772062092525,1.7763568394002505e-15,0.0022388794167662596,-1.5301240152491578,3.6086958613448346,6.2477531909600925,0.027608593484420112,0.4991582711909743,6.240128829169559
22,73,1.0,2381.8632220487298,-0.18326470865337,7.592373618139114,-7.7756383267924845,-7.7756383267924845,0.0,0.01974975459997541,-1.5273838575936163,3.6091971395836078,6.2482544691988675,0.027579733737632693,0.49918031267716445,6.240836535287189
22,74,1.0,2335.283491086867,-0.16420816192526363,7.591680410267246,-7.755888572192509,-7.75588857219251,8.881784197001252e-16,-0.04284504993503013,-1.5072853087792961,3.6095459337979543,6.248603263413213,0.027480998455863635,0.49921294523968435,6.241487062954648
22,75,1.0,2437.513209471165,-0.20657616817279933,7.592157453954738,-7.798733622127539,-7.798733622127537,1.7763568394002505e-15,0.07000227945556148,-1.550194114108809,3.609482178403471,6.24853950801873,0.027541554528860042,0.49921558769745367,6.241444190657296
22,76,1.0,2272.717071886552,-0.13593574626608865,7.59279559640589,-7.728731342671978,-7.728731342671979,8.881784197001252e-16,-0.002485381395985087,-1.482319442634272,3.6073545704224466,6.246411900037706,0.027546548051066544,0.49916958143461815,6.2389070016837485
22,77,1.0,2278.372665858103,-0.1371787975798116,7.594037926488149,-7.731216724067963,-7.73121672406796,2.6645352591003757e-15,0.01981324405076368,-1.4866575552765673,3.6055018391761373,6.244559168791397,0.02753027616207692,0.4991716153176107,6.237080244258195
22,78,1.0,2233.674977512807,-0.11550322112674057,7.59590025889046,-7.711403480017199,-7.7114034800172,8.881784197001252e-16,-0.0003228368295475903,-1.4693013495033758,3.603044800898566,6.242102130513826,0.027501560339203687,0.4992310679698554,6.235177253116959
22,79,1.0,2234.396206474158,-0.11771569395196345,7.594010622894785,-7.711726316846747,-7.711726316846748,8.881784197001252e-16,-0.008403990434676878,-1.4680921772048614,3.6045768100266273,6.243634139641885,0.02749116390259679,0.4992148410749112,6.236558005688569
22,80,1.0,2253.253176735271,-0.12444737430786074,7.595682932973564,-7.720130307281424,-7.720130307281425,1.7763568394002505e-15,0.012260336738629363,-1.478369633957314,3.602703343708852,6.2417606733241096,0.02754279481482075,0.4992256738655388,6.234790794157815
22,81,1.0,2225.7961938929775,-0.11113854407878779,7.596731426464007,-7.707869970542794,-7.707869970542795,8.881784197001252e-16,0.003316725253823094,-1.4677433713031758,3.6010692696243614,6.2401265992396215,0.027492692332181583,0.4992142688461866,6.233061362552674
22,82,1.0,2218.4260685436193,-0.10750254531259767,7.597050699976373,-7.704553245288971,-7.704553245288971,0.0,0.03780269372486078,-1.4649746508261825,3.6005212648475298,6.239578594462789,0.02743411229086497,0.4992341928553458,6.232696264704375
22,83,1.0,2136.128914659933,-0.07215007515861627,7.5946004764054935,-7.66675055156411,-7.6667505515641095,8.881784197001252e-16,-0.021838389340857134,-1.4256856175005124,3.602007604448339,6.241064934063599,0.02737167323174101,0.499233719600738,6.234179064772886
22,84,1.0,2183.291634125461,-0.09626306416306767,7.592325876741898,-7.6885889409049675,-7.688588940904966,1.7763568394002505e-15,-0.054925694571186234,-1.445228016780104,3.6043035945096045,6.243360924124863,0.027376172339252547,0.4992268897995321,6.236411192333847
22,85,1.0,2306.564888473881,-0.1510412330796714,7.592473402396483,-7.743514635476154,-7.743514635476155,8.881784197001252e-16,-0.02757409407889977,-1.499734032956841,3.604723272904053,6.243780602519311,0.0273849929919166,0.49924683483055415,6.23701112281534
22,86,1.0,2371.0513172692954,-0.1790374986867901,7.592051230868264,-7.7710887295550535,-7.7710887295550535,0.0,0.03650801429918449,-1.5262963296850518,3.605735070254743,6.2447923998700015,0.027363758665052106,0.49927728662691195,6.238294892914167
22,87,1.0,2286.049997426687,-0.14444229806784234,7.590138417188026,-7.734580715255869,-7.734580715255868,8.881784197001252e-16,0.06711489796937187,-1.4890639608117409,3.60645942482887,6.245516754444127,0.027358152036709753,0.4992371192051541,6.2386603374857845
22,88,1.0,2137.657361008666,-0.07816612872783069,7.5892996885586665,-7.667465817286497,-7.667465817286497,0.0,-0.0329365027519577,-1.423162035223743,3.6052464524474948,6.244303782062754,0.027349067498343652,0.49917775979592544,6.236912454242593
22,89,1.0,2209.236633283361,-0.11102780480582422,7.589374515232632,-7.700402320038455,-7.700402320038457,1.7763568394002505e-15,0.039481259142903014,-1.45582931265632,3.6055156777668773,6.244573007382135,0.027381855847443244,0.4992030952544512,6.237412388736345
22,90,1.0,2123.712596651985,-0.07317692888155679,7.587744132013993,-7.660921060895552,-7.66092106089555,1.7763568394002505e-15,0.052836382491205036,-1.4160232848569874,3.6058404464233056,6.244897776038565,0.027245241356026142,0.4991937401014491,6.237651755295225
22,91,1.0,2014.416145710878,-0.019351521214092157,7.588733157190253,-7.608084678404347,-7.608084678404345,1.7763568394002505e-15,0.006799889074600607,-1.3662339830083112,3.6027933657807765,6.241850695396036,0.027283364715026993,0.4991177219635305,6.233926262424972
22,92,1.0,2000.7648057700258,-0.014840023930279361,7.586444765399468,-7.601284789329746,-7.601284789329748,1.7763568394002505e-15,-0.04234235818552534,-1.3575442669280195,3.6046831927864678,6.243740522401727,0.027260794494596664,0.49911724950101466,6.235807190501451
22,93,1.0,2087.301051505632,-0.05837635161749333,7.585250795897778,-7.6436271475152715,-7.6436271475152715,0.0,0.03751539694424899,-1.3980385106380442,3.6065313072619687,6.245588636877227,0.027239698564962278,0.4991423358833959,6.237878244165395
22,94,1.0,2010.4457659533464,-0.02192676925094987,7.584184981320071,-7.6061117505710225,-7.606111750571021,1.7763568394002505e-15,0.01875403593835223,-1.3609364214843223,3.6061179994714414,6.245175329086699,0.027251789525147892,0.4990925058100903,6.237008694116115
22,95,1.0,1973.093144786239,-0.003152198727016109,7.584205515905656,-7.58735771463267,-7.587357714632672,1.7763568394002505e-15,0.013597361327586377,-1.343405735707042,3.60489464931037,6.243951978925629,0.027363876669256066,0.49907280911249413,6.235611258603976
22,96,1.0,1946.4458612974308,0.009198236845143593,7.582958590150229,-7.573760353305084,-7.573760353305085,8.881784197001252e-16,-0.0045070701617717646,-1.3297152714112532,3.6049877522785736,6.244045081893832,0.027334710371719684,0.4990919503122549,6.23588538787009
22,97,1.0,1955.2384288356739,0.004756460793484782,7.58302388426034,-7.578267423466856,-7.578267423466856,0.0,-0.0015572348865857677,-1.33506506032373,3.604145033527868,6.2432023631431255,0.027334667220074514,0.49906050063189455,6.234760840713862
22,98,1.0,1958.2855662672353,0.0038396818509135178,7.583664340204354,-7.579824658353441,-7.5798246583534405,8.881784197001252e-16,0.02666398842443929,-1.3384422014802755,3.602325127257907,6.241382456873167,0.02737001990722076,0.49903970276886067,6.232762624527796
22,99,1.0,1906.7598557962865,0.029871921699981957,7.583032591628984,-7.553160669929002,-7.553160669929002,0.0,-0.038665020152855334,-1.3122596943534728,3.601843645960271,6.24090097557553,0.02739895631491839,0.49897295903217465,6.231683589130564
22,100,1.0,1981.9286001164842,-0.010687413546526747,7.58113827653533,-7.5918256900818575,-7.591825690081857,8.881784197001252e-16,-0.037732287100217476,-1.3489775242647686,3.603790836201829,6.2428481658170885,0.027400915729811803,0.4989206466246327,6.233148747167647
22,101,1.0,2058.1400738685834,-0.047087461247914075,7.582470515934164,-7.629557977182075,-7.629557977182078,2.6645352591003757e-15,-0.007533765313330498,-1.38786239003642,3.602638257530395,6.241695587145655,0.027412221913361963,0.49894539709332214,6.232223955406778
22,102,1.0,2073.7041726859406,-0.05345926516505285,7.583632477330354,-7.6370917424954055,-7.637091742495406,8.881784197001252e-16,0.008419142250591705,-1.396988587456829,3.6010458254233177,6.240103155038576,0.027406042411376542,0.4989714356065132,6.230871710540775
22,103,1.0,2056.318650555608,-0.045449158015476165,7.583223442229338,-7.628672600244814,-7.628672600244814,0.0,-0.013393485750513356,-1.3892191104070304,3.6003961602225263,6.239453489837785,0.0274450757247313,0.4990027197374788,6.230507802070744
22,104,1.0,2084.045188116301,-0.05834711616154445,7.583718969833782,-7.642066085995327,-7.642066085995327,0.0,-0.04535307417688461,-1.403461708041094,3.5995470483389744,6.238604377954232,0.027442802236284626,0.49898757105692254,6.229522819311252
22,105,1.0,2180.7391548494784,-0.10654854409607119,7.580870616076142,-7.687419160172212,-7.6874191601722135,1.7763568394002505e-15,0.020441633363811107,-1.445466051479791,3.6028957790771625,6.241953108692421,0.027495050054011812,0.49906094914251176,6.233518768188839
22,106,1.0,2136.6138180706266,-0.08890459910827456,7.578072927700124,-7.666977526808401,-7.666977526808399,1.7763568394002505e-15,-0.06514410076282573,-1.4235321954304982,3.6043880017626435,6.243445331377903,0.02752145346368617,0.49901271223114696,6.234577865818374
22,107,1.0,2280.4353063697417,-0.15436251570604492,7.577759111865181,-7.732121627571226,-7.7321216275712255,8.881784197001252e-16,-0.02450825557122105,-1.4879189121948226,3.605145385761145,6.244202715376404,0.027578399539610218,0.4989945411647725,6.235160621554362
22,108,1.0,2337.0153041366984,-0.1780326162125025,7.578597266929945,-7.756629883142447,-7.756629883142447,0.0,0.07624599903467022,-1.5131881339760056,3.604384419551183,6.2434417491664425,0.027556831946568317,0.499010150215518,6.23453930197453
22,109,1.0,2165.4508944944523,-0.10343743355366353,7.576946450554113,-7.680383884107777,-7.680383884107776,8.881784197001252e-16,0.046784260343819994,-1.437696709044419,3.603629845448098,6.242687175063357,0.02756884720511794,0.49890284774868937,6.232832098667657
22,110,1.0,2066.4751810958896,-0.05596340024677901,7.577636223517179,-7.633599623763957,-7.633599623763958,8.881784197001252e-16,-0.03240773615959469,-1.3929969915201068,3.6015453026285913,6.24060263224385,0.02752134046841398,0.4988734112556172,6.230493927786939
22,111,1.0,2134.541951289403,-0.09201320543920634,7.573994154484346,-7.666007359923552,-7.666007359923553,8.881784197001252e-16,0.06363165968869122,-1.4224862623478318,3.604463767960461,6.2435210975757185,0.02754930835297066,0.49881413993022594,6.232863755535459
22,112,1.0,2002.9486528899467,-0.02815407721761612,7.574221623017244,-7.602375700234861,-7.60237570023486,8.881784197001252e-16,0.0027664471897850262,-1.3606520983886254,3.602666272230976,6.241723601846236,0.02749001182915269,0.4988170253653568,6.231107712232128
22,113,1.0,1997.4152586683517,-0.02639798166145546,7.573211271383621,-7.599609253045076,-7.5996092530450765,8.881784197001252e-16,0.04022721183092415,-1.3577386581945265,3.60281326523529,6.241870594850549,0.027430622013521824,0.4988114310814677,6.231205565231929
22,114,1.0,1918.6594944642434,0.014831255400828414,7.57421329661498,-7.5593820412141515,-7.5593820412141515,0.0,-0.0334908570987098,-1.3199270694826062,3.600397642116286,6.239454971731545,0.027429436801198855,0.4987811598205181,6.228532864842154
22,115,1.0,1984.0051791753572,-0.019482534167218346,7.573390364145643,-7.592872898312861,-7.592872898312861,0.0,0.025085200758205417,-1.3526621460475587,3.6011534226500426,6.240210752265301,0.027407826898088697,0.4987748307433779,6.229227932800116
22,116,1.0,1934.855058624342,0.0031186995019724106,7.5709063970566275,-7.567787697554656,-7.567787697554655,8.881784197001252e-16,-0.030409233341720743,-1.32571907683205,3.603011291107347,6.242068620722606,0.02736748547597097,0.4987428486224487,6.230794111543111
22,117,1.0,1994.5962559969166,-0.02893009262656368,7.569266838269813,-7.598196930896377,-7.5981969308963775,8.881784197001252e-16,-0.03490075212382315,-1.354252188682173,3.6048874125989445,6.243944742214203,0.027341249295179747,0.49871727098833246,6.232430405641658
22,118,1.0,2065.438193281523,-0.06431967395334318,7.568778009066856,-7.6330976830202,-7.633097683020199,8.881784197001252e-16,0.08794623705120497,-1.3891684762675816,3.6048718771373593,6.243929206752617,0.027385540194260635,0.49867024606434845,6.231987826757213
22,119,1.0,1891.5491832255407,0.022885810903449905,7.5680372568724446,-7.545151445968995,-7.545151445968995,0.0,-0.008271445548805545,-1.303209485103412,3.602884631250324,6.241941960865582,0.02740757291411517,0.49860202217336813,6.2293995695120765
22,120,1.0,1907.2599149554176,0.012501752651058101,7.565924644168858,-7.5534228915178,-7.553422891517799,8.881784197001252e-16,-0.024201005293218003,-1.3094478608286522,3.6049177010738895,6.243975030689148,0.027304054935449372,0.4985971293840456,6.231380000023079
22,121,1.0,1953.9805855594482,-0.010688221410598275,7.566935675400421,-7.577623896811018,-7.577623896811019,8.881784197001252e-16,-0.03168920998335345,-1.334711865004161,3.603854702191598,6.242912031806858,0.02729462236518826,0.49859663640014373,6.230320120592076
22,122,1.0,2016.892232229706,-0.0445986982496164,7.564714408544754,-7.609313106794372,-7.60931310679437,1.7763568394002505e-15,0.014519217506320459,-1.3646406722452482,3.6056151049338654,6.244672434549124,0.02728405603516977,0.49853095519339513,6.231466659494493
22,123,1.0,1987.8200982586955,-0.03032409540909088,7.564469793878961,-7.594793889288051,-7.594793889288051,0.0,0.002381268743923748,-1.3509886607070747,3.604747898965718,6.243805228580976,0.027320462014096023,0.4984720484659125,6.230069089382389
22,124,1.0,1983.092195827418,-0.031526180568961226,7.560886439975167,-7.592412620544128,-7.5924126205441285,8.881784197001252e-16,-0.03876639213041155,-1.3452157854018618,3.6081395055270074,6.247196835142266,0.027311721995317274,0.498422152867597,6.232982334788695
22,125,1.0,2061.4790975835845,-0.06837817040740057,7.562800842267139,-7.631179012674539,-7.631179012674539,0.0,-0.019673955399961862,-1.3866576569365499,3.6054640261227298,6.244521355737988,0.027391880821491885,0.4984504594582953,6.230602405668098
22,126,1.0,2102.4381374282243,-0.08852553218721906,7.562327435887283,-7.650852968074501,-7.650852968074503,1.7763568394002505e-15,0.021791506256040094,-1.406000972059987,3.6057946663992553,6.244851996014515,0.027319263076101576,0.4985266173895862,6.231638978673435
22,127,1.0,2057.118429353526,-0.06453973131258431,7.564521730505875,-7.629061461818461,-7.62906146181846,8.881784197001252e-16,-0.03229870782977784,-1.3889601604018018,3.6010439718014005,6.240101301416659,0.02739146540660397,0.4984561013594147,6.226262047688818
22,128,1.0,2124.6453422147497,-0.09872210297953797,7.562638066668699,-7.661360169648239,-7.661360169648237,1.7763568394002505e-15,0.06151851769929273,-1.4196633280862176,3.602639511946762,6.24169684156202,0.027350585065615676,0.49846552818440626,6.227937719226501
22,129,1.0,1997.8795097286693,-0.038659135651106846,7.5611825162978406,-7.599841651948946,-7.599841651948948,1.7763568394002505e-15,-0.007593668023030631,-1.3592646951695304,3.601519627164158,6.240576956779416,0.027312856738945866,0.49842682100249597,6.226481373849509
22,130,1.0,2013.1084922142206,-0.04559729930225617,7.561838020669719,-7.607435319971977,-7.607435319971975,1.7763568394002505e-15,0.00271417451772038,-1.3686489154269368,3.5997290749297823,6.238786404545041,0.02735966715838118,0.49842827108697313,6.224712070114387
22,131,1.0,2007.6519727659984,-0.043048766843436476,7.561672378610822,-7.604721145454256,-7.604721145454259,2.6645352591003757e-15,-0.008505248978313062,-1.3670081689469475,3.598655646892051,6.237712976507311,0.027420013743780006,0.49839342521532987,6.223330968256404
22,132,1.0,2024.8003749963455,-0.051327851633960586,7.56189854279861,-7.613226394432569,-7.61322639443257,8.881784197001252e-16,-0.0009243382499750652,-1.3765885523679533,3.597580512449357,6.236637842064615,0.027436706763523278,0.4984012928486863,6.222330748669689
22,133,1.0,2026.6728406940329,-0.0525240295195627,7.561626703162984,-7.614150732682544,-7.614150732682547,2.6645352591003757e-15,0.05308361138021578,-1.377955507903407,3.5971378951638786,6.236195224779137,0.027468793273873207,0.49834744214647686,6.221403928064015
22,134,1.0,1921.8953149169895,0.0014241507844538481,7.562491272086781,-7.561067121302329,-7.561067121302328,8.881784197001252e-16,0.014903161895773565,-1.3277587993483293,3.5942509923387393,6.233308321953998,0.027508608833205325,0.49835980955277526,6.218648674949057
22,135,1.0,1893.4653721111567,0.016015549126944,7.5621795085334975,-7.546163959406555,-7.546163959406553,1.7763568394002505e-15,0.005006862235575227,-1.3143914466501292,3.5927151831411663,6.231772512756424,0.027543057401288526,0.4983455176861545,6.216993448651415
22,136,1.0,1884.0087456136196,0.018970949610977228,7.560128046781955,-7.54115709717098,-7.541157097170978,1.7763568394002505e-15,0.00044533238232347117,-1.3084243980632242,3.593675369492497,6.232732699107756,0.027553539168358294,0.49835679926016396,6.218055571901873
22,137,1.0,1883.169922302072,0.01804757488573,7.558759339674387,-7.540711764788656,-7.540711764788656,0.0,-0.02494007245273977,-1.308504093804189,3.5931503413692076,6.232207670984466,0.027558118196563487,0.49827446743788373,6.2167967332295575
22,138,1.0,1930.7268886592728,-0.006791099548237117,7.558860737693158,-7.565651837241396,-7.565651837241395,8.881784197001252e-16,-0.03563425972734535,-1.3337199232308994,3.5928745843952385,6.231931914010497,0.027546495780856346,0.498272383198455,6.216498755442699
22,139,1.0,2000.7674220498154,-0.04245482221002139,7.5588312747587185,-7.6012860969687415,-7.60128609696874,1.7763568394002505e-15,-0.012145217595495694,-1.3689872470226911,3.5932415203307895,6.232298849946049,0.02754493456367954,0.49826191029096384,6.216762592835532
22,140,1.0,2025.215339871667,-0.056126940709360085,7.557304373854877,-7.613431314564237,-7.613431314564237,0.0,0.09989330561665355,-1.3809145582539535,3.5934594266950257,6.232516756310284,0.027567168224347037,0.49822579467661765,6.216654036260473
22,141,1.0,1832.6861459835159,0.040961260447704845,7.554499269395288,-7.513538008947584,-7.513538008947584,0.0,-0.01662270845693481,-1.2812827631795332,3.5931979161527914,6.232255245768051,0.02758523108037614,0.4981562936188676,6.215796015667122
22,142,1.0,1863.404961100765,0.02333310666429808,7.553493824068816,-7.530160717404518,-7.530160717404518,0.0,-0.03810352806111972,-1.2968577095364893,3.5942456782527694,6.233303007868028,0.02757259259646009,0.49812581591686683,6.216563738302151
22,143,1.0,1935.7773294962578,-0.015102252364371377,7.553161993101266,-7.568264245465638,-7.568264245465638,0.0,0.007253935410095558,-1.3352903147125883,3.59391660113779,6.232973930753049,0.0275911913662941,0.4981908345242964,6.2168129730742345
22,144,1.0,1921.786132749375,-0.009997666475074107,7.551012643580467,-7.561010310055543,-7.561010310055542,8.881784197001252e-16,-0.009019490455808743,-1.3270654311037553,3.594887549336529,6.233944878951788,0.027593484905789643,0.4981669956185012,6.217570316405448
22,145,1.0,1939.198069791783,-0.021925912330769293,7.548103888180581,-7.570029800511351,-7.57002980051135,8.881784197001252e-16,-0.07650671584502522,-1.3343779848449644,3.5965944860511283,6.235651815666388,0.02763953411279047,0.4981837149737395,6.219421299679643
22,146,1.0,2093.3826226238966,-0.09784714582913578,7.548689370527241,-7.6465365163563765,-7.646536516356377,8.881784197001252e-16,0.06096904567987238,-1.411719764391592,3.595759422349527,6.234816751964785,0.02765157633351606,0.49821994105296796,6.218885081089204
22,147,1.0,1969.5639866783908,-0.03933412033936251,7.546233350337142,-7.585567470676504,-7.585567470676505,8.881784197001252e-16,0.012809039293549596,-1.3500895208034183,3.596420620257827,6.235477949873086,0.027636449648309,0.49815911979856664,6.219024467339011
22,148,1.0,1944.4966511600023,-0.02774677216763155,7.545011659215324,-7.572758431382955,-7.5727584313829555,8.881784197001252e-16,0.036307366436193256,-1.3375192765193251,3.59618182524837,6.235239154863629,0.0276100424411783,0.4981638433150929,6.218833778828618
22,149,1.0,1875.163369383521,0.005940507324995015,7.542391572271756,-7.536451064946761,-7.53645106494676,8.881784197001252e-16,0.020719189144299044,-1.3008856938516729,3.5965080414798294,6.235565371095089,0.027645502933507274,0.49811189760334906,6.218706238377085
22,150,1.0,1836.7112290082912,0.024176176289277596,7.53990805209174,-7.515731875802462,-7.515731875802462,0.0,0.012314039844944169,-1.2794163419066946,3.5972582042805086,6.236315533895768,0.027556687634550363,0.49804670174280313,6.218883390288363
22,151,1.0,1814.2325792909674,0.03558679607145013,7.539004632028966,-7.503417835957518,-7.503417835957516,1.7763568394002505e-15,0.010385432351371904,-1.266817480812078,3.597543025530182,6.23660035514544,0.027521259619125545,0.49801103612391684,6.218852306748033
22,152,1.0,1795.488490774173,0.04776769201415654,7.540800095620303,-7.493032403606146,-7.493032403606146,0.0,-0.023386370016166502,-1.260099438911486,3.5938756350794003,6.23293296469466,0.027600089415911078,0.49791683735235404,6.214361170331649
22,153,1.0,1837.973295352879,0.024400694530237743,7.540819468152549,-7.516418773622313,-7.516418773622311,1.7763568394002505e-15,-0.014800721179264897,-1.284504347689218,3.592857096317836,6.231914425933096,0.02760369692425933,0.4978861950154943,6.213069166706802
22,154,1.0,1865.37893697126,0.006078164582715456,7.537297659384294,-7.531219494801578,-7.531219494801579,1.7763568394002505e-15,-0.03619703054390211,-1.296121367236728,3.5960407979495908,6.235098127564849,0.0276223838749348,0.49789016295773664,6.216274237212695
22,155,1.0,1934.1370274626468,-0.02956830560035517,7.537848219745124,-7.56741652534548,-7.567416525345479,8.881784197001252e-16,-0.08755053606203234,-1.3332275464073773,3.595131649322844,6.234188978938103,0.027629455983419288,0.4979104266556197,6.215538014118496
22,156,1.0,2111.105581263678,-0.11705367635348266,7.537913385054027,-7.654967061407512,-7.65496706140751,1.7763568394002505e-15,0.025127932333196767,-1.4202595924241501,3.5956501393681015,6.234707468983361,0.027647323197972296,0.49791385485196693,6.216057879547685
22,157,1.0,2058.7188051967387,-0.09152814006929985,7.538310989005018,-7.629839129074315,-7.629839129074318,2.6645352591003757e-15,0.025596577130681197,-1.39713631463748,3.593645484821576,6.232702814436835,0.02763438161947958,0.49788923348341385,6.213846103775197
22,158,1.0,2006.6913534516652,-0.06838642750711577,7.535856124436517,-7.604242551943634,-7.604242551943633,8.881784197001252e-16,-0.025407969409727116,-1.369681748163704,3.5955034741646714,6.234560803779929,0.027605550637774076,0.49785891362162793,6.215439829523411
22,159,1.0,2058.330551549775,-0.09447141198667963,7.5351791093666804,-7.629650521353361,-7.62965052135336,8.881784197001252e-16,0.0166439878528859,-1.3953561119864915,3.5952370797516116,6.2342944093668695,0.027573362011219148,0.49783179651069925,6.214926573611133
22,160,1.0,2024.355249433248,-0.07862324324062908,7.534383290259846,-7.613006533500475,-7.613006533500475,0.0,0.04881697721670619,-1.378854073210502,3.5950951306747143,6.234152460289974,0.02755458453792425,0.49781349754576515,6.214633306909372
22,161,1.0,1927.9056866932697,-0.03093397379592877,7.53325558248784,-7.564189556283769,-7.564189556283768,8.881784197001252e-16,-0.03149441203179837,-1.330093794764458,3.5950384319040514,6.234095761519311,0.02756444056480517,0.49776668530264095,6.214181737337006
22,162,1.0,1989.5902028882722,-0.06306731052654044,7.532616657789025,-7.5956839683155675,-7.595683968315566,1.7763568394002505e-15,-0.0009081226962317501,-1.3618324908746746,3.5947941478256342,6.2338514774408935,0.027585544891180737,0.4977479230485416,6.213758635493797
22,163,1.0,1991.397815550532,-0.0645032749778775,7.532088816033921,-7.596592091011799,-7.596592091011798,8.881784197001252e-16,0.056505157963210983,-1.3639388894607156,3.593595871935825,6.2326532015510825,0.027575202469807776,0.4977435854923309,6.212524689255862
22,164,1.0,1881.9936254947368,-0.01068108418333763,7.529405848865249,-7.540086933048588,-7.5400869330485865,1.7763568394002505e-15,-0.06287695917247582,-1.306437701170119,3.594591902263211,6.233649231878469,0.027607910002005197,0.497703969671159,6.213185518239015
22,165,1.0,2004.127117784181,-0.0733284408405489,7.529635451380513,-7.602963892221064,-7.602963892221062,1.7763568394002505e-15,-0.01928861044907748,-1.3700802211747798,3.593826341431025,6.232883671046285,0.027624068477096173,0.4977103557687041,6.2124556309127525
22,166,1.0,2043.159171942989,-0.09427191668323331,7.527980585986908,-7.6222525026701415,-7.6222525026701415,0.0,0.016196352252899615,-1.3891415664529336,3.5940536066019484,6.233110936217208,0.027623859290708243,0.49767227086689536,6.2123354251690115
22,167,1.0,2010.3339879670575,-0.08121864800605189,7.524837502411188,-7.606056150417242,-7.60605615041724,1.7763568394002505e-15,-0.013544378965972825,-1.3719586707029374,3.595040150099046,6.234097479714303,0.02770984578933851,0.49771258506421484,6.213678142261451
22,168,1.0,2037.747946781757,-0.09559562897805773,7.524004900405157,-7.619600529383215,-7.619600529383215,0.0,-0.06991994883135089,-1.3855402587271628,3.5950029410407938,6.234060270656052,0.027693166202769726,0.4976702043170476,6.21326105867361
22,169,1.0,2185.3263993230903,-0.16648213802949213,7.523038340185074,-7.689520478214566,-7.689520478214566,0.0,0.05542042330807373,-1.4547730449712175,3.5956901036280895,6.234747433243348,0.02775185701749421,0.49771670328945766,6.214321324571496
22,170,1.0,2067.509568430016,-0.11049355078086759,7.523606504125625,-7.634100054906492,-7.634100054906493,8.881784197001252e-16,-0.013382900767945571,-1.4016038920943992,3.5934388331968337,6.232496162812093,0.027712001767620505,0.49765147127196474,6.211527345493725
22,171,1.0,2095.3648201125493,-0.12346804339297873,7.524014912281456,-7.6474829556744375,-7.647482955674435,2.6645352591003757e-15,-0.017338088684787145,-1.4163545803240887,3.592071045735089,6.231128375350349,0.027686974058637872,0.4976035492397595,6.209733851381341
22,172,1.0,2132.0112123741637,-0.14277708868690286,7.522043955672322,-7.664821044359225,-7.664821044359225,0.0,-0.030449105966070533,-1.4334897398000506,3.5922739749439154,6.2313313045591725,0.02767108443660665,0.49750141393117103,6.209019660171888
22,173,1.0,2197.9275009607636,-0.17571326253306896,7.519556887792225,-7.695270150325295,-7.695270150325294,8.881784197001252e-16,0.0170184740374415,-1.4633095513456111,3.592903269364425,6.231960598979684,0.02770413791139673,0.4974327316692257,6.2090077901202765
22,174,1.0,2160.8386220726147,-0.15914647842111498,7.51910519786674,-7.678251676287854,-7.6782516762878545,8.881784197001252e-16,-0.010100313251496296,-1.446954220302006,3.5922401263705885,6.231297455985847,0.027685772867966814,0.4974151174214693,6.208202881869902
22,175,1.0,2182.7743614778637,-0.17048811784328216,7.517863871696068,-7.68835198953935,-7.688351989539351,8.881784197001252e-16,0.04033581253588725,-1.4571711142703536,3.5921235456537377,6.231180875268997,0.02767121893201931,0.4974028003047976,6.207969767199066
22,176,1.0,2096.4824112619617,-0.13096162498951974,7.517054552013941,-7.648016177003463,-7.648016177003461,1.7763568394002505e-15,0.024287716996197695,-1.4167860662894758,3.5921727810987285,6.231230110713988,0.02763496234193642,0.4974258867113702,6.208255229894212
22,177,1.0,2046.1770142691394,-0.10843514478459482,7.515293315222668,-7.623728460007265,-7.623728460007263,1.7763568394002505e-15,0.06668523643659174,-1.392214143079189,3.5924569873128163,6.231514316928076,0.02765202083775487,0.4974256134307076,6.208547911825697
22,178,1.0,1914.1773432970178,-0.04294520046515787,7.514098023105516,-7.557043223570673,-7.557043223570674,8.881784197001252e-16,0.009408171924612851,-1.3253023070215146,3.5926835869338984,6.231740916549158,0.027627945010914742,0.4973699235490942,6.208318596140769
22,179,1.0,1896.2528841668102,-0.034426878768096913,7.513208172877963,-7.54763505164606,-7.54763505164606,0.0,-0.001410199142499735,-1.3160321671832587,3.592545554847542,6.231602884462801,0.027642199427527565,0.4972758000586828,6.207344538514172
22,180,1.0,1898.928864747317,-0.0356574507041201,7.513387800084438,-7.54904525078856,-7.5490452507885575,2.6645352591003757e-15,0.05094423649184776,-1.318687315592096,3.591300605581206,6.230357935196465,0.027614786497156325,0.49727614879928794,6.206114329498537
22,181,1.0,1804.612225730561,0.01309913633216453,7.511200150628877,-7.498101014296712,-7.498101014296712,0.0,0.016684102137352497,-1.2674826680212326,3.591561016660221,6.23061834627548,0.027642235699876963,0.4972485437144323,6.206156376418265
22,182,1.0,1774.753665288234,0.02872127546838743,7.5101381876277475,-7.48141691215936,-7.48141691215936,0.0,0.10048301652626979,-1.2510050370964036,3.5913545454476967,6.230411875062956,0.027693034999346743,0.49720873372905,6.205606773154733
22,183,1.0,1605.0880528259734,0.12523344139826448,7.506167337031355,-7.38093389563309,-7.380933895633091,8.881784197001252e-16,0.025161162145345806,-1.1485044793417285,3.5933720866761028,6.232429416291361,0.02776401574431281,0.4971655593306418,6.2072680645019815
22,184,1.0,1565.2060153122666,0.14887602108422315,7.504648754571968,-7.355772733487744,-7.355772733487745,8.881784197001252e-16,-0.04330323417966042,-1.122580856400996,3.5941345474714894,6.233191877086748,0.027751802161603726,0.49712924674462916,6.2077148572804
22,185,1.0,1634.4734257029115,0.10389432736759256,7.502970295034998,-7.399075967667405,-7.399075967667405,0.0,-0.06940332341133537,-1.1654050327456176,3.5946136053065287,6.233670934921788,0.027736136055589146,0.49711476260214044,6.2080543319565304
22,186,1.0,1751.9404673198487,0.03246676462286496,7.500946055701604,-7.46847929107874,-7.468479291078739,8.881784197001252e-16,-0.0032398886525442094,-1.233959720979628,3.595462240483853,6.2345195700991125,0.02766037080846618,0.4971011071217916,6.208755072932772
22,187,1.0,1757.6257642512035,0.02870500669906481,7.500424186430349,-7.471719179731284,-7.471719179731284,0.0,0.020915826522772463,-1.2383526826912046,3.594309167424821,6.23336649704008,0.027624296114854594,0.4970562288346644,6.207218251202268
22,188,1.0,1721.2453580801298,0.04709689933182701,7.49790025254034,-7.450803353208512,-7.450803353208514,1.7763568394002505e-15,0.014229468445535076,-1.2170780532238723,3.594667970369381,6.2337252999846395,0.027639834282401594,0.49699374723244927,6.207030816285301
22,189,1.0,1696.9263849370286,0.06242259829360705,7.498996483056584,-7.436573884762977,-7.436573884762977,0.0,0.03273763631944515,-1.2058538883133623,3.5916626668343556,6.230719996449614,0.027715207742272832,0.49695522102293055,6.2037057012425425
22,190,1.0,1642.2725263573593,0.09478128527169374,7.498617533715225,-7.403836248443532,-7.403836248443532,0.0,-0.006593170918625546,-1.1729606198088747,3.5918182990193976,6.230875628634657,0.027724169578311437,0.496828569471386,6.202741225911951
22,191,1.0,1653.1360831087009,0.08767250820207756,7.498101927564235,-7.410429419362157,-7.410429419362158,8.881784197001252e-16,-0.05188901876598795,-1.1805559431993349,3.5908161465475636,6.2298734761628225,0.02774686578797056,0.49674910008514256,6.20103163546055
22,192,1.0,1741.180199969724,0.03456495703801574,7.496883395166161,-7.462318438128145,-7.462318438128145,0.0,-0.04333030563697804,-1.233165683086016,3.5900954254268695,6.229152755042128,0.027730970689082094,0.4967815372196113,6.200595001700727
22,193,1.0,1818.2844829481621,-0.012414264274911602,7.493234479490214,-7.505648743765123,-7.505648743765126,2.6645352591003757e-15,-0.019895446288138885,-1.2749652481000477,3.5916261660498168,6.230683495665075,0.027695853117162564,0.49676753979391036,6.201976614834863
22,194,1.0,1854.8223273560752,-0.03239134961449991,7.4931528404387615,-7.525544190053262,-7.525544190053261,8.881784197001252e-16,-0.0324373735846013,-1.2960417090259664,3.5904451514120366,6.229502481027295,0.027721402534519445,0.496710740399786,6.200281854106253
22,195,1.0,1915.9743355570085,-0.0669448845115789,7.491036679126282,-7.557981563637863,-7.557981563637861,2.6645352591003757e-15,-0.025204364381163913,-1.3276414508057326,3.5912827832168723,6.23034011283213,0.027730933908892214,0.49665707020585054,6.200614770422845
22,196,1.0,1964.8789670289111,-0.09291117296272092,7.490274755056306,-7.583185928019027,-7.583185928019026,8.881784197001252e-16,-0.008492414676524618,-1.3537552028951467,3.590373395508621,6.229430725123879,0.027833180919504548,0.49659800273555865,6.199158173962955
22,197,1.0,1981.6365896314321,-0.10290147593730159,7.488776866758249,-7.591678342695552,-7.59167834269555,1.7763568394002505e-15,0.041607289482358034,-1.361822972371188,3.5907980407091045,6.229855370324363,0.027839681689934132,0.4966009928472469,6.199610057940001
22,198,1.0,1900.8777900162154,-0.06342866751004472,7.486642385703151,-7.550071053213194,-7.550071053213196,1.7763568394002505e-15,-0.082980997683344,-1.3191367178890072,3.591877005708929,6.2309343353241875,0.027860945800629158,0.49656028573567473,6.200349616007796
22,199,1.0,2065.3439451008608,-0.1489760025459736,7.484076048350563,-7.633052050896538,-7.633052050896536,1.7763568394002505e-15,0.012455395240473344,-1.4022041778190264,3.591790543462253,6.230847873077513,0.02791513181037916,0.49654301940590373,6.200051433353349
22,200,1.0,2039.7788123803514,-0.13810297682675032,7.482493678829317,-7.6205966556560645,-7.620596655656067,2.6645352591003757e-15,-0.0011878756382728284,-1.390741335188787,3.59079799085202,6.229855320467279,0.0279395015681731,0.4964971875685341,6.198671045682484
22,201,1.0,2042.20325562249,-0.13940136677205253,7.482383164522286,-7.621784531294337,-7.621784531294338,8.881784197001252e-16,0.011315959086003247,-1.3934768859465838,3.5892503157324938,6.228307645347753,0.02787413278821116,0.4964924248981985,6.197085059491452
22,202,1.0,2019.2240283431863,-0.13316800183059502,7.477300570377738,-7.610468572208334,-7.610468572208333,8.881784197001252e-16,0.03452248021230364,-1.378109651669416,3.593301590923659,6.232358920538919,0.027958931309999664,0.4964516458329063,6.2007643595847375
22,203,1.0,1950.7049362431221,-0.09806340757550155,7.477882684420529,-7.57594609199603,-7.57594609199603,0.0,-0.05490290262072861,-1.346039629044197,3.5908491333365746,6.229906462951833,0.027880907317883563,0.49636490936225364,6.197582015454624
22,204,1.0,2060.7988845031196,-0.15578159305116324,7.475067401565596,-7.630848994616759,-7.630848994616759,0.0,0.010798271801442993,-1.4002740353749685,3.5915176296265323,6.230574959241792,0.02788082310384079,0.49636858530184313,6.198229480957671
22,205,1.0,2038.6655340540592,-0.1479336223708143,7.472117100444501,-7.620050722815316,-7.620050722815315,8.881784197001252e-16,0.012396183688952789,-1.3871838868553141,3.5938095063447433,6.232866835960003,0.02796663520858706,0.49630797875203975,6.19998675925478
22,206,1.0,2013.5498525311216,-0.13562976194945942,7.472024777176905,-7.607654539126363,-7.607654539126365,1.7763568394002505e-15,-0.03149730655024019,-1.3758668509276575,3.592730358583446,6.231787688198706,0.02792149341652045,0.4963075570605317,6.1989313905582675
22,207,1.0,2077.9806206985872,-0.17048144792017594,7.468670397756429,-7.639151845676603,-7.639151845676605,1.7763568394002505e-15,-0.07452678935604684,-1.4067736782624014,3.593320837798944,6.232378167414203,0.027929317476377835,0.49626212951199394,6.199074266101463
22,208,1.0,2238.7627198473756,-0.247226889814435,7.466451745218215,-7.71367863503265,-7.71367863503265,0.0,-0.07707124761358575,-1.4813996489155319,3.593221656501861,6.23227898611712,0.02797865264130703,0.4962648448429724,6.19891922929377
22,209,1.0,2418.1302163642213,-0.3282339100118997,7.462515972634338,-7.790749882646236,-7.790749882646238,1.7763568394002505e-15,0.03196885098520319,-1.5576910331316214,3.594001519899355,6.233058849514614,0.028038830272450285,0.49626494641287466,6.199574685200206
22,210,1.0,2342.0479822244097,-0.29376087725727706,7.465020154403756,-7.758781031661033,-7.758781031661034,8.881784197001252e-16,0.04185475994662191,-1.5293386469673986,3.5903850550783765,6.229442384693636,0.028001930153310452,0.4962305771671134,6.195709899029736
22,211,1.0,2246.0452268457375,-0.2551049856838434,7.461821286030567,-7.716926271714411,-7.71692627171441,8.881784197001252e-16,0.0011464207464007004,-1.4858083533550435,3.5920605887441073,6.231117918359367,0.028006003157460106,0.4962119265071071,6.197256664119754
22,212,1.0,2243.4717894032156,-0.2554988288483298,7.460281022119681,-7.71577985096801,-7.715779850968011,8.881784197001252e-16,0.060342148977839294,-1.4844733544335413,3.59224916691921,6.2313064965344696,0.027998497582699216,0.49625336236642664,6.197821619467833
22,213,1.0,2112.099387068827,-0.19168563461864452,7.4637520673715265,-7.655437701990171,-7.655437701990171,0.0,0.034858067943906335,-1.4273001237133283,3.589080248661584,6.228137578276843,0.027889532810509814,0.4961244650768037,6.1936221148821335
22,214,1.0,2039.7440923568247,-0.1557964009579491,7.4647832330883155,-7.620579634046265,-7.620579634046265,0.0,-0.002168000892486255,-1.3941308670650425,3.587391437365962,6.226448766981221,0.02788701649338629,0.4960737069737687,6.1915428889720445
22,215,1.0,2044.1710564665912,-0.1575734700517205,7.4651741648870305,-7.622747634938751,-7.622747634938751,0.0,0.04848342659358895,-1.3981110578874296,3.5855792474360624,6.224636577051322,0.027898184997806944,0.49604977416194196,6.189522587773068
22,216,1.0,1947.4268349683957,-0.10728388226623325,7.4669803260789305,-7.574264208345162,-7.574264208345164,1.7763568394002505e-15,0.0048550771550361915,-1.3521268522875807,3.5830800264423233,6.222137356057583,0.027869304680998103,0.49599508823266086,6.186606643384121
22,217,1.0,1937.9948424838476,-0.10246955149522624,7.466939579694899,-7.569409131190126,-7.569409131190126,0.0,0.014517867569132648,-1.3475031446146584,3.5828486569602087,6.221905986575467,0.027868602301526792,0.4959410913871357,6.185906756955009
22,218,1.0,1910.0625393522514,-0.08916505508492148,7.465726208536074,-7.554891263620993,-7.554891263620996,2.6645352591003757e-15,0.025804785031038335,-1.3334289467265885,3.5824049872791464,6.221462316894405,0.027874140347930988,0.4958754220001269,6.184901989848119
22,219,1.0,1861.404293953848,-0.062074326206410374,7.4670121523835435,-7.529086478589955,-7.529086478589954,8.881784197001252e-16,-0.0009014893481129604,-1.308751217127899,3.5812779318467975,6.220335261462055,0.02787771077132713,0.4958411712937979,6.1835085361083335
22,220,1.0,1863.0830866905703,-0.0648655065841077,7.465122461353961,-7.529987967938068,-7.529987967938069,8.881784197001252e-16,0.04703257222886492,-1.3084171158927744,3.582513522430035,6.221570852045294,0.027888549862205764,0.49578446903293066,6.184235210109539
22,221,1.0,1777.4861960451367,-0.01773578306234666,7.465219612646855,-7.482955395709203,-7.482955395709202,8.881784197001252e-16,0.07547935247861925,-1.2627495848811667,3.5811484812127765,6.220205810828036,0.027895228173221483,0.49571610465322613,6.182319119040955
22,222,1.0,1648.2609530485654,0.05775458412705928,7.465230627357641,-7.4074760432305835,-7.407476043230582,1.7763568394002505e-15,-0.045716898245804494,-1.1864807555234482,3.5819379580918755,6.220995287707135,0.027920951548835733,0.49558861620513034,6.182018001781593
22,223,1.0,1725.363343979811,0.00881224716425541,7.462005188640644,-7.453192941476388,-7.453192941476389,8.881784197001252e-16,-0.02331417709625061,-1.231369667820794,3.582765944040336,6.221823273655595,0.027896889419727053,0.49553113866450405,6.182294889715321
22,224,1.0,1766.0613473293406,-0.015685509204835135,7.460821609367802,-7.476507118572639,-7.476507118572637,1.7763568394002505e-15,-0.01113737019673433,-1.255486473570697,3.581963315386683,6.221020645001941,0.027936523815729197,0.4954739677384236,6.180971975693548
22,225,1.0,1785.840566133259,-0.028935395706775835,7.458709093062597,-7.487644488769373,-7.487644488769373,0.0,0.015736960865216254,-1.2666613547431844,3.58192580441093,6.22098313402619,0.027875597129328113,0.49553141008841717,6.181454285690452
22,226,1.0,1757.9568410303684,-0.012888573537029602,7.459018954367126,-7.471907527904157,-7.471907527904156,8.881784197001252e-16,0.003425749857414395,-1.2523457517473076,3.58050444654159,6.2195617761568505,0.02790619784399266,0.49549535677213086,6.179743874052291
22,227,1.0,1751.9448243451504,-0.01083974136825816,7.457642036678484,-7.468481778046742,-7.468481778046742,0.0,0.025690674755821874,-1.248738461433683,3.5806859869978,6.21974331661306,0.027953463223929987,0.49537465940619346,6.178845116816565
22,228,1.0,1707.5094115029397,0.014844269479422995,7.457635372770345,-7.44279110329092,-7.442791103290922,1.7763568394002505e-15,-0.016814881388476977,-1.223321411213412,3.58041236246225,6.219469692077508,0.027974095395494048,0.49530374110621594,6.17796664500607
22,229,1.0,1736.4637292268385,-0.0039002589381364194,7.455705725741261,-7.459605984679397,-7.459605984679397,0.0,0.0817562646044907,-1.2406699445227711,3.579878710541368,6.218936040156627,0.027971466844545635,0.49525804673514295,6.177021721701737
22,230,1.0,1600.1453055528873,0.07718573411036869,7.455035454185273,-7.377849720074907,-7.377849720074904,2.6645352591003757e-15,-0.027176223859230575,-1.1589011598392662,3.5798912306203805,6.21894856023564,0.027994601940626567,0.4952142502625808,6.176725892528386
22,231,1.0,1644.2274932533776,0.047351947939624994,7.452377891873761,-7.405025943934137,-7.4050259439341355,1.7763568394002505e-15,0.05798500645103832,-1.1860267163141338,3.5799418980047437,6.218999227620004,0.028027895559653543,0.49510607846786336,6.175796193437455
22,232,1.0,1551.5984513756357,0.10355462436641766,7.450595561849516,-7.347040937483099,-7.347040937483098,8.881784197001252e-16,0.07878997992459436,-1.1261525648152326,3.581831043052607,6.220888372667867,0.028019512665070277,0.4950516154794155,6.177195480915748
22,233,1.0,1434.0400613556608,0.1799814197387683,7.448232377297272,-7.268250957558505,-7.268250957558504,8.881784197001252e-16,0.030435965130330978,-1.0448360999844621,3.5843575279587836,6.223414857574042,0.028059596181896154,0.49497876632600557,6.1790875698093455
22,234,1.0,1391.0511904439923,0.20902971938783244,7.446844711816004,-7.237814992428174,-7.237814992428172,1.7763568394002505e-15,0.08071035360830336,-1.014348597558594,3.584409065254321,6.22346639486958,0.02808931256049076,0.4949554877014607,6.178961925102636
22,235,1.0,1283.1902499082607,0.28820134168940664,7.445305980509279,-7.15710463881987,-7.157104638819873,2.6645352591003757e-15,-0.014738016533667242,-0.930909440006405,3.5871378691982057,6.226195198813466,0.028192224191811815,0.49486583644728394,6.180832348984795
22,236,1.0,1302.2419765085633,0.2723408166015631,7.4441834719551,-7.1718426553535375,-7.171842655353537,8.881784197001252e-16,-0.0029944072179182157,-0.9468635918519824,3.585921733886295,6.2249790635015545,0.028203173244942245,0.4948119430961425,6.179166218548709
22,237,1.0,1306.1472633740314,0.26736367537306766,7.442200737944523,-7.174837062571456,-7.174837062571456,0.0,-0.001815592645120212,-0.9501115680241312,3.5856681649320654,6.224725494547324,0.02821450937061987,0.49478921311632645,6.1787580304953185
22,238,1.0,1308.5208488189764,0.26543523116204204,7.442087886378616,-7.176652655216576,-7.176652655216573,2.6645352591003757e-15,0.00251052310888511,-0.9535649470062583,3.584030378595059,6.223087708210317,0.02822341719280142,0.4947520926028032,6.17682764155088
22,239,1.0,1305.2398971652765,0.26342956673763246,7.437571698845322,-7.174142132107691,-7.17414213210769,8.881784197001252e-16,-0.03162215752072761,-0.949043808854878,3.586040993637554,6.225098323252813,0.028202233169697777,0.49473090835496264,6.178676014069431
22,240,1.0,1347.1739267325977,0.23041025144419938,7.436174541072617,-7.205764289628418,-7.2057642896284175,8.881784197001252e-16,-0.0040737061451503465,-0.9816754499406704,3.585031510072489,6.224088839687747,0.02812668921343578,0.4947075601883979,6.177466952262085
22,241,1.0,1352.6731108616555,0.22571626632433822,7.4355542620979085,-7.209837995773569,-7.2098379957735705,1.7763568394002505e-15,0.03450581777079975,-0.985101792520417,3.585678873637893,6.224736203253151,0.02811062328140014,0.49461172238980294,6.177198204893419
22,242,1.0,1306.794117160127,0.2593021323150394,7.434634310317809,-7.175332178002769,-7.175332178002769,0.0,-0.032778729043329236,-0.9510306830151488,3.5852441653723615,6.22430149498762,0.02820614092898847,0.494569519101878,6.176441885422801
22,243,1.0,1350.338940619694,0.2252967764807895,7.43340768352689,-7.208110907046098,-7.208110907046101,2.6645352591003757e-15,-0.010212979416288626,-0.9851758650097348,3.5838777124211054,6.222935042036364,0.028160102952414154,0.4946100668492738,6.175472697851197
22,244,1.0,1364.2005883001464,0.21216944098594506,7.430493327448332,-7.218323886462387,-7.218323886462387,0.0,-0.02087362113536173,-0.9927861710843084,3.5864803857628185,6.225537715378079,0.028143296157556334,0.4945240382110315,6.177211577162113
22,245,1.0,1392.9756698208726,0.19248983701656017,7.431687344614308,-7.239197507597749,-7.239197507597748,8.881784197001252e-16,-0.041707561243430114,-1.0161079257048802,3.5840322522776096,6.223089581892869,0.028212882197185773,0.49440408209411457,6.173712871182068
22,246,1.0,1452.3018636323786,0.14996429856981341,7.430869367410994,-7.280905068841179,-7.2809050688411805,1.7763568394002505e-15,-0.015273085442705003,-1.0606040284365106,3.5812437107894084,6.220301040404668,0.028170580257214195,0.49438665681075905,6.170850097666417
22,247,1.0,1474.6532468921337,0.13307982679535899,7.429257981079244,-7.296178154283884,-7.2961781542838855,1.7763568394002505e-15,-0.01127562330593701,-1.0757132633929924,3.581407561275633,6.220464890890891,0.028199459826400753,0.4943648988132814,6.170810377153017
22,248,1.0,1491.3749782167627,0.12044601201750095,7.427899789607321,-7.307453777589821,-7.30745377758982,8.881784197001252e-16,0.019864400286096817,-1.0877747569536442,3.580621691020918,6.2196790206361765,0.02820380718268639,0.4943735701198212,6.170147826354983
22,249,1.0,1462.0420140889041,0.13961908353032904,7.427208460834055,-7.287589377303724,-7.287589377303726,1.7763568394002505e-15,-0.012580005968176877,-1.0691183044614971,3.5794137432269673,6.2184710728422266,0.028221870836190557,0.49435303587655705,6.168814023927335
22,250,1.0,1480.550686866288,0.12626893022788968,7.426438313499791,-7.300169383271901,-7.300169383271901,0.0,-0.006393068624173992,-1.0831775931516037,3.577934460505038,6.216991790120297,0.028175810298544105,0.49434062086774366,6.16725983224196
22,251,1.0,1490.0462696236893,0.11679167981899818,7.423354131715072,-7.306562451896075,-7.306562451896074,8.881784197001252e-16,0.05290714561321597,-1.086798218775941,3.5807069035048733,6.219764233120133,0.028146937870269097,0.49433061440505854,6.16988966453293
22,252,1.0,1413.261321205926,0.1697227701418587,7.423378076424718,-7.253655306282859,-7.253655306282859,0.0,-0.0047435242751232565,-1.0352295505595193,3.57936842610808,6.218425755723339,0.02819622510053351,0.49427493695972413,6.168133817961426
22,253,1.0,1419.9810856729691,0.16287896587744596,7.421277796435427,-7.258398830557982,-7.258398830557981,8.881784197001252e-16,0.026345131923567244,-1.039765025755133,3.579576475187589,6.218633804802849,0.0282096329522436,0.4942166483083191,6.167837293086656
22,254,1.0,1383.0599778195544,0.1877469803857663,7.419800679020183,-7.232053698634415,-7.232053698634417,1.7763568394002505e-15,-0.007042607747475671,-1.0129150385708756,3.5800813304482806,6.219138660063541,0.028253756123987717,0.49416488508514944,6.167902327460299
22,255,1.0,1392.8347061223958,0.17599511473327661,7.415091421115168,-7.2390963063818905,-7.239096306381891,8.881784197001252e-16,-0.09311054551249853,-1.0187059036942951,3.5813330730723387,6.220390402687597,0.028277319173593957,0.4942476496894653,6.169915735611311
22,256,1.0,1528.7517808312211,0.08210336302836213,7.414310214922752,-7.332206851894389,-7.33220685189439,8.881784197001252e-16,-0.015483110590932547,-1.1152025731496855,3.577946949129445,6.217004278744704,0.02813923764647104,0.4941931411958124,6.166019269037002
22,257,1.0,1552.6058044272845,0.06358836201990276,7.411278324505222,-7.347689962485322,-7.347689962485319,2.6645352591003757e-15,-0.02704403221013507,-1.1293669942484235,3.579265638621638,6.2183229682368975,0.028082944656540026,0.49418578511851236,6.16724527941813
22,258,1.0,1595.1674510543442,0.033488910760676865,7.408222905456135,-7.374733994695457,-7.374733994695458,1.7763568394002505e-15,-0.03517931164910593,-1.1556487797880757,3.5800278852921217,6.219085214907381,0.028082135765029582,0.49417454357778906,6.16789460473086
22,259,1.0,1652.2830981935972,-0.0041881582002925855,7.405725148144269,-7.409913306344563,-7.409913306344562,8.881784197001252e-16,0.05115416394295913,-1.1899690511895276,3.5808869255397764,6.219944255155036,0.02804827383518177,0.49417176379183003,6.168666340938651
22,260,1.0,1569.8873472148239,0.046992893290575155,7.4057520356921795,-7.3587591424016034,-7.358759142401604,8.881784197001252e-16,-0.008100247131211269,-1.1393952513090804,3.580306561477265,6.219363891092523,0.028099962198225255,0.49411310931740693,6.167641587605544
22,261,1.0,1582.6554653376536,0.03669509262313134,7.403554482155944,-7.366859389532815,-7.366859389532813,1.7763568394002505e-15,-0.06968699722565574,-1.1480814785478966,3.5797205813696595,6.218777910984918,0.028076847918416022,0.49409868012386937,6.166936743341787
22,262,1.0,1696.8797234892004,-0.0357003361005917,7.400846050657878,-7.4365463867584705,-7.4365463867584705,0.0,-0.007753707735307813,-1.2184040539325718,3.5790850032106394,6.218142332825899,0.02802954306999173,0.49409910548366115,6.166218811254491
22,263,1.0,1710.0879732078654,-0.043399887720524416,7.4009002067732546,-7.444300094493778,-7.444300094493779,8.881784197001252e-16,0.015532582826098817,-1.228928234056852,3.576314530821667,6.2153718604369255,0.028084737228696532,0.4940638292498582,6.16315177048491
22,264,1.0,1683.7311150701123,-0.029921574499503556,7.3988459371681765,-7.4287675116676795,-7.42876751166768,8.881784197001252e-16,-0.01831703574634158,-1.2121025516742,3.5776076303782207,6.21666495999348,0.028077953733886333,0.4940691526616455,6.1645122809439385
22,265,1.0,1714.8562681243027,-0.04949598536596725,7.397588562048053,-7.447084547414021,-7.44708454741402,8.881784197001252e-16,-0.049224148324175765,-1.2310212988655402,3.577005918933222,6.2160632485484815,0.028058733295279036,0.49400802766222296,6.163350093661259
22,266,1.0,1801.3806825899187,-0.09967058229845724,7.396638113439741,-7.496308695738197,-7.496308695738199,1.7763568394002505e-15,0.025394066729000464,-1.2818313194656261,3.575420046657311,6.21447737627257,0.02806872236292623,0.49392141978155507,6.160930859417459
22,267,1.0,1756.2122338781053,-0.07442691762150164,7.396487711387692,-7.470914629009196,-7.470914629009194,2.6645352591003757e-15,-0.013811696539582918,-1.25655240880444,3.5753048905894977,6.214362220204757,0.028091289460070272,0.49389027849920114,6.1605951067349025
22,268,1.0,1780.6367883046657,-0.09246640362540243,7.392259921923378,-7.484726325548779,-7.48472632554878,8.881784197001252e-16,-0.045023614296098025,-1.2691600553761708,3.57650894055735,6.215566270172609,0.0280760692591715,0.49389235113724045,6.161780742865014
22,269,1.0,1862.639673350499,-0.1407367928143408,7.389013147030537,-7.529749939844877,-7.529749939844878,8.881784197001252e-16,0.02180329225017541,-1.313954570682024,3.576738039547595,6.215795369162854,0.028093372168035115,0.4938831192267541,6.161828933403426
22,270,1.0,1822.4675301041639,-0.11719626920882395,7.390750378385878,-7.507946647594702,-7.507946647594702,0.0,-0.0521806267904541,-1.2947143186008832,3.5741749993785596,6.213232328993818,0.028139413903158307,0.49380977983288066,6.15869460820477
22,271,1.0,1920.0898760810956,-0.17359819530530868,7.386529079079847,-7.560127274385156,-7.560127274385156,0.0,0.01584971447559802,-1.3459756154928095,3.575094329277087,6.214151658892346,0.028162290394079824,0.49381487893973647,6.159522798505838
22,272,1.0,1889.896906819391,-0.15857468484261317,7.385702875066946,-7.544277559909558,-7.54427755990956,1.7763568394002505e-15,0.024045335935428014,-1.3312370240372275,3.573983206257071,6.21304053587233,0.028179031579653777,0.49375550204863294,6.1579276798367175
22,273,1.0,1844.9956965416006,-0.13730630598007781,7.3829259179940525,-7.52023222397413,-7.52023222397413,0.0,0.023095849721880946,-1.3052470919123258,3.5759278024465457,6.214985132061805,0.028150938449193957,0.4936946508340383,6.1593813187052096
22,274,1.0,1802.8722638662628,-0.11272118544173082,7.384415188810519,-7.497136374252249,-7.49713637425225,8.881784197001252e-16,-0.021812423760194655,-1.2830295664142695,3.5750494782227205,6.214106807837979,0.028173431831808524,0.4936327157615385,6.158027443283889
22,275,1.0,1842.6293000376386,-0.1364937339812644,7.382455064031179,-7.518948798012444,-7.518948798012444,0.0,0.004732296205431474,-1.3054083398459109,3.574483128551275,6.213540458166533,0.02818149612781648,0.49357837816726896,6.156944225439278
22,276,1.0,1833.9300323834398,-0.1359374805572589,7.378279021249755,-7.514216501807012,-7.514216501807014,1.7763568394002505e-15,0.06418037610043559,-1.2981208147185683,3.577038357473184,6.216095687088442,0.0281685627254799,0.4936190524172578,6.159848150371474
22,277,1.0,1719.925277769546,-0.06903089523012221,7.381005230476456,-7.450036125706577,-7.450036125706578,1.7763568394002505e-15,0.010341319673221605,-1.2334601335306445,3.577518662560673,6.216575992175932,0.028121672654700284,0.4934818725451708,6.159273001627782
22,278,1.0,1702.2306313484244,-0.058019386208151114,7.3816754198252035,-7.439694806033355,-7.439694806033355,0.0,0.011649545142286222,-1.2234099577708049,3.5772275186472915,6.216284848262549,0.028131973143088046,0.49343675035210277,6.1586184769343015
22,279,1.0,1682.515478014896,-0.049147487003500245,7.378897773887569,-7.428045260891069,-7.42804526089107,8.881784197001252e-16,-0.007907436966013037,-1.2109765183470034,3.578011412928806,6.217068742544065,0.028168969778826394,0.49343708547874987,6.15942380158894
22,280,1.0,1695.8726038178406,-0.05843334493395236,7.3775193529231275,-7.435952697857082,-7.43595269785708,1.7763568394002505e-15,-0.006309604519265655,-1.2201773161882252,3.576718052053598,6.215775381668856,0.028126593420870434,0.4934085979944141,6.157882046540759
22,281,1.0,1706.606717658196,-0.06544843854653204,7.376813863829815,-7.4422623023763474,-7.4422623023763474,0.0,0.06592066679941944,-1.2268856657806606,3.576319306980428,6.215376636595687,0.028127448723143097,0.49333857056661107,6.156850861276736
22,282,1.0,1597.733969929019,-0.0004636276228863756,7.37587800795404,-7.376341635576928,-7.376341635576926,1.7763568394002505e-15,-0.006198912988575778,-1.1608310577261243,3.5764532482355453,6.215510577850803,0.028212379400903386,0.4932996360442439,6.1567898867915005
22,283,1.0,1607.6689449966361,-0.005613432584903211,7.3769271159806,-7.382540548565504,-7.382540548565503,8.881784197001252e-16,0.00430902873583161,-1.1687152109168102,3.5747680080334336,6.213825337648692,0.028196437145511743,0.4932336737190131,6.154550592140597
22,284,1.0,1600.7563572804145,-0.003846159310172098,7.374385360519501,-7.378231519829672,-7.378231519829673,8.881784197001252e-16,0.014683537093499233,-1.1640414633074065,3.5751327269070066,6.214190056522265,0.028198427754759038,0.4932215961947669,6.15481615398059
22,285,1.0,1577.4233169399304,0.01285026058888733,7.37639824332506,-7.363547982736173,-7.363547982736172,8.881784197001252e-16,-0.08984547046045854,-1.1502226638724946,3.57426798924842,6.213325318863679,0.0281868127494611,0.49313916555877385,6.153269675683274
22,286,1.0,1725.7093342383491,-0.07768509698391907,7.375708356212713,-7.4533934531966315,-7.453393453196632,8.881784197001252e-16,0.017089140239138878,-1.2426993542168054,3.571636769364567,6.210694098979826,0.02822166372122585,0.493083088213296,6.149974699018403
22,287,1.0,1696.469003079064,-0.06313019511573248,7.37317411784176,-7.436304312957493,-7.436304312957493,0.0,0.019190971674689195,-1.2256503954817188,3.571596587860515,6.210653917475773,0.028270578938771565,0.49307614320352927,6.149906251224543
22,288,1.0,1664.22252479401,-0.045055788359682214,7.3720575529231205,-7.417113341282803,-7.4171133412828025,8.881784197001252e-16,-0.003377221972410638,-1.2068969810913799,3.5711590305761645,6.210216360191423,0.028292684472693855,0.4930817730470778,6.149560578695103
22,289,1.0,1669.8524751165992,-0.04918950745790407,7.371301055797309,-7.420490563255214,-7.420490563255213,8.881784197001252e-16,-0.044091273788476215,-1.2111387754393272,3.570294458200628,6.209351787815888,0.02829373297751511,0.49303952560599934,6.148334130406609
22,290,1.0,1745.1256487239498,-0.09486052506728493,7.369721311976406,-7.46458183704369,-7.46458183704369,0.0,0.032031257064777385,-1.2558170714544683,3.5697074359739633,6.208764765589223,0.02825883392025409,0.4929218168074721,6.146643608626396
22,291,1.0,1690.1128485519548,-0.0628569438520028,7.369693636126912,-7.432550579978913,-7.432550579978915,1.7763568394002505e-15,-0.01714644946028443,-1.223342997260112,3.5701502531035416,6.209207582718801,0.02825471042409753,0.49281273240827644,6.146211437617199
22,292,1.0,1719.3421564004107,-0.08067750726692674,7.3690195221722705,-7.449697029439197,-7.449697029439197,0.0,-0.00963500161266495,-1.2420711309316488,3.5685685688922897,6.2076258985075485,0.02830408010175666,0.49271674621313943,6.143777518546221
22,293,1.0,1735.9880838444979,-0.09047625009604654,7.3688557809558155,-7.459332031051862,-7.459332031051862,0.0,0.014148063085049678,-1.2525723292254056,3.567702372211199,6.206759701826457,0.0282990774609501,0.4927064343307624,6.142804292494111
22,294,1.0,1711.6001427887818,-0.07547481575211773,7.3697091522146945,-7.445183967966813,-7.445183967966813,0.0,-0.08943113488648713,-1.2384372308645604,3.5676894074869923,6.206746737102252,0.02835066227640469,0.49259323887910034,6.1418324435866145
22,295,1.0,1871.7237989449195,-0.1674127869315047,7.367202315921796,-7.5346151028533,-7.534615102853301,8.881784197001252e-16,-0.00411319182729919,-1.3277004161420642,3.5678573570959773,6.206914686711236,0.02835753138538904,0.4925349630204072,6.141263721000234
22,296,1.0,1879.438412944788,-0.17450332356113302,7.364224971119467,-7.538728294680599,-7.5387282946806,8.881784197001252e-16,-0.0029808267213820017,-1.3304010009669185,3.5692699640984222,6.208327293713681,0.028365774442886137,0.49248537204408455,6.142225912022388
22,297,1.0,1885.0490512031452,-0.17904481661303975,7.3626643047889395,-7.541709121401981,-7.541709121401979,1.7763568394002505e-15,0.002937353972916945,-1.3327328506406908,3.5699189411460313,6.20897627076129,0.028407559141095332,0.492402726134199,6.142121540502411
22,298,1.0,1879.5201190741523,-0.17913094647008443,7.35964082095898,-7.538771767429064,-7.538771767429064,0.0,-0.009690102829077674,-1.328375687545994,3.5713387502678122,6.210396079883071,0.028410824607795575,0.4923976672489206,6.143486432988439
22,299,1.0,1897.8213896900763,-0.19070995212877995,7.357751918129361,-7.548461870258142,-7.548461870258142,0.0,0.01906724610163657,-1.3373951758271299,3.572009364815752,6.211066694431011,0.02845102270851984,0.4923006474665186,6.143266616816968
22,300,1.0,1861.9779658172677,-0.1709016753310595,7.358492948825445,-7.529394624156505,-7.529394624156504,8.881784197001252e-16,0.008358618283926589,-1.3180677109906898,3.572269583550555,6.211326913165814,0.028387398673269944,0.49220378715141033,6.142721650089831
22,301,1.0,1846.4792668387972,-0.16038235575379925,7.3606536501187785,-7.5210360058725785,-7.521036005872578,8.881784197001252e-16,-0.0021700579012122745,-1.311451499766935,3.570527176490384,6.209584506105642,0.028430158165749404,0.4920568360838966,6.139716075939414
22,302,1.0,1850.4905845829494,-0.16358625470214944,7.359619809071642,-7.523206063773791,-7.523206063773792,8.881784197001252e-16,-0.015537450806209385,-1.31260806000302,3.5715406741555116,6.21059800377077,0.028453308738970822,0.4919321378217843,6.139585576736121
22,303,1.0,1879.4670180260468,-0.18096033115530463,7.357783183424695,-7.53874351458,-7.53874351458,0.0,0.06060820582665194,-1.329763649978737,3.5699225349860044,6.208979864601263,0.028464859166695625,0.4919926946095998,6.138499415881717
22,304,1.0,1768.9391732617946,-0.11732572844915284,7.360809580304197,-7.478135308753348,-7.47813530875335,1.7763568394002505e-15,-0.050589411606856594,-1.2713793880616415,3.567698591076448,6.206755920691706,0.028461503071431103,0.4919361706510578,6.135992469439473
22,305,1.0,1860.731037417006,-0.1721845516487771,7.356540168711427,-7.528724720360205,-7.528724720360204,8.881784197001252e-16,0.032249779395908895,-1.3204925076310354,3.5691748831139094,6.208232212729169,0.028438943409021457,0.4918828233361227,6.136839974760171
22,306,1.0,1801.680178422973,-0.14025970358009418,7.356215237384203,-7.496474940964296,-7.496474940964297,8.881784197001252e-16,0.044852803745700776,-1.2875880194198783,3.5698295919291594,6.208886921544418,0.02845239922496387,0.4918505396450006,6.137273118076359
22,307,1.0,1722.6552633819467,-0.09475919865949411,7.3568629385591,-7.451622137218595,-7.451622137218594,8.881784197001252e-16,-0.03974968035054083,-1.2432564130877541,3.5693083945155815,6.208365724130841,0.028474522435836584,0.49176541460163953,6.136125459258685
22,308,1.0,1792.5094018580903,-0.13935286432858734,7.352018953240547,-7.491371817569136,-7.491371817569134,1.7763568394002505e-15,-0.010132030273335424,-1.2834179723621337,3.5688965155917427,6.207953845207002,0.028438219896963584,0.49178725285404207,6.1358460532615675
22,309,1.0,1810.7634806620906,-0.14887564209275278,7.3526282057497205,-7.501503847842471,-7.501503847842473,1.7763568394002505e-15,0.07730133156938557,-1.2951456107592398,3.5673009074679727,6.206358237083232,0.028466006653559445,0.49170473360323635,6.133520666095698
22,310,1.0,1676.0624074091224,-0.06743525853132165,7.356767257741765,-7.424202516273086,-7.424202516273087,8.881784197001252e-16,0.06619103124864889,-1.2178210668943699,3.5673241197634566,6.206381449378716,0.028481308432386748,0.49155908489317,6.132433293434546
22,311,1.0,1568.7140480259102,0.00024733771078364053,7.35825882273522,-7.358011485024437,-7.358011485024436,8.881784197001252e-16,-0.010103516393745515,-1.1516414606360235,3.5673126947731544,6.206370024388414,0.028529612330006178,0.49148179430263417,6.1318822613723105
22,312,1.0,1584.6439144492997,-0.013959869772893874,7.354155131645288,-7.368115001418182,-7.3681150014181815,8.881784197001252e-16,-0.012728784026423412,-1.1614287823023282,3.567628889500596,6.206686219115854,0.028554510926224456,0.49149409808458805,6.132328672638622
22,313,1.0,1604.9434245553375,-0.02562016124184105,7.355223624202763,-7.380843785444606,-7.380843785444604,1.7763568394002505e-15,0.008860494302870059,-1.1755552294603462,3.5662312263689997,6.205288555984258,0.02856959175816472,0.49143582463920976,6.130428947169698
22,314,1.0,1590.7856475620308,-0.016365588940797787,7.355617702200937,-7.371983291141736,-7.371983291141735,8.881784197001252e-16,-0.05783515945244222,-1.1666790219074359,3.5662469396190413,6.2053042692343015,0.028590818903919492,0.49130766735768683,6.129290938644245
22,315,1.0,1685.501543783972,-0.07879055491987622,7.351027895674302,-7.429818450594178,-7.429818450594178,0.0,-0.038905312158152405,-1.2250973744989337,3.5656637464799847,6.204721076095242,0.028522329865573633,0.49136201670035223,6.12911952434105
22,316,1.0,1752.3688194957786,-0.12207813712544019,7.3466456256268895,-7.46872376275233,-7.4687237627523295,8.881784197001252e-16,-0.009281639634673766,-1.2613532883749012,3.568313144762171,6.207370474377429,0.028478432623902695,0.49130262476906844,6.131100609426552
22,317,1.0,1768.709391726878,-0.13090682497648065,7.3470985774105255,-7.478005402387004,-7.478005402387006,1.7763568394002505e-15,-0.027092600409234002,-1.2725153375098992,3.5664327352618463,6.205490064877105,0.028519565496130436,0.4912502635803556,6.1287757395481135
22,318,1.0,1817.283354896735,-0.15888820873818643,7.346209794058052,-7.505098002796238,-7.505098002796238,0.0,0.0038341442035285667,-1.300214714485398,3.5658259586955814,6.20488328831084,0.028543319237973954,0.491143542804393,6.12716488419075
22,319,1.0,1810.3289690340155,-0.15592404911657956,7.3453398094761315,-7.50126385859271,-7.501263858592711,1.7763568394002505e-15,-0.08279976192689809,-1.295655048297935,3.5665514806795158,6.205608810294775,0.028612084200978976,0.4910211754093741,6.126811625177493
22,320,1.0,1966.6042836007719,-0.24502615297002261,7.339037467549586,-7.584063620519608,-7.584063620519609,8.881784197001252e-16,0.060031446419848145,-1.3762092670015453,3.5687970239028033,6.207854353518063,0.028622594358854773,0.4909654157108032,6.128290508798388
22,321,1.0,1852.0199255782,-0.1822644841044051,7.341767689995354,-7.5240321740997596,-7.5240321740997596,0.0,-0.002206215312536841,-1.317245555864997,3.5677292886195033,6.206786618234763,0.028659428531400147,0.49085608456229984,6.12639898666191
22,322,1.0,1856.11039086155,-0.18497680185015036,7.341261587562148,-7.526238389412296,-7.526238389412298,1.7763568394002505e-15,0.0006628108639841201,-1.3185456080988847,3.5686354516981527,6.207692781313411,0.02868658710382249,0.490801170226663,6.126757046797444
22,323,1.0,1854.8805483512456,-0.18480866402733048,7.340766914520983,-7.525575578548312,-7.525575578548313,8.881784197001252e-16,-0.009371296369022453,-1.3172091822897003,3.5693090666433536,6.208366396258612,0.02872800293617157,0.49069946297517486,6.126498527876142
22,324,1.0,1872.3448876372404,-0.19546335070391468,7.339483524213421,-7.534946874917335,-7.534946874917336,8.881784197001252e-16,-0.030603973228845227,-1.327984736646125,3.56790480865595,6.206962138271209,0.028692982370408845,0.4907034974387888,6.125185671940952
22,325,1.0,1930.5319161428918,-0.2292204938981698,7.336330354248011,-7.56555084814618,-7.565550848146181,8.881784197001252e-16,0.012304036353649295,-1.359997626045217,3.566495892485704,6.205553222100964,0.028651498434008334,0.4907390118358242,6.124073747354202
22,326,1.0,1906.9241147182495,-0.21889945357368695,7.334347358218841,-7.553246811792531,-7.553246811792528,2.6645352591003757e-15,0.06888697342628447,-1.3445220988763391,3.5696673833009336,6.208724712916191,0.028627383497209058,0.490582115391668,6.125729199254779
22,327,1.0,1779.9843273116044,-0.14620171031741708,7.338158128048829,-7.484359838366246,-7.484359838366246,0.0,0.05368727563159936,-1.278497144695424,3.566805364055564,6.205862693670823,0.028615999340433695,0.49057218741836084,6.123094326202773
22,328,1.0,1686.9417660834188,-0.09029176393296445,7.340380798801682,-7.430672562734647,-7.430672562734647,0.0,-0.02318551108911482,-1.229008532203834,3.5626067009155533,6.201664030530813,0.028626702488575198,0.49051509527207277,6.118721640941858
22,329,1.0,1726.5113206867627,-0.11594749615573463,7.337910577668026,-7.453858073823762,-7.453858073823761,8.881784197001252e-16,0.03120953348559663,-1.2519434619668106,3.5628572822416915,6.201914611856951,0.028617408261572205,0.4904645772396918,6.118478660656912
22,330,1.0,1673.4598694270067,-0.08406565606476335,7.3385828842734036,-7.422648540338165,-7.422648540338167,1.7763568394002505e-15,0.017531697929372925,-1.2198246313565269,3.5637665793663795,6.202823908981638,0.028641901811136544,0.4904036013726355,6.1188960097646135
22,331,1.0,1644.3769578174483,-0.06915727710096164,7.33595956530783,-7.405116842408792,-7.405116842408791,8.881784197001252e-16,-0.018979348203501445,-1.2030069273562312,3.5630525854373034,6.202109915052562,0.028596612079669046,0.4904493749131897,6.118731894508615
22,332,1.0,1675.8842084398552,-0.09070550328498425,7.333390687327309,-7.4240961906122935,-7.4240961906122935,0.0,0.07916088335456273,-1.220212898182958,3.564825962814077,6.203883292429336,0.028616898745572668,0.49031876274392844,6.1192421615769055
22,333,1.0,1548.3347960103083,-0.008764595722338397,7.336170711535394,-7.344935307257731,-7.344935307257733,1.7763568394002505e-15,0.05644442765346369,-1.1407223690353108,3.5651556086071614,6.20421293822242,0.028742083261266926,0.49019572385795407,6.118696033919503
22,334,1.0,1463.3606426121157,0.0489734273068686,7.337464306911135,-7.288490879604267,-7.288490879604267,0.0,0.03448246853265147,-1.0861436991905238,3.5632898507984856,6.202347180413745,0.028805988616715978,0.49016975923867195,6.116828144794254
22,335,1.0,1413.7604386614048,0.08315081919436743,7.337159230265984,-7.254008411071616,-7.2540084110716165,8.881784197001252e-16,-0.02270201029271668,-1.0536459294047227,3.561305152051633,6.200362481666892,0.02880817479417719,0.49015445869377244,6.1148838526197435
22,336,1.0,1446.2227281132712,0.05725806948209339,7.333968490846426,-7.276710421364332,-7.276710421364333,8.881784197001252e-16,0.0634717694878626,-1.0753472636320873,3.562305828116986,6.201363157732244,0.028768372959354326,0.49014057837448155,6.115716903084939
22,337,1.0,1357.2809172732684,0.12247798900538495,7.335716640881853,-7.21323865187647,-7.213238651876468,1.7763568394002505e-15,-0.015012082080385625,-1.0102319898708196,3.563949332390392,6.2030066620056505,0.028891501366430688,0.4900085273781096,6.116247787727895
22,338,1.0,1377.8102381911922,0.10506896764859369,7.333319701605448,-7.228250733956855,-7.2282507339568545,8.881784197001252e-16,0.03620749528701328,-1.027834501820778,3.561358902520818,6.200416232136077,0.028849997138651436,0.49004053885945253,6.114043977812028
22,339,1.0,1328.8155209673075,0.13990266890228897,7.331945907572131,-7.192043238669842,-7.192043238669842,0.0,0.03822155171384001,-0.991820408645806,3.561165500408777,6.200222830024037,0.02890349916324505,0.49001744180872475,6.113766288111628
22,340,1.0,1278.9845054912425,0.1803101577880301,7.334131844744032,-7.153821686956002,-7.153821686956002,0.0,0.024091609750453102,-0.9530788039312604,3.561685553409484,6.200742883024743,0.029019316447727615,0.48986789142665665,6.113014660186798
22,341,1.0,1248.539912043863,0.20174411493151584,7.331474192137064,-7.129730077205549,-7.129730077205548,8.881784197001252e-16,0.043609812648055524,-0.9274136683701913,3.5632590792200967,6.202316408835356,0.0290379446154477,0.48981303243386987,6.114125244768863
22,342,1.0,1195.2614948358164,0.24475324656632264,7.330873511123814,-7.086120264557493,-7.086120264557492,1.7763568394002505e-15,-0.03831896836218718,-0.8824965620509369,3.5645663728912966,6.2036237025065555,0.029160754236119014,0.4896925832367315,6.114399982883155
22,343,1.0,1241.9515262153723,0.20157493071694976,7.32601416363663,-7.124439232919681,-7.124439232919681,0.0,0.005780884848397783,-0.9214906098003415,3.5638912935040805,6.20294862311934,0.029057208345753677,0.48968379958612446,6.113721056344882
22,344,1.0,1234.792659683178,0.20721569403206636,7.32587404210335,-7.118658348071283,-7.118658348071284,8.881784197001252e-16,0.018174413712298332,-0.9157040426446432,3.563896975811381,6.202954305426641,0.029062471297703507,0.48963583680718004,6.113300039855662
22,345,1.0,1212.553728941555,0.22642932857289333,7.3269132629318765,-7.1004839343589845,-7.100483934358984,8.881784197001252e-16,-0.026412433507227995,-0.8981970073115338,3.5632295974321915,6.20228692704745,0.02910217219001477,0.48959888687089076,6.112296705886211
22,346,1.0,1245.0069209336548,0.1957328358737282,7.322629203739942,-7.1268963678662125,-7.126896367866214,1.7763568394002505e-15,-0.0016575628072432735,-0.925517903434125,3.562321134816829,6.201378464432088,0.02903725602398481,0.4895897914011006,6.111411851244133
22,347,1.0,1247.0723093832032,0.19113264874023322,7.319686579413688,-7.128553930673456,-7.128553930673454,1.7763568394002505e-15,0.039595072478641136,-0.926621826852105,3.562874774206093,6.201932103821352,0.028987079764665614,0.48958396493401585,6.111938041339685
22,348,1.0,1198.659176547403,0.2291316823526334,7.318090540547447,-7.088958858194815,-7.088958858194813,1.7763568394002505e-15,-0.030108560065087886,-0.8866100159338189,3.563291512645737,6.202348842260996,0.029075660858860635,0.4895409571145317,6.11203383924421
22,349,1.0,1235.2978798775953,0.193515164356739,7.312582582616643,-7.1190674182599025,-7.119067418259904,1.7763568394002505e-15,0.006345261899749488,-0.9175202402262673,3.5624898484183762,6.2015471780336355,0.029017834793310025,0.4895402217738427,6.111227835334527
22,350,1.0,1227.4844067878312,0.19919919808800074,7.3119213544481525,-7.112722156360153,-7.112722156360152,8.881784197001252e-16,0.00596418426413603,-0.9113699314000493,3.562294895344845,6.201352224960104,0.02904803169351145,0.48947987239343954,6.110581662784364
22,351,1.0,1220.1852519932854,0.1987352477144079,7.305493219810426,-7.106757972096017,-7.106757972096018,8.881784197001252e-16,0.0004688126478420429,-0.9030125321427341,3.564688110338024,6.203745439953282,0.029071383656054633,0.4895283663388054,6.113397723358625
22,352,1.0,1219.613347782879,0.2042207517919738,7.31050991124015,-7.106289159448175,-7.106289159448176,8.881784197001252e-16,0.008401005442954634,-0.9048709896663479,3.562360840166567,6.201418169781827,0.029069652472956856,0.48938278088865306,6.109826221487462
22,353,1.0,1209.4102874010443,0.21420664715954457,7.312094801164763,-7.09788815400522,-7.0978881540052186,1.7763568394002505e-15,-0.002304754444291568,-0.897131834218826,3.5616989901711356,6.200756319786393,0.029101836459931293,0.48925087678500306,6.108003052897717
22,354,1.0,1212.2008957340984,0.20847604583959975,7.308668954289113,-7.100192908449512,-7.100192908449513,8.881784197001252e-16,0.0374387961692646,-0.8989410422149301,3.5621945366193235,6.201251866234583,0.029093204401270036,0.48922441899302943,6.108326355091416
22,355,1.0,1167.6565987971696,0.24693758620369466,7.309691698483941,-7.062754112280247,-7.062754112280246,8.881784197001252e-16,-0.028342627299471346,-0.8607221100825908,3.5629746725823965,6.202032002197655,0.02920279924814431,0.48912148140082295,6.108213717188346
22,356,1.0,1201.2245088988493,0.21472707029552113,7.305823809875241,-7.091096739579719,-7.0910967395797195,8.881784197001252e-16,0.01178041573239863,-0.8897310702539604,3.5623083397105,6.201365669325758,0.02915635793700122,0.4890927304861998,6.1073141192211216
22,357,1.0,1187.1566103356072,0.2242512330082642,7.303567556855584,-7.07931632384732,-7.07931632384732,0.0,-0.008915432139561474,-0.8766915493613547,3.5635674448707064,6.202624774485966,0.029207634698680266,0.4890414005374752,6.108174610503123
22,358,1.0,1197.7879455889356,0.2122280640867324,7.300459820073612,-7.0882317559868815,-7.08823175598688,1.7763568394002505e-15,-0.06504466023810984,-0.8871537818160447,3.5620206445555773,6.201077974170836,0.029214939515171918,0.48901783104789914,6.106495683660755
22,359,1.0,1278.2873027743738,0.14856202973666865,7.301838445961661,-7.153276416224991,-7.153276416224993,1.7763568394002505e-15,0.04405961477527498,-0.9539118319406266,3.5603072546691057,6.199364584284365,0.02902578993704188,0.4889908874568728,6.104445045663337
22,360,1.0,1223.189170856342,0.1930748591070216,7.302291660556738,-7.109216801449716,-7.109216801449716,0.0,-0.01654352390152436,-0.9091677238724619,3.5609917479619955,6.200049077577254,0.029147581981132317,0.4888833373838221,6.104260497518205
22,361,1.0,1243.5933432342526,0.1733593714804207,7.299119696831662,-7.125760325351241,-7.125760325351241,0.0,-0.04961354178544042,-0.9263445651635769,3.5603584305724048,6.199415760187664,0.029131883605272198,0.48887007531501936,6.103519215146479
22,362,1.0,1306.848597410682,0.12285695529459857,7.298230822431281,-7.175373867136681,-7.175373867136682,8.881784197001252e-16,0.0023663727305756055,-0.9779744296393507,3.558342107882072,6.197399437497332,0.029030600551899106,0.48881303115859454,6.10097221756689
22,363,1.0,1303.7597626353534,0.12396345542608352,7.296970949832187,-7.1730074944061055,-7.173007494406104,1.7763568394002505e-15,0.005518417187260205,-0.9737314954255892,3.560218669365257,6.199275998980516,0.029000274827802368,0.48870849841735875,6.101863217675949
22,364,1.0,1296.5848875381814,0.13020366865174504,7.297692745870589,-7.167489077218845,-7.1674890772188435,1.7763568394002505e-15,0.04162677804235049,-0.9692378933649397,3.5591938542386456,6.198251183853905,0.029046388323222528,0.4886055451465516,6.099981545187719
22,365,1.0,1243.7201636705954,0.17599088542084523,7.301853184597341,-7.125862299176495,-7.125862299176496,8.881784197001252e-16,0.03052758896914387,-0.9283367183543509,3.5584682512068855,6.197525580822144,0.029160992154208084,0.4884957309491598,6.098371988488174
22,366,1.0,1206.3260655729293,0.21151931289208808,7.306854023099437,-7.095334710207351,-7.095334710207349,1.7763568394002505e-15,-0.0018928673212936786,-0.8979894936463481,3.558287886945744,6.197345216561003,0.029296806934417288,0.4883466091150838,6.096855915781309
22,367,1.0,1208.6116432264766,0.20747642125151605,7.304703998780163,-7.097227577528645,-7.097227577528647,2.6645352591003757e-15,-0.08864439862112317,-0.9005998200999805,3.5575704278134053,6.196627757428664,0.029293341697916354,0.4883323180549313,6.096161422031881
22,368,1.0,1320.6403031998966,0.11552897404508299,7.30140095019485,-7.185871976149768,-7.185871976149767,8.881784197001252e-16,-0.027554470928173203,-0.9930992221114414,3.5537154244230678,6.1927727540383275,0.029143595086127592,0.4883102304199302,6.092144356679863
22,369,1.0,1357.535832051719,0.08549516174323421,7.2989216088211775,-7.213426447077941,-7.213426447077944,2.6645352591003757e-15,-0.04620749683864833,-1.0204804937875038,3.553888623675179,6.1929459532904385,0.029077164056285625,0.4883113325926,6.092301802482257
22,370,1.0,1421.7360068210353,0.03644795894736674,7.296081902863955,-7.259633943916589,-7.2596339439165884,8.881784197001252e-16,-0.022804222608349356,-1.0686024594985326,3.551974154802798,6.191031484418056,0.02903511368299008,0.4882789230451091,6.090074497532212
22,371,1.0,1454.5300918649716,0.010918520461245695,7.293356686986183,-7.282438166524939,-7.282438166524937,1.7763568394002505e-15,-0.0016270571253755861,-1.092905181245469,3.550475655664211,6.18953298527947,0.029046137959257694,0.48824293694239856,6.088226640520541
22,372,1.0,1456.8986217592137,0.010607288867984732,7.294672512518297,-7.284065223650314,-7.2840652236503125,1.7763568394002505e-15,0.04083788956284273,-1.0952262072566576,3.549781686778398,6.188839016393657,0.02904259043417024,0.48813362580651326,6.086600397443524
22,373,1.0,1398.6004458985128,0.04777813169404729,7.291005465781517,-7.2432273340874715,-7.24322733408747,1.7763568394002505e-15,0.026552561308343492,-1.053234564258854,3.550935440213358,6.189992769828616,0.029073731271408772,0.4881927912210486,6.088382990662173
22,374,1.0,1361.9527204475255,0.07823973073998727,7.294914503519115,-7.216674772779128,-7.216674772779127,8.881784197001252e-16,0.037250682312435224,-1.0269262573500917,3.5506911858137777,6.189748515429036,0.029174739527223364,0.48802583513163866,6.086768939510172
22,375,1.0,1312.1523595489057,0.11273697422066413,7.292161064687357,-7.179424090466693,-7.179424090466693,0.0,0.031703639340717515,-0.9892451231868715,3.5511216376645622,6.190178967279822,0.02919978282873714,0.4880593296023934,6.087587452472232
22,376,1.0,1271.204876209842,0.1412693239741987,7.288989775100175,-7.147720451125975,-7.147720451125976,8.881784197001252e-16,-0.05094605611389902,-0.9561343120865625,3.552528809424154,6.191586139039414,0.029268243917511334,0.4880564749597792,6.089046941834193
22,377,1.0,1337.6458335280993,0.08981425245533678,7.2884807596952115,-7.198666507239874,-7.198666507239874,0.0,-0.04149838221189395,-1.009048808090974,3.5505603695336414,6.189617699148899,0.029189961601786905,0.4879635151321292,6.086235140575111
22,378,1.0,1394.3238612097516,0.04650169830181125,7.28666658775358,-7.240164889451768,-7.240164889451769,8.881784197001252e-16,-0.062462967790868795,-1.0520313028927777,3.5490762569437324,6.188133586558991,0.029148438832945385,0.4879226955495399,6.08432293265127
22,379,1.0,1484.1950601551625,-0.02105958924020246,7.281568268002436,-7.302627857242637,-7.302627857242639,1.7763568394002505e-15,-0.04725446463822358,-1.115320147431035,3.5482503801963436,6.187307709811603,0.02906537733572227,0.48790111496450056,6.083132098412827
22,380,1.0,1556.0134083315381,-0.07599459054249358,7.273887731338368,-7.349882321880861,-7.3498823218808615,8.881784197001252e-16,0.010539461093797442,-1.162551098235845,3.5482738940297565,6.187331223645015,0.029054238661494,0.4879433650294655,6.08332365391645
22,381,1.0,1539.6999839119671,-0.07012866041067967,7.269214200376385,-7.339342860787063,-7.339342860787064,8.881784197001252e-16,0.01779355988565623,-1.1511513866826153,3.5491341444891895,6.188191474104449,0.029081518840107155,0.4878767962174255,6.083642572167016
22,382,1.0,1512.5455435677482,-0.05425738174138384,7.267291919160025,-7.321549300901407,-7.321549300901409,1.7763568394002505e-15,-0.015090071151880657,-1.1324246109711724,3.5500673603149755,6.189124689930234,0.029117269699940367,0.4877933831533372,6.083929087455879
22,383,1.0,1535.5430440040427,-0.08057049402088018,7.2560688780324085,-7.336639372053288,-7.3366393720532885,8.881784197001252e-16,-0.01754060090980225,-1.1457962203884313,3.551785822049598,6.190843151664857,0.0291132972336677,0.4878436538956939,6.085952178348996
22,384,1.0,1562.715001279153,-0.09691233063823418,7.257267642324855,-7.35417997296309,-7.354179972963089,8.881784197001252e-16,0.003947412487085522,-1.1650380589697207,3.55008458437811,6.189141913993369,0.029082508534940824,0.4877205713909805,6.083210005339931
22,385,1.0,1556.5584797286444,-0.09015926199659949,7.260073298479406,-7.350232560476004,-7.350232560476005,8.881784197001252e-16,0.008904179290265546,-1.162641494976364,3.548533735884381,6.18759106549964,0.029143985967930736,0.4876435573656376,6.081076372865025
22,386,1.0,1542.7601266204192,-0.08517425818288138,7.256154123002857,-7.341328381185739,-7.341328381185739,0.0,-0.020583913530545672,-1.1530092914207482,3.5492617601497307,6.18831908976499,0.029172161031351663,0.4875751720395798,6.081250669010847
22,387,1.0,1574.8452535466186,-0.10989538384152037,7.252016910874767,-7.3619122947162845,-7.361912294716287,2.6645352591003757e-15,-0.0115705112987472,-1.1726538382338065,3.5502011268672193,6.189258456482477,0.029152462054974446,0.4875233608017486,6.081643370124425
22,388,1.0,1593.1728436715007,-0.12188283764732905,7.251599968367703,-7.373482806015032,-7.373482806015032,0.0,0.017801918127315908,-1.1854534857881345,3.5489719906116384,6.188029320226897,0.029134335645197053,0.4874384717284916,6.079735960810412
22,389,1.0,1565.062264628157,-0.10797668442418568,7.24770420346353,-7.355680887887716,-7.355680887887716,0.0,-0.044187192379644635,-1.1674991860199593,3.5491243722524985,6.188181701867758,0.02914095913737755,0.48741428952290056,6.0796928445392435
22,390,1.0,1635.7686256020604,-0.15646617120558162,7.243401909061779,-7.39986808026736,-7.39986808026736,0.0,-0.007014117969980305,-1.2109568343503772,3.549853916301724,6.188911245916983,0.029128435452056848,0.48739633112410813,6.080037012181679
22,391,1.0,1647.2824321076778,-0.16995517171249047,7.2369270265248495,-7.406882198237341,-7.40688219823734,8.881784197001252e-16,0.02051867916648753,-1.2163741645100434,3.551450704112039,6.190508033727297,0.029174072540686997,0.48737152928400035,6.081312761131945
22,392,1.0,1613.8267790649543,-0.14969350981181623,7.236670009259038,-7.386363519070853,-7.386363519070854,8.881784197001252e-16,-0.016916549236315248,-1.1941204731596282,3.553185716295966,6.192243045911225,0.029189005920544946,0.4873132474393646,6.082637482573323
22,393,1.0,1641.3593809599101,-0.1664845931988311,7.236795475108339,-7.4032800683071684,-7.40328006830717,1.7763568394002505e-15,0.015197698713175,-1.211821966189996,3.552400772501914,6.1914581021171715,0.029156250271977147,0.4872283571227748,6.081129066821264
22,394,1.0,1616.603091417839,-0.1536005151213187,7.234481854472676,-7.3880823695939934,-7.388082369593995,1.7763568394002505e-15,0.017576715338185167,-1.1966440158102951,3.5523810241684393,6.191438353783697,0.029249527289420773,0.4871991989725548,6.080887197189163
22,395,1.0,1588.4367798257708,-0.1281519314364854,7.242353722819324,-7.370505654255808,-7.370505654255809,8.881784197001252e-16,0.011966535275353962,-1.1820796724831446,3.549368652157405,6.188425981772665,0.02925523633631766,0.48700101519787403,6.076417721810207
22,396,1.0,1569.5419732264468,-0.11440380624229257,7.244135312738161,-7.358539118980454,-7.358539118980453,8.881784197001252e-16,0.011618449089502825,-1.1721544624107536,3.547327326954441,6.186384656569699,0.02930006935825066,0.4869082352849547,6.073719004389662
22,397,1.0,1551.4118555868463,-0.1055560134174825,7.241364656473468,-7.3469206698909515,-7.346920669890951,8.881784197001252e-16,-0.0007710822333750755,-1.158922976827737,3.5489403634479557,6.187997693063215,0.029295121255546716,0.48688198902837204,6.075105590206261
22,398,1.0,1552.6085830336779,-0.10732906072059842,7.240362691403728,-7.347691752124327,-7.347691752124327,0.0,-0.01393351135350418,-1.159359806377121,3.549274616131946,6.188331945747207,0.029298928784705868,0.48677281338906014,6.074511304324583
22,399,1.0,1574.3932886302473,-0.1146252048722648,7.247000058605566,-7.361625263477831,-7.361625263477831,0.0,-0.019056536993963036,-1.1748180722935573,3.547749861569013,6.186807191184272,0.029268371377878317,0.48659769301668215,6.071571792403651
22,400,1.0,1604.683468893369,-0.13183664054831806,7.248845159923476,-7.380681800471794,-7.380681800471794,0.0,0.019693679106401518,-1.195571170774069,3.546053300082465,6.185110629697724,0.029236048217518223,0.4865147917162492,6.069156003417666
22,401,1.0,1573.3904958591966,-0.1102363009802656,7.250751820385128,-7.360988121365392,-7.360988121365393,8.881784197001252e-16,0.016605770756241256,-1.176639883435717,3.5452909083144166,6.184348237929677,0.029281252432356138,0.48639683288638497,6.067491018756761
22,402,1.0,1547.478870657243,-0.08716713367719875,7.257215216931952,-7.344382350609151,-7.344382350609151,0.0,0.030939370363062046,-1.1599355239809117,3.5453894970129807,6.18444682662824,0.029290981598265462,0.4862229939378673,6.0661549478754555
22,403,1.0,1500.3339268972236,-0.054811544837709836,7.258631435408381,-7.313442980246089,-7.313442980246091,1.7763568394002505e-15,-0.022103209926489953,-1.1285722820739725,3.5458133685568582,6.1848706981721175,0.029321582481112135,0.48612099536997944,6.065782658667437
22,404,1.0,1533.8653333598063,-0.08429905581157215,7.25124713436101,-7.335546190172579,-7.335546190172582,2.6645352591003757e-15,0.0058809675543400886,-1.1490375327939704,3.5474513277633504,6.186508657378608,0.029255968262728513,0.4861415399430478,6.0675301378490705
22,405,1.0,1524.87119414447,-0.07974441531585341,7.249920807302386,-7.329665222618239,-7.32966522261824,8.881784197001252e-16,0.01723677096942211,-1.1449178766677919,3.5456900163351888,6.1847473459504485,0.02927862536713815,0.4861000950587175,6.065537349177803
22,406,1.0,1498.8125670849367,-0.06277521422700283,7.249653237421814,-7.312428451648817,-7.312428451648817,0.0,-0.03445868097321547,-1.1275524025563242,3.545818719477233,6.184876049092493,0.02923759748092762,0.4860533693404188,6.0653747162114255
22,407,1.0,1551.3598263427052,-0.10451244106208174,7.242374691559949,-7.346887132622032,-7.34688713262203,1.7763568394002505e-15,0.011864400772236827,-1.1582932062063158,3.5495365968004573,6.188593926415716,0.029140459690504356,0.4859913699371278,6.06834512936731
22,408,1.0,1533.0626288945248,-0.0946545765007763,7.24036815534902,-7.335022731849795,-7.335022731849796,8.881784197001252e-16,-0.0695389703416307,-1.148316453794059,3.5476489484404774,6.186706278055736,0.029192643333334,0.485909103380724,6.065840528020878
22,409,1.0,1643.4643513713618,-0.1668762217840865,7.23768548040734,-7.404561702191426,-7.404561702191426,0.0,0.0443389883721208,-1.2181733542314015,3.5473310183447664,6.186388347960025,0.029169219342025585,0.4857791190840234,6.064151465449355
22,410,1.0,1572.186671667556,-0.11293995576234336,7.247282758056961,-7.360222713819305,-7.360222713819304,8.881784197001252e-16,-0.025456537399023205,-1.1747316465836177,3.5464337376204282,6.185491067235688,0.02926735606368326,0.4855872166366138,6.061808789941291
22,411,1.0,1612.722867009336,-0.14289955226200202,7.242779698956326,-7.3856792512183285,-7.3856792512183285,0.0,0.0147610222682939,-1.202669043565127,3.5439528780379415,6.183010207653202,0.02922464610079141,0.4855645182519274,6.0592044447332105
22,412,1.0,1589.092263853268,-0.12381704898997631,7.247101179960059,-7.370918228950035,-7.3709182289500355,8.881784197001252e-16,0.046896379348429384,-1.1877103432276073,3.544150556107169,6.183207885722427,0.029284853822534793,0.4854055248265977,6.058100182137001
22,413,1.0,1516.2900133698083,-0.0729350022619222,7.251086847339684,-7.324021849601605,-7.324021849601606,8.881784197001252e-16,-0.023584574025679927,-1.1360096597319354,3.5489548602544114,6.188012189869672,0.029316614571998138,0.48526522792656723,6.061599047692267
22,414,1.0,1552.476106928868,-0.09642074033401893,7.251185683293268,-7.347606423627285,-7.347606423627287,1.7763568394002505e-15,-0.03553404575957764,-1.1603866675600405,3.5481624264519853,6.187219756067243,0.029372012776081688,0.4851757342945895,6.059943138763637
22,415,1.0,1608.6337084324928,-0.1345386555562958,7.248601813830568,-7.383140469386863,-7.383140469386864,8.881784197001252e-16,-0.0416030774798255,-1.192759007264165,3.551324132507439,6.190381462122697,0.029339565171271995,0.48508619549236376,6.062118040130488
22,416,1.0,1676.9694537961145,-0.1822450358505983,7.242498511016091,-7.424743546866688,-7.424743546866689,8.881784197001252e-16,0.00841464843162587,-1.2383924677551768,3.5472937494962538,6.186351079111512,0.029311494108317588,0.4850527613039422,6.057980838841443
22,417,1.0,1662.9175492436725,-0.17101156720627186,7.245317331228791,-7.416328898435062,-7.416328898435063,8.881784197001252e-16,-0.04953697714867733,-1.2297650592881222,3.5475065095316816,6.186563839146941,0.029305497576656108,0.48491417306697665,6.0569387855616705
22,418,1.0,1747.3678965723902,-0.22571586331923918,7.240150012264501,-7.46586587558374,-7.465865875583741,8.881784197001252e-16,-0.007076118102858686,-1.2792001855215704,3.5476083604469104,6.186665690062169,0.029273848426752107,0.4848239099438515,6.056109860419063
22,419,1.0,1759.7763281657592,-0.23889319242261092,7.23404880126399,-7.472941993686598,-7.472941993686601,2.6645352591003757e-15,0.02101582169366978,-1.284392050794083,3.549492613277256,6.188549942892515,0.029171617848361156,0.4847845789274305,6.057620663715659
22,420,1.0,1723.1790901129398,-0.21714455510707797,7.234781616885851,-7.451926171992929,-7.451926171992929,0.0,-0.004558773210866285,-1.2671460738842895,3.54572276849338,6.184780098108639,0.029289756338790045,0.4847519170315652,6.053830341684741
22,421,1.0,1731.0526059370952,-0.22265488110295534,7.23383006410084,-7.456484945203795,-7.456484945203796,8.881784197001252e-16,-0.006454824354306332,-1.2702930959406749,3.547134519647861,6.186191849263119,0.029310044822976295,0.4846435020370288,6.0542387047670845
22,422,1.0,1742.2623861164993,-0.23603464914418212,7.226905120413918,-7.462939769558101,-7.4629397695581,8.881784197001252e-16,-0.018286269813049927,-1.2764511085515828,3.5474313313912593,6.186488661006519,0.02923656085573478,0.48468415939394704,6.054929907949826
22,423,1.0,1774.4149454349879,-0.25154348881771005,7.2296825505534414,-7.481226039371151,-7.481226039371151,0.0,-0.030421953299751614,-1.298292105653912,3.5438766041019805,6.182933933717238,0.029300147905166843,0.4844793509352345,6.049696461864707
22,424,1.0,1829.2256106017908,-0.2828780576014664,7.228769935069437,-7.511647992670903,-7.511647992670903,0.0,0.031245728341980694,-1.3316388226430649,3.540951840412579,6.180009170027838,0.029372639201122,0.4843743088468033,6.045844988661217
22,425,1.0,1772.953828586803,-0.24886103628751985,7.231541228041403,-7.480402264328922,-7.480402264328922,0.0,-0.019414997987831306,-1.2983733713606347,3.542971563353028,6.182028892968285,0.02936656764900549,0.4842347109430689,6.0467110363046075
22,426,1.0,1807.7120471602302,-0.2687760125613494,7.231041249755403,-7.499817262316753,-7.4998172623167525,8.881784197001252e-16,-0.030061588927200233,-1.3185166413311928,3.5422432913703017,6.181300620985561,0.029406714587545082,0.4841021499318204,6.044776268372615
22,427,1.0,1862.879804314242,-0.3004359794300372,7.229442871813915,-7.529878851243954,-7.529878851243952,1.7763568394002505e-15,0.018483361156187428,-1.3487996457161675,3.542021875912527,6.181079205527786,0.029428940948178002,0.48398353065393546,6.043446069036688
22,428,1.0,1828.763784718541,-0.2840550181817195,7.227340471906048,-7.511395490087766,-7.511395490087768,1.7763568394002505e-15,0.03319372443161761,-1.3310626355729942,3.5412755248995134,6.180332854514772,0.029420537815719894,0.48394688593220764,6.0425027000584395
22,429,1.0,1769.0567353868562,-0.2461096521347079,7.232092113521441,-7.478201765656149,-7.478201765656149,0.0,-0.012512844556929359,-1.296005803751962,3.5431386322889273,6.182195961904186,0.029524503869867682,0.4837649638494797,6.042783720497866
22,430,1.0,1791.331738520279,-0.26060674430141917,7.23010786591166,-7.490714610213078,-7.490714610213079,8.881784197001252e-16,0.05749877208758747,-1.310040028066333,3.5416172525314855,6.180674582146745,0.029552987740779118,0.48371966977846187,6.040944744759052
22,431,1.0,1691.237583971309,-0.20099424296729462,7.232221595158196,-7.4332158381254905,-7.4332158381254905,0.0,-0.03709820637205574,-1.2551148014411841,3.5390437070690486,6.178101036684308,0.029623489373265834,0.483594496061186,6.037670548167113
22,432,1.0,1755.1577966822865,-0.24310997683105934,7.227204067666488,-7.470314044497546,-7.470314044497547,8.881784197001252e-16,-0.006947236981203808,-1.2908744616687424,3.5403822532135463,6.179439582828805,0.029620372026403434,0.4835779742514733,6.0386814284852255
22,433,1.0,1767.3937476477092,-0.24909792970798886,7.228163351770759,-7.47726128147875,-7.477261281478747,2.6645352591003757e-15,0.010912793543234045,-1.2993479235460181,3.5388560283174724,6.177913357932732,0.029629826998998493,0.48345169337616084,6.036207721300756
22,434,1.0,1748.2114014289332,-0.23966976692016717,7.226678721015348,-7.466348487935516,-7.466348487935515,8.881784197001252e-16,0.043314940631658416,-1.2890189623126598,3.5382721960075973,6.1773295256228575,0.029594163632874836,0.48344713927379573,6.03575239453603
22,435,1.0,1674.1042871782433,-0.19338186915226296,7.229651678151594,-7.423033547303858,-7.423033547303857,8.881784197001252e-16,-0.059089846741392726,-1.2509523882568279,3.5330238294317704,6.17208115904703,0.029698873977879424,0.4833829849397678,6.030409788489581
22,436,1.0,1776.0079396135543,-0.2540276842818684,7.228095709763381,-7.48212339404525,-7.482123394045249,8.881784197001252e-16,0.05316004252922113,-1.3089521358144514,3.5341139286155396,6.173171258230799,0.02975884385376816,0.4831587083805763,6.02929786039451
22,437,1.0,1684.0608890067329,-0.1980822278816411,7.230881123634388,-7.428963351516029,-7.428963351516029,0.0,0.0036612467941408156,-1.2579549461110524,3.531951075789718,6.171008405404977,0.029811186240057876,0.48305038496250396,6.026518880185213
22,438,1.0,1677.9063999024074,-0.19151670473801738,7.233785399983871,-7.425302104721888,-7.425302104721888,0.0,0.007059479226423804,-1.2542235497446936,3.532021225361935,6.1710785549771945,0.029880325320700445,0.4828731440841584,6.024942462015183
22,439,1.0,1666.1029665943922,-0.18289340222149203,7.235349223273971,-7.4182426254954645,-7.418242625495463,1.7763568394002505e-15,-0.016375055809156436,-1.2454022068456785,3.5337830890345265,6.172840418649785,0.029951147070861737,0.48273182522940855,6.025328964048457
22,440,1.0,1693.6100963993385,-0.20126384513987575,7.233353836164746,-7.434617681304621,-7.434617681304621,0.0,-0.05215158185136648,-1.2602223599888003,3.5353379917005614,6.174395321315821,0.03003163894149768,0.48258502758201705,6.025443222881565
22,441,1.0,1784.2782365235344,-0.26294315502435794,7.223826108131629,-7.4867692631559875,-7.486769263155987,8.881784197001252e-16,-0.004279846911953378,-1.3144604957577248,3.5332514377830044,6.172308767398263,0.029887730639809536,0.4826805297504509,6.024299578527923
22,442,1.0,1791.9310389541918,-0.26833043062367024,7.222718679444272,-7.491049110067941,-7.491049110067943,1.7763568394002505e-15,-0.008707117542114062,-1.3215135193841685,3.530478261068514,6.169535590683773,0.02986307254857598,0.482612052326348,6.021122638967991
22,443,1.0,1807.6017173526443,-0.282691854947937,7.217064372662119,-7.499756227610055,-7.499756227610056,8.881784197001252e-16,0.04075699373962838,-1.3308742297752343,3.529824668219562,6.168881997834821,0.029845775017132616,0.48256880120210993,6.020223364668968
22,444,1.0,1735.410448026305,-0.24090319910333372,7.218096034767092,-7.4589992338704265,-7.4589992338704265,0.0,0.03830167677171037,-1.292161373692766,3.527780530562402,6.166837860177661,0.029866464350188242,0.48252856532984667,6.01817238863475
22,445,1.0,1670.1981600746005,-0.20217974986432685,7.21851780723439,-7.420697557098716,-7.420697557098717,8.881784197001252e-16,-0.003218944414757452,-1.2529794745721434,3.528660752911314,6.167718082526572,0.029859763802837946,0.48246577080014674,6.0186505322627415
22,446,1.0,1675.5830973707127,-0.20984909157216097,7.214067409941313,-7.423916501513474,-7.423916501513474,0.0,0.00385329362691067,-1.2557091646803653,3.5291500072178503,6.168207336833109,0.029817090697096482,0.48252541643983793,6.019612074928913
22,447,1.0,1669.1390071595426,-0.20684921568743683,7.213213992199126,-7.420063207886563,-7.420063207886563,0.0,0.03171155348721921,-1.2510435388863088,3.529962339384995,6.169019669000254,0.02980434846593118,0.48241850382795914,6.0195820419949655
22,448,1.0,1617.0384766853285,-0.1783973406620104,7.2099543137373345,-7.388351654399344,-7.388351654399345,8.881784197001252e-16,-0.026335955307420278,-1.221090824254423,3.5282035005296613,6.16726083014492,0.029817397615127573,0.4824007976900942,6.017928671695718
22,449,1.0,1660.1904599966222,-0.2062941234953074,7.208393486211456,-7.414687609706764,-7.414687609706763,8.881784197001252e-16,-0.01820001514743108,-1.2465625456184866,3.529067734473018,6.168125064088278,0.029800247562368123,0.48227944926950583,6.017657674333629
22,450,1.0,1690.6825884347681,-0.2271653316599318,7.205722293194263,-7.432887624854195,-7.432887624854195,0.0,-0.01874766225014124,-1.2665936503854447,3.527236644853492,6.1662939744687515,0.029832532102663966,0.48223963031749173,6.015456726662566
22,451,1.0,1722.6779162507728,-0.24985132963343076,7.201783957470907,-7.451635287104336,-7.451635287104337,8.881784197001252e-16,-0.0188847060604731,-1.283533429993772,3.529044527495306,6.168101857110565,0.029797632911610694,0.482113898307386,6.016052658406335
22,452,1.0,1755.519306316285,-0.27222309378720166,7.198296899377607,-7.470519993164809,-7.4705199931648085,8.881784197001252e-16,0.011679765752310445,-1.302461824844317,3.529000838705234,6.168058168320492,0.029773213178231707,0.48205618467054584,6.0153843584592
22,453,1.0,1735.134528494989,-0.25764754331805745,7.2011926840944405,-7.458840227412499,-7.458840227412498,8.881784197001252e-16,-0.0003351018430421959,-1.2937642367698714,3.5260186610273676,6.165075990642627,0.029883479261376314,0.4818833444739097,6.011273721558601
22,454,1.0,1735.7160727062396,-0.2637601510297158,7.195415178225827,-7.459175329255541,-7.459175329255542,8.881784197001252e-16,-0.04928744300591159,-1.2951236705743603,3.524994329065922,6.16405165868118,0.029873862505271995,0.48190821620260943,6.010471852789685
22,455,1.0,1823.4083933312777,-0.3186883081640233,7.189774464097429,-7.508462772261453,-7.508462772261452,8.881784197001252e-16,0.00890642988933088,-1.3439430911762928,3.525462351469901,6.164519681085159,0.029835816773192136,0.48179956752745917,6.009761749907404
22,456,1.0,1807.2404405614357,-0.3070848527395321,7.192471489632592,-7.499556342372122,-7.499556342372124,1.7763568394002505e-15,0.052077588368312,-1.3363658852707838,3.524133127486079,6.163190457101338,0.029882284182388454,0.4816545768186836,6.007335449868825
22,457,1.0,1715.5324090265808,-0.2508646677902966,7.196614086213511,-7.44747875400381,-7.447478754003808,1.7763568394002505e-15,-0.014285316154897032,-1.2836010122161345,3.524820412172415,6.163877741787674,0.029904076734373182,0.48165377270913873,6.008255205265489
22,458,1.0,1740.2152129415035,-0.26728022026991843,7.1944838498887895,-7.461764070158707,-7.461764070158708,8.881784197001252e-16,0.015315533033152029,-1.2969304374220592,3.52577630312139,6.164833632736648,0.029879598562391287,0.481559646776268,6.008348958032985
22,459,1.0,1713.765948658488,-0.24463715267928587,7.20181138444627,-7.446448537125555,-7.446448537125556,8.881784197001252e-16,0.012700856781362013,-1.2825650925426022,3.524826114967695,6.163883444582952,0.029964374690102574,0.4814125368045575,6.006271929358843
22,460,1.0,1692.1372947512018,-0.23301961145089306,7.2007280688933,-7.433747680344193,-7.433747680344193,0.0,-0.009547526894082559,-1.2720555833963711,3.522634767332563,6.161692096947823,0.0300174484281514,0.4813525459725341,6.003719546637631
22,461,1.0,1708.370390730705,-0.2405391893103827,7.202756017927891,-7.443295207238275,-7.443295207238274,1.7763568394002505e-15,-0.013357806574607167,-1.2824599272334407,3.5217779503895756,6.160835280004834,0.03009688850015639,0.48120886783533573,6.001646645927549
22,462,1.0,1731.3435659907736,-0.26277807231826245,7.19387494149462,-7.456653013812883,-7.456653013812883,0.0,0.024865079273433288,-1.294871847199167,3.5227238369984577,6.161781166613717,0.03007158749651597,0.481217816489217,6.002547583796173
22,463,1.0,1688.8243830794368,-0.24092820585623986,7.19085972868321,-7.431787934539449,-7.43178793453945,8.881784197001252e-16,0.015136585407896419,-1.2719722521881778,3.5207583527360127,6.1598156823512715,0.03010010297765579,0.4811621951577391,6.000512526969025
22,464,1.0,1663.453844625395,-0.22968006354425802,7.186971285587298,-7.416651349131553,-7.4166513491315555,2.6645352591003757e-15,0.009539738202091641,-1.2566339823227988,3.5209600371934946,6.160017366808753,0.030120802028431256,0.4811103960098457,6.000354810844139
22,465,1.0,1647.6603829568128,-0.21181452075621965,7.195297090173241,-7.407111610929461,-7.407111610929461,0.0,-0.04291034366084112,-1.246672126240832,3.5213821550733706,6.160439484688629,0.030175112837200133,0.48094850888955126,5.999530230889244
22,466,1.0,1719.9009046811482,-0.2584300979067555,7.191591856683545,-7.450021954590302,-7.450021954590301,1.7763568394002505e-15,-0.03359712060045528,-1.2877229182333783,3.523241706741665,6.162299036356923,0.030153169116352237,0.48085117045009584,6.000337832759782
22,467,1.0,1778.6662687138924,-0.2950242405995904,7.188594834591166,-7.483619075190758,-7.483619075190757,8.881784197001252e-16,-0.05939420811952267,-1.323175839365425,3.5213859062100745,6.1604432358253325,0.03013256415318836,0.48084596260832096,5.998339639016853
22,468,1.0,1887.5090641499155,-0.3602797806670984,7.182733502643185,-7.54301328331028,-7.543013283310283,2.6645352591003757e-15,-0.03832203498949749,-1.3822812399049462,3.5216747137900746,6.160732043405334,0.030079321511192473,0.48079933343113657,5.997940020694921
22,469,1.0,1961.246105456652,-0.40996109597442526,7.17137422232535,-7.581335318299778,-7.581335318299775,2.6645352591003757e-15,-0.03155291518969783,-1.4203045887865462,3.5219733998979725,6.161030729513231,0.03009238013221783,0.4808634330997493,5.998430168585854
22,470,1.0,2024.1157823497326,-0.44711768879873287,7.1657705446907425,-7.612888233489476,-7.612888233489476,0.0,-0.03484081152068352,-1.4505246045817712,3.5233062992924458,6.162363628907705,0.0301076462181235,0.4808207008153222,5.999139024771637
22,471,1.0,2095.8805305020373,-0.4861340667578867,7.161594978252272,-7.647729045010159,-7.647729045010159,0.0,0.033628129443799004,-1.4847272866817174,3.523944428713183,6.163001758328442,0.030097984982535363,0.4807432094145408,5.998829422776667
22,472,1.0,2026.5718802124616,-0.4544168119447839,7.159684103621576,-7.61410091556636,-7.614100915566359,8.881784197001252e-16,0.008023780641077671,-1.451917377190891,3.5231262087602104,6.162183538375468,0.03006562237070749,0.4806683611566412,5.997636248347279
22,473,1.0,2010.3761742794213,-0.44115982853509583,7.164917306390185,-7.6060771349252825,-7.606077134925281,1.7763568394002505e-15,-0.06470521108471328,-1.4432203037025464,3.5237995016074772,6.162856831222736,0.03003451745342011,0.4805120199659205,5.9971225627665685
22,474,1.0,2144.7587324894844,-0.5173818626148328,7.1534004833951625,-7.670782346009996,-7.670782346009995,8.881784197001252e-16,-0.00931043370256468,-1.5046882511599466,3.52703676523479,6.166094094850048,0.029997956860280905,0.48050964640685273,5.999766154801103
22,475,1.0,2164.8206139646063,-0.5355245972449516,7.144568182467609,-7.68009277971256,-7.68009277971256,0.0,0.03321683349869975,-1.5097760275439167,3.531259422553384,6.1703167521686435,0.02992844023951141,0.48054811271396375,6.004142154762721
22,476,1.0,2094.0932997948557,-0.5002686905432767,7.146607255670586,-7.646875946213861,-7.646875946213863,2.6645352591003757e-15,0.027258680121503787,-1.4800479527760575,3.5277706638225452,6.1668279934378045,0.0299750573646373,0.4804765764875987,6.000355828854421
22,477,1.0,2037.7820522618524,-0.47268559198646753,7.146931674105891,-7.619617266092357,-7.619617266092358,8.881784197001252e-16,0.04547683973202776,-1.452498840034458,3.5280610964426407,6.1671184260578995,0.029945757952467175,0.48042423051713185,6.000504058606839
22,478,1.0,1947.1857935280477,-0.43071266601560687,7.1434277603447205,-7.574140426360329,-7.574140426360327,1.7763568394002505e-15,-0.08223603381558853,-1.404025496886661,3.531057599858408,6.170114929473668,0.02990293442905853,0.4804154898300573,6.003802336170274
22,479,1.0,2114.0830686105114,-0.5208461807775329,7.135530279398388,-7.656376460175918,-7.656376460175921,3.552713678800501e-15,0.013242231572461627,-1.4854677742527407,3.531851356307919,6.170908685923178,0.029893980747386615,0.4803632782122319,6.0033131859776265
22,480,1.0,2086.272434875814,-0.5081328472458108,7.135001381357645,-7.643134228603456,-7.643134228603456,0.0,-0.04364624715655463,-1.4738445561961355,3.530232342792062,6.169289672407322,0.029922682844923425,0.4802468295806293,6.000979698393542
22,481,1.0,2179.3467954306584,-0.5524389163973112,7.1343415593627,-7.686780475760011,-7.6867804757600116,8.881784197001252e-16,0.015651158640144658,-1.5164942776553239,3.5312288684894284,6.170286198104688,0.029974840163735333,0.4801621538548059,6.0011147797892805
22,482,1.0,2145.5030309248596,-0.5401651752015798,7.130964141918288,-7.671129317119866,-7.671129317119868,1.7763568394002505e-15,-0.013349030651749416,-1.5011478262459224,3.5309241612586852,6.169981490873945,0.029940358128873697,0.4801276678943078,6.000519205843827
22,483,1.0,2174.3354307911422,-0.5546489295254112,7.129829418246204,-7.684478347771615,-7.684478347771615,0.0,-0.05354667639332433,-1.5166720000958196,3.5287490180605374,6.167806347675798,0.029984648737308193,0.48005007630027696,5.997480556578792
22,484,1.0,2293.937435388263,-0.606586804710014,7.131438219454925,-7.73802502416494,-7.738025024164939,8.881784197001252e-16,-0.03159417275459653,-1.5695261206972015,3.529441573852479,6.168498903467738,0.02999052047539007,0.47988167107647905,5.996534005824436
22,485,1.0,2367.569538898137,-0.6379205916578345,7.131698605261699,-7.769619196919536,-7.769619196919534,2.6645352591003757e-15,0.0009512432798919335,-1.601718032859622,3.528843834444654,6.167901164059913,0.03003000088824931,0.47972383005502567,5.994504015078326
22,486,1.0,2365.318475108977,-0.6409903194957834,7.12767763414386,-7.768667953639644,-7.7686679536396435,8.881784197001252e-16,-0.05985766567762063,-1.5989335830043956,3.5306770410199886,6.169734370635248,0.030015525778795172,0.47964620791581114,5.995696387590554
22,487,1.0,2511.2241422642956,-0.7035603707311208,7.124965248586144,-7.828525619317265,-7.828525619317265,0.0,-0.0505607447736649,-1.6591931348186932,3.530275154883313,6.169332484498573,0.030147233470115692,0.47943968875349136,5.993229474773632
22,488,1.0,2641.458125917651,-0.7555797126033365,7.123506651487593,-7.87908636409093,-7.879086364090929,8.881784197001252e-16,0.05690196635890832,-1.7079412687454862,3.5320877657301852,6.1711450953454445,0.03021601467066141,0.4793971562476773,5.994127169929414
22,489,1.0,2495.3502965066837,-0.6933966316795677,7.128787766052453,-7.822184397732022,-7.82218439773202,1.7763568394002505e-15,0.04396853485937413,-1.65592871595478,3.5271983521619825,6.166255681777241,0.03019986553375628,0.47933006868026345,5.989255987775743
22,490,1.0,2388.0104794270433,-0.6446678201212156,7.133548042751432,-7.778215862872647,-7.778215862872647,0.0,0.03289580197232933,-1.6132504967377705,3.525908036519617,6.1649653661348776,0.030110163001962974,0.47926830156018974,5.988007740890848
22,491,1.0,2310.7329808237882,-0.6071240877592103,7.138195973141107,-7.745320060900318,-7.745320060900317,8.881784197001252e-16,0.013977623236607783,-1.5856022560377927,3.5206604752472677,6.159717804862526,0.030205963338841436,0.47913217756004567,5.9821034135195825
22,492,1.0,2278.659106282732,-0.5926132001263268,7.138729237537385,-7.73134243766371,-7.731342437663712,1.7763568394002505e-15,0.02240498898287857,-1.5736898811665563,3.5185952268818945,6.157652556497154,0.03026025583184485,0.47899675162836863,5.979161713010535
22,493,1.0,2228.173451279086,-0.569345906692042,7.139591541988787,-7.708937448680832,-7.708937448680829,2.6645352591003757e-15,0.02525566227950815,-1.5531800668919988,3.5167000521735745,6.155757381788833,0.030298435815283978,0.4788203803369934,5.976197099392861
22,494,1.0,2172.6041288165984,-0.5435953481809899,7.140086438220335,-7.683681786401324,-7.6836817864013245,8.881784197001252e-16,-0.004159500314407261,-1.529327898538615,3.5152965582474502,6.154353887862709,0.030294616820081773,0.47874119578966473,5.974355023305114
22,495,1.0,2181.6598970524215,-0.5630065369852199,7.124834749730511,-7.687841286715731,-7.687841286715731,0.0,-0.000766923835485045,-1.5308348495612278,3.517949107539244,6.157006437154502,0.030275484874923177,0.4788553501368091,5.97747797461997
22,496,1.0,2183.333705788259,-0.5688232235999677,7.11978498695125,-7.688608210551216,-7.688608210551218,1.7763568394002505e-15,-0.01584177883240301,-1.5319441386756574,3.5176067422602997,6.156664071875558,0.030324890454664258,0.4787905356425824,5.97651660452169
22,497,1.0,2218.1970147772354,-0.5919521087016809,7.112497880681935,-7.704449989383619,-7.704449989383615,3.552713678800501e-15,-0.023904639397923866,-1.5477406893099472,3.517651970458413,6.156709300073671,0.030368451113267837,0.4787891714707094,5.976148370541144
22,498,1.0,2271.8610690407486,-0.6160971895357391,7.112257439245804,-7.728354628781543,-7.728354628781543,0.0,-0.005938481801571527,-1.5712496977689168,3.5180476013973667,6.157104931012626,0.030349613391596114,0.47871197791775677,5.975861080938136
22,499,1.0,2285.39261330318,-0.6160439036140261,7.118249206969088,-7.734293110583114,-7.734293110583113,8.881784197001252e-16,0.031043444850304525,-1.5787341595754198,3.516501621392435,6.155558951007692,0.030359816307168816,0.47852521609240406,5.973017499023867
22,500,1.0,2215.53605776255,-0.5867213486919656,7.116528317040843,-7.70324966573281,-7.703249665732809,8.881784197001252e-16,,-1.548315116904576,3.515877219212974,6.1549345488282325,0.03037118098271295,0.47845022589278485,5.972031494975846
