seed,epoch,temperature,Z,E,S,F,F_check,err,delta_F,F_data,KL,NLL,data_mass,recon_sq,recon_ce
27,1,1.0,2541.7384299223204,-0.22345458181437305,7.617148965318071,-7.840603547132447,-7.840603547132444,2.6645352591003757e-15,0.004735627444051538,-1.5967716294322958,3.6047745880848914,6.24383191770015,0.027404516530680385,0.4998522728577903,6.242498415410876
27,2,1.0,2529.7301594472046,-0.21725827019875435,7.618609649489642,-7.835867919688395,-7.835867919688396,8.881784197001252e-16,0.07657650451123388,-1.5932429683637317,3.603567621709405,6.2426249513246646,0.027446291850699616,0.49988071051499955,6.241550469202714
27,3,1.0,2343.2436300020213,-0.13867883248709512,7.620612582690066,-7.759291415177161,-7.759291415177161,0.0,0.048536922897664425,-1.5186975015908266,3.601536583971076,6.240593913586335,0.027394909993600003,0.4998918608084913,6.239620683542403
27,4,1.0,2232.2258201359364,-0.09052856127235619,7.620225931007142,-7.710754492279497,-7.710754492279499,1.7763568394002505e-15,-0.0032026905016797613,-1.46997161087765,3.6017255517865885,6.240782881401848,0.027382517748590317,0.49989888127871845,6.239872651376851
27,5,1.0,2239.386409022049,-0.09645671373546583,7.617500469045712,-7.713957182781177,-7.713957182781178,1.7763568394002505e-15,0.009797441498387904,-1.4706010503693443,3.604298802796574,6.243356132411834,0.027397505919415345,0.4998680954903941,6.242167029160917
27,6,1.0,2217.553280732241,-0.09032754395858612,7.613832197324204,-7.704159741282789,-7.70415974128279,8.881784197001252e-16,-0.009909032028887488,-1.4572587678771376,3.607843643790392,6.246900973405651,0.027345207489960083,0.49984511459402586,6.2454979124994745
27,7,1.0,2239.6363172828633,-0.10107201530563142,7.6129967580060445,-7.714068773311676,-7.714068773311676,0.0,0.0533325681251009,-1.466526336926844,3.608485106769574,6.247542436384832,0.02735232580254725,0.499819885044399,6.245907867715333
27,8,1.0,2123.320052537397,-0.04447962871188545,7.61625657647469,-7.660736205186575,-7.660736205186575,0.0,-0.035441086450299863,-1.4168373739711444,3.604841501600172,6.243898831215432,0.027370569184301252,0.499813035204775,6.242208336678081
27,9,1.0,2199.9222364134203,-0.0780071418227192,7.618170149814154,-7.696177291636875,-7.696177291636873,1.7763568394002505e-15,0.015968383960696997,-1.453957390155043,3.6031625718665725,6.242219901481832,0.027369988525419133,0.4998227926866641,6.240620673651445
27,10,1.0,2165.072024771734,-0.06225134820119327,7.617957559474986,-7.680208907676178,-7.680208907676179,8.881784197001252e-16,0.020264532525599677,-1.4380413272716883,3.603110250789231,6.24216758040449,0.027405352845214143,0.49980228763505474,6.24038225214778
27,11,1.0,2121.639409423426,-0.04377939958992645,7.616164975560652,-7.6599443751505785,-7.6599443751505785,0.0,-0.0176130868294182,-1.4163613605971146,3.604525684938205,6.243583014553464,0.027411141455063605,0.4997709050068656,6.24151039239407
27,12,1.0,2159.339057554,-0.06372537176994088,7.613832090210057,-7.677557461979997,-7.6775574619799976,8.881784197001252e-16,0.04100467532846608,-1.4318116977479853,3.6066884346167534,6.245745764232011,0.027464358340323423,0.4997473497218611,6.243456171823068
27,13,1.0,2072.586838827458,-0.022671923625472268,7.613880863026058,-7.636552786651531,-7.63655278665153,8.881784197001252e-16,-0.021981662992473616,-1.3912766478739382,3.606218809162334,6.245276138777593,0.027425747919297368,0.49974208655858365,6.242938618480069
27,14,1.0,2118.650163706409,-0.04072057506624037,7.617813874577765,-7.658534449644004,-7.658534449644005,8.881784197001252e-16,0.08288923403735993,-1.4168321251285947,3.602644994900152,6.241702324515411,0.027393693800147428,0.4997902386243796,6.239810541702609
27,15,1.0,1950.1181034716367,0.040359776839742276,7.616004992446386,-7.575645215606644,-7.575645215606643,8.881784197001252e-16,-0.014084583488681801,-1.3333411648523514,3.603246721139034,6.242304050754292,0.027421290603247436,0.499738549665834,6.239942288150198
27,16,1.0,1977.779043855335,0.026537316590994845,7.6162671156863215,-7.589729799095326,-7.589729799095327,8.881784197001252e-16,0.0076043386191058104,-1.347645158735006,3.6030273107450617,6.242084640360319,0.027422298069872023,0.49973619560698845,6.239702746502794
27,17,1.0,1962.796381111391,0.02999285240030064,7.612118312876522,-7.58212546047622,-7.582125460476221,8.881784197001252e-16,-0.009026304789873763,-1.336296255713505,3.6067718751474565,6.245829204762716,0.027459742419317517,0.4996884259925447,6.2430015183581045
27,18,1.0,1980.5933792195794,0.020180601416094228,7.6113323666821895,-7.591151765266094,-7.591151765266095,8.881784197001252e-16,0.020268080217424433,-1.3445802522630923,3.6075141833877433,6.246571513003003,0.027466909365348843,0.49967642813403784,6.2436327812293175
27,19,1.0,1940.8546281925242,0.041560642752025874,7.612444327800696,-7.57088368504867,-7.57088368504867,0.0,0.014336012006967103,-1.3256086919385357,3.606217663494875,6.245274993110134,0.02742465126732654,0.49970846970577376,6.242632185094261
27,20,1.0,1913.2290066957632,0.05407080204667433,7.610618475088377,-7.5565476730417025,-7.5565476730417025,0.0,-0.002679134258888105,-1.30953691192912,3.607953431497323,6.247010761112582,0.02733564270362822,0.4997101067532573,6.24437346315026
27,21,1.0,1918.3616765584447,0.04909054118676623,7.608317348487356,-7.559226807300591,-7.55922680730059,8.881784197001252e-16,0.002006350825303649,-1.3098844340982383,3.6102850435870937,6.249342373202353,0.027264243059605085,0.49970835275961867,6.246680169518551
27,22,1.0,1914.516628572885,0.04764917455689748,7.604869631032184,-7.557220456475287,-7.557220456475286,8.881784197001252e-16,-0.012007688646759718,-1.3046433015505747,3.613519825309454,6.252577154924713,0.02724051113035604,0.4996825713062705,6.2496613264972165
27,23,1.0,1937.6441241558712,0.03300741542173041,7.602235560543777,-7.569228145122047,-7.569228145122047,0.0,-0.05894575197193852,-1.3140033545072094,3.616167460999577,6.255224790614838,0.02722858573066111,0.4996443937549705,6.251941689179441
27,24,1.0,2055.2934136311587,-0.024995047993132014,7.603178849100854,-7.628173897093985,-7.628173897093986,8.881784197001252e-16,-0.004166389863266673,-1.3732956070576336,3.615820960421093,6.254878290036352,0.02720523729905703,0.4996651166323612,6.251787457705532
27,25,1.0,2063.8744307941997,-0.03217997628771097,7.6001603106695415,-7.632340286957252,-7.632340286957253,8.881784197001252e-16,0.0239994277668929,-1.3750152642702713,3.6182676930717217,6.257325022686979,0.027343413061341866,0.4995915184261111,6.253542822781604
27,26,1.0,2014.9322665297386,-0.01241198183237293,7.595928877357986,-7.608340859190359,-7.608340859190359,0.0,0.1042450786244622,-1.347399306273782,3.621884223301318,6.260941552916577,0.027386427235889695,0.49953292014988504,6.256597425846943
27,27,1.0,1815.4629454993876,0.09186982620990633,7.595965606775803,-7.504095780565897,-7.504095780565896,8.881784197001252e-16,0.05913853012829495,-1.2447386084453158,3.6202998425053226,6.2593571721205805,0.027467542613796712,0.49949552667050345,6.254682066755166
27,28,1.0,1711.2121370189293,0.1480406243290678,7.592997874766668,-7.444957250437602,-7.444957250437601,8.881784197001252e-16,-0.0006977586138106062,-1.183999979273681,3.6218999415486617,6.26095727116392,0.027563649572448043,0.49943805393272056,6.255739386204612
27,29,1.0,1712.4065666909269,0.14993075872681172,7.595585767778225,-7.445655009051412,-7.445655009051413,8.881784197001252e-16,-0.030584327846707282,-1.1873630816800351,3.619234597756118,6.258291927371377,0.027555696781714538,0.49944732315409246,6.253181981752725
27,30,1.0,1765.5884917783012,0.12215028549966983,7.59838962239779,-7.47623933689812,-7.476239336898121,8.881784197001252e-16,0.0011295684603220835,-1.220537707951742,3.616644299331118,6.255701628946378,0.02759776332394038,0.49945995801251025,6.250734447008116
27,31,1.0,1763.5952646592582,0.1298216605583764,7.604931428996175,-7.475109768437798,-7.4751097684377985,8.881784197001252e-16,-0.03907365199935331,-1.2258728813265414,3.6101795574959974,6.249236887111257,0.02751253216371895,0.4995360591845297,6.245003580703676
27,32,1.0,1833.8693644692332,0.0934605934527133,7.607644013889866,-7.514183420437151,-7.514183420437153,1.7763568394002505e-15,0.00361072994830014,-1.2669200490238122,3.60820604179808,6.247263371413338,0.027463913203374764,0.4995718901013525,6.243370504625973
27,33,1.0,1827.2596974760102,0.09694173806409796,7.60751442855295,-7.510572690488851,-7.510572690488852,8.881784197001252e-16,0.03035749311506475,-1.2632280739942778,3.6082872868793143,6.247344616494573,0.027389486201463434,0.49958994885941455,6.24361287366778
27,34,1.0,1772.6221985319721,0.1283276415050383,7.608542838878824,-7.480215197373786,-7.480215197373786,0.0,-0.04812313566201265,-1.234568928936159,3.606588938822369,6.2456462684376275,0.027351493850067375,0.4996160837806579,6.242161241522524
27,35,1.0,1860.0122134112041,0.08248104078906601,7.610819373824864,-7.528338333035799,-7.528338333035798,8.881784197001252e-16,-0.026369480893847275,-1.283935448336837,3.6053455550837015,6.244402884698959,0.027296712768616026,0.4996559411924772,6.241288297337247
27,36,1.0,1909.712171107409,0.05647000861046858,7.611177822540114,-7.554707813929646,-7.554707813929645,8.881784197001252e-16,0.03435969212954326,-1.3105107517943613,3.6051397325200267,6.244197062135286,0.027318560065261604,0.4996661489899892,6.241180058601659
27,37,1.0,1845.2095399235109,0.08988633576790916,7.61023445756801,-7.520348121800103,-7.520348121800101,1.7763568394002505e-15,0.006755336436834902,-1.2761360081212825,3.605154784063562,6.24421211367882,0.027310194926601375,0.4996771315887656,6.241295367055669
27,38,1.0,1832.7865367111638,0.09593826278091654,7.609531048144183,-7.513592785363268,-7.513592785363267,8.881784197001252e-16,-0.009000853589474112,-1.2689591374135014,3.6055763183345073,6.244633647949766,0.02734741808475494,0.4996502823338381,6.241472476832439
27,39,1.0,1849.357645173352,0.08933308268705101,7.611926721639792,-7.522593638952742,-7.522593638952741,8.881784197001252e-16,-0.08177505611140479,-1.28021247481018,3.6033238345273024,6.242381164142562,0.027318692361230884,0.499681772107109,6.2395105181300705
27,40,1.0,2006.9444997268909,0.009174288954980209,7.613542984019128,-7.604368695064147,-7.604368695064148,8.881784197001252e-16,-0.011787676477005071,-1.362213128770456,3.603098236678433,6.242155566293691,0.027328502862452593,0.4996919408331535,6.239378714217284
27,41,1.0,2030.7416934576756,-0.005582127769559197,7.610574243771591,-7.616156371541152,-7.61615637154115,1.7763568394002505e-15,-0.030546866849249454,-1.3712603875053069,3.605838654420585,6.2448959840358444,0.027340501034376744,0.4996559627252115,6.241786303205546
27,42,1.0,2093.7316647284288,-0.03588419265616401,7.610819045734237,-7.646703238390401,-7.646703238390401,0.0,0.02619805552818022,-1.4019068854958128,3.6057390232793307,6.24479635289459,0.027399969344941693,0.49963395492329943,6.241487931904914
27,43,1.0,2039.5922366469918,-0.010897154321957477,7.609608028540263,-7.620505182862221,-7.620505182862221,0.0,0.07250527438912613,-1.3752426072663457,3.606205245980616,6.245262575595875,0.027396626733840534,0.4996258354186737,6.241877285505821
27,44,1.0,1896.9448712078038,0.06183164969116168,7.609831558164256,-7.547999908473095,-7.547999908473094,8.881784197001252e-16,-0.04877258762042569,-1.3046349125643766,3.6043076662934603,6.243364995908719,0.0274583858241477,0.4995910142769091,6.239669544804173
27,45,1.0,1991.7571062441448,0.009058355306399556,7.605830851399921,-7.596772496093521,-7.5967724960935215,8.881784197001252e-16,-0.02928173761246633,-1.3488584455950932,3.6088567208831686,6.247914050498427,0.027445864995704658,0.4996006997543784,6.244291684618992
27,46,1.0,2050.9414973589064,-0.025323216447560234,7.600731017258428,-7.626054233705987,-7.626054233705989,1.7763568394002505e-15,-0.01211890175916075,-1.3732939202929326,3.6137029837977948,6.252760313413055,0.02755151932006499,0.49954984012074855,6.248655919261892
27,47,1.0,2075.9478747427743,-0.03758846942485991,7.600584666040288,-7.638173135465148,-7.6381731354651485,8.881784197001252e-16,0.03464937015671943,-1.385379263054606,3.613736542795283,6.252793872410541,0.02758601204193284,0.49954904026707786,6.248680468444876
27,48,1.0,2005.2494887844255,-0.001032757669828431,7.602491007638598,-7.603523765308428,-7.603523765308426,1.7763568394002505e-15,0.01711391125485484,-1.3529490636537798,3.6115173720393905,6.250574701654649,0.027510894022057003,0.4995513043787279,6.246488839178533
27,49,1.0,1971.2238136480141,0.020093475162927504,7.6065033292165,-7.586409854053573,-7.5864098540535725,8.881784197001252e-16,0.008962883046577552,-1.3399435121275587,3.607409012310755,6.246466341926015,0.027451218804147602,0.49958108290878334,6.242670036640914
27,50,1.0,1953.6349065539732,0.028470277206514526,7.605917248213512,-7.577446971006996,-7.577446971006998,1.7763568394002505e-15,0.10416403882991787,-1.3309264131864122,3.6074632282053254,6.246520557820586,0.027532477583033517,0.49955421094140257,6.242480460512826
27,51,1.0,1760.376405939659,0.12960898809001564,7.602891920267092,-7.473282932177078,-7.473282932177077,8.881784197001252e-16,-0.038813471625513074,-1.226348411655896,3.607877190905922,6.246934520521181,0.02759497520465601,0.499479151469422,6.242207960135486
27,52,1.0,1830.046039658968,0.08939335497584526,7.6014897587784365,-7.512096403802591,-7.512096403802591,0.0,-0.012013745838320489,-1.2630861100939597,3.6099529640933725,6.249010293708631,0.02761270231619556,0.499481823801364,6.244299250178329
27,53,1.0,1852.1643434645803,0.07835338670505412,7.602463536345967,-7.5241101496409115,-7.524110149640912,8.881784197001252e-16,0.015558740834239693,-1.275997279629978,3.609055540395676,6.248112870010934,0.027548006997578513,0.49948311359149794,6.24342227807896
27,54,1.0,1823.5700211147446,0.09673354179788499,7.605284950604558,-7.508551408806672,-7.508551408806673,8.881784197001252e-16,-0.09872095545650605,-1.2637931206892963,3.605700958502117,6.244758288117375,0.027515023588633735,0.49949024505874456,6.240149015297644
27,55,1.0,2012.7804714201384,0.0018372836939794385,7.6091096479571565,-7.607272364263178,-7.607272364263177,8.881784197001252e-16,-0.014046633091127525,-1.3642229413967992,3.603992093251119,6.243049422866379,0.02746400001275752,0.49955391947957,6.239023884712961
27,56,1.0,2041.2527619552511,-0.013946916161065123,7.60737208119324,-7.621318997354305,-7.621318997354305,0.0,0.014884166451062164,-1.3763216081116367,3.6059400596274087,6.244997389242668,0.02739500107133984,0.49957334502836936,6.241144738604554
27,57,1.0,2011.0954063766935,-0.00026430296155921865,7.606170527941684,-7.606434830903243,-7.606434830903243,0.0,0.02136283147066287,-1.3606638328103717,3.6067136684776124,6.245770998092872,0.027372762367930722,0.4995525387764191,6.241728065657791
27,58,1.0,1968.5883660758584,0.023161744620226958,7.608233744052806,-7.58507199943258,-7.5850719994325795,8.881784197001252e-16,0.03374535509635024,-1.3421605796729728,3.603854090144348,6.242911419759607,0.027432662051609946,0.49954009077787526,6.238763234312901
27,59,1.0,1903.266014298186,0.05655488678656742,7.607881531122796,-7.55132664433623,-7.551326644336229,8.881784197001252e-16,0.016844667523113976,-1.309203658898878,3.603065655822093,6.242122985437352,0.027457826071657483,0.49952244067418305,6.237817568423195
27,60,1.0,1871.474640352365,0.07433276419186889,7.608814741004984,-7.534481976813116,-7.534481976813115,8.881784197001252e-16,-0.03831608367037109,-1.2937509109253653,3.601673736272493,6.2407310658877515,0.027471771950401735,0.49948993450702744,6.236134225099747
27,61,1.0,1944.5737113401797,0.038322817552049374,7.611120878035536,-7.572798060483487,-7.572798060483487,0.0,0.015609277625656226,-1.3335791099800487,3.60016162088818,6.23921895050344,0.027412540033575794,0.49953955436732217,6.235075492068896
27,62,1.0,1914.4559898659077,0.05291395614034305,7.610102738998176,-7.557188782857831,-7.557188782857833,1.7763568394002505e-15,-0.0775449748314827,-1.3175013336295025,3.60063011961307,6.239687449228328,0.02740695924604023,0.49952701975806535,6.235430163756535
27,63,1.0,2068.8201702191823,-0.022772920292488164,7.611960837396827,-7.634733757689314,-7.6347337576893155,1.7763568394002505e-15,0.022024571466302767,-1.3955479101168444,3.60012851795721,6.23918584757247,0.02740940389351429,0.4995675761474685,6.2352950072628435
27,64,1.0,2023.7534023944318,-0.0016849105755742458,7.611024275647438,-7.612709186223011,-7.612709186223012,8.881784197001252e-16,2.271593758784718e-05,-1.3733877213176342,3.600264135290118,6.239321464905375,0.027435014018592652,0.49952867707586096,6.235079633090478
27,65,1.0,2023.7074314605884,-0.002879584570706119,7.609806885714717,-7.612686470285423,-7.612686470285423,0.0,0.0026853707716760766,-1.3725351644549524,3.6010939762152114,6.240151305830471,0.027458182389580935,0.4995149455329778,6.235782900173642
27,66,1.0,2018.2803168425464,-0.0013676218437590239,7.608633477669988,-7.610001099513747,-7.610001099513747,0.0,-0.009733365055960341,-1.368953945258408,3.60198982464008,6.241047154255339,0.027405458206246118,0.4995319694005357,6.236831098911169
27,67,1.0,2038.0208912110568,-0.01182823982940254,7.607906224740304,-7.619734464569707,-7.619734464569707,0.0,0.022067964651901306,-1.377622158735484,3.603054976218963,6.242112305834223,0.02736013076676376,0.49951202395219363,6.2377139726767
27,68,1.0,1993.5385409002222,0.009124953355936972,7.606791453273744,-7.597666499917806,-7.597666499917807,8.881784197001252e-16,0.09379988327673594,-1.3550493841728082,3.603559786129739,6.242617115744997,0.027356491235993593,0.49948507529502645,6.237974205965206
27,69,1.0,1815.0469545522992,0.09929136210228776,7.60315797874336,-7.50386661664107,-7.503866616641072,1.7763568394002505e-15,-0.08648211357154612,-1.2600141137135359,3.6047951733122763,6.243852502927536,0.027410544234535678,0.4994023681737708,6.238455220150234
27,70,1.0,1979.0035317464421,0.015193979085833267,7.605542709298449,-7.590348730212616,-7.590348730212616,0.0,-0.001365462613402535,-1.3473372405276651,3.603954160069693,6.243011489684952,0.02749143874793679,0.49941556173533574,6.237738449010908
27,71,1.0,1981.7076328351552,0.012674866379203106,7.604389059205222,-7.591714192826019,-7.59171419282602,8.881784197001252e-16,0.042659028570867896,-1.3476833701427675,3.604973493067992,6.244030822683251,0.02753819410786461,0.49938743552921183,6.238498521952613
27,72,1.0,1898.9476898084872,0.051318849974541024,7.600374014229693,-7.549055164255151,-7.549055164255153,1.7763568394002505e-15,0.05367259531036517,-1.3023238511161268,3.6076739835237652,6.246731313139024,0.027563963899314148,0.4993478282621182,6.240826670421294
27,73,1.0,1799.7131479680725,0.09548341998498383,7.590865988929771,-7.495382568944786,-7.4953825689447875,1.7763568394002505e-15,0.08827135533389185,-1.2407210742136245,3.615604165115902,6.254661494731161,0.027634656050707754,0.4992429567413264,6.247745472809806
27,74,1.0,1647.6597283108808,0.1839159306330674,7.591027144243962,-7.407111213610894,-7.407111213610895,8.881784197001252e-16,-0.018562839420361854,-1.1552057625107222,3.6128481214849133,6.251905451100172,0.02760813410968869,0.49922422799930216,6.244831485500136
27,75,1.0,1678.530610430957,0.16521496405607605,7.590889017087332,-7.425674053031256,-7.425674053031257,8.881784197001252e-16,0.0001235293339725274,-1.173587338149339,3.6130293852666577,6.2520867148819175,0.027641779336157534,0.4992130699509199,6.244914856693742
27,76,1.0,1678.3232754688365,0.16648391705810783,7.592034440755392,-7.425550523697283,-7.425550523697284,8.881784197001252e-16,-0.0030865345154929003,-1.1754287540767225,3.6110644400053027,6.250121769620563,0.027621287908312992,0.49922831920156313,6.243107141866159
27,77,1.0,1683.5114808553544,0.16755419061762214,7.5961912488303955,-7.428637058212776,-7.428637058212773,2.6645352591003757e-15,-0.019823626141471706,-1.1832838368107172,3.6062958917867993,6.245353221402058,0.02755817704698958,0.49926242683504213,6.238679875269393
27,78,1.0,1717.2177696841386,0.1518252954290879,7.600285979783337,-7.448460684354248,-7.448460684354249,8.881784197001252e-16,0.03208297591601461,-1.2066029304937707,3.602800424245219,6.241857753860478,0.027486876188346162,0.49929831392591256,6.235524689530448
27,79,1.0,1662.9987182354366,0.18292651274258082,7.599304221180814,-7.416377708438233,-7.416377708438233,0.0,0.023722987593340683,-1.1750353434566532,3.6022850353663216,6.241342364981581,0.02749393625156996,0.49927715339433265,6.234821017090651
27,80,1.0,1624.011693042285,0.2057099159699922,7.598364636814885,-7.3926547208448925,-7.392654720844893,8.881784197001252e-16,-0.03193908447365423,-1.1512067575572524,3.6023906336723814,6.24144796328764,0.027509448710295994,0.49925117751468356,6.234689109252693
27,81,1.0,1676.7183605939294,0.17228495403708044,7.596878759355626,-7.424593805318547,-7.424593805318545,1.7763568394002505e-15,-0.018865524016504764,-1.1809911497060026,3.604545325997285,6.243602655612544,0.02745846406353843,0.49924510818504775,6.2367788404000635
27,82,1.0,1708.6507950709474,0.15337518322117413,7.596834512556224,-7.4434593293350515,-7.443459329335051,8.881784197001252e-16,0.002815209346445968,-1.199808869234382,3.604593130485411,6.243650460100669,0.02747627226686899,0.49924360734055595,6.23681376191858
27,83,1.0,1703.847349907148,0.15456625686589387,7.5952103768545,-7.4406441199886055,-7.440644119988606,8.881784197001252e-16,0.07909115159694391,-1.1958347268355864,3.6057520635377616,6.2448093931530195,0.027437360850511433,0.49925509626596165,6.2380756995362665
27,84,1.0,1574.2794718460286,0.23027935144452083,7.591832319836181,-7.361552968391662,-7.36155296839166,1.7763568394002505e-15,-0.03928612557378486,-1.1165387063855834,3.605956932390819,6.2450142620060785,0.027536560547501723,0.4991689301331839,6.237491371369124
27,85,1.0,1637.357750750702,0.1922203641469436,7.593059458112393,-7.4008390939654465,-7.400839093965449,2.6645352591003757e-15,-0.04844400059547915,-1.15626467307469,3.6055170912754977,6.244574420890756,0.027478878446941517,0.4991983519043016,6.237325426518189
27,86,1.0,1718.6306079917058,0.14484745650486647,7.594130551065792,-7.449283094560926,-7.449283094560926,0.0,-0.01444691891030736,-1.2044205255752207,3.6058052393704463,6.244862568985705,0.027399550914815187,0.499227291316238,6.237878393057225
27,87,1.0,1743.6397425142834,0.13259094094228754,7.596320954413521,-7.463730013471233,-7.463730013471234,8.881784197001252e-16,0.0031523526321102224,-1.2210903460726263,3.6035823377833474,6.242639667398607,0.027388869317143266,0.4992524633672365,6.235899396922521
27,88,1.0,1738.1518296454028,0.13485224682819094,7.595429907667315,-7.460577660839123,-7.460577660839124,8.881784197001252e-16,0.009667358116983493,-1.2177997651735717,3.603720566050293,6.242777895665553,0.027413528860298682,0.49924250194129455,6.235947450811005
27,89,1.0,1721.4294542783337,0.1443858622760891,7.595296164998228,-7.450910302722139,-7.450910302722138,8.881784197001252e-16,-0.047214557254386946,-1.2088958494254158,3.602957123681464,6.242014453296723,0.027464680740784595,0.49919039836041496,6.234711945476405
27,90,1.0,1804.655258448955,0.09820094755459798,7.596325807531125,-7.498124859976526,-7.498124859976527,8.881784197001252e-16,0.0011861010919238524,-1.2560273493178686,3.603040181043398,6.242097510658658,0.027431269225696032,0.49921229620703894,6.2349923581678866
27,91,1.0,1802.5160238014337,0.09969143645817155,7.596630195342772,-7.496938758884602,-7.496938758884601,1.7763568394002505e-15,-0.040170901679873694,-1.2558444163768365,3.602037012892507,6.2410943425077665,0.027500803437650448,0.49917792436866554,6.233680979721689
27,92,1.0,1876.3987505247442,0.05681213775748052,7.593921798321958,-7.537109660564476,-7.537109660564477,8.881784197001252e-16,-0.04384139770554896,-1.292837049247387,3.605215281701829,6.244272611317088,0.027539414992851147,0.4991413291521971,6.236511411031961
27,93,1.0,1960.4926217459245,0.01271187463953205,7.593662932909557,-7.580951058270025,-7.580951058270025,0.0,0.003948542987806114,-1.335748918245145,3.6061448104096203,6.24520214002488,0.027564777495744354,0.4991504945576459,6.237516397143844
27,94,1.0,1952.766795268437,0.01653977535744771,7.593542290639666,-7.577002515282219,-7.577002515282219,0.0,-0.06882390110729641,-1.3320843809091354,3.6058608047578247,6.244918134373082,0.027496609953461367,0.4991535123263712,6.237267249545354
27,95,1.0,2091.8966393537194,-0.04924423036866957,7.5965821860208464,-7.645826416389515,-7.645826416389516,8.881784197001252e-16,0.05264935658457315,-1.4020656783550207,3.604703408419236,6.243760738034495,0.027440986186314215,0.499196403328246,6.2365126860558755
27,96,1.0,1984.608728934596,-0.0011559229647752287,7.592021136840167,-7.593177059804942,-7.593177059804942,0.0,0.009112503833307528,-1.3461668370306898,3.607952893158994,6.2470102227742546,0.027389649705911078,0.49912351119675447,6.239086418181214
27,97,1.0,1966.6061232655961,0.005753966975815324,7.589818522947449,-7.584064555971635,-7.584064555971634,8.881784197001252e-16,-0.014523499915702232,-1.3355123465747207,3.609494879781655,6.248552209396915,0.027353507831244375,0.49911537706258924,6.240553645598736
27,98,1.0,1995.3765450248357,-0.008903855237417643,7.589684200649919,-7.598588055887337,-7.598588055887337,0.0,0.030871107455929803,-1.3498632942482467,3.6096674320238313,6.24872476163909,0.027393182280640332,0.4990840425263639,6.2404387947177415
27,99,1.0,1934.718174167616,0.016159757743207437,7.583876706174614,-7.567716948431407,-7.567716948431406,8.881784197001252e-16,-0.005334865335207439,-1.3152810352199393,3.6133785835962087,6.252435913211468,0.027513173836941525,0.4990043999139069,6.243395273861395
27,100,1.0,1945.0672159152696,0.013207788054683894,7.586259601821299,-7.5730518137666145,-7.5730518137666145,0.0,0.007540245508224963,-1.3237344364721195,3.6102600476792364,6.249317377294495,0.027508622505846833,0.4990249939797545,6.240482004126981
27,101,1.0,1930.4560865551489,0.023850798777831694,7.589362367036221,-7.5655115682583896,-7.5655115682583896,0.0,-0.042527607050718785,-1.319758377382995,3.6066958612601354,6.245753190875395,0.0275229909821534,0.4990200462992851,6.236897701475874
27,102,1.0,2014.3244856265756,-0.019892034918290842,7.588147140390818,-7.608039175309108,-7.608039175309109,8.881784197001252e-16,0.010241660360117422,-1.3605552522025302,3.6084265934913202,6.2474839231065795,0.027492348087233023,0.4990342067161117,6.238749581779538
27,103,1.0,1993.7997415245575,-0.006582002549606829,7.591215512399385,-7.597797514948991,-7.597797514948992,8.881784197001252e-16,0.04151801008144229,-1.3539227235080669,3.604817461825665,6.243874791440923,0.027447401947005366,0.4990722692819091,6.2355091956048545
27,104,1.0,1912.7160083542872,0.032399669488462804,7.588679174356013,-7.556279504867549,-7.55627950486755,1.7763568394002505e-15,-0.0731710125380669,-1.3113185993603123,3.605903575891978,6.244960905507237,0.027464654055402646,0.49900420802324535,6.235968348689897
27,105,1.0,2057.9189184791903,-0.04193384316991347,7.587516674235703,-7.6294505174056155,-7.629450517405616,8.881784197001252e-16,0.0036329790371478765,-1.381516111310487,3.60887707647987,6.247934406095127,0.027372789011388936,0.4990408011542144,6.239262734122058
27,106,1.0,2050.456106516097,-0.03797714200710241,7.587840396361364,-7.625817538368468,-7.625817538368467,8.881784197001252e-16,0.001705860170677198,-1.3786467684063874,3.608113440346822,6.24717076996208,0.027379209916497227,0.49903295912996554,6.238432725023771
27,107,1.0,2046.9612967881092,-0.03755966294711215,7.586552015250678,-7.6241116781977905,-7.6241116781977905,0.0,0.02892444300225705,-1.376659955878568,3.6083943927039637,6.247451722319222,0.02743974985932164,0.4989937123470449,6.238351378679164
27,108,1.0,1988.6021529580803,-0.007972530722431023,7.5872147044731015,-7.595187235195533,-7.5951872351955325,8.881784197001252e-16,0.04944114466030047,-1.3488968818224107,3.607233023757863,6.246290353373122,0.027474520324916315,0.4989568002574647,6.236862197465563
27,109,1.0,1892.6743171633548,0.04130975623407808,7.587055846769309,-7.545746090535233,-7.545746090535231,1.7763568394002505e-15,0.055364751357069864,-1.3013083077110559,3.6053804532089186,6.2444377828241775,0.02746252877278748,0.49893927406414923,6.2348597454568795
27,110,1.0,1790.7348390080904,0.09576703253318791,7.586148371711351,-7.490381339178163,-7.490381339178163,0.0,-0.033687469346189935,-1.2476690197119016,3.6036549898510044,6.242712319466262,0.0274884766494945,0.4989100658606287,6.2328826602574825
27,111,1.0,1852.0877745053047,0.058785629061704765,7.582854437586058,-7.524068808524353,-7.524068808524354,8.881784197001252e-16,-0.04760774141385227,-1.277707345594688,3.6073041333144054,6.246361462929665,0.02750676256285197,0.49885733693512224,6.236028083852827
27,112,1.0,1942.3940738884862,0.010560487372428685,7.582237037310632,-7.571676549938205,-7.5716765499382035,1.7763568394002505e-15,0.041287602718505845,-1.3241323833294538,3.6084868369934933,6.247544166608752,0.027490632647065083,0.4988611252687806,6.237240839450822
27,113,1.0,1863.8302942056457,0.05191085991003267,7.582299807129733,-7.530388947219699,-7.5303889472197,8.881784197001252e-16,0.02583377119853303,-1.2845931271410664,3.6067384904633744,6.245795820078633,0.02750150730626449,0.4988391845608194,6.235306833081144
27,114,1.0,1816.297152526547,0.07490009578387782,7.579455271805044,-7.504555176021166,-7.5045551760211655,8.881784197001252e-16,-0.03655922553801538,-1.2565935461853341,3.6089043002205727,6.2479616298358325,0.02745852347478079,0.49878569190193983,6.236971624414108
27,115,1.0,1883.9283084247618,0.039879080878800564,7.580993482437982,-7.541114401559182,-7.541114401559182,0.0,0.078869058504492,-1.294360499396713,3.6076965725472085,6.246753902162468,0.02743051262594585,0.4988137117905076,6.236037884256375
27,116,1.0,1741.0529329264607,0.1193115602078164,7.581556903262505,-7.46224534305469,-7.462245343054688,1.7763568394002505e-15,-0.008668143907939019,-1.2189347493335618,3.604253264105868,6.243310593721127,0.027504358043726546,0.4987664307709317,6.232178115717209
27,117,1.0,1756.210228203097,0.11191832743233937,7.582831814394969,-7.470913486962629,-7.47091348696263,8.881784197001252e-16,-0.04207312578678568,-1.2290236446841398,3.6028325126632303,6.241889842278489,0.027469616141153837,0.4987768165088677,6.230869951158986
27,118,1.0,1831.6758883618854,0.07153929785088689,7.584525910600302,-7.5129866127494145,-7.512986612749415,8.881784197001252e-16,-0.008581062529755101,-1.2722622108516823,3.601667072282474,6.240724401897734,0.0274236893244427,0.49881236917778254,6.230042774437677
27,119,1.0,1847.461244395462,0.06335618322696476,7.584923858506135,-7.52156767527917,-7.5215676752791705,8.881784197001252e-16,0.0014745486998677393,-1.282288382490785,3.600221963173126,6.239279292788386,0.02749464748467215,0.49878088762954387,6.228321856904655
27,120,1.0,1844.7390802944824,0.06564168682578189,7.585734813405085,-7.520093126579302,-7.520093126579303,8.881784197001252e-16,0.013392954949848601,-1.2827843944095867,3.598251402554457,6.2373087321697165,0.02749943087398654,0.4987911779189018,6.2264626626410235
27,121,1.0,1820.1972833284044,0.0770360977451207,7.5837362693745725,-7.506700171629453,-7.5067001716294515,1.7763568394002505e-15,0.00030626779144515837,-1.2691403001013033,3.5985025419128918,6.23755987152815,0.027451146466519465,0.4987972275466963,6.226768174274324
27,122,1.0,1819.6399008849467,0.07712447097197273,7.583518374809981,-7.506393903838008,-7.506393903838008,0.0,0.07210149554519418,-1.268731017533735,3.598605556689015,6.237662886304274,0.027461786981189458,0.49875676871957236,6.226501255509601
27,123,1.0,1693.0593003268605,0.1446427350645007,7.578935143357316,-7.434292408292814,-7.434292408292815,8.881784197001252e-16,-0.06171561189978636,-1.1941454913585134,3.601089587319042,6.2401469169343,0.027486856246144588,0.4986587922060462,6.2280765875580935
27,124,1.0,1800.839132889809,0.08529180421849816,7.581299824411098,-7.4960080201926,-7.4960080201926,0.0,-0.055389019483486734,-1.2572392071147092,3.599711483462632,6.238768813077891,0.027436013781280858,0.49874105366549004,6.227454530099725
27,125,1.0,1903.4000000720325,0.03015859053139932,7.581555630207488,-7.551397039676087,-7.551397039676089,1.7763568394002505e-15,0.02833192596993772,-1.3115270713513743,3.6008126387094532,6.2398699683247125,0.027402604575848175,0.49874443995698714,6.228586919630227
27,126,1.0,1850.2297761907948,0.058423513202918095,7.581488626909068,-7.523065113706149,-7.52306511370615,8.881784197001252e-16,-0.030609341226759845,-1.2853212810116506,3.598686503079239,6.237743832694499,0.02744889582293198,0.498724822743982,6.226301177197267
27,127,1.0,1907.7397721278476,0.028252292457590575,7.581926747390499,-7.553674454932909,-7.553674454932908,8.881784197001252e-16,-0.01395169429334242,-1.3167320411421604,3.597885084175489,6.236942413790748,0.027468742078902736,0.49872234971037555,6.225484709508913
27,128,1.0,1934.5425112703479,0.012360602589673829,7.579986751815925,-7.5676261492262515,-7.5676261492262515,0.0,0.010964814623019237,-1.3303830291089802,3.598185790502012,6.237243120117271,0.027485474927088777,0.4987469040658532,6.226008294060739
27,129,1.0,1913.4464796511525,0.023205124446384853,7.579866459049619,-7.556661334603232,-7.556661334603234,1.7763568394002505e-15,0.03534014007460495,-1.3199309513041606,3.5976730536838133,6.236730383299071,0.02740897728051278,0.498737249170254,6.225413677876282
27,130,1.0,1847.0059368759203,0.05532518418886841,7.576646378717498,-7.521321194528627,-7.521321194528629,1.7763568394002505e-15,0.002658876280993816,-1.2824356135693635,3.5998282513440065,6.2388855809592645,0.02739689357803423,0.4986735321297025,6.226983277633713
27,131,1.0,1842.101499634809,0.056923169592192416,7.575585487839826,-7.5186623182476335,-7.5186623182476335,0.0,0.019104599451888582,-1.2799365943586356,3.5996683942737393,6.238725723888998,0.027457984800937345,0.49863209168785133,6.226450903817492
27,132,1.0,1807.2429280915821,0.07292432817922809,7.572482046974972,-7.499557718795745,-7.499557718795744,8.881784197001252e-16,-0.007144723705532208,-1.2579640494674516,3.6025363397130343,6.241593669328293,0.027385362143193072,0.4986056571558276,6.229058605059253
27,133,1.0,1820.2014167678226,0.06725887366094443,7.573961316162221,-7.506702442501277,-7.506702442501276,8.881784197001252e-16,-0.05041967482610232,-1.2675382496314835,3.6001068632545343,6.239164192869794,0.02744081954886762,0.49858989730638,6.226509027700998
27,134,1.0,1914.3283658959244,0.01939563923469529,7.576517756562075,-7.5571221173273795,-7.5571221173273795,0.0,0.0073663185504138085,-1.3194156363087595,3.5986491514033614,6.23770648101862,0.027450967738928047,0.49860875860811926,6.225227880343931
27,135,1.0,1900.2786243099704,0.02649579030450401,7.576251589081469,-7.549755798776966,-7.549755798776965,8.881784197001252e-16,-0.0036290726810142004,-1.3128624406551788,3.597836028506528,6.236893358121786,0.027435839822653692,0.4986154812243728,6.224480833910841
27,136,1.0,1907.1874021978372,0.02259224074899388,7.575977112206976,-7.55338487145798,-7.5533848714579825,2.6645352591003757e-15,0.022411913485574253,-1.3170245878353593,3.5973029540073624,6.236360283622622,0.027456519850639998,0.49859036373540144,6.2237272618804225
27,137,1.0,1864.9191090475224,0.0425360353653233,7.573508993337727,-7.530972957972406,-7.530972957972404,1.7763568394002505e-15,0.029483347473506782,-1.2936001122662326,3.598315516090914,6.237372845706173,0.027408395888405126,0.49858505012001764,6.224694225174256
27,138,1.0,1810.7377003838092,0.07084383156739224,7.5723334420662916,-7.501489610498899,-7.5014896104989,8.881784197001252e-16,-0.023085353650866836,-1.2641570864210223,3.5982751944626172,6.2373325240778765,0.027430628876853574,0.49856059119072726,6.224436292399661
27,139,1.0,1853.0254564376019,0.047824177052570166,7.572399141202338,-7.524574964149766,-7.5245749641497675,1.7763568394002505e-15,0.058428537616326714,-1.2876582056887627,3.597859428845745,6.236916758461004,0.027428462160817766,0.4985637963231914,6.224057106826229
27,140,1.0,1747.8581910683251,0.10235534450768027,7.568501771041119,-7.466146426533439,-7.466146426533439,0.0,-0.03710921756576635,-1.228376180844213,3.598712916073967,6.237770245689226,0.02745631028809799,0.49853100497789976,6.224622858061879
27,141,1.0,1813.9383493990126,0.06498970369802497,7.568245347797232,-7.503255644099205,-7.503255644099207,1.7763568394002505e-15,0.00021509064742453177,-1.2652676631713629,3.598930651312583,6.237987980927842,0.027422345255626517,0.4985382779000085,6.224907479887898
27,142,1.0,1813.5482301820525,0.06584331509708533,7.568883868548864,-7.503040553451781,-7.503040553451779,1.7763568394002505e-15,0.01770152020660909,-1.2651798591110552,3.5988033647254665,6.237860694340725,0.027452406257672844,0.4985103266809264,6.2245217438739875
27,143,1.0,1781.728132472683,0.08043467929328081,7.565773712538453,-7.485339033245172,-7.485339033245173,8.881784197001252e-16,-0.010987726103508066,-1.2446320907079425,3.60164961292197,6.24070694253723,0.0274483494312291,0.49847720072725893,6.22705694418407
27,144,1.0,1801.413222322792,0.07070345080671933,7.5670302101554,-7.49632675934868,-7.496326759348681,8.881784197001252e-16,0.04113195234042788,-1.2567918870693064,3.600477542664115,6.239534872279374,0.027517174137892786,0.4984464034515972,6.225595726836437
27,145,1.0,1728.8207488632788,0.11121540063903239,7.566410207647284,-7.455194807008252,-7.455194807008251,8.881784197001252e-16,-0.05938610194234162,-1.2186220104622996,3.5975154669306924,6.236572796545952,0.027526758470322654,0.4984044302558744,6.222282678441963
27,146,1.0,1834.5984513689987,0.05439305229660579,7.5689739612472,-7.5145809089505935,-7.514580908950594,8.881784197001252e-16,-0.007813206032750486,-1.2797216655835693,3.595801913751765,6.2348592433670245,0.02752223521750899,0.4983712119703329,6.2202755497202125
27,147,1.0,1848.9886908039944,0.045173923174111084,7.567568038157456,-7.522394114983344,-7.522394114983345,8.881784197001252e-16,-0.0476868108575923,-1.285985994154989,3.597350791213095,6.2364081208283535,0.027536704232829227,0.4983379165469701,6.221511361018841
27,148,1.0,1939.2972144666107,-0.0019091373079337531,7.568171788533002,-7.570080925840936,-7.570080925840935,8.881784197001252e-16,0.029854822394835168,-1.3334329361620976,3.5975906600635796,6.236647989678839,0.027544664261037625,0.49830581161393356,6.221466689854367
27,149,1.0,1882.2555615221618,0.026865903648493616,7.567092007094592,-7.540226103446101,-7.5402261034460984,2.6645352591003757e-15,0.0144854785264652,-1.3043913822205229,3.596777391610319,6.235834721225579,0.02752358128200996,0.49825223770298843,6.220183106415378
27,150,1.0,1855.1867149201364,0.03996746871499243,7.565708093634628,-7.525740624919636,-7.525740624919636,0.0,0.009656605365751858,-1.289802505143333,3.5968807901610442,6.235938119776302,0.027530304691378484,0.49820390800123754,6.2198547180670385
27,151,1.0,1837.3581292850135,0.04869991960106194,7.564783939154946,-7.516084019553884,-7.516084019553884,0.0,-0.011227163944946383,-1.2797844973609889,3.5972421925776366,6.236299522192895,0.027519757097905474,0.4982240530990946,6.220394260443546
27,152,1.0,1858.1026835816692,0.03451631532801609,7.561827498826847,-7.52731118349883,-7.52731118349883,0.0,0.02068555909532055,-1.2893205513194277,3.5989333025641437,6.237990632179402,0.027480743640688615,0.49822646183035746,6.222107783806607
27,153,1.0,1820.061597727818,0.05414007428766842,7.560765698691178,-7.50662562440351,-7.506625624403509,8.881784197001252e-16,0.019442495619743205,-1.2682935581556147,3.5992747366326365,6.238332066247895,0.02756063278706192,0.4981534228739634,6.22178043925853
27,154,1.0,1785.0168407869419,0.07277551326416429,7.559958642047932,-7.487183128783767,-7.487183128783768,8.881784197001252e-16,-0.05492748669940006,-1.2510648468879562,3.597060952280553,6.236118281895811,0.02756091342445265,0.4981003755340534,6.219120821506112
27,155,1.0,1885.806039192878,0.016312034079006804,7.558422649562173,-7.542110615483167,-7.542110615483167,0.0,-0.01603766872590562,-1.3032438555119576,3.59980943035595,6.23886675997121,0.02745622657115929,0.4981097370059997,6.221930986545364
27,156,1.0,1916.293794522106,0.0023679522840835687,7.560516236493158,-7.558148284209072,-7.558148284209075,2.6645352591003757e-15,0.01909414242152252,-1.3223696164822054,3.596721338111609,6.235778667726868,0.027500587983061375,0.4981444938525254,6.219175613317131
27,157,1.0,1880.05092230112,0.020958340477309573,7.560012482264858,-7.53905414178755,-7.539054141787548,1.7763568394002505e-15,0.03247735749972236,-1.3048142403163843,3.5951825718559065,6.234239901471164,0.02754888189490958,0.4980945613011369,6.217201729903897
27,158,1.0,1819.972707879549,0.0525583996744414,7.559135183962269,-7.5065767842878275,-7.5065767842878275,0.0,-0.013055728192683524,-1.2743153941999343,3.593204060472634,6.232261390087894,0.02757364979352872,0.4980383102496972,6.214740283525335
27,159,1.0,1843.8895631303194,0.03903534402687364,7.558667856507385,-7.519632512480511,-7.519632512480511,0.0,-0.004576599011746119,-1.2876723075780363,3.5929028752872156,6.231960204902473,0.027585208730531382,0.4979860896212837,6.213980868449875
27,160,1.0,1852.3476461468426,0.03327460840962196,7.557483719901878,-7.524209111492257,-7.524209111492256,8.881784197001252e-16,0.001990647867767592,-1.2906500847082125,3.5945016971687855,6.233559026784045,0.027622881934147244,0.4979005539543748,6.214810507374486
27,161,1.0,1848.663941950072,0.03341401963634734,7.555632483260837,-7.5222184636244895,-7.5222184636244895,0.0,-0.014970775678261994,-1.2873399557113356,3.595821178297895,6.2348785079131535,0.02758553805737116,0.4978969878108692,6.21609263376722
27,162,1.0,1876.5480779113768,0.018634988325464612,7.555824227628217,-7.5371892393027515,-7.537189239302752,8.881784197001252e-16,0.04823636010381005,-1.3033028424038802,3.5948290672836123,6.23388639689887,0.027554234970129467,0.4979364801708376,6.215459492038023
27,163,1.0,1788.1786720828995,0.06351634595962749,7.552469225158568,-7.4889528791989415,-7.488952879198941,8.881784197001252e-16,0.002339016195674226,-1.2518510232004005,3.5980445263832808,6.2371018559985405,0.027547718585715936,0.4978737709263458,6.218086564015986
27,164,1.0,1784.0009809564199,0.06318863849179328,7.54980250149506,-7.486613863003267,-7.486613863003267,0.0,0.06007874436234051,-1.2486059585967717,3.5989505747912367,6.238007904406496,0.027513001321842128,0.4978295969343685,6.218592682007545
27,165,1.0,1679.9765578528384,0.12131773850776756,7.547852857148695,-7.426535118640927,-7.426535118640928,8.881784197001252e-16,-0.04681238638763219,-1.18930153124932,3.598176257776348,6.237233587391606,0.027573149933584857,0.4977209376612241,6.21684589047508
27,166,1.0,1760.4900821340286,0.07471472549437685,7.5480622305229375,-7.473347505028559,-7.473347505028561,1.7763568394002505e-15,0.021039298060762768,-1.2353300102409868,3.598960165172314,6.238017494787572,0.027550151608173413,0.497725027843486,6.21768326721188
27,167,1.0,1723.8375305589545,0.09458401916666431,7.546892226134462,-7.452308206967796,-7.452308206967798,1.7763568394002505e-15,0.0311504930375337,-1.2151612822786972,3.5980895950738403,6.2371469246891,0.02755015174495502,0.49773055194709614,6.2168766062272995
27,168,1.0,1670.9668900225984,0.12285000466865245,7.544007718598915,-7.4211577139302625,-7.4211577139302625,0.0,-0.009104483636845906,-1.1835948017918396,3.5985055825231638,6.237562912138422,0.027523329452675972,0.49770871847733367,6.217101667092298
27,169,1.0,1686.249645963659,0.1136751393051061,7.543937336872215,-7.430262197567108,-7.430262197567109,8.881784197001252e-16,0.06387301050934724,-1.1950034645624357,3.596201403389414,6.235258733004672,0.027569629396674587,0.49771177656838655,6.214851040160793
27,170,1.0,1581.9114717482164,0.17449329207723877,7.540882479135002,-7.366389187057761,-7.366389187057763,1.7763568394002505e-15,0.011551993137945082,-1.1320429796764429,3.59528887776606,6.23434620738132,0.027634218846248906,0.497631431303446,6.213224179343838
27,171,1.0,1563.7423879004123,0.18364597461198945,7.5384831685318066,-7.354837193919816,-7.354837193919817,8.881784197001252e-16,-0.12018430834861427,-1.1206405545741496,3.595139309730407,6.234196639345667,0.0276335910895788,0.4976193258806551,6.212976952724858
27,172,1.0,1763.4396057307415,0.06694908117666679,7.541970583445099,-7.47502150226843,-7.475021502268433,2.6645352591003757e-15,-0.0401753801153335,-1.2419266993138975,3.594037473339273,6.233094802954532,0.02754368488074333,0.49768814968464437,6.212501084824082
27,173,1.0,1835.7288633917221,0.025874824307355007,7.541071706691119,-7.515196882383764,-7.515196882383764,0.0,0.02134739271420205,-1.2832129736282485,3.5929265791402565,6.231983908755515,0.027540491803542105,0.4976753661513001,6.2112771875214445
27,174,1.0,1796.9561589209477,0.04404200827252855,7.537891497942091,-7.493849489669562,-7.493849489669563,8.881784197001252e-16,-0.004018740260486986,-1.2614951867202955,3.5932969733340085,6.232354302949267,0.027572405867331385,0.497677401842779,6.2116671558573975
27,175,1.0,1804.192189107398,0.03688661445815236,7.534754844388202,-7.497868229930049,-7.49786822993005,8.881784197001252e-16,0.026100096218018898,-1.264567064256445,3.5942438360583444,6.233301165673604,0.027597164408241982,0.4976440475971862,6.2123139121745625
27,176,1.0,1757.7118091351279,0.06409428585297967,7.535862419565008,-7.47176813371203,-7.471768133712029,8.881784197001252e-16,0.01160213776427721,-1.2397717237951122,3.5929390803016585,6.231996409916917,0.02758146581307931,0.4975629510172078,6.210305118802273
27,177,1.0,1737.436440821601,0.07531354006411276,7.535479536011865,-7.460165995947753,-7.460165995947752,8.881784197001252e-16,-0.024206900718945157,-1.2274945760565414,3.5936140902759526,6.232671419891211,0.027605120646173174,0.4975262524459474,6.21064909583444
27,178,1.0,1780.00757103351,0.05203667086171353,7.536409567528411,-7.484372896666698,-7.484372896666697,8.881784197001252e-16,-0.06098402174191353,-1.2532808638847712,3.5920347031666666,6.231092032781926,0.027584338281861766,0.49750553004387094,6.208889251329091
27,179,1.0,1891.9378843831928,-0.006277673439219034,7.539079244969392,-7.545356918408611,-7.545356918408611,0.0,0.007727454717881166,-1.3140681001619632,3.592231488631389,6.2312888182466475,0.02761244524771321,0.49749651405966216,6.209009541104441
27,180,1.0,1877.3743620023474,0.001180544469516015,7.538810008160246,-7.53762946369073,-7.537629463690729,8.881784197001252e-16,0.016338509368347687,-1.307592774875721,3.5909793591997503,6.2300366888150105,0.027626228558023182,0.49751578251108386,6.207919343636221
27,181,1.0,1846.9500838799615,0.01525188402410764,7.536542838346492,-7.5212909543223825,-7.521290954322384,1.7763568394002505e-15,0.00011167299714109902,-1.2884464715282078,3.593787153178916,6.232844482794176,0.027607652986131243,0.4974798148119848,6.210392542083972
27,182,1.0,1846.7438409446208,0.014760208906151387,7.535939490231393,-7.521179281325241,-7.521179281325241,0.0,0.03290165411037815,-1.2898371335454384,3.592284818164543,6.231342147779801,0.027645930918188948,0.49744822257006516,6.208625341852749
27,183,1.0,1786.9716084686047,0.045530673871794644,7.53380830108666,-7.488277627214863,-7.488277627214866,2.6645352591003757e-15,-0.04259469862794418,-1.2563685571406147,3.5928517404589897,6.231909070074248,0.027648528802219834,0.4973769077765394,6.208550106449003
27,184,1.0,1864.7314477085883,0.002093674225232628,7.532966000068042,-7.530872325842807,-7.530872325842809,1.7763568394002505e-15,-0.02268451743465061,-1.2992241013466235,3.5925908948809253,6.231648224496183,0.027597375021465493,0.49737546327387816,6.208267720879798
27,185,1.0,1907.5154128889674,-0.01992642017943913,7.533630423098018,-7.553556843277458,-7.553556843277457,8.881784197001252e-16,-4.0195727120106994e-06,-1.3236108879327246,3.5908886257294736,6.229945955344734,0.027673347589962215,0.4973011143377702,6.205920284236173
27,186,1.0,1907.5230803012782,-0.021987168212338412,7.5315736946378316,-7.55356086285017,-7.55356086285017,0.0,0.003176267988249215,-1.3231911656724544,3.5913123675624568,6.230369697177715,0.02768510130547508,0.497314212144001,6.206469080972403
27,187,1.0,1901.4738878183866,-0.02024144027960735,7.530143154582314,-7.550384594861921,-7.550384594861921,0.0,0.03454514424291322,-1.3206745460190876,3.5906527192275752,6.2297100488428345,0.0276871277214887,0.49726495682550614,6.205386376470069
27,188,1.0,1836.9088235097033,0.011324094303495728,7.527163544922503,-7.515839450619008,-7.515839450619008,0.0,0.014675868901845135,-1.2853116078223608,3.5914705131813873,6.230527842796646,0.027659673538611103,0.4972166348383169,6.205787436630877
27,189,1.0,1810.1474440028223,0.024519243524112735,7.525682825241274,-7.5011635817171625,-7.501163581717162,8.881784197001252e-16,-0.010912889446052176,-1.2703903140503523,3.5917159380515526,6.2307732676668115,0.02768438820706605,0.49715507973197604,6.205492681309274
27,190,1.0,1830.0095623747613,0.011926073988044655,7.5240025451512595,-7.512076471163215,-7.512076471163215,0.0,-0.011537645414793296,-1.2815028733636855,3.591516268184269,6.230573597799528,0.027673990230153954,0.4971007938564551,6.204815978563164
27,191,1.0,1851.2458365360255,0.00044777779562322345,7.524061894373631,-7.523614116578008,-7.523614116578008,0.0,-0.006551359568759629,-1.2930945417266722,3.5914622452360767,6.230519574851335,0.027712230133088364,0.49707785769805735,6.204562312662364
27,192,1.0,1863.413828585779,-0.006537416326239748,7.523628059820528,-7.530165476146768,-7.530165476146768,0.0,0.011558272834605532,-1.2984768972994434,3.5926312492320642,6.231688578847321,0.027704456599725116,0.4970567713758709,6.20554448019723
27,193,1.0,1841.9999751273085,0.0011043836219682135,7.5197115869341316,-7.518607203312162,-7.518607203312163,8.881784197001252e-16,0.05340826728050452,-1.2871804846645136,3.592369389032391,6.23142671864765,0.027693330716215755,0.49701723075667803,6.204942473116547
27,194,1.0,1746.2028963456764,0.052473503459325166,7.517672439490984,-7.4651989360316575,-7.465198936031659,1.7763568394002505e-15,0.017317215257973473,-1.2319586104503528,3.594182995966046,6.2332403255813045,0.027746076944111606,0.49693140244540746,6.2059894558413715
27,195,1.0,1716.2238508847515,0.06935131197997102,7.517233032753656,-7.447881720773684,-7.447881720773685,8.881784197001252e-16,-0.028918681448072192,-1.2158643516164473,3.592960039541978,6.232017369157236,0.027790918076154802,0.49692453111400386,6.204702557710057
27,196,1.0,1766.579380207424,0.042903152141413145,7.519703554363167,-7.476800402221756,-7.476800402221754,2.6645352591003757e-15,0.0514860013926155,-1.2470071938364071,3.5907358787700905,6.22979320838535,0.02779409026708333,0.4969046621222092,6.202311786425513
27,197,1.0,1677.9270317463054,0.092841543025205,7.518155943854348,-7.425314400829141,-7.4253144008291425,1.7763568394002505e-15,-0.06755247665131492,-1.1968391523033741,3.5894179189105073,6.2284752485257675,0.02781555297507582,0.4968562585351817,6.200559346604533
27,198,1.0,1795.1913151164201,0.02670691836498984,7.519573795845445,-7.492866877480456,-7.492866877480455,8.881784197001252e-16,0.005400792124382825,-1.2658312008212558,3.587978347043941,6.227035676659199,0.027771653987656703,0.4968763561298167,6.199302613166056
27,199,1.0,1785.5219944986306,0.02909691086800273,7.516562996224076,-7.487466085356073,-7.487466085356074,8.881784197001252e-16,0.04468362441372076,-1.2609776010646747,3.58743115467614,6.226488484291399,0.02776387819037283,0.4968585969226798,6.198593487161648
27,200,1.0,1707.4946546751885,0.07260475980247025,7.515387220744823,-7.442782460942352,-7.442782460942353,8.881784197001252e-16,-0.03890460710801058,-1.2176249975801041,3.586100133746989,6.225157463362247,0.02776493976650412,0.49681846711880207,6.196929614234143
27,201,1.0,1775.2331902163173,0.031228412435718902,7.5129154804860825,-7.481687068050363,-7.4816870680503635,8.881784197001252e-16,0.012889879442091967,-1.2565298428164267,3.586099895618677,6.225157225233936,0.02774107245926872,0.4968568194542506,6.19725203851983
27,202,1.0,1752.4974934002105,0.0433391338974799,7.512136322505748,-7.468797188608271,-7.468797188608268,2.6645352591003757e-15,0.04249469513452642,-1.2440069050634734,3.5857329539295377,6.224790283544797,0.027747489379393087,0.4967748062239851,6.196175793676264
27,203,1.0,1679.5857984772006,0.08458436966992691,7.510886863143671,-7.426302493473744,-7.426302493473744,0.0,0.019936416124886946,-1.2011684270916607,3.5860767367668247,6.225134066382083,0.027762045572743237,0.4966849297418714,6.195725685858572
27,204,1.0,1646.432454599677,0.10386605928221933,7.510232136631076,-7.406366077348857,-7.406366077348856,8.881784197001252e-16,-0.0036753615008251472,-1.1809086949848842,3.586400052748714,6.225457382363972,0.027761252415597237,0.4966587946191787,6.195809525607266
27,205,1.0,1652.494822930257,0.09907415764489778,7.5091155964945795,-7.4100414388496825,-7.410041438849682,8.881784197001252e-16,-0.037105269867551804,-1.1840807102166084,3.5869033990178147,6.225960728633074,0.02776241961982605,0.49663939079702263,6.19613192435564
27,206,1.0,1714.9628691379473,0.06130898488905501,7.5084556936062885,-7.447146708717234,-7.447146708717233,8.881784197001252e-16,-0.010334100141372815,-1.2222658192544464,3.585823559847529,6.2248808894627885,0.02776681693392123,0.4966295607293912,6.194964144990844
27,207,1.0,1732.77735697781,0.05049900059750581,7.507979809456114,-7.457480808858607,-7.457480808858609,1.7763568394002505e-15,-0.05653994774190885,-1.2316639572733281,3.5867595219700203,6.225816851585279,0.027792784398811828,0.49654947364640034,6.195173793529672
27,208,1.0,1833.5710845028611,-0.009151083450631592,7.504869673149885,-7.514020756600516,-7.514020756600517,8.881784197001252e-16,-0.04914724169611162,-1.2863192254439775,3.5886442015412805,6.227701531156538,0.027758727074801138,0.49653876712303724,6.1969161860810384
27,209,1.0,1925.9372248607147,-0.05925526749167401,7.503912730804952,-7.563167998296628,-7.563167998296627,8.881784197001252e-16,0.03639473975624252,-1.3353872628613144,3.5887234058200543,6.2277807354353145,0.027761427831215553,0.4965178352853302,6.196796601832841
27,210,1.0,1857.1034325579449,-0.02271631165965831,7.504056946880727,-7.526773258540385,-7.526773258540385,0.0,-0.04568101088975407,-1.298024580078985,3.589691348846141,6.2287486784614,0.027806445281917794,0.49646259728786896,6.197281841667662
27,211,1.0,1943.9052991992853,-0.06867787644105164,7.503776392989089,-7.572454269430139,-7.57245426943014,8.881784197001252e-16,0.06441081716224861,-1.3424321125030194,3.590964827311862,6.230022156927121,0.02786917404131497,0.4964375029186041,6.198324646027869
27,212,1.0,1822.6439620173917,-0.005635454192852801,7.502407998075039,-7.5080434522678905,-7.508043452267892,1.7763568394002505e-15,0.07944653098873733,-1.2797758717197827,3.5892102509328496,6.228267580548107,0.0278642479887526,0.4964165458857876,6.196408911771151
27,213,1.0,1683.4439112228224,0.07332062914967855,7.501917550428834,-7.428596921279153,-7.428596921279155,1.7763568394002505e-15,0.014331481792881462,-1.2012864622189334,3.5882531294449604,6.22731045906022,0.02787894382813048,0.49634284212423935,6.19484035429437
27,214,1.0,1659.4897249492096,0.0874943115510774,7.501759751037351,-7.414265439486272,-7.4142654394862735,1.7763568394002505e-15,0.004722240371831887,-1.1871459463070801,3.588062163563934,6.227119493179193,0.0278992800984841,0.49630265724901046,6.194281680729076
27,215,1.0,1651.6716894231286,0.091348443908989,7.5008916430234285,-7.40954319911444,-7.40954319911444,0.0,-0.04287220218927956,-1.1810614282018268,3.589424441297355,6.228481770912613,0.02787828135072155,0.49626333439756154,6.1952713210568096
27,216,1.0,1724.022326082621,0.04762949072348105,7.5000448920272,-7.452415401303719,-7.4524154013037185,8.881784197001252e-16,0.04011086555310506,-1.2230961530882067,3.590261918600254,6.229319248215512,0.0278855263885744,0.49623324316427203,6.195804232358175
27,217,1.0,1656.2388137519115,0.08548173046209888,7.497786266212714,-7.412304535750614,-7.412304535750615,8.881784197001252e-16,-0.05582104109660424,-1.1822776898367025,3.5909695162986526,6.230026845913912,0.027926777432823326,0.49620627833519276,6.196258828543688
27,218,1.0,1751.3208906267864,0.029794960122045536,7.497920536969266,-7.468125576847219,-7.46812557684722,1.7763568394002505e-15,0.032975004549733455,-1.239610503827086,3.5894577434048744,6.228515073020133,0.027932205362640905,0.4962315758288686,6.1950255946716695
27,219,1.0,1694.5128464774639,0.05992960442245279,7.495080176719936,-7.435150572297485,-7.435150572297483,1.7763568394002505e-15,0.07610968299727716,-1.2060168003744793,3.5900764423077476,6.2291337719230055,0.027959185259662164,0.49615794404199887,6.194974560492023
27,220,1.0,1570.3297204217724,0.13286066176201097,7.491901551062219,-7.359040889300208,-7.359040889300208,0.0,-0.007413388194885684,-1.1283747897633645,3.591608769921584,6.230666099536843,0.028038081445145774,0.4960437309711977,6.195448373574325
27,221,1.0,1582.0144424088999,0.12339360222775778,7.489847879722851,-7.366454277495094,-7.366454277495094,0.0,0.023498740145997843,-1.1338223754107322,3.593574572469103,6.232631902084362,0.028052246271205557,0.49599466507453127,6.196938325928323
27,222,1.0,1545.27248171175,0.146446864751697,7.489402402100794,-7.342955537349096,-7.342955537349097,8.881784197001252e-16,0.03922365338109923,-1.1111129534398878,3.592785254293949,6.2318425839092075,0.028073111087966257,0.4959734230918158,6.195960429754232
27,223,1.0,1485.83455602432,0.18375885550535037,7.487490739473348,-7.3037318839679966,-7.303731883967997,8.881784197001252e-16,-0.0045083121391371606,-1.0717726679051027,3.592901886447635,6.2319592160628945,0.028093280767267123,0.49591335736828357,6.195564434200764
27,224,1.0,1492.548284410279,0.1769608783002623,7.485201074407395,-7.308240196107134,-7.308240196107133,8.881784197001252e-16,0.014219210530529658,-1.075700265066937,3.5934826014249377,6.232539931040196,0.028089215932165713,0.4958657464246309,6.195725475017811
27,225,1.0,1471.475599646682,0.1900707350968582,7.484091720673462,-7.294020985576604,-7.294020985576603,8.881784197001252e-16,0.007230478225457304,-1.0621814248387034,3.592782231122642,6.231839560737901,0.02812659253101105,0.4957939198769089,6.1943884328607055
27,226,1.0,1460.8744990628716,0.1957028529333918,7.482493360284541,-7.286790507351147,-7.2867905073511485,1.7763568394002505e-15,-0.030135883412372166,-1.0526214473303124,3.5951117304055757,6.234169060020833,0.028182357370384516,0.495699811324355,6.195816096429089
27,227,1.0,1505.5693190940362,0.1670888048406428,7.48401519560416,-7.316926390763519,-7.316926390763517,1.7763568394002505e-15,-0.018769103045167768,-1.0854090180747884,3.5924600430734723,6.231517372688731,0.028122738051884116,0.49571319247110396,6.193348207272548
27,228,1.0,1534.0943621283645,0.14893771409225665,7.484633207900942,-7.335695493808687,-7.335695493808686,8.881784197001252e-16,0.052755864381151873,-1.1074129595670517,3.5892252046263757,6.228282534241635,0.028058851351772763,0.49575546638393436,6.190591055699669
27,229,1.0,1455.2596676590601,0.19962914172668644,7.482568771154224,-7.282939629427535,-7.2829396294275375,2.6645352591003757e-15,0.04175398346017456,-1.055324730272677,3.5885575695395993,6.227614899154859,0.02809711487382305,0.4956602408014245,6.1890870021942614
27,230,1.0,1395.7478530267463,0.239209306486714,7.480394952454074,-7.24118564596736,-7.24118564596736,0.0,-0.016739564621915726,-1.0116693826933993,3.5904589336587023,6.22951626327396,0.028159208546887908,0.4955897477600469,6.190295419627604
27,231,1.0,1419.3087135126186,0.22054875646873634,7.47847396705801,-7.257925210589276,-7.257925210589273,2.6645352591003757e-15,0.02616182500012698,-1.0310807174270316,3.5877871635469853,6.226844493162245,0.028105769924403747,0.49557523733440634,6.187620132394119
27,232,1.0,1382.6585157432667,0.24271133800251757,7.474474723591667,-7.231763385589149,-7.23176338558915,8.881784197001252e-16,-0.04701851094998233,-1.0023683783867188,3.5903376775871716,6.22939500720243,0.028186760985329483,0.49546609599221014,6.189145226155338
27,233,1.0,1449.2216476130693,0.19852146177593513,7.4773033583150665,-7.278781896539131,-7.278781896539131,0.0,0.00813649732521693,-1.0512590680174496,3.5884654989064226,6.227522828521681,0.028140460504125706,0.4954393441486468,6.1870735122543055
27,234,1.0,1437.477900824584,0.20158491028693082,7.472230309500843,-7.270645399213914,-7.270645399213913,1.7763568394002505e-15,-0.022304290767843682,-1.0443405300453412,3.587247539553314,6.226304869168572,0.028112458877425018,0.49539959384979815,6.185577852956691
27,235,1.0,1469.9000584047374,0.1798660808498597,7.472815770831618,-7.292949689981758,-7.292949689981758,0.0,0.017384726476143086,-1.0654619247114596,3.588430435655039,6.227487765270299,0.028109949277067548,0.49532799001869554,6.186072044392632
27,236,1.0,1444.5670893371487,0.19728920338434325,7.472854166889959,-7.275564963505615,-7.275564963505615,0.0,0.012730444931091434,-1.0473345868724386,3.5891730470179177,6.228230376633178,0.028142160871076904,0.4952570292264888,6.186134919452015
27,237,1.0,1426.2936687327447,0.2080736642280886,7.47090818280261,-7.262834518574524,-7.262834518574522,1.7763568394002505e-15,-0.10702033028002234,-1.0383044448542866,3.5854727441049765,6.224530073720236,0.028105437241810614,0.49525278577432025,6.182521976000813
27,238,1.0,1587.4033529062822,0.10329867227143999,7.473153521125987,-7.369854848854546,-7.369854848854547,8.881784197001252e-16,0.03179528668411358,-1.1485918286505483,3.5822056905887387,6.221263020203998,0.02797399422476141,0.49532766703217995,6.179979755124421
27,239,1.0,1537.7253563419954,0.13340961155712974,7.471469173727563,-7.338059562170432,-7.338059562170433,8.881784197001252e-16,-0.010786134125917002,-1.1173872621792815,3.5816149703758926,6.2206722999911515,0.02802042888606732,0.49523520122150244,6.17858121323236
27,240,1.0,1554.401240774055,0.12102669891434345,7.469872395210693,-7.348845696296349,-7.348845696296349,0.0,0.06277534430211773,-1.1283993284565683,3.581389038224523,6.220446367839782,0.028001115956908827,0.49520334022793944,6.1780924277160265
27,241,1.0,1459.822821197767,0.1818268176724713,7.467897169666702,-7.286070351994232,-7.286070351994231,8.881784197001252e-16,-0.04331967076493637,-1.064673526326292,3.5823394960526804,6.221396825667939,0.028039320209950397,0.4951489738578472,6.178545197883163
27,242,1.0,1524.4516075444749,0.1376720498843152,7.467062072643482,-7.329390022759168,-7.329390022759166,1.7763568394002505e-15,-0.0012771057863183444,-1.108306326569977,3.5820263665739316,6.221083696189191,0.02798543654979771,0.4951461472300332,6.17819327575551
27,243,1.0,1526.3997372324975,0.13726324595094835,7.467930374496435,-7.330667128545486,-7.330667128545486,0.0,-0.003942862610761821,-1.1088601575590584,3.5827496413711692,6.221806970986428,0.02799846883879954,0.4951082014627203,6.178557838369108
27,244,1.0,1532.4300021262106,0.13097052043347912,7.465580511589728,-7.334609991156248,-7.334609991156249,8.881784197001252e-16,-0.07805525980502726,-1.1122604117175325,3.5832922498234576,6.222349579438716,0.028018500586523935,0.49506072168459414,6.178667524404785
27,245,1.0,1656.8363520486164,0.05253698870855612,7.465202239669831,-7.412665250961275,-7.412665250961275,0.0,-0.05277575556496927,-1.191935082796692,3.5816728385493244,6.220730168164583,0.0279602694175438,0.4951130133451582,6.177544824506766
27,246,1.0,1746.62565171068,-0.002588113753072163,7.4628528927731725,-7.465441006526245,-7.465441006526245,0.0,-0.04899591314958318,-1.2450705040226064,3.58131317288838,6.220370502503639,0.027936650455493286,0.4951615451766888,6.177613028602941
27,247,1.0,1834.3343078858704,-0.055928567385622636,7.458508352290207,-7.514436919675828,-7.51443691967583,1.7763568394002505e-15,0.041028393762327475,-1.2947938862998367,3.5805857037607325,6.2196430333759904,0.027902353581909983,0.49513464060689366,6.176616426238616
27,248,1.0,1760.5975120744727,-0.01661965948282862,7.4567888664306725,-7.4734085259135,-7.473408525913501,8.881784197001252e-16,0.008958370711178887,-1.2553377024549968,3.579013493843246,6.218070823458505,0.027938630720699163,0.49506305848695203,6.174464377162428
27,249,1.0,1744.8958624947745,-0.007846302095967067,7.456603853106355,-7.4644501552023215,-7.4644501552023215,0.0,0.027240620143161642,-1.2467315898587965,3.5786612357282666,6.217718565343525,0.027986364839670305,0.49494189536182925,6.1730643312376134
27,250,1.0,1698.0053795915198,0.014967771942954164,7.4521773070021124,-7.43720953505916,-7.437209535059158,1.7763568394002505e-15,-0.07177089012451177,-1.2194339492944326,3.5787182561494686,6.217775585764727,0.02800065837470494,0.49488059760944736,6.172584945476366
27,251,1.0,1824.3525303610468,-0.05797110423978298,7.451009320943888,-7.508980425183672,-7.508980425183672,0.0,0.0019953772914655943,-1.2908779054194146,3.579045190148998,6.218102519764257,0.027999048147693335,0.4948842183834574,6.172886257959788
27,252,1.0,1820.7158881935534,-0.0540615032309652,7.4529235446612425,-7.506985047892206,-7.506985047892208,1.7763568394002505e-15,0.021907296959073008,-1.2880881357672325,3.5798395825097145,6.218896912124974,0.02802428696814157,0.49479097790367654,6.172886007372587
27,253,1.0,1781.2626592394158,-0.03120006410066857,7.453877686832463,-7.485077750933133,-7.485077750933132,8.881784197001252e-16,0.0012081617647288212,-1.267618730932605,3.5784016903852702,6.217459020000528,0.028024247566969668,0.49472548589340054,6.170926173881724
27,254,1.0,1779.1119052925383,-0.030772329560578432,7.4530972596078255,-7.483869589168404,-7.483869589168404,0.0,0.05101855392631016,-1.2668315965141663,3.577980663038979,6.217037992654238,0.028038422910568586,0.49466505329830623,6.169978779036251
27,255,1.0,1690.6207281464008,0.01780953765613373,7.4506605728982285,-7.432851035242094,-7.432851035242095,8.881784197001252e-16,0.02133152874657185,-1.2166270673304211,3.5771666382964153,6.216223967911674,0.028069497950846616,0.49456471839958077,6.1683244623297275
27,256,1.0,1654.9391280420964,0.0376347456541363,7.449154252149658,-7.411519506495522,-7.411519506495521,8.881784197001252e-16,-0.0628069828356903,-1.1924656725091773,3.5799965043710857,6.2190538339863455,0.028131484617149767,0.4944251699708818,6.169856392402037
27,257,1.0,1762.2144182006664,-0.025444133152511608,7.4488823561787,-7.4743264893312125,-7.474326489331212,8.881784197001252e-16,-0.018657532532469823,-1.2562155508304655,3.5790536088854874,6.218110938500746,0.02810663880131657,0.49444396425687304,6.169080107052894
27,258,1.0,1795.401624013815,-0.04588518818696596,7.447098833676718,-7.492984021863682,-7.492984021863684,1.7763568394002505e-15,-0.014853229431358805,-1.2752507737366099,3.5786759185118138,6.2177332481270735,0.028082793082425398,0.49442607406330863,6.168556819023051
27,259,1.0,1822.2681698049578,-0.06296860845883046,7.444868642836211,-7.507837251295041,-7.507837251295042,8.881784197001252e-16,-0.02216906600282975,-1.2914785666714863,3.577301355008296,6.216358684623555,0.02807157311447484,0.49441586370840857,6.167108554492009
27,260,1.0,1863.1172733861217,-0.08907485628003053,7.44093146101784,-7.530006317297871,-7.53000631729787,8.881784197001252e-16,0.017930223020075076,-1.3128253856494712,3.578123602033141,6.2171809316484,0.028036182993786768,0.49437272681274835,6.167518252885839
27,261,1.0,1830.0088726709719,-0.07379041924537255,7.4382856750324216,-7.512076094277796,-7.512076094277794,1.7763568394002505e-15,-0.014754650950049353,-1.2919446682042026,3.5810740964583343,6.220131426073593,0.028030981998344834,0.49425637310075204,6.169420142438443
27,262,1.0,1857.2101943512146,-0.08871675356556338,7.438113991662282,-7.526830745227845,-7.526830745227845,0.0,-0.04030508501239183,-1.3073838114864353,3.5803896041261516,6.219446933741409,0.028067548800452306,0.4942129792771963,6.168366314859429
27,263,1.0,1933.5942008541203,-0.13548229786748,7.431653532372758,-7.567135830240237,-7.567135830240238,8.881784197001252e-16,-0.004351463982438908,-1.3477339457995623,3.5803445548254165,6.219401884440676,0.028034699319538323,0.4942231020264899,6.168347268905821
27,264,1.0,1942.026499492067,-0.1384331259494341,7.433054168273243,-7.571487294222676,-7.571487294222677,8.881784197001252e-16,0.0183681063878236,-1.3539657840013224,3.5784641806060944,6.217521510221354,0.028099639926703914,0.49415378550997213,6.165896979902443
27,265,1.0,1906.6807610449466,-0.1202016550199728,7.432917532814882,-7.553119187834852,-7.553119187834855,2.6645352591003757e-15,-0.03102734840253696,-1.3358658988148524,3.5781959594047414,6.2172532890199985,0.028124438011054905,0.49405954806824187,6.16484415444559
27,266,1.0,1966.7673527669444,-0.15591098615321958,7.428235550084171,-7.584146536237389,-7.584146536237391,1.7763568394002505e-15,-0.011724505306842659,-1.3641608213767962,3.580928385245334,6.219985714860592,0.028083017549050952,0.4940280918528834,6.167211874162303
27,267,1.0,1989.9624367676577,-0.1698640283426142,7.426007013201617,-7.595871041544232,-7.595871041544231,8.881784197001252e-16,0.02877196471365906,-1.3731800363748436,3.5836336755541303,6.22269100516939,0.028167733108571045,0.4938948598948627,6.168649415550604
27,268,1.0,1933.5231359802774,-0.14309453324775556,7.424004543582816,-7.567099076830573,-7.567099076830572,8.881784197001252e-16,-0.0397534498090506,-1.3439503296763706,3.5840914175389433,6.223148747154203,0.028213220520505986,0.4937721137683828,6.168048493305927
27,269,1.0,2011.9356078154553,-0.18615679775195287,7.420695728887672,-7.606852526639623,-7.606852526639625,1.7763568394002505e-15,0.005782733808060492,-1.3807516082139668,3.587043588810398,6.226100918425657,0.028236735208781186,0.4937257643422064,6.170546310118331
27,270,1.0,2000.3346945809535,-0.18246420915026437,7.418605583681298,-7.601069792831563,-7.601069792831563,0.0,0.003945583043716283,-1.3746921278447597,3.587320335371545,6.226377664986805,0.02810867943452324,0.493754751755643,6.171079068417193
27,271,1.0,1992.457757701316,-0.1800071812603018,7.417117028527547,-7.597124209787847,-7.597124209787848,1.7763568394002505e-15,-0.04665533361932983,-1.3725751537712607,3.5854917264013264,6.224549056016587,0.028204118080363022,0.49366546292747204,6.168448664050069
27,272,1.0,2087.619171850551,-0.22905941258608936,7.414720130821087,-7.6437795434071765,-7.6437795434071765,0.0,0.02813590324050974,-1.4199621203030404,3.584760093488877,6.223817423104135,0.028140538188919057,0.4937043040686885,6.16805069646012
27,273,1.0,2029.700735366707,-0.20452559160833886,7.411118048558327,-7.615643640166667,-7.615643640166666,8.881784197001252e-16,0.01934402520382239,-1.393314139879289,3.5832721706721187,6.222329500287378,0.028162045080686798,0.493666880426826,6.166268731697011
27,274,1.0,1990.815464551552,-0.18622060113667005,7.410079013826174,-7.596299614962844,-7.5962996149628434,8.881784197001252e-16,0.01892309154365357,-1.372523129101619,3.5847191562459666,6.223776485861224,0.02818245987918652,0.4935738010777861,6.166872721611722
27,275,1.0,1953.4972825350526,-0.1639336294410524,7.4134428939781385,-7.577376523419191,-7.577376523419191,0.0,0.036098135852131286,-1.3561405059306992,3.5821786878732342,6.221236017488493,0.0281305052848011,0.493561106407261,6.164340015468382
27,276,1.0,1884.2372716393188,-0.13331611179030478,7.407962275776756,-7.5412783875670595,-7.54127838756706,8.881784197001252e-16,-0.0067492744956823,-1.3181793523522944,3.5840417055995064,6.223099035214764,0.02812146838025404,0.4934676521074582,6.165333623883256
27,277,1.0,1896.997518967922,-0.13933216939961396,7.408695492663129,-7.548027662062742,-7.548027662062743,8.881784197001252e-16,-0.03742107473558942,-1.3246871074847084,3.5842832249627747,6.2233405545780345,0.028122022042628227,0.4934389067823078,6.16531028043653
27,278,1.0,1969.3301465905881,-0.17716474678787741,7.408283990010456,-7.585448736798331,-7.585448736798333,1.7763568394002505e-15,0.05273849119897989,-1.3651143197840117,3.581277087399062,6.220334417014321,0.02817182631788704,0.4934505853967409,6.162441528499649
27,279,1.0,1868.1618258912608,-0.12451544493570554,7.4081948006636456,-7.532710245599351,-7.532710245599351,0.0,-0.0017713569637942683,-1.3136853560318595,3.579967559952231,6.219024889567491,0.028149673081507214,0.49336982299360177,6.1605300775242195
27,280,1.0,1871.4739399531666,-0.1267844235407858,7.407697179022359,-7.534481602563146,-7.534481602563146,0.0,0.01541571247555229,-1.3168083899490708,3.578615882998816,6.217673212614075,0.028202607422448983,0.49329644708602743,6.158523074436905
27,281,1.0,1842.8450699583386,-0.11386770925674441,7.405198180830851,-7.519065890087593,-7.519065890087596,2.6645352591003757e-15,-0.00034332239143886056,-1.3020229273408621,3.577985633131472,6.2170429627467305,0.02821702168504791,0.49320403932110335,6.157106785116504
27,282,1.0,1843.4778685555552,-0.11399532389752731,7.405413888581504,-7.519409212479032,-7.519409212479031,8.881784197001252e-16,0.02610228909407386,-1.3043814061135692,3.5759704767502036,6.2150278063654625,0.02824394006848902,0.4931386851222552,6.154577189842821
27,283,1.0,1795.9814555387125,-0.09238608843469379,7.400920834950264,-7.493306923384958,-7.493306923384957,8.881784197001252e-16,0.0566451959212424,-1.2765377432734508,3.577711850496247,6.216769180111506,0.028208707181271372,0.4930966975032317,6.155958852757885
27,284,1.0,1697.07545408086,-0.03466609127612921,7.401995636187586,-7.436661727463716,-7.436661727463715,8.881784197001252e-16,0.04899228866220984,-1.2194695799342934,3.578134817914163,6.217192147529423,0.02819513653954962,0.49300961659702863,6.155682649513779
27,285,1.0,1615.935684028178,0.010375840602124417,7.3980452794036315,-7.387669438801506,-7.387669438801507,8.881784197001252e-16,0.03220441867446766,-1.1701863543607467,3.5784257548255,6.217483084440759,0.02825276393732172,0.49290589001050444,6.1550925881350995
27,286,1.0,1564.7244546042295,0.041553244381049,7.3970182645080875,-7.355465020127038,-7.355465020127038,0.0,-0.07817858905491182,-1.1397687023114542,3.5766389882003256,6.215696317815585,0.02824525148631115,0.49287423426572174,6.153126228961097
27,287,1.0,1691.9612012195516,-0.039981452260392944,7.3936621569215575,-7.43364360918195,-7.43364360918195,0.0,-0.012825334720303339,-1.218286846194756,3.5762994333719367,6.215356762987196,0.028214367455920715,0.4928890310730265,6.1528091369236995
27,288,1.0,1713.800921454355,-0.05538676987990558,7.391082174022348,-7.446468943902254,-7.446468943902254,0.0,0.060002375926261564,-1.2322372721499837,3.5751743421370117,6.214231671752269,0.02825781555004444,0.4928206601398284,6.151055839446733
27,289,1.0,1613.9930907165904,0.00912286015124908,7.3955894281272405,-7.386466567975992,-7.386466567975991,8.881784197001252e-16,-0.017037791966440174,-1.1740445508575519,3.5733646875031817,6.212422017118441,0.028261802357825112,0.49274020650601025,6.1487021265559525
27,290,1.0,1641.727565428325,-0.012466155457182354,7.391038204485253,-7.403504359942432,-7.403504359942435,2.6645352591003757e-15,0.0034603629734037966,-1.1886197900790332,3.5758272402481404,6.2148845698634,0.028297573753770174,0.49262596082817145,6.150073838631008
27,291,1.0,1636.0564099356616,-0.012037397412982417,7.388006599556044,-7.400043996969028,-7.400043996969027,1.7763568394002505e-15,-0.05607229496975119,-1.1833376399290287,3.57764902742474,6.2167063570400005,0.028307572212638847,0.4925616527224186,6.151299974563323
27,292,1.0,1730.4145653571,-0.07316719040207728,7.3829491015367035,-7.45611629193878,-7.4561162919387804,8.881784197001252e-16,0.055187311816477624,-1.2416968212965014,3.5753621410270187,6.214419470642277,0.02829192969921234,0.4926210730918442,6.149463773776092
27,293,1.0,1637.5049331610462,-0.017781803018418724,7.383147177103882,-7.400928980122302,-7.400928980122301,8.881784197001252e-16,0.024464342568020214,-1.1873409641466115,3.574530686360432,6.213588015975691,0.02831911757761506,0.4925401516652424,6.148040335742775
27,294,1.0,1597.9305064535474,0.005775948249935811,7.38224058580422,-7.376464637554282,-7.3764646375542835,1.7763568394002505e-15,0.019537387669209316,-1.160979268797753,3.5764280391412697,6.2154853687565295,0.028307136145561705,0.49246072499145666,6.14923142686573
27,295,1.0,1567.014114861594,0.027054133081110446,7.3839813829661844,-7.356927249885072,-7.356927249885074,1.7763568394002505e-15,0.009896571705702684,-1.1442657235894724,3.573604196680342,6.212661526295601,0.028334648775384726,0.4924147872054606,6.1461198826429655
27,296,1.0,1551.5825331375117,0.03451305549704646,7.381543733676418,-7.34703067817937,-7.3470306781793715,1.7763568394002505e-15,0.011386279768855978,-1.1308606678008848,3.5771126807632263,6.216170010378486,0.028363583640527636,0.49232824791608465,6.148810737387534
27,297,1.0,1534.0159789686227,0.04385996447544552,7.37950436288596,-7.335644398410514,-7.335644398410515,8.881784197001252e-16,-0.018297325787668406,-1.1172451012643096,3.5793419675309446,6.218399297146203,0.028442303082658778,0.4922250254991683,6.150069387935505
27,298,1.0,1562.3427307084576,0.024213076122121202,7.378154800320305,-7.353941724198182,-7.353941724198183,8.881784197001252e-16,-0.06771009818911988,-1.1364685798666432,3.5784158147162803,6.21747314433154,0.028405751850001965,0.4922531023011651,6.149398954071032
27,299,1.0,1671.792732905566,-0.04535191375505063,7.376299908632254,-7.421651822387302,-7.421651822387305,2.6645352591003757e-15,-0.015436889915704022,-1.2054379080493536,3.57715658472269,6.216213914337948,0.028346775874520988,0.49233413542044197,6.148797175788686
27,300,1.0,1697.800234294953,-0.06546478599668007,7.371623926306326,-7.437088712303006,-7.437088712303006,0.0,0.035997346663254604,-1.2183198061219993,3.579711576565748,6.218768906181006,0.02839865496701,0.4922535570115923,6.150561944291527
27,301,1.0,1637.7708618378417,-0.024563270478411406,7.376528095161341,-7.4010913656397515,-7.401091365639752,8.881784197001252e-16,-0.007531101921903094,-1.184902756060645,3.577131279963847,6.216188609579105,0.028434642288599703,0.492157717267457,6.1472708332302375
27,302,1.0,1650.1516430685388,-0.040003755734801846,7.368618711826853,-7.4086224675616545,-7.4086224675616545,0.0,-0.03335698098427908,-1.1870386690063968,3.582526468939999,6.221583798555258,0.02839525683777331,0.4921397685644988,6.1524373671190755
27,303,1.0,1706.124065674295,-0.07475512325098031,7.367224325294954,-7.441979448545934,-7.4419794485459345,8.881784197001252e-16,-0.06449946291227171,-1.2213666047091791,3.5815555142214954,6.220612843836754,0.028447020524567643,0.4920759785205669,6.150841370271174
27,304,1.0,1819.7945907173507,-0.14484981344091385,7.361629098017292,-7.506478911458205,-7.506478911458205,0.0,0.017842126362085153,-1.2828278330610063,3.58459374878194,6.2236510783971974,0.02843386291441683,0.49207089164443224,6.153709126410524
27,305,1.0,1787.6135286738192,-0.12259160437539131,7.3660451807207314,-7.48863678509612,-7.488636785096123,2.6645352591003757e-15,0.10194497833218641,-1.270219781992708,3.579359673488155,6.218417003103413,0.028520524189240806,0.491992348407849,6.147923542328589
27,306,1.0,1614.3566655081254,-0.01679475952197762,7.369897047241957,-7.386691806763934,-7.386691806763935,8.881784197001252e-16,0.011389138042758873,-1.1710608692277815,3.576573607920893,6.215630937536152,0.028549288876557864,0.49186356762708655,6.144242025957203
27,307,1.0,1596.0748393300482,-0.0028921460994748988,7.372410522621699,-7.375302668721175,-7.375302668721174,8.881784197001252e-16,-0.021024312071296514,-1.1603608276403334,3.5758845114655835,6.214941841080841,0.028493397972279594,0.49179420842777555,6.143032164365626
27,308,1.0,1629.9864498527327,-0.025777230313203753,7.370549750479268,-7.396326980792471,-7.396326980792471,0.0,0.037771585365971916,-1.1810653286596102,3.5762043225176035,6.215261652132861,0.028531581013733397,0.49172993457557906,6.142787242751195
27,309,1.0,1569.5675199995949,0.011288503925537291,7.369843899352038,-7.3585553954264995,-7.3585553954265,8.881784197001252e-16,0.012301319782297426,-1.143358301371933,3.5761397644393074,6.215197094054566,0.028452300044241277,0.49166363844802335,6.142211341743679
27,310,1.0,1550.3780379762898,0.017270688624212036,7.363524764268414,-7.346254075644202,-7.346254075644202,0.0,0.04876650373008218,-1.1268510306408888,3.580345715388055,6.219403045003313,0.0285024472656289,0.4915556826118884,6.145396880746
27,311,1.0,1476.5854486055177,0.06288609140647533,7.360373663320595,-7.29748757191412,-7.29748757191412,0.0,0.007548345023636216,-1.0788579544725,3.579572287826361,6.21862961744162,0.028550949456141998,0.491515206598115,6.14438390732756
27,312,1.0,1465.481632621893,0.07278869235671656,7.362727919247201,-7.289939226890484,-7.289939226890484,0.0,0.017988670173124,-1.0736087612421008,3.5772731360331247,6.216330465648384,0.028653295236174558,0.4914042972969164,6.141126487007214
27,313,1.0,1439.3552607515826,0.095430848129829,7.3673814048471895,-7.27195055671736,-7.271950556717361,8.881784197001252e-16,-0.01269804613952541,-1.0582200842177556,3.574673142884347,6.213730472499605,0.02870288150181242,0.4913549646088172,6.138141776094891
27,314,1.0,1457.7487940835458,0.08456751922353666,7.369216122080422,-7.284648602856885,-7.284648602856885,0.0,-0.003585262189522709,-1.0724710860629696,3.573120187178657,6.212177516793916,0.028608036724126207,0.49130601454626716,6.13621743378249
27,315,1.0,1462.9845859516543,0.08260511188130965,7.370838976927719,-7.288233865046408,-7.28823386504641,1.7763568394002505e-15,-0.0034415163859442544,-1.0760853048270689,3.57309123060408,6.212148560219338,0.028597978778703216,0.491253298757566,6.13570784263784
27,316,1.0,1468.0281451443861,0.07840985954522733,7.3700852409775806,-7.291675381432352,-7.291675381432353,8.881784197001252e-16,0.020856479775047454,-1.0787546058751016,3.573863445941991,6.212920775557251,0.02848235847397298,0.49120689510836146,6.136079637371101
27,317,1.0,1437.7273283902168,0.09422019302627659,7.365039094683582,-7.270818901657305,-7.2708189016573055,8.881784197001252e-16,-0.03627915894373057,-1.0570168775633564,3.5747446944786896,6.213802024093949,0.02847625161678958,0.4911301100266809,6.136306946287527
27,318,1.0,1490.8445651444245,0.055781456730698065,7.362879517331733,-7.307098060601035,-7.307098060601035,0.0,0.010296199880950319,-1.096938706792691,3.5711020241930855,6.210159353808344,0.028477642818065717,0.49112830134659474,6.132688390080412
27,319,1.0,1475.5732845002487,0.06608515655872688,7.362887017278813,-7.296801860720085,-7.296801860720086,8.881784197001252e-16,-0.029822768498937613,-1.0883511609078307,3.5693933701969947,6.208450699812254,0.028514971131798815,0.4910665576669358,6.130536412146344
27,320,1.0,1520.2417225939203,0.032055885645621174,7.358680514864645,-7.3266246292190225,-7.326624629219023,8.881784197001252e-16,0.0681978789551847,-1.1180832005277745,3.569484099075989,6.208541428691248,0.02846340001253455,0.4910526909066187,6.130481260164494
27,321,1.0,1420.0207316806523,0.10085880527629563,7.359285555540134,-7.258426750263838,-7.258426750263838,0.0,-0.017952277864142552,-1.051866789021165,3.567502631627415,6.206559961242674,0.028572428152411528,0.49095552968229084,6.12776604885262
27,322,1.0,1445.7435390873015,0.08482942573650168,7.361208453864481,-7.27637902812798,-7.2763790281279785,1.7763568394002505e-15,-0.019273925881761578,-1.0723221862055154,3.5649995123072062,6.204056841922465,0.02859912164203569,0.4909176833395763,6.124961440772338
27,323,1.0,1473.8789619477325,0.06509913412760324,7.360752088137344,-7.295652954009742,-7.295652954009741,8.881784197001252e-16,0.02862188756951145,-1.0933778789225197,3.5632177454719636,6.202275075087222,0.028583364325190035,0.4908441515283425,6.122542740546329
27,324,1.0,1432.2917552099434,0.09495526035676218,7.361986326796993,-7.2670310664402304,-7.2670310664402304,0.0,0.05286507715563893,-1.065343187257081,3.56263054956789,6.201687879183149,0.028634721788346907,0.4907365020635372,6.12106114631372
27,325,1.0,1358.540158421657,0.15122036827655203,7.365386357561141,-7.2141659892845915,-7.214165989284589,2.6645352591003757e-15,-0.009569811085484936,-1.0113604937839427,3.5637481658853902,6.202805495500649,0.028709825301367717,0.49064650848551705,6.121368403783941
27,326,1.0,1371.60353843261,0.1397722747480511,7.3635080751181246,-7.2237358003700765,-7.223735800370074,2.6645352591003757e-15,-0.08093209298762982,-1.0213235091275121,3.5633549616273053,6.202412291242564,0.028703006452896283,0.4905918276462577,6.120516943146342
27,327,1.0,1487.2259622033516,0.061107066554997244,7.365774959912702,-7.304667893357706,-7.304667893357705,8.881784197001252e-16,0.04690619650650074,-1.102757875598654,3.5628526881437934,6.201910017759053,0.02863972719879405,0.4905666984449234,6.11976577624192
27,328,1.0,1419.076656012208,0.10596573291430325,7.3637274297655075,-7.2577616968512055,-7.257761696851205,8.881784197001252e-16,-0.005903332715099907,-1.0548787484439346,3.5638256187920123,6.202882948407271,0.028691940523924854,0.49049682649484505,6.120159913058822
27,329,1.0,1427.4787133303037,0.0990554537933165,7.362720483359624,-7.263665029566305,-7.263665029566307,1.7763568394002505e-15,0.01587273808202827,-1.0603231876912376,3.5642845122598095,6.203341841875068,0.02871349236683548,0.490425536362029,6.119995712183886
27,330,1.0,1404.9995921516452,0.11448271075668956,7.362275002240965,-7.247792291484277,-7.247792291484275,1.7763568394002505e-15,0.02144049991885133,-1.0455492182582946,3.563185743610724,6.202243073225985,0.02877532910563267,0.49031878267398177,6.118026428341102
27,331,1.0,1375.1963385304543,0.13455168184725402,7.36090347341268,-7.226351791565426,-7.226351791565426,0.0,0.0491379361994948,-1.0237771626226138,3.563517299327553,6.202574628942813,0.028875911216890836,0.49020483366552575,6.117376280873204
27,332,1.0,1309.2553970097665,0.18193697823468585,7.359150833600616,-7.177213855365931,-7.17721385536593,8.881784197001252e-16,-0.004685175349734116,-0.974183624900639,3.5639729008500334,6.203030230465292,0.028924590137184857,0.49013240062682345,6.117297580237264
27,333,1.0,1315.403880236327,0.17554543220300026,7.357444462918663,-7.181899030715665,-7.1818990307156625,2.6645352591003757e-15,-0.0220862352577349,-0.9802643319216201,3.5625773691787868,6.201634698794046,0.028940282397401526,0.4900637147900017,6.115343429256269
27,334,1.0,1344.7794030382047,0.14842426267053144,7.352409528643933,-7.2039852659734,-7.203985265973401,8.881784197001252e-16,-0.019615720364663858,-1.0019726550966987,3.5629552812614422,6.202012610876701,0.028873579651519727,0.4900306359872555,6.115437657947844
27,335,1.0,1371.4186394930373,0.12563410300167555,7.349235089339739,-7.223600986338064,-7.223600986338064,0.0,0.013430593520893375,-1.0224094078790713,3.5621342488437335,6.201191578458993,0.028842585453718633,0.48997207988873004,6.114111618947722
27,336,1.0,1353.122810139881,0.1371615068773678,7.347331899694537,-7.2101703928171705,-7.21017039281717,8.881784197001252e-16,-0.04801988626083009,-1.0070713369365956,3.564041726265316,6.203099055880576,0.028851978171568753,0.48986668112246184,6.115029866298385
27,337,1.0,1419.6849773939903,0.08438392241806063,7.342574201496063,-7.258190279078001,-7.258190279078002,1.7763568394002505e-15,0.027063765092905534,-1.0529669072403938,3.5661660422223482,6.205223371837606,0.028740627472280844,0.4898481307875065,6.1169468438391705
27,338,1.0,1381.7782201438754,0.11071396022758584,7.341840474212682,-7.231126513985095,-7.231126513985096,8.881784197001252e-16,-0.048794936868008065,-1.0276678954196232,3.564401288950212,6.203458618565471,0.02882070995198324,0.4897650753380132,6.114532214903763
27,339,1.0,1450.8740557190843,0.06233086253671523,7.342252313389818,-7.279921450853103,-7.279921450853103,0.0,-0.02680521462187624,-1.0786017686266927,3.56226235261115,6.201319682226409,0.028754995671960788,0.4896928785017922,6.111744328730454
27,340,1.0,1490.2909755458259,0.03152505470794173,7.338251720182923,-7.306726665474979,-7.306726665474981,1.7763568394002505e-15,-0.014010118757805223,-1.1060404661653507,3.5616288696943696,6.200686199309629,0.028730494656959864,0.48971006148359525,6.11128193144873
27,341,1.0,1511.3170742450343,0.016815663831901445,7.337552448064685,-7.320736784232785,-7.320736784232784,8.881784197001252e-16,0.012317714194979068,-1.1173980060931628,3.564281448524363,6.203338778139622,0.02862782984672804,0.4896751618920662,6.1135109811162485
27,342,1.0,1492.8152862677518,0.02447520634997913,7.332894276387786,-7.3084190700378056,-7.308419070037807,1.7763568394002505e-15,0.014285694893628076,-1.1065880610417544,3.562773679380792,6.20183100899605,0.028644984244083155,0.4895951908274131,6.111394629710396
27,343,1.0,1471.6409874467788,0.04113025738304893,7.335263632527226,-7.2941333751441775,-7.294133375144177,8.881784197001252e-16,0.052144635925607474,-1.095377346145802,3.5596986993831154,6.198756028998375,0.028731715019440853,0.4894885565559124,6.107498216425623
27,344,1.0,1396.8692189283267,0.09330819732046643,7.335296936539037,-7.24198873921857,-7.241988739218571,8.881784197001252e-16,0.02688853784759626,-1.0435521330728996,3.5593792765304113,6.198436606145671,0.028828603519719265,0.4894150063683896,6.106624574594595
27,345,1.0,1359.8099160766149,0.11846706138781411,7.333567262758788,-7.215100201370974,-7.215100201370974,0.0,0.013394572080896339,-1.01740136285112,3.558641508904594,6.197698838519853,0.028906483346281504,0.4893369804533743,6.105278901410514
27,346,1.0,1341.717286163127,0.12738270007284963,7.329088329362927,-7.201705629290077,-7.201705629290077,0.0,0.05672670536827251,-1.0026402049230523,3.560008094751766,6.199065424367026,0.028920934383727902,0.48928619303753895,6.106207960134219
27,347,1.0,1267.7246062668023,0.1873176826979468,7.3322966066197495,-7.144978923921805,-7.144978923921803,1.7763568394002505e-15,0.0647772331024754,-0.9453089433694745,3.5606126509370704,6.199669980552329,0.029036968764704844,0.48919453808680896,6.105965930145473
27,348,1.0,1188.2081450173496,0.2499278584478895,7.33012954926722,-7.0802016908193295,-7.08020169081933,8.881784197001252e-16,0.0007366631789027522,-0.877524502302504,3.563619858901567,6.202677188516825,0.029183770481720446,0.48911497929680753,6.108232219740971
27,349,1.0,1187.3331581529148,0.24463120325171844,7.324096230892142,-7.079465027640427,-7.079465027640423,3.552713678800501e-15,0.014638607843840745,-0.8758292904464114,3.5645784075787565,6.203635737194015,0.029179162407896857,0.48910724245474035,6.109111894122272
27,350,1.0,1170.0788513025414,0.25526768391867927,7.320094103715265,-7.064826419796586,-7.064826419796586,0.0,0.027011128994512745,-0.8609027548973371,3.5648663352839898,6.203923664899249,0.0292554114939153,0.48901739625483803,6.108698888465151
27,351,1.0,1138.8967285392396,0.2821520442911778,7.3199673350932475,-7.037815290802073,-7.03781529080207,3.552713678800501e-15,0.050779120802629585,-0.835046689747902,3.563711271438912,6.202768601054172,0.029308111367034564,0.48889008117021554,6.106569687282295
27,352,1.0,1082.5083462401049,0.3341509992152233,7.321187169214667,-6.987036169999444,-6.987036169999444,0.0,-0.005735884427156002,-0.7819469836989243,3.5660318566852607,6.205089186300519,0.02947224044953091,0.4887846167579905,6.107796852358722
27,353,1.0,1088.7353305642782,0.3305556770918475,7.323327731518447,-6.9927720544266,-6.992772054426599,8.881784197001252e-16,-0.004051881936396384,-0.7894144115248637,3.564300313286477,6.203357642901735,0.029501951073665003,0.48864707928704315,6.1049249034870945
27,354,1.0,1093.155706957622,0.3235269446597193,7.320350881022717,-6.996823936362996,-6.996823936362998,1.7763568394002505e-15,-0.047882622933578034,-0.7933257114394607,3.564440895308277,6.2034982249235355,0.029506089284711396,0.48854896852119184,6.10427595902167
27,355,1.0,1146.7722767746454,0.2737353591693365,7.318441918465911,-7.044706559296574,-7.044706559296575,8.881784197001252e-16,0.03246756940120665,-0.8454058099354642,3.56024341974585,6.199300749361108,0.029372001345272465,0.4884730648556975,6.099609662773344
27,356,1.0,1110.1373105959588,0.302914179411781,7.315153169307147,-7.012238989895367,-7.0122389898953665,8.881784197001252e-16,-0.014305614518980825,-0.8108422966247243,3.562339363655384,6.2013966932706435,0.029455000328333567,0.4883824876500056,6.100906958936497
27,357,1.0,1126.1326457871653,0.28778424518725637,7.314328849601603,-7.026544604414348,-7.0265446044143465,1.7763568394002505e-15,-0.009664607190458696,-0.8260708802749732,3.5614163945241164,6.200473724139377,0.029426181224896337,0.4883081200655053,6.099346375720505
27,358,1.0,1137.069038296213,0.27663796349416797,7.312847175098972,-7.036209211604807,-7.036209211604804,2.6645352591003757e-15,-0.00041395429049373433,-0.8347887225264821,3.562363159463065,6.201420489078323,0.02939703701239432,0.48824360065736677,6.099561429457388
27,359,1.0,1137.5398303396742,0.27454155375265193,7.311164719647953,-7.036623165895301,-7.036623165895301,0.0,-0.020719211306379215,-0.8341014075240681,3.563464428755974,6.202521758371232,0.029391354866631393,0.48819877613529633,6.100227265468062
27,360,1.0,1161.354618326563,0.24825894676071347,7.305601323962392,-7.05734237720168,-7.057342377201679,8.881784197001252e-16,-0.08112709418477149,-0.8562974454760051,3.561987602110416,6.201044931725675,0.02933541392652181,0.4881383510873639,6.098414677387658
27,361,1.0,1259.4992135606194,0.16801243913613467,7.306481910522586,-7.138469471386451,-7.138469471386451,0.0,-0.012893677504523637,-0.942536453424151,3.5568756883470405,6.195933017962299,0.029180648301117856,0.4881238321239699,6.093308160244088
27,362,1.0,1275.8439355871465,0.15728576429255794,7.308648913183531,-7.151363148890975,-7.151363148890973,1.7763568394002505e-15,-0.024539904906902166,-0.9570973087889875,3.555208510486728,6.194265840101986,0.029175099143803514,0.4880605243913921,6.091125884541661
27,363,1.0,1307.5403472728917,0.13385079596620672,7.309753849764082,-7.175903053797877,-7.175903053797875,1.7763568394002505e-15,-0.007049982750485739,-0.9815039078543503,3.555341816328268,6.194399145943527,0.029142179410567758,0.4879875885106222,6.090540498386552
27,364,1.0,1316.791054514919,0.12447433159069277,7.307427368139055,-7.182953036548363,-7.182953036548362,8.881784197001252e-16,-0.05316614769075656,-0.9896547332142579,3.5542409737188456,6.193298303334105,0.029133911313072955,0.4880036424402902,6.089671556098426
27,365,1.0,1388.6942334821397,0.06599057439183388,7.302109758630953,-7.2361191842391195,-7.2361191842391195,0.0,0.010180873933402168,-1.0448943073032955,3.5521675473205656,6.1912248769358245,0.029052504385015564,0.4880087986589601,6.087701826892045
27,366,1.0,1374.627838156278,0.07428140567897339,7.300219715984692,-7.225938310305717,-7.225938310305719,1.7763568394002505e-15,0.0227850238066738,-1.0343554028305002,3.5525255778599587,6.191582907475217,0.029068284384980846,0.48792127258447443,6.087297910578607
27,367,1.0,1343.661039469616,0.09691851208761777,7.300071798586661,-7.2031532864990435,-7.203153286499043,8.881784197001252e-16,0.012633276035288077,-1.0105684299465627,3.5535275269372226,6.192584856552481,0.029100083108632595,0.487852389459745,6.087673747971472
27,368,1.0,1326.7929724776013,0.10593123817861792,7.296451248642372,-7.190520010463755,-7.190520010463754,1.7763568394002505e-15,-0.022999869066551604,-0.9970196311532391,3.554443049695258,6.193500379310517,0.029111572869649344,0.48776601521869833,6.087882192632868
27,369,1.0,1357.6626758792543,0.079302404402015,7.292822283932322,-7.213519879530307,-7.213519879530307,0.0,-0.018790681572457224,-1.0211192986207251,3.553343251294323,6.192400580909583,0.02910041692426067,0.4876924065791621,6.086187605272467
27,370,1.0,1383.4152796492315,0.06603793460131724,7.298348495704082,-7.232310561102764,-7.232310561102765,8.881784197001252e-16,0.013232065481928679,-1.0422379538211164,3.5510152776663895,6.190072607281649,0.02912296448982461,0.48760392761915217,6.083164276679346
27,371,1.0,1365.2304150675254,0.0732274572870359,7.292305952907871,-7.219078495620836,-7.219078495620835,8.881784197001252e-16,0.030451874872223783,-1.0277545687376681,3.5522665972679084,6.191323926883167,0.029118232724208437,0.4875583946032792,6.084047298196103
27,372,1.0,1324.2832130355196,0.10701640347390998,7.295643024222522,-7.188626620748612,-7.188626620748612,0.0,-0.004422700698306414,-0.997584023296671,3.5519852678366814,6.19104259745194,0.02919578833310286,0.48744837862216117,6.082873471594712
27,373,1.0,1330.1530921176877,0.09520589061442486,7.288255212061344,-7.193049321446918,-7.193049321446919,8.881784197001252e-16,0.049770973236695326,-1.0012759911019482,3.552716000729711,6.1917733303449705,0.029208993749484734,0.48741586592048275,6.083383560169212
27,374,1.0,1265.570576656743,0.14719961583018457,7.290477964040408,-7.143278348210223,-7.143278348210223,0.0,-0.010739178938657723,-0.9499435268368852,3.554277491758079,6.193334821373338,0.0293056127253198,0.48731476952874897,6.084078911749374
27,375,1.0,1279.2350065917776,0.1349725612232725,7.288990088372156,-7.154017527148881,-7.154017527148883,2.6645352591003757e-15,-0.01162295423850157,-0.9606756657334207,3.5542845318002017,6.193341861415461,0.02926942853391459,0.4872221419963591,6.083206317796924
27,376,1.0,1294.1902401694492,0.12439824748634633,7.2900387288737285,-7.165640481387382,-7.165640481387382,0.0,0.004203793098305653,-0.9741402271000145,3.552442924672108,6.191500254287367,0.029284760359556142,0.4870639984915508,6.080065503610712
27,377,1.0,1288.7611515477497,0.12890241655847823,7.290339104847556,-7.1614366882890765,-7.161436688289077,8.881784197001252e-16,0.006346263078405023,-0.9691398060100174,3.553239552663802,6.19229688227906,0.02930845926181875,0.487003991613744,6.080416704452234
27,378,1.0,1280.6082318845747,0.13546565542919084,7.290556080639863,-7.1550904252106715,-7.155090425210672,8.881784197001252e-16,-0.0046416996403655375,-0.9632688843169553,3.5527642112784577,6.191821540893716,0.029337391496203975,0.48692706177113376,6.079324418260114
27,379,1.0,1286.5662476163993,0.12688699239709397,7.286619117248131,-7.159732124851037,-7.159732124851037,0.0,0.02455018408682541,-0.9666607960464982,3.554013999189279,6.19307132880454,0.02935451172211279,0.4868583385898593,6.080110587537547
27,380,1.0,1255.3653701189687,0.1541343802646088,7.289316321028823,-7.135181940764212,-7.135181940764214,2.6645352591003757e-15,0.012185827763611101,-0.9399480918146557,3.556176519334298,6.195233848949557,0.02948621701376234,0.4867180273972755,6.081014189737687
27,381,1.0,1240.1605338485647,0.16300140109207228,7.285997514092674,-7.1229961130006005,-7.122996113000602,1.7763568394002505e-15,-0.017601002860924808,-0.9297764287965152,3.554162354588827,6.193219684204085,0.029493989768001685,0.4866486587723203,6.078474602236185
27,382,1.0,1262.1818329218543,0.142832181938799,7.283429297800323,-7.140597115861525,-7.140597115861524,1.7763568394002505e-15,-0.019094530923598363,-0.949415054246197,3.5521247320000713,6.19118206161533,0.02950320755326511,0.4865997812599701,6.076082426566018
27,383,1.0,1286.5141709570148,0.1211117969484195,7.280803443733543,-7.159691646785124,-7.159691646785124,0.0,-0.027130540488034427,-0.9701015376405033,3.5505327795293615,6.18959010914462,0.029501672401329795,0.486510355467461,6.073744946262922
27,384,1.0,1321.8957866987234,0.09131184305077854,7.278134030323937,-7.186822187273158,-7.186822187273158,0.0,0.02674733841459709,-0.997064391999501,3.5507004656583994,6.189757795273659,0.0294824397867132,0.48642669596250515,6.073182972596853
27,385,1.0,1287.0072603252322,0.12085817874969468,7.280933027608256,-7.160074848858561,-7.160074848858562,8.881784197001252e-16,0.02145310509714715,-0.9713817189015982,3.549635800341704,6.188693129956964,0.02954005868593451,0.4863396200357994,6.071394578075887
27,386,1.0,1259.6910150997996,0.1424348287864426,7.281056572547856,-7.138621743761414,-7.138621743761413,8.881784197001252e-16,-0.02516246317092552,-0.9498236750522996,3.549740739093856,6.188798068709114,0.029609517178873054,0.4862863915497859,6.071075841082933
27,387,1.0,1291.7900962387826,0.11264665926849793,7.276430866200839,-7.163784206932339,-7.16378420693234,8.881784197001252e-16,0.005823244220441559,-0.9766532964402771,3.5480735808768036,6.187130910492061,0.029568110052975702,0.4862795440988917,6.069407384718381
27,388,1.0,1284.2895469872747,0.11879324175378385,7.27675420446568,-7.157960962711898,-7.157960962711896,1.7763568394002505e-15,-0.03368702769092469,-0.9712979122967823,3.5476057207998566,6.186663050415116,0.029590696835082766,0.4861614643681908,6.067953955415275
27,389,1.0,1328.290412716355,0.08148334331108183,7.273131333713904,-7.1916479904028225,-7.191647990402822,8.881784197001252e-16,0.004163363754287275,-1.0065138546179957,3.546076806169568,6.185134135784826,0.02953337281357487,0.4860694422417952,6.065665112896151
27,390,1.0,1322.7717526231042,0.08524772142426476,7.2727323480728,-7.187484626648535,-7.187484626648535,0.0,-0.021209543590441804,-1.0014091443231927,3.547018152710085,6.186075482325344,0.029507540444099884,0.4860217977270993,6.066126406753832
27,391,1.0,1351.1267733562531,0.06557391624064118,7.274268086479619,-7.208694170238977,-7.208694170238978,8.881784197001252e-16,-0.0007452655450075341,-1.0244402565322008,3.5451965840915176,6.184253913706775,0.029507382980448874,0.48596268864822534,6.063811788792671
27,392,1.0,1352.1340969025146,0.06625064288845783,7.27569007867244,-7.209439435783985,-7.209439435783982,2.6645352591003757e-15,-0.06014233146046433,-1.0252863150089166,3.5450957911598096,6.1841531207750675,0.02954170562692639,0.4858385399809543,6.062731216390868
27,393,1.0,1435.9497662043502,0.0022786917469781454,7.271860458991426,-7.269581767244449,-7.269581767244448,8.881784197001252e-16,-0.02469336681433898,-1.0878742086678852,3.5426502289613038,6.181707558576562,0.02946483119837506,0.4857570178761691,6.059593707201579
27,394,1.0,1471.8496204633013,-0.023886292138094234,7.270388841920693,-7.294275134058788,-7.294275134058787,8.881784197001252e-16,0.017176924012726857,-1.1134234193457957,3.5417943850977336,6.180851714712992,0.029433849778901396,0.48566773797485496,6.057993238835202
27,395,1.0,1446.7836656740808,-0.00529090868822274,7.271807301357839,-7.277098210046061,-7.277098210046062,8.881784197001252e-16,-0.024074502148783594,-1.0962617584297074,3.541779122001094,6.180836451616352,0.029481915155916496,0.48565861613010036,6.057950892423414
27,396,1.0,1482.0369116537847,-0.03206999586220921,7.269102716332634,-7.301172712194845,-7.301172712194844,8.881784197001252e-16,-0.0361497054739246,-1.1213285188565456,3.54078686372304,6.1798441933382975,0.02949461839582428,0.485560744415043,6.056138617489362
27,397,1.0,1536.5922482340152,-0.0732716664853107,7.264050751183458,-7.337322417668769,-7.337322417668768,8.881784197001252e-16,0.004471839992260307,-1.1594186714875843,3.538846416565927,6.177903746181185,0.02945185903115658,0.4855581743784639,6.054198938305183
27,398,1.0,1529.7361945792659,-0.0716378607984629,7.261212716878049,-7.332850577676509,-7.332850577676512,2.6645352591003757e-15,0.023319611360351544,-1.1535761128542923,3.5402171352069574,6.179274464822215,0.029471880586900152,0.485490590316064,6.05503342630496
27,399,1.0,1494.4760651646543,-0.042870826812846596,7.266660139503309,-7.309530966316157,-7.309530966316156,1.7763568394002505e-15,0.0005386467629797664,-1.1307844799229168,3.5396891567779827,6.1787464863932415,0.029500520729778018,0.48539401078265026,6.053813640025551
27,400,1.0,1493.6712872347744,-0.04613536805994409,7.262856951493237,-7.308992319553178,-7.308992319553181,3.552713678800501e-15,-0.032782611683187746,-1.1312272264720664,3.5387077634658533,6.177765093081113,0.029499268300892067,0.4853759187610836,6.052693179124077
27,401,1.0,1543.4492000745086,-0.08690772631239985,7.254867204923965,-7.341774931236365,-7.3417749312363645,8.881784197001252e-16,-0.018198434720249956,-1.1640185617846315,3.5386990398364753,6.177756369451735,0.029408939840261605,0.4853889143555373,6.0527553877932565
27,402,1.0,1571.7946991520114,-0.1039462854813317,7.256027080475283,-7.359973365956615,-7.359973365956614,8.881784197001252e-16,0.04305438804789308,-1.1823744223943824,3.538541613946974,6.177598943562233,0.02938755939522212,0.4852922551934169,6.0517976620411575
27,403,1.0,1505.5581585686534,-0.06081069226271488,7.2561082856460075,-7.316918977908722,-7.316918977908722,0.0,0.0005712890982820795,-1.139068220851758,3.5387934274417057,6.177850757056964,0.029429760832833878,0.4851888570599819,6.0512741651106925
27,404,1.0,1504.6982952444923,-0.06544440687361835,7.2509032819368215,-7.31634768881044,-7.31634768881044,0.0,0.05256739500906349,-1.1393310486374928,3.5379593105576888,6.177016640172946,0.029449761637855038,0.4851798765663081,6.050305694736166
27,405,1.0,1427.6432600552698,-0.01199904682233821,7.251781246979038,-7.263780293801377,-7.263780293801377,0.0,-0.0007330276047152751,-1.086353788297155,3.538369175888963,6.177426505504221,0.02954678589795566,0.48506809161403036,6.049800757753435
27,406,1.0,1428.6901456257106,-0.01145620172826653,7.253057119677825,-7.264513321406092,-7.264513321406092,0.0,0.006927916924537314,-1.08749804320678,3.537957948584053,6.1770152781993115,0.029569679280150085,0.4849729179545832,6.048618912920441
27,407,1.0,1418.8265056762493,-0.005612929229099395,7.251972475252455,-7.257585404481555,-7.257585404481554,8.881784197001252e-16,-0.07980368778510272,-1.0814353075069623,3.537092767359333,6.176150096974593,0.029593148303385462,0.48488350592686547,6.04704742421927
27,408,1.0,1536.694703319821,-0.0931062530040655,7.244282839262593,-7.337389092266657,-7.337389092266658,8.881784197001252e-16,-0.018307010286183534,-1.1629001172071136,3.5354316454442847,6.1744889750595435,0.02952412465779642,0.48481288115328136,6.04472708998346
27,409,1.0,1565.0860767075592,-0.1086041685688727,7.247091933983969,-7.355696102552841,-7.355696102552841,0.0,0.0005277902140363722,-1.182204668134204,3.5344341048033776,6.173491434418637,0.02952618682054864,0.48469536276013037,6.042764529808104
27,410,1.0,1564.260257540955,-0.10903140458889765,7.246136907749908,-7.3551683123388045,-7.355168312338805,8.881784197001252e-16,0.03318937934963362,-1.182429018355937,3.5336819643676085,6.1727392939828665,0.02953550243813743,0.48461607300537124,6.041367164837134
27,411,1.0,1513.1955212831135,-0.07166951157427462,7.250309421414898,-7.321978932989171,-7.321978932989173,1.7763568394002505e-15,-0.06795868276180794,-1.1492442094699968,3.533677393903915,6.1727347235191745,0.029601838947641238,0.4844518103414094,6.040069671720849
27,412,1.0,1619.6050719359203,-0.14320445620104083,7.246733159549938,-7.389937615750979,-7.389937615750979,0.0,-0.016641501143221937,-1.2184647577458954,3.5324155283898238,6.1714728580050835,0.029554431484158143,0.4843651559584965,6.037987941398205
27,413,1.0,1646.783247186262,-0.16095078831232792,7.245628328581871,-7.406579116894201,-7.406579116894199,1.7763568394002505e-15,-0.07263475258860552,-1.2354958196945582,3.532025967584383,6.171083297199642,0.029552603024474974,0.48426711819439633,6.036712948620946
27,414,1.0,1770.8481108543824,-0.24155948065083133,7.237654388831975,-7.479213869482806,-7.479213869482806,0.0,-0.041873210402401106,-1.3083728282545926,3.5317837116129556,6.170841041228215,0.029522725394572312,0.4842105945739422,6.03583973462853
27,415,1.0,1846.5735763525531,-0.2825505356825849,7.23853654420262,-7.521087079885207,-7.521087079885205,2.6645352591003757e-15,0.03762767472454698,-1.3501223511127647,3.531907399157183,6.170964728772442,0.029545135568228124,0.4840386326411927,6.034477742954755
27,416,1.0,1778.3822916891475,-0.23965636041514937,7.24380304474551,-7.48345940516066,-7.4834594051606595,8.881784197001252e-16,-0.019404942295603078,-1.312640756123561,3.5317613194218405,6.170818649037099,0.029611051392595313,0.48386289668002036,6.032988765220075
27,417,1.0,1813.2287002631067,-0.2623980772313539,7.240466270224909,-7.5028643474562635,-7.502864347456263,8.881784197001252e-16,0.03264916246071703,-1.3316527086027656,3.5321543092382397,6.171211638853498,0.02961993178351821,0.48384605734061864,6.033251844375905
27,418,1.0,1754.9842912330473,-0.22736882669133318,7.242846358304212,-7.4702151849955465,-7.470215184995546,8.881784197001252e-16,-0.012073109991156628,-1.2997218233884837,3.5314360319918032,6.170493361607062,0.02967447174696999,0.48374502886302806,6.031861504017961
27,419,1.0,1776.3008291430406,-0.24630163194340154,7.235986663043302,-7.482288294986703,-7.482288294986703,0.0,-0.0034289082795453396,-1.3113327356452726,3.53189822972617,6.170955559341429,0.02963799631839622,0.48369980231707926,6.03193233470102
27,420,1.0,1782.4020560589106,-0.2531019559184319,7.232615247347817,-7.4857172032662485,-7.4857172032662485,0.0,-0.04711689023737531,-1.315211107332494,3.531448766318495,6.170506095933755,0.029636595614532427,0.4835990009555103,6.030604373416867
27,421,1.0,1868.3932081460484,-0.30643523517496496,7.226398858328659,-7.532834093503624,-7.532834093503625,8.881784197001252e-16,0.003644783333038859,-1.36150561776437,3.5322711461239953,6.171328475739254,0.029665849337310653,0.4835670702518675,6.030933529713921
27,422,1.0,1861.5957149414799,-0.29619059035899165,7.232998719811595,-7.529189310170585,-7.529189310170587,1.7763568394002505e-15,0.048316690246726246,-1.357005964136649,3.5331260164186773,6.172183346033937,0.029713895003643784,0.483412751416934,6.030744873152456
27,423,1.0,1773.7879434895706,-0.2401534142392379,7.240719205684619,-7.480872619923859,-7.480872619923857,1.7763568394002505e-15,-0.03358069301552735,-1.3096429074571574,3.5321723828514417,6.1712297124667,0.02973387511505203,0.4832402038328439,6.028458912754944
27,424,1.0,1834.3643788581144,-0.27575215644794465,7.238701156491441,-7.514453312939386,-7.514453312939386,0.0,0.021940113266548877,-1.3405397240927484,3.5348562592313795,6.173913588846639,0.029742250857408243,0.4831727541061152,6.03034063839591
27,425,1.0,1794.556508053035,-0.248213966933009,7.244299232739827,-7.492513199672837,-7.492513199672836,8.881784197001252e-16,-0.029135756119805123,-1.3184097324474868,3.5350461376100912,6.1741034672253505,0.029770456709555877,0.48304033247412087,6.029640192067494
27,426,1.0,1847.6114130968397,-0.27626453945554774,7.245384416337094,-7.521648955792642,-7.521648955792642,0.0,0.036268835052751136,-1.3453877579491826,3.5372038682282008,6.176261197843459,0.029789590913000926,0.4829580184973129,6.031060548177892
27,427,1.0,1781.80134072188,-0.23594992981846058,7.249430190921429,-7.485380120739891,-7.485380120739889,1.7763568394002505e-15,0.003517977527628169,-1.3102949089328706,3.5360278821917626,6.175085211807021,0.02981380800434297,0.48282503102945884,6.028865106535518
27,428,1.0,1775.5440166627054,-0.23282346507226923,7.249038678139994,-7.481862143212263,-7.481862143212263,0.0,-0.04033737519033398,-1.30859423642247,3.534210577174534,6.173267906789792,0.029809269990511138,0.4828512012793296,6.027221616594871
27,429,1.0,1848.628918933248,-0.2792212882703901,7.242978230132208,-7.522199518402597,-7.522199518402599,1.7763568394002505e-15,0.012920703344287965,-1.3486205981402937,3.5345215906470435,6.173578920262303,0.0297193550827888,0.4828045060950253,6.02722447588633
27,430,1.0,1824.8969799089527,-0.2672265359970971,7.2420522790612125,-7.509278815058309,-7.50927881505831,8.881784197001252e-16,0.0053759612731907325,-1.3374107947341014,3.5328106907089487,6.171868020324207,0.0297626292080737,0.48269961540835954,6.024545369433553
27,431,1.0,1815.1127278619565,-0.2589826312547568,7.244920222530361,-7.503902853785118,-7.503902853785117,8.881784197001252e-16,0.029489399783546588,-1.3318033899562778,3.5330421342135816,6.1720994638288404,0.029817236479851728,0.4825967699158404,6.02381150457046
27,432,1.0,1762.367675260526,-0.23010913749536613,7.244304316506206,-7.474413454001572,-7.474413454001572,0.0,-0.05668352354386563,-1.3051752867555135,3.5301808376307995,6.169238167246058,0.02979017162117678,0.4825499823381813,6.020831479984396
27,433,1.0,1865.1504098617827,-0.2999339308820016,7.231163046663437,-7.531096977545437,-7.531096977545439,1.7763568394002505e-15,-0.02139689141498291,-1.361123844772115,3.530915803158064,6.169973132773324,0.029697278387191613,0.48256313037848136,6.021531883273697
27,434,1.0,1905.488850278536,-0.32261079953871374,7.2298830694217076,-7.55249386896042,-7.552493868960421,8.881784197001252e-16,-0.0066825287654594945,-1.380418831089769,3.533017708255392,6.172075037870651,0.029728259506103753,0.48245360615633465,6.022669191061626
27,435,1.0,1918.2649751995455,-0.3389007671775751,7.2202756305483025,-7.55917639772588,-7.559176397725878,1.7763568394002505e-15,-0.05151905403648538,-1.3863717483359805,3.5337473197746405,6.1728046493898985,0.029741329422195054,0.4823786948331866,6.0224966112322775
27,436,1.0,2019.6822009632601,-0.4022950141512909,7.208400437611075,-7.610695451762365,-7.610695451762366,8.881784197001252e-16,-0.009389115308866991,-1.4352295498036063,3.536408572343499,6.175465901958757,0.029689851413773723,0.48239026669119073,6.024830726510394
27,437,1.0,2038.734532339712,-0.41515574491905916,7.204928822152173,-7.620084567071232,-7.620084567071232,0.0,0.02572901896021751,-1.447023349255362,3.5340038882006115,6.173061217815871,0.029701119463781588,0.4823163862520004,6.021835783030829
27,438,1.0,1986.9489458020325,-0.3823626373989251,7.211992910712088,-7.5943555481110145,-7.594355548111014,8.881784197001252e-16,0.010427023796627743,-1.4240319245463495,3.5312662939494066,6.1703236235646655,0.02979247112466157,0.48216469056310884,6.018130536387505
27,439,1.0,1966.338620770311,-0.37454422878926263,7.209384295525123,-7.583928524314387,-7.583928524314385,1.7763568394002505e-15,0.041165729268132445,-1.4122399701771309,3.532631224521997,6.171688554137257,0.029779774052745556,0.48208022099975756,6.018905978611649
27,440,1.0,1887.0363244914436,-0.3297422662515321,7.21302052879472,-7.542762795046254,-7.542762795046253,1.7763568394002505e-15,-0.007696519696430926,-1.3703273073937543,3.533378158037241,6.1724354876525,0.02983422912119478,0.4819969328677471,6.019335602438071
27,441,1.0,1901.6159710287143,-0.3460829266195359,7.2043763881231495,-7.550459314742685,-7.550459314742685,0.0,-0.011984635323852189,-1.378747144703297,3.532654840424129,6.171712170039387,0.02982142400735226,0.48198920585026,6.018433966894049
27,442,1.0,1924.5432581322584,-0.3641826584829463,7.198261291583592,-7.5624439500665375,-7.562443950066538,8.881784197001252e-16,0.008960809311647111,-1.3910390849564163,3.532347535494863,6.171404865110121,0.029846434166388297,0.48198823984570416,6.017753575620545
27,443,1.0,1907.374829371944,-0.35440814983271496,7.199074990922176,-7.55348314075489,-7.55348314075489,0.0,-0.05007723523256047,-1.384576462575241,3.5298493485643907,6.16890667817965,0.0298680444045736,0.48189091033093984,6.014488503598487
27,444,1.0,2005.3229036736961,-0.40987720021180357,7.1936831757756465,-7.603560375987451,-7.60356037598745,8.881784197001252e-16,-0.02840825291211413,-1.4357423744097237,3.528760671962469,6.167818001577729,0.029866309530042493,0.48187985928680094,6.013034492732828
27,445,1.0,2063.107517755475,-0.43895905932830537,7.19300956957126,-7.631968628899565,-7.631968628899566,8.881784197001252e-16,0.025366607307263145,-1.4632846596293103,3.5296266396549956,6.168683969270256,0.029922157626657356,0.48178945775646803,6.013277841848445
27,446,1.0,2011.4316709128152,-0.410325260411593,7.19627676118071,-7.606602021592302,-7.606602021592303,8.881784197001252e-16,0.009043503562073063,-1.4388014290545073,3.5287432629225353,6.167800592537794,0.029973554549523235,0.4816250137408337,6.011230849228219
27,447,1.0,1993.323286467617,-0.40012486694651195,7.197433651083719,-7.597558518030229,-7.5975585180302305,1.7763568394002505e-15,-0.004988134232242203,-1.4299739476357494,3.52852724077922,6.16758457039448,0.02997012337190965,0.4815582021094673,6.010432401789202
27,448,1.0,2003.291090292708,-0.40538677186176575,7.197159880400707,-7.602546652262471,-7.602546652262473,1.7763568394002505e-15,-0.08439845021814651,-1.4355461238445961,3.5279431988026153,6.167000528417874,0.029988128794197592,0.4814565247902083,6.009092753465105
27,449,1.0,2179.705603680557,-0.4994702148385006,7.187474887642116,-7.6869451024806175,-7.686945102480617,8.881784197001252e-16,-0.06472200250800952,-1.5183185178086684,3.529569255056689,6.168626584671948,0.03000824580345834,0.4814650004301017,6.010314806138034
27,450,1.0,2325.4459474607593,-0.5776978227649304,7.173969282223694,-7.751667104988627,-7.751667104988624,2.6645352591003757e-15,-0.026535568027823864,-1.578794428962556,3.5338153464108117,6.17287267602607,0.03004300139055064,0.48146837340705023,6.0139023164678225
27,451,1.0,2387.9789821199456,-0.6067192209333223,7.17148345208313,-7.778202673016451,-7.778202673016453,1.7763568394002505e-15,-0.005230256830026647,-1.6055041079716525,3.533641235429539,6.172698565044797,0.03012600331336249,0.48140934012820685,6.0129595973504015
27,452,1.0,2400.501444802531,-0.613419549414608,7.170013380431871,-7.7834329298464775,-7.783432929846478,8.881784197001252e-16,0.027167295262716884,-1.607790577865943,3.536585022365277,6.175642351980536,0.03018973126604007,0.48127776859509547,6.014867563445496
27,453,1.0,2336.1642046958195,-0.581975071599194,7.174290562984567,-7.756265634583761,-7.756265634583761,0.0,-0.02295005190907151,-1.5829022566051347,3.5343060483633666,6.173363377978625,0.03012771725140429,0.481157886011764,6.011887089494635
27,454,1.0,2390.3992626915942,-0.6094728631956472,7.169742823297185,-7.779215686492832,-7.779215686492833,8.881784197001252e-16,-0.022005187671485515,-1.6034375676285377,3.536720789249037,6.175778118864296,0.030152248727892888,0.48112181722481334,6.0138537523398465
27,455,1.0,2443.5834651645832,-0.6381068893247304,7.163113984839585,-7.801220874164318,-7.801220874164315,2.6645352591003757e-15,-0.011045800461275235,-1.62570924252925,3.536454302019808,6.175511631635067,0.030129821007967662,0.4810777340502758,6.01298097554288
27,456,1.0,2470.7244213701006,-0.6511574299797175,7.161109244645875,-7.812266674625593,-7.812266674625592,8.881784197001252e-16,0.030186150018695734,-1.6392360707703564,3.5339732742399783,6.173030603855237,0.03015232620107916,0.48101480585486217,6.009851607774907
27,457,1.0,2397.2571883401574,-0.615952375172359,7.166128149434536,-7.782080524606897,-7.782080524606895,1.7763568394002505e-15,-0.030792325577416513,-1.6092591318640697,3.533764063127569,6.172821392742828,0.03014305321383624,0.48091967555139226,6.009380556792874
27,458,1.0,2472.2225681507753,-0.6507673946831104,7.162105455501203,-7.812872850184314,-7.812872850184314,0.0,0.007439246967413382,-1.6374114632120855,3.5364040573569704,6.175461386972229,0.030087819740897838,0.4807975375973606,6.010944432487747
27,459,1.0,2453.8993339443687,-0.6380072295056092,7.16742637371129,-7.8054336032169,-7.805433603216899,8.881784197001252e-16,0.009124481250818661,-1.6312163954102916,3.5351598781913514,6.174217207806611,0.030094532482996428,0.4806320446662142,6.008620132635683
27,460,1.0,2431.6106166113022,-0.6328761351196158,7.163432986846465,-7.796309121966082,-7.796309121966081,8.881784197001252e-16,0.05716332309939709,-1.622855697529577,3.5343960948212456,6.173453424436505,0.03008737759611452,0.4805551226422777,6.007006673304479
27,461,1.0,2296.5098637202527,-0.5743825743392146,7.164763224527468,-7.7391457988666845,-7.739145798866683,1.7763568394002505e-15,0.06334715745566921,-1.5682830041169982,3.5318054651344264,6.170862794749685,0.030081818317291783,0.4804711242781224,6.003807604862868
27,462,1.0,2155.544505550413,-0.49894227262961083,7.176856368781401,-7.675798641411015,-7.675798641411012,3.552713678800501e-15,0.05474778402860725,-1.5102635537087015,3.526477758087055,6.165535087702315,0.030049264053360697,0.48027242062791464,5.997271507077125
27,463,1.0,2040.7054938725296,-0.4330136229080613,7.188037234474346,-7.621050857382408,-7.621050857382407,8.881784197001252e-16,-0.02685874572576097,-1.4570735370998538,3.5249199906672954,6.163977320282554,0.030129398323842167,0.48013228328135665,5.995076591564077
27,464,1.0,2096.2589928704742,-0.45856850243872704,7.189341100669442,-7.647909603108169,-7.647909603108169,0.0,-0.021558089242222245,-1.482991389548054,3.5258608839448558,6.164918213560114,0.030151022363736273,0.4800421821979509,5.995117019038179
27,465,1.0,2141.940970169452,-0.49601001306802683,7.173457679282364,-7.669467692350391,-7.66946769235039,8.881784197001252e-16,0.01945281239798291,-1.5043768625796112,3.5260335001555205,6.165090829770778,0.03020198141624258,0.4800573539123599,5.995006777428155
27,466,1.0,2100.6768471591313,-0.47161221014888205,7.178402669803528,-7.650014879952408,-7.65001487995241,1.7763568394002505e-15,0.04389415864761048,-1.489171541472634,3.5217860088645163,6.1608433384797765,0.03024096626267707,0.4799280346675062,5.989907018690487
27,467,1.0,2010.4638012079781,-0.4234896250076181,7.18263109629718,-7.606120721304798,-7.606120721304798,0.0,-0.022753510260332455,-1.447576200540339,3.5194871911492007,6.158544520764459,0.030250202497063568,0.47976871753649963,5.986683678934193
27,468,1.0,2056.7333106029323,-0.44463896341882925,7.184235268146301,-7.62887423156513,-7.62887423156513,0.0,-0.04062047595235807,-1.4715222135850237,3.5182946883648465,6.157352017980105,0.030284218758227312,0.47960815034869986,5.984154144855493
27,469,1.0,2141.9988358442965,-0.5021881834232781,7.16730652409421,-7.669494707517488,-7.6694947075174875,8.881784197001252e-16,0.014749236575249292,-1.5127534823761322,3.517683895526098,6.156741225141357,0.030244593278813,0.4796964046090318,5.983715094092571
27,470,1.0,2110.637832221964,-0.4858788358943906,7.168866635047849,-7.654745470942239,-7.65474547094224,8.881784197001252e-16,0.053658894571453786,-1.4983563018429558,3.5173318394840254,6.156389169099284,0.030246496555381672,0.4795599559308868,5.9824687591915255
27,471,1.0,2000.3682675584923,-0.42834731300141726,7.172739263369368,-7.601086576370785,-7.601086576370785,0.0,0.04487781065327123,-1.446068818041276,3.515960428714251,6.155017758329509,0.03023863767187227,0.47942214674523737,5.9803050552836465
27,472,1.0,1912.5807092351279,-0.38437165825529085,7.171837107462223,-7.556208765717514,-7.556208765717514,0.0,-0.0243073535229259,-1.4024078980211214,3.5147435380811336,6.1538008676963925,0.03031817093618156,0.47927456142854563,5.978159891423652
27,473,1.0,1959.640112395748,-0.4050904285322663,7.175425690708174,-7.58051611924044,-7.58051611924044,0.0,0.0007077675909892278,-1.4281216697929344,3.5133371198322467,6.152394449447505,0.03034420504023788,0.4791392593092121,5.975697461327185
27,474,1.0,1958.2536333445385,-0.41537945506171736,7.164428896587735,-7.579808351649451,-7.5798083516494525,1.7763568394002505e-15,-0.03140995642595801,-1.4261492884678488,3.5146017335663435,6.1536590631816015,0.030322716689833076,0.4791137657606437,5.976569973337805
27,475,1.0,2020.7384806695686,-0.4508511196384175,7.160367188436991,-7.611218308075409,-7.611218308075409,0.0,-0.017305644961069788,-1.4573870378551,3.514773940605051,6.15383127022031,0.030282018962739896,0.4790254745289744,5.975895541123684
27,476,1.0,2056.013007245831,-0.4656591346650873,7.162864818371391,-7.628523953036479,-7.628523953036479,0.0,-0.036205537283632516,-1.475755255810997,3.5137113676102234,6.152768697225483,0.03029752508019693,0.47893407164735363,5.974145407274941
27,477,1.0,2131.8160270713715,-0.5069156939588386,7.157813796361273,-7.664729490320111,-7.664729490320111,0.0,-0.008018545207472805,-1.5122907977330051,3.5133813629718467,6.152438692587105,0.03032553875366661,0.47886839673333476,5.97291064792226
27,478,1.0,2148.978808568508,-0.5037109393426191,7.169037096184961,-7.672748035527584,-7.6727480355275794,4.440892098500626e-15,0.029078261702330188,-1.5218785917535198,3.5118121141588055,6.150869443774064,0.030356980345322814,0.4786568887676937,5.970169770446613
27,479,1.0,2087.390027343623,-0.4673667418342824,7.176303031990972,-7.643669773825254,-7.643669773825255,8.881784197001252e-16,0.030838097637962747,-1.4937945244267377,3.5108179197832565,6.149875249398518,0.03040344369479224,0.4785635979634438,5.968732836488113
27,480,1.0,2024.00130705901,-0.43236115237777833,7.18047052380951,-7.612831676187291,-7.612831676187288,2.6645352591003757e-15,0.03104686580407101,-1.4648654557301133,3.508908890841919,6.147966220457176,0.03043229394213207,0.47840659871352575,5.965699240758664
27,481,1.0,1962.1278682125796,-0.3899125900807393,7.191872220302482,-7.58178481038322,-7.581784810383222,1.7763568394002505e-15,0.0491232454886088,-1.435208880151603,3.5075186006163586,6.146575930231618,0.030494572066375406,0.47823620285227014,5.963270304851917
27,482,1.0,1868.070884670568,-0.33413511136190177,7.1985264535327085,-7.532661564894611,-7.53266156489461,8.881784197001252e-16,-0.04086015667466292,-1.3866816620189202,3.5069225732604323,6.14597990287569,0.030551942064381984,0.478077153725098,5.961694127543047
27,483,1.0,1945.9814329587646,-0.37007897940686807,7.203442742162406,-7.573521721569274,-7.573521721569274,0.0,-0.001508261813804701,-1.4271340023398609,3.5073303896141548,6.1463877192294145,0.030598398373599314,0.47783039734298416,5.960153239812359
27,484,1.0,1948.9186969692191,-0.3659392463540959,7.209090737028983,-7.575029983383079,-7.57502998338308,8.881784197001252e-16,0.021868584574428418,-1.4285901588165633,3.507382494951256,6.1464398245665155,0.030648199200853134,0.47769617167985784,5.9590524933474915
27,485,1.0,1906.7612455952453,-0.34118954013889213,7.211971858669758,-7.55316139880865,-7.5531613988086495,8.881784197001252e-16,-0.008506256662740519,-1.406521221982534,3.507582847210856,6.146640176826116,0.030683998050218483,0.4775320674690767,5.957963302283611
27,486,1.0,1923.0498253497428,-0.35429869232188405,7.207368963149508,-7.561667655471391,-7.561667655471393,1.7763568394002505e-15,-0.024085395340495808,-1.4152676217519924,3.50734270410414,6.146400033719398,0.03071689879726697,0.4774158178852217,5.956837934065914
27,487,1.0,1969.9295325476592,-0.3777124654342842,7.208040585377603,-7.585753050811887,-7.585753050811887,0.0,0.029008930240962627,-1.4398412721400689,3.506854449056559,6.1459117786718185,0.030770012879320352,0.47726597907943796,5.955029181969381
27,488,1.0,1913.604892726696,-0.3456395690571118,7.211104551513813,-7.556744120570924,-7.556744120570925,8.881784197001252e-16,0.028629635276161025,-1.4113765797921596,3.506310211163506,6.145367540778765,0.03081807098693438,0.4771027057149041,5.953014915883787
27,489,1.0,1859.595900476028,-0.3153198302972524,7.212794654997512,-7.528114485294763,-7.528114485294765,1.7763568394002505e-15,0.023779446792245196,-1.3827104231958438,3.50634673248366,6.145404062098919,0.03086652245941214,0.47692021291539965,5.951646758686243
27,490,1.0,1815.8973613843907,-0.2979128543522177,7.2064221841503,-7.504335038502518,-7.504335038502518,0.0,-0.053540406886713576,-1.360087801971537,3.5051899069157213,6.14424723653098,0.03084971347279392,0.4769103133952653,5.950394803417736
27,491,1.0,1915.7710265036862,-0.3580014768982881,7.19987396849094,-7.557875445389231,-7.557875445389228,3.552713678800501e-15,0.002004451663554896,-1.4151161558684235,3.5037019599055483,6.142759289520805,0.030765204060919562,0.47686453379542487,5.948608732916353
27,492,1.0,1911.9348021302253,-0.3579327986087151,7.1979381951169605,-7.5558709937256765,-7.555870993725676,8.881784197001252e-16,-0.016782844028179866,-1.412251546974211,3.5045621171362074,6.143619446751466,0.030784680360804045,0.4766759010613931,5.947927851052249
27,493,1.0,1944.2932798343459,-0.38201622835309246,7.190637609400763,-7.572653837753856,-7.5726538377538555,8.881784197001252e-16,0.042494932309410594,-1.4293401395823326,3.504256368556265,6.143313698171523,0.030737061418925894,0.4765931622840758,5.946934484551153
27,494,1.0,1863.4015846884352,-0.3303243567887203,7.1998345486557245,-7.530158905444446,-7.530158905444445,8.881784197001252e-16,0.009576732920145048,-1.38542865756265,3.5056729182665367,6.144730247881795,0.03084998883215964,0.47643126131006464,5.9470947709790165
27,495,1.0,1845.6414630966221,-0.33088917516936867,7.189692997354932,-7.520582172524301,-7.520582172524301,0.0,0.05243933995555494,-1.3756874702205464,3.5058373726884957,6.144894702303755,0.030777205884949324,0.4764926138369169,5.947802817572392
27,496,1.0,1751.3511111931182,-0.27632506691149117,7.191817765657256,-7.468142832568746,-7.468142832568748,1.7763568394002505e-15,-0.008849856762132902,-1.3210359810093273,3.508049521944161,6.14710685155942,0.03087290465982865,0.47635892850103406,5.948839716531061
27,497,1.0,1766.9191033106188,-0.2836533269352869,7.193339362395593,-7.476992689330879,-7.47699268933088,8.881784197001252e-16,-0.004687827079174589,-1.3322645081568256,3.505670851558794,6.144728181174053,0.030909952873013218,0.4762608212064521,5.945822890796526
27,498,1.0,1775.2215595650887,-0.2890891290113046,7.192591387398746,-7.481680516410053,-7.481680516410051,2.6645352591003757e-15,0.005923360073690986,-1.3348936796525017,3.507729507142293,6.146786836757552,0.03092819428351847,0.47616451371730933,5.946983813903008
27,499,1.0,1764.7373645424973,-0.2862999081034638,7.189457248232896,-7.475757156336362,-7.47575715633636,2.6645352591003757e-15,-0.006872109498981871,-1.3316257255812594,3.5050741011398445,6.144131430755103,0.03096026050715433,0.47606774791100614,5.9435272088155875
27,500,1.0,1776.9065992132935,-0.2909237053204369,7.191705560514907,-7.482629265835344,-7.482629265835344,0.0,,-1.3395419523728658,3.504029983847219,6.143087313462479,0.030941954487536293,0.47593002619543356,5.941453298638203
