seed,epoch,temperature,Z,E,S,F,F_check,err,delta_F,F_data,KL,NLL,data_mass,recon_sq,recon_ce
37,1,1.0,2318.892009965149,-0.129637417677456,7.619207350992764,-7.748844768670218,-7.74884476867022,1.7763568394002505e-15,0.02063337411688959,-1.5086060136070298,3.6011814254479297,6.240238755063189,0.027394796014379316,0.49985767440245893,6.238957645998326
37,2,1.0,2271.535684077603,-0.11149899325876864,7.616712401294558,-7.728211394553329,-7.728211394553327,1.7763568394002505e-15,0.0508036891783572,-1.4858559072885877,3.603298157649482,6.24235548726474,0.027399274389773753,0.49983772137940075,6.2408921744791295
37,3,1.0,2159.0157064802256,-0.06059910882651375,7.6168085965484575,-7.677407705374971,-7.677407705374971,0.0,0.008860248036942409,-1.4360772882226736,3.602273087537039,6.241330417152298,0.027348541268772727,0.4998447352558898,6.239931780730741
37,4,1.0,2139.9707877487454,-0.05185829432257083,7.61668916301546,-7.668547457338029,-7.668547457338031,1.7763568394002505e-15,0.04847247641639463,-1.427452082855202,3.6020380448675686,6.2410953744828275,0.027369646755280377,0.49982707493910483,6.239536982165636
37,5,1.0,2038.7149888191698,-0.0030356044933818674,7.617039376428252,-7.620074980921634,-7.620074980921634,0.0,-0.05670610652946806,-1.3805965230510489,3.6004211282553267,6.239478457870585,0.027369199102239204,0.49979623285554853,6.237643480862113
37,6,1.0,2157.6632523208928,-0.057865174847330954,7.6189159126037715,-7.676781087451102,-7.676781087451102,0.0,0.052515223469252525,-1.4380386514919008,3.5996851063439435,6.238742435959201,0.027356986671806152,0.49983338854013976,6.2372436160677704
37,7,1.0,2047.2769334533116,-0.006647052098037613,7.617618811883814,-7.62426586398185,-7.624265863981852,1.7763568394002505e-15,0.053445503593550825,-1.3854221657131451,3.599786368653447,6.238843698268705,0.02734486599435158,0.49980382987081456,6.237078806637371
37,8,1.0,1940.7317281237088,0.04578880586324933,7.616609166251546,-7.570820360388299,-7.570820360388297,1.7763568394002505e-15,-0.007985314268633914,-1.3324349352656817,3.599328095507358,6.238385425122616,0.02736958837836295,0.4997675261639785,6.236293992477301
37,9,1.0,1956.2911215280114,0.037237699409645476,7.616043374066578,-7.578805674656933,-7.578805674656933,0.0,0.009272797537157373,-1.339830620543991,3.599917724497683,6.238975054112942,0.027391435194056582,0.4997472328523847,6.236699825557913
37,10,1.0,1938.2346762962104,0.04657783027553283,7.616110707395309,-7.569532877119776,-7.5695328771197765,8.881784197001252e-16,-0.0047670035185394255,-1.3308980736603993,3.599577473844118,6.2386348034593775,0.027379186435912944,0.49975056066091683,6.2363902858191915
37,11,1.0,1947.4963053884235,0.0394031808135796,7.6137030614518935,-7.574299880638315,-7.574299880638314,8.881784197001252e-16,-0.014399156446857297,-1.33333627076859,3.6019062802544655,6.240963609869724,0.027416108498890764,0.49970469430694603,6.2383012099766315
37,12,1.0,1975.7414746573168,0.023987871676905,7.612686908762078,-7.588699037085172,-7.588699037085173,8.881784197001252e-16,0.028214551240538732,-1.3464706757114757,3.603171031758438,6.242228361373696,0.02738441601047624,0.49970537344470317,6.239570315045966
37,13,1.0,1920.7758767044068,0.05256154076371492,7.613046026608349,-7.560484485844634,-7.5604844858446345,8.881784197001252e-16,-0.050981722220945436,-1.3195533325009994,3.6018738237283756,6.240931153343635,0.027367084766663812,0.4997086932796249,6.2383057052243505
37,14,1.0,2021.2394838158343,0.002053991130292643,7.613520199195871,-7.611466208065579,-7.611466208065578,8.881784197001252e-16,-0.061099892328765115,-1.3698733591295702,3.602535519320749,6.2415928489360075,0.027351672763519227,0.4997268116511016,6.239130084830025
37,15,1.0,2148.5878693865066,-0.059368452236292495,7.61319764815805,-7.672566100394344,-7.672566100394342,1.7763568394002505e-15,-0.005453402976819177,-1.4295188864717914,3.603989884307294,6.243047213922553,0.027392293986116367,0.49972847813534793,6.240597445304696
37,16,1.0,2160.336992101931,-0.06398483471062089,7.614034668660542,-7.678019503371163,-7.678019503371163,0.0,0.10543773059063799,-1.4356746666023932,3.603287507153511,6.24234483676877,0.027382158789402613,0.49974874267502106,6.24007922878478
37,17,1.0,1944.153169439573,0.04180526736778328,7.6143870401483085,-7.572581772780525,-7.572581772780525,0.0,0.009157186533712114,-1.3332830190821165,3.6002414240831504,6.2392987536984075,0.02737481224494678,0.4997183541393727,6.23676401007094
37,18,1.0,1926.4314605501766,0.050008249878512934,7.613432836125327,-7.563424586246813,-7.563424586246814,8.881784197001252e-16,-0.017343289277883756,-1.3237830382585114,3.6005842183730437,6.239641547988302,0.027405568662785706,0.4996927625625964,6.236875233971905
37,19,1.0,1960.1335262163338,0.03356786999892913,7.614335745523626,-7.580767875524697,-7.580767875524696,8.881784197001252e-16,0.040871367317392604,-1.341765385926052,3.599945159983385,6.2390024895986445,0.0273883815752658,0.49971427738679813,6.236431056127261
37,20,1.0,1881.6352812772077,0.0701511468501064,7.610047655057411,-7.539896508207304,-7.539896508207304,0.0,-0.01731385887876069,-1.2979812689646695,3.6028579096273767,6.241915239242636,0.0273999812864226,0.4996575026425197,6.23882274708662
37,21,1.0,1914.4973123668938,0.054476463282200356,7.611686830368265,-7.557210367086065,-7.557210367086065,0.0,-0.08470666920869441,-1.316598895532439,3.6015541419383683,6.240611471553627,0.02738934057165363,0.4996821548749618,6.2377476173745965
37,22,1.0,2083.734584953271,-0.027718490194778442,7.614198546099978,-7.6419170362947595,-7.641917036294756,3.552713678800501e-15,-0.08927976500636259,-1.4016636801063806,3.601196026573121,6.240253356188378,0.02736702573360187,0.4997418676934226,6.237929094150284
37,23,1.0,2278.3272748228646,-0.11693893180182409,7.614257869499298,-7.731196801301122,-7.731196801301122,0.0,-0.06422556551938907,-1.4892320317672674,3.602907439918596,6.241964769533856,0.02739430985882288,0.4997645251714285,6.239843192525798
37,24,1.0,2429.455329132362,-0.17992027040773492,7.6155020964127775,-7.795422366820511,-7.795422366820512,8.881784197001252e-16,0.0339103879915994,-1.553458895446808,3.6029061417584436,6.241963471373702,0.02739481188894683,0.4998079610074837,6.240234049594023
37,25,1.0,2348.4527330659967,-0.14603003787090937,7.615481940958002,-7.761511978828912,-7.761511978828912,0.0,-0.02207752488206971,-1.5203005792188211,3.602154069994832,6.2412113996100915,0.02738116417415202,0.4998104626232148,6.239503841545786
37,26,1.0,2400.877330016623,-0.16896521683475357,7.614624286876227,-7.7835895037109815,-7.783589503710981,8.881784197001252e-16,-0.008132267027077589,-1.541134268647364,3.6033979054483583,6.242455235063617,0.02737852911275283,0.49982440433842756,6.24087251762554
37,27,1.0,2420.4815107384065,-0.17771594024213355,7.614005830495928,-7.791721770738059,-7.791721770738061,1.7763568394002505e-15,0.041110854790415985,-1.5484703859385207,3.6041940551842795,6.24325138479954,0.027341411674099557,0.49982779011771966,6.2416994015503615
37,28,1.0,2322.9911335376346,-0.13671786550819523,7.613893050439447,-7.750610915947643,-7.750610915947642,8.881784197001252e-16,-0.015637143166919998,-1.50836815662132,3.603185429711064,6.242242759326323,0.027369209716467228,0.4997971693123532,6.240415666204567
37,29,1.0,2359.6015738198485,-0.1530663806335265,7.613181678481034,-7.766248059114563,-7.76624805911456,2.6645352591003757e-15,-0.022380282993458955,-1.523235723885439,3.6039550056138654,6.243012335229124,0.027436606601015046,0.4997775388127753,6.241007625436626
37,30,1.0,2413.0054931597074,-0.17669024993716853,7.611938092170853,-7.788628342108022,-7.788628342108021,8.881784197001252e-16,-0.011592250143788618,-1.544001480222882,3.60556953226988,6.2446268618851395,0.02741289018073116,0.4997843019795944,6.242682756408124
37,31,1.0,2441.1404148958777,-0.19128974802786855,7.6089308442239405,-7.800220592251811,-7.800220592251809,1.7763568394002505e-15,0.03127407054548481,-1.5524717245870954,3.608691538049456,6.247748867664716,0.0274617678212733,0.4997606114449228,6.245590193002447
37,32,1.0,2365.9774690867525,-0.16150915719785452,7.607437364508472,-7.768946521706326,-7.768946521706327,8.881784197001252e-16,-0.030507477777838687,-1.520361228123041,3.609527963968025,6.248585293583283,0.027444676248751233,0.4997510763275644,6.246340178268519
37,33,1.0,2439.269771411504,-0.19158051884150637,7.607873480642659,-7.7994539994841645,-7.799453999484165,8.881784197001252e-16,0.003992199904505611,-1.5507103419088326,3.609686327960073,6.248743657575332,0.027452756400159335,0.4997480559178736,6.246471083784693
37,34,1.0,2429.551131148071,-0.1874715156207331,7.607990283958926,-7.795461799579659,-7.795461799579659,0.0,-0.05245109909683876,-1.5469921309161676,3.6094123390482316,6.248469668663492,0.027434902302809247,0.4997596720944923,6.246304005230856
37,35,1.0,2560.384953619717,-0.24033185197757156,7.607581046698927,-7.847912898676498,-7.8479128986764985,8.881784197001252e-16,0.018985976567316598,-1.597911941079649,3.61094362798159,6.250000957596848,0.027395218914798555,0.4997961210051188,6.24816290851232
37,36,1.0,2512.232105759468,-0.22022083464580494,7.608706087463376,-7.828926922109181,-7.828926922109181,0.0,0.0010986302549502724,-1.580513955277987,3.609355637215935,6.248412966831195,0.027379196918729365,0.49979709640904607,6.24658500430475
37,37,1.0,2509.473607123108,-0.21949578448832857,7.608332507365901,-7.827828291854231,-7.82782829185423,8.881784197001252e-16,0.015668144851564314,-1.579245267537649,3.6095256947013232,6.248583024316582,0.027374020757061506,0.4997866540260374,6.24666098419698
37,38,1.0,2470.461234989144,-0.2015125432362627,7.610647603766402,-7.8121601470026665,-7.812160147002665,1.7763568394002505e-15,0.02610465262451367,-1.5664263045725435,3.606676512814864,6.2457338424301225,0.027396221464510928,0.4998014356110626,6.243946366008435
37,39,1.0,2406.80517710928,-0.17463760031620165,7.611417894061954,-7.786055494378153,-7.7860554943781555,2.6645352591003757e-15,0.017832189577363877,-1.5417408908745196,3.6052572738883737,6.244314603503633,0.02735618233708888,0.49979934475038207,6.242508101975339
37,40,1.0,2364.2669727874654,-0.15645734469818992,7.6117659601026,-7.768223304800789,-7.76822330480079,8.881784197001252e-16,-0.03638982429175819,-1.524877771597504,3.6042882035880273,6.243345533203287,0.027371314099624493,0.49977680468247154,6.2413363904067145
37,41,1.0,2451.8867987665185,-0.19294925016122072,7.611663878931326,-7.804613129092547,-7.804613129092547,0.0,0.009455265867003959,-1.5604784998896204,3.605077299587667,6.244134629202926,0.027362809961730582,0.49979493441112344,6.242286638008287
37,42,1.0,2428.812814441461,-0.18463247864834065,7.610525384577203,-7.795157863225543,-7.795157863225544,8.881784197001252e-16,0.007664796120519846,-1.5501075743782742,3.6059929592320095,6.245050288847268,0.027286308302435804,0.4997975291729009,6.243227075608438
37,43,1.0,2410.2676227532,-0.17742838431910307,7.610064682785921,-7.787493067105023,-7.787493067105023,0.0,0.026032631191980293,-1.542230548565178,3.606205188924587,6.245262518539845,0.027274516854235382,0.4997810815141891,6.243290667604585
37,44,1.0,2348.3316900838345,-0.15006608870799912,7.611394347205042,-7.761460435913043,-7.761460435913041,1.7763568394002505e-15,-0.0027920786790254226,-1.5184662152156823,3.6039368910821006,6.24299422069736,0.02732401029786913,0.4997548429126699,6.240786712452578
37,45,1.0,2354.897578900608,-0.15133040299628162,7.612922111595786,-7.764252514592068,-7.7642525145920676,8.881784197001252e-16,-0.062479387665994146,-1.523096164255899,3.6020990207209094,6.241156350336168,0.027369400829468715,0.49974117412809616,6.238826976382087
37,46,1.0,2506.723754098984,-0.21522293426146066,7.611508967996601,-7.826731902258063,-7.826731902258062,8.881784197001252e-16,0.039297554632734766,-1.5830419193987972,3.6046326532440065,6.243689982859265,0.02741886594116205,0.4997348049053462,6.241302048665326
37,47,1.0,2410.1260972476575,-0.1807014214918079,7.606732926133519,-7.787434347625328,-7.787434347625327,8.881784197001252e-16,0.11309158707455413,-1.539914787440647,3.608462230569422,6.2475195601846805,0.027336153976193964,0.49968452163098626,6.244674485264897
37,48,1.0,2152.4085728874625,-0.06614429946197467,7.6081984610888,-7.674342760550774,-7.674342760550775,8.881784197001252e-16,0.08354439645408274,-1.431522169675723,3.603763261259792,6.24282059087505,0.027328723898051972,0.49963497841690235,6.239533696011857
37,49,1.0,1979.893558869199,0.01727719883255638,7.608075562929248,-7.590798364096691,-7.590798364096691,0.0,-0.07787681102193922,-1.3504005744732115,3.60134046000822,6.240397789623478,0.027342034672132108,0.49958656785135913,6.236677895985997
37,50,1.0,2140.2441175224735,-0.060162759726076286,7.608512415392553,-7.66867517511863,-7.668675175118629,8.881784197001252e-16,0.030510480413349583,-1.426565790129241,3.6030520553741305,6.242109384989388,0.027315006273170808,0.499633369236118,6.23880999003297
37,51,1.0,2075.930352239217,-0.030786411675801248,7.60737828302948,-7.638164694705281,-7.638164694705281,0.0,-0.03605116556637622,-1.3959233021349022,3.6031840629551195,6.242241392570378,0.02731575609636613,0.4996113887520148,6.238743103398538
37,52,1.0,2152.1354489689065,-0.06793666685400059,7.606279193417658,-7.674215860271657,-7.674215860271659,1.7763568394002505e-15,0.024070029715398178,-1.4300267240843938,3.6051318065720044,6.244189136187262,0.027286073717365956,0.4996235973120317,6.240798289435049
37,53,1.0,2100.951950072814,-0.04365294592193067,7.606492884634326,-7.650145830556259,-7.650145830556257,1.7763568394002505e-15,-0.019931970516064546,-1.4071668198125418,3.603921681128458,6.242979010743718,0.027304463151396903,0.49959323802826316,6.239316342625017
37,54,1.0,2143.248185768487,-0.06241712852197434,7.607660672550347,-7.670077801072323,-7.670077801072321,1.7763568394002505e-15,0.011784660416199522,-1.4279850339623361,3.603035437494728,6.2420927671099875,0.027389219718510924,0.4995800406384139,6.238313765716953
37,55,1.0,2118.1389760592997,-0.05092629691795832,7.607366843738166,-7.658293140656124,-7.6582931406561245,8.881784197001252e-16,-0.09110881390851322,-1.4165719830110863,3.6026638280297787,6.2417211576450375,0.027350791011795158,0.4995835276325589,6.237975032327304
37,56,1.0,2320.1844239077554,-0.13905307896795854,7.610348875596678,-7.749401954564637,-7.749401954564637,0.0,0.04631394777578279,-1.508290903676443,3.602053721272935,6.241111050888195,0.027387981130342704,0.4996486532094747,6.237952325166343
37,57,1.0,2215.17792549158,-0.0932874110488006,7.609800595740056,-7.703088006788854,-7.703088006788857,2.6645352591003757e-15,-0.006915829395973461,-1.4631157043920786,3.6009149727815175,6.239972302396775,0.027399514987930883,0.4995966868425789,6.236346438958409
37,58,1.0,2230.550814974443,-0.10097631184962572,7.609027524335201,-7.7100038361848275,-7.710003836184827,8.881784197001252e-16,0.0052585573859591506,-1.469190451062328,3.6017560555072405,6.240813385122499,0.027403982602586738,0.49959155974167097,6.237141962638168
37,59,1.0,2218.8521215949313,-0.09543894588707877,7.60930633291179,-7.704745278798868,-7.704745278798868,0.0,0.06400631485624508,-1.464895883271583,3.6007920659120267,6.239849395527286,0.0274164128474842,0.49959418219300245,6.236201423351061
37,60,1.0,2081.2812402420764,-0.0340133968615736,7.606725567081051,-7.640738963942623,-7.640738963942625,1.7763568394002505e-15,-0.011055954504421095,-1.4004424210537352,3.601239213273629,6.24029654288889,0.027415344365494174,0.49952877294061215,6.236059384731173
37,61,1.0,2104.4194628236232,-0.044333514436816775,7.607461404010227,-7.651794918447044,-7.6517949184470435,8.881784197001252e-16,0.011210728299407613,-1.412008065956813,3.600729522874972,6.239786852490232,0.027388350596841707,0.49954663052842607,6.235711777707915
37,62,1.0,2080.9591373732746,-0.037074478105187776,7.603509712042449,-7.640584190147637,-7.640584190147637,0.0,-0.027371952864140958,-1.3974196674638668,3.604107193068511,6.243164522683769,0.027389770781436937,0.4995019388836793,6.238680510692783
37,63,1.0,2138.70576641367,-0.06383139719326142,7.604124745818517,-7.667956143011778,-7.667956143011779,8.881784197001252e-16,0.010061615447875205,-1.4248628842924238,3.604035929104097,6.243093258719356,0.02744826504774536,0.4994890321905556,6.23849244820108
37,64,1.0,2117.2948263880307,-0.052578104229590104,7.605316423334314,-7.6578945275639025,-7.657894527563903,8.881784197001252e-16,-0.002564751404223742,-1.4163276435441947,3.6025095544044494,6.24156688401971,0.027400949973128395,0.49950338499549296,6.2370978310681755
37,65,1.0,2122.7321309538997,-0.054810481283210505,7.605648797684917,-7.660459278968126,-7.660459278968127,8.881784197001252e-16,-0.007047818544372753,-1.4195310634875742,3.6018708858652935,6.240928215480552,0.02737599839131119,0.4995204931185666,6.236613917430646
37,66,1.0,2137.745605809014,-0.06269188139211343,7.604815216120386,-7.667507097512499,-7.667507097512499,0.0,-0.027105969151014264,-1.4256391252392504,3.60281064265799,6.241867972273249,0.02734849357543366,0.4995229652154118,6.237574005166513
37,67,1.0,2196.483753093615,-0.08918742662576787,7.605425640037744,-7.694613066663513,-7.6946130666635115,1.7763568394002505e-15,-0.10622064685090216,-1.4529038064604236,3.602651930587831,6.2417092602030895,0.027418735483364553,0.49951014479098604,6.237302146198542
37,68,1.0,2442.6375889169676,-0.19465526812352296,7.606178445390894,-7.8008337135144155,-7.800833713514416,8.881784197001252e-16,-0.013446123991139203,-1.5569846819329503,3.6047917019662075,6.243849031581466,0.027425582450840733,0.499598878274346,6.240240150519824
37,69,1.0,2475.7034021298628,-0.20859732054934005,7.605682516956215,-7.814279837505555,-7.814279837505555,0.0,0.014639170282237046,-1.5697819065984824,3.605440601291813,6.244497930907071,0.02738187200822212,0.49960427246285716,6.240935917432196
37,70,1.0,2439.725146885549,-0.19228605728655496,7.607354609936764,-7.799640667223318,-7.799640667223319,1.7763568394002505e-15,-0.00960351591166475,-1.557577015277866,3.603006322330193,6.242063651945451,0.0274232744220865,0.49960245956364124,6.2384875675392175
37,71,1.0,2463.2679520648976,-0.20370991583808598,7.605534267296899,-7.809244183134982,-7.809244183134985,2.6645352591003757e-15,0.07279363117545756,-1.565300201201587,3.604886652318138,6.243943981933396,0.027397430261124605,0.4995875346770501,6.240231355994722
37,72,1.0,2290.3285364563417,-0.1306931920033019,7.6057573599562245,-7.736450551959525,-7.736450551959527,1.7763568394002505e-15,-0.015978268320402833,-1.495266419052165,3.602126803292101,6.241184132907361,0.027405893972878605,0.49954657200180047,6.237106296496891
37,73,1.0,2327.2179499930676,-0.14730552901028243,7.605123291269644,-7.752428820279928,-7.752428820279926,1.7763568394002505e-15,0.06077604137551962,-1.5101709035139166,3.6032005871507518,6.242257916766012,0.027411379192601205,0.4995380102362944,6.238103361400853
37,74,1.0,2189.9911438634626,-0.08793706209988426,7.603715716804523,-7.691652778904408,-7.691652778904407,8.881784197001252e-16,0.017161703426550545,-1.4504942819950182,3.6021011672941303,6.2411584969093905,0.027434863862298688,0.4994695063754491,6.236389280191108
37,75,1.0,2152.7278308827817,-0.07212786727057535,7.60236320820728,-7.6744910754778575,-7.674491075477856,1.7763568394002505e-15,-0.026652981262726527,-1.4327824487240444,3.6026512971385536,6.241708626753812,0.027382928471269476,0.4994841988299473,6.237070056540804
37,76,1.0,2210.875913059785,-0.09886461015855656,7.602279446582028,-7.701144056740584,-7.701144056740584,0.0,0.010290645254128705,-1.4586574054490573,3.603429321676267,6.242486651291527,0.02734038478558689,0.4995185624882858,6.238157861601288
37,77,1.0,2188.2412358003794,-0.08805544529719525,7.602797966189259,-7.690853411486455,-7.690853411486454,8.881784197001252e-16,0.03342228035033035,-1.4495247392905581,3.602271342580638,6.241328672195897,0.027365313738074572,0.4995043588728417,6.236873011088137
37,78,1.0,2116.3139068237942,-0.05527624494319619,7.60215488619293,-7.657431131136125,-7.657431131136127,1.7763568394002505e-15,-0.009512436500317634,-1.417083806647202,3.601289994873664,6.240347324488922,0.027342903794439873,0.4994887895973885,6.2357525560713425
37,79,1.0,2136.5412616665567,-0.06353042774004823,7.603413139896395,-7.666943567636443,-7.666943567636443,0.0,-0.005578225584811136,-1.4280097722686522,3.599876465752531,6.238933795367791,0.027399903352166577,0.4994722453659695,6.234192967234754
37,80,1.0,2148.492673640821,-0.06912629922601084,7.603395493995242,-7.672521793221254,-7.672521793221253,8.881784197001252e-16,-0.005049402874874431,-1.4336266428408762,3.5998378207651194,6.238895150380377,0.027367678028663148,0.4994786873189266,6.234211559770396
37,81,1.0,2159.3687143710376,-0.07491102148336243,7.602660174612764,-7.677571196096128,-7.677571196096127,8.881784197001252e-16,-0.014574816635663623,-1.4380449370780808,3.6004689294027883,6.239526259018048,0.02738003720070239,0.4994741064529295,6.234802222296465
37,82,1.0,2191.071588011185,-0.09069429170119729,7.601451721030594,-7.692146012731792,-7.692146012731792,0.0,0.03850590347953986,-1.451157753454389,3.6019309296621445,6.240988259277404,0.02741629238250136,0.49944857784058616,6.236034007228758
37,83,1.0,2108.3061029603004,-0.05358894469736942,7.600051164554881,-7.653640109252252,-7.653640109252251,8.881784197001252e-16,0.045036165206476575,-1.4129061023489513,3.6016766772880406,6.2407340069033,0.027436297212444265,0.49941295414705816,6.235457823093869
37,84,1.0,2015.4624344302674,-0.01070394259367552,7.5979000014521,-7.608603944045775,-7.608603944045775,0.0,0.029243032935458935,-1.367796611354869,3.6017500030756495,6.240807332690908,0.02736971156134074,0.4993850446494138,6.23528089866397
37,85,1.0,1957.377627278001,0.016404107617778718,7.5957650187280965,-7.579360911110316,-7.579360911110318,1.7763568394002505e-15,-0.04240560180395381,-1.337784133092965,3.602519448402093,6.241576778017351,0.02731175572133452,0.4993655932161164,6.235873169666022
37,86,1.0,2042.1664587595671,-0.026545924429227194,7.595220588485043,-7.62176651291427,-7.62176651291427,0.0,-0.04007037514796696,-1.378265704223727,3.6044434790752846,6.243500808690543,0.027261912081314975,0.49939765065972525,6.238084256249915
37,87,1.0,2125.658441234892,-0.06646715315177372,7.595369734910463,-7.661836888062237,-7.661836888062236,8.881784197001252e-16,-0.017950738868480975,-1.4175358250579442,3.605243733389034,6.244301063004293,0.027214735338534923,0.4994240709231338,6.239124566175905
37,88,1.0,2164.160113713935,-0.086799430100818,7.592988196829901,-7.679787626930718,-7.679787626930719,8.881784197001252e-16,0.024166982146450522,-1.4323388325820303,3.608391464733429,6.247448794348687,0.02716402853209279,0.49942709879046615,6.2422942963608605
37,89,1.0,2112.4858157782023,-0.060255038284652354,7.595365606499616,-7.655620644784268,-7.6556206447842685,8.881784197001252e-16,0.04020493917763268,-1.4123513824986245,3.6042119326703848,6.243269262285643,0.027282919899275733,0.4994015799807815,6.237893487556621
37,90,1.0,2029.2381491442911,-0.023011172766111934,7.592404532840524,-7.615415705606635,-7.615415705606636,8.881784197001252e-16,0.029891036697454076,-1.3707022562209095,3.6056561197704657,6.244713449385725,0.027193436465609778,0.49936532535656286,6.239007804816125
37,91,1.0,1969.4796876629912,0.007975137271557187,7.5934998061807395,-7.585524668909181,-7.585524668909183,1.7763568394002505e-15,0.087762839927775,-1.3430217127969934,3.603445626496929,6.242502956112188,0.027251426465524288,0.49932679122545476,6.236452841728111
37,92,1.0,1804.0002315593567,0.09212629164061863,7.589888120622025,-7.497761828981406,-7.497761828981406,0.0,0.0008000045547413848,-1.2560736815201243,3.6026308178460225,6.241688147461282,0.027303838943673834,0.4992386801280263,6.2348441996927
37,93,1.0,1802.557600290089,0.0924576110522749,7.589419435478939,-7.4969618244266645,-7.496961824426664,8.881784197001252e-16,-0.0034686402103654146,-1.255080247169685,3.602824247641721,6.24188157725698,0.027299051218850005,0.4992090642482066,6.234767354362245
37,94,1.0,1808.820880316728,0.08839109077139662,7.588821555408426,-7.50043046463703,-7.50043046463703,0.0,0.03959928653090472,-1.2584329651680963,3.6029401698536745,6.2419974994689325,0.02736700005736501,0.49917869196996556,6.234599921401063
37,95,1.0,1738.5925370079922,0.12709892845143808,7.587930106557561,-7.460831178106125,-7.460831178106123,1.7763568394002505e-15,0.0037869926249500807,-1.2204662693752493,3.601307579115616,6.240364908730874,0.027447105381276458,0.4991277644794226,6.232516175706206
37,96,1.0,1732.020951020147,0.13040107930178643,7.587445264782962,-7.457044185481175,-7.457044185481176,8.881784197001252e-16,-0.014618374203763551,-1.2169623753472774,3.6010244805186393,6.2400818101338995,0.027428586642528927,0.4991238856951761,6.232203249776126
37,97,1.0,1757.526250216244,0.11703653968343153,7.58869909936837,-7.471662559684939,-7.471662559684938,8.881784197001252e-16,-0.024470217793288285,-1.233145811847058,3.599459418222621,6.2385167478378785,0.027431365123533898,0.49914359673948905,6.230826578013086
37,98,1.0,1801.0638147069349,0.09313097616954931,7.589263753647778,-7.496132777478227,-7.496132777478229,1.7763568394002505e-15,-0.05512320559389394,-1.2576772950962567,3.5993981527667116,6.238455482381971,0.02743299729098702,0.4991617576578457,6.2309315543707475
37,99,1.0,1903.1315318670847,0.039435375972253967,7.590691359044374,-7.551255983072121,-7.55125598307212,8.881784197001252e-16,-0.016315891508544844,-1.312104799223891,3.6000938542329712,6.23915118384823,0.027384261623148755,0.49917850713454703,6.231774603942472
37,100,1.0,1934.4375175104542,0.022797210247997593,7.590369084828665,-7.567571874580666,-7.5675718745806675,1.7763568394002505e-15,0.011289224539333453,-1.328157554560075,3.6003569904053316,6.239414320020591,0.027375221069267514,0.49919769399854186,6.232210876713901
37,101,1.0,1912.7220241879927,0.030018955905810232,7.586301605947141,-7.556282650041332,-7.5562826500413305,1.7763568394002505e-15,0.06542364179117577,-1.3134231525471574,3.6038021678789156,6.242859497494175,0.027286195998225272,0.49918004540800354,6.235490049851833
37,102,1.0,1791.5904219833208,0.093096274572183,7.58395528282234,-7.4908590082501565,-7.490859008250157,8.881784197001252e-16,-0.008296635941144714,-1.249242793484075,3.602558885150823,6.241616214766082,0.027318031232839855,0.4990976195585149,6.233509441477365
37,103,1.0,1806.5164276696082,0.08543674794900152,7.584592392140301,-7.499155644191301,-7.499155644191299,1.7763568394002505e-15,0.07680686365892431,-1.2588210680766085,3.6012772464994334,6.240334576114693,0.027358177010514118,0.4990793427842533,6.2320669195028495
37,104,1.0,1672.9583085991962,0.15971863986068463,7.582067420393062,-7.422348780532377,-7.422348780532378,8.881784197001252e-16,-0.019197982372946676,-1.1832220229356198,3.6000694279814978,6.2391267575967575,0.027442822644953468,0.4989784804494496,6.229949484084711
37,105,1.0,1705.3860099745448,0.13937896098606178,7.5809257238913865,-7.441546762905324,-7.4415467629053245,8.881784197001252e-16,-0.021856216713338483,-1.2010533643967072,3.6014360688933573,6.240493398508616,0.027437619518935995,0.4989514568112931,6.231060729682007
37,106,1.0,1743.0696065237598,0.11795424925339176,7.581357228872054,-7.463402979618662,-7.463402979618663,8.881784197001252e-16,-0.019569651281816647,-1.2235200171277574,3.6008256328756474,6.239882962490905,0.027465348423064802,0.4989536917447066,6.230482064987561
37,107,1.0,1777.5168316237205,0.09825990320131972,7.581232534101798,-7.482972630900479,-7.482972630900479,0.0,0.025004961920118696,-1.2425422071297951,3.6013730941554236,6.2404304237706825,0.02743405977884836,0.49894518264515947,6.2309497109989005
37,108,1.0,1733.621182568646,0.12264472867156581,7.580612397651924,-7.45796766898036,-7.457967668980358,1.7763568394002505e-15,0.03425024004262678,-1.2188968532665687,3.6000134860985322,6.239070815713791,0.02746590872785617,0.4989176134397224,6.229351378557412
37,109,1.0,1675.2495679270357,0.15372159353960801,7.577439022477342,-7.423717428937733,-7.423717428937734,8.881784197001252e-16,0.055782619762128505,-1.1832861265488952,3.6013739727735787,6.240431302388838,0.027464458538363597,0.4988774894434298,6.230343097758156
37,110,1.0,1584.3583996332186,0.20621512723397312,7.574149936409577,-7.367934809175605,-7.367934809175604,8.881784197001252e-16,-0.0035255151494570924,-1.1273990526851234,3.601478426875223,6.24053575649048,0.027576816035607233,0.4987878969168889,6.229636561403238
37,111,1.0,1589.9539369533943,0.20242115796393778,7.573881482289001,-7.371460324325062,-7.371460324325063,8.881784197001252e-16,0.03915141215119089,-1.1312218954793856,3.6011810992304167,6.240238428845677,0.027568838564521116,0.4987733556022469,6.229209728036233
37,112,1.0,1528.9078136274711,0.23959644340518904,7.571905355579059,-7.332308912173871,-7.33230891217387,8.881784197001252e-16,-0.05085734906849737,-1.0919642428152834,3.601287339743329,6.240344669358588,0.02760915415206532,0.49870122617617096,6.228649205347985
37,113,1.0,1608.6751986157142,0.19205743109299891,7.575223692335367,-7.383166261242368,-7.383166261242368,0.0,-0.001524136032664103,-1.1452861056095394,3.59882282601757,6.237880155632829,0.027557659534255225,0.49875985567500436,6.226741197325706
37,114,1.0,1611.1289078691266,0.187774513584001,7.572464910859033,-7.384690397275032,-7.3846903972750315,8.881784197001252e-16,-0.037600438758918386,-1.145395999034005,3.6002370686257685,6.239294398241028,0.027564115957480692,0.49875595037382825,6.22812477530452
37,115,1.0,1672.8613726775957,0.15047013676218585,7.572760972796136,-7.422290836033951,-7.42229083603395,8.881784197001252e-16,-0.030764832637999007,-1.1822627128829273,3.600970793535763,6.240028123151022,0.027562146227417202,0.4987624865849978,6.228917700213398
37,116,1.0,1725.1265147703848,0.1201931672169547,7.573248835888906,-7.45305566867195,-7.453055668671952,1.7763568394002505e-15,-0.012830114415248062,-1.212793292828265,3.601205046228426,6.240262375843685,0.027519475923986375,0.4987744094421825,6.229260632122224
37,117,1.0,1747.402682651086,0.1081616992209547,7.574047482308153,-7.465885783087198,-7.465885783087198,0.0,0.020683976098557544,-1.227323636812505,3.5995048166594352,6.238562146274694,0.02750208097531159,0.4987923913840504,6.2277358452388984
37,118,1.0,1711.6306763334342,0.12649671588449007,7.57169852287313,-7.44520180698864,-7.44520180698864,0.0,-0.018557703124120195,-1.2055596051970274,3.6005848721763556,6.2396422017916136,0.027463761256441024,0.4987522358813918,6.228450774265402
37,119,1.0,1743.6911747892577,0.10759294174232806,7.5713524518550885,-7.4637595101127605,-7.4637595101127605,0.0,-0.02519306465287041,-1.223658246226449,3.601043934271053,6.240101263886312,0.02744725007137492,0.4987220914181402,6.228632938977653
37,120,1.0,1788.17812770183,0.08390663853774798,7.572859213303378,-7.488952574765631,-7.48895257476563,8.881784197001252e-16,0.01875168203150057,-1.24964048590321,3.600254759247162,6.239312088862421,0.02749316402705554,0.4986949486170216,6.227597237771802
37,121,1.0,1754.9592087180185,0.10184833030173394,7.572049223035863,-7.47020089273413,-7.4702008927341295,8.881784197001252e-16,0.007269595195221079,-1.2319622487082327,3.599181314410639,6.238238644025898,0.027524358683419417,0.49865846428323085,6.2262032121546245
37,122,1.0,1742.2476256986517,0.10776517806804854,7.570696475606956,-7.462931297538909,-7.4629312975389075,1.7763568394002505e-15,0.016054230418848903,-1.2241030510477848,3.5997709168758645,6.238828246491124,0.02752923077705183,0.4986317427436093,6.226544358304463
37,123,1.0,1714.5005061497668,0.12040351563865204,7.567280582758713,-7.44687706712006,-7.44687706712006,0.0,0.03545216491119696,-1.2067294114342813,3.60109032607052,6.24014765568578,0.027465566132850394,0.49859741617285974,6.227555902044587
37,124,1.0,1654.7825711120195,0.15383629018686787,7.565261192395731,-7.411424902208863,-7.411424902208863,0.0,0.00043962166716848827,-1.1713779409858027,3.6009896316078023,6.2400469612230625,0.027508008618601865,0.49855563237331296,6.2270760753703565
37,125,1.0,1654.0552527234813,0.15152579716666298,7.562511077708359,-7.410985280541695,-7.410985280541696,8.881784197001252e-16,0.000991047368009923,-1.1686828724622376,3.6032450784641985,6.242302408079458,0.02745001944375239,0.49853444922568385,6.229122748416553
37,126,1.0,1652.4168176362193,0.15431861248371817,7.564312845657404,-7.409994233173685,-7.409994233173686,8.881784197001252e-16,0.014012634924200462,-1.1710273831444173,3.5999095204140095,6.238966850029267,0.0275212502497306,0.498504166061531,6.225542725556234
37,127,1.0,1629.4235781962657,0.16842041963802562,7.564402017887509,-7.3959815982494845,-7.395981598249483,1.7763568394002505e-15,0.05440348710289111,-1.1594108326368289,3.5975134359973966,6.236570765612655,0.027555104438961423,0.4984653509363907,6.222816513230178
37,128,1.0,1543.145448157612,0.21769238264037788,7.559270493786971,-7.341578111146593,-7.341578111146593,0.0,-0.004002583240254154,-1.1022490867457801,3.6002716947855546,6.239329024400815,0.02759775688389208,0.49835850012729144,6.2245850654478625
37,129,1.0,1549.3343938883231,0.2114706913626654,7.557051385749514,-7.345580694386848,-7.3455806943868485,8.881784197001252e-16,0.016380137025228336,-1.104717213989601,3.601806150781987,6.240863480397246,0.027521338522328805,0.4983734488581376,6.226246257387772
37,130,1.0,1524.1628040746032,0.22742558414567016,7.556626141507287,-7.329200557361619,-7.3292005573616175,1.7763568394002505e-15,-0.06333108690070688,-1.0895253401754446,3.6006178875709156,6.239675217186173,0.0276109211936558,0.49830824430431786,6.2244700714136645
37,131,1.0,1623.811827532691,0.1684622735621586,7.560993917824485,-7.392531644262326,-7.392531644262326,0.0,0.010112539942673138,-1.155734428235074,3.597739886411993,6.236797216027253,0.02757736184125536,0.49837709470890834,6.222247114073196
37,132,1.0,1607.4737147090705,0.17573477143286353,7.558153875752516,-7.382419104319653,-7.382419104319652,8.881784197001252e-16,0.031115089234881488,-1.1445445120579845,3.5988172626464094,6.237874592261668,0.027595313905110636,0.49835089453157894,6.223082400865934
37,133,1.0,1558.2271552809825,0.2029173047644012,7.554221319849173,-7.3513040150847715,-7.3513040150847715,0.0,0.005752857091711583,-1.11265949594299,3.5995871895265226,6.23864451914178,0.02768940046121274,0.49829169850681543,6.22331996944969
37,134,1.0,1549.2886328133684,0.2072235575584131,7.5527747155514735,-7.34555115799306,-7.345551157993061,8.881784197001252e-16,-0.07088758546297136,-1.105881978778121,3.6006118495996793,6.239669179214938,0.027712863014818432,0.4982682544154986,6.224130993846649
37,135,1.0,1663.1002224894276,0.13933866042472298,7.555777403880754,-7.416438743456031,-7.41643874345603,8.881784197001252e-16,0.03304088497786051,-1.1781991635462419,3.5991822502945303,6.23823957990979,0.027620913842366094,0.4983405588151962,6.223377768029339
37,136,1.0,1609.04780649083,0.1697870969839774,7.553184955462148,-7.383397858478171,-7.383397858478171,0.0,0.026939063838347543,-1.146303730153063,3.598036798709849,6.23709412832511,0.027596313702895343,0.49830350552958647,6.221920230380145
37,137,1.0,1566.280210794134,0.1933047603533453,7.549763554993167,-7.356458794639823,-7.356458794639822,8.881784197001252e-16,0.004964740501584686,-1.1180469380392513,3.5993545269853127,6.238411856600573,0.02765001966973749,0.49823116703466164,6.222580062339465
37,138,1.0,1558.5233074340051,0.19829274391415147,7.54978679805239,-7.3514940541382385,-7.3514940541382385,0.0,-0.03405915562930062,-1.1147680866588774,3.597668637864103,6.236725967479361,0.027676489626137345,0.49819831098974493,6.220613792422078
37,139,1.0,1612.519609889137,0.16618040102228165,7.55173361078982,-7.385553209767539,-7.385553209767538,8.881784197001252e-16,0.013300211445399945,-1.1487272144645853,3.5977686656876955,6.236825995302955,0.02763474931667973,0.4982324614200153,6.221015682129915
37,140,1.0,1591.2147517372973,0.1758370142947631,7.548090012616902,-7.372252998322139,-7.372252998322139,0.0,0.011442953181007631,-1.1336557598260728,3.599539908880807,6.238597238496068,0.02766990405037086,0.4982000794911622,6.222493159245106
37,141,1.0,1573.1103373659305,0.18618036588411144,7.546990411025243,-7.360810045141132,-7.360810045141132,0.0,0.02061894437746581,-1.1229070937058976,3.598845621819976,6.2379029514352355,0.027695080455146542,0.4981630381034513,6.221471447262774
37,142,1.0,1541.006573062529,0.20149976645093853,7.541690867214605,-7.340191100763666,-7.340191100763667,8.881784197001252e-16,-0.0034177854508756766,-1.0977961315952565,3.60333763955315,6.242394969168408,0.027808938883654755,0.4980747484452712,6.225126729666425
37,143,1.0,1546.2824136174881,0.19697480508351556,7.540583691298058,-7.343608886214541,-7.343608886214542,8.881784197001252e-16,-0.09231322889132532,-1.1010571514783962,3.603494405120886,6.2425517347361446,0.027800472512568838,0.49803819247234254,6.224948072765494
37,144,1.0,1695.8207401609766,0.10710131047550993,7.543023425581376,-7.435922115105867,-7.435922115105866,8.881784197001252e-16,0.03741398570652876,-1.1928668856048021,3.603997899885805,6.243055229501063,0.027688485121496922,0.4981389467630542,6.226371731977427
37,145,1.0,1633.545572603839,0.14029407387828088,7.538802203277621,-7.398508129399338,-7.39850812939934,1.7763568394002505e-15,0.006905381248412112,-1.1545945613208413,3.604856238463239,6.243913568078498,0.027659974117587357,0.4981251460640661,6.22711634223579
37,146,1.0,1622.30417537497,0.14752096758833624,7.539123715739261,-7.391602748150926,-7.391602748150924,1.7763568394002505e-15,-0.007588873912595773,-1.1500992748617158,3.6024461436739506,6.2415034732892085,0.027675230251193172,0.4981001882114037,6.22450503765431
37,147,1.0,1634.66247067166,0.14224917798376802,7.5414408000472894,-7.399191622063522,-7.399191622063522,0.0,0.03175809850279965,-1.1606134342537493,3.5995208581945137,6.238578187809773,0.027614500311793362,0.49809437751000496,6.22154822519466
37,148,1.0,1583.5643825899522,0.17394919518992538,7.541382718750649,-7.367433523560722,-7.367433523560724,1.7763568394002505e-15,0.026269883704042485,-1.1299778742333901,3.598398319712073,6.237455649327332,0.027703686517882672,0.4980028856165845,6.219596979498822
37,149,1.0,1542.5059912006184,0.19630935484191847,7.5374729946986,-7.3411636398566795,-7.341163639856681,1.7763568394002505e-15,0.046973855754364635,-1.1021052597199268,3.6000010505214943,6.239058380136752,0.02772326681239933,0.49793685353207107,6.220594914214304
37,150,1.0,1471.7240035230361,0.23897512980406405,7.533164913906378,-7.294189784102315,-7.294189784102314,8.881784197001252e-16,-0.017570903080387446,-1.054299459010327,3.600832995476729,6.239890325091989,0.02774675915790622,0.4978487357972793,6.220635241712932
37,151,1.0,1497.8120474041955,0.220778662851902,7.532539350034604,-7.311760687182702,-7.3117606871827014,8.881784197001252e-16,-0.05361662482242213,-1.071418856537417,3.601284501030026,6.240341830645285,0.027722840624579966,0.49779929259351846,6.2206311019240115
37,152,1.0,1580.3115845739421,0.16827002238976232,7.533647334394885,-7.3653773120051245,-7.365377312005123,1.7763568394002505e-15,-0.04755857579913059,-1.1250355903833218,3.601284392006544,6.240341721621803,0.027627073793624442,0.4978291201093234,6.2209079940894965
37,153,1.0,1657.2848136906528,0.12030795266951455,7.533243840473769,-7.412935887804255,-7.412935887804255,0.0,0.04507785525304442,-1.1714382742341447,3.6024402839548517,6.24149761357011,0.02751242772896092,0.4978492927490268,6.222252445099435
37,154,1.0,1584.2367626129635,0.1638969000550574,7.531754932606268,-7.367858032551211,-7.367858032551211,0.0,-0.003758815517884706,-1.1289045220374294,3.5998961808985217,6.238953510513781,0.027605632560798374,0.49775725609939636,6.218905546384167
37,155,1.0,1590.2028219741462,0.1587621498666938,7.530378997935788,-7.371616848069095,-7.3716168480690945,8.881784197001252e-16,0.05327876309962676,-1.1337186163003743,3.5988409021534613,6.237898231768719,0.027529069882297034,0.49775534178791353,6.2178586691204005
37,156,1.0,1507.696223494545,0.20995757186915842,7.528295656838627,-7.318338084969469,-7.318338084969469,0.0,0.011142690898330088,-1.0799891704750242,3.5992915848791855,6.238348914494444,0.027642835586802823,0.49766527928605997,6.217484341743306
37,157,1.0,1490.9896812815484,0.22001035482029702,7.527205748891435,-7.3071953940711385,-7.307195394071138,8.881784197001252e-16,-0.02132358449366656,-1.0697799820362437,3.5983580824196357,6.237415412034895,0.027672058966338554,0.49760530810008563,6.21602674927402
37,158,1.0,1523.1243209686893,0.19681402650706453,7.525333005071871,-7.328518978564805,-7.328518978564806,8.881784197001252e-16,-0.00793389341746309,-1.0904445293699456,3.5990171195796,6.23807444919486,0.027676934715376186,0.49756894807066454,6.216356146642094
37,159,1.0,1535.2566918204625,0.18956825041578895,7.526021122398057,-7.336452871982268,-7.336452871982268,0.0,-0.02634727501406431,-1.1002297117333106,3.5971658306336987,6.236223160248957,0.02773754812875736,0.49754400454348824,6.214294641200086
37,160,1.0,1576.2441043902677,0.16204694797740038,7.524847094973733,-7.3628001469963325,-7.3628001469963325,0.0,-0.0242073412299586,-1.1246250135075955,3.5991178038734795,6.238175133488738,0.027699814594724627,0.4975488179832764,6.216268608500097
37,161,1.0,1614.8663684287087,0.1363127216279361,7.5233202098542264,-7.387007488226291,-7.38700748822629,8.881784197001252e-16,0.016916258647847293,-1.1477855168779723,3.60016464173306,6.239221971348319,0.02779111961029521,0.4975030771615564,6.21689901475571
37,162,1.0,1587.7786288122077,0.1522326275654618,7.522323857143906,-7.370091229578444,-7.370091229578445,8.881784197001252e-16,0.040624926579187814,-1.1318466145231314,3.5991872854400535,6.238244615055313,0.02778979947495838,0.49746885324649265,6.215617735529372
37,163,1.0,1524.5678975143574,0.18914459168926911,7.518610894688527,-7.329466302999256,-7.329466302999258,1.7763568394002505e-15,-0.01741795012631453,-1.0892145427341704,3.601194430649827,6.240251760265084,0.02790238182912242,0.49736987580728026,6.21671104363854
37,164,1.0,1551.3553592140065,0.16887745911777163,7.515761712243341,-7.3468842531255705,-7.34688425312557,8.881784197001252e-16,0.04642165874277637,-1.1043195489827706,3.6035073745275414,6.2425647041428,0.027833689435506636,0.497354596945994,6.2188702936993945
37,165,1.0,1480.9848644276506,0.20998072908926177,7.510443323472056,-7.300462594382794,-7.300462594382794,0.0,-0.023787478992085553,-1.054892593055525,3.60651267171201,6.245570001327268,0.027896471193592058,0.4972521796294627,6.220889962187967
37,166,1.0,1516.6361062898516,0.18671127525601489,7.510961348630894,-7.32425007337488,-7.324250073374879,8.881784197001252e-16,-0.015845313742384626,-1.0802896220065377,3.6049031217530825,6.243960451368342,0.02782212211084226,0.49725703433652263,6.219382170284218
37,167,1.0,1540.8590847627263,0.17089215723491874,7.510987544352183,-7.340095387117264,-7.340095387117264,0.0,-0.03353884542194585,-1.0984143676627156,3.6026236898392896,6.241681019454547,0.02782186248916713,0.4972241224448096,6.216853230953213
37,168,1.0,1593.4141105642766,0.1365839155766757,7.510218148115886,-7.37363423253921,-7.37363423253921,0.0,0.03834091088441571,-1.1313531654579705,3.603223737465981,6.242281067081241,0.027712029458566115,0.49724157555624343,6.217634940878881
37,169,1.0,1533.4775161419277,0.17007130988155428,7.505364631536347,-7.335293321654794,-7.335293321654793,1.7763568394002505e-15,-0.013096399091452327,-1.0916320202192897,3.6046039718202456,6.2436613014355045,0.027822395735467048,0.4971532984266338,6.218198072761303
37,170,1.0,1553.692633379314,0.1564477626303023,7.50483748337655,-7.348389720746247,-7.348389720746248,8.881784197001252e-16,0.016356618666779177,-1.1037421957748708,3.605590195356117,6.244647524971376,0.02787066286185305,0.49712170998688776,6.218882983626936
37,171,1.0,1528.4861835666472,0.17463127657314653,7.506664378652615,-7.332033102079468,-7.3320331020794685,8.881784197001252e-16,-0.04316339968488059,-1.0939191134179147,3.5990566590462936,6.238113988661553,0.02785263673815932,0.4971018714959044,6.212268044987956
37,172,1.0,1595.9053979161883,0.13202343564665364,7.507219937411002,-7.375196501764348,-7.375196501764348,0.0,-0.014076241885447871,-1.13804035751942,3.5980988146296693,6.237156144244929,0.02779540633819884,0.49711307941406596,6.211449988711849
37,173,1.0,1618.5285996065202,0.11726313594302244,7.506535879592817,-7.389272743649796,-7.389272743649794,1.7763568394002505e-15,0.004478350381617702,-1.152968609386594,3.5972468046479436,6.236304134263202,0.027841880744885878,0.49707283747204534,6.210241260494759
37,174,1.0,1611.2964675326025,0.12156216891427174,7.50635656218245,-7.384794393268178,-7.384794393268178,0.0,-0.02115338191946492,-1.1499060785033393,3.595830985149579,6.23488831476484,0.02789351499325483,0.49702388659462404,6.208397156253937
37,175,1.0,1645.7438923691993,0.0994911883040051,7.505438963491649,-7.405947775187643,-7.405947775187644,8.881784197001252e-16,0.00862481207470367,-1.1709838055164017,3.595906640055983,6.234963969671242,0.027924918905476985,0.4969882718076393,6.2081509118555145
37,176,1.0,1631.6106962654753,0.10557103468857451,7.502893997801515,-7.39732296311294,-7.3973229631129405,8.881784197001252e-16,0.004114605234960322,-1.161227086450035,3.5970385470476463,6.236095876662904,0.027872881950368973,0.4969477745403212,6.208905998638557
37,177,1.0,1624.9110549947877,0.10608229359232464,7.499290651470304,-7.393208357877979,-7.393208357877979,0.0,0.02363702046970495,-1.1543589870071542,3.599792041255566,6.238849370870825,0.02785708785100348,0.49689180564120705,6.211120578319945
37,178,1.0,1586.9533696765961,0.127964029752822,7.497535367161095,-7.369571337408274,-7.369571337408273,8.881784197001252e-16,0.006660475691949941,-1.1317949420446165,3.5987190657483987,6.2377763953636585,0.027846205132657193,0.49684587872965486,6.209647733514012
37,179,1.0,1576.418627475882,0.13168761666895595,7.494598478385278,-7.362910861716324,-7.362910861716322,2.6645352591003757e-15,0.013777374634163841,-1.1237293795055787,3.6001241525954866,6.239181482210745,0.02788145179269622,0.49679302879238135,6.210564353212876
37,180,1.0,1554.848647505283,0.14526188654009503,7.494395373622256,-7.3491334870821605,-7.3491334870821605,0.0,0.018561320958824012,-1.112520252416694,3.5975559050502075,6.236613234665468,0.027835053597698906,0.4967944234881211,6.208055910263117
37,181,1.0,1526.2547934984948,0.16178767864709714,7.492359844770435,-7.3305721661233365,-7.330572166123338,1.7763568394002505e-15,0.017823602005606176,-1.093353276032585,3.5981615604754937,6.237218890090753,0.027921539734809424,0.49671000558748934,6.207896503190826
37,182,1.0,1499.292432477576,0.17518903961768995,7.487937603735421,-7.31274856411773,-7.312748564117731,8.881784197001252e-16,-0.00290351403216782,-1.075269035677438,3.598422198825033,6.237479528440291,0.02798027053831642,0.4966647614805033,6.207764589299805
37,183,1.0,1503.65197502736,0.17270945844250823,7.488361536592405,-7.315652078149898,-7.315652078149897,8.881784197001252e-16,-0.016383917016393745,-1.0835115045743926,3.5930832439602476,6.232140573575507,0.027913115889491205,0.49668592516405974,6.2027084047852155
37,184,1.0,1528.4906056162831,0.15744112793969078,7.489477123105982,-7.332035995166292,-7.332035995166292,0.0,0.02500008766913986,-1.1024933347154042,3.590485330835629,6.229542660450887,0.027867944223479085,0.49668817312555075,6.200166776329861
37,185,1.0,1490.751907406806,0.17907055165942648,7.486106459156578,-7.307035907497152,-7.307035907497151,8.881784197001252e-16,-0.03020924876116382,-1.0779179383707775,3.5900606395111154,6.229117969126375,0.027894235443215773,0.49663952048948257,6.1993378802772074
37,186,1.0,1536.4735335357157,0.14825013315479618,7.485495289413113,-7.337245156258316,-7.337245156258317,8.881784197001252e-16,-0.008034009113067064,-1.1092483701769946,3.5889394564660626,6.22799678608132,0.027888780669387072,0.4965984760784604,6.197874019438081
37,187,1.0,1548.8672950393757,0.13835537627274505,7.483634541644129,-7.345279165371383,-7.345279165371384,8.881784197001252e-16,0.01754874548310159,-1.116655251433013,3.5895665843231113,6.22862391393837,0.027892723544992035,0.496580679385951,6.198343644896776
37,188,1.0,1521.9237215037404,0.15589705406921378,7.483627473957496,-7.327730419888281,-7.327730419888282,8.881784197001252e-16,-0.008814922065407238,-1.1018125354793553,3.5868605547936667,6.2259178844089265,0.02787296598052834,0.4965470001061885,6.195373022320202
37,189,1.0,1535.398663526837,0.1449134569274697,7.481458798881159,-7.336545341953689,-7.3365453419536895,8.881784197001252e-16,0.012843402800498005,-1.1101543319563738,3.5873336803820557,6.226391009997314,0.027859555083153298,0.4965346824172969,6.195740653291891
37,190,1.0,1515.8050139340348,0.1572575986412087,7.480959537794398,-7.323701939153191,-7.323701939153189,1.7763568394002505e-15,-0.012459260927329296,-1.0975955023806856,3.5870491071572457,6.226106436772505,0.027872761892968983,0.49650347938329237,6.1951855016729285
37,191,1.0,1534.8089658792012,0.14402143481417928,7.4801826348947,-7.33616120008052,-7.33616120008052,0.0,-0.020907989381162118,-1.11085048558092,3.5862533848843414,6.2253107144996,0.027867431521679552,0.4964518949977187,6.193941253509458
37,192,1.0,1567.23655196754,0.1219260922655185,7.4789952817272045,-7.357069189461682,-7.357069189461686,4.440892098500626e-15,0.04347667191025817,-1.1314824557528225,3.5865294040936013,6.225586733708861,0.02790422395504765,0.49640915333446856,6.1938347939110034
37,193,1.0,1500.5582995653779,0.16144837509991838,7.475040892651343,-7.313592517551424,-7.313592517551425,8.881784197001252e-16,0.024243386822075053,-1.087166987165279,3.587368200770886,6.226425530386144,0.027948026968900017,0.4963324503588303,6.194003392954022
37,194,1.0,1464.617112636318,0.18393630336963251,7.47328543409898,-7.289349130729349,-7.289349130729347,1.7763568394002505e-15,0.019056081698381355,-1.0624925382924624,3.587799262821627,6.226856592436886,0.0279400885405881,0.4962513036494881,6.193706526119748
37,195,1.0,1436.9714944446755,0.1987359458579635,7.46902899488893,-7.270293049030967,-7.2702930490309665,8.881784197001252e-16,0.015105161209583606,-1.0416258600230175,3.589609859392691,6.228667189007949,0.027938652056769705,0.4961836008227155,6.194908883265216
37,196,1.0,1415.4289200025955,0.21168391649041723,7.4668718043118,-7.255187887821384,-7.255187887821382,1.7763568394002505e-15,0.009996282760003972,-1.0270192705579817,3.5891112876481435,6.228168617263402,0.0279377639306897,0.49611281630292875,6.1937902730234695
37,197,1.0,1401.3503760783187,0.21918432460618942,7.464375929667569,-7.24519160506138,-7.24519160506138,0.0,0.0019326328918962687,-1.01745567178985,3.588678603656272,6.22773593327153,0.027997439156292974,0.4960361689868129,6.192687892506589
37,198,1.0,1398.6446956341074,0.2202978739741855,7.4635568461436685,-7.243258972169484,-7.243258972169483,8.881784197001252e-16,0.018269759470105562,-1.018259785252608,3.5859418573016164,6.224999186916875,0.028003244972998102,0.4960030562465484,6.189712828569945
37,199,1.0,1373.323801092592,0.2361989800523249,7.461188192751704,-7.224989212699378,-7.22498921269938,1.7763568394002505e-15,0.0022399863175328605,-0.9992365252981742,3.5866953577859446,6.2257526874012035,0.02806564455490465,0.4959277439162839,6.189790404473185
37,200,1.0,1370.2510173501903,0.2357725253774845,7.45852175175933,-7.222749226381845,-7.222749226381845,0.0,-0.007347541310923411,-0.9963732411962439,3.587318655570343,6.226375985185602,0.028055998126626763,0.49588668813741776,6.190057701974207
37,201,1.0,1380.3560714966814,0.22523439698269207,7.45533116467546,-7.2300967676927685,-7.230096767692768,8.881784197001252e-16,-0.07701770191579183,-1.0036176332395679,3.5874218048379416,6.2264791344532,0.028046067964552203,0.4958649124232704,6.189995969741969
37,202,1.0,1490.8690286248238,0.14885596072214927,7.45597043033071,-7.30711446960856,-7.307114469608561,8.881784197001252e-16,-0.022633221523355118,-1.081589419356056,3.5864677206372457,6.225525050252505,0.02799228752054939,0.4959103499103895,6.189454428837549
37,203,1.0,1524.9969531909087,0.1258317206948495,7.455579411826764,-7.3297476911319155,-7.329747691131915,8.881784197001252e-16,-0.029087137940662977,-1.1056428968634937,3.585047464653163,6.224104794268421,0.02793554679614039,0.49591336771333755,6.188084844266351
37,204,1.0,1570.0061712585816,0.0953467145043558,7.454181543576935,-7.3588348290725785,-7.358834829072579,8.881784197001252e-16,0.03450907919033508,-1.1360688126259169,3.583708686831403,6.222766016446662,0.02790725339511695,0.49591049980376745,6.186731728007446
37,205,1.0,1516.7508843562646,0.12739744287188132,7.451723192754125,-7.324325749882243,-7.324325749882243,0.0,-0.01646651179054537,-1.1004856271569126,3.5847827931100715,6.22384012272533,0.0279211136219693,0.49580445910909915,6.186872948723659
37,206,1.0,1541.9332444863662,0.10878749758920642,7.4495797592619954,-7.340792261672789,-7.340792261672789,0.0,-0.022166197316346725,-1.1182001693927333,3.5835347626647964,6.222592092280055,0.027913312325964598,0.49576470953407,6.185282634140704
37,207,1.0,1576.493662489076,0.08312950631211205,7.446087965301247,-7.3629584589891355,-7.3629584589891355,0.0,-0.025789088301692686,-1.1385607013625905,3.5853404280112864,6.224397757626545,0.02787262546942683,0.49573298079118794,6.186800382052202
37,208,1.0,1617.6787774604043,0.05690361413047801,7.445651161421306,-7.388747547290828,-7.388747547290828,0.0,-0.003670754348307881,-1.165048710551421,3.584641507124148,6.223698836739408,0.02786109392680178,0.49570533689276325,6.185857970599247
37,209,1.0,1623.6277908703883,0.05224023518745863,7.444658536826594,-7.392418301639136,-7.392418301639136,0.0,-0.029518058868504227,-1.1684807289234436,3.584880243100435,6.223937572715693,0.027839054081872195,0.4956711858242021,6.185798527205088
37,210,1.0,1672.2684893495943,0.021371435902788782,7.443307796410428,-7.42193636050764,-7.421936360507639,8.881784197001252e-16,0.00922427976499307,-1.1985987675139886,3.584280263378393,6.223337592993651,0.027857839287607995,0.49565139121730867,6.185025230704037
37,211,1.0,1656.9139431495253,0.027817467772241783,7.440529548514889,-7.412712080742647,-7.412712080742647,0.0,0.0154759947281633,-1.1893788801924396,3.584275870934948,6.223333200550207,0.027850223051655448,0.4955961283595607,6.184534487188226
37,212,1.0,1631.468952819594,0.04003333642731932,7.437269422441802,-7.397236086014484,-7.397236086014483,8.881784197001252e-16,-0.02801088504429039,-1.1741501090829745,3.58402864731625,6.22308597693151,0.02786516080742904,0.49550506312108117,6.183500917213805
37,213,1.0,1677.8138933263542,0.009665844359132092,7.434912815417904,-7.425246971058774,-7.425246971058772,2.6645352591003757e-15,-0.03419740533755444,-1.20326043957863,3.5829292018648835,6.221986531480143,0.02786430875315204,0.4954931252269495,6.182321916759799
37,214,1.0,1736.1831249795425,-0.026768544427708485,7.432675831968622,-7.459444376396329,-7.4594443763963305,1.7763568394002505e-15,-0.0006147832699046063,-1.2383926565240981,3.581994390256972,6.221051719872231,0.027866374402603526,0.49548999517160713,6.181356014323769
37,215,1.0,1737.2508294880772,-0.027054726824595338,7.4330044328416385,-7.460059159666233,-7.460059159666234,8.881784197001252e-16,0.020186208036211184,-1.2387193903614162,3.5822824396895583,6.221339769304817,0.027891954971612634,0.4954577043344434,6.1813641695895125
37,216,1.0,1702.5339032523857,-0.008711937428211997,7.431161014201809,-7.439872951630022,-7.439872951630021,8.881784197001252e-16,0.00896189506355416,-1.2195245037406577,3.581291118274106,6.220348447889364,0.027904444344125024,0.49539333816522335,6.179825827883669
37,217,1.0,1687.3441392691257,-0.0016276702974557522,7.429283386269013,-7.430911056566468,-7.430911056566469,8.881784197001252e-16,0.010517993296958572,-1.2111297694516285,3.5807239574995804,6.21978128711484,0.027910241979603456,0.495350380161459,6.17889636675894
37,218,1.0,1669.6896724609032,0.004576632626556554,7.424969695896064,-7.420393063269509,-7.420393063269508,1.7763568394002505e-15,0.016363691077138753,-1.2002082495862347,3.581127484068016,6.220184813683275,0.027886955218051623,0.4953176238309137,6.179035611504033
37,219,1.0,1642.5897188119764,0.02007707716856552,7.424106449360935,-7.404029372192371,-7.40402937219237,8.881784197001252e-16,0.026273661440293417,-1.1834980683073673,3.5814739742697443,6.220531303885003,0.027911704267249718,0.49521402250798147,6.178469887639229
37,220,1.0,1599.9948840469071,0.04346742808809545,7.421223138840173,-7.377755710752077,-7.377755710752077,0.0,-0.038359668437989214,-1.1571193963950903,3.5815789847417285,6.2206363143569865,0.027906169054099993,0.49516056930998187,6.178131308002626
37,221,1.0,1662.562522247964,0.0036587459535991906,7.419774125143666,-7.4161153791900665,-7.416115379190067,8.881784197001252e-16,0.0036143142823545915,-1.1949846488559994,3.5820734007188086,6.221130730334067,0.027935564767876626,0.4951530890295713,6.178530963683845
37,222,1.0,1656.5643449570703,0.00573980922817055,7.418240874135884,-7.412501064907712,-7.412501064907713,8.881784197001252e-16,-0.00974978297699547,-1.1922170464157589,3.581226688876694,6.220284018491954,0.027979556740025335,0.49510257455404344,6.177258887092383
37,223,1.0,1672.7944793848396,-0.0041840928586011905,7.418066755026104,-7.422250847884707,-7.422250847884706,1.7763568394002505e-15,0.005946017300946238,-1.2025461152392987,3.5806474030301487,6.219704732645409,0.027956019296039254,0.49508932398796407,6.176569726512196
37,224,1.0,1662.8775268729987,0.0012342436972964943,7.417539074281058,-7.416304830583761,-7.416304830583762,8.881784197001252e-16,-0.007973328066961827,-1.196558389303559,3.580689111664943,6.2197464412802015,0.02800049635284456,0.4950122623642641,6.1759404604237504
37,225,1.0,1676.1891935498288,-0.00817525353364515,7.416102905117078,-7.424278158650723,-7.424278158650723,0.0,0.02589044988650091,-1.2051408508661188,3.5800799781693455,6.219137307784604,0.02798861499637525,0.49497045346380325,6.174974340365316
37,226,1.0,1633.348871852147,0.01712073481495302,7.415508443579175,-7.398387708764222,-7.398387708764222,0.0,0.014573062547240667,-1.18068333292596,3.5786470462230033,6.217704375838262,0.02801352577301927,0.49491242268477714,6.173069481704872
37,227,1.0,1609.7185776626252,0.02842307700294955,7.412237723219931,-7.383814646216981,-7.383814646216981,0.0,0.06361961037665598,-1.165931890795285,3.578825425806438,6.217882755421698,0.028027867698370745,0.49487378419017,6.172921157365301
37,228,1.0,1510.4985423887435,0.09270790580620306,7.412902941646527,-7.320195035840325,-7.320195035840324,1.7763568394002505e-15,-0.02177387495771832,-1.103564773498788,3.5775729327262775,6.216630262341537,0.028110586149940647,0.49478069816923786,6.170904724891038
37,229,1.0,1543.7486267141978,0.06747650208896755,7.409445412887013,-7.341968910798044,-7.3419689107980455,1.7763568394002505e-15,-0.041065419074058696,-1.1262570102810903,3.5766545709016953,6.215711900516955,0.02807185217037981,0.49476315072139027,6.169855462438947
37,230,1.0,1608.4629778920423,0.02419163898286525,7.407225968854968,-7.383034329872102,-7.383034329872103,8.881784197001252e-16,-0.03229566784520177,-1.1678621442494082,3.576114856007435,6.215172185622694,0.028062592515574095,0.4947278714755233,6.169001273720082
37,231,1.0,1661.2572890657523,-0.013876987758728171,7.401453009958576,-7.415329997717304,-7.415329997717304,0.0,0.07429812233036603,-1.2001108206499895,3.5761618474520556,6.215219177067316,0.02803762149662567,0.4947108634093316,6.168893827246386
37,232,1.0,1542.302757106425,0.058759410790067246,7.399791286177006,-7.341031875386938,-7.341031875386939,8.881784197001252e-16,-0.02542243814737688,-1.1258139469351114,3.576160598836568,6.2152179284518265,0.02808582358905241,0.4946050379204852,6.168028226618789
37,233,1.0,1582.014499423469,0.03149831436072095,7.397952627895036,-7.366454313534315,-7.366454313534315,0.0,-0.021301741231043003,-1.1514803398602258,3.57591664405883,6.214973973674089,0.028099894808562655,0.4945712291209816,6.1674780798232005
37,234,1.0,1616.0756559167853,0.008142392404630772,7.395898447169987,-7.387756054765358,-7.387756054765356,1.7763568394002505e-15,0.040942540205626266,-1.1722204869870043,3.5764782381630966,6.215535567778354,0.028071833450126774,0.49454263915062247,6.167773167602447
37,235,1.0,1551.245622442146,0.04667504775991327,7.393488562319645,-7.346813514559732,-7.346813514559732,0.0,-0.0038200819691844856,-1.131031004569875,3.5767251803745985,6.2157825099898565,0.02809932859735196,0.4944575872944129,6.1673048590155375
37,236,1.0,1557.1828409848004,0.0411676649572269,7.391801261486142,-7.350633596528916,-7.350633596528915,8.881784197001252e-16,0.014217339038356869,-1.1343881229583979,3.5771881439552584,6.216245473570517,0.02808676752677352,0.4944216056875606,6.167461361496137
37,237,1.0,1535.200480206136,0.0543708702528406,7.390787127743397,-7.336416257490559,-7.336416257490556,3.552713678800501e-15,-0.014360683537705476,-1.1211594411153682,3.5761994867599327,6.2152568163751925,0.028101099066215978,0.49436053533945534,6.165966282832556
37,238,1.0,1557.40607057852,0.036192029553077154,7.386968970581341,-7.350776941028265,-7.350776941028264,8.881784197001252e-16,0.0033968054061093156,-1.1347885759942582,3.5769310354187476,6.215988365034007,0.02810201305645061,0.4942974204211365,6.166137720140848
37,239,1.0,1552.1248399528706,0.03812648008642164,7.385506615708577,-7.3473801356221555,-7.3473801356221555,0.0,0.002099612682672891,-1.1321570652453137,3.576165740761583,6.215223070376841,0.02814968670583628,0.4942317745794168,6.164824034787462
37,240,1.0,1548.8693977336334,0.036229159530595856,7.38150968247008,-7.345280522939483,-7.345280522939484,1.7763568394002505e-15,-0.03003416593296926,-1.1316389073097395,3.5745842860144843,6.213641615629743,0.028163501577379436,0.4941982605161925,6.162977844985411
37,241,1.0,1596.0940245063712,0.0024837058874140894,7.377798394759868,-7.375314688872452,-7.375314688872454,1.7763568394002505e-15,0.04169613761999358,-1.1615413104770969,3.5747160487800964,6.213773378395354,0.028159515795729412,0.49417565855349294,6.162884562209401
37,242,1.0,1530.911442776894,0.04114152844311361,7.37476007969557,-7.333618551252458,-7.3336185512524565,1.7763568394002505e-15,0.0046055211668747376,-1.1194456981293575,3.5751155235078405,6.214172853123101,0.028204250225599144,0.49408713101454477,6.162565161180612
37,243,1.0,1523.877008773765,0.03926962996996455,7.368282660055549,-7.329013030085584,-7.3290130300855845,8.881784197001252e-16,0.039435847299349014,-1.1133286589141103,3.576627041556214,6.215684371171473,0.028206948882299153,0.4940586769738338,6.163833249342659
37,244,1.0,1464.9511596700133,0.075922006797914,7.365499189584151,-7.289577182786235,-7.289577182786237,2.6645352591003757e-15,-0.017690623306047648,-1.0726896615813504,3.577830191589625,6.216887521204884,0.02822412177874132,0.49397279338359373,6.164320395107685
37,245,1.0,1491.097650766972,0.0541875847718534,7.361455390864133,-7.307267806092282,-7.3072678060922795,2.6645352591003757e-15,0.007890892766066138,-1.0906801453130508,3.5775303311639726,6.216587660779232,0.028203486229842513,0.49390921751682115,6.1634757217340805
37,246,1.0,1479.3778597203955,0.06057432916398256,7.359951242490201,-7.299376913326216,-7.299376913326219,2.6645352591003757e-15,0.01395240967518685,-1.0833295688948734,3.5769900148160843,6.2160473444313435,0.0282195801280409,0.4938420917750065,6.162382600051979
37,247,1.0,1458.880301442501,0.07034975597994897,7.355774259630977,-7.285424503651029,-7.285424503651028,8.881784197001252e-16,-0.024421384791842193,-1.0684021085775164,3.577965065458254,6.2170223950735135,0.028247162706671908,0.49377139682676174,6.16278282984897
37,248,1.0,1494.9467828612378,0.04314795320195289,7.352993841644826,-7.309845888442871,-7.309845888442873,1.7763568394002505e-15,0.013073830158669253,-1.0931853405579999,3.577603218269613,6.216660547884871,0.028198967936736638,0.4937112377919471,6.161884996181611
37,249,1.0,1475.5293094773322,0.058519195138264285,7.355291253422466,-7.296772058284202,-7.296772058284202,0.0,0.0031933770515228943,-1.082186553504562,3.5755281751643824,6.214585504779641,0.028186611997459213,0.49363000867863616,6.159141410397089
37,250,1.0,1470.8249035104507,0.05830087091316977,7.3518795521458475,-7.293578681232679,-7.2935786812326775,1.7763568394002505e-15,0.024330427462501802,-1.0788321896564397,3.575689161960981,6.21474649157624,0.028206903908309596,0.49358319007561796,6.158906055594897
37,251,1.0,1435.4709374613021,0.08049016521460636,7.349738418984785,-7.2692482537701775,-7.269248253770178,8.881784197001252e-16,-0.012767907709172022,-1.0543906421110203,3.5758002820438977,6.2148576116591565,0.028268257286280404,0.4935209500882629,6.158520223841358
37,252,1.0,1453.9164023263907,0.06411042689838978,7.346126588377739,-7.2820161614793495,-7.2820161614793495,0.0,-0.03420266349639434,-1.0674930972844299,3.575465734579661,6.214523064194919,0.028270307099017927,0.49349138392744707,6.157921411091567
37,253,1.0,1504.5044065449938,0.028357023801956233,7.344575848777698,-7.316218824975744,-7.316218824975741,2.6645352591003757e-15,0.012747470516624837,-1.103297971964438,3.5738635233960463,6.212920853011306,0.028264136485125137,0.4934560547367484,6.156004439189156
37,254,1.0,1485.4475026987607,0.04048168618406778,7.343953040643187,-7.303471354459119,-7.30347135445912,8.881784197001252e-16,-0.019217123367920586,-1.0912295127326577,3.5731845121112014,6.2122418417264615,0.02830335788076102,0.4934015643182519,6.154876552754714
37,255,1.0,1514.2695823561087,0.017961400275406797,7.340649878102445,-7.32268847782704,-7.322688477827038,1.7763568394002505e-15,0.007973642134150971,-1.1103309823233911,3.5733001658883885,6.212357495503649,0.02831099789395866,0.4933631666898351,6.154641642905245
37,256,1.0,1502.2433487710791,0.024014309050626265,7.338729144743514,-7.314714835692889,-7.314714835692888,8.881784197001252e-16,0.05503235139731011,-1.1027404701283825,3.572917035949247,6.211974365564505,0.02830319799225613,0.4932992158399158,6.153728824030148
37,257,1.0,1421.8050201005804,0.08046243820211135,7.340144922497689,-7.2596824842955785,-7.259682484295578,8.881784197001252e-16,0.03951290449391465,-1.048121487651694,3.5725036670286245,6.2115609966438825,0.028368929163560746,0.4931954400246327,6.152502250993146
37,258,1.0,1366.7208093015224,0.11934572943402366,7.339515309235688,-7.220169579801664,-7.220169579801665,8.881784197001252e-16,0.004977117998302916,-1.0087100064442993,3.572402243742107,6.211459573357366,0.028436039376953215,0.49310405048355177,6.151658481740987
37,259,1.0,1359.935378514957,0.12377798278171995,7.33897044458508,-7.215192461803361,-7.21519246180336,8.881784197001252e-16,-0.02271431738007479,-1.0032318898677193,3.572903242320382,6.211960571935641,0.028410539900380945,0.49304418376826853,6.151648119436077
37,260,1.0,1391.178876379015,0.09221975743074709,7.330126536614182,-7.237906779183436,-7.237906779183435,8.881784197001252e-16,0.013320380481157024,-1.0239488494617366,3.5749006001064396,6.2139579297216985,0.028430074773780078,0.4930318135695636,6.153520205761007
37,261,1.0,1372.7707184451572,0.10626919786487503,7.3308555965671545,-7.224586398702279,-7.22458639870228,8.881784197001252e-16,0.018262899895213458,-1.0120286802581293,3.573500388828891,6.21255771844415,0.028441593818525814,0.4929367519207544,6.151342691202997
37,262,1.0,1347.927489437614,0.12443924710904497,7.33076274591611,-7.206323498807065,-7.206323498807065,0.0,0.00213258290742413,-0.994864384147965,3.5724017850438416,6.2114591146591005,0.028495589375356175,0.49288177208693323,6.149792166082927
37,263,1.0,1345.055985261832,0.1220473003568345,7.326238216256475,-7.204190915899641,-7.20419091589964,8.881784197001252e-16,-0.01212824277375546,-0.9915054817236124,3.5736281045607696,6.212685434176029,0.028506877185659363,0.49281885194258906,6.150493014963812
37,264,1.0,1361.4684769558066,0.11069012672459266,7.327009285397988,-7.216319158673397,-7.216319158673396,8.881784197001252e-16,0.04655283175039582,-1.006713726885802,3.5705481021723355,6.209605431787594,0.028452079864367867,0.4927636764269399,6.1469738882735125
37,265,1.0,1299.5408996010813,0.15730094002963874,7.327067266952639,-7.169766326923001,-7.169766326923001,0.0,0.006403018525121595,-0.9584707589975364,3.572238238310206,6.2112955679254656,0.02851482413691256,0.4926643116886406,6.147823196741917
37,266,1.0,1291.2464980883033,0.16205498384243194,7.325418292240311,-7.163363308397879,-7.163363308397879,0.0,-0.04262220390219884,-0.9515590404267249,3.5727469383558943,6.211804267971154,0.02852976757128828,0.49261544559211007,6.147914185958208
37,267,1.0,1347.47198511528,0.11335248964856487,7.319338001948642,-7.205985512300078,-7.205985512300077,8.881784197001252e-16,0.015993828325191473,-0.9950102613918071,3.571917921293012,6.2109752509082705,0.028533306498130583,0.4925942284692423,6.146913343817078
37,268,1.0,1326.0921777455071,0.12848769030030918,7.318479374275197,-7.1899916839748865,-7.189991683974887,8.881784197001252e-16,0.0049041598143206855,-0.9784651146529121,3.5724692397067157,6.2115265693219746,0.028549310994372044,0.4925501879921973,6.147082338805364
37,269,1.0,1319.604730518661,0.13070238720440475,7.315789911364972,-7.185087524160566,-7.185087524160567,8.881784197001252e-16,-0.04755684870820431,-0.9719160475601418,3.574114146985166,6.213171476600424,0.028512723730490235,0.4925283203658446,6.148513368753967
37,270,1.0,1383.8771570326135,0.08152507483818008,7.3141694477069485,-7.23264437286877,-7.232644372868768,1.7763568394002505e-15,-0.02265805345834604,-1.0231697398911295,3.570417303362381,6.209474632977639,0.02848125650965554,0.4924781326609315,6.144409674648245
37,271,1.0,1415.5910504009726,0.056514813975096834,7.311817240302214,-7.255302426327116,-7.255302426327117,8.881784197001252e-16,-0.04383321634102355,-1.0477458210168875,3.568499275694969,6.20755660531023,0.02847758706330331,0.49240100574772466,6.141853526904643
37,272,1.0,1479.020972305598,0.009956763040122385,7.309092405708263,-7.29913564266814,-7.299135642668141,8.881784197001252e-16,-0.025352621362388916,-1.093830223608445,3.5662480894444353,6.205305419059694,0.02844567494824936,0.4923708667528074,6.139323720787583
37,273,1.0,1516.9973978648204,-0.018381352018468716,7.306106912012061,-7.324488264030529,-7.3244882640305295,8.881784197001252e-16,0.0379035725337733,-1.1192837176662773,3.566147216748992,6.205204546364251,0.02843097791164402,0.4923678438093364,6.139151068805051
37,274,1.0,1460.5738588690087,0.022006538640071682,7.308591230136825,-7.286584691496755,-7.286584691496754,1.7763568394002505e-15,-0.010750460786074889,-1.0817132510345913,3.565814110846904,6.2048714404621625,0.02846322714583238,0.4922966475276936,6.138296458099568
37,275,1.0,1476.3604051468305,0.007101640493131722,7.304436792775964,-7.29733515228283,-7.297335152282832,1.7763568394002505e-15,-0.039752518830019845,-1.0903296931109752,3.5679481295565956,6.207005459171854,0.02844816363986711,0.49225557949316495,6.140054046451929
37,276,1.0,1536.2315808302608,-0.03709486057537484,7.299992810537475,-7.33708767111285,-7.33708767111285,0.0,-0.041123061519640736,-1.1304948339391445,3.567535507558446,6.206592837173704,0.02844816183650703,0.49222956467871537,6.13936159297537
37,277,1.0,1600.7230823882228,-0.08352550195720615,7.294685230675283,-7.378210732632491,-7.378210732632489,1.7763568394002505e-15,0.007830999715655373,-1.1708293712004811,3.5683240318167506,6.20738136143201,0.028443608081806387,0.492220450013489,6.139989743673627
37,278,1.0,1588.2367743323248,-0.07638187801728746,7.293997854899548,-7.3703797329168355,-7.3703797329168355,0.0,-0.003151256341098474,-1.1639914523918626,3.5673309509097133,6.206388280524971,0.02846116908054916,0.4921434906412078,6.138386369864993
37,279,1.0,1593.2496097550184,-0.08106397588107889,7.292467013376855,-7.373530989257934,-7.373530989257934,0.0,-0.02479363854101546,-1.1677068578047067,3.5667668018379683,6.205824131453227,0.028479089416139858,0.49211984905055844,6.137623526561894
37,280,1.0,1633.245841878333,-0.10995257946465764,7.288372048334292,-7.398324627798949,-7.398324627798949,0.0,0.06816143822725884,-1.1922826373556954,3.566984660827995,6.206041990443254,0.02847749895391547,0.49207052742459106,6.137363519003379
37,281,1.0,1525.630718700794,-0.038284537512265016,7.291878652059426,-7.3301631895716906,-7.3301631895716906,0.0,0.007218461143823518,-1.1236536784332924,3.56745218152314,6.206509511138399,0.028484853779759452,0.4919759959576914,6.137156597101943
37,282,1.0,1514.6576645674286,-0.03043726575364017,7.292507462674225,-7.322944728427867,-7.322944728427865,1.7763568394002505e-15,0.06727013732488007,-1.1178146403839386,3.566072758428669,6.205130088043928,0.028471474945748036,0.49192643032015654,6.135404678316149
37,283,1.0,1416.117981573498,0.04382831047932623,7.299502901582313,-7.255674591102987,-7.255674591102987,0.0,-0.0008139091417902478,-1.0511451692022071,3.5654720922855208,6.20452942190078,0.028565973927422737,0.49184741143735883,6.134186578642719
37,284,1.0,1417.2710421241622,0.041942393660698685,7.298430893905476,-7.256488500244777,-7.256488500244777,0.0,-0.09053253183731069,-1.0510708825657649,3.5663602880637533,6.205417617679012,0.028561230528552382,0.4918087312686683,6.134751429037548
37,285,1.0,1551.5675664936407,-0.05294360748024543,7.294077424601841,-7.347021032082088,-7.347021032082087,8.881784197001252e-16,-0.011956747224028064,-1.1416321764571482,3.5663315260096806,6.205388855624939,0.0285029845704476,0.4918815259512411,6.135237482683147
37,286,1.0,1570.23062004954,-0.07072157956692204,7.288256199739195,-7.358977779306116,-7.358977779306117,8.881784197001252e-16,-0.03242624714459197,-1.1536580644838825,3.566262385206975,6.205319714822233,0.02849049188156474,0.4918278186372105,6.134711158350543
37,287,1.0,1621.9818203614975,-0.10532413734036383,7.286079889110344,-7.391404026450708,-7.391404026450708,0.0,-0.013586073375481789,-1.1854669138736322,3.5668797829618173,6.205937112577075,0.02852838248214399,0.49177167741602984,6.134827162089089
37,288,1.0,1644.1685584418592,-0.12421337666982402,7.280776723156368,-7.40499009982619,-7.404990099826192,2.6645352591003757e-15,-0.002827673712376466,-1.1982737243287642,3.5676590458821673,6.206716375497426,0.02850392087494877,0.4917650352000323,6.135500058183306
37,289,1.0,1648.8243100242812,-0.13111812115453597,7.27669965238403,-7.407817773538566,-7.407817773538566,0.0,-0.036079524895498594,-1.2008368285929194,3.567923615330387,6.206980944945648,0.02846196002221873,0.4917153701588309,6.135344037908198
37,290,1.0,1709.3992952181957,-0.1741225303327059,7.269774768101359,-7.443897298434065,-7.443897298434066,8.881784197001252e-16,0.02175495481627987,-1.2388330471568076,3.5660069216619994,6.205064251277258,0.02853370260914988,0.4916497839725421,6.132789375508439
37,291,1.0,1672.6129838928375,-0.15449408511946366,7.267648258498319,-7.422142343617785,-7.422142343617783,1.7763568394002505e-15,0.0018123008883339509,-1.2160071148098248,3.5670778991927,6.206135228807959,0.028539478210285945,0.49160994707741995,6.133554828168518
37,292,1.0,1669.5844510316053,-0.15323468272985866,7.26709535999959,-7.420330042729451,-7.420330042729449,1.7763568394002505e-15,0.04254856576707322,-1.2150654150124924,3.5662072981016983,6.205264627716957,0.028551530105811417,0.4915604867439036,6.132262206173961
37,293,1.0,1600.0361103826897,-0.10879400338291623,7.26898747357946,-7.377781476962378,-7.377781476962376,1.7763568394002505e-15,0.01321432427388558,-1.1725685815742062,3.5661555657729127,6.205212895388172,0.028581063918287235,0.4914757749754771,6.131582710658392
37,294,1.0,1579.0317989056591,-0.0957232775002827,7.268843875188209,-7.364567152688492,-7.364567152688492,0.0,0.03236575029020017,-1.1606785073758732,3.5648313156973606,6.203888645312618,0.02862076015918491,0.49142376847211305,6.129873672902964
37,295,1.0,1528.7434499270576,-0.06332741494871552,7.268873987449579,-7.332201402398292,-7.332201402398295,2.6645352591003757e-15,-0.11632460760678498,-1.127884261579481,3.565259811203552,6.2043171408188105,0.028687761381242644,0.4913525841668038,6.129765941527578
37,296,1.0,1717.3299517167002,-0.18908764569320674,7.25943836431187,-7.448526010005077,-7.448526010005077,0.0,0.02037443717420917,-1.2433845991791674,3.5660840812106502,6.205141410825909,0.028660394304053524,0.4914103449086899,6.1307930844592295
37,297,1.0,1682.6943590075311,-0.16783025159003873,7.260321321240827,-7.428151572830868,-7.428151572830866,1.7763568394002505e-15,0.06398514087660168,-1.2224880124925372,3.5666062307230724,6.205663560338332,0.028682257062459283,0.4913284853533675,6.130672349742589
37,298,1.0,1578.3991748850826,-0.09910214099663264,7.2650642909576355,-7.364166431954266,-7.364166431954268,1.7763568394002505e-15,0.03381500975866203,-1.1592796703616313,3.565829431977377,6.204886761592634,0.02870790825581479,0.49128893306692223,6.129720048753078
37,299,1.0,1525.9179192035028,-0.06499715030660619,7.265354271888997,-7.330351422195604,-7.330351422195603,8.881784197001252e-16,-0.003343906406148456,-1.125972717874936,3.5653213747054098,6.204378704320668,0.02872713367483258,0.491200844759912,6.128555823599526
37,300,1.0,1531.0289866117698,-0.06932705922874291,7.26436826937301,-7.3336953286017525,-7.333695328601753,8.881784197001252e-16,-0.0024020758676597254,-1.1303209402649692,3.564317058721525,6.203374388336783,0.02873121528348339,0.491132798247393,6.126980443660784
37,301,1.0,1534.711054926467,-0.07414266081992801,7.2619547436494845,-7.336097404469412,-7.336097404469412,0.0,-0.011374926179708034,-1.133560035790808,3.5634800390633457,6.2025373686786045,0.028714816793253217,0.49107427572481965,6.125647933970407
37,302,1.0,1552.2679447410167,-0.08784442733667891,7.25962790331244,-7.34747233064912,-7.3474723306491185,1.7763568394002505e-15,-0.007696687154072457,-1.1472974855235878,3.5611175155102734,6.200174845125532,0.02867767482551546,0.4910027659590152,6.122680102032824
37,303,1.0,1564.261361071251,-0.09721399950005158,7.257955018303141,-7.355169017803193,-7.355169017803193,0.0,0.008844047538070221,-1.1561265250218378,3.5599851631660977,6.1990424927813566,0.028672659873672075,0.49095475689803253,6.121142136960528
37,304,1.0,1550.4879553358046,-0.0959906429491123,7.25033432731601,-7.3463249702651225,-7.3463249702651225,0.0,0.025992565698327752,-1.1460479228026554,3.561219717847208,6.200277047462468,0.028674313475758346,0.4909306569658659,6.1221510351786375
37,305,1.0,1510.7060519021786,-0.0674974531468511,7.252834951419944,-7.320332404566795,-7.320332404566795,0.0,0.01676992218204898,-1.120340084361237,3.5609349905902987,6.199992320205558,0.02866294273853453,0.49083684422973767,6.121155001172717
37,306,1.0,1485.582874616297,-0.052614110327906416,7.25094837205684,-7.303562482384746,-7.303562482384746,0.0,-0.04724440772005423,-1.1030838598722328,3.561421292897255,6.200478622512513,0.02868499459560502,0.4907681391460871,6.121093024151412
37,307,1.0,1557.4527141505876,-0.10683324014033863,7.243973649964463,-7.3508068901048,-7.350806890104802,1.7763568394002505e-15,0.01671192128944554,-1.1491050225156612,3.5626445379738807,6.201701867589138,0.02870726900621364,0.49077202669869086,6.1221792859052515
37,308,1.0,1531.6409696413796,-0.08839356879385796,7.245701400021498,-7.3340949688153545,-7.334094968815356,1.7763568394002505e-15,0.023279968439173793,-1.133155312836023,3.5618823263640738,6.200939655979332,0.028682530303317348,0.4907091085249206,6.120961254328116
37,309,1.0,1496.3962558655207,-0.06391526683074189,7.246899733545438,-7.310815000376181,-7.31081500037618,8.881784197001252e-16,0.02900303058711806,-1.1108896112839826,3.560868059476939,6.199925389092199,0.028670390316746674,0.49065377348870415,6.119575745723519
37,310,1.0,1453.6195549865763,-0.034905804905825094,7.246906164883239,-7.281811969789063,-7.2818119697890635,8.881784197001252e-16,0.0077043767145621445,-1.082773966627671,3.5599806735461335,6.199038003161392,0.02872827089186602,0.490577767507678,6.1181537828616825
37,311,1.0,1442.4633533090769,-0.029621048229183655,7.2444865448453175,-7.2741075930745005,-7.274107593074501,8.881784197001252e-16,0.04365478940887435,-1.075259386758721,3.5597908767005206,6.1988482063157795,0.028727821326352106,0.4904947498713495,6.117298342019038
37,312,1.0,1380.847615411952,0.018075477383810268,7.248528281049433,-7.230452803665626,-7.230452803665623,3.552713678800501e-15,-0.03272527694861438,-1.0331205129077783,3.558274961142589,6.197332290757848,0.02879628949321192,0.4904208860476063,6.115290221058864
37,313,1.0,1426.7837732806486,-0.023552649214317795,7.239625431399921,-7.2631780806142405,-7.263178080614239,1.7763568394002505e-15,0.010961247361713333,-1.065572072357895,3.558548678641086,6.1976060082563444,0.028817704507776775,0.49036990639865785,6.115093010045679
37,314,1.0,1411.2298443731738,-0.01271178327250766,7.23950504998002,-7.252216833252527,-7.252216833252528,8.881784197001252e-16,-0.05588657011125964,-1.0546230137281076,3.558536489909161,6.19759381952442,0.028827200852180924,0.49030616445627745,6.114580491145295
37,315,1.0,1492.3441285997108,-0.07712750057288323,7.2309759027909015,-7.308103403363787,-7.308103403363785,1.7763568394002505e-15,0.003921106497555726,-1.1098298313603248,3.559216242388202,6.19827357200346,0.02880687592987646,0.4902788452451191,6.114892411366805
37,316,1.0,1486.5039458125766,-0.07275845668144404,7.231423840184787,-7.304182296866231,-7.304182296866231,0.0,0.01337161683617083,-1.1054171634099046,3.5597078038410683,6.198765133456328,0.028795560771843146,0.490245219705983,6.115097086776119
37,317,1.0,1466.7592878190917,-0.05875714732443485,7.232053532705624,-7.29081068003006,-7.290810680030059,8.881784197001252e-16,3.509838645854302e-05,-1.0938230311027468,3.5579303193120544,6.196987648927314,0.028814486852917133,0.4901532634393168,6.1126248207270715
37,318,1.0,1466.7078078382037,-0.06049647656429824,7.230279105079305,-7.290775581643602,-7.290775581643603,8.881784197001252e-16,0.01138974981404317,-1.0932465818550794,3.558471670173264,6.197528999788522,0.028822757126610556,0.49012936418699565,6.112951340418681
37,319,1.0,1450.0971480559099,-0.05126532136400341,7.228120510465553,-7.279385831829559,-7.279385831829557,1.7763568394002505e-15,0.022471823743463126,-1.0813044675599255,3.5590240346543736,6.1980813642696315,0.028844148901590476,0.49006646585364644,6.113011118197151
37,320,1.0,1417.8742303874262,-0.029312556675171686,7.227601451410923,-7.256914008086095,-7.2569140080860945,8.881784197001252e-16,0.007044274365220815,-1.0591405111980914,3.558716167272745,6.197773496888003,0.02890486635270381,0.48997624636621445,6.112026307935855
37,321,1.0,1407.9214315722625,-0.02199589928084572,7.227873834440028,-7.249869733720875,-7.249869733720874,8.881784197001252e-16,-0.02442763757887345,-1.0530401529436393,3.557772251161977,6.196829580777236,0.028896177815628237,0.48991271943135634,6.110603334508059
37,322,1.0,1442.7371274216136,-0.04925899078228743,7.225038380517461,-7.274297371299748,-7.274297371299748,0.0,-0.03814986937644882,-1.0781077406432487,3.5571323010412406,6.1961896306565,0.0288885783803763,0.4898396525815431,6.109334568795112
37,323,1.0,1498.84072857986,-0.09223872074557815,7.220208519930616,-7.312447240676197,-7.312447240676194,2.6645352591003757e-15,0.00633370526899224,-1.1179776891200155,3.5554122219409225,6.194469551556183,0.028869377043739188,0.4898071968414903,6.107258439267281
37,324,1.0,1489.377513403154,-0.08829553780458035,7.217817997602625,-7.306113535407205,-7.306113535407205,0.0,-0.013856664810097286,-1.1109075095633882,3.556148696228557,6.195206025843815,0.02887111693864131,0.48977238975139836,6.107741580437354
37,325,1.0,1510.1589666836776,-0.10673337194556806,7.213236828271732,-7.319970200217302,-7.3199702002173,1.7763568394002505e-15,0.04226328622843489,-1.1246471072549322,3.5562657633471106,6.1953230929623695,0.028888395277935113,0.48972176618685326,6.1073914938151646
37,326,1.0,1447.6645966816527,-0.06264035995435846,7.215066554034509,-7.277706913988867,-7.277706913988868,8.881784197001252e-16,0.029167554028583176,-1.0819240765717686,3.5567255078018403,6.195782837417099,0.028928068690698684,0.48965643031512396,6.1074466646010555
37,327,1.0,1406.0496152264775,-0.025988011483063705,7.22255134847722,-7.248539359960284,-7.248539359960283,8.881784197001252e-16,0.011527274166784451,-1.0534428331503347,3.5560391971946914,6.19509652680995,0.028924122648732432,0.48960252770396595,6.106387044776772
37,328,1.0,1389.9347544709144,-0.013804094889003027,7.223207990904496,-7.237012085793499,-7.2370120857934985,8.881784197001252e-16,-0.02428671807914462,-1.0425788026543916,3.5553759535238494,6.194433283139107,0.028942645532650087,0.4895490103173894,6.10532898591535
37,329,1.0,1424.1049696153368,-0.041191353148909066,7.220107450723734,-7.261298803872644,-7.261298803872643,8.881784197001252e-16,0.015161627206170536,-1.067795092561276,3.554446381696109,6.193503711311367,0.02892824238189079,0.4894958384092767,6.103905120547743
37,330,1.0,1402.676079877883,-0.024385366018449456,7.221751810648024,-7.2461371766664735,-7.2461371766664735,0.0,0.02227880290597284,-1.0526471877884764,3.5544326592627367,6.193489988877997,0.028962910873693102,0.4894479731830538,6.103508481948504
37,331,1.0,1371.7716708327023,-0.004827587048198967,7.219030786712299,-7.223858373760501,-7.223858373760498,2.6645352591003757e-15,0.010768377227230452,-1.0294925011680205,3.55530854297722,6.1943658725924795,0.029000019632866126,0.48939287877718884,6.103981670592999
37,332,1.0,1357.0791652088265,0.005995365507116462,7.219085362040388,-7.21308999653327,-7.213089996533271,8.881784197001252e-16,0.017694100534785484,-1.0188917515121525,3.5551409154058606,6.194198245021119,0.02902049318010988,0.48931543984148557,6.103189912449352
37,333,1.0,1333.2780605651085,0.022114291460731572,7.217510187459216,-7.195395895998485,-7.195395895998485,0.0,0.011714799404034082,-1.0015376203183286,3.5548009460648973,6.193858275680157,0.029058018704163486,0.48922936359747926,6.102184642268904
37,334,1.0,1317.7501065521292,0.03125306256497057,7.214934159159422,-7.183681096594451,-7.1836810965944515,8.881784197001252e-16,-0.02540128147043408,-0.9892867790408486,3.5553369879383427,6.194394317553601,0.02910061174953245,0.48918485013819046,6.1023700843612305
37,335,1.0,1351.6513931676332,0.0038908008441272124,7.21297317890901,-7.209082378064885,-7.209082378064883,1.7763568394002505e-15,-0.013184349799330697,-1.015440297076326,3.5545847513732993,6.1936420809885595,0.029056532648074066,0.48916761101999584,6.10142359973399
37,336,1.0,1369.590032740409,-0.012848982557962935,7.209417745306253,-7.222266727864215,-7.222266727864216,8.881784197001252e-16,0.034834902096123166,-1.0295553900844743,3.5536540081644823,6.192711337779741,0.029074415952078648,0.4891088921057831,6.099998755987387
37,337,1.0,1322.701910953808,0.02440752384068004,7.211839349608773,-7.187431825768092,-7.187431825768093,8.881784197001252e-16,0.039711445560377534,-0.9937609855088392,3.554613510643994,6.193670840259252,0.02912968956354922,0.4890633017779041,6.100644900915975
37,338,1.0,1271.2047860582068,0.07067340436441719,7.218393784572132,-7.147720380207715,-7.147720380207716,8.881784197001252e-16,-0.06556212428893637,-0.9542838256743764,3.55437922491808,6.193436554533339,0.029185865326912634,0.48897857742676787,6.099768927907071
37,339,1.0,1357.3404389028935,-0.000575344097979047,7.21270716039867,-7.213282504496651,-7.213282504496649,1.7763568394002505e-15,-0.024683855767247742,-1.0212522332497787,3.5529729416316136,6.192030271246872,0.029099208684996367,0.4889454815716708,6.097988861225645
37,340,1.0,1391.2617667889128,-0.02943681700976772,7.20852954325413,-7.237966360263899,-7.237966360263898,8.881784197001252e-16,-0.008833643570143046,-1.0460386117907474,3.5528704188578923,6.191927748473151,0.02905112930699507,0.4888930142764242,6.097424358289632
37,341,1.0,1403.606119884766,-0.04066568799889178,7.2061343158351505,-7.246800003834042,-7.246800003834042,0.0,-0.034396255648689866,-1.055313095498278,3.552429578720505,6.191486908335764,0.029054842487767237,0.4888007016928026,6.096225616841926
37,342,1.0,1452.7248219215373,-0.0767883948776174,7.204407864605116,-7.281196259482732,-7.2811962594827335,1.7763568394002505e-15,-0.018163648558590317,-1.091683001338308,3.5504559285291646,6.189513258144424,0.029044808184903237,0.4887743697669958,6.094008345853644
37,343,1.0,1479.3527026923264,-0.10143247254760146,7.197927435493721,-7.299359908041322,-7.299359908041323,8.881784197001252e-16,0.005784427093963984,-1.1098241109204425,3.5504784675056205,6.189535797120881,0.02905904057071014,0.4887239055594643,6.093554056575671
37,344,1.0,1470.8201964586337,-0.0977656387834871,7.195809842163869,-7.293575480947358,-7.293575480947356,1.7763568394002505e-15,0.02963238611946739,-1.1034639638610604,3.5510541874710375,6.1901115170862955,0.029069641451689214,0.4886525682360247,6.093574735729887
37,345,1.0,1427.8757007637828,-0.06932533616972625,7.194617758658163,-7.263943094827891,-7.263943094827889,1.7763568394002505e-15,0.008329503295135154,-1.074741161160328,3.5501446040523037,6.189201933667563,0.029113611991275178,0.488566320570192,6.092078489468884
37,346,1.0,1416.0316016198221,-0.05472934048930517,7.20088425104345,-7.2556135915327555,-7.2556135915327555,0.0,-0.0020365359403262673,-1.0673670483096815,3.549189213607815,6.188246543223074,0.029131116131343907,0.48850009147374884,6.090617721087706
37,347,1.0,1418.9183393439976,-0.06209289693505465,7.195557230538029,-7.257650127473082,-7.257650127473084,1.7763568394002505e-15,0.023506726817053014,-1.0695260623350449,3.549066735522778,6.188124065138038,0.029121289922318,0.48845173579592716,6.090125575946
37,348,1.0,1385.9531829666882,-0.03599402661046591,7.198149374045563,-7.234143400656029,-7.234143400656029,0.0,-0.016123636969061828,-1.044809492657067,3.5502765783837025,6.189333907998962,0.029133682559884546,0.4883735202451627,6.0907512094639005
37,349,1.0,1408.4809153890483,-0.053367141265903834,7.196899896359185,-7.250267037625091,-7.250267037625089,1.7763568394002505e-15,-0.014585326299078716,-1.0606725895182048,3.550537118491627,6.189594448106886,0.029119326107017448,0.48834593615651767,6.090766236582441
37,350,1.0,1429.1746144533604,-0.07014816834079202,7.194704195583376,-7.264852363924169,-7.2648523639241676,1.7763568394002505e-15,-0.019482613995617015,-1.075757467107877,3.550037567201033,6.189094896816292,0.02912014366828038,0.488287892534557,6.089767169742211
37,351,1.0,1457.2916793947256,-0.09110608619666083,7.193228891723125,-7.284334977919786,-7.2843349779197855,8.881784197001252e-16,-0.022226542105287628,-1.0964356063864018,3.548842041918127,6.187899371533385,0.02913425689536012,0.48819900377479836,6.087823400264436
37,352,1.0,1490.044881093428,-0.11395142175365491,7.192610098271418,-7.306561520025074,-7.306561520025073,8.881784197001252e-16,0.014371172023922796,-1.1184252862194277,3.5490789041903876,6.188136233805645,0.02912524325663338,0.4881961862115158,6.087974571255825
37,353,1.0,1468.784325248218,-0.09893208661716468,7.193258261383988,-7.292190348001151,-7.292190348001153,1.7763568394002505e-15,-0.02308360881309035,-1.1031577933194732,3.549975225066419,6.1890325546816785,0.029135564117436882,0.4881123115587394,6.088261754949913
37,354,1.0,1503.0835196135322,-0.1266662609533035,7.188607695860936,-7.3152739568142415,-7.31527395681424,1.7763568394002505e-15,-0.01736816011362663,-1.1273365362379335,3.5488800909610485,6.187937420576309,0.029121004186126863,0.488077991255352,6.086820964643474
37,355,1.0,1529.4173378626297,-0.14990047583548843,7.182741641092379,-7.332642116927868,-7.332642116927867,8.881784197001252e-16,-0.020235038043057152,-1.1457069266699318,3.5478778606426764,6.186935190257935,0.029098573670280233,0.48798761452781514,6.085058242832403
37,356,1.0,1560.68039370832,-0.17522906684989317,7.177648088121032,-7.352877154970925,-7.352877154970925,0.0,0.0005963379862370388,-1.1650417418449843,3.5487780835106824,6.18783541312594,0.029071843136566498,0.48796810103007976,6.085727230771186
37,357,1.0,1559.7499781538177,-0.1793781949661881,7.172902622018501,-7.352280816984688,-7.352280816984689,8.881784197001252e-16,0.005214453999312418,-1.1665944963985966,3.546628990970833,6.1856863205860915,0.029111063237927618,0.48790487583920755,6.083027374945274
37,358,1.0,1551.6379020471177,-0.17409142165154246,7.172974941333834,-7.347066362985376,-7.347066362985377,8.881784197001252e-16,0.03364966049845464,-1.1616137535504036,3.5463952798197136,6.185452609434973,0.029135654907781056,0.48784144478348906,6.082284336739579
37,359,1.0,1500.2945020016223,-0.14004974079944105,7.173366961687479,-7.313416702486921,-7.313416702486919,1.7763568394002505e-15,0.016062678358614413,-1.1285939133376028,3.5457654595340586,6.184822789149318,0.029165542165535324,0.48779214201915205,6.081377999942473
37,360,1.0,1476.3882670551661,-0.1251297487229669,7.172224275405341,-7.297354024128307,-7.297354024128308,8.881784197001252e-16,0.015580196030851035,-1.112079767587086,3.546216926925962,6.185274256541221,0.02918953880000591,0.48772551774699535,6.081344751243782
37,361,1.0,1453.564112535137,-0.10663765593489846,7.175136172162557,-7.281773828097456,-7.281773828097456,0.0,-0.0416060758368646,-1.0972935810744815,3.5454229174077154,6.184480247022974,0.029218800454660146,0.4876614707396007,6.080115455088139
37,362,1.0,1515.316949925725,-0.15256444270831923,7.170815461226001,-7.32337990393432,-7.3233799039343195,8.881784197001252e-16,0.0065920209825325315,-1.139161133100581,3.5451614412184798,6.184218770833739,0.029180322580076135,0.48758724768072775,6.079137328821225
37,363,1.0,1505.3608004233054,-0.14797697839227153,7.168810904559518,-7.316787882951788,-7.31678788295179,1.7763568394002505e-15,0.046134216113893345,-1.13271918639906,3.545011366937469,6.184068696552728,0.02920747036626787,0.48750421114098,6.078333094173478
37,364,1.0,1437.489785400476,-0.09513010381952952,7.1755235630183645,-7.2706536668378945,-7.270653666837894,8.881784197001252e-16,0.046499360773800014,-1.0872112606842939,3.5443850765383416,6.1834424061536,0.02927566554861594,0.4874472383161259,6.077372292722677
37,365,1.0,1372.1776824562714,-0.04429570194132787,7.179858604122765,-7.2241543060640945,-7.224154306064094,8.881784197001252e-16,-0.0166902441484158,-1.0406890118984327,3.544407964550403,6.1834652941656625,0.02937292160692201,0.48739565870654017,6.077058598597704
37,366,1.0,1395.2718505450655,-0.06746630670256959,7.173378243509941,-7.24084455021251,-7.24084455021251,0.0,-0.025098428367228642,-1.0584377044197832,3.5433495161774684,6.182406845792727,0.029346354550533874,0.4873262855263706,6.07544766877696
37,367,1.0,1430.7341435012888,-0.10104639075991387,7.164896587819823,-7.265942978579739,-7.265942978579736,2.6645352591003757e-15,-0.01852921017456577,-1.0817840117562214,3.545101637208259,6.184158966823517,0.029340594955527235,0.4872722844969364,6.076674932295146
37,368,1.0,1457.4916493208984,-0.12697595965019245,7.15749622910411,-7.284472188754305,-7.284472188754302,2.6645352591003757e-15,0.014781025527108582,-1.0998292646183558,3.54558559452069,6.184642924135948,0.02934906582671093,0.4872325323588539,6.076756658275736
37,369,1.0,1436.106861932865,-0.10875935484684851,7.160931808380349,-7.269691163227196,-7.269691163227198,1.7763568394002505e-15,-0.014109474501414532,-1.085548253359686,3.545085580252252,6.184142909867512,0.02936278871623667,0.487160215789633,6.075734746559972
37,370,1.0,1456.5131978856602,-0.12543529017857385,7.1583653475500375,-7.283800637728611,-7.2838006377286115,8.881784197001252e-16,-0.04225852243640116,-1.100454090010765,3.544289218102587,6.1833465477178455,0.029355519965218718,0.4871083643894222,6.074473277637506
37,371,1.0,1519.3823159520073,-0.172564260750018,7.153494899414996,-7.326059160165012,-7.3260591601650145,2.6645352591003757e-15,-0.08271803435345149,-1.1421491773676338,3.5448526531821196,6.183909982797379,0.02930006711854305,0.4871225753123451,6.074973728647756
37,372,1.0,1650.4069857642335,-0.268289026174784,7.14048816834368,-7.408777194518463,-7.408777194518464,8.881784197001252e-16,0.020839746688235294,-1.2235005969302724,3.546219267972932,6.1852765975881905,0.029236822308308933,0.48711877782497925,6.075898876546025
37,373,1.0,1616.3688274219085,-0.24568855152082478,7.142248896309401,-7.387937447830228,-7.387937447830226,1.7763568394002505e-15,0.018107385054793035,-1.2027432235241626,3.5461368946908065,6.185194224306066,0.029201033386356254,0.48706637456972807,6.075508091766833
37,374,1.0,1587.364007888802,-0.22736310070218307,7.142466962073252,-7.369830062775435,-7.369830062775435,0.0,0.007824239998234894,-1.1859816211235388,3.544791112036638,6.183848441651896,0.029253628799905916,0.48701959774940234,6.073865788362638
37,375,1.0,1574.9925526576174,-0.22334338592093986,7.138662436856262,-7.3620058227772,-7.362005822777202,1.7763568394002505e-15,0.008714952569929935,-1.1783914679043275,3.544557025257614,6.183614354872874,0.029286448995139616,0.4869707426863371,6.073256303813017
37,376,1.0,1561.3262045479426,-0.21313358811391897,7.14015728209335,-7.35329087020727,-7.353290870207269,8.881784197001252e-16,-0.027294919893864567,-1.1689952000201742,3.5452383405718373,6.184295670187097,0.02925719854437549,0.4869087527329181,6.0734989930019285
37,377,1.0,1604.5294100344731,-0.24409026184399193,7.136495528257144,-7.380585790101135,-7.380585790101136,8.881784197001252e-16,-0.02009855751052747,-1.1950985382890364,3.54642992219684,6.1854872518120985,0.029206502087852707,0.4868807266091435,6.074344591713291
37,378,1.0,1637.1043952123619,-0.2657818391284099,7.1349025084832505,-7.400684347611662,-7.40068434761166,1.7763568394002505e-15,-0.004224460558096332,-1.2159885128547978,3.545638505141605,6.184695834756864,0.029237712936957032,0.4868469213468373,6.073201922662068
37,379,1.0,1644.0349066887502,-0.2700600948801326,7.134848713289626,-7.4049088081697585,-7.404908808169759,8.881784197001252e-16,-0.014656125414257204,-1.2213221385862048,3.5445293399682956,6.183586669583555,0.029253310229579794,0.48681185237650404,6.071762244791397
37,380,1.0,1668.307525255132,-0.29354070964403445,7.12602422393998,-7.419564933584016,-7.419564933584014,1.7763568394002505e-15,-0.01690614590991757,-1.2340466766897262,3.5464609272790315,6.18551825689429,0.02925503491432398,0.4867899047420474,6.073347746637734
37,381,1.0,1696.7519409305141,-0.31352568948317455,7.122945390010757,-7.436471079493933,-7.4364710794939315,1.7763568394002505e-15,-0.046570590655425015,-1.2498204352130398,3.5475933146656353,6.186650644280894,0.029195992324367044,0.48672445931347136,6.073867534932654
37,382,1.0,1777.6395542869377,-0.3672253506255033,7.115816319523855,-7.483041670149358,-7.483041670149358,0.0,-0.018515418653584526,-1.2957974734152609,3.548186867118839,6.187244196734098,0.02921387214669123,0.48673164990424395,6.0742008636009075
37,383,1.0,1810.8598900154284,-0.38925015565287996,7.112306933150064,-7.501557088802943,-7.501557088802944,8.881784197001252e-16,0.0018766241273437956,-1.3155420447092623,3.5469577144784226,6.186015044093681,0.029265359150619293,0.4867123847120682,6.072645941215737
37,384,1.0,1807.4647733299166,-0.3901605422700432,7.109519922405557,-7.499680464675599,-7.4996804646756,8.881784197001252e-16,-0.02273036291245134,-1.3142997760954478,3.5463233589648917,6.185380688580151,0.029310098916406006,0.48664095834683124,6.071380003555668
37,385,1.0,1849.019592479314,-0.4103559970579653,7.112054830530083,-7.52241082758805,-7.522410827588048,2.6645352591003757e-15,0.03004797020560268,-1.337602912781017,3.545750585191775,6.184807914807034,0.02930195936905758,0.486583619390808,6.070338270442867
37,386,1.0,1794.28673059737,-0.3757566910035315,7.116606166378915,-7.492362857382448,-7.492362857382447,8.881784197001252e-16,0.005535319495934665,-1.3076876528364314,3.5456178749307576,6.184675204546017,0.029295462777694445,0.48651304760799174,6.069874583859749
37,387,1.0,1784.3822178866628,-0.3707997218756246,7.11602781601089,-7.486827537886513,-7.486827537886515,1.7763568394002505e-15,-0.014914338716675246,-1.3023320331803787,3.5454381750908754,6.184495504706134,0.029269694981324694,0.4864323548189844,6.069112661722552
37,388,1.0,1811.194545750253,-0.39010096709690273,7.111640909506284,-7.501741876603188,-7.5017418766031865,1.7763568394002505e-15,-0.0033381443267348487,-1.3169061993111968,3.5457783476767313,6.184835677291991,0.02934699555443159,0.4863869096710173,6.068944829117826
37,389,1.0,1817.2506770441958,-0.39767878764050224,7.107401233289419,-7.505080020929923,-7.505080020929921,1.7763568394002505e-15,-0.0007168870476856881,-1.3204021783198832,3.5456205129947813,6.184677842610038,0.02936997299249024,0.48631697537344865,6.06815562461263
37,390,1.0,1818.5539075957056,-0.39712970752678145,7.10866720045083,-7.505796907977609,-7.5057969079776115,2.6645352591003757e-15,0.05365813801297481,-1.3215198767812268,3.5452197015811238,6.184277031196382,0.029330216973303742,0.4862789413156164,6.067462554608123
37,391,1.0,1723.5454734371785,-0.33396103578341474,7.11817773418122,-7.452138769964634,-7.452138769964635,8.881784197001252e-16,0.025082207252745903,-1.2707157366823971,3.5423657036669782,6.181423033282237,0.02935328364867898,0.48619780191070455,6.064374308469338
37,392,1.0,1680.8528001040936,-0.30460740699408334,7.122449155717804,-7.427056562711888,-7.427056562711887,8.881784197001252e-16,-0.0023196363705659806,-1.2458559255153765,3.5421433075812527,6.18120063719651,0.029325787896741493,0.48612050886272445,6.063738077935591
37,393,1.0,1684.7562929845137,-0.31007001405520307,7.119306185027253,-7.429376199082454,-7.429376199082456,1.7763568394002505e-15,0.03618531066986996,-1.249323247448784,3.540995622018411,6.1800529516336695,0.029347633510635976,0.48605348721378683,6.062018485852009
37,394,1.0,1624.882668915288,-0.2679072491967611,7.125283639215823,-7.393190888412584,-7.393190888412584,0.0,0.006105750679896715,-1.2142383259424119,3.539895232854913,6.1789525624701716,0.029383365654988714,0.48596022138150485,6.06042086913038
37,395,1.0,1614.9917668736139,-0.2669026414796061,7.120182496253081,-7.387085137732687,-7.387085137732687,0.0,-0.027788208019293492,-1.2071481905908021,3.5408796175266266,6.1799369471418855,0.029404502684908275,0.4858845668089446,6.0607297737064005
37,396,1.0,1660.4988458452672,-0.30265467694416504,7.112218668807817,-7.414873345751981,-7.414873345751982,8.881784197001252e-16,-0.0011615447438577675,-1.2319326677898006,3.543883348346923,6.182940677962181,0.029334351687908444,0.4858673370445007,6.063370853392976
37,397,1.0,1662.4287101467294,-0.30011084511897346,7.115924045376867,-7.416034890495839,-7.41603489049584,1.7763568394002505e-15,0.02419561158927941,-1.2340554575701017,3.5429221033104787,6.181979432925737,0.029311665094360142,0.485762427663478,6.061692337368901
37,398,1.0,1622.6879455923788,-0.2705166729635536,7.121322605943007,-7.391839278906559,-7.391839278906561,1.7763568394002505e-15,-0.05846996115213532,-1.2097597396882136,3.543022209603087,6.1820795392183445,0.029316879789617122,0.48572787529029426,6.061684416890153
37,399,1.0,1720.3950781991753,-0.33514133758935916,7.115167902469336,-7.4503092400586945,-7.450309240058695,8.881784197001252e-16,-0.01850790936968405,-1.2676151683353896,3.543636742108046,6.182694071723305,0.029298454869538925,0.48572857581706336,6.061968998207165
37,400,1.0,1752.532475036546,-0.35620727334069513,7.112609876087683,-7.468817149428379,-7.468817149428379,0.0,0.016244103010972566,-1.2875846948019813,3.5421751250111377,6.181232454626397,0.02935208304842826,0.4856790715016977,6.060032142108724
37,401,1.0,1724.2941312020266,-0.33577442260782153,7.116798623809586,-7.452573046417406,-7.452573046417408,1.7763568394002505e-15,0.005721844071083559,-1.2728539502480634,3.5406617665540843,6.179719096169342,0.02938176229795182,0.4856411665743252,6.058330242885518
37,402,1.0,1714.4561615555858,-0.3317527724100725,7.11509842993625,-7.4468512023463225,-7.4468512023463225,0.0,0.019265925601014366,-1.2667996548505773,3.540994217880487,6.180051547495745,0.02938391643728189,0.48559605467844164,6.058328413065703
37,403,1.0,1681.741725540592,-0.3093515646785546,7.118233712066754,-7.427585276745308,-7.427585276745309,8.881784197001252e-16,-0.005019099841036656,-1.2472346908499825,3.541293256280068,6.180350585895326,0.029409639166111768,0.48552172819622047,6.058188931396325
37,404,1.0,1690.2037733350849,-0.3176569896621383,7.114947386924207,-7.432604376586345,-7.432604376586346,8.881784197001252e-16,-0.002462189068805465,-1.2515154323368556,3.5420316146342308,6.181088944249491,0.029386234266397825,0.4854861737353534,6.058576287743809
37,405,1.0,1694.3705021218575,-0.3163487634909559,7.118717802164194,-7.43506656565515,-7.43506656565515,0.0,-0.03575618302152872,-1.2577011686417587,3.538308067398133,6.17736539701339,0.029470399063146614,0.48541541065438726,6.054338699863528
37,406,1.0,1756.050879926825,-0.3559135710744037,7.114909177602274,-7.470822748676679,-7.470822748676678,8.881784197001252e-16,-0.025284317209098184,-1.2943636553612132,3.5374017637002066,6.176459093315465,0.02953268368456112,0.48531848204792655,6.052491459908626
37,407,1.0,1801.0175070834775,-0.38596960612675657,7.11013745975902,-7.496107065885777,-7.496107065885777,0.0,0.0359614505924144,-1.319543419189826,3.537506317080692,6.176563646695952,0.029549033338927482,0.48527382745816655,6.0520992430716305
37,408,1.0,1737.4010310908145,-0.34488625158923025,7.115259363704132,-7.460145615293363,-7.460145615293362,8.881784197001252e-16,-0.055340598451862455,-1.2840603303673457,3.5370279553107586,6.1760852849260175,0.02958230734259772,0.4852004348644826,6.051261481523725
37,409,1.0,1836.260074167304,-0.4114933456212178,7.103992868124005,-7.515486213745225,-7.515486213745223,1.7763568394002505e-15,-0.017024083880376573,-1.3387857198346909,3.5376431642952753,6.176700493910535,0.02961391893360579,0.4851912086652511,6.051397035837953
37,410,1.0,1867.7883280608498,-0.42974426708580105,7.102766030539801,-7.532510297625602,-7.532510297625602,0.0,0.038554731728329905,-1.3552322709869813,3.538220697023361,6.17727802663862,0.029624888115980408,0.4851946020977926,6.0518580377107725
37,411,1.0,1797.1467833618278,-0.3870577967786748,7.1068977691185955,-7.493955565897272,-7.49395556589727,1.7763568394002505e-15,-0.03523943036286692,-1.3187184815833226,3.536179754698691,6.175237084313951,0.029624303006790743,0.4851142488190482,6.049401631714205
37,412,1.0,1861.606300171521,-0.43052992146283214,7.098665074797307,-7.529194996260139,-7.529194996260139,0.0,0.004912423421276735,-1.353494773927435,3.536642892717444,6.175700222332703,0.029643276669614676,0.48506775896073734,6.049182784978334
37,413,1.0,1852.4837270975922,-0.42340781031054914,7.100874762528313,-7.524282572838862,-7.524282572838862,0.0,-0.02164932393568364,-1.3493804735871362,3.535844769636467,6.174902099251725,0.029651698445941146,0.48498789650334617,6.04782979467802
37,414,1.0,1893.0260205338004,-0.4469098361107207,7.099022060663824,-7.545931896774546,-7.545931896774545,8.881784197001252e-16,0.005599493484663043,-1.3709814762142198,3.5358930909450668,6.174950420560326,0.029647527737956227,0.48494562229917587,6.0474528253202084
37,415,1.0,1882.4556556291054,-0.44080091530899246,7.099531487980888,-7.540332403289883,-7.540332403289881,1.7763568394002505e-15,-0.04255481480874845,-1.3658696803410657,3.5354053933335576,6.174462722948817,0.029661789160227638,0.4848790381346035,6.046495791452156
37,416,1.0,1964.2921258410881,-0.4899801948647538,7.092907023233877,-7.582887218098631,-7.582887218098631,0.0,0.03902423444759506,-1.4072992145033694,3.5365306739800038,6.175588003595261,0.029694120038478083,0.4848297569082652,6.046908601032649
37,417,1.0,1889.1135628199013,-0.44715575662611606,7.09670722702492,-7.543862983651036,-7.543862983651036,0.0,-0.039907802368867706,-1.3702810446335718,3.534524609402205,6.173581939017464,0.029695030317336987,0.48475338666245754,6.0446001279539106
37,418,1.0,1966.0284783312065,-0.4972841207605455,7.086486665259358,-7.583770786019904,-7.583770786019903,8.881784197001252e-16,0.03218202840244189,-1.40967884285262,3.5350346135520243,6.174091943167283,0.02970722019387521,0.4847116740573427,6.0443702635869245
37,419,1.0,1903.764950984359,-0.46210001089018277,7.089488746727277,-7.551588757617462,-7.551588757617459,2.6645352591003757e-15,0.04016946441161284,-1.3782421155235152,3.534289312478687,6.173346642093946,0.02967874439701507,0.4846557224549648,6.043382600046217
37,420,1.0,1828.8073155169373,-0.41474237931336155,7.096676913892486,-7.511419293205849,-7.511419293205847,1.7763568394002505e-15,0.0488425354514348,-1.338347736601825,3.5340142269887656,6.1730715566040235,0.0296513192695086,0.48459440164562123,6.042944717973134
37,421,1.0,1741.6300390868812,-0.3556558759965946,7.106920881757817,-7.462576757754414,-7.4625767577544115,2.6645352591003757e-15,-0.01522254319606553,-1.289531490528028,3.5339879376111267,6.173045267226387,0.029646040799434777,0.4845414221000215,6.042794937543529
37,422,1.0,1768.3448957433125,-0.3744248754270709,7.103374425523406,-7.47779930095048,-7.477799300950477,2.6645352591003757e-15,0.017865649536067174,-1.3047652863765526,3.5339766849586693,6.173034014573928,0.029639097134161605,0.4844928237260701,6.0422605241515
37,423,1.0,1737.032803855787,-0.35633181842731143,7.103601832987103,-7.459933651414413,-7.459933651414414,1.7763568394002505e-15,-0.051535931336257335,-1.288346747540473,3.5325295742586795,6.171586903873939,0.029689281359932686,0.48439712584513556,6.04021459053461
37,424,1.0,1828.8992877169999,-0.41619367800556717,7.095275904745101,-7.51146958275067,-7.511469582750668,1.7763568394002505e-15,-0.029248646831383063,-1.339493725472262,3.5329185276631483,6.171975857278406,0.029734400304697938,0.4843216789923285,6.039711051125236
37,425,1.0,1883.182096645903,-0.4540711182836017,7.086647111298451,-7.540718229582053,-7.540718229582052,8.881784197001252e-16,0.04165886170512323,-1.3685376313098028,3.5331232686569907,6.1721805982722495,0.029738852052738334,0.4842459402388929,6.039024041429575
37,426,1.0,1806.3425112982482,-0.40557697745582744,7.093482390421103,-7.49905936787693,-7.499059367876931,8.881784197001252e-16,0.005331711652882376,-1.3280843457867089,3.531917692474962,6.17097502209022,0.029770004454761134,0.48416669605841356,6.0375962505924905
37,427,1.0,1796.7372428965846,-0.4010467973465172,7.09268085887753,-7.493727656224047,-7.4937276562240465,8.881784197001252e-16,-0.036827399980857045,-1.3228645897823263,3.531805736826462,6.170863066441721,0.029782347612065822,0.48408900810434896,6.036888546112346
37,428,1.0,1864.1399188794182,-0.4435938771403673,7.086961179064534,-7.530555056204904,-7.530555056204902,2.6645352591003757e-15,-0.016189616526870232,-1.3589238319652106,3.5325738946244347,6.171631224239694,0.029778146353205297,0.4840576469453596,6.037181944539896
37,429,1.0,1894.565252010131,-0.461114325906474,7.085630346825301,-7.546744672731775,-7.546744672731775,0.0,0.007624876655022206,-1.375078076922425,3.5326092661940898,6.171666595809349,0.029770476528959894,0.48406562873288295,6.037139090590409
37,430,1.0,1880.1743597601435,-0.455783138504025,7.083336657572724,-7.539119796076752,-7.53911979607675,2.6645352591003757e-15,0.026662824769962512,-1.3682929087191396,3.5317695577423542,6.170826887357613,0.029782018539889276,0.4840286261897393,6.035990057270695
37,431,1.0,1830.7060137675144,-0.4263010729485931,7.086155898358195,-7.51245697130679,-7.512456971306788,1.7763568394002505e-15,0.054727052412738786,-1.3424804033646673,3.530919238326863,6.169976567942122,0.02978354488364114,0.48395495850550635,6.0347730542041775
37,432,1.0,1733.2090629755387,-0.36710762451718526,7.090622294376867,-7.457729918894051,-7.457729918894052,8.881784197001252e-16,0.009233515505139955,-1.2892970393196612,3.529375549959131,6.1684328795743895,0.02982103003680982,0.483904204158336,6.0332017410674315
37,433,1.0,1717.2791081406467,-0.35508491217547045,7.093411491213441,-7.448496403388911,-7.448496403388912,8.881784197001252e-16,-0.028340147627273105,-1.2800972317467714,3.529341842026882,6.168399171642141,0.02985217656529419,0.4838668244891317,6.032981985773349
37,434,1.0,1766.6432410765199,-0.39324047167460596,7.083596079341579,-7.476836551016184,-7.476836551016184,0.0,-0.004224193625627315,-1.308400493382861,3.529378728018064,6.168436057633323,0.029871176285617515,0.4837905638234171,6.032123278029323
37,435,1.0,1774.1216682361,-0.3997203379377504,7.081340406704062,-7.481060744641812,-7.4810607446418125,8.881784197001252e-16,-0.019829166908311713,-1.3129591026702057,3.5290443123563464,6.168101641971606,0.029883312774877657,0.48372910456278745,6.031252333201551
37,436,1.0,1809.6521284290957,-0.4285227956124707,7.072367115937654,-7.500889911550123,-7.500889911550125,1.7763568394002505e-15,-0.03040064213903193,-1.3311655607383215,3.530667021196543,6.169724350811803,0.02987403406588841,0.4836882055962171,6.032328688959219
37,437,1.0,1865.5114934330327,-0.4610976439530853,7.07019290973607,-7.531290553689155,-7.531290553689155,0.0,-0.010697459412288168,-1.3628225219360455,3.529410702137851,6.168468031753109,0.029885088483184698,0.4836318900012114,6.030437984748978
37,438,1.0,1885.5748490535261,-0.47618011343987354,7.06580789966157,-7.541988013101443,-7.541988013101443,0.0,-0.036630351724990184,-1.3723348902350772,3.5305957932511083,6.169653122866367,0.029880683081588047,0.4836265082626596,6.031399794198025
37,439,1.0,1955.9247232856985,-0.5205259791561725,7.05809238567026,-7.578618364826434,-7.578618364826433,8.881784197001252e-16,0.016831529088316977,-1.4078034487659647,3.53175758644521,6.1708149160604675,0.029904958457517263,0.48358068060599013,6.031815270211193
37,440,1.0,1923.2790285988367,-0.5072561937728037,7.0545306419653135,-7.561786835738117,-7.5617868357381175,8.881784197001252e-16,0.025000213489606793,-1.3904560917505475,3.53227341437231,6.171330743987568,0.029923551627829302,0.48350068491777515,6.031743826806189
37,441,1.0,1875.7926997263796,-0.47061704231590196,7.066169579932607,-7.53678662224851,-7.536786622248509,8.881784197001252e-16,0.04046870494979338,-1.3681044845410537,3.5296248080921973,6.1686821377074565,0.029908599829133586,0.4834313211926883,6.02901080830244
37,442,1.0,1801.3972942074943,-0.4212040872715715,7.075113830027143,-7.496317917298716,-7.496317917298715,1.7763568394002505e-15,0.06002535819759647,-1.3287513164135696,3.5285092712698884,6.167566600885147,0.02991031984447154,0.48340754428952426,6.0280919038598935
37,443,1.0,1696.4490631432466,-0.3478201700000318,7.088472389101087,-7.43629255910112,-7.436292559101118,1.7763568394002505e-15,-0.054974665950298984,-1.2699160846975386,3.527319144788322,6.16637647440358,0.029908521625285667,0.4833270556565286,6.026826325198027
37,444,1.0,1792.3219285910395,-0.41517892104918663,7.076088304002229,-7.491267225051419,-7.491267225051415,3.552713678800501e-15,0.03016909547592128,-1.3245209958737314,3.527688899562428,6.166746229177688,0.02993596958594213,0.48329196232751925,6.026382616522836
37,445,1.0,1739.0567187946353,-0.37503816984459637,7.0860599597309015,-7.461098129575498,-7.461098129575498,0.0,0.009775987903250183,-1.2961384361520523,3.525902363808187,6.164959693423446,0.02993804228443867,0.4832389831436789,6.02456995149435
37,446,1.0,1722.138551984474,-0.3615112218921478,7.089810919780101,-7.4513221416722475,-7.451322141672248,8.881784197001252e-16,0.01453038114618721,-1.2872201481401209,3.5250446639168684,6.164101993532127,0.029962473239531023,0.4831653124441507,6.023255475134129
37,447,1.0,1697.2961443473873,-0.34467556746295747,7.092116193063104,-7.43679176052606,-7.436791760526061,8.881784197001252e-16,-0.022010569663870605,-1.2722856565736964,3.525448774337105,6.164506103952365,0.029960003751001316,0.4831513166660463,6.023639216701075
37,448,1.0,1735.0687729615606,-0.37007663188005413,7.088725698309877,-7.458802330189931,-7.458802330189931,0.0,-0.009586658783510948,-1.2936547867917167,3.526090213782955,6.165147543398215,0.02995457248828551,0.4830909358500384,6.02367081030402
37,449,1.0,1751.7822705501515,-0.3829763075593934,7.08541268141405,-7.468388988973442,-7.468388988973444,1.7763568394002505e-15,0.037689769790606675,-1.3031615940908468,3.526170065267336,6.165227394882595,0.029961152213190963,0.4830507275533207,6.023378867978622
37,450,1.0,1686.9867345585499,-0.3369507073291287,7.093748511853706,-7.430699219182835,-7.430699219182834,8.881784197001252e-16,-0.007844560635320796,-1.2649022721600274,3.526739617407549,6.165796947022807,0.03001563078676493,0.48296038436245325,6.0235349738477835
37,451,1.0,1700.2724464446997,-0.3477686577620722,7.090775122056083,-7.438543779818156,-7.438543779818156,0.0,0.0007428862642822054,-1.2742043074029181,3.5252821427999783,6.164339472415238,0.030047461471167786,0.4828868614306922,6.02144413233794
37,452,1.0,1699.0098064557192,-0.34789353892871155,7.089907354625162,-7.437800893553874,-7.437800893553874,0.0,0.01931753891457788,-1.273712099972478,3.525031463966137,6.164088793581395,0.030047093649265805,0.48286186988589164,6.021013732519928
37,453,1.0,1666.5040944147177,-0.32654680256500396,7.091936552074294,-7.418483354639296,-7.4184833546392985,2.6645352591003757e-15,0.0007051097144605833,-1.253823252911557,3.5256027721124816,6.16466010172774,0.030041410521394595,0.48283827927561096,6.02144151132668
37,454,1.0,1665.3294403672148,-0.3268676217110501,7.0909106232137855,-7.417778244924835,-7.417778244924835,0.0,-0.030313869688425754,-1.2534920768197495,3.5252288384898267,6.164286168105086,0.030057862335358607,0.4827749566261326,6.02059185948797
37,455,1.0,1716.5849717977878,-0.3602371864516263,7.087854928161635,-7.448092114613261,-7.448092114613261,0.0,-0.05164751509956389,-1.2846766298917363,3.5243581551062655,6.163415484721525,0.030079380688022492,0.48273439355898917,6.019265371491694
37,456,1.0,1807.5717152140946,-0.4211942253158798,7.0785454043969445,-7.499739629712825,-7.499739629712824,8.881784197001252e-16,0.03053918181919002,-1.335327062779905,3.525355237317662,6.1644125669329215,0.03004833604799524,0.4827140493418933,6.019675513513595
37,457,1.0,1753.204346800022,-0.387316733229776,7.0818837146638565,-7.469200447893635,-7.469200447893632,2.6645352591003757e-15,-0.011330327251917183,-1.3047533811489231,3.5253897371294527,6.164447066744712,0.030074911290153827,0.4826473073149859,6.019395635125667
37,458,1.0,1773.181686971982,-0.4006080774074965,7.079922697738056,-7.480530775145552,-7.480530775145552,0.0,0.0021001179354822597,-1.3152112139538759,3.5262622315764185,6.165319561191677,0.03008897132903647,0.4826277977342133,6.020079397537318
37,459,1.0,1769.4617038771592,-0.3984282417304564,7.0800024154796155,-7.47843065721007,-7.478430657210072,1.7763568394002505e-15,-0.01514546762140867,-1.3151103960953872,3.524262931499424,6.163320261114683,0.030111146058251256,0.48252233887241985,6.017356628864418
37,460,1.0,1796.4650014271738,-0.41814474983758854,7.07543137499389,-7.4935761248314785,-7.4935761248314785,0.0,-0.05367973189870412,-1.3295998428760736,3.5249189523401454,6.163976281955405,0.030094214268078085,0.4824967896407959,6.017655050906487
37,461,1.0,1895.533971026635,-0.4816920891781333,7.065563767552048,-7.547255856730183,-7.547255856730181,1.7763568394002505e-15,0.03427411886434584,-1.3808004576913377,3.5273980694235862,6.1664553990388455,0.030070401911752583,0.48248447658618393,6.019568126201636
37,462,1.0,1831.666959176941,-0.43729094354237347,7.075690794323463,-7.512981737865837,-7.512981737865836,8.881784197001252e-16,0.015064817136396513,-1.3478999236386904,3.526024484611887,6.165081814227146,0.03008909527590556,0.4823846487499744,6.017834175613905
37,463,1.0,1804.280038806061,-0.41686996163463874,7.081046959094802,-7.49791692072944,-7.497916920729441,8.881784197001252e-16,0.00012947399680296456,-1.334438255806338,3.524421335307843,6.163478664923103,0.030124596082307817,0.48227917268677756,6.015575059530805
37,464,1.0,1804.0464465804703,-0.41754513244178226,7.080242314290855,-7.497787446732637,-7.497787446732637,0.0,0.026512522173844033,-1.33452146373718,3.524208653380199,6.1632659829954575,0.03009282306526791,0.48222174111722094,6.01489093520577
37,465,1.0,1756.8451033332963,-0.38821589493198766,7.083059029626806,-7.471274924558793,-7.471274924558794,8.881784197001252e-16,0.014792585732284813,-1.3087458051097955,3.5234717898337395,6.162529119448998,0.030136296816862144,0.4821636809169582,6.013861526515297
37,466,1.0,1731.0480941667813,-0.37401178447231276,7.082470554354195,-7.4564823388265085,-7.456482338826508,8.881784197001252e-16,0.03095780419136762,-1.293169090776764,3.5242559184344855,6.163313248049746,0.030152416956870945,0.48209019657275504,6.014095344694427
37,467,1.0,1678.2796579877258,-0.34088987240021973,7.084634662234921,-7.425524534635141,-7.425524534635141,0.0,-0.016884544446633676,-1.262004960853144,3.5244622441667377,6.163519573781997,0.030139611611645918,0.4820525565948714,6.0141818946715615
37,468,1.0,1706.8572261536292,-0.36426381243019545,7.078145266651578,-7.4424090790817745,-7.442409079081774,8.881784197001252e-16,0.044553595254752665,-1.2803357114543468,3.5230160380121673,6.162073367627426,0.03018623858755996,0.4820113573478232,6.0122831469573805
37,469,1.0,1632.4797941443292,-0.3168054151302788,7.081050068696742,-7.397855483827022,-7.397855483827021,8.881784197001252e-16,-0.019762757743026604,-1.2340835354666486,3.5247146187451146,6.163771948360373,0.030259166294253577,0.48195763960501536,6.013851382978499
37,470,1.0,1665.0630033859043,-0.33570816305464796,7.0819100785154,-7.4176182415700485,-7.4176182415700485,0.0,-0.007247906860473385,-1.256264241253477,3.5222966707013126,6.161354000316571,0.030286295747438435,0.48188492734774224,6.010829394933646
37,471,1.0,1677.17506547755,-0.3443208932737544,7.080545255156768,-7.424866148430522,-7.424866148430522,0.0,0.010119365210985443,-1.262499690854408,3.523309127960855,6.1623664575761135,0.030298211060868004,0.4817847960294068,6.011020734030148
37,472,1.0,1660.2887022046516,-0.3326046674765831,7.082142115742954,-7.414746783219536,-7.414746783219537,8.881784197001252e-16,0.028742431939734026,-1.2527332509710567,3.5229562026332206,6.162013532248479,0.030359777268883396,0.4817040389870053,6.010137716942276
37,473,1.0,1613.247248546157,-0.30038152026958087,7.08562283101022,-7.386004351279802,-7.386004351279801,1.7763568394002505e-15,-0.03476057318859116,-1.222976058193246,3.5239709634712963,6.163028293086556,0.030403853032109424,0.4816094090084644,6.010634369062257
37,474,1.0,1670.3106807215518,-0.3394037558334486,7.081361168634945,-7.4207649244683935,-7.4207649244683935,0.0,0.007314611869726484,-1.259307200656643,3.522400394196492,6.161457723811751,0.030339352338663708,0.48151825772252177,6.008133710128763
37,475,1.0,1658.1375814138423,-0.33425145138065226,7.079198861218014,-7.413450312598667,-7.413450312598666,8.881784197001252e-16,0.003998938714132372,-1.2490156602850724,3.5253773226983354,6.164434652313594,0.03035196727658503,0.48151000333769234,6.010983288280123
37,476,1.0,1651.5200312536494,-0.32414639114395233,7.085304982740584,-7.409451373884535,-7.4094513738845365,1.7763568394002505e-15,0.04880480731224868,-1.2469552331938911,3.5234388110753843,6.162496140690644,0.030298250552549595,0.48141380100680703,6.008392730934807
37,477,1.0,1572.8531885590735,-0.2660354439512492,7.094611122621038,-7.360646566572286,-7.360646566572288,1.7763568394002505e-15,0.03157314097960029,-1.1978703389828478,3.5237188979741796,6.162776227589439,0.0303877910289746,0.4813469920305998,6.008475807920935
37,478,1.0,1523.969046877788,-0.22945741349023374,7.099616012102453,-7.329073425592686,-7.3290734255926875,1.7763568394002505e-15,0.029963991104354548,-1.1673964382086248,3.5226196577688023,6.161676987384061,0.03045012981471855,0.48128711799314955,6.007108225440058
37,479,1.0,1478.982210365958,-0.19660727924105642,7.102502155247275,-7.299109434488331,-7.299109434488331,0.0,-0.04077797923300963,-1.1370367184635088,3.523015386409564,6.162072716024824,0.030533060906563235,0.4812058139626766,6.007068686971073
37,480,1.0,1540.5386603872573,-0.23774355274730793,7.102143860974033,-7.339887413721341,-7.339887413721341,0.0,-0.06061553778855,-1.1800881559041074,3.520741928201975,6.159799257817234,0.030457309419676473,0.4811490108644599,6.004247235766759
37,481,1.0,1636.8074577893371,-0.30601415699723866,7.094488794512651,-7.400502951509891,-7.40050295150989,8.881784197001252e-16,-0.028594061059574294,-1.2418873677236217,3.51955825417101,6.158615583786269,0.03038668961090101,0.48107487179461306,6.002199187952165
37,482,1.0,1684.2859974029864,-0.3409862495985019,7.088110762970967,-7.429097012569465,-7.429097012569469,3.552713678800501e-15,0.062249334521445654,-1.2711735600003107,3.518866122953896,6.157923452569156,0.03034913620615583,0.48102622089067176,6.001032223691406
37,483,1.0,1582.636930200772,-0.26523168341241715,7.101615994635602,-7.366847678048019,-7.366847678048019,0.0,-0.03210154421879352,-1.2084327779231276,3.519357570509633,6.158414900124891,0.030465249973250848,0.4809401233940825,6.001170584859957
37,484,1.0,1634.266276841673,-0.30667204353622235,7.09227717873059,-7.398949222266813,-7.398949222266812,8.881784197001252e-16,-0.05660570851453084,-1.2417658036386268,3.5181260890129264,6.157183418628185,0.030479793635045955,0.48087215845752307,5.999310348893642
37,485,1.0,1729.4434504324486,-0.3694879627669162,7.086066968014428,-7.455554930781344,-7.455554930781345,8.881784197001252e-16,-0.011532750515218737,-1.299004737341065,3.5174928638250202,6.156550193440279,0.03041656017442959,0.4808509231126691,5.9981838140555706
37,486,1.0,1749.504145425602,-0.3861166740809658,7.080971007215597,-7.4670876812965625,-7.4670876812965625,0.0,0.0033312757391303904,-1.3126740267374075,3.515356324943897,6.154413654559155,0.030455021155259897,0.4807667117985233,5.995290933126017
37,487,1.0,1743.685761411932,-0.380276872503039,7.083479533054392,-7.463756405557432,-7.463756405557431,8.881784197001252e-16,0.0019288884216841495,-1.3093320504989532,3.515367025443219,6.154424355058478,0.03046302975673939,0.4807019560350527,5.9948668997072465
37,488,1.0,1740.3256278388735,-0.38106810508402444,7.080759412051723,-7.461827517135748,-7.461827517135747,8.881784197001252e-16,-0.005294888982809276,-1.3079597890742147,3.5148103984462744,6.153867728061533,0.030452875893090047,0.48068259208971065,5.9940688642766045
37,489,1.0,1749.5648977004298,-0.390478134063773,7.076644272054783,-7.467122406118557,-7.467122406118556,8.881784197001252e-16,0.019425438573013487,-1.3121044285128836,3.515960647990414,6.155017977605673,0.030452084637826858,0.48067628241268323,5.995028389307884
37,490,1.0,1715.9068022768672,-0.3691096440617827,7.078587323483759,-7.447696967545544,-7.447696967545541,2.6645352591003757e-15,-0.01529026895567931,-1.2925982812212955,3.5160413567089885,6.155098686324249,0.030490752021771792,0.4805556710632151,5.994368261677455
37,491,1.0,1742.3450879488705,-0.3864868736180942,7.076500362883127,-7.462987236501223,-7.462987236501221,1.7763568394002505e-15,-0.02529548433615414,-1.308453837727877,3.515476069158087,6.154533398773347,0.030466259489018273,0.4804629721502371,5.993029928475183
37,492,1.0,1786.9807106506032,-0.4166767511838192,7.071605969653557,-7.488282720837377,-7.488282720837376,8.881784197001252e-16,-0.0067395275428170365,-1.3336274906522907,3.5155979005698277,6.154655230185087,0.030432913070683573,0.48041229806093205,5.992570850422036
37,493,1.0,1799.0647911256617,-0.4221322571178185,7.072889991262377,-7.495022248380194,-7.495022248380195,8.881784197001252e-16,-0.030503355991351455,-1.3407986763622886,3.515166242402647,6.154223572017906,0.03043554652428116,0.48033202096005795,5.991470198084124
37,494,1.0,1854.7878545390088,-0.4571222284886114,7.068403375882934,-7.525525604371546,-7.525525604371545,8.881784197001252e-16,-0.02749000723484407,-1.371731689227113,3.5147365855291746,6.1537939151444325,0.030433839122044427,0.4802764432140497,5.99038067915748
37,495,1.0,1906.4832844699508,-0.4898477330353699,7.063167878571019,-7.55301561160639,-7.553015611606389,8.881784197001252e-16,-0.012863295324148538,-1.3975540419145607,3.5164042400765703,6.15546156969183,0.030385400721812922,0.4802496842691825,5.991555297974017
37,496,1.0,1931.1653479922263,-0.5004442430204293,7.065434663910108,-7.565878906930538,-7.565878906930537,8.881784197001252e-16,-0.007795055634661097,-1.4105311224097208,3.516290454905559,6.155347784520818,0.03039059326883632,0.4801995952544616,5.990984414236272
37,497,1.0,1946.2777136626328,-0.5157034596669402,7.057970502898261,-7.573673962565199,-7.573673962565201,1.7763568394002505e-15,0.011887464750845567,-1.4181658332644982,3.516450799685443,6.155508129300701,0.03040893992352616,0.4801545053697621,5.990635455553693
37,498,1.0,1923.2783786772598,-0.5076326016034425,7.054153896210914,-7.561786497814354,-7.5617864978143565,2.6645352591003757e-15,0.009636118370723423,-1.4055839863641495,3.517145181834947,6.156202511450205,0.030429308419170707,0.48013319651461694,5.991112137716363
37,499,1.0,1904.8344472308336,-0.4958557084003292,7.0562946710433,-7.55215037944363,-7.5521503794436295,8.881784197001252e-16,0.026880584516744577,-1.3965019446804023,3.51659110514797,6.155648434763228,0.03044447273901653,0.4800455793306081,5.989981945263665
37,500,1.0,1854.313442970045,-0.4666556835946539,7.058614111332233,-7.525269794926886,-7.525269794926887,8.881784197001252e-16,,-1.3707895435291049,3.515422921782522,6.15448025139778,0.030541510952043625,0.47996926033881837,5.988382374798834
