seed,epoch,temperature,Z,E,S,F,F_check,err,delta_F,F_data,KL,NLL,data_mass,recon_sq,recon_ce
27,1,1.0,4181.496741499053,-0.029996423486634297,8.3084281100686,-8.338424533555237,-8.338424533555235,1.7763568394002505e-15,0.09935634322357245,-5.559455558362277,0.9872095059649046,2.7789689751929596,0.37352974458386723,0.4996445489027363,2.7775322397354074
27,2,1.0,3786.0108225327026,0.05952326902934782,8.298591459361013,-8.239068190331665,-8.239068190331665,0.0,0.007827013787096604,-5.4512593539083225,0.9960493671952874,2.7878088364233427,0.3738351463647361,0.49942918453515767,2.7854546106539213
27,3,1.0,3756.493331224275,0.07227254193668814,8.303513718481256,-8.231241176544568,-8.231241176544568,0.0,0.046561314403900766,-5.4484326899373725,0.9910490173791408,2.782808486607196,0.3749290043185217,0.4994606003032703,2.780614770704954
27,4,1.0,3585.5955506102227,0.12378905337374409,8.30846891551441,-8.184679862140667,-8.184679862140666,1.7763568394002505e-15,0.034928785379438665,-5.407057885777509,0.985862507135101,2.777621976363156,0.3754923326778804,0.4995234367354274,2.77570091000892
27,5,1.0,3462.5170572367715,0.15595083490149378,8.305701911662721,-8.149751076761229,-8.149751076761227,1.7763568394002505e-15,-0.10466675284689764,-5.369901124021227,0.9880904835119466,2.7798499527400016,0.3754325486189318,0.4994864273713111,2.7777714063765813
27,6,1.0,3844.573027493514,0.05435659920611398,8.308774428814242,-8.254417829608126,-8.254417829608128,1.7763568394002505e-15,0.09311324291624778,-5.4766932416131775,0.9859651187668931,2.777724587994948,0.3754506813637946,0.49952496866890145,2.775811115966114
27,7,1.0,3502.753269610369,0.13317909351052237,8.2944836802024,-8.161304586691879,-8.161304586691879,0.0,-0.02398197878670949,-5.370105820010418,0.9994392974534053,2.7911987666814606,0.3714139438400334,0.4994616154441845,2.7889475386720117
27,8,1.0,3587.771603441726,0.11635011974148152,8.301636685220071,-8.185286565478588,-8.18528656547859,1.7763568394002505e-15,-0.06871882133323126,-5.401106948062494,0.9924201481880418,2.784179617416097,0.37415806101307053,0.49946652252625096,2.781994356694129
27,9,1.0,3842.987687996848,0.048886922620059406,8.30289230943188,-8.25400538681182,-8.25400538681182,0.0,0.03153496960393021,-5.470243749755819,0.9920021678279444,2.783761637055999,0.3719182930751022,0.49958219422575595,2.7820471077365574
27,10,1.0,3723.69009718733,0.07758544654758619,8.300055863755476,-8.222470417207889,-8.22247041720789,1.7763568394002505e-15,0.04522543175531091,-5.436078856214853,0.9946320917649825,2.786391560993037,0.37103125754773547,0.49957465476313506,2.7846324677816505
27,11,1.0,3559.0359458764733,0.12571100016527245,8.302955985617853,-8.177244985452578,-8.17724498545258,1.7763568394002505e-15,-0.05763448355936518,-5.394346390277248,0.9911391259472756,2.7828985951753307,0.3741757027555208,0.49950822890218266,2.7808863519805285
27,12,1.0,3770.1854454693334,0.07677191968658854,8.311651388698532,-8.234879469011943,-8.234879469011943,0.0,-0.037930605889654245,-5.459849212107158,0.9832707876767307,2.775030256904786,0.37452019288470634,0.4996380880982713,2.773577186263229
27,13,1.0,3915.9376235164773,0.03807465424495594,8.310884729146554,-8.272810074901598,-8.272810074901598,0.0,0.0015931740530614746,-5.496686510570659,0.984364095102884,2.776123564330939,0.3740968761884857,0.49966259353254455,2.7747678249909313
27,14,1.0,3909.703820386536,0.039098920838701805,8.310315821687237,-8.271216900848536,-8.271216900848534,1.7763568394002505e-15,-0.10811853623802747,-5.495033738642181,0.984423692978301,2.776183162206356,0.3751709829599474,0.49955108132792203,2.7743789257566998
27,15,1.0,4356.113052881877,-0.06981248745204226,8.30952294963452,-8.379335437086564,-8.379335437086562,1.7763568394002505e-15,-0.19964659154993747,-5.602021217509908,0.9855547503486015,2.777314219576656,0.3754045599317638,0.49958487230630383,2.7756424386743377
27,16,1.0,5318.688496005043,-0.28231726883920016,8.2966647597973,-8.578982028636501,-8.578982028636501,0.0,-0.11782068603696771,-5.790230825581186,0.9969917338272616,2.788751203055316,0.3753104486545715,0.499512311161479,2.7867365023795685
27,17,1.0,5983.749844223547,-0.40479325655660503,8.292009458116866,-8.696802714673469,-8.69680271467347,1.7763568394002505e-15,0.026119108663335666,-5.905651587849161,0.999391657596254,2.791151126824309,0.37726160771333783,0.49943696589345676,2.7888329663440814
27,18,1.0,5829.483057380274,-0.38839027781889174,8.282293328191242,-8.670683606010133,-8.670683606010135,1.7763568394002505e-15,0.07244978660281198,-5.870533928629004,1.0083902081530738,2.8001496773811287,0.3781070336964592,0.4991821645967076,2.7967048483230763
27,19,1.0,5422.074766364196,-0.31598735740249306,8.28224646200483,-8.598233819407321,-8.598233819407323,1.7763568394002505e-15,0.09329474490408707,-5.797267967406664,1.0092063827726037,2.8009658520006586,0.37826107002168496,0.4991153085053706,2.7972404328846907
27,20,1.0,4939.103295141476,-0.21170001047648596,8.293239064026746,-8.504939074503234,-8.504939074503232,1.7763568394002505e-15,0.05449216118891442,-5.712941897025442,1.0002377082497365,2.791997177477791,0.375869038253882,0.4993227135686751,2.789198332391894
27,21,1.0,4677.162554711927,-0.14621841242967834,8.304228500884642,-8.45044691331432,-8.450446913314321,1.7763568394002505e-15,-0.09087964286974959,-5.668388750036123,0.9902986940501407,2.7820581632781956,0.37528430634407933,0.4995009129464431,2.7800325487674176
27,22,1.0,5122.134656202807,-0.2506626927334251,8.290663863450648,-8.54132655618407,-8.541326556184073,3.552713678800501e-15,0.04546672308613964,-5.746416660728424,1.0031504262275917,2.7949098954556466,0.37310711789346146,0.49944592723939607,2.7925797784688964
27,23,1.0,4894.462940926693,-0.20028570513047422,8.295574127967456,-8.49585983309793,-8.49585983309793,0.0,0.01978650205305854,-5.704956025580194,0.9991443382896792,2.790903807517734,0.37113078084699513,0.4995851935779798,2.7891798094407148
27,24,1.0,4798.5704568312785,-0.16786224020064935,8.308211090844217,-8.476073331044871,-8.476073331044867,3.552713678800501e-15,0.10914614514720355,-5.6976792029946495,0.9866346588221665,2.778394128050221,0.3753197711501843,0.49961588998284095,2.7768449153604933
27,25,1.0,4302.395269010709,-0.061836443109297395,8.30509074278837,-8.366927185897667,-8.366927185897667,0.0,0.03277537019258148,-5.585312852982205,0.9898548636874077,2.781614332915463,0.37378674691548885,0.49956325137158286,2.7798407642435894
27,26,1.0,4163.66850037621,-0.03414609001278501,8.300005725692301,-8.334151815705086,-8.334151815705086,0.0,0.07900648369481367,-5.547558137390342,0.9948342090866896,2.7865936783147447,0.3734505916691079,0.499543475018438,2.784718184595974
27,27,1.0,3847.370981241874,0.04797920226852481,8.303124534278798,-8.255145332010272,-8.255145332010272,0.0,-0.15953901107580037,-5.472153144321202,0.9912327184610156,2.782992187689071,0.37486109040064913,0.49951482464671826,2.781017218860376
27,28,1.0,4512.85081739395,-0.12364355132346427,8.291040791762608,-8.414684343086073,-8.414684343086073,0.0,-0.1692217253032151,-5.619400597414745,1.003524276443273,2.795283745671328,0.374579271741943,0.4994644623137738,2.7930480556122688
27,29,1.0,5344.942514460741,-0.3108910508316739,8.273015017557618,-8.583906068389288,-8.583906068389293,5.329070518200751e-15,0.11478300177053313,-5.7731643157975405,1.0189822833636943,2.810741752591749,0.3795773496164406,0.4991515538721843,2.807108078153881
27,30,1.0,4765.334755535848,-0.16932226394220679,8.29980080267655,-8.469123066618755,-8.469123066618756,1.7763568394002505e-15,-0.07677880296738593,-5.682655247802274,0.9947083495884277,2.7864678188164826,0.3764093643282863,0.49952478397941197,2.7845283987876193
27,31,1.0,5145.62372148447,-0.24777306102019164,8.298128808565947,-8.54590186958614,-8.545901869586139,1.7763568394002505e-15,-0.000962709186225652,-5.7586511099727735,0.9954912903853129,2.787250759613368,0.3768922497771021,0.49947286045333783,2.78509179048478
27,32,1.0,5150.579845980506,-0.24998980814532884,8.296874770627038,-8.546864578772366,-8.546864578772368,1.7763568394002505e-15,0.011956533204122266,-5.758284555230243,0.9968205543140686,2.788580023542123,0.3766543343784463,0.4994850226060355,2.7864666401250244
27,33,1.0,5089.363464165193,-0.2311041030177774,8.30380394255047,-8.534908045568244,-8.534908045568248,3.552713678800501e-15,0.2388874623109949,-5.752727964880189,0.9904206114600017,2.782180080688057,0.37585617241817976,0.499576382505746,2.7804649449270245
27,34,1.0,4007.891546961482,0.016063478355793054,8.312084061613042,-8.29602058325725,-8.29602058325725,0.0,-0.10984922524709795,-5.521625808628273,0.982635305400921,2.7743947746289757,0.37485354672146887,0.4996144985468791,2.7728500607282016
27,35,1.0,4473.246939100894,-0.09669401705448949,8.30917579144986,-8.405869808504347,-8.405869808504349,1.7763568394002505e-15,-0.0807443726187671,-5.628159027240507,0.9859513120357866,2.7777107812638415,0.37484047518869185,0.4996378650017273,2.776254504356761
27,36,1.0,4849.418991183131,-0.18267493323899908,8.303939247884115,-8.486614181123114,-8.486614181123114,0.0,-0.11940100587743174,-5.7041892756743735,0.9906654362206865,2.782424905448741,0.37544627347072457,0.4995861499920025,2.780748590144329
27,37,1.0,5464.430502296065,-0.3086351713178176,8.297380015682727,-8.606015187000546,-8.606015187000544,1.7763568394002505e-15,0.2091586236668057,-5.81842890367455,0.9958268140979406,2.7875862833259952,0.37550584835368017,0.49950621097977566,2.785569357953238
27,38,1.0,4433.109623189052,-0.0867100849725066,8.310146478361231,-8.39685656333374,-8.396856563333738,1.7763568394002505e-15,0.06586594423316505,-5.62041949436616,0.9846775997395246,2.7764370689675797,0.37458528386805434,0.4995984400967595,2.7748197610567598
27,39,1.0,4150.527107856886,-0.02960262838147692,8.3013879907191,-8.330990619100575,-8.330990619100577,1.7763568394002505e-15,0.10636277654749549,-5.5466939042792704,0.9925372455932496,2.784296714821305,0.3756724462082598,0.49940609600939484,2.7818762204022924
27,40,1.0,3731.7323527442404,0.07269172372352134,8.297319566276599,-8.22462784255308,-8.224627842553078,1.7763568394002505e-15,-0.22250644604183734,-5.437283082945917,0.9955852903791088,2.7873447596071634,0.3766367261360219,0.4992779858564589,2.78437835613568
27,41,1.0,4661.694504484164,-0.15425470367618188,8.292879584918733,-8.447134288594917,-8.447134288594915,1.7763568394002505e-15,0.11639421453559073,-5.654819729552451,1.0005550898144107,2.7923145590424654,0.37606077256101034,0.4993119483401169,2.7894700353853863
27,42,1.0,4149.487344130705,-0.035352099854402096,8.295387974204923,-8.330740074059326,-8.330740074059324,1.7763568394002505e-15,-0.10737198705395379,-5.541265926364353,0.997714678466917,2.789474147694971,0.3772659929047004,0.49920795645321214,2.786223447734533
27,43,1.0,4619.824799235319,-0.14185945672984396,8.296252604383437,-8.43811206111328,-8.43811206111328,0.0,0.05229420427425602,-5.64929970014622,0.997052891739005,2.7888123609670594,0.3768449068901569,0.4992808322077222,2.78585935516389
27,44,1.0,4384.4429300516185,-0.08286391529966747,8.302953941539357,-8.385817856839024,-8.385817856839024,0.0,0.08072476357808434,-5.603234483849303,0.9908239037616658,2.782583372989721,0.3763127199510439,0.49936365291856344,2.779997838181145
27,45,1.0,4044.4186287260263,0.0021908118315015386,8.30728390509244,-8.30509309326094,-8.305093093260938,1.7763568394002505e-15,0.029109849620603256,-5.526760917730454,0.98657270630243,2.778332175530485,0.3757538561856746,0.49943401720718406,2.776049483669159
27,46,1.0,3928.3832900232683,0.023926617565851696,8.299909861206189,-8.275983243640336,-8.275983243640336,0.0,0.006132313186942184,-5.490629115162611,0.9935946592496704,2.7853541284777257,0.3753239854019777,0.4993538014060685,2.782724814730571
27,47,1.0,3904.366926563433,0.03264573508350489,8.302496665536898,-8.269850930453394,-8.269850930453392,1.7763568394002505e-15,-0.17673192601107957,-5.487310828280159,0.9907806329451807,2.782540102173236,0.3764444005580176,0.49934126228554887,2.779866808574605
27,48,1.0,4659.1246049797755,-0.14211871059977238,8.304464145864703,-8.446582856464474,-8.446582856464476,1.7763568394002505e-15,0.11913132474762378,-5.665065707630618,0.9897576796058006,2.781517148833856,0.3761353770211263,0.4994918230637128,2.7794625387018463
27,49,1.0,4135.863992062514,-0.017628960382592235,8.309822571334255,-8.32745153171685,-8.327451531716846,3.552713678800501e-15,0.07417443724945016,-5.551358181646118,0.9843338808426774,2.7760933500707323,0.3751905311012719,0.4995207849560755,2.7741656134018253
27,50,1.0,3840.1898884156535,0.052025739681496944,8.305302834148899,-8.2532770944674,-8.253277094467402,1.7763568394002505e-15,-0.06448539375104012,-5.47314488175867,0.9883727434806758,2.7801322127087307,0.37457997754682754,0.4994982888299854,2.778110821871515
27,51,1.0,4095.9849328880077,-0.007929818191567533,8.309832670026875,-8.31776248821844,-8.317762488218442,1.7763568394002505e-15,-0.08181324048280914,-5.541512478530437,0.9844905404599483,2.776250009688003,0.3740473669011539,0.49959840740643263,2.7746384992915787
27,52,1.0,4445.180385108226,-0.09742004276682113,8.30215568593443,-8.39957572870125,-8.399575728701251,1.7763568394002505e-15,-0.07798698710675644,-5.6154459037729545,0.9923703557002392,2.784129824928294,0.37322338198361255,0.4995845960582443,2.7824446851370914
27,53,1.0,4805.722699452975,-0.18017402509013308,8.297388690717876,-8.477562715808006,-8.47756271580801,3.552713678800501e-15,-0.07019634113957274,-5.68923011845605,0.9965731281239018,2.7883325973519564,0.3767359406495654,0.49946251025548105,2.7861458742564706
27,54,1.0,5155.188988323731,-0.24827287653203528,8.299486180415542,-8.547759056947578,-8.547759056947577,1.7763568394002505e-15,-0.041577007164917745,-5.76196708867365,0.9940324990458734,2.7857919682739287,0.3764091330626538,0.49950051388195216,2.7837623976505683
27,55,1.0,5374.044469695751,-0.2934359684147196,8.295900095697778,-8.589336064112496,-8.589336064112498,1.7763568394002505e-15,0.16547118748274947,-5.800750863341588,0.9968257315428518,2.788585200770907,0.3763510020353992,0.49942578663940806,2.7862275013237148
27,56,1.0,4554.471955501559,-0.11937082810854228,8.304494048521203,-8.423864876629747,-8.423864876629745,1.7763568394002505e-15,0.04491283667547208,-5.642240105193888,0.9898653022078028,2.7816247714358577,0.3739185553530865,0.49957903642407114,2.779924872715958
27,57,1.0,4354.44325174841,-0.06952254074646419,8.309429499207813,-8.378952039954275,-8.378952039954276,1.7763568394002505e-15,-0.007574855058804175,-5.60243714389324,0.98475542683298,2.7765148960610353,0.37558751786752226,0.4995694014154434,2.7747874640625922
27,58,1.0,4387.552769828264,-0.084032197754704,8.302494697258375,-8.386526895013079,-8.386526895013079,0.0,0.07797838653351263,-5.603293258763785,0.9914741670212385,2.7832336362492938,0.3760751968002638,0.49950891368547884,2.78124516726677
27,59,1.0,4058.417947206085,-0.00404756810689629,8.30450094037267,-8.308548508479566,-8.308548508479566,0.0,0.21889828177507198,-5.527678166281323,0.9891108729701884,2.7808703421982433,0.3761667210025871,0.4995016897573863,2.7788590247648988
27,60,1.0,3260.5469185127413,0.21193400680567143,8.301584233510162,-8.089650226704494,-8.08965022670449,3.552713678800501e-15,-0.19062235674224404,-5.308865768092207,0.9890249893842323,2.780784458612287,0.37621637619889226,0.49937908693365807,2.778268800875693
27,61,1.0,3945.2696506231127,0.010633398418257192,8.290905981864995,-8.280272583446738,-8.280272583446738,0.0,-0.09745696549956229,-5.48667191542441,1.0018411987942717,2.793600668022327,0.37776079024876275,0.4992933497686267,2.7906790279830154
27,62,1.0,4349.123236526357,-0.10604808997786458,8.271681458968434,-8.3777295489463,-8.377729548946299,1.7763568394002505e-15,-0.07938727069787888,-5.565078853155916,1.020891226562328,2.8126506957903827,0.38017258820749994,0.4990493940320085,2.808569555358796
27,63,1.0,4708.463060521887,-0.191505799885174,8.265611019759003,-8.45711681964418,-8.457116819644177,1.7763568394002505e-15,0.16759428882499172,-5.6388653724276345,1.0264919779884902,2.8182514472165447,0.38015458062643176,0.4989949684462389,2.813896009326943
27,64,1.0,3981.932490520946,-0.03733023147119047,8.252192299347996,-8.289522530819188,-8.289522530819186,1.7763568394002505e-15,0.09462723228108594,-5.458599129563086,1.0391639320280477,2.8309234012561024,0.38243633073830685,0.49869833486661913,2.8251053588498074
27,65,1.0,3622.4117002596604,0.07202250113300881,8.266917799671111,-8.194895298538102,-8.194895298538102,0.0,-0.03355306838999006,-5.3792490919769635,1.0238867373330833,2.8156462065611385,0.38079763207560285,0.4988727168291411,2.8107726145421164
27,66,1.0,3746.0167968171795,0.03893816461976622,8.26738653154786,-8.228448366928092,-8.228448366928093,1.7763568394002505e-15,-0.1090418844604919,-5.413045058063041,1.0236438396369953,2.8154033088650503,0.38014156232361773,0.4988889483512668,2.810608686261077
27,67,1.0,4177.591868074398,-0.047410746924186384,8.2900795044644,-8.337490251388584,-8.337490251388585,1.7763568394002505e-15,0.07709769772428388,-5.542735511056555,1.0029952711039742,2.794754740332029,0.3758320739764361,0.49934311541470583,2.7920312095546307
27,68,1.0,3867.6120478051225,0.032606758188625184,8.292999311852926,-8.2603925536643,-8.2603925536643,0.0,0.046563879361825045,-5.469179519797856,0.9994535646383879,2.791213033866443,0.37680297107610605,0.49931870467475187,2.7884055310465654
27,69,1.0,3691.649567117607,0.058729479870724126,8.272558154173197,-8.213828674302475,-8.213828674302473,1.7763568394002505e-15,0.03883119351030473,-5.4031813991179485,1.0188878059564717,2.810647275184527,0.3760196246512763,0.4990565712730395,2.806586649956183
27,70,1.0,3551.0459781097466,0.09790769675081873,8.272905177542988,-8.17499748079217,-8.17499748079217,0.0,-0.014305433962521263,-5.365409212941482,1.0178287986226335,2.8095882678506885,0.3745895934242061,0.49902833353720294,2.805434634732522
27,71,1.0,3602.21032338591,0.09874741911860037,8.288050333873294,-8.189302914754691,-8.189302914754693,1.7763568394002505e-15,0.07452063254994457,-5.394152000676736,1.0033914448499008,2.7951509140779556,0.3739628332222206,0.49925582629396903,2.7920603421635195
27,72,1.0,3343.5295590469314,0.17419234591293054,8.288974628117678,-8.114782282204747,-8.114782282204748,1.7763568394002505e-15,-0.012821462870528322,-5.3220147291719355,1.0010080838047568,2.7927675530328115,0.37578508296896707,0.4991795151851099,2.7893770363068326
27,73,1.0,3386.674498718009,0.17444588471921252,8.302049629794487,-8.127603745075275,-8.127603745075275,0.0,0.005542692563883733,-5.347480936833121,0.9883633390140977,2.7801228082421523,0.37617903067624936,0.49933661702717247,2.777440561693289
27,74,1.0,3367.955128937324,0.1828867505508281,8.304947803062218,-8.122061052511391,-8.12206105251139,1.7763568394002505e-15,0.0030568586932542274,-5.344749506822102,0.9855520764612337,2.777311545689289,0.3757997152603845,0.49939590209301726,2.774879080015838
27,75,1.0,3357.6754857360293,0.18743062349942866,8.306434817317564,-8.119004193818137,-8.119004193818135,1.7763568394002505e-15,-0.10505467777264244,-5.343143834635523,0.9841008899545584,2.7758603591826136,0.3753084995225178,0.49941986005535394,2.7735279920838534
27,76,1.0,3729.609709314952,0.08357860696324398,8.307637478554025,-8.22405887159078,-8.224058871590781,1.7763568394002505e-15,0.06288709791001601,-5.447674809510349,0.9846245928523762,2.776384062080431,0.375532231654384,0.49948262610419114,2.7743071772809054
27,77,1.0,3502.2880892931207,0.13887607619346665,8.30004784987423,-8.161171773680763,-8.161171773680763,0.0,-0.0015638634157895126,-5.378284794643709,0.9911275098089994,2.782886979037054,0.3756463874889277,0.499378638530983,2.7803710163445388
27,78,1.0,3507.769474459252,0.1354806921436692,8.298216329240223,-8.162735637096553,-8.162735637096553,0.0,-0.027465975627251282,-5.3781999683230195,0.9927761995454786,2.784535668773533,0.37588584249067336,0.49933429440345467,2.7818316981149107
27,79,1.0,3605.4490776007874,0.11325462979711043,8.303456242520912,-8.190201612723804,-8.190201612723802,1.7763568394002505e-15,0.030304369415910415,-5.410544222332461,0.9878979211632893,2.779657390391344,0.37573872753488446,0.49937676541190834,2.777141959327644
27,80,1.0,3497.8271601474944,0.139014743499404,8.2989119868073,-8.159897243307894,-8.159897243307896,1.7763568394002505e-15,-0.060631496392598905,-5.376402914549849,0.9917348595299901,2.7834943287580445,0.3758308824409815,0.4992919345146243,2.780615278434535
27,81,1.0,3716.4669067037066,0.08554348115457032,8.306072220855064,-8.220528739700493,-8.220528739700494,1.7763568394002505e-15,0.07674749032005934,-5.443219292546462,0.9855499779259773,2.7773094471540323,0.37499362585434587,0.4993914726273476,2.774860280214417
27,82,1.0,3441.9080055493932,0.1631977918594136,8.306979041239847,-8.143781249380433,-8.143781249380433,0.0,0.07465414123643832,-5.368624031781654,0.983397748370724,2.7751572175987786,0.37547891980191267,0.49933827067320696,2.772500636410847
27,83,1.0,3194.3123225738073,0.23587601859070126,8.305003126734697,-8.069127108143995,-8.069127108143995,0.0,-0.10255140215622838,-5.29336806067712,0.9839995782388197,2.7757590474668743,0.3755797052636239,0.4993321998817384,2.773073736554093
27,84,1.0,3539.2796980620146,0.13708672027913746,8.308765230579361,-8.171678510300223,-8.171678510300223,0.0,0.17042296535225177,-5.3976282752524085,0.9822907658197604,2.7740502350478153,0.37506124361693505,0.499435390091457,2.7717872020212155
27,85,1.0,2984.7030643469407,0.2985043054660837,8.299759850414056,-8.001255544947972,-8.001255544947972,0.0,0.0902614380392226,-5.221998005769837,0.9874980699500776,2.7792575391781327,0.37607529396598655,0.4992382579505999,2.776178783895793
27,86,1.0,2727.1001483591554,0.37444662527843076,8.285440732187176,-7.910994106908749,-7.9109941069087455,3.552713678800501e-15,-0.05685336956393883,-5.120216356862396,0.9990182808182982,2.790777750046353,0.3776930102849572,0.4990170556661027,2.7867203207944513
27,87,1.0,2886.6371176979665,0.32639648146852696,8.294243957941216,-7.967847476472688,-7.967847476472689,8.881784197001252e-16,0.030949899659861835,-5.184053825011895,0.9920341822327376,2.7837936514607926,0.3764414705377017,0.49916781311157404,2.7804020856657288
27,88,1.0,2798.664384468031,0.35300511808718843,8.289902694900015,-7.936897576812826,-7.936897576812826,0.0,0.03337005753616218,-5.1497886704262426,0.9953494371585302,2.7871089063865853,0.37713259957004663,0.49908116879173586,2.7833392436801763
27,89,1.0,2706.813845097056,0.38274615050357463,8.28627366978024,-7.903527519276664,-7.903527519276665,8.881784197001252e-16,-0.08960816615797018,-5.114008791551398,0.9977592584972109,2.789518727725266,0.3772489150734803,0.4989977966777503,2.7853906536312127
27,90,1.0,2960.5658228983625,0.30347271116110297,8.296608396595738,-7.993135685434634,-7.993135685434636,1.7763568394002505e-15,0.06344417630270272,-5.211302820368612,0.9900733958379672,2.781832865066022,0.3764105631378563,0.4991620026987493,2.7784228566460736
27,91,1.0,2778.569508970046,0.3613755005855954,8.291067009717523,-7.929691509131931,-7.929691509131928,3.552713678800501e-15,0.004211613499695233,-5.14415480149115,0.9937772384127248,2.7855367076407798,0.3762410858688517,0.499068167930331,2.7817250763503534
27,92,1.0,2766.891856257341,0.3650993559890573,8.290579251621295,-7.925479895632236,-7.925479895632238,1.7763568394002505e-15,-0.05926651412051687,-5.1398569074165295,0.9938635189876518,2.7856229882157066,0.3763893856044358,0.4990294997141877,2.7816559118636106
27,93,1.0,2935.8327115399575,0.3122703082552569,8.297016718008008,-7.984746409752753,-7.984746409752751,1.7763568394002505e-15,0.11704624538689057,-5.203746268256558,0.9892406722681398,2.7810001414961945,0.3757461323958985,0.49916763366452993,2.7776259012090407
27,94,1.0,2611.5525347407593,0.408296446789433,8.275996611155295,-7.867700164365862,-7.8677001643658615,8.881784197001252e-16,0.0410310957615847,-5.069460819819976,1.0064798753178323,2.7982393445458875,0.3768061087726095,0.49884997262218267,2.793428408282518
27,95,1.0,2506.566252434738,0.449689525408154,8.276358594012432,-7.826669068604278,-7.826669068604279,8.881784197001252e-16,0.029700936127860622,-5.030520439173734,1.0043891602024881,2.7961486294305433,0.37824883398352,0.49879641808183967,2.791135128214219
27,96,1.0,2433.213601698688,0.4735357791573222,8.270503911633737,-7.796968132476417,-7.796968132476415,1.7763568394002505e-15,-0.14716235451520188,-4.996217325331184,1.008991337917178,2.800750807145233,0.3791067079639949,0.4986816094186895,2.7952061495448084
27,97,1.0,2818.9802554478365,0.34328142172212894,8.28741190871375,-7.944130486991619,-7.944130486991622,2.6645352591003757e-15,-0.03076647126796317,-5.155454994613006,0.9969160231505579,2.7886754923786135,0.37717113035211586,0.49893752564009625,2.7842970145103423
27,98,1.0,2907.0583083207175,0.3131366487689913,8.288033607028575,-7.974896958259582,-7.974896958259584,1.7763568394002505e-15,0.011009001920659678,-5.185845511997673,0.9972919770338544,2.7890514462619094,0.37546416435633023,0.4990250157119025,2.785043127349003
27,99,1.0,2875.230018134942,0.3280357275127208,8.291923683851644,-7.963887956338922,-7.963887956338923,8.881784197001252e-16,-0.1031661597292235,-5.179058060409103,0.9930704267017646,2.7848298959298194,0.37493715187237003,0.49910681240676835,2.7811873745452442
27,100,1.0,3187.697397154174,0.2261403200040811,8.293194436072227,-8.067054116068146,-8.067054116068146,0.0,0.03597868299404006,-5.280711958958798,0.9945826878812936,2.7863421571093485,0.3719291851220587,0.499213514220348,2.783131410002857
27,101,1.0,3075.0469028206753,0.2609662383553619,8.292041671429466,-8.031075433074106,-8.031075433074104,1.7763568394002505e-15,-0.017899384409972185,-5.244777217037025,0.9945387468090269,2.786298216037082,0.37329758490459586,0.499125839026209,2.7827296595800934
27,102,1.0,3130.5839057205503,0.25390077782008164,8.302875595304162,-8.048974817484078,-8.04897481748408,1.7763568394002505e-15,0.023987179489994404,-5.2730731894977465,0.9841421587582765,2.775901627986331,0.37550683244818056,0.4992260819073128,2.772789832302218
27,103,1.0,3056.3835144973204,0.2681421830246744,8.293129821018756,-8.024987637994084,-8.024987637994082,1.7763568394002505e-15,0.007793830768346055,-5.240132204819711,0.9930959639463183,2.784855433174373,0.37508001156557585,0.4991181013066659,2.781265890936698
27,104,1.0,3032.6551661004532,0.282265642949142,8.299459450174881,-8.017193807225738,-8.01719380722574,1.7763568394002505e-15,-0.029289193492685328,-5.238694424779212,0.9867399132184698,2.7784993824465247,0.3760627708180926,0.49917977656472123,2.775189151814429
27,105,1.0,3122.792775324013,0.256438296354207,8.30292129707263,-8.046483000718423,-8.046483000718423,0.0,-0.1048213891670784,-5.270602560619583,0.9841209708707824,2.7758804400988377,0.3757294267039723,0.4992408519938361,2.7728268827010196
27,106,1.0,3467.899609737273,0.15296238762914666,8.304266777514647,-8.151304389885501,-8.1513043898855,1.7763568394002505e-15,-0.006519201988865575,-5.374384734377901,0.985160186279546,2.776919655507601,0.37488419820752356,0.4993125430528327,2.7741500316353336
27,107,1.0,3490.5814010284344,0.14108251340245778,8.298906105276826,-8.157823591874367,-8.157823591874369,1.7763568394002505e-15,-0.011274134102785993,-5.375552734785714,0.9905113878605997,2.7822708570886547,0.3741281544116984,0.4992530355190339,2.7792307221725814
27,108,1.0,3530.157356962979,0.12265414937125874,8.29175187534841,-8.169097725977153,-8.169097725977151,1.7763568394002505e-15,-0.06868700056521071,-5.37975190017266,0.9975863565764381,2.7893458258044936,0.3729279843907258,0.4991432449214483,2.78581518936409
27,109,1.0,3781.1547317110517,0.05573834968775214,8.293523076230116,-8.237784726542364,-8.237784726542364,0.0,0.05903683519751013,-5.449084097521983,0.9969411597923239,2.788700629020379,0.3728634076783325,0.4992199099802584,2.785490820555155
27,110,1.0,3564.3888634284554,0.12348463405157237,8.302232525396427,-8.178747891344853,-8.178747891344855,1.7763568394002505e-15,-0.019546313739336796,-5.399961891443737,0.9870265306730625,2.7787859999011175,0.375794645421922,0.49922133527658746,2.7756486506001763
27,111,1.0,3634.7448869013797,0.08901890596620682,8.287313111050398,-8.19829420508419,-8.198294205084192,1.7763568394002505e-15,0.08283034658750843,-5.404823484307719,1.0017112515484161,2.793470720776471,0.37775310063086587,0.4989742007872171,2.789246016766223
27,112,1.0,3345.809206314277,0.17881868708025367,8.294282545576936,-8.115463858496682,-8.115463858496682,0.0,-0.1202983187588238,-5.3302033926353545,0.9935009966332723,2.7852604658613274,0.37700509159325335,0.4990535346612284,2.781395788322365
27,113,1.0,3773.5148884890214,0.04679962290195889,8.282561800157463,-8.235762177255506,-8.235762177255504,1.7763568394002505e-15,0.07941870499100823,-5.437109471059922,1.0068932369675287,2.798652706195584,0.37671042147245626,0.49893815053116003,2.794256216444179
27,114,1.0,3485.4187446638925,0.1288909118255498,8.285234384090048,-8.156343472264497,-8.156343472264497,0.0,0.04643574394376415,-5.3618166935782625,1.0027673094581804,2.7945267786862353,0.3774226007517097,0.4988910693393236,2.7899179773199108
27,115,1.0,3327.27100284636,0.17873213724442094,8.288639865565152,-8.109907728320733,-8.109907728320731,1.7763568394002505e-15,0.0018852551997170508,-5.320080547241333,0.9980677118513442,2.7898271810793993,0.3776875908394108,0.4988550796810132,2.7851107166468694
27,116,1.0,3321.004157045322,0.17994926151711296,8.287971734638132,-8.108022473121016,-8.10802247312102,3.552713678800501e-15,0.005524378305878486,-5.3177854539892095,0.9984775499037518,2.7902370191318067,0.37744983548073235,0.49881503675119854,2.7853372520826416
27,117,1.0,3302.7082569937274,0.18575221490912475,8.288250309724262,-8.102498094815138,-8.102498094815138,0.0,-0.09169881430430316,-5.312490814078546,0.9982478115085369,2.790007280736592,0.37744057638914785,0.4988660159698564,2.785339535496759
27,118,1.0,3619.8827294641815,0.10387851864298922,8.298075427762432,-8.19419690911944,-8.194196909119443,1.7763568394002505e-15,0.11021013479809127,-5.411639152261528,0.990798287629859,2.782557756857914,0.375950575909982,0.4991420089535694,2.7790882573269595
27,119,1.0,3242.133158241929,0.21454177693630702,8.298528551257657,-8.08398677432135,-8.08398677432135,0.0,0.02404409395503393,-5.304133957254314,0.9880933478389808,2.779852817067036,0.37631677373472416,0.49909055917785455,2.776169914366529
27,120,1.0,3165.1087062859337,0.22926997538755506,8.289212655753868,-8.059942680366316,-8.059942680366314,1.7763568394002505e-15,0.03338168209559633,-5.271989604338538,0.9961936067997224,2.7879530760277773,0.37739697882739975,0.49885446575748044,2.78324430401922
27,121,1.0,3061.196091875453,0.2349314489079889,8.261492447178709,-8.02656099827072,-8.02656099827072,0.0,-0.051103389197258764,-5.2125475275302495,1.0222540015124153,2.8140134707404703,0.3803699229270421,0.49834640343252384,2.806876632200621
27,122,1.0,3221.699800047446,0.19325300645067445,8.270917393918655,-8.077664387467978,-8.07766438746798,1.7763568394002505e-15,-0.016473030669310162,-5.2716220478349465,1.0142828704049787,2.806042339633033,0.3792052838593738,0.49857716400735996,2.800027214553049
27,123,1.0,3275.210491236563,0.16572645356346308,8.259863871700752,-8.094137418137288,-8.094137418137288,0.0,0.05148308337150098,-5.27696070610801,1.0254172428012236,2.817176712029278,0.37942156313923536,0.49841531050928517,2.8103550037175613
27,124,1.0,3110.859503780391,0.22714499618267425,8.269799330948462,-8.042654334765787,-8.042654334765787,0.0,-0.016903034712703047,-5.236057623568699,1.014837241969033,2.8065967111970878,0.37704239577507165,0.4986189853587984,2.8007541478408355
27,125,1.0,3163.889390363186,0.1977941743877641,8.257351543866255,-8.05955736947849,-8.05955736947849,0.0,0.10540963290000249,-5.240272875465732,1.0275250247847036,2.819284494012758,0.37645371426179636,0.4984575034059744,2.8126040247917223
27,126,1.0,2847.36059339235,0.29900356415409635,8.253151300732586,-7.954147736578488,-7.95414773657849,1.7763568394002505e-15,-0.16343348963720317,-5.132758252746545,1.0296300146038873,2.821389483831942,0.37220179426415223,0.49851662914373773,2.8148791601465954
27,127,1.0,3352.901020060912,0.14357675054095986,8.26115797675665,-8.117581226215691,-8.11758122621569,1.7763568394002505e-15,-0.12513502976869084,-5.299869739628714,1.0259520173589218,2.8177114865869766,0.3697283642398871,0.4988026145737677,2.812566718982918
27,128,1.0,3799.8476620792485,0.0313225167476989,8.27403877273208,-8.242716255984382,-8.242716255984382,0.0,0.10047894535822799,-5.43538165328594,1.0155751334703886,2.807334602698443,0.36843938082639394,0.4990759611512538,2.8034514708672735
27,129,1.0,3436.598010599263,0.12586452297134704,8.2681018335975,-8.142237310626154,-8.142237310626154,0.0,0.0011550169457255066,-5.331093102049595,1.0193847393485045,2.8111442085765592,0.3710497323474259,0.4988773828193216,2.8063992198600825
27,130,1.0,3432.630973100162,0.12645808775697515,8.267540381437403,-8.141082293680428,-8.141082293680428,0.0,-0.04744879105009403,-5.330233020897427,1.0190898035549463,2.8108492727830012,0.3768192498264325,0.4986695427018441,2.8052231061949082
27,131,1.0,3599.43110198618,0.09277025321743673,8.28130133794796,-8.188531084730522,-8.188531084730524,1.7763568394002505e-15,0.09395536857078746,-5.390127665840243,1.0066439496622246,2.7984034188902798,0.37276348916808144,0.4989665720702868,2.794129850097956
27,132,1.0,3276.646324156346,0.1758609310598676,8.2704366472196,-8.094575716159735,-8.094575716159733,1.7763568394002505e-15,0.09832263985042733,-5.286818515358833,1.0159977315728461,2.8077572008009017,0.3691131171821877,0.4989268003095047,2.8032289010931706
27,133,1.0,2969.809464314329,0.26829842346098576,8.264551499770295,-7.996253076309308,-7.996253076309309,1.7763568394002505e-15,-0.03506246286830628,-5.184840093350161,1.0196535137310923,2.811412982959147,0.3680233878119048,0.4988075027144279,2.8062455171353284
27,134,1.0,3075.7853289973805,0.25471710677635145,8.286032645953966,-8.031315539177614,-8.031315539177616,1.7763568394002505e-15,0.012636967024716839,-5.241207859345823,0.9983482106037368,2.7901076798317916,0.37199038565197995,0.498969830597166,2.7858613811046786
27,135,1.0,3037.1612905672105,0.27158000023547735,8.290258572388375,-8.018678572152897,-8.018678572152897,0.0,0.04061692751821955,-5.233511222577774,0.993407880347068,2.7851673495751235,0.37374432085011156,0.4989976417597843,2.7810941139107856
27,136,1.0,2916.2728089525162,0.3138244160221843,8.29188606065686,-7.9780616446346775,-7.978061644634677,8.881784197001252e-16,-0.030288579439402774,-5.195939200016229,0.9903629753903932,2.782122444618448,0.37578663828005443,0.4989468093532561,2.7778545324993025
27,137,1.0,3005.953869560015,0.28651795866647295,8.294868182740554,-8.00835022407408,-8.008350224074082,1.7763568394002505e-15,-0.06949451900596237,-5.228179473131874,0.9884112817141514,2.7801707509422062,0.374899485635245,0.49903268259250594,2.7762638007870954
27,138,1.0,3222.280904087879,0.21566920011054314,8.293513943190588,-8.077844743080043,-8.077844743080044,1.7763568394002505e-15,0.103589309871853,-5.2943426098273045,0.9917426640246839,2.783502133252739,0.3734960841333078,0.4991261163118537,2.7799580448866767
27,139,1.0,2905.1939556684747,0.3154332434258775,8.289688676634068,-7.97425543320819,-7.9742554332081905,8.881784197001252e-16,0.15926435977186326,-5.190079990707775,0.9924159732723593,2.7841754425004144,0.3746708921615778,0.49896777880709503,2.7799793969747206
27,140,1.0,2477.4648376672603,0.46051304065585497,8.275504114092184,-7.814991073436326,-7.814991073436329,2.6645352591003757e-15,-0.028610056025552666,-5.022760588340275,1.000471015867996,2.792230485096051,0.3777662657080475,0.49855277120161556,2.786248379767253
27,141,1.0,2549.3689309397478,0.4319395192988884,8.275540648760767,-7.843601129461879,-7.843601129461879,0.0,-0.1885490610094731,-5.050190101822196,1.0016515584116281,2.7934110276396833,0.3760814773528223,0.4986692561552819,2.78790812016076
27,142,1.0,3078.353608861452,0.25709191888385496,8.289242109355207,-8.032150190471352,-8.032150190471352,0.0,-0.059623662282568546,-5.246456602824897,0.9939341184184002,2.785693587646455,0.3762987865615684,0.4989415570443965,2.7813809196301165
27,143,1.0,3267.4784582784973,0.20531723598296192,8.297091088736881,-8.09177385275392,-8.091773852753919,1.7763568394002505e-15,-0.13004225118565316,-5.311982003635623,0.9880323798902421,2.779791849118297,0.3762432912352912,0.49911219721359784,2.7762071876104844
27,144,1.0,3721.254434279821,0.08344639323769171,8.305262497177266,-8.221816103939574,-8.221816103939574,0.0,0.13789171872546646,-5.447343477993647,0.982713156717872,2.774472625945927,0.3748757558809612,0.4992778640657904,2.7715796382668962
27,145,1.0,3241.930890758336,0.2160070693410606,8.299931454555164,-8.083924385214107,-8.083924385214104,3.552713678800501e-15,-0.1061644955600265,-5.307017215397578,0.9851477005884751,2.7769071698165297,0.3739933913162117,0.4991541741067504,2.7735049125383946
27,146,1.0,3605.0426512058857,0.10949846856302878,8.299587349337163,-8.190088880774134,-8.190088880774134,0.0,0.06573483197883334,-5.41041489184531,0.9879145197007692,2.779673988928824,0.37339584413194543,0.49924824987512567,2.776649536109685
27,147,1.0,3375.6866983747354,0.1694574136516565,8.293811462446957,-8.1243540487953,-8.1243540487953,0.0,0.03391459795878937,-5.340243769124701,0.9923508104425443,2.784110279670599,0.3740635378439516,0.49914763092738273,2.7806512187940755
27,148,1.0,3263.1212365477454,0.20156453190976836,8.292003982746278,-8.090439450836511,-8.09043945083651,1.7763568394002505e-15,-0.06567989693520637,-5.3053835268131175,0.9932964547953386,2.785055924023393,0.3732951238396794,0.49912027880183923,2.7814804768164634
27,149,1.0,3484.6376644884895,0.13828353387508982,8.294402881646807,-8.156119347771718,-8.156119347771718,0.0,-0.0830185860122441,-5.372167204510352,0.9921926740333102,2.783952143261365,0.37503938716148144,0.49912961381552035,2.780422827377366
27,150,1.0,3786.2748812059704,0.047087426148874845,8.286225359932835,-8.239137933783962,-8.23913793378396,1.7763568394002505e-15,0.11873035455988834,-5.4454299329389615,1.001948531616943,2.793708000844998,0.37442546915383834,0.49911346738236295,2.790071891746885
27,151,1.0,3362.3909065130165,0.17173435646928617,8.292141935693358,-8.120407579224073,-8.120407579224072,1.7763568394002505e-15,0.10677205615988683,-5.335148961707347,0.993499148288671,2.785258617516726,0.37599708572026413,0.49906455443120973,2.7814566762476964
27,152,1.0,3021.883293313206,0.27748241084017117,8.29111793390436,-8.013635523064186,-8.013635523064188,1.7763568394002505e-15,-0.03548162462476334,-5.230120201644393,0.9917558521917401,2.783515321419795,0.3751719940083986,0.49897754177091724,2.779341799083818
27,153,1.0,3131.0295140802286,0.24329363821705746,8.292410785906004,-8.04911714768895,-8.049117147688946,3.552713678800501e-15,-0.06441905506557788,-5.265796789011613,0.9915608894492817,2.7833203586773365,0.3743220802511368,0.49902017232307117,2.7793237065196528
27,154,1.0,3339.3658502669323,0.1818820725877733,8.295418275342303,-8.113536202754528,-8.11353620275453,1.7763568394002505e-15,0.0042262576106075755,-5.332008384503899,0.9897683490225736,2.7815278182506287,0.37408081931361087,0.49902810410190757,2.777586398326946
27,155,1.0,3325.2826105890917,0.18801309733775415,8.297323042481676,-8.10930994514392,-8.109309945143922,1.7763568394002505e-15,0.058622965615516165,-5.329837520024266,0.9877129558915995,2.7794724251196548,0.3753253087842344,0.49903212169279115,2.775557574203193
27,156,1.0,3135.9485639320437,0.23757209635076276,8.288259075879164,-8.050686979528404,-8.050686979528402,1.7763568394002505e-15,0.07177631238380933,-5.263504021983874,0.995423488316475,2.7871829575445304,0.37277970930448145,0.49893938915183433,2.7828330925508165
27,157,1.0,2918.7498415918153,0.3057949114334888,8.28470557857808,-7.978910667144595,-7.978910667144591,3.552713678800501e-15,-0.05992745191619164,-5.190444397345878,0.9967068005706619,2.788466269798717,0.37520799535913896,0.49882003777055134,2.783589232717212
27,158,1.0,3099.0104166026513,0.25289958090814696,8.291737699968934,-8.038838119060786,-8.038838119060786,0.0,-0.05940127683660279,-5.25559581940341,0.9914828304293225,2.7832422996573776,0.3745048029001804,0.4989770718780728,2.7790703342172827
27,159,1.0,3288.6729242548604,0.19643394509518408,8.29467334099257,-8.098239395897389,-8.098239395897387,1.7763568394002505e-15,0.07605903667469249,-5.316672386202255,0.9898075404670772,2.781567009695132,0.3756616925048499,0.49906902759984667,2.777804619265247
27,160,1.0,3047.815426073188,0.2744695875370131,8.296649946759711,-8.022180359222697,-8.022180359222698,1.7763568394002505e-15,-0.03273764691302716,-5.244858542104058,0.9855623478905852,2.7773218171186405,0.375937685466765,0.4990111568287232,2.7733365025842183
27,161,1.0,3149.2449546010457,0.24376217845767323,8.2986801845934,-8.054918006135724,-8.054918006135726,1.7763568394002505e-15,0.03684400650166708,-5.27866421545554,0.9844943214521287,2.7762537906801836,0.37446704207131787,0.4990550129045686,2.772454411271024
27,162,1.0,3035.325661257073,0.28049318308940147,8.298567182723458,-8.018073999634057,-8.018073999634057,0.0,0.0006315100067748602,-5.243189297837175,0.9831252325688272,2.774884701796882,0.37568797748470734,0.4989454319237705,2.7706483455655495
27,163,1.0,3033.409427852139,0.2801176690493198,8.297560158676601,-8.017442489627282,-8.017442489627282,0.0,0.004404033759870529,-5.241477251875888,0.9842057685233385,2.775965237751393,0.3751296901493774,0.49896813316364574,2.771814125913334
27,164,1.0,3020.0795644535337,0.2858390428132594,8.29887749868067,-8.013038455867411,-8.01303845586741,1.7763568394002505e-15,-0.10600129580142692,-5.2386980743145966,0.9825809123247575,2.7743403815528125,0.37562378162971144,0.49897905404151305,2.7702425644321558
27,165,1.0,3357.7948795823313,0.17916668145967893,8.298206433128517,-8.119039751668838,-8.119039751668838,0.0,0.03618847073438225,-5.341371097685389,0.9859091847553936,2.7776686539834485,0.37479441985494455,0.49898612693472283,2.773583978800538
27,166,1.0,3238.4538268049046,0.21302648422905035,8.295877765163507,-8.082851280934456,-8.082851280934456,0.0,-0.06973567783103718,-5.30364037085662,0.9874514408497813,2.779210910077836,0.3742718336054895,0.49899435426974953,2.7751470053326983
27,167,1.0,3472.3502833933167,0.14084371272971852,8.293430671495214,-8.152586958765493,-8.152586958765495,1.7763568394002505e-15,-0.04256945896367981,-5.3696633385692705,0.9911641509681672,2.782923620196222,0.37672652598289486,0.4989320901943302,2.778596732046721
27,168,1.0,3623.3577049771775,0.09289065959367884,8.28804707732285,-8.195156417729173,-8.195156417729171,1.7763568394002505e-15,0.2766023553875687,-5.405687185491438,0.9977097630096807,2.7894692322377352,0.37465908000371795,0.498971471484829,2.7852578448374383
27,169,1.0,2747.795031574747,0.3581580653631745,8.276712127704778,-7.918554062341604,-7.918554062341603,8.881784197001252e-16,-0.12581022494988048,-5.125228955460667,1.0015656376528828,2.7933251068809377,0.3754116104830934,0.4986954370065934,2.7879027032990216
27,170,1.0,3116.1834764189553,0.23954213452836381,8.28390642181985,-8.044364287291485,-8.044364287291486,1.7763568394002505e-15,0.0864588831103319,-5.2542460383452045,0.9983587797182247,2.7901182489462797,0.3725727483948086,0.49894902311514794,2.7858198171455846
27,171,1.0,2858.0801557098557,0.33142224187175007,8.289327646052904,-7.957905404181153,-7.957905404181154,8.881784197001252e-16,-0.16264023489499913,-5.176587627515883,0.9895583074372144,2.78131777666527,0.3763811491534193,0.49882087547397536,2.77653021607157
27,172,1.0,3362.855149750135,0.1759544298474453,8.296500068923594,-8.120545639076152,-8.120545639076148,3.552713678800501e-15,-0.021453052753026114,-5.341783760499495,0.9870024093486031,2.778761878576658,0.37619389887643817,0.4989992229569444,2.7747310775997627
27,173,1.0,3435.7780715466056,0.1368598229772265,8.278858514806407,-8.141998691829178,-8.14199869182918,1.7763568394002505e-15,-0.18339019759230624,-5.34553160981956,1.0047076127815615,2.7964670820096167,0.3785204529101878,0.49874698137234574,2.7913137157520223
27,174,1.0,4127.341976021377,-0.05196274837095874,8.273426141050525,-8.325388889421484,-8.325388889421484,0.0,0.07874302769611319,-5.520425703095793,1.013203717097637,2.804963186325692,0.379376231370538,0.4987541778766344,2.7998031753335995
27,175,1.0,3814.808941980318,0.03176784470840734,8.278413706433778,-8.246645861725371,-8.246645861725371,0.0,0.0806515501804892,-5.447581108144206,1.0073052843531096,2.7990647535811646,0.377623896111674,0.4987909608781295,2.794067054688599
27,176,1.0,3519.218797893505,0.11851459552680724,8.28450890707169,-8.165994311544882,-8.165994311544882,0.0,-0.07443658421637878,-5.37447493787418,0.9997599044426458,2.7915193736707007,0.37669209367563106,0.49883429317947875,2.7867343547371353
27,177,1.0,3791.17355688122,0.041247715770441215,8.2816786115317,-8.24043089576126,-8.240430895761259,1.7763568394002505e-15,0.0913160813846936,-5.445096103437294,1.0035753230959126,2.795334792323968,0.3771856915035375,0.49875968439416907,2.7902175793097856
27,178,1.0,3460.314688593469,0.143484484827174,8.292599299203742,-8.149114814376567,-8.149114814376567,0.0,0.08686603491950429,-5.366484712508497,0.9908706326400152,2.78263010186807,0.37560375330561424,0.4988805445991111,2.7780889825519695
27,179,1.0,3172.4161832401105,0.21703676431059665,8.279285543767658,-8.062248779457063,-8.062248779457061,1.7763568394002505e-15,0.013030883432820772,-5.268565323369307,1.0019239868597005,2.7936834560877557,0.37647911029239256,0.49860420341836303,2.7878810450505047
27,180,1.0,3131.344975982388,0.23711607091272727,8.28633396693697,-8.049217896024242,-8.049217896024244,1.7763568394002505e-15,-0.16300591107360418,-5.263089776124013,0.994368650672174,2.7861281199002286,0.37671070681265406,0.4986949604042608,2.780784344046284
27,181,1.0,3685.72971135814,0.08234398252257805,8.294567789620425,-8.212223807097846,-8.212223807097846,0.0,0.037314980093036354,-5.430477420306293,0.9899869175634987,2.7817463867915535,0.3764165385182878,0.49890383860951,2.777316861468931
27,182,1.0,3550.7311783889986,0.11879036205693749,8.293699189061748,-8.17490882700481,-8.17490882700481,0.0,-0.033777058834219886,-5.392998097326923,0.990151260449832,2.7819107296778873,0.3757911555576623,0.49890566515935664,2.777499496724665
27,183,1.0,3672.712929609975,0.08625591351801465,8.294941799357044,-8.20868588583903,-8.20868588583903,0.0,-0.10924292438214955,-5.427222957978304,0.9897034586326701,2.7814629278607246,0.3761886109894735,0.49894583598276787,2.777217027215458
27,184,1.0,4096.6662419620125,-0.026954806845836336,8.290974003375343,-8.31792881022118,-8.31792881022118,0.0,0.0063451325418579785,-5.530487699168533,0.9956816418245911,2.787441111052646,0.3749743822747821,0.4990390591565543,2.7835543275095644
27,185,1.0,4070.7546448708435,-0.01794333308147847,8.293640344597843,-8.311583677679321,-8.311583677679321,0.0,0.19292931268370772,-5.5274508075355975,0.9923734009156684,2.7841328701437233,0.37688479630525284,0.49894144171066784,2.7798528833446525
27,186,1.0,3356.5010795069866,0.18056924024193297,8.299223605237547,-8.118654364995614,-8.118654364995614,0.0,-0.03531956391339364,-5.343793900828796,0.9831009949387625,2.7748604641668173,0.3757876902224549,0.49895196331968594,2.7706569197520543
27,187,1.0,3477.169670964957,0.141482675424932,8.29545660433394,-8.153973928909007,-8.153973928909009,1.7763568394002505e-15,-0.18520313898373075,-5.37445316584143,0.9877612938395227,2.7795207630675773,0.37408104649082874,0.499011987207445,2.775549335260731
27,188,1.0,4184.644645683622,-0.048927607997252924,8.290249459895485,-8.339177067892738,-8.339177067892738,0.0,0.12365992019074845,-5.551014382933182,0.9964032157315005,2.7881626849595555,0.3741757961033256,0.4990572183474978,2.784346341507366
27,189,1.0,3697.888084515219,0.08464490294552818,8.300162050647518,-8.21551714770199,-8.21551714770199,0.0,0.07378759390227252,-5.439668267198609,0.9840894112753246,2.77584888050338,0.3750727313955666,0.4990305311370913,2.771963546526081
27,190,1.0,3434.853497431377,0.15877642762479138,8.300505981424509,-8.141729553799717,-8.141729553799717,0.0,-0.0002483931281886953,-5.3681488083999005,0.9818212761717634,2.7735807453998187,0.37482844093327866,0.4989706114369757,2.7694582504782628
27,191,1.0,3435.70679740901,0.15853727532693002,8.300515222254838,-8.141977946927906,-8.141977946927907,1.7763568394002505e-15,0.1027375886744899,-5.368408675332385,0.9818098023674665,2.7735692715955214,0.3748348360278452,0.4989670348932041,2.769432456078242
27,192,1.0,3100.2572107885094,0.25759211217549405,8.29683247042891,-8.039240358253416,-8.039240358253416,0.0,0.02642667284910516,-5.264905599796523,0.9825752892288371,2.774334758456892,0.37544043669119725,0.4988177820148689,2.7695899328617433
27,193,1.0,3019.4008160553885,0.2750374868153126,8.287851172219625,-8.01281368540431,-8.012813685404312,1.7763568394002505e-15,-0.06122191388941722,-5.230152082762189,0.990902133414067,2.782661602642122,0.3747815335555492,0.4987455256453633,2.777586828141498
27,194,1.0,3210.030120115938,0.21939321395279612,8.293428813246523,-8.074035599293728,-8.074035599293726,1.7763568394002505e-15,-0.071177153416361,-5.295274618872111,0.9870015111935603,2.7787609804216156,0.37558667867839296,0.498819754583252,2.7740107815474997
27,195,1.0,3446.83863658509,0.14673935827694418,8.291952110987037,-8.145212752710089,-8.145212752710092,3.552713678800501e-15,0.10675674390505208,-5.363792520778833,0.9896607627032029,2.7814202319312584,0.3766597567163076,0.49870777742961186,2.776195443660711
27,196,1.0,3097.8264791515203,0.25220119060163004,8.290657199406667,-8.038456008805037,-8.038456008805037,0.0,-0.023341454189804267,-5.258551419213082,0.9881451203639001,2.7799045895919554,0.3765752066552526,0.49865511825385295,2.7744629321994654
27,197,1.0,3170.9847426322494,0.233625249277144,8.295422712271986,-8.061797462994841,-8.061797462994841,0.0,0.0030209103353620037,-5.286047278688842,0.9839907150779457,2.7757501843060006,0.3752276371350695,0.4987868782222777,2.7708774499051803
27,198,1.0,3161.419936534706,0.23748595978141063,8.29626251244089,-8.058776552659479,-8.058776552659479,0.0,0.025027854634387836,-5.283830579077473,0.983186504353951,2.7749459735820055,0.37510648185129686,0.4988385175826117,2.7702876101321414
27,199,1.0,3083.27831539995,0.25516440245615574,8.288913100481246,-8.033748698025091,-8.03374869802509,1.7763568394002505e-15,0.0015059181190473225,-5.25229108802204,0.9896981407749962,2.781457610003051,0.37639584760681605,0.49868078693066603,2.7761206856670615
27,200,1.0,3078.638645077344,0.2563537641727469,8.288596544078793,-8.032242779906044,-8.032242779906046,1.7763568394002505e-15,0.10775430117904428,-5.250671570245445,0.9898117404325442,2.781571209660599,0.37640995492811147,0.4986649417862063,2.776169112772099
27,201,1.0,2764.1500722461724,0.3610683766675365,8.285556855394535,-7.924488478727,-7.924488478726999,8.881784197001252e-16,0.028227311942089273,-5.143629689235852,0.9890993202630938,2.7808587894911487,0.37595403906141556,0.4986220359983841,2.7752754031021696
27,202,1.0,2687.216468520265,0.3816649833009883,8.2779261500859,-7.89626116678491,-7.896261166784912,1.7763568394002505e-15,0.03526631939068281,-5.108985844761032,0.9955158527958234,2.7872753220238784,0.37727949967924135,0.4984851681605,2.781065605748235
27,203,1.0,2594.099825572031,0.41562694482395834,8.276621792218185,-7.8609948473942275,-7.860994847394227,8.881784197001252e-16,0.05409469209534823,-5.073994095706299,0.9952412824598733,2.7870007516879287,0.3769006294053203,0.49845141907039525,2.780664136341173
27,204,1.0,2457.500745304712,0.45975014141314086,8.26665029671202,-7.806900155298879,-7.80690015529888,8.881784197001252e-16,0.014249781352638102,-5.012092228742971,1.0030484573278533,2.794807926555908,0.37678942787426345,0.4982830915519041,2.787690323838232
27,205,1.0,2422.7302215530717,0.4811113383234388,8.273761712269682,-7.792650373946241,-7.792650373946243,1.7763568394002505e-15,-0.06308260193758297,-5.005897620457142,0.9949932842610446,2.7867527534891,0.3775747433614862,0.4983152720529658,2.779853719499735
27,206,1.0,2580.4858544991266,0.4180165133219008,8.273749489205725,-7.855732975883824,-7.855732975883824,0.0,-0.02458805016353871,-5.066553414861828,0.9974200917939395,2.7891795610219945,0.377791464586523,0.49838162146570725,2.782528866312043
27,207,1.0,2644.7214479104437,0.40082297197410394,8.281143998021467,-7.880321026047363,-7.880321026047363,0.0,-0.02426312771294281,-5.097620254678962,0.9909413021403456,2.7827007713684004,0.3770137637747054,0.4984813247799436,2.7765273608663477
27,208,1.0,2709.6754695258655,0.3815005088317135,8.28608466259202,-7.904584153760306,-7.904584153760306,0.0,-0.0018272704146795604,-5.125934436927264,0.9868902476049864,2.778649716833042,0.3764088922244892,0.49856223175093967,2.772839460400771
27,209,1.0,2714.6313057922807,0.3775117695079755,8.28392319368296,-7.906411424174985,-7.906411424174983,1.7763568394002505e-15,0.11987565845520542,-5.12552645977689,0.9891254951700391,2.780884964398094,0.3766620306880477,0.4985403590132405,2.774964725565647
27,210,1.0,2407.961374282685,0.4831049948128469,8.269640760532628,-7.78653576571978,-7.786535765719781,8.881784197001252e-16,0.004369079323850222,-4.996358483114775,0.9984178133769506,2.7901772826050055,0.37734938634648474,0.4982393476565352,2.782923616051562
27,211,1.0,2397.4637492069737,0.4877198163275774,8.269886502723505,-7.78216668639593,-7.782166686395928,1.7763568394002505e-15,-0.06286649844122927,-4.992768774679475,0.9976384424884,2.789397911716455,0.37791588467551923,0.49822830260631923,2.782111098402135
27,212,1.0,2553.022383769885,0.4291703333692851,8.274203518206447,-7.845033184837159,-7.8450331848371615,2.6645352591003757e-15,-0.21956409254322562,-5.057301324528726,0.9959723910803779,2.787731860308433,0.3770103306489531,0.49834363662591435,2.7809465797150925
27,213,1.0,3179.875351550621,0.2230685568092674,8.287665834189655,-8.064597277380384,-8.064597277380388,3.552713678800501e-15,0.025085160492976044,-5.282543480997114,0.9902943271552159,2.7820537963832703,0.37650911312615776,0.498706775194069,2.776813075410533
27,214,1.0,3101.0998469447795,0.24039450271005214,8.279906619597462,-8.039512116887408,-8.03951211688741,1.7763568394002505e-15,-0.05470135657169273,-5.250499649550222,0.9972529981091318,2.7890124673371868,0.3776524056681503,0.49857865936473017,2.783190590281388
27,215,1.0,3275.4595978973,0.19554027078988684,8.289753744248985,-8.094213473459101,-8.094213473459098,3.552713678800501e-15,0.13843150676243088,-5.313417344833002,0.9890366593980439,2.780796128626099,0.37654960364896245,0.49874057459993865,2.7757091706908077
27,216,1.0,2852.0176401379567,0.3298577511400306,8.285639717836702,-7.95578196669667,-7.955781966696671,8.881784197001252e-16,-0.1244710110753724,-5.1754227705770655,0.9885997268915482,2.7803591961196035,0.3765875166642292,0.4985776272294887,2.7745981647413323
27,217,1.0,3230.050264214845,0.21636990000169753,8.296622877773743,-8.080252977772043,-8.080252977772044,1.7763568394002505e-15,0.06718806040730918,-5.3067764135307085,0.9817170950132811,2.7734765642413364,0.37561521097077927,0.4987996245984269,2.7686656085461654
27,218,1.0,3020.159481338198,0.2810283014458755,8.294093218810605,-8.013064917364733,-8.01306491736473,3.552713678800501e-15,-0.06851901238544578,-5.239230877463089,0.9820745706735895,2.773834039901644,0.37506024855718545,0.49870015940014395,2.76862298449163
27,219,1.0,3234.352168182235,0.21197875017813766,8.293562679928321,-8.08158392975018,-8.081583929750183,3.552713678800501e-15,0.12734114283082487,-5.305337883500161,0.9844865770219636,2.776246046250018,0.3740422489808241,0.4987244859819748,2.771125825887735
27,220,1.0,2847.6312488500644,0.3292300658301026,8.283472852749458,-7.954242786919354,-7.954242786919355,8.881784197001252e-16,0.01426386720121009,-5.1722897124180305,0.9901936052732685,2.7819530745013235,0.37494042064622235,0.4984340735771186,2.7755916470797186
27,221,1.0,2807.30132897357,0.34823782842492207,8.288216748143066,-7.939978919718144,-7.939978919718144,0.0,0.033092455680669985,-5.163737702925897,0.9844817475641913,2.7762412167922466,0.3761284488798257,0.4984750129238839,2.7701041869937058
27,222,1.0,2715.9211702187467,0.37672679184728397,8.283613255884754,-7.906886464037474,-7.90688646403747,4.440892098500626e-15,-0.06720798123317007,-5.12719295552034,0.9879340392890787,2.7796935085171337,0.37540729553107705,0.4984223687731353,2.773308856962529
27,223,1.0,2904.7262921304878,0.311646036513728,8.285740481784373,-7.974094445270644,-7.974094445270645,8.881784197001252e-16,-0.24382689065900465,-5.19386288015832,0.9884720958842698,2.780231565112325,0.3738383739467814,0.49853917408353904,2.774329256704439
27,224,1.0,3706.789199205329,0.06702193132184744,8.284943267251498,-8.217921335929649,-8.21792133592965,1.7763568394002505e-15,-0.0397501566688625,-5.4305158210209035,0.9956460456806907,2.787405514908746,0.37359454924599667,0.4986267981278684,2.7818232444127453
27,225,1.0,3857.102344501141,0.01902692248662561,8.27669841508514,-8.257671492598512,-8.257671492598513,1.7763568394002505e-15,-0.028165437933555637,-5.460291960929073,1.0056200624413838,2.7973795316694385,0.367073296892654,0.49884654324161953,2.7926662844856907
27,226,1.0,3967.2836903835964,-0.02956585929462236,8.256271071237444,-8.285836930532067,-8.285836930532067,0.0,0.0919188409786944,-5.467352346585542,1.0267251147184728,2.818484583946528,0.3608921943012092,0.4987504451672638,2.8131760519906046
27,227,1.0,3618.873576024732,0.07478719395568299,8.268705283509057,-8.193918089553373,-8.193918089553375,1.7763568394002505e-15,-0.021122204985118742,-5.389867668448068,1.01229095187725,2.8040504211053054,0.3642127626707603,0.4987777036671756,2.798992801503483
27,228,1.0,3696.125155246459,0.03899584997067712,8.254036144509168,-8.215040294538491,-8.215040294538491,0.0,0.034823821147833556,-5.395622840234229,1.0276579850762044,2.8194174543042596,0.3615817252580285,0.49869212639044624,2.8138339818952307
27,229,1.0,3569.627306517791,0.04913262923651006,8.229349102627168,-8.180216473390658,-8.180216473390658,0.0,0.18003429307519703,-5.335866305310311,1.0525906988522926,2.844350168080348,0.354115867673534,0.4986004591105251,2.838011215645066
27,230,1.0,2981.501108379688,0.22946938670368727,8.229651567019147,-8.000182180315461,-8.00018218031546,1.7763568394002505e-15,-0.08845472338840032,-5.16236461178764,1.046058099299766,2.83781756852782,0.36245879559685223,0.4981845536153422,2.8297760169706674
27,231,1.0,3257.244604763383,0.1498613664373133,8.238498270141172,-8.088636903703861,-8.088636903703858,3.552713678800501e-15,-0.1290016633364317,-5.258318585416277,1.0385588490595283,2.830318318287583,0.3685516096521178,0.4981136034801805,2.8221244701945865
27,232,1.0,3705.741182720605,0.049866403266615365,8.267504970306906,-8.217638567040293,-8.217638567040291,1.7763568394002505e-15,0.16461334623768487,-5.413553528821818,1.01232556899042,2.8040850382184748,0.37099865108035684,0.4985035754618856,2.7978616280550734
27,233,1.0,3143.2897476826893,0.22728715327408522,8.280312374076692,-8.053025220802608,-8.053025220802606,1.7763568394002505e-15,-0.01386646130556457,-5.266053178466255,0.9952125731082976,2.786972042336352,0.3719500133762981,0.4985680018915901,2.781164718933592
27,234,1.0,3187.179648893846,0.22633742984033933,8.293229111948513,-8.066891682108173,-8.066891682108174,1.7763568394002505e-15,-0.14120036703902805,-5.292797614858892,0.9823345980212256,2.77409406724928,0.3749850432009068,0.49863321858146675,2.768616654440222
27,235,1.0,3670.532585362093,0.08270522550485845,8.290797274652057,-8.2080920491472,-8.208092049147199,1.7763568394002505e-15,0.004316575818231527,-5.427940520836731,0.9883920590824152,2.7801515283104705,0.3743016490058677,0.49873151648160735,2.7750367830249267
27,236,1.0,3654.722600212604,0.0875442913226178,8.291319764651586,-8.20377547332897,-8.20377547332897,0.0,0.07426487890534972,-5.4243169225680505,0.9876990815328653,2.77945855076092,0.37560564868759216,0.49875008100930013,2.7744178373078245
27,237,1.0,3393.13853779465,0.16245752229733093,8.29196811672095,-8.12951059442362,-8.12951059442362,0.0,0.06561972839782726,-5.353234270055025,0.9845168551405393,2.776276324368595,0.37602057187748483,0.49859594739214597,2.7706339609101214
27,238,1.0,3177.6298447152412,0.22018038903276985,8.284071255058564,-8.063890866025792,-8.063890866025794,1.7763568394002505e-15,-0.14837816619120936,-5.281133508293921,0.9909978885038159,2.782757357731871,0.37328698397547705,0.4985866441741201,2.777045609617204
27,239,1.0,3685.8964026928015,0.06485990070106917,8.277128932918071,-8.212269032217002,-8.212269032217002,0.0,-0.14379707418264687,-5.419034549670665,1.001475013318281,2.7932344825463358,0.3746044913907087,0.4985829745329388,2.7874339771293575
27,240,1.0,4255.919457571604,-0.08100481731223941,8.275061289087407,-8.356066106399648,-8.356066106399647,1.7763568394002505e-15,0.15998946099980316,-5.558813956643931,1.0054926805276614,2.797252149755716,0.3769363845634281,0.4985670832721088,2.791337966065033
27,241,1.0,3626.6935536327564,0.08940785457077767,8.285484499970622,-8.196076645399845,-8.196076645399843,1.7763568394002505e-15,-0.013139411992257877,-5.41172998842326,0.9925871877485314,2.7843466569765862,0.3753842610490783,0.49863861157958356,2.7788319832442325
27,242,1.0,3674.6606137856047,0.06680184481884639,8.276017902210949,-8.209216057392103,-8.209216057392103,0.0,-0.016354781114097605,-5.414341971022847,1.0031146171412006,2.7948740863692563,0.372422660477696,0.4986518453677237,2.7893573433850687
27,243,1.0,3735.2530209780634,0.03973241773134499,8.265303256237544,-8.2255708385062,-8.225570838506199,1.7763568394002505e-15,0.1320953062065371,-5.419324350167671,1.0144870191104747,2.806246488338529,0.3707861846940036,0.49858443796226054,2.800350027984313
27,244,1.0,3273.04339306208,0.1840585847381552,8.277534117037817,-8.093475532299664,-8.093475532299662,1.7763568394002505e-15,-0.07679141026981107,-5.30386597184625,0.9978500912253573,2.789609560453412,0.3754216028508979,0.4984952559170672,2.783483910789846
27,245,1.0,3534.2872894405436,0.10265892092849298,8.272925863497967,-8.170266942569475,-8.170266942569475,0.0,0.10848404070924822,-5.374138742215763,1.0043687311256548,2.79612820035371,0.37628395656366825,0.49846663192717444,2.789832146109006
27,246,1.0,3170.938569832714,0.21188265427269942,8.273665556132926,-8.061782901860227,-8.061782901860227,0.0,0.010689322895649056,-5.269561783147977,1.0004616494841942,2.792221118712249,0.3766735040747634,0.49838055099113293,2.7855980060022687
27,247,1.0,3137.223898107516,0.22943389147038354,8.280527470434961,-8.051093578964577,-8.051093578964577,0.0,0.007930004928832446,-5.266103545442523,0.993230564293999,2.7849900335220537,0.37686261683824085,0.498446647823239,2.778688545987617
27,248,1.0,3112.4440790327676,0.2418085805701108,8.284972154605855,-8.043163574035745,-8.043163574035745,0.0,0.1702155391186544,-5.262877956031493,0.9885261487761978,2.7802856180042532,0.3766830744250231,0.49849941723758323,2.7742270881276188
27,249,1.0,2625.2936486382823,0.4081812330818391,8.28112926799893,-7.872948034917091,-7.872948034917091,0.0,0.027479332574434245,-5.095196063278347,0.9859925024106886,2.7777519716387435,0.37645372374106856,0.4982926935862028,2.7708613834374254
27,250,1.0,2554.1345118679915,0.42831920645015703,8.273787908792814,-7.845468702342656,-7.845468702342657,8.881784197001252e-16,-0.0053665629955057526,-5.0618499933500525,0.9918592397645494,2.7836187089926043,0.37727317079269806,0.49816400856109605,2.776146913717825
27,251,1.0,2567.8782810414305,0.4164640247245734,8.267299290062738,-7.850835265338162,-7.850835265338165,2.6645352591003757e-15,-0.06140029278892101,-5.060769612916306,0.9983061831938006,2.790065652421856,0.37809832566703916,0.498063513748851,2.7821059143357547
27,252,1.0,2730.4878125356736,0.35565939533163227,8.267894953458717,-7.912235558127083,-7.912235558127084,8.881784197001252e-16,0.035362369817447004,-5.1201567877354215,1.000319301163607,2.7920787703916616,0.37580226887725215,0.49818586613177834,2.7845924894606084
27,253,1.0,2635.61857912142,0.3896512607995063,8.266524449109141,-7.876873188309636,-7.876873188309635,8.881784197001252e-16,-0.055014328926622724,-5.085086511095871,1.0000272079857104,2.7917866772137656,0.37663392655594713,0.498109696835082,2.783981949784394
27,254,1.0,2784.677974795597,0.3422454282846408,8.2741329455209,-7.931887517236259,-7.93188751723626,8.881784197001252e-16,0.09025159517943937,-5.145692451109833,0.9944355968983718,2.7861950661264268,0.37584891003895216,0.49825938945424325,2.7790898923863616
27,255,1.0,2544.3638118977697,0.42182637960871655,8.263462301665534,-7.8416359220568195,-7.841635922056818,1.7763568394002505e-15,-0.03756047987228772,-5.048253963353324,1.0016224894754397,2.793381958703495,0.37409888704760474,0.49808229114216634,2.785457960292353
27,256,1.0,2641.7488022518683,0.3784400491157289,8.257636451044837,-7.879196401929107,-7.879196401929108,8.881784197001252e-16,0.0455824900213031,-5.078867022654154,1.0085699100468994,2.800329379274954,0.3778137286515866,0.4979643929585515,2.7917890998838573
27,257,1.0,2524.034549371132,0.42897875615164893,8.262592668059455,-7.833613911907804,-7.833613911907806,1.7763568394002505e-15,0.038254241261258315,-5.040318514367136,1.001535928312614,2.793295397540669,0.3761819153002142,0.4980072378980953,2.7850496302135768
27,258,1.0,2429.3030163531694,0.47093091737372006,8.266290588020265,-7.795359670646546,-7.795359670646545,8.881784197001252e-16,-0.08398159089159662,-5.007699604348244,0.9959005970702476,2.7876600662983027,0.37629151965657276,0.49799466426157507,2.7794411119531373
27,259,1.0,2642.1315126695044,0.39884160522078294,8.278182866758925,-7.879341261538142,-7.879341261538142,0.0,0.03269028075350011,-5.100151568445832,0.9874302238642567,2.7791896930923117,0.37574220068070047,0.4981867853956105,2.771861431349976
27,260,1.0,2557.1559958050175,0.43036325224220173,8.277014233026843,-7.846650980784642,-7.846650980784641,8.881784197001252e-16,0.17184394315884344,-5.06782604654305,0.9870654650135382,2.778824934241593,0.3762122931357508,0.4981215557539531,2.771230566257834
27,261,1.0,2153.4081188591276,0.5777015469015835,8.252508584527382,-7.674807037625799,-7.674807037625798,8.881784197001252e-16,-0.08078612280076047,-4.879629764441047,1.0034178039566972,2.7951772731847524,0.3790326322163528,0.49761870618467935,2.785282000365386
27,262,1.0,2334.5937227546283,0.507521334150495,8.263114494577056,-7.755593160426559,-7.755593160426561,1.7763568394002505e-15,-0.05576185811139389,-4.967238663507518,0.9965950276909868,2.7883544969190415,0.37785593547066804,0.49782882522446464,2.7794296678217556
27,263,1.0,2468.4729968288557,0.458821679027729,8.270176697565683,-7.811355018537953,-7.811355018537954,8.881784197001252e-16,-0.0986954728878553,-5.027631072413354,0.9919644768965442,2.7837239461245993,0.3773912974623276,0.49796319327411204,2.7754127120519905
27,264,1.0,2724.5280281727037,0.3642293487832228,8.274279840209031,-7.9100504914258085,-7.9100504914258085,0.0,0.0948536338304935,-5.12581811194063,0.9924729102571233,2.7842323794851787,0.3765430858418452,0.4980972362247935,2.77645908292196
27,265,1.0,2477.9747131456534,0.45226258624624915,8.267459443841567,-7.815196857595315,-7.815196857595318,2.6645352591003757e-15,0.018209851981214165,-5.028442754256058,0.9949946341112023,2.7867541033392573,0.3777981474746085,0.49787536528553167,2.778026613913605
27,266,1.0,2433.2595245073608,0.4594154343402206,8.256402439954321,-7.796987005614101,-7.796987005614101,0.0,0.03882390888632159,-4.999647520749312,1.0055800156367345,2.7973394848647892,0.37840414625764063,0.49766782374724744,2.787529116812124
27,267,1.0,2340.6011960167425,0.4997394734963877,8.257902570224164,-7.758163096727779,-7.758163096727777,2.6645352591003757e-15,-0.11247746886981336,-4.9643506969435665,1.0020529305561567,2.793812399784212,0.37838002942734417,0.49771993263186126,2.78431773821011
27,268,1.0,2619.242847792779,0.3996232847460992,8.270263850343692,-7.870640565597593,-7.8706405655975935,8.881784197001252e-16,0.04082506514552886,-5.084608550773218,0.9942725455963188,2.786032014824374,0.3774247790017083,0.4979800865975282,2.777776384299173
27,269,1.0,2514.465412888168,0.4436602811201329,8.273475781572197,-7.829815500452064,-7.829815500452064,0.0,0.05678839415534398,-5.04912814871442,0.9889278825095887,2.780687351737644,0.3769155606160086,0.49794975151506754,2.7723528071805426
27,270,1.0,2375.6517652562375,0.48987253685112675,8.262899643147843,-7.77302710629672,-7.773027106296716,3.552713678800501e-15,0.07736817170798371,-4.984117797552469,0.9971498395161961,2.7889093087442514,0.3760704748198066,0.49784437991314334,2.780041796954366
27,271,1.0,2198.7821867187413,0.5491433598992967,8.244802294488032,-7.695658934588736,-7.695658934588735,8.881784197001252e-16,-0.07366334789814655,-4.892103435076114,1.011796030284567,2.8035554995126213,0.3773495658424471,0.4975141130528105,2.7930217498896397
27,272,1.0,2366.8666776817104,0.49113777315130663,8.260460055638188,-7.769322282486883,-7.769322282486881,1.7763568394002505e-15,-0.15806195968549552,-4.978567642559555,0.9989951706992724,2.7907546399273273,0.3765437776600646,0.4977312896599589,2.7813551996484134
27,273,1.0,2772.1659974931536,0.33869414612362037,8.266078388295998,-7.927384242172378,-7.927384242172378,0.0,-0.010883406209352131,-5.135730703464048,0.9998940694802757,2.7916535387083314,0.3772577946607477,0.4978412118348901,2.7827101914298527
27,274,1.0,2802.5013828530937,0.31958877324386714,8.257856421625597,-7.93826764838173,-7.93826764838173,0.0,-0.09178463515439539,-5.137727791854634,1.0087803872990413,2.8005398565270956,0.37842186741222594,0.4977262462918013,2.790966676815446
27,275,1.0,3071.9022789873206,0.2330416977044901,8.263093981240615,-8.030052283536126,-8.030052283536126,0.0,-0.08034585924587567,-5.2318677314371635,1.0064250828709074,2.7981845520989626,0.37856258204599863,0.49787060561600577,2.789331008902657
27,276,1.0,3328.903144843022,0.14396677101359187,8.254364913795595,-8.110398142782001,-8.110398142782003,1.7763568394002505e-15,-0.10085872314548183,-5.301417159549593,1.0172215140043541,2.8089809832324093,0.38055495102662845,0.4976858119852821,2.799246744783005
27,277,1.0,3682.167550035165,0.06424523003386207,8.275502095961347,-8.211256865927483,-8.211256865927485,1.7763568394002505e-15,-0.09153815476571658,-5.420762319043933,0.9987350776554956,2.7904945468835507,0.37803423455949914,0.4981988546046225,2.7831778663670454
27,278,1.0,4035.134932612282,-0.02074789310469175,8.282047127588505,-8.3027950206932,-8.302795020693198,1.7763568394002505e-15,0.11501601244321336,-5.517336554376165,0.9936989970889799,2.785458466317035,0.37704842369300084,0.49836009655944613,2.778831318509308
27,279,1.0,3596.7250722092904,0.09856212738359155,8.286341135633581,-8.187779008249986,-8.18777900824999,3.552713678800501e-15,0.04035902573382977,-5.40983642336028,0.9861831156616514,2.7779425848897064,0.3757001742743388,0.4983057654746859,2.771129326216108
27,280,1.0,3454.4550040049,0.14203411928175014,8.289454101797904,-8.147419982516157,-8.147419982516155,1.7763568394002505e-15,0.19971117612467637,-5.373548296354774,0.9821122169333272,2.773871686161382,0.3759893488193613,0.4983235480089148,2.767149223519414
27,281,1.0,2829.085536362458,0.33338936364183624,8.28109817003332,-7.94770880639148,-7.947708806391485,4.440892098500626e-15,-0.09837358865392254,-5.172278582605246,0.9836707545581799,2.7754302237862354,0.3763407114424137,0.49801047700305134,2.767421370841808
27,282,1.0,3121.5420173696475,0.23695442308790915,8.283036818133311,-8.046082395045403,-8.046082395045403,0.0,0.09632640758030142,-5.269397938862547,0.9849249869548009,2.776684456182856,0.3763686202372973,0.49807249940062776,2.7689271348896027
27,283,1.0,2834.8831190541523,0.32658555716287874,8.276341544627979,-7.949755987465101,-7.9497559874651,1.7763568394002505e-15,-0.11032457612131275,-5.16997587166341,0.988020646573637,2.779780115801692,0.37660998273045143,0.49787993633698296,2.771197121409152
27,284,1.0,3165.5451517548827,0.20793934539323294,8.268019908979651,-8.060080563586414,-8.060080563586418,3.552713678800501e-15,-0.06201294486333886,-5.267907636174392,1.0004134581839683,2.792172927412023,0.3784162149260494,0.4978260524664666,2.7832713986747404
27,285,1.0,3368.0644408552926,0.147930341317964,8.270023849767718,-8.122093508449753,-8.122093508449753,0.0,0.001978014081498003,-5.330139274111871,1.0001947651098269,2.7919542343378816,0.3783514814946922,0.497939856093546,2.7835387846701445
27,286,1.0,3361.4089464646904,0.14965401089266345,8.269769505260918,-8.120115494368255,-8.120115494368255,0.0,0.003199120978109704,-5.328189749760953,1.0001662753792473,2.7919257446073025,0.3783623093696133,0.4979229957485855,2.7834418360392426
27,287,1.0,3350.672575219962,0.15321351776632597,8.270129891156472,-8.116916373390145,-8.116916373390145,0.0,0.07817404105746917,-5.325275843977873,0.9998810601842179,2.7916405294122733,0.37774278165369707,0.4980090591514681,2.783520001211997
27,288,1.0,3098.713586750873,0.23635364486178903,8.275095977194466,-8.038742332332676,-8.038742332332678,1.7763568394002505e-15,0.03497484281634833,-5.2548419239450235,0.9921409391595967,2.7839004083876517,0.37680532952525514,0.4979824081368669,2.7757068072376505
27,289,1.0,2992.209897424616,0.2725773599204997,8.276344849436828,-8.003767489516328,-8.003767489516328,0.0,-0.13268494578965928,-5.222161381239121,0.9898466390491519,2.7816061082772072,0.3759961867759331,0.4980050606107767,2.773517678898941
27,290,1.0,3416.775111363415,0.11818307811095946,8.254635513416945,-8.136452435305987,-8.136452435305985,1.7763568394002505e-15,0.1774764784995071,-5.329007550513535,1.0156854155643966,2.8074448847924516,0.37867800389755735,0.4976743981110709,2.7976821306909567
27,291,1.0,2861.1415193069834,0.29647855105527166,8.255454507861753,-7.95897595680648,-7.958975956806482,1.7763568394002505e-15,-0.0966247361588124,-5.157505478589388,1.009711008989038,2.801470478217093,0.37519364595979443,0.49769022930867884,2.791732060815979
27,292,1.0,3151.395636692275,0.20378467570450642,8.259385368669795,-8.055600692965292,-8.055600692965289,3.552713678800501e-15,0.01894645502470027,-5.254955056322615,1.008886167414623,2.8006456366426775,0.37377336320264815,0.4978148979753003,2.791520758617184
27,293,1.0,3092.2499309979044,0.23181742919727089,8.268471667137863,-8.036654237940592,-8.036654237940592,0.0,0.03532091429438289,-5.246270972822836,0.998623795889702,2.790383265117757,0.37484664341140544,0.4979000582211815,2.781762142204498
27,294,1.0,2984.9352196941663,0.2660117697127135,8.267345093358921,-8.00133332364621,-8.001333323646207,1.7763568394002505e-15,0.04535515724184602,-5.211601339018544,0.9979725153996103,2.789731984627666,0.37583944074253606,0.49778609604150614,2.7806389067628303
27,295,1.0,2852.5772600621235,0.3138629935940321,8.269841159998395,-7.955978166404363,-7.955978166404362,8.881784197001252e-16,0.15957140547305304,-5.170668688441907,0.9935500087344004,2.7853094779624556,0.3719793393509927,0.4979205724645075,2.776855132798421
27,296,1.0,2431.8480481468428,0.46104886036605197,8.257455621297364,-7.79640676093131,-7.796406760931312,1.7763568394002505e-15,0.03327122136925098,-5.0056105466578,0.9990367450454553,2.79079621427351,0.37616672641531296,0.4975361121530469,2.7805830008573658
27,297,1.0,2352.2686855841675,0.48897115240820366,8.252106691970262,-7.763135539562059,-7.763135539562058,8.881784197001252e-16,0.012536054906385985,-4.969202547131491,1.0021735232025133,2.793932992430568,0.37844002216901496,0.49738527388791165,2.7830409335649655
27,298,1.0,2322.9645788995217,0.48921041602536497,8.239809900681037,-7.750599484655673,-7.750599484655671,1.7763568394002505e-15,-0.0019043259082289765,-4.943907686576141,1.0149323288514769,2.806691798079532,0.37839887064680233,0.49719108060357015,2.794636268741268
27,299,1.0,2327.3924752717776,0.4840324323897366,8.236536242953639,-7.752503810563902,-7.752503810563902,0.0,0.08762815573065286,-4.943056655657236,1.017687685678612,2.809447154906667,0.3801422775341034,0.4970120631371611,2.7965631526799655
27,300,1.0,2132.127645696308,0.5615507692533663,8.226426424086617,-7.664875654833249,-7.66487565483325,8.881784197001252e-16,-0.09308672218307468,-4.849999694849193,1.0231164907560004,2.8148759599840556,0.3816980677884567,0.49677369208210226,2.8008488955655735
27,301,1.0,2340.131438366434,0.4936726866921496,8.251635063708473,-7.757962377016324,-7.757962377016324,0.0,-0.07867400850166817,-4.96434413888335,1.0018587689049203,2.793618238132975,0.37850107660551235,0.4972751139198115,2.7822542490359505
27,302,1.0,2531.674917777298,0.4267855137242258,8.263421899242216,-7.836636385517992,-7.83663638551799,1.7763568394002505e-15,-0.08122492066950304,-5.051374113561409,0.9935028027285288,2.7852622719565843,0.3768756462284101,0.4975943151859982,2.77540062507046
27,303,1.0,2745.892138852818,0.3562250937832418,8.274086399970736,-7.917861306187495,-7.917861306187494,8.881784197001252e-16,-0.054783511382635375,-5.140466050986356,0.9856357859730845,2.7773952552011387,0.37515003909445876,0.4978085021924727,2.768555353470896
27,304,1.0,2900.5185709864163,0.30776680194417694,8.280411619514307,-7.9726448175701305,-7.9726448175701305,0.0,-0.07112750507724375,-5.200074325328105,0.9808110230139713,2.7725704922420262,0.3755540574303805,0.49792350964934284,2.764252206970393
27,305,1.0,3114.339351858477,0.23368725235112975,8.277459574998506,-8.043772322647374,-8.043772322647376,1.7763568394002505e-15,-0.16825798547878357,-5.2663209083944125,0.985691945024907,2.777451414252962,0.3764953154069012,0.4978351054709383,2.768730849238173
27,306,1.0,3685.016595444894,0.06616121296343208,8.278191521089589,-8.212030308126158,-8.212030308126156,1.7763568394002505e-15,-0.14032163573161505,-5.429985635498845,0.9902852033992575,2.7820446726273125,0.3762202712307398,0.49802706482736986,2.7740630210701833
27,307,1.0,4240.1415998431,-0.07638609721566948,8.275965846642105,-8.352351943857773,-8.352351943857775,1.7763568394002505e-15,0.041258712383347884,-5.565159803982099,0.9954326706476184,2.7871921398756734,0.3776045765120605,0.49812401571620474,2.7795398086242495
27,308,1.0,4068.7586482087036,-0.031919676317315425,8.279173555157112,-8.311093231474425,-8.311093231474427,1.7763568394002505e-15,0.07853560029259299,-5.5276346666619025,0.9916990955844677,2.783458564812522,0.3767970375014874,0.49819076500241977,2.7761258371131734
27,309,1.0,3761.441840819549,0.05036579430687996,8.282923425488711,-8.232557631181832,-8.232557631181832,0.0,0.10223125644928999,-5.455246498701675,0.9855516632521019,2.777311132480157,0.3765008658511248,0.49816092438438875,2.7698931209265383
27,310,1.0,3395.907722768942,0.15056912347381846,8.280895498206359,-8.130326374732542,-8.13032637473254,1.7763568394002505e-15,0.1445479319163816,-5.353771963019512,0.9847949424849736,2.776554411713029,0.37557958510313244,0.4980050447451316,2.7685329639337315
27,311,1.0,2938.8641519712132,0.293623922698591,8.279402365514748,-7.9857784428161604,-7.985778442816158,2.6645352591003757e-15,0.09087659586522712,-5.213210035880585,0.9808089377075202,2.772568406935575,0.37552804321766725,0.4978646397641806,2.7640146655208304
27,312,1.0,2683.566163404559,0.3744484221508221,8.269350269101754,-7.894901846950933,-7.894901846950932,1.7763568394002505e-15,-0.10287530123981625,-5.116059436476499,0.9870829412463792,2.778842410474434,0.37452865803064816,0.49769168287391324,2.769541592441969
27,313,1.0,2974.339118294476,0.270034443640967,8.267811591831718,-7.99777714819075,-7.9977771481907505,8.881784197001252e-16,0.01639065031976017,-5.21404689153777,0.9919707874249252,2.78373025665298,0.3759618110330063,0.49760859250732964,2.7740335915995202
27,314,1.0,2925.9851251050413,0.2917988742334622,8.273185372104452,-7.981386497870989,-7.981386497870989,0.0,-0.011569610304968947,-5.203805636501077,0.9858213921418578,2.7775808613699127,0.3751066000299928,0.4977777543192176,2.7686441585066994
27,315,1.0,2960.034220337052,0.27312908169901723,8.266085189874973,-7.992956108175958,-7.992956108175956,2.6645352591003757e-15,-0.018726640700734265,-5.20825694972632,0.9929396892215836,2.7846991584496386,0.37610630365250686,0.4975940634422156,2.7749505616629855
27,316,1.0,3015.9879955864103,0.2628912059994161,8.27457395487611,-8.011682748876693,-8.011682748876694,1.7763568394002505e-15,-0.10774717773429465,-5.234708661525603,0.9852146181230342,2.776974087351089,0.37567291640558576,0.49776988958490803,2.7680075664308146
27,317,1.0,3359.1052626279115,0.15001180961484512,8.269441736225835,-8.119429926610987,-8.119429926610989,1.7763568394002505e-15,0.0011416055807220715,-5.333089462577355,0.9945809948055766,2.786340464033632,0.37207289895702245,0.4979028134063821,2.7778470213177773
27,318,1.0,3355.272677380457,0.1522114377261095,8.270499758756376,-8.118288321030265,-8.118288321030267,1.7763568394002505e-15,0.13963102862742005,-5.332710613315638,0.9938182384865716,2.7855777077146264,0.37200916060176276,0.4979176697981127,2.7771611434702366
27,319,1.0,2918.0103977866193,0.2893643681923844,8.268021660595227,-7.978657292402845,-7.978657292402843,1.7763568394002505e-15,0.05325675430787058,-5.1953140059256615,0.9915838172491288,2.783343286477184,0.3719271543679793,0.497795702611739,2.7744530664136664
27,320,1.0,2766.6722912459427,0.33292535213661145,8.258325890231585,-7.925400538094975,-7.925400538094974,8.881784197001252e-16,-0.08744879236214587,-5.1342070997793705,0.9994339690875496,2.7911934383156045,0.37308929939425206,0.4975482474384065,2.781197071384433
27,321,1.0,3019.50844467513,0.25456044303434966,8.267409773491469,-8.01284933045712,-8.012849330457119,1.7763568394002505e-15,0.023368180730613197,-5.2277375311602166,0.9933523300688485,2.7851117992969034,0.37349588112769133,0.4977280422168226,2.7759354347017617
27,322,1.0,2949.7660754334784,0.2674911318068144,8.256972281533319,-7.989481149726507,-7.989481149726505,2.6645352591003757e-15,-0.12339315211624058,-5.194367056020907,1.0033546244775444,2.7951140937055996,0.3707895145948593,0.49767498828290996,2.785647473320203
27,323,1.0,3337.156252313992,0.1505349492573212,8.263409251100068,-8.112874301842748,-8.112874301842746,1.7763568394002505e-15,0.05108239273818782,-5.320603323602981,1.0005115090117116,2.7922709782397668,0.37035498321701793,0.4978509861884752,2.7835629225736063
27,324,1.0,3170.96713137981,0.1902534100156288,8.252045319120189,-8.06179190910456,-8.06179190910456,0.0,-0.07447522087348446,-5.259172773161294,1.0108596667152108,2.802619135943266,0.36847420862047947,0.49769557845000145,2.793174178617558
27,325,1.0,3416.1420233899926,0.13256875524266304,8.268835885220707,-8.136267129978044,-8.136267129978044,0.0,0.010966202790388735,-5.349393233654051,0.9951144270959391,2.786873896323994,0.37392506168309075,0.4978149943421328,2.778055699763648
27,326,1.0,3378.88457693091,0.149888488414928,8.275189415602583,-8.125300927187656,-8.125300927187654,1.7763568394002505e-15,0.09717776162743519,-5.346010695576115,0.9875307623834857,2.7792902316115407,0.3749104632148429,0.49783749722599085,2.770587233301969
27,327,1.0,3065.981929443117,0.2415761705271972,8.269699336087417,-8.02812316556022,-8.028123165560219,1.7763568394002505e-15,0.07032562209885906,-5.2461941452494845,0.9901695510826812,2.781929020310736,0.3722522809583877,0.49777418246039984,2.7729639159971047
27,328,1.0,2857.7718977518016,0.3108625463084985,8.26866008976986,-7.9577975434613615,-7.9577975434613615,0.0,-0.026781123584044053,-5.177873438092484,0.9881646361408233,2.779924105368878,0.3743090863969077,0.4976200441674503,2.7703383325361064
27,329,1.0,2935.3402883139615,0.2855319594829777,8.270110626528382,-7.9845786670454055,-7.984578667045405,8.881784197001252e-16,0.07167472316997703,-5.205730827498834,0.9870883703185159,2.778847839546571,0.37313013449473237,0.4976903059660147,2.769557870096176
27,330,1.0,2732.313441719904,0.3567462608958243,8.269650204771253,-7.9129039438754285,-7.9129039438754285,0.0,-0.15810485675549568,-5.13656833202196,0.9845761426254139,2.7763356118534688,0.37472111549929343,0.4976080451820786,2.766727140754176
27,331,1.0,3200.328694778075,0.20503402490631928,8.27604282553724,-8.071008800630924,-8.07100880063092,3.552713678800501e-15,-0.0621266236424578,-5.295319594591949,0.9839297368109197,2.7756892060389746,0.37522925407654484,0.4978354198435655,2.767012546622599
27,332,1.0,3405.4604064977493,0.14559489515734175,8.278730319430723,-8.133135424273382,-8.133135424273382,0.0,0.10377271448148662,-5.3588075151625745,0.9825684398827533,2.774327909110808,0.37596124328172664,0.4978967865236681,2.765883864020242
27,333,1.0,3069.7847060261574,0.24866056488149862,8.278023274673393,-8.029362709791895,-8.029362709791894,1.7763568394002505e-15,0.030391629636102202,-5.257940950138751,0.979662290425089,2.771421759653144,0.37587855109497215,0.49777350018940286,2.762509594092659
27,334,1.0,2977.8923976074702,0.2733040028596937,8.272275083015483,-7.998971080155793,-7.99897108015579,3.552713678800501e-15,0.0024670431438478246,-5.222526916409909,0.9846846945178273,2.7764441637458823,0.3763511516556701,0.49765705072017363,2.7670388719980212
27,335,1.0,2970.5548633132103,0.27459410235598525,8.271098139367929,-7.996504037011945,-7.996504037011944,1.7763568394002505e-15,-0.06202308136186119,-5.2193990983374094,0.9853454694464805,2.7771049386745355,0.37552894198456294,0.49765986083539504,2.7677115711200364
27,336,1.0,3160.6314683507117,0.21549319346106965,8.274020311834875,-8.058527118373807,-8.058527118373805,1.7763568394002505e-15,0.03779180018314676,-5.2824642436922264,0.984303405453525,2.77606287468158,0.3762704887768009,0.49772696595594973,2.766945465204222
27,337,1.0,3043.41438833033,0.2551273361227557,8.275862654313414,-8.02073531819066,-8.020735318190658,1.7763568394002505e-15,-0.04245370158698236,-5.248248094679165,0.9807277542834395,2.772487223511494,0.3754770555984314,0.497670177191583,2.7631606218754228
27,338,1.0,3175.400419579062,0.20581630751807314,8.269005327295714,-8.063189019777642,-8.06318901977764,1.7763568394002505e-15,0.075899778585522,-5.283137129092517,0.9882924214570696,2.7800518906851246,0.3759770208566672,0.4974807106806713,2.769882331821845
27,339,1.0,2943.30753884484,0.2840522671070651,8.271341508299184,-7.98728924119212,-7.987289241192118,1.7763568394002505e-15,-0.10924882684491077,-5.212736765649363,0.982793006314702,2.7745524755427566,0.37652639685926736,0.49741612907847416,2.7641756353326863
27,340,1.0,3283.0825702461816,0.1700935244100687,8.2666315924471,-8.096538068037031,-8.096538068037031,0.0,0.043276607760892816,-5.314023507773882,0.9907550910350942,2.782514560263149,0.37745214377407404,0.49736498738021795,2.7718433020769484
27,341,1.0,3144.032404516808,0.21541931290301483,8.268680773179149,-8.053261460276138,-8.053261460276135,3.552713678800501e-15,-0.025823401355962616,-5.27421851810471,0.987283472943373,2.779042942171428,0.3771154048474683,0.49737668303193977,2.7684592931277905
27,342,1.0,3226.2793932048125,0.1931329901464804,8.272217851778581,-8.0790848616321,-8.0790848616321,0.0,0.03831182336645078,-5.303075333978038,0.9842500584260071,2.7760095276540624,0.376585916312975,0.49748191359482313,2.765881669063319
27,343,1.0,3105.0125563289,0.23290093177570137,8.273673970041354,-8.04077303826565,-8.040773038265653,3.552713678800501e-15,-0.045709601708608716,-5.267665162344917,0.981348406692678,2.773107875920733,0.37631556536874256,0.49748462221142725,2.7630208352571217
27,344,1.0,3250.235193623795,0.17983866931363124,8.266321309287889,-8.086482639974259,-8.086482639974259,0.0,0.0834714714810687,-5.3049479429065,0.989775227839704,2.781534697067759,0.377367631501333,0.49730865116146994,2.7706428120757756
27,345,1.0,2989.947681762017,0.26863032806712805,8.271641496560317,-8.00301116849319,-8.003011168493188,1.7763568394002505e-15,0.12208311977479891,-5.229817133976268,0.9814345652888653,2.7731940345169206,0.3763015905103112,0.4973856405409281,2.762710039884936
27,346,1.0,2646.3273411453692,0.3809841655507099,8.261912214269099,-7.880928048718391,-7.880928048718389,1.7763568394002505e-15,-0.05371284716495417,-5.102737741702832,0.9864308377875037,2.7781903070155587,0.37648441098847163,0.497094286863101,2.76645320510972
27,347,1.0,2792.3558128175105,0.33278437227183266,8.26742526815518,-7.934640895883345,-7.934640895883346,8.881784197001252e-16,0.027609362957072392,-5.159887749010161,0.9829936776451286,2.774753146873184,0.3759952067609834,0.49729862064639846,2.763896622517746
27,348,1.0,2716.3151944646147,0.35352007721261225,8.260551610138885,-7.907031532926273,-7.907031532926273,0.0,0.042797877804222395,-5.126909396915747,0.9883626667824718,2.7801221360105273,0.37704618376846766,0.4971034993213969,2.7684158229854208
27,349,1.0,2602.5152367267947,0.3981286525419437,8.262362307663992,-7.86423365512205,-7.864233655122048,2.6645352591003757e-15,-0.0935251588272843,-5.088106726273588,0.9843674596204085,2.776126928848463,0.37613527559373583,0.49718341981994313,2.764797063499563
27,350,1.0,2857.661219783984,0.3088582410985304,8.266617055047865,-7.957758813949335,-7.957758813949335,0.0,-0.04011840295281033,-5.182150352814435,0.983848991906845,2.7756084611348997,0.3754381818081342,0.4973284649133771,2.7648932558151658
27,351,1.0,2974.6367714699322,0.264251840198113,8.262129057100257,-7.997877216902145,-7.997877216902144,8.881784197001252e-16,0.0795161088539631,-5.215707732981554,0.9904100146925344,2.782169483920589,0.3767924563007598,0.49732568592951026,2.77139161841824
27,352,1.0,2747.264883874743,0.3490544530049689,8.267415561053149,-7.918361108048182,-7.918361108048179,2.6645352591003757e-15,-0.004145351393727736,-5.145292848952313,0.9813087898678136,2.7730682590958686,0.3763382688626814,0.4973094761350047,2.7622803212839036
27,353,1.0,2758.676899255042,0.3355846337439172,8.25809109318583,-7.92250645944191,-7.922506459441912,2.6645352591003757e-15,-0.09076070372200551,-5.1409290516734805,0.9898179385403747,2.7815774077684297,0.3774437012630194,0.49721103189485594,2.7702966222226686
27,354,1.0,3020.770357677663,0.2512702845897046,8.264537447753622,-8.013267163163915,-8.013267163163917,1.7763568394002505e-15,-0.09816241539228265,-5.234884169442595,0.9866235244932641,2.7783829937213187,0.3770232666990515,0.4973852821684645,2.767845376995235
27,355,1.0,3332.338465987452,0.15437872797116722,8.265808306527365,-8.111429578556198,-8.111429578556198,0.0,0.10504607129543331,-5.331155599068944,0.9885145102591993,2.7802739794872546,0.3771498102281091,0.49748895340980015,2.770137285114694
27,356,1.0,3000.047819212664,0.26045350661623967,8.266837013877005,-8.006383507260765,-8.006383507260765,0.0,-0.03564138511840653,-5.23075122644157,0.9838728115911394,2.775632280819194,0.37642646833099314,0.49738238102958654,2.7651182407437975
27,357,1.0,3108.902013078343,0.22053147972427384,8.262556372103443,-8.042024892379171,-8.04202489237917,1.7763568394002505e-15,0.0034621925342683824,-5.261628000451505,0.9886374226996096,2.7803968919276643,0.3772010989853778,0.49734079171136286,2.7696543825490516
27,358,1.0,3098.157007111779,0.2250815724215412,8.263644272266443,-8.038562699844903,-8.038562699844903,0.0,-0.040607779219319795,-5.259219321970952,0.9875839086458962,2.779343377873951,0.3765441103317407,0.49737147412985433,2.768756116417722
27,359,1.0,3226.5556307869756,0.1789255021612479,8.25809598122547,-8.079170479064222,-8.079170479064222,0.0,0.1016321674086571,-5.292949449046565,0.994461560789602,2.786221030017657,0.3777714744680942,0.4973193964891567,2.7753549428600723
27,360,1.0,2914.7470264964663,0.27746737285016565,8.25500568450573,-7.977538311655565,-7.977538311655564,1.7763568394002505e-15,0.014115061379708749,-5.191629103147137,0.9941497392803743,2.785909208508429,0.3779789586988865,0.49714246446669813,2.7743329267470003
27,361,1.0,2873.894191720162,0.29912616433856565,8.262549414614423,-7.963423250275857,-7.9634232502758575,8.881784197001252e-16,-0.040326628534638864,-5.18618784985371,0.9854759311940912,2.7772354004221462,0.37619532695297087,0.49721833346291966,2.7660613069148465
27,362,1.0,2992.1572029603194,0.252517354916697,8.256267233727193,-8.003749878810495,-8.003749878810495,0.0,0.026938844064654077,-5.218695562828121,0.9932948467543211,2.7850543159823764,0.3751201803841522,0.497151177794039,2.773568679253929
27,363,1.0,2912.627968950623,0.2735395364399191,8.25035057118576,-7.976811034745841,-7.9768110347458405,8.881784197001252e-16,0.04980389596706214,-5.1868273490796355,0.9982242164381508,2.789983685666206,0.37666328736492727,0.4970146364553958,2.7778739024563137
27,364,1.0,2771.1208013737687,0.3316990552606074,8.258706194039387,-7.927007138778779,-7.92700713877878,8.881784197001252e-16,0.00025300426738805726,-5.148137511952084,0.98711015759864,2.7788696268266952,0.37690493334911046,0.4970460272818054,2.766973750018584
27,365,1.0,2770.4197846694215,0.3325524373206049,8.259306571831996,-7.926754134511391,-7.92675413451139,8.881784197001252e-16,0.08592217878178676,-5.148575993142768,0.9864186721405682,2.7781781413686235,0.37719806080462936,0.49697459494169144,2.765983488243011
27,366,1.0,2542.319051138356,0.40864913206376086,8.249481087793365,-7.8408319557296045,-7.840831955729604,8.881784197001252e-16,0.08931608382649703,-5.056497886800826,0.9925745997007228,2.784334068928777,0.37801729959683283,0.4966612672675709,2.770735346892787
27,367,1.0,2325.0942896867323,0.489556718846126,8.241072590749233,-7.751515871903107,-7.751515871903107,0.0,0.03295384560990389,-4.963325384672045,0.9964310180030077,2.7881904872310628,0.3785484055396653,0.4963779132112915,2.7732857904566326
27,368,1.0,2249.722212112595,0.5185819806290501,8.23714400692225,-7.7185620262932035,-7.7185620262932,3.552713678800501e-15,-0.07541455643138839,-4.929012813160832,0.9977897439043151,2.78954921313237,0.37845912285066735,0.4962108789614487,2.773940332937064
27,369,1.0,2425.9453991676137,0.4552493901122593,8.24922597283685,-7.793976582724592,-7.793976582724591,8.881784197001252e-16,-0.16985598904832067,-5.013803599923595,0.9884135135729414,2.780172982800996,0.377463829638356,0.4965043546903942,2.7660198725492866
27,370,1.0,2875.070779177939,0.28561456092614396,8.249447132699057,-7.963832571772913,-7.9638325717729135,8.881784197001252e-16,0.02072016516643682,-5.176580290908243,0.9954928116366153,2.7872522808646703,0.37686727878550563,0.49664635137029234,2.773620933854975
27,371,1.0,2816.111767367149,0.3141745672110816,8.25728697381756,-7.943112406606476,-7.943112406606479,3.552713678800501e-15,-0.10008646086012796,-5.165370238819521,0.9859826985588995,2.7777421677869545,0.3767204574957104,0.4967958274224758,2.7648489928087217
27,372,1.0,3112.553929801167,0.21311322970714625,8.256312097173751,-8.043198867466604,-8.043198867466606,1.7763568394002505e-15,-0.007477373153390587,-5.260693994705622,0.9907454035329272,2.7825048727609825,0.37538619662330946,0.4968906542522122,2.7699393235096252
27,373,1.0,3135.914887448467,0.1971856407984354,8.24786188141843,-8.050676240619994,-8.050676240619994,0.0,0.018033583397187414,-5.2607038580181325,0.9982129133738065,2.7899723826018614,0.37643614224364697,0.49671931771836575,2.7766197853313
27,374,1.0,3079.8699690108656,0.20678847474555262,8.239431131968361,-8.032642657222807,-8.032642657222809,1.7763568394002505e-15,0.01756531297745134,-5.234102010408291,1.006781177586461,2.798540646814516,0.3744530243256308,0.4966100112976716,2.7846243906936756
27,375,1.0,3026.243451181169,0.23384625525472114,8.248923599500078,-8.015077344245356,-8.015077344245356,0.0,0.10377806492932429,-5.22688618848762,0.9964316865296828,2.788191155757738,0.37541959094191096,0.49671039697061053,2.7748335177572554
27,376,1.0,2727.932511076937,0.33721746711329575,8.248516746429326,-7.911299279316031,-7.91129927931603,8.881784197001252e-16,0.025916228291182897,-5.12696004719276,0.9925797628952152,2.7843392321232705,0.37599548942093974,0.4965976092679411,2.770561039030312
27,377,1.0,2658.143035484368,0.3584312697263861,8.243814320751234,-7.885383051024848,-7.8853830510248475,8.881784197001252e-16,-0.06070247515176064,-5.0973563298738265,0.9962672519229662,2.7880267211510215,0.3757115242733588,0.4964527765527526,2.773605722885159
27,378,1.0,2824.496863143937,0.30005743787895967,8.246142964055567,-7.946085526176609,-7.946085526176607,1.7763568394002505e-15,-0.15330298204912385,-5.158282004732978,0.9960440522155753,2.7878035214436303,0.3756185446126127,0.496565859087299,2.773856906431146
27,379,1.0,3292.4541509670507,0.15461685436082404,8.254005362586556,-8.099388508225733,-8.099388508225731,1.7763568394002505e-15,0.05992066186555256,-5.314701545415401,0.9929274935822775,2.784686962810332,0.3772624569399709,0.496812275425794,2.771758627901194
27,380,1.0,3100.962562658411,0.20922466247096774,8.248692508831148,-8.03946784636018,-8.03946784636018,0.0,-0.051875260950488666,-5.251816432445408,0.995891944686717,2.7876514139147717,0.37781344422075147,0.49654650024555763,2.773612694146463
27,381,1.0,3266.071309904804,0.16260969952852933,8.253952806839198,-8.091343107310669,-8.091343107310669,0.0,-0.06055935106117616,-5.307895999021744,0.9916876390608703,2.783447108288925,0.3773839070293248,0.49673124242051175,2.7701998858801447
27,382,1.0,3469.9742715407438,0.10481897172943945,8.256721430101283,-8.151902458371845,-8.151902458371843,1.7763568394002505e-15,0.04328473580556924,-5.369937586891162,0.9902054022526287,2.781964871480684,0.377142211531517,0.4968482389528915,2.7691907047901414
27,383,1.0,3322.9815713965186,0.15276496961967062,8.261382692185945,-8.108617722566276,-8.108617722566274,1.7763568394002505e-15,0.004095455250590518,-5.332391238278066,0.984467015060155,2.7762264842882103,0.37677907627402263,0.49686377614480154,2.7635974811871105
27,384,1.0,3309.4002788432413,0.1567897939543354,8.261312061270019,-8.104522267315685,-8.104522267315684,1.7763568394002505e-15,-0.08417398914537699,-5.328787089646128,0.9839757084415005,2.775735177669556,0.37656485834711695,0.4969047575723135,2.763271897366455
27,385,1.0,3600.025675352258,0.05930375177769324,8.248000008238755,-8.188696256461062,-8.188696256461062,0.0,0.062011886096426494,-5.397811396987417,0.9991253902455902,2.790884859473645,0.3758582338363957,0.4968399118665178,2.7779763857444184
27,386,1.0,3383.5623066852645,0.11517291438109534,8.24185728474573,-8.126684370364636,-8.126684370364636,0.0,0.03714039745134379,-5.332222939464457,1.002701961672124,2.7944614309001783,0.3790151706268527,0.4965737485279071,2.780389005407446
27,387,1.0,3260.2004914461813,0.1320035906933723,8.221547563606666,-8.089543972913292,-8.089543972913294,1.7763568394002505e-15,-0.02851119983078476,-5.275641486765216,1.0221430169200223,2.8139024861480775,0.37907039914633606,0.49620425457672,2.7979411266634826
27,388,1.0,3354.4904924921075,0.12524526081100712,8.243300433555087,-8.118055172744077,-8.118055172744079,1.7763568394002505e-15,0.17925948155911087,-5.325311693746671,1.0009840097693505,2.792743478997405,0.37791338279078096,0.4965434533709186,2.7786005203664916
27,389,1.0,2803.9816143177577,0.3085884075231391,8.247384098708103,-7.938795691184966,-7.938795691184964,1.7763568394002505e-15,0.03781910208525652,-5.156150485518509,0.990885736438401,2.7826452056664563,0.37797229145784533,0.49638519288533084,2.768019254213062
27,390,1.0,2699.9177514424523,0.3495679960126118,8.250544585112321,-7.9009765890997095,-7.9009765890997095,0.0,0.0134813117047754,-5.122616483864586,0.986600636007069,2.7783601052351243,0.3772143618412178,0.4963618933986164,2.7636997570572728
27,391,1.0,2663.763569129399,0.36894191632550344,8.256437193720437,-7.887495277394934,-7.887495277394933,8.881784197001252e-16,0.05159225857407623,-5.115349207450131,0.9803866007167491,2.7721460699448044,0.3763627527623763,0.4965145920271314,2.7581810963074846
27,392,1.0,2529.8189523394326,0.41016371580091215,8.246066734621767,-7.835903018820858,-7.835903018820854,3.552713678800501e-15,-0.15303712673170455,-5.05534908349471,0.9887944660980917,2.7805539353261466,0.3751497854980245,0.49630578350572646,2.7656421001390488
27,393,1.0,2948.1706712735768,0.26343106063944377,8.252371206192006,-7.988940145552562,-7.988940145552562,0.0,0.0951787426993933,-5.208614281008242,0.9885663953162664,2.7803258645443214,0.3739809604067377,0.4966293159177478,2.7667501695739047
27,394,1.0,2680.5074506894925,0.3553276450582161,8.249089047911383,-7.893761402853169,-7.893761402853167,1.7763568394002505e-15,0.08797964177879436,-5.114117706988177,0.987884226636937,2.779643695864992,0.3750554723723796,0.4964269516881565,2.7652468871167457
27,395,1.0,2454.753827019541,0.4381579205102121,8.243939681584585,-7.805781761074375,-7.805781761074373,1.7763568394002505e-15,0.15018250595849292,-5.023831164694189,0.9901911271521312,2.7819505963801863,0.3745284131231392,0.4962610390479301,2.7668280522242057
27,396,1.0,2112.4406308903795,0.5762744318437856,8.231873686959668,-7.655599255115882,-7.655599255115883,8.881784197001252e-16,-0.013943496847147685,-4.869201253675306,0.994638532212521,2.7863980014405763,0.37630554228872765,0.4959018032095346,2.7696576184453114
27,397,1.0,2142.1017494629073,0.5689267143922007,8.23846946635523,-7.6695427519630295,-7.6695427519630295,0.0,-0.05365671199080868,-4.890271100784326,0.9875121819506489,2.779271651178704,0.3778432687699789,0.4959392250851867,2.7628032788677506
27,398,1.0,2260.1793871328005,0.5201311825871001,8.243330646540937,-7.723199463953838,-7.723199463953836,1.7763568394002505e-15,-0.09000651103983781,-4.946558142097319,0.9848818526284641,2.7766413218565194,0.3768609178297015,0.49609824093375154,2.7608956818537655
27,399,1.0,2473.0462640116375,0.43444477058167663,8.247650745575351,-7.813205974993676,-7.813205974993674,1.7763568394002505e-15,-0.14504079022170213,-5.037186366047867,0.9842601397177541,2.776019608945809,0.3770676981556548,0.4961758704701084,2.760616693344448
27,400,1.0,2859.0559594489177,0.30032050326071125,8.258567268476089,-7.958246765215378,-7.958246765215377,8.881784197001252e-16,0.09121803222090641,-5.186734629386508,0.979752666600815,2.77151213582887,0.3765311987276416,0.49654531997987306,2.757670810237857
27,401,1.0,2609.79964497934,0.38392757247128395,8.250956305465756,-7.867028732994472,-7.867028732994473,8.881784197001252e-16,0.09723575140678786,-5.0918015108963655,0.9834677528700508,2.775227222098106,0.37606389325239453,0.4963090068207355,2.7603742117399364
27,402,1.0,2367.981021938458,0.47647341519493214,8.24626639678262,-7.769792981587684,-7.769792981587687,3.552713678800501e-15,-0.08470570424248347,-4.994731770299649,0.9833017420599802,2.7750612112880355,0.37666934095898574,0.49611903357121007,2.759418035219236
27,403,1.0,2577.3027513157313,0.3984058289878593,8.252904514818027,-7.854498685830167,-7.854498685830168,8.881784197001252e-16,-0.055878721044572366,-5.082775111642628,0.9799641049594857,2.7717235741875403,0.3764332517517266,0.4962908303954485,2.7568536200835685
27,404,1.0,2725.4188640822354,0.3459986434616332,8.256376050336371,-7.91037740687474,-7.910377406874738,1.7763568394002505e-15,-0.03473220027955559,-5.140499433297065,0.9781185043496192,2.769877973577674,0.37644641271420265,0.4964396139191624,2.7556349821685617
27,405,1.0,2821.741727540021,0.3098609527004265,8.25497055985472,-7.945109607154295,-7.945109607154293,2.6645352591003757e-15,0.06862939899380915,-5.172498465039252,0.9808516728869886,2.7726111421150432,0.3760975781572529,0.4964560478133791,2.7584074557298943
27,406,1.0,2634.583036826205,0.37807100652269293,8.254551214683183,-7.876480208160486,-7.87648020816049,3.552713678800501e-15,-0.030371285067598564,-5.10630479989585,0.9784159390365806,2.770175408264636,0.3764505159627765,0.4963783792363976,2.755681294160167
27,407,1.0,2715.8261939178938,0.3475988702330416,8.254450363461125,-7.906851493228085,-7.906851493228083,1.7763568394002505e-15,-0.16129466054644137,-5.135362326988621,0.9797296970114084,2.7714891662394634,0.37636949954486676,0.4964436162317316,2.7572372755405343
27,408,1.0,3191.180384338929,0.1876987303072925,8.255844884081819,-8.068146153774526,-8.068146153774526,0.0,-0.31990576315894437,-5.291916518874095,0.9844701656723777,2.776229634900432,0.37706526633820237,0.4966469800160816,2.7627393374325977
27,409,1.0,4394.248988621568,-0.14537590302652625,8.242676013906944,-8.38805191693347,-8.38805191693347,0.0,0.04042649861071368,-5.590411337155696,1.0058811105497198,2.797640579777775,0.37980901467294337,0.4967826683875009,2.7843691386705074
27,410,1.0,4220.147750241637,-0.1002943988143427,8.247331019508414,-8.347625418322757,-8.347625418322757,0.0,0.18339798874086455,-5.554929344669808,1.0009366044248946,2.7926960736529494,0.3791139944365805,0.49678089298541694,2.7794921408401945
27,411,1.0,3513.0062437168845,0.09095998533710034,8.255187414918991,-8.164227429581892,-8.16422742958189,1.7763568394002505e-15,-0.06913968781721636,-5.383482261635361,0.9889856987184759,2.780745167946531,0.37740827247001313,0.4966591368158431,2.76726528047868
27,412,1.0,3764.487908855488,0.01992043910924804,8.253287556508354,-8.233367117399109,-8.233367117399107,1.7763568394002505e-15,0.1437197740971019,-5.44945567411026,0.9921519740607941,2.783911443288849,0.3778170923898651,0.49666209389380905,2.7703765324780334
27,413,1.0,3260.5375170572024,0.16770298363846706,8.257350326940474,-8.089647343302007,-8.089647343302007,0.0,0.12795924454451058,-5.3142640134091605,0.9836238606647916,2.7753833298928465,0.3768003526692737,0.4965414869398301,2.761485463064201
27,414,1.0,2868.9118736382256,0.28941223037194075,8.251100329129434,-7.961688098757496,-7.961688098757493,2.6645352591003757e-15,-0.01206407246716612,-5.184478112279748,0.9854505172496933,2.777209986477748,0.377437741918512,0.49627664604136457,2.762229583381908
27,415,1.0,2903.7322498371527,0.2679254731226035,8.241677644347266,-7.973752171224662,-7.973752171224663,8.881784197001252e-16,-0.0528871713119603,-5.186744109969088,0.9952485920275196,2.7870080612555745,0.3776506489673791,0.49606604291523704,2.7710634274621526
27,416,1.0,3061.4359284308466,0.21889326817168014,8.245532610708304,-8.026639342536622,-8.026639342536624,1.7763568394002505e-15,0.019285946869107562,-5.242258403332032,0.9926214699765371,2.784380939204592,0.3772190320534087,0.4962589749724115,2.769291982362349
27,417,1.0,3002.9589423162834,0.2282449410251895,8.235598336692703,-8.007353395667515,-8.007353395667513,1.7763568394002505e-15,-0.06475081517902659,-5.2132167753777034,1.0023771510617563,2.794136620289812,0.3778636472571089,0.496075864324898,2.778184897850457
27,418,1.0,3203.836288299818,0.16185772071661345,8.233961931563153,-8.072104210846542,-8.07210421084654,1.7763568394002505e-15,-0.14781537127766953,-5.274630065741148,1.005714675877339,2.7974741451053937,0.3794462985462582,0.4961025167010335,2.7815936407897563
27,419,1.0,3714.2036821306656,0.005168906968848981,8.225088489093059,-8.219919582124211,-8.21991958212421,1.7763568394002505e-15,-0.13219521163116177,-5.40848183792873,1.019678274967425,2.81143774419548,0.38113232452887724,0.49604761522933005,2.795143514430323
27,420,1.0,4239.136169052221,-0.1293596113484076,8.222755182406967,-8.352114793755373,-8.352114793755375,1.7763568394002505e-15,-0.043230350686146224,-5.535820687751349,1.0245346367759691,2.816294106004024,0.3816234888409801,0.49624491626932793,2.8007446555481166
27,421,1.0,4426.41439847238,-0.17798749225341415,8.217357652188102,-8.395345144441519,-8.395345144441517,1.7763568394002505e-15,0.24333911081566129,-5.572976302383265,1.0306093728301977,2.822368842058253,0.3819221164600736,0.4961251919705232,2.806209457534333
27,422,1.0,3470.333693620634,0.0875926978406564,8.239598731466518,-8.152006033625858,-8.152006033625861,3.552713678800501e-15,0.0070954295728196115,-5.35866733219136,1.0015792322064438,2.793338701434499,0.3792199841468554,0.4961941629561049,2.777886642473255
27,423,1.0,3445.7973362416456,0.09983675000117215,8.244747354054208,-8.144910604053038,-8.144910604053036,1.7763568394002505e-15,-0.030387341939833945,-5.357619966436277,0.9955311683887063,2.787290637616761,0.3787248790489587,0.49619573299978903,2.771879462507387
27,424,1.0,3552.113104161358,0.06724258133151184,8.242540527324381,-8.175297945992872,-8.17529794599287,1.7763568394002505e-15,-0.12196591593718153,-5.3854072609537935,0.9981312158110237,2.789890685039079,0.3772763789918486,0.49627510539623804,2.774806566800906
27,425,1.0,4012.8775719117148,-0.071026702321563,8.22623715960849,-8.297263861930054,-8.297263861930052,1.7763568394002505e-15,0.03913653317640886,-5.487249355632973,1.0182550370690253,2.81001450629708,0.3742709396099364,0.49631195367266656,2.7948533944219704
27,426,1.0,3858.8609519918036,-0.03005293430354016,8.228074394450108,-8.258127328753645,-8.258127328753648,3.552713678800501e-15,-0.009127053862906465,-5.451447532062722,1.0149203274628684,2.8066797966909234,0.37229547132888835,0.49637010818036237,2.791790571374184
27,427,1.0,3894.242201421063,-0.04612400678293155,8.22113037583362,-8.267254382616551,-8.267254382616553,1.7763568394002505e-15,-0.08298307750292899,-5.452922667245097,1.0225722461433986,2.8143317153714533,0.36976008534479793,0.49639011229799396,2.799419247788697
27,428,1.0,4231.185361629179,-0.1407028931942061,8.209534566925274,-8.35023746011948,-8.35023746011948,0.0,0.21357474066672744,-5.522972245893328,1.035505744998096,2.8272652142261516,0.3673384891916946,0.4964120079472429,2.812199511457113
27,429,1.0,3417.493680551603,0.07864044107326641,8.215303160526016,-8.136662719452753,-8.13666271945275,3.552713678800501e-15,0.1528164163577097,-5.319371975407076,1.0255312748176213,2.8172907440456765,0.36661066742882276,0.49623611810734863,2.8017193785331833
27,430,1.0,2933.191337907708,0.2424630620705113,8.226309365165555,-7.983846303095043,-7.983846303095044,8.881784197001252e-16,0.0305082792991751,-5.184162068665589,1.0079247652013983,2.7996842344294532,0.36886355629777057,0.4960710316381043,2.783639670672598
27,431,1.0,2845.055982285603,0.2680908313219003,8.221428855117768,-7.953338023795868,-7.953338023795868,0.0,0.03358225272755799,-5.150107042729066,1.011471511838746,2.803230981066801,0.3711894111160031,0.4959174215830114,2.7864477515959565
27,432,1.0,2751.09906568909,0.3017774755091315,8.221533246577444,-7.91975577106831,-7.919755771068313,2.6645352591003757e-15,0.056992076579477136,-5.118088125566957,1.0099081762732982,2.8016676455013534,0.3728374358876763,0.4957301576128734,2.784186291545403
27,433,1.0,2598.692452141232,0.3700172192650309,8.232780913753864,-7.862763694488833,-7.862763694488833,0.0,-0.022993855361569615,-5.077008773592181,0.9939954516685964,2.7857549208966517,0.37480521233024977,0.49569734895689893,2.7683361363919925
27,434,1.0,2659.1386933540243,0.34943727109636147,8.235194820946766,-7.8857575498504024,-7.885757549850405,2.6645352591003757e-15,-0.0184401393742597,-5.102587635266855,0.9914104453554927,2.7831699145835476,0.377043809356923,0.49572530484761534,2.765866453206329
27,435,1.0,2708.6284783792958,0.31600979395433704,8.220207483179,-7.904197689224662,-7.904197689224662,0.0,-0.013235066057043277,-5.104836670276854,1.0076015497197528,2.799361018947808,0.3806560801587106,0.49542817274485285,2.7805554706163154
27,436,1.0,2744.7156364031125,0.2941017800597315,8.211534535341436,-7.917432755281705,-7.917432755281704,1.7763568394002505e-15,-0.05103290653383041,-5.108412928866904,1.0172603571867465,2.809019826414802,0.3815640512025933,0.4953230992010911,2.7896003199955826
27,437,1.0,2888.42214613661,0.23088972777986674,8.1993553895954,-7.968465661815536,-7.968465661815533,2.6645352591003757e-15,-0.040245398122820575,-5.144615122301936,1.0320910702855455,2.8238505395136,0.38389068602843024,0.4951428888685421,2.8033891124505144
27,438,1.0,3007.0387212374344,0.1862734727052023,8.19498453264356,-8.008711059938356,-8.008711059938356,0.0,0.09608800467190104,-5.178832491688186,1.0381190990221152,2.82987856825017,0.3848497906394186,0.49511228275507846,2.8091810276798146
27,439,1.0,2731.546073775484,0.2974785483256652,8.210101603592122,-7.912623055266455,-7.912623055266456,8.881784197001252e-16,-0.100275573468676,-5.103037200104108,1.0178263859342929,2.8095858551623483,0.3816648381576001,0.4952234471019239,2.7897352315098303
27,440,1.0,3019.6573049111394,0.19386646948411784,8.20676509821925,-8.012898628735131,-8.012898628735133,1.7763568394002505e-15,0.21409429554221582,-5.196453888487053,1.0246852710200238,2.8164447402480786,0.38244150654522757,0.4953122923950774,2.7968835612076917
27,441,1.0,2437.685574721069,0.4165873829811656,8.215391716174082,-7.7988043331929155,-7.798804333192916,8.881784197001252e-16,-0.0202732382514883,-5.000572883975966,1.0064719799888946,2.7982314492169493,0.38057024143213164,0.4951964671737046,2.7783800278386153
27,442,1.0,2487.609707168153,0.4018399648017176,8.220917536246121,-7.819077571444404,-7.819077571444404,0.0,0.08760180726087263,-5.026071929706254,1.001246172510096,2.793005641738151,0.37992000116613944,0.49523480200589215,2.773457506990145
27,443,1.0,2278.9629322248084,0.48181576817483474,8.213291532358365,-7.731475764183531,-7.73147576418353,8.881784197001252e-16,0.005856155093623805,-4.9347188221878655,1.0049974727676112,2.796756941995666,0.3784118037175492,0.49506174256921415,2.7763548268462457
27,444,1.0,2265.6559736772815,0.48957069911104895,8.215190308200956,-7.725619609089907,-7.725619609089907,0.0,-0.0792131815004975,-4.931580384500729,1.002279755361123,2.7940392245891776,0.37635197546798593,0.4951086775999331,2.773921915790966
27,445,1.0,2452.4254430508518,0.42015068784003906,8.224983478430444,-7.804832790590405,-7.804832790590405,0.0,-0.04520840417292771,-5.017654960650064,0.9954183607122857,2.7871778299403402,0.3763690661868124,0.4952407846346742,2.7678336095004377
27,446,1.0,2565.840013829822,0.38152341968949827,8.23156461445283,-7.850041194763333,-7.850041194763333,0.0,-0.09564580623451402,-5.06925046951419,0.989031256021088,2.7807907252491435,0.37833949387579857,0.49534978136628505,2.7619739623606097
27,447,1.0,2823.371454293416,0.2854974238182561,8.231184424816103,-7.945687000997847,-7.945687000997847,0.0,0.15465874609787278,-5.160965351043845,0.9929621807259466,2.7847216499540015,0.37866661186592,0.49544681863463264,2.7662680703668046
27,448,1.0,2418.803450422877,0.43150109991655705,8.222529354816531,-7.791028254899974,-7.791028254899975,8.881784197001252e-16,0.006415487347032567,-5.004771585996109,0.9944971996758095,2.786256668903864,0.37890059084890615,0.49514557622634975,2.766464533864525
27,449,1.0,2403.3353183482272,0.4403188576609223,8.224931625213864,-7.784612767552941,-7.784612767552942,8.881784197001252e-16,0.06122047026470323,-5.001352222365838,0.9915010759590475,2.7832605451871024,0.3765487973706982,0.4951536771519587,2.7635975656565415
27,450,1.0,2260.6152670851056,0.49812102722916185,8.2215133245174,-7.723392297288238,-7.723392297288237,8.881784197001252e-16,0.005303315648614415,-4.939741282415866,0.9918915456443168,2.783651014872372,0.3749975457382467,0.4949981223714841,2.7633264562853874
27,451,1.0,2248.6582447200003,0.5044911696051618,8.222580151244784,-7.718088981639624,-7.718088981639623,8.881784197001252e-16,0.05403357573177914,-4.9370429442803205,0.9892865681312486,2.7810460373593036,0.3747156621105828,0.494948070892755,2.76061348131353
27,452,1.0,2130.379487346617,0.5485287023094266,8.212584108217268,-7.6640554059078445,-7.664055405907841,3.552713678800501e-15,-0.001408875036697843,-4.875882909263969,0.9964130274158206,2.7881724966438752,0.3757728291180047,0.4947555733781825,2.7667553069721085
27,453,1.0,2133.383041144197,0.5436258137560739,8.209090094700617,-7.665464280944542,-7.665464280944543,8.881784197001252e-16,0.09321813474589291,-4.874012538688199,0.9996922730282884,2.791451742256344,0.3739690762927161,0.494716744170526,2.7698258356359005
27,454,1.0,1943.5007694441854,0.629748534455371,8.201994680654023,-7.572246146198649,-7.572246146198652,2.6645352591003757e-15,-0.03070650859592572,-4.778931075935932,1.0015556010346625,2.7933150702627176,0.3775618478476728,0.4943978184081476,2.770163418380621
27,455,1.0,2004.1045966795614,0.5984588430037924,8.201411497798368,-7.602952654794575,-7.602952654794576,8.881784197001252e-16,0.01914891379565198,-4.807474703916606,1.0037184816499145,2.795477950877969,0.37692073260159165,0.49444764300958854,2.7725124479785848
27,456,1.0,1966.093269826057,0.6251546645407178,8.208958405539644,-7.583803740998923,-7.583803740998926,2.6645352591003757e-15,0.0315844037565709,-4.798808856107754,0.9932354156631135,2.784994884891169,0.3786302805177322,0.4943849340632112,2.762013394520386
27,457,1.0,1904.9658049502607,0.6556102532222507,8.207829590464602,-7.552219337242352,-7.552219337242351,8.881784197001252e-16,0.03279208183660831,-4.768199228366986,0.9922606396473105,2.784020108875365,0.3794007304367009,0.494232769308158,2.760394527468906
27,458,1.0,1843.5111305917042,0.6834481461217184,8.20287540152746,-7.519427255405744,-7.519427255405742,1.7763568394002505e-15,0.003858360991893406,-4.733751154473437,0.9939166317042517,2.7856761009323066,0.3793271215493721,0.49410635073621473,2.7615177259459713
27,459,1.0,1836.4119036546017,0.6877976094091751,8.203366503823027,-7.515568894413851,-7.5155688944138515,8.881784197001252e-16,0.0509590794908279,-4.73098252628919,0.9928268988966039,2.7845863681246588,0.3796246591890381,0.49404844204462867,2.7601959018767217
27,460,1.0,1745.1744743217846,0.7284318218692836,8.193041636792307,-7.464609814923023,-7.464609814923024,8.881784197001252e-16,0.0024932470961580577,-4.67273536249772,1.000114983197247,2.791874452425302,0.38071161377292,0.4937933527888248,2.766147090775858
27,461,1.0,1740.828742873741,0.7306472665874009,8.192763834414265,-7.462116567826865,-7.462116567826865,0.0,-0.05246356207871461,-4.67075510537003,0.9996019932287806,2.7913614624568357,0.38029716348622833,0.49374428644927354,2.7654702821861004
27,462,1.0,1834.5970221347795,0.6831007892384512,8.19768091914403,-7.514580129905579,-7.514580129905579,0.0,-0.0010060398783586777,-4.725227868197458,0.9975927924800665,2.7893522617081214,0.3789833379005595,0.49395063231494246,2.7644289004870557
27,463,1.0,1836.4436286239002,0.6772499127593468,8.192836082543284,-7.515586169783938,-7.515586169783937,8.881784197001252e-16,0.10318275382150333,-4.722157988798641,1.0016687117572423,2.793428180985297,0.37952602089118925,0.4938942454583355,2.7681526056530643
27,464,1.0,1656.4025910936757,0.7664488373781544,8.17885225334059,-7.412403415962435,-7.4124034159624355,8.881784197001252e-16,-0.020307138639050315,-4.611252738414347,1.0093912083200323,2.801150677548087,0.38213177677507043,0.49343059098761216,2.773654773535489
27,465,1.0,1690.3832453447412,0.7528048634617186,8.185515418063202,-7.432710554601485,-7.432710554601484,8.881784197001252e-16,-0.001556672666835901,-4.63717308767482,1.0037779976986094,2.795537466926664,0.3809864456045993,0.49350636354432637,2.7685630660446017
27,466,1.0,1693.0166678959176,0.7493942289721044,8.183661456240424,-7.434267227268321,-7.43426722726832,8.881784197001252e-16,-0.07384202631706582,-4.636507819589686,1.0059999384505807,2.7977594076786354,0.3815910674380169,0.4935402810833096,2.770816439128241
27,467,1.0,1822.76389833736,0.6826410407799668,8.190750294365353,-7.508109253585387,-7.508109253585387,0.0,-0.043682305908250285,-4.714871574514805,1.0014782098425268,2.793237679070582,0.380692295089426,0.4937145844492525,2.7672665300214914
27,468,1.0,1904.1510772404572,0.6469311608831958,8.198722720376834,-7.551791559493637,-7.551791559493638,8.881784197001252e-16,-0.005687359922631252,-4.764768866311688,0.9952632239538938,2.787022693181949,0.3791112742030268,0.49388076264862857,2.7619499856285077
27,469,1.0,1915.0115241245894,0.6391718045984336,8.196650724014702,-7.557478919416268,-7.557478919416269,8.881784197001252e-16,-0.04008533485001031,-4.766665738342165,0.9990537118460482,2.7908131810741033,0.37833373518782215,0.49390683941372826,2.7657028888985824
27,470,1.0,1993.3347206733056,0.609114813805681,8.20667906807196,-7.5975642542662785,-7.597564254266279,8.881784197001252e-16,0.051685193440278,-4.816179975779182,0.9896248092590421,2.781384278487097,0.3771235253335538,0.49404725025009055,2.7571758181578265
27,471,1.0,1892.9260033506594,0.6514161764093365,8.197295237235338,-7.5458790608260005,-7.545879060826001,8.881784197001252e-16,0.08522503510642121,-4.7577690247649675,0.9963505668329787,2.7881100360610342,0.37649329639994905,0.4938074125623599,2.762702166191387
27,472,1.0,1738.2845684703168,0.72706445228752,8.1877184780071,-7.460654025719579,-7.460654025719581,1.7763568394002505e-15,0.05079058705523121,-4.668812159921484,1.00008239657004,2.791841865798095,0.3796480490175207,0.4934564902911667,2.7647703825882624
27,473,1.0,1652.200704722835,0.7685243789221897,8.178387817586538,-7.409863438664348,-7.409863438664348,0.0,0.06937235219520677,-4.612471658715179,1.0056323107211134,2.797391779949168,0.3814652324688317,0.4931331474576334,2.768766863263321
27,474,1.0,1541.4689223521136,0.8226737554076372,8.163164841876778,-7.340491086469141,-7.340491086469141,0.0,-0.11743313922442411,-4.5316627768560505,1.0170688403850368,2.808828309613092,0.38345803228831493,0.4928516017821643,2.778541671061007
27,475,1.0,1733.5458700023437,0.7259728902590349,8.1838971159526,-7.457924225693565,-7.457924225693565,0.0,0.06274193878663947,-4.662965817586656,1.0031989388788556,2.7949584081069108,0.3786778488720718,0.4933667104938315,2.7674438776188097
27,476,1.0,1628.1216818279624,0.781780841766153,8.17696312867308,-7.395182286906926,-7.395182286906927,8.881784197001252e-16,0.09107467602000785,-4.598436824016638,1.0049859936622336,2.796745462890289,0.3818401769497794,0.493050952958467,2.76770971714295
27,477,1.0,1486.3929289553835,0.8522182679637074,8.156325878850623,-7.304107610886918,-7.304107610886916,1.7763568394002505e-15,-0.07010701924507501,-4.4916429546213745,1.0207051870374886,2.812464656265543,0.383907782338355,0.4926204086388357,2.780931451049169
27,478,1.0,1594.339192710111,0.7970388475579593,8.171253477689953,-7.374214630131993,-7.374214630131994,8.881784197001252e-16,0.0642266947532466,-4.572101465043121,1.0103536958608175,2.802113165088872,0.38258803460207286,0.4929149016002318,2.7722070977353765
27,479,1.0,1495.1591505537717,0.8453717252676618,8.155359660646408,-7.3099879353787465,-7.309987935378746,8.881784197001252e-16,-0.017135215784107594,-4.494823387334034,1.0234050788166569,2.8151645480447116,0.3843880661111172,0.4925813982905963,2.7831876316522486
27,480,1.0,1520.999785392332,0.8317000419047784,8.158823193067633,-7.327123151162854,-7.327123151162855,8.881784197001252e-16,-0.0751059919581687,-4.5150872616473405,1.0202764202874584,2.8120358895155135,0.38399323828482973,0.49271992217141586,2.7808358711553525
27,481,1.0,1639.6353411240607,0.761498971458499,8.163728114579524,-7.402229143121023,-7.4022291431210245,1.7763568394002505e-15,-0.06699207989351486,-4.5905513630462575,1.0199183108467114,2.8116777800747665,0.3832017150841207,0.4929230349794724,2.7813477048727613
27,482,1.0,1753.2407702106427,0.7091530838450202,8.178374306859558,-7.469221223014538,-7.469221223014538,0.0,-0.17243446161572606,-4.669447111713507,1.0080146420729756,2.7997741113010304,0.38177024319719827,0.49318093507049104,2.771108929684876
27,483,1.0,2083.1900686093536,0.5485082538877181,8.190163938517982,-7.641655684630264,-7.641655684630264,0.0,-0.02924417340133889,-4.843034805854898,1.0068614095473125,2.798620878775368,0.38127555898342724,0.49359668145633445,2.771915560422949
27,484,1.0,2145.0107822331456,0.5174669447440157,8.188366802775622,-7.670899858031603,-7.670899858031607,4.440892098500626e-15,-0.1284982881083785,-4.869534845332427,1.0096055434711209,2.8013650126991756,0.3817431946704578,0.49354309873077756,2.774397840074339
27,485,1.0,2439.1335338421013,0.40259167152026176,8.201989817660245,-7.799398146139981,-7.799398146139983,1.7763568394002505e-15,-0.004444574950121627,-5.007478697211251,1.0001599797006746,2.7919194489287293,0.37959862912806874,0.49400701145966147,2.7673602954718888
27,486,1.0,2449.998573001174,0.39560649518357066,8.19944921627367,-7.803842721090103,-7.8038427210901,2.6645352591003757e-15,-0.1059393023390296,-5.008959371287493,1.0031238805745544,2.794883349802609,0.37864122106576453,0.4940262780245915,2.7703456766877994
27,487,1.0,2723.796677767574,0.2989008737639712,8.208682897193102,-7.909782023429132,-7.9097820234291305,1.7763568394002505e-15,0.031527101325505846,-5.121912357765372,0.9961101964357049,2.78786966566376,0.3775457796146362,0.4943203672038307,2.764769929076117
27,488,1.0,2639.2628194854997,0.32743070888392584,8.205685630987553,-7.878254922103626,-7.878254922103627,8.881784197001252e-16,0.11505271017684748,-5.089641080505039,0.9968543723705329,2.7886138415985875,0.37490307395370903,0.49422481664254514,2.7651448449869225
27,489,1.0,2352.4255221281646,0.43534173789378905,8.198543949820568,-7.763202211926779,-7.763202211926779,0.0,0.010533379088477623,-4.971663674582544,0.9997790681161799,2.7915385373442345,0.37301622750687,0.49399611287156775,2.767058951130494
27,490,1.0,2327.7765785633947,0.4505985447060855,8.203267377544385,-7.752668832838301,-7.7526688328382996,1.7763568394002505e-15,0.1285278332957578,-4.966851223804903,0.9940581398053432,2.785817609033398,0.37255776783146427,0.49397922917428777,2.7613940575667333
27,491,1.0,2047.0213173259249,0.5626341470531896,8.186775146595734,-7.6241409995425435,-7.624140999542544,8.881784197001252e-16,-0.03565678081526347,-4.82622381864297,1.006157711671518,2.797917180899573,0.3699022650666794,0.49358833204524677,2.771511666814201
27,492,1.0,2121.3284109298033,0.5392319172949737,8.199029697652781,-7.659797780357807,-7.659797780357808,8.881784197001252e-16,-0.07229294720917157,-4.875508446802868,0.9925298643268844,2.7842893335549395,0.3741878012106717,0.49364248069590205,2.758482646948996
27,493,1.0,2280.364841997769,0.4764416295623665,8.208532357129345,-7.732090727566979,-7.732090727566979,0.0,-0.09288227210105227,-4.956273148060549,0.9840581102783744,2.775817579506429,0.3761229542280123,0.49373107490451135,2.7505928217302515
27,494,1.0,2502.3185464966496,0.3879865661832793,8.21295956585131,-7.824972999668031,-7.824972999668031,0.0,0.06930951148534081,-5.0486947452543705,0.9845187851856044,2.776278254413659,0.3752071477757189,0.4939010618082152,2.7517575837924606
27,495,1.0,2334.7579152662042,0.4408878069260778,8.196551295108765,-7.75566348818269,-7.755663488182687,2.6645352591003757e-15,0.022505571953462145,-4.964276942857378,0.9996270760972573,2.7913865453253117,0.3710279380091419,0.4936269004012819,2.765439026973407
27,496,1.0,2282.7997205092224,0.45718251829526085,8.190340434524488,-7.733157916229228,-7.733157916229228,0.0,0.004656617787144768,-4.936391352199976,1.005007094801197,2.7967665640292516,0.3702583608334948,0.4934911630329675,2.7701197311705354
27,497,1.0,2272.1943065698606,0.462641091910892,8.191142390352976,-7.728501298442083,-7.728501298442084,8.881784197001252e-16,0.049523025390136866,-4.933612898742596,1.0031289304714328,2.794888399699488,0.373331611819898,0.4932830372794316,2.767334829891398
27,498,1.0,2162.4092509609727,0.5033296223236685,8.182307895375612,-7.678978273051946,-7.678978273051943,3.552713678800501e-15,0.1108559827783413,-4.8787956483551875,1.0084231554687033,2.8001826246967583,0.378885199621676,0.4927839844909247,2.7702234068060014
27,499,1.0,1935.5025553569858,0.6177699545288542,8.18589224480246,-7.568122290273605,-7.568122290273606,8.881784197001252e-16,-0.1892527832735338,-4.778741717072226,0.9976211039733242,2.7893805732013788,0.37985509679178375,0.49269840578768953,2.7593249377996583
27,500,1.0,2338.757474560679,0.44495637355476436,8.202331447101901,-7.757375073547139,-7.757375073547137,1.7763568394002505e-15,,-4.975619321796899,0.9899962825221843,2.781755751750239,0.3764939402645413,0.49330514265597913,2.7546348987441465
