seed,epoch,temperature,Z,E,S,F,F_check,err,delta_F,F_data,KL,NLL,data_mass,recon_sq,recon_ce
10,1,1.0,4541.5271072691085,-0.11426381619629802,8.306754785520209,-8.421018601716508,-8.421018601716506,1.7763568394002505e-15,0.030653391694862364,-5.639799158241028,0.9894599742474254,2.78121944347548,0.3758826406564672,0.49959189474167226,2.7795688062127586
10,2,1.0,4404.42594103316,-0.08889259483850698,8.301472615183137,-8.390365210021645,-8.390365210021644,1.7763568394002505e-15,0.001495695021191068,-5.604019225746054,0.9945865150475374,2.786345984275593,0.37472160951749345,0.49954503441272297,2.7844925307738744
10,3,1.0,4397.843187205204,-0.08697423016509162,8.30189528483536,-8.388869515000454,-8.388869515000453,1.7763568394002505e-15,0.03638639615202166,-5.602630823548394,0.9944792222240052,2.7862386914520605,0.3725817395593882,0.4996208980106607,2.784695017431457
10,4,1.0,4240.697836859248,-0.051824385945814525,8.300658732902617,-8.352483118848433,-8.352483118848431,1.7763568394002505e-15,-0.19135362145266654,-5.565375834772755,0.995347814847622,2.7871072840756774,0.3739205392533642,0.4995445465791257,2.7852465491064486
10,5,1.0,5135.008308120614,-0.250417145613002,8.293419594688098,-8.5438367403011,-8.5438367403011,0.0,0.19637390046577607,-5.750386750385277,1.0016905206877682,2.793449989915823,0.3756465509271304,0.4994752312274601,2.791285302166811
10,6,1.0,4219.461700773611,-0.04874825160962879,8.298714588225693,-8.347462839835323,-8.347462839835321,1.7763568394002505e-15,0.037817965123354114,-5.558967711140222,0.9967356594670461,2.7884951286951014,0.3769279262830459,0.4994100298343786,2.7860715440716883
10,7,1.0,4062.8698996395997,-0.010738842788852638,8.298906031923119,-8.309644874711969,-8.30964487471197,1.7763568394002505e-15,0.14223528304002464,-5.52156399007239,0.9963214154115251,2.78808088463958,0.377100647523455,0.49939093527294737,2.7855788703412805
10,8,1.0,3524.2030045132833,0.125405673285087,8.292815264957031,-8.167409591671944,-8.167409591671944,0.0,0.10896036253407893,-5.374604364139717,1.001045758304172,2.7928052275322273,0.375229311010376,0.49931939548436716,2.7899743567457356
10,9,1.0,3160.3852987676582,0.227321273430866,8.285770502568731,-8.058449229137866,-8.058449229137866,0.0,0.045410127463982874,-5.260956564290398,1.0057331956194122,2.7974926648474665,0.37818301566878226,0.49908848430272085,2.7936563490948862
10,10,1.0,3020.081514841092,0.27423048588300086,8.287269587556883,-8.013039101673883,-8.013039101673883,0.0,-0.14767497766883508,-5.2180377027811105,1.003241929664717,2.7950013988927718,0.3775237532443032,0.49911645231317775,2.791317920309654
10,11,1.0,3500.6854786453373,0.12076514153688052,8.281479220879596,-8.160714079342718,-8.160714079342716,1.7763568394002505e-15,-0.04389214867872404,-5.3568107423618905,1.0121438677527725,2.8039033369808273,0.37280668450848375,0.4992397002112443,2.8006724372655616
10,12,1.0,3657.760039671265,0.07036841523145959,8.2749746432529,-8.204606228021442,-8.20460622802144,1.7763568394002505e-15,-0.0008817039416619821,-5.394271909960299,1.0185748488330875,2.810334318061143,0.37519219752204647,0.4990829007015094,2.8064041040330086
10,13,1.0,3660.9865233085434,0.06959982090269806,8.275087752865804,-8.205487931963104,-8.205487931963106,1.7763568394002505e-15,-0.08858621185402349,-5.395278288519081,1.0184501742159684,2.810209643444024,0.3752772272640202,0.4990784282479312,2.8062624283439757
10,14,1.0,4000.098016061274,-0.007905384995269344,8.286168758821859,-8.294074143817127,-8.294074143817127,0.0,-0.1386533238882972,-5.492936360867389,1.0093783137216847,2.80113778294974,0.3692228355040369,0.49947045885545666,2.7989041216802506
10,15,1.0,4595.015774274429,-0.14315777320069872,8.289569694504728,-8.432727467705424,-8.432727467705426,1.7763568394002505e-15,0.09263660237505889,-5.634314938500243,1.0066530599771264,2.7984125292051814,0.3687198094417213,0.49959355740482453,2.79671306009072
10,16,1.0,4188.470310913556,-0.038200131210932214,8.301890734119434,-8.340090865330366,-8.340090865330366,0.0,-0.03568715014439938,-5.5540148023322375,0.994316593770073,2.7860760629981276,0.37064672258717146,0.4996505771006401,2.784655220919627
10,17,1.0,4340.644053354403,-0.07304222469162902,8.302735790783137,-8.375778015474765,-8.375778015474767,1.7763568394002505e-15,0.09939475299323774,-5.590520858048065,0.9934976881986453,2.7852571574267,0.3719674443486981,0.49962996492846834,2.783755195386846
10,18,1.0,3929.9550316968807,0.01781816558972312,8.294201428071254,-8.276383262481527,-8.27638326248153,3.552713678800501e-15,-0.08571899385300874,-5.483499488455998,1.0011243047974736,2.7928837740255283,0.37168967269991166,0.4994822958823197,2.790735807927503
10,19,1.0,4281.686514201505,-0.0786370382003156,8.283465218134221,-8.362102256334536,-8.362102256334538,1.7763568394002505e-15,-0.10255239735171706,-5.557608725304288,1.0127340618021925,2.8044935310302477,0.36586046471012135,0.49957677490675456,2.802682969073981
10,20,1.0,4744.08877534386,-0.1755212484009084,8.289133405285346,-8.464654653686253,-8.464654653686255,1.7763568394002505e-15,0.05133027212745489,-5.666168230703554,1.0067269537546444,2.7984864229826996,0.3707832938847348,0.4995235257987012,2.796501737613921
10,21,1.0,4506.717685261101,-0.11400469102817534,8.299319690530625,-8.413324381558798,-8.4133243815588,1.7763568394002505e-15,0.020044030576180205,-5.624614979167949,0.9969499331627943,2.788709402390849,0.37118867326838656,0.4996191549156455,2.7871553246912306
10,22,1.0,4417.284196210772,-0.08211300613850778,8.311167344844113,-8.393280350982618,-8.393280350982621,3.552713678800501e-15,-0.05200888431765094,-5.616278100323469,0.985242781431093,2.777002250659148,0.3741712266589765,0.49966687706636576,2.775664441228376
10,23,1.0,4653.101359522981,-0.14883912109916203,8.296450114201107,-8.445289235300269,-8.445289235300269,0.0,0.014606343322657978,-5.653605518293753,0.9999242477784606,2.791683717006516,0.37010977281719737,0.4996348077454689,2.790178142249068
10,24,1.0,4585.630514260264,-0.12393972306367071,8.306743168913941,-8.430682891977611,-8.430682891977613,1.7763568394002505e-15,0.10909172791595623,-5.649357485091268,0.9895659376582883,2.7813254068863436,0.37396309743448763,0.4996308934582571,2.7798324029219663
10,25,1.0,4111.697190832437,-0.017130362382738025,8.304460801678916,-8.321591164061655,-8.321591164061655,0.0,0.001221166106789795,-5.538559657162582,0.9912720376710183,2.783031506899073,0.3732771303082475,0.4995704407048093,2.7812894635459244
10,26,1.0,4106.679190111397,-0.015833833745585814,8.304536164209278,-8.320369997954865,-8.320369997954863,1.7763568394002505e-15,-0.10577665537462799,-5.537468421989975,0.9911421067368344,2.782901575964889,0.3733014310945594,0.4995668988845942,2.781147985391336
10,27,1.0,4564.876108952629,-0.11916801414650019,8.306978639182995,-8.426146653329493,-8.426146653329496,3.552713678800501e-15,0.005914398054962078,-5.645160693809431,0.9892264902920074,2.7809859595200623,0.3740349272186336,0.4996192622309197,2.7794480718886843
10,28,1.0,4537.957297324783,-0.1091111598897887,8.311121095384744,-8.42023225527453,-8.420232255274533,1.7763568394002505e-15,-0.04662852056826772,-5.643428340883777,0.9850444451626981,2.776803914390753,0.37558841472455645,0.49961590186080373,2.7752598786600657
10,29,1.0,4754.566367878768,-0.16313165491307657,8.303729120929724,-8.466860775842799,-8.4668607758428,1.7763568394002505e-15,0.16064437013413801,-5.683133916957931,0.9919673896568124,2.7837268588848674,0.3765573949789522,0.49950593842455876,2.7817192390177694
10,30,1.0,4048.964327157293,0.0026752462522320344,8.308891651960893,-8.30621640570866,-8.30621640570866,0.0,-0.22785333004515174,-5.527875304034467,0.986581632446138,2.7783411016741932,0.37449900393027113,0.49956824449831877,2.776604412491189
10,31,1.0,5085.098788633404,-0.23335468536117232,8.300715050392641,-8.534069735753812,-8.534069735753814,1.7763568394002505e-15,0.0894943639560406,-5.747181948421201,0.9951283181045566,2.786887787332611,0.37375914947010236,0.49959493077816025,2.785241205277016
10,32,1.0,4649.780865619707,-0.1330401676136812,8.31153520418409,-8.444575371797772,-8.44457537179777,1.7763568394002505e-15,-0.12403775876184575,-5.668123649889274,0.9846922526804418,2.776451721908497,0.375298863086298,0.49963865920872125,2.7750010447048017
10,33,1.0,5263.824488292714,-0.26785045180382555,8.300762678755792,-8.568613130559617,-8.568613130559617,0.0,0.12593030190937426,-5.7823109822121985,0.9945426791193638,2.7863021483474184,0.3768246319945312,0.49951107834776654,2.784309439782836
10,34,1.0,4640.989276559867,-0.13237608585819333,8.31030674279205,-8.442682828650243,-8.442682828650245,1.7763568394002505e-15,0.11271797535390071,-5.665147172167501,0.9857761872546877,2.7775356564827427,0.37574441541473064,0.4996040491773501,2.775941866728532
10,35,1.0,4146.271821916623,-0.02020444589139426,8.309760407404948,-8.329964853296342,-8.329964853296342,0.0,-0.1254413262589793,-5.55241591501159,0.985789469056698,2.777548938284753,0.3756483459470398,0.4995455293716163,2.7757184095849543
10,36,1.0,4700.415460090084,-0.15775291376277484,8.297653265792544,-8.455406179555322,-8.455406179555318,3.552713678800501e-15,0.18189229231590964,-5.665547089269343,0.9980996210579235,2.789859090285978,0.3738303476502154,0.4995057012793396,2.7878220255170283
10,37,1.0,3918.6946788409873,0.020866787059273542,8.294380674298687,-8.273513887239412,-8.273513887239414,1.7763568394002505e-15,0.007163725105387542,-5.481289025378415,1.0004653926329425,2.7922248618609973,0.37315948923704073,0.4993998131719293,2.789698819903785
10,38,1.0,3890.722539373689,0.007488187202533648,8.27383834933656,-8.266350162134025,-8.266350162134026,1.7763568394002505e-15,0.0026683061499657157,-5.45328375844863,1.021306934457339,2.813066403685394,0.3676187494724056,0.4993192509869264,2.8099533080927035
10,39,1.0,3880.354738878412,0.01185266675329311,8.27553452273735,-8.263681855984059,-8.263681855984057,1.7763568394002505e-15,-0.03433104014052013,-5.45284173681202,1.0190806499439822,2.810840119172038,0.37131760368744626,0.499208512116266,2.8072905572438938
10,40,1.0,4015.884480429586,-0.024140645602933775,8.273872250521649,-8.298012896124579,-8.298012896124582,3.552713678800501e-15,0.1346044424145667,-5.486031449876282,1.0202219770202428,2.8119814462482977,0.3760473777350375,0.49903566455861936,2.8077160787700777
10,41,1.0,3510.1303541683383,0.1246620927882405,8.28807054649825,-8.163408453710012,-8.16340845371001,1.7763568394002505e-15,0.04830856441248166,-5.367046098761861,1.0046028857200964,2.796362354948151,0.37699547912583287,0.4991311773930273,2.792670211577365
10,42,1.0,3344.591656405719,0.15395024135768826,8.26905013065522,-8.11509988929753,-8.115099889297532,1.7763568394002505e-15,-0.059383565402711724,-5.30150174289501,1.0218386771744647,2.8135981464025193,0.38037125383980724,0.4987379661512619,2.808069021003469
10,43,1.0,3549.221116876687,0.10074245625411463,8.275225910954356,-8.174483454700242,-8.174483454700242,0.0,-0.11469798374380957,-5.366099509034366,1.0166244764378218,2.8083839456658772,0.3797266023830077,0.49886020266739584,2.803483018454198
10,44,1.0,3980.5745153207854,0.005473918136819263,8.29465535658087,-8.289181438444052,-8.289181438444052,0.0,-0.27246388263595556,-5.497795310983977,0.9996266582320205,2.7913861274600755,0.3763559804737986,0.4992835748721231,2.7884226987701886
10,45,1.0,5227.274646167973,-0.28132552940250355,8.280319791677504,-8.561645321080007,-8.561645321080007,0.0,0.012799987764134713,-5.755984888847984,1.0139009630039686,2.805660432232024,0.3772527534896212,0.4992112241152978,2.802320745120971
10,46,1.0,5160.791990949556,-0.2598253397653963,8.289019993550477,-8.548845333315873,-8.548845333315873,0.0,0.28540639218266506,-5.751202547767832,1.0058833163199858,2.7976427855480406,0.3762779638495709,0.4993493484341924,2.794929515303256
10,47,1.0,3879.412257561758,0.039024537862236086,8.302463478995442,-8.263438941133208,-8.263438941133206,1.7763568394002505e-15,-0.03583488990020811,-5.479986809675577,0.9916926622295753,2.7834521314576306,0.3763746952967322,0.49936958534896786,2.7808866369869585
10,48,1.0,4020.9514432446117,0.0031243811160778325,8.302398212149495,-8.299273831033416,-8.299273831033418,1.7763568394002505e-15,0.1558913945459004,-5.5154432249930965,0.9920711368122666,2.7838306060403206,0.3766239969619131,0.49937259139593254,2.78127443946796
10,49,1.0,3440.5356019448604,0.1630575140269479,8.306439950514468,-8.143382436487515,-8.14338243648752,5.329070518200751e-15,0.09505446562731912,-5.365505330937406,0.9861176363220553,2.7778771055501106,0.3753106163831023,0.49941220879625936,2.77549978361318
10,50,1.0,3128.5595528838376,0.24739741204238094,8.295725382902578,-8.048327970860196,-8.048327970860198,1.7763568394002505e-15,0.13736827885953407,-5.2618509284611354,0.9947175731710057,2.7864770423990612,0.37441571409467655,0.49926100978247084,2.783436359464641
10,51,1.0,2727.0062970731565,0.3566283286758848,8.267588020676548,-7.910959692000662,-7.910959692000664,1.7763568394002505e-15,-0.025689026142716287,-5.10005569842579,1.0191445243468171,2.810903993574872,0.3743212229804891,0.4988388530829904,2.8058076092557283
10,52,1.0,2797.9679992274287,0.3349687170789628,8.27161743522234,-7.9366487181433785,-7.936648718143378,8.881784197001252e-16,-0.057895569335802755,-5.128741399496218,1.016147849419105,2.80790731864716,0.37253062978507473,0.49896434204765994,2.8033594761397915
10,53,1.0,2964.7390204668022,0.2858753659166473,8.28041965339583,-7.994544287479181,-7.994544287479183,1.7763568394002505e-15,-0.09711381772105554,-5.1938548726829215,1.008929945568205,2.8006894147962598,0.37165939265334474,0.49912509606272565,2.7969315228421636
10,54,1.0,3267.1002775274073,0.19554455111984934,8.287202656320085,-8.091658105200237,-8.091658105200235,1.7763568394002505e-15,-0.007014083190499676,-5.2951916811197,1.0047069548524812,2.796466424080536,0.3693421250062486,0.4993279085438431,2.7936127374639845
10,55,1.0,3290.096545253576,0.1817757488308009,8.280447937221542,-8.098672188390736,-8.098672188390742,5.329070518200751e-15,-0.09148304846754307,-5.295195374184728,1.0117173449779557,2.803476814206011,0.36668728532803835,0.499330035613377,2.800568048206643
10,56,1.0,3605.281875656307,0.1002947917456316,8.29045002860391,-8.19015523685828,-8.190155236858278,1.7763568394002505e-15,0.028246103837368253,-5.395004051819075,1.0033917158111487,2.7951511850392037,0.3674593749728956,0.4994717687158339,2.7929181957440865
10,57,1.0,3504.8714864566186,0.12159247245785165,8.283501605478765,-8.161909133020911,-8.161909133020913,1.7763568394002505e-15,0.002297438596933432,-5.360422268459442,1.0097273953334156,2.8014868645614706,0.36666471836684067,0.4993905182547078,2.79886622317043
10,58,1.0,3496.8285020954163,0.12419701137785319,8.283808705801832,-8.159611694423978,-8.159611694423978,0.0,-0.0281349763235621,-5.358533083328639,1.0093191418672844,2.8010786110953396,0.36683487712222806,0.49938374578905104,2.7984345980807057
10,59,1.0,3596.6087649840183,0.10133493594796167,8.2890816066955,-8.18774667074754,-8.187746670747538,1.7763568394002505e-15,0.040967516203608056,-5.3915587454552245,1.0044284560642607,2.7961879252923154,0.36827232743170635,0.4994185204802321,2.7937344381623377
10,60,1.0,3452.242001762142,0.1457385193963836,8.292517673940315,-8.146779154543932,-8.146779154543932,0.0,-0.06709284864484744,-5.3547950515306,1.000224633785277,2.791984103013332,0.3696389599844056,0.49939999561764564,2.789481836449182
10,61,1.0,3691.8095256473644,0.08138956557403756,8.295261568762815,-8.21387200318878,-8.213872003188778,1.7763568394002505e-15,0.0598150944021576,-5.42343174028035,0.9986807936803727,2.7904402629084273,0.3694661843328812,0.49947124957126876,2.7882440822259356
10,62,1.0,3477.458218050335,0.13140983701551318,8.285466745802132,-8.154056908786622,-8.15405690878662,1.7763568394002505e-15,0.12852662595430786,-5.354688845925956,1.0076085936326102,2.7993680628606654,0.3671841991135406,0.4993915533539246,2.7967675093473066
10,63,1.0,3058.042495313095,0.2679412311113114,8.293471513943624,-8.025530282832314,-8.025530282832312,1.7763568394002505e-15,-0.05992817739343792,-5.237841076109123,0.995929737495136,2.7876892067231913,0.37366966379394734,0.4992180437526969,2.7844687059947275
10,64,1.0,3246.908072636401,0.21387925308998407,8.299337713315738,-8.085458460225752,-8.085458460225754,1.7763568394002505e-15,0.0875605273407487,-5.3023285678071055,0.9913704231905927,2.7831298924186476,0.3749207157565739,0.4992775536620963,2.7801788308126305
10,65,1.0,2974.698394632591,0.2864487192516785,8.28434665213668,-7.997897932885003,-7.997897932885001,1.7763568394002505e-15,-0.10221502108012537,-5.202030307147178,1.0041081565097703,2.7958676257378254,0.373674322742533,0.4990772435180637,2.791997571047684
10,66,1.0,3294.8402195331196,0.18561517478084183,8.285728128745971,-8.100112953965128,-8.100112953965128,0.0,0.14150117343886226,-5.302598572176822,1.0057549125602492,2.797514381788304,0.36933815779308904,0.4992838322639524,2.7944842933423786
10,67,1.0,2860.099749136822,0.32318899124165756,8.281800771767923,-7.958611780526266,-7.958611780526265,8.881784197001252e-16,0.10367693922230181,-5.161311468588701,1.0055408427095098,2.797300311937565,0.3727937037313757,0.49905137752878775,2.7933038868642357
10,68,1.0,2578.427101196202,0.4205263337106264,8.275461175014588,-7.854934841303964,-7.854934841303962,2.6645352591003757e-15,-0.0341937837344517,-5.055429563910608,1.0077458081653006,2.7995052773933558,0.37670523066526584,0.4987893540169636,2.794411795083436
10,69,1.0,2668.117976240059,0.3869920318721155,8.27612065691053,-7.889128625038416,-7.889128625038414,1.7763568394002505e-15,-0.018848189468991805,-5.089167689486049,1.0082014663243106,2.7999609355523662,0.3774829668027277,0.49879013304249975,2.7948441677717
10,70,1.0,2718.8840911605766,0.37545142505548335,8.28342823956289,-7.907976814507408,-7.907976814507406,1.7763568394002505e-15,-0.10090889834638883,-5.114829649871733,1.0013876954076213,2.7931471646356765,0.3772045144813161,0.49889668528741254,2.788558104659094
10,71,1.0,3007.5639551824243,0.2770481692726269,8.285933882126425,-8.008885712853797,-8.008885712853798,1.7763568394002505e-15,-0.02497698032025042,-5.214564898908788,1.0025613447169535,2.794320813945008,0.37245680383832835,0.49912869358859274,2.7906729146298104
10,72,1.0,3083.6298142049855,0.25580376576595926,8.289666458940006,-8.033862693174047,-8.033862693174047,0.0,0.07041913214453199,-5.243157821886132,0.9989454020598606,2.790704871287915,0.3754861745674926,0.4990805890617937,2.7868893466053013
10,73,1.0,2873.952563269914,0.32427486751994494,8.287718428549457,-7.963443561029515,-7.9634435610295125,2.6645352591003757e-15,-0.028762988378880472,-5.172757774587976,0.9989263172134848,2.7906857864415393,0.3755704079703197,0.4990181651377324,2.7866123298678693
10,74,1.0,2957.816332057555,0.29939924642932836,8.291605795837725,-7.992206549408396,-7.9922065494083965,8.881784197001252e-16,-0.06048174289031216,-5.204438204239844,0.9960088759404963,2.7877683451685513,0.3742810912972486,0.49911914643685124,2.784144486471931
10,75,1.0,3142.230862165052,0.24452206504404406,8.297210357342752,-8.052688292298708,-8.052688292298708,0.0,0.06149554577993133,-5.269051933111884,0.9918768899587688,2.783636359186824,0.3754075963920282,0.49917456576222535,2.7802724560652528
10,76,1.0,2954.8192088159576,0.29735042755411634,8.288543174072892,-7.991192746518776,-7.9911927465187755,8.881784197001252e-16,0.08534929320690043,-5.2005408307298975,0.9988924465608248,2.79065191578888,0.3747821545928609,0.4990575957229291,2.7867389515122807
10,77,1.0,2713.089912081303,0.3692572228909252,8.275100676202802,-7.905843453311876,-7.905843453311877,8.881784197001252e-16,0.06612293902280353,-5.104450197826698,1.0096337862571236,2.801393255485179,0.3752754683331862,0.49882235397402885,2.796388956177674
10,78,1.0,2539.4949820742763,0.43039241223176083,8.270112926520834,-7.8397205142890725,-7.839720514289073,8.881784197001252e-16,-0.0835022456175647,-5.035854585748702,1.0121064593123164,2.8038659285403713,0.37577910121014807,0.49870751454157974,2.7983739462258814
10,79,1.0,2760.6536486887585,0.359885164018186,8.283107923924822,-7.923222759906637,-7.923222759906636,8.881784197001252e-16,-0.004913981843400528,-5.129547991321097,1.001915299357485,2.7936747685855394,0.3754083631713503,0.4989171988533159,2.7891718121014724
10,80,1.0,2774.25283630966,0.35006127736266934,8.278198019112708,-7.928136741750038,-7.928136741750039,8.881784197001252e-16,-0.01915019434015708,-5.1296127819913115,1.0067644905306705,2.7985239597587253,0.3760482220005677,0.4988206543704168,2.7935676540067096
10,81,1.0,2827.892280912085,0.337278491140095,8.284565427230287,-7.947286936090195,-7.947286936090192,2.6645352591003757e-15,0.039747356483793794,-5.154945060455753,1.0005824064063866,2.792341875634442,0.37795577132107017,0.49884071254001405,2.787526688155706
10,82,1.0,2717.695559996715,0.3539411862447813,8.261480765851184,-7.907539579606401,-7.907539579606403,1.7763568394002505e-15,0.0008266685168303312,-5.093758334755251,1.0220217756230943,2.813781244851149,0.3789226342888916,0.49846164115104236,2.8071004695924007
10,83,1.0,2715.449854993639,0.3537208003656043,8.260433711455175,-7.906712911089571,-7.906712911089571,0.0,0.04871467977539812,-5.092175018394208,1.0227784234673074,2.8145378926953626,0.3802020633239599,0.4983934789606767,2.8075479634340987
10,84,1.0,2586.3379398255615,0.40763283899346103,8.265631070307633,-7.8579982313141725,-7.857998231314172,8.881784197001252e-16,-0.1091840034510616,-5.0500524174907655,1.0161863445953523,2.807945813823407,0.3774421012156043,0.49853941170859306,2.8016981248236825
10,85,1.0,2884.7174448869946,0.3189159181838903,8.286098152949126,-7.967182234765234,-7.967182234765236,1.7763568394002505e-15,0.17337516522592544,-5.175653084040323,0.9997696814968565,2.791529150724912,0.37524397470086795,0.49894347085770946,2.7871561517894023
10,86,1.0,2425.5342042881384,0.4650752093887704,8.25888227892808,-7.793807069539309,-7.7938070695393105,1.7763568394002505e-15,0.02514255320228198,-4.981653328934255,1.020394271376999,2.8121537406050536,0.37817888786628623,0.4983981366537029,2.805249051468022
10,87,1.0,2365.3103448075644,0.4838572624899815,8.252521778827006,-7.768664516337027,-7.768664516337025,1.7763568394002505e-15,-0.0013428410698024251,-4.951381223982405,1.025523823126566,2.8172832923546207,0.3796975967938011,0.4982414640669323,2.80962671012033
10,88,1.0,2368.488714226287,0.4811434333616962,8.251150790768524,-7.770007357406829,-7.770007357406827,1.7763568394002505e-15,-0.07724541339993607,-4.951452413728146,1.026795474450629,2.818554943678684,0.3810059785003597,0.4981815451398317,2.810602952879336
10,89,1.0,2558.6953298998,0.4225702258971541,8.26982299670392,-7.847252770806765,-7.847252770806767,1.7763568394002505e-15,-0.0237764916832921,-5.044106670130711,1.0113866314479998,2.8031461006760545,0.3784879208896271,0.4985552477686815,2.797025351451667
10,90,1.0,2620.2611372384786,0.4048233098910617,8.275852572381119,-7.871029262490057,-7.871029262490057,0.0,-0.09341782227047535,-5.073100433855629,1.0061693594063736,2.797928828634429,0.3782894340147575,0.49864704707275237,2.792258795718523
10,91,1.0,2876.8380904743276,0.315824998191446,8.280272082951981,-7.964447084760533,-7.964447084760535,2.6645352591003757e-15,-0.10144276547724118,-5.167690408187365,1.0049972073451128,2.7967566765731675,0.37759655446765605,0.49876632277704397,2.79155330397414
10,92,1.0,3183.9882296445826,0.21819495739416744,8.284084807631942,-8.065889850237774,-8.065889850237774,0.0,0.10440547657544474,-5.269958800419924,1.0041715805897944,2.7959310498178493,0.37684521366350787,0.49888777736854273,2.7912411110482798
10,93,1.0,2868.327463825238,0.31587763631540283,8.27736200997773,-7.961484373662329,-7.961484373662328,8.881784197001252e-16,0.0983949374823343,-5.162513414634319,1.0072114897999558,2.79897095902801,0.3782602850913405,0.498683974054964,2.79344525641647
10,94,1.0,2599.5390925009488,0.407892673015287,8.270982109195282,-7.863089436179995,-7.863089436179996,8.881784197001252e-16,0.04543800634845496,-5.061120787460668,1.010209179491272,2.8019686487193263,0.37934025667831767,0.4985204657476466,2.795696783888379
10,95,1.0,2484.064551995722,0.4354739167365236,8.253125346568066,-7.81765142983154,-7.8176514298315425,2.6645352591003757e-15,0.006586667423856163,-4.999850363280071,1.0260415973234134,2.817801066551468,0.38110539626806633,0.49818194723809966,2.8098433643861918
10,96,1.0,2467.756611381784,0.44465163327852764,8.255716395686214,-7.811064762407684,-7.811064762407686,2.6645352591003757e-15,-0.09009599901135434,-4.996197125993597,1.0231081671860311,2.814867636414086,0.3799067417055241,0.49825173979303,2.8073029871244413
10,97,1.0,2700.415047349395,0.36264249385926683,8.263803255278308,-7.901160761419038,-7.901160761419042,3.552713678800501e-15,0.014872674976454725,-5.091124551727126,1.0182767404638566,2.8100362096919116,0.37973850503935414,0.4983998677243065,2.8031557056289196
10,98,1.0,2660.5498380333793,0.3634077547723763,8.249695841214958,-7.886288086442583,-7.8862880864425815,1.7763568394002505e-15,-0.05535119371762143,-5.062983517480263,1.0315450997342663,2.8233045689623215,0.38083272363990645,0.49815179131287984,2.815146970445832
10,99,1.0,2811.966332771319,0.33613127196039516,8.2777705521206,-7.941639280160205,-7.941639280160205,0.0,0.07492069208303676,-5.144077670612685,1.0058021403194648,2.79756160954752,0.3769959462271302,0.49870247009630164,2.792149509100993
10,100,1.0,2608.9903543894375,0.4096760736226783,8.276394661699847,-7.866718588077168,-7.866718588077168,0.0,-0.18474319269388673,-5.070624863639876,1.0043342552092378,2.796093724437293,0.3780879326361053,0.49861615191724945,2.790332094500307
10,101,1.0,3138.37924230098,0.2397109544862132,8.291172735257268,-8.051461780771055,-8.051461780771055,0.0,-0.14031428465865403,-5.26355568884544,0.9961466226975583,2.7879060919256133,0.37385344070544024,0.49905607862424883,2.784043913048004
10,102,1.0,3611.1301577794757,0.10080536576621854,8.292581431195927,-8.191776065429709,-8.191776065429709,0.0,0.08275590591797055,-5.401597966182849,0.9984186300188046,2.7901780992468592,0.37148913918213033,0.49922627613145104,2.7870152350154327
10,103,1.0,3324.319131073603,0.18914434136806818,8.298164500879807,-8.109020159511738,-8.109020159511738,0.0,0.035458120473967014,-5.326446033704426,0.990814656579257,2.7825741258073116,0.3732031060349208,0.49919759314931306,2.779325767638909
10,104,1.0,3208.510337313397,0.22189721392027872,8.295459252958054,-8.073562039037771,-8.073562039037775,3.552713678800501e-15,0.03443031997189472,-5.289462793361189,0.9923397764485277,2.7840992456765825,0.37446014827950697,0.4991080351830761,2.780468097835642
10,105,1.0,3099.920419658657,0.25230181830267995,8.291433537368556,-8.039131719065876,-8.039131719065876,0.0,-0.03483651688301492,-5.25253029499426,0.9948419548435611,2.786601424071616,0.3768037441532265,0.49893988660184574,2.782259521371697
10,106,1.0,3209.8138890331275,0.21801526211364688,8.291983498062539,-8.073968235948891,-8.073968235948891,0.0,0.015486741116182756,-5.28706609612689,0.9951426705939467,2.786902139822002,0.37714072623829586,0.49894302444323424,2.782572942251822
10,107,1.0,3160.4872724404104,0.24129075277032655,8.299772247603036,-8.058481494832709,-8.058481494832709,0.0,-0.06831213354114674,-5.279495101757279,0.9872269238473743,2.7789863930754293,0.3760789508119616,0.49907916096112587,2.775265958182349
10,108,1.0,3383.932008163017,0.17376995010140156,8.300563578475256,-8.126793628373855,-8.126793628373854,1.7763568394002505e-15,0.0077406832835063,-5.346897357326288,0.9881368018195126,2.779896271047567,0.37630885268854114,0.49912105576113364,2.776339739297993
10,109,1.0,3357.839180677769,0.184593140666029,8.303646085756377,-8.119052945090349,-8.119052945090347,1.7763568394002505e-15,0.08892756550361369,-5.342325073784416,0.9849684020778788,2.776727871305934,0.3757492479110341,0.4991795319517444,2.773425867834552
10,110,1.0,3072.126831118614,0.26103623098035894,8.291161610567094,-8.030125379586735,-8.030125379586735,0.0,-0.1878881179563372,-5.243826920453554,0.9945389899051266,2.7862984591331816,0.3770302628833202,0.4989065642329151,2.781822070699608
10,111,1.0,3707.1308386213273,0.06426551246769986,8.282279010010772,-8.218013497543073,-8.218013497543073,0.0,0.07446978807179683,-5.418908771499562,1.007345256815456,2.799104726043511,0.37839174134361503,0.4988437987517948,2.7942809465956384
10,112,1.0,3441.0905121319274,0.13893187150880235,8.28247558098008,-8.143543709471276,-8.143543709471277,1.7763568394002505e-15,-0.042083623635427614,-5.345971840805436,1.0058123994377839,2.7975718686658393,0.37693704474142775,0.498843241686372,2.7927537694666404
10,113,1.0,3588.99440819555,0.09062577824125434,8.276253111347957,-8.185627333106703,-8.185627333106703,0.0,-0.18004200152171457,-5.38158367740364,1.0122841864750092,2.804043655703064,0.37942853180511377,0.4986969332274322,2.7985560103427383
10,114,1.0,4296.9868978371305,-0.0922002966953603,8.273469037933056,-8.365669334628418,-8.365669334628416,1.7763568394002505e-15,0.14953841131939072,-5.556239751008827,1.0176701143915368,2.809429583619591,0.3802949166860606,0.49875110177918414,2.80414074533634
10,115,1.0,3700.158454696692,0.058743772797464566,8.27487469610649,-8.216130923309027,-8.216130923309025,1.7763568394002505e-15,-0.056914255955911486,-5.410144188808111,1.0142272652728606,2.8059867345009155,0.3792566872457106,0.49869255079556324,2.8004563266406577
10,116,1.0,3916.8583857717076,0.01213037839386837,8.285175557658807,-8.273045179264939,-8.273045179264939,0.0,0.03659410264214635,-5.475647123662416,1.0056385863744681,2.797398055602523,0.37694067504601264,0.49895139827336843,2.793034010498278
10,117,1.0,3776.1153561355654,0.04865279449674147,8.285103871119533,-8.236451076622792,-8.236451076622792,0.0,0.06778161746020928,-5.440020160155485,1.004671447239251,2.7964309164673065,0.37842175792799915,0.4988637806322666,2.791715651944344
10,118,1.0,3528.6458314080055,0.11179611942144826,8.280465578584032,-8.168669459162583,-8.168669459162583,0.0,0.012762947214413956,-5.368819788128097,1.0080902018064313,2.7998496710344862,0.3766545968880307,0.49880401666222857,2.7948375170407815
10,119,1.0,3483.896087681256,0.13382519006649715,8.289731702014667,-8.155906511948169,-8.155906511948169,0.0,-0.07867047057340493,-5.36534139191594,0.9988056508041753,2.7905651200322303,0.37691226894179003,0.4989083800395597,2.7860530139110806
10,120,1.0,3769.0451877708615,0.048724404047626735,8.283301386569201,-8.234576982521574,-8.234576982521574,0.0,0.07451970040234279,-5.435970705232937,1.0068468080605812,2.798606277288636,0.3764633542267275,0.4988780662468046,2.7938797895992376
10,121,1.0,3498.3869930447713,0.12340643708811037,8.283463719207344,-8.160057282119231,-8.160057282119233,1.7763568394002505e-15,-0.04616128050715851,-5.362378904058352,1.0059189088328255,2.7976783780608803,0.37149608155123837,0.4990104684756023,2.793508131767259
10,122,1.0,3663.662329714417,0.09212901160906944,8.298347574235459,-8.20621856262639,-8.20621856262639,0.0,-0.013463198731605175,-5.422322859575872,0.9921362338224619,2.7838957030505163,0.37250624778135655,0.4992128349325524,2.7806915343819463
10,123,1.0,3713.320472392069,0.08955983052864955,8.309241591886645,-8.219681761357995,-8.219681761357995,0.0,0.0996779861196071,-5.446532131514913,0.9813901606150269,2.773149629843082,0.3750599231176125,0.49929156394307506,2.770313712558238
10,124,1.0,3361.033433758432,0.17738229362697622,8.297386068865363,-8.120003775238388,-8.120003775238386,1.7763568394002505e-15,0.09668333230875348,-5.338020931744786,0.9902233742655469,2.781982843493602,0.37588498251553504,0.49904849714438737,2.7781261620965942
10,125,1.0,3051.292172296483,0.26604599246352756,8.289366435393163,-8.023320442929634,-8.023320442929634,0.0,-0.032259019897255214,-5.236465842146859,0.9950951315547204,2.786854600782776,0.37733617363456023,0.49882535830855484,2.782037606548359
10,126,1.0,3151.328732836938,0.23458526287774245,8.290164725704635,-8.05557946282689,-8.055579462826893,3.552713678800501e-15,-0.013069786627211144,-5.268554848341746,0.9952651452570889,2.7870246144851443,0.37657052007972197,0.4988735220405703,2.7824195776062
10,127,1.0,3192.7862573230414,0.21166607204147792,8.280315321495578,-8.0686492494541,-8.0686492494541,0.0,-0.09757859747898046,-5.271799101190629,1.0050906790354166,2.7968501482634713,0.3778878150965071,0.49869881465098415,2.79143197843786
10,128,1.0,3520.040755996047,0.11900637377835321,8.285234220711434,-8.166227846933081,-8.166227846933081,0.0,0.13417993960769792,-5.371598228173975,1.0028701495310504,2.7946296187591053,0.3769588614923453,0.498856572582919,2.789906998754929
10,129,1.0,3078.0387612720074,0.24428872256052805,8.276336629885913,-8.032047907325383,-8.032047907325385,1.7763568394002505e-15,-0.046459239582750556,-5.231951879460822,1.0083365586365058,2.800096027864561,0.373748503371351,0.4987496674995409,2.7948863095531418
10,130,1.0,3224.416062384379,0.212289853554083,8.290797000462218,-8.078507146908134,-8.078507146908136,1.7763568394002505e-15,0.03276889691688467,-5.291376986478124,0.9953706912019576,2.787130160430013,0.37434331661482984,0.49895744465878716,2.7828792320472093
10,131,1.0,3120.4679389530247,0.24211454598309265,8.28785279597434,-8.045738249991249,-8.045738249991247,1.7763568394002505e-15,-0.0022074717126265853,-5.2568728327049525,0.997105948058242,2.788865417286297,0.37556953877113874,0.49885453217509895,2.784162764643137
10,132,1.0,3127.3638921689603,0.2358201773487441,8.283765899052622,-8.047945721703876,-8.047945721703877,1.7763568394002505e-15,0.0568408810622163,-5.254503610992942,1.00168264148288,2.7934421107109344,0.37155025169240896,0.4989329511630971,2.7890407910252595
10,133,1.0,2954.5594742579488,0.3023062758943775,8.293411116536035,-7.991104840641659,-7.991104840641658,1.7763568394002505e-15,0.029702584163732837,-5.209869400128194,0.9894759712854114,2.7812354405134663,0.3763385249005405,0.4988554196142802,2.7765982658222446
10,134,1.0,2868.0919345205975,0.324997511283353,8.286399767761283,-7.9614022564779265,-7.96140225647793,3.552713678800501e-15,-0.08759443140278478,-5.174389458104994,0.9952533291448784,2.7870127983729334,0.37733708605931204,0.49870751890167514,2.781701401951182
10,135,1.0,3130.652373580965,0.24557846924856408,8.294575157129273,-8.048996687880711,-8.04899668788071,1.7763568394002505e-15,-0.04658332697828449,-5.267348566139112,0.9898886525135433,2.7816481217415983,0.37667416847393154,0.49889189187406613,2.7771554253577
10,136,1.0,3279.9387087897053,0.19100864724820277,8.286588662107198,-8.095580014858996,-8.095580014858994,1.7763568394002505e-15,0.14301916505452628,-5.30498217036678,0.9988383752641612,2.790597844492216,0.37777128211453803,0.4987678552120909,2.7855350031323494
10,137,1.0,2842.8457377556306,0.33122719401121226,8.283788043815683,-7.9525608498044695,-7.95256084980447,8.881784197001252e-16,-0.06244212652909287,-5.163773200994189,0.9970281795822261,2.788787648810281,0.3775929049332084,0.498645028899572,2.783221886809979
10,138,1.0,3026.0184041433695,0.2734941652720609,8.288497141605625,-8.015002976333562,-8.015002976333564,1.7763568394002505e-15,0.0030906873695748516,-5.228729370936193,0.9945141361693143,2.786273605397369,0.3772227506912613,0.49876026550073393,2.7812057094342784
10,139,1.0,3016.680365194445,0.2757072304958933,8.28761951945988,-8.011912288963988,-8.011912288963988,0.0,0.0012387466558401172,-5.224960565113181,0.9951922546227495,2.786951723850804,0.3766661493924941,0.49875520702195536,2.7818625529447396
10,140,1.0,3012.9457760627793,0.2775060408410933,8.28817958314924,-8.010673542308147,-8.010673542308147,0.0,-0.09037646021478807,-5.224421909055635,0.9944921640244576,2.786251633252513,0.37724085579786487,0.4987372303226394,2.7810901360327485
10,141,1.0,3297.929091794674,0.19822986779397805,8.299279870316916,-8.101050002522936,-8.101050002522937,1.7763568394002505e-15,0.05567239304802918,-5.322682183427993,0.9866083498668884,2.7783678190949437,0.3758840592769567,0.4989916658405282,2.7743030263533175
10,142,1.0,3119.342774686397,0.2431594787865339,8.288537088261439,-8.045377609474906,-8.045377609474905,1.7763568394002505e-15,0.045658881724353506,-5.258025575787383,0.9955925644594691,2.7873520336875237,0.37453916969651946,0.49884085574336345,2.782619817707321
10,143,1.0,2980.1196441900215,0.27102431257803494,8.27074304032859,-7.999718727750553,-7.999718727750555,1.7763568394002505e-15,-0.02373889023206921,-5.195894912011057,1.0120643465114412,2.8038238157394964,0.37162826918410896,0.4986526259936897,2.7981519124855203
10,144,1.0,3051.7107621712867,0.2526097691440635,8.276067387126687,-8.023457617982622,-8.023457617982624,1.7763568394002505e-15,0.027570103190185158,-5.223651729833261,1.0080464189213076,2.7998058881493626,0.3695391091577589,0.4988203157180979,2.7948397275523296
10,145,1.0,2968.7240146731347,0.27429762872626384,8.270185143518699,-7.995887514792437,-7.995887514792435,1.7763568394002505e-15,-0.003997262384074496,-5.191474504817275,1.0126535407471067,2.804413009975162,0.3720532821333318,0.49862505793114886,2.798544063778199
10,146,1.0,2980.6145324330455,0.26593753929359143,8.265822316470103,-7.999884777176511,-7.999884777176512,8.881784197001252e-16,0.055605586939660334,-5.19032699041082,1.017798317537635,2.8095577867656902,0.3695359164198841,0.4986583386320132,2.8037010882178333
10,147,1.0,2819.3994781291804,0.3121779652666354,8.256457155503485,-7.944279190236851,-7.944279190236849,1.7763568394002505e-15,0.03423157135796906,-5.127728975945375,1.0247907450634217,2.8165502142914765,0.3741217689602312,0.49832966660409045,2.809122851429901
10,148,1.0,2724.520201849329,0.344145138384225,8.254192757263109,-7.910047618878882,-7.910047618878884,1.7763568394002505e-15,-0.09958343790037194,-5.092395217128478,1.0258929325223498,2.8176524017504048,0.372865374006099,0.49830949003212305,2.8101312962140916
10,149,1.0,3009.806460321821,0.26627389024496617,8.27590494702422,-8.009631056779254,-8.009631056779254,0.0,0.019914849232813836,-5.210638239128184,1.0072333484230143,2.7989928176510688,0.3701264324569872,0.4987596223784509,2.793784860405912
10,150,1.0,2950.4595225133676,0.29561531890734327,8.285331526453785,-7.98971620754644,-7.989716207546442,1.7763568394002505e-15,0.01233154322344987,-5.201598910426601,0.9963578278917824,2.7881172971198374,0.3742892432792825,0.49872613974404184,2.7828843354183466
10,151,1.0,2914.2992177939004,0.3118563020488195,8.289240966371809,-7.97738466432299,-7.977384664322989,8.881784197001252e-16,0.02991520503972378,-5.193536217102246,0.9920889779926885,2.7838484472207434,0.37370154081015733,0.49880284340278114,2.7789737046273277
10,152,1.0,2828.4084839489415,0.3371715186513219,8.284640977934592,-7.947469459283266,-7.94746945928327,3.552713678800501e-15,-0.017112139104342283,-5.160159554897745,0.9955504351574685,2.7873099043855234,0.3732329938071869,0.49872962632020906,2.7821070783773743
10,153,1.0,2877.225090428188,0.30739633755150353,8.271977935939113,-7.964581598387609,-7.964581598387609,0.0,0.024290422728182826,-5.163493615594742,1.0093285135648118,2.801087982792867,0.36926988535666094,0.4986918374541658,2.795594761220943
10,154,1.0,2808.1780623679897,0.3230211694049984,8.263312345064426,-7.940291175659426,-7.940291175659428,1.7763568394002505e-15,-0.027885681409972385,-5.1312754586323965,1.0172562477989737,2.8090157170270285,0.3687724909712994,0.49857797571427315,2.802911667593001
10,155,1.0,2887.5880765593793,0.29999573310886984,8.26817259017827,-7.968176857069398,-7.968176857069401,2.6645352591003757e-15,-0.04678034988487312,-5.163259037631564,1.0131583502097798,2.8049178194378346,0.3703102545836395,0.4986054851451156,2.7989793217097962
10,156,1.0,3025.879908328744,0.24549802736857687,8.26045523432285,-8.014957206954271,-8.014957206954273,1.7763568394002505e-15,-0.012838024247683322,-5.200514229867721,1.0226835078584953,2.8144429770865504,0.36993401249445806,0.4985456533643191,2.808093381556766
10,157,1.0,3064.9766534679056,0.24554468844573724,8.273339919647693,-8.027795231201955,-8.027795231201956,1.7763568394002505e-15,0.04688240969108648,-5.226496119169367,1.0095396428045353,2.80129911203259,0.3731534778411341,0.4986154724269238,2.7954338195472346
10,158,1.0,2924.5994833199984,0.2757205606437265,8.256633382154593,-7.980912821510868,-7.9809128215108665,1.7763568394002505e-15,-0.04980366285836979,-5.164829634418939,1.024323717863874,2.816083187091929,0.37527261796319017,0.49827789683667884,2.808571435942992
10,159,1.0,3073.943316794737,0.2377767131136049,8.268493197482844,-8.030716484369238,-8.030716484369238,0.0,-0.013099736515826521,-5.224828564869202,1.0141284502719807,2.8058879195000355,0.3738981664859139,0.49851465046701,2.799563252034566
10,160,1.0,3114.4760688683905,0.23517452507309694,8.278990745958161,-8.043816220885065,-8.043816220885065,0.0,0.056334693274698644,-5.248592482600536,1.0034642690564741,2.795223738284529,0.3759723779819945,0.49858043469312247,2.789339681482666
10,161,1.0,2943.8735513257943,0.30282664231459117,8.290308169924955,-7.987481527610366,-7.987481527610364,1.7763568394002505e-15,-0.027974242574988928,-5.205561486754839,0.9901605716274711,2.781920040855526,0.3762693848977073,0.4986828473539897,2.7765719304226923
10,162,1.0,3027.3888769195805,0.2773520586368087,8.292807828822163,-8.015455770185355,-8.015455770185355,0.0,-0.19228642211985125,-5.234838135279932,0.988858165677366,2.7806176349054206,0.37411813724114606,0.49880216991112686,2.7757728245672673
10,163,1.0,3669.2486490333968,0.09633723480811647,8.304079427113322,-8.207742192305206,-8.207742192305206,0.0,-0.010395616132598207,-5.432568777994373,0.9834139450827785,2.7751734143108333,0.37476886955820754,0.499076994769976,2.7714741716546922
10,164,1.0,3707.5917040174636,0.07756498574649862,8.295702794184304,-8.218137808437804,-8.218137808437806,1.7763568394002505e-15,0.02922940834138643,-5.434237030887643,0.9921413083221058,2.7839007775501603,0.3722611947433424,0.4990473015012388,2.7800503615937675
10,165,1.0,3600.789478901566,0.10201811045705723,8.290926510553474,-8.188908400096418,-8.188908400096416,1.7763568394002505e-15,-0.08538173285320028,-5.401289602924855,0.9958593279435082,2.7876187971715627,0.3740305084028257,0.4988884188934491,2.7830998020778703
10,166,1.0,3921.737729699832,0.005267231574759871,8.279557364524376,-8.274290132949618,-8.274290132949616,1.7763568394002505e-15,-0.04535132022240873,-5.473305562728595,1.0092251009929682,2.8009845702210234,0.37332914769867553,0.4988125126975536,2.7960633510460586
10,167,1.0,4103.688380014487,-0.04636628359941766,8.27327516957261,-8.319641453172027,-8.319641453172029,1.7763568394002505e-15,-0.03732590632616706,-5.511741691685514,1.0161402922584581,2.8078997614865124,0.3756152126894916,0.49868541328329136,2.802378455454299
10,168,1.0,4259.7568471397735,-0.08489892986910708,8.272068429629085,-8.356967359498194,-8.356967359498192,1.7763568394002505e-15,0.01977525491669674,-5.547780592536994,1.0174272977331456,2.8091867669612007,0.3787976439965251,0.4985888877671855,2.803241021929196
10,169,1.0,4176.346518055407,-0.05435269174337204,8.282839412838122,-8.337192104581497,-8.337192104581494,3.552713678800501e-15,-0.02268562163357224,-5.539296022789512,1.006136612563929,2.797896081791984,0.37879425622221363,0.4987235387662959,2.7926245484619017
10,170,1.0,4272.172359773519,-0.07116631701775847,8.288711409197312,-8.35987772621507,-8.35987772621507,0.0,0.030969436978217857,-5.567341151728001,1.0007771052590144,2.7925365744870696,0.3779627763098616,0.4988578364818234,2.7878629779294877
10,171,1.0,4141.893333612714,-0.04368971982518503,8.285218569411667,-8.328908289236852,-8.328908289236852,0.0,-0.13466883967407384,-5.5336561592594355,1.0034926607493617,2.795252129977417,0.3781720417114841,0.49876921006557495,2.79018511039512
10,172,1.0,4738.9796552481475,-0.20041931212317277,8.263157816787754,-8.463577128910925,-8.463577128910927,1.7763568394002505e-15,0.15599842595833202,-5.645011381677462,1.0268062780054088,2.818565747233464,0.37937705560588186,0.4985496526859916,2.8123786533951574
10,173,1.0,4054.4839789505336,-0.01533331599600907,8.292245386956585,-8.307578702952593,-8.307578702952595,1.7763568394002505e-15,0.11316155077435575,-5.519593500459005,0.996225733265533,2.7879852024935876,0.3772205416242392,0.49888008607209416,2.783425987892658
10,174,1.0,3620.680071310282,0.10086026918952493,8.295277421367764,-8.194417152178238,-8.19441715217824,1.7763568394002505e-15,-0.007845484205745379,-5.4120915586267815,0.9905661243234004,2.7823255935514553,0.37676130923240336,0.49883775773785705,2.777617058901638
10,175,1.0,3649.197780968364,0.08637004121401042,8.288632677597993,-8.202262636383983,-8.202262636383983,0.0,-0.06465198351905421,-5.413453183882971,0.9970499832729578,2.788809452501013,0.3776399965451586,0.49871992964707273,2.783574644351677
10,176,1.0,3892.9193078713038,0.024558622396260384,8.291473242299297,-8.266914619903037,-8.266914619903037,0.0,-0.03819219113147021,-5.479248032541986,0.995907118132996,2.7876665873610507,0.3768165160075786,0.49883631520560234,2.7829206818250505
10,177,1.0,4044.4741095255217,-0.0159463072217573,8.289160503812752,-8.305106811034507,-8.30510681103451,1.7763568394002505e-15,0.08905880583027681,-5.51461886408974,0.9987284777167135,2.7904879469447685,0.3778021335212153,0.4988009733783252,2.7855746307416704
10,178,1.0,3699.8516572898907,0.08154451686631686,8.297592522070547,-8.21604800520423,-8.21604800520423,0.0,0.05510511705097976,-5.4356057824774195,0.9886827534987557,2.7804422227268106,0.37531741589008166,0.4989215117425174,2.776091371088509
10,179,1.0,3501.486557969263,0.1242491820593371,8.285192070212588,-8.16094288815325,-8.16094288815325,0.0,-0.06196588414225346,-5.369599569697129,0.9995838492280672,2.7913433184561227,0.37298035218055603,0.49877090530442764,2.7863178963653628
10,180,1.0,3725.3227535015903,0.06779944287780379,8.290708215173307,-8.222908772295504,-8.222908772295503,1.7763568394002505e-15,0.086849721870351,-5.435617753267817,0.9955315497996331,2.7872910190276876,0.3747111360551358,0.49884261136969493,2.782585195464962
10,181,1.0,3415.4312680345474,0.1624618081339297,8.298520858559083,-8.136059050425153,-8.136059050425153,0.0,0.12385419779031004,-5.358947816827985,0.9853517643691134,2.777111233597168,0.37500462836328713,0.4988677438183071,2.772558455845084
10,182,1.0,3017.563065392598,0.2728332828335587,8.285038135468405,-8.012204852634843,-8.012204852634845,1.7763568394002505e-15,-0.06805017358763266,-5.226275346617688,0.9941700367891032,2.785929506017158,0.3762733357112189,0.49852417106148733,2.779915146143947
10,183,1.0,3230.0568808194816,0.20636485639233554,8.286619882614808,-8.080255026222476,-8.080255026222472,3.552713678800501e-15,-0.07408484002351479,-5.293569361544342,0.9949261954500802,2.786685664678135,0.37635059098465434,0.4985957317126295,2.7809612292099484
10,184,1.0,3478.4423300171197,0.13005961951964767,8.284399485765642,-8.15433986624599,-8.154339866245994,3.552713678800501e-15,-0.002485851485559465,-5.363201527750843,0.9993788692670931,2.7911383384951485,0.37691976783889625,0.4986027033682043,2.785401900273895
10,185,1.0,3487.0999774051415,0.1249581500618715,8.28178386779342,-8.15682571773155,-8.156825717731548,1.7763568394002505e-15,0.017900110188975304,-5.36331451706756,1.0017517314359365,2.7935112006639913,0.37810478591480184,0.4985177989719949,2.7873910144507845
10,186,1.0,3425.2358428180046,0.12991317989982024,8.268838787442395,-8.138925607542575,-8.138925607542575,0.0,0.15298316712342874,-5.33346128808724,1.0137048502272796,2.8054643194553344,0.379310873653833,0.4982688477010699,2.7981665585012805
10,187,1.0,2939.3461581704896,0.265694509839431,8.251636950258577,-7.985942440419146,-7.985942440419146,0.0,-0.10365539578664063,-5.168624207125197,1.0255587640658943,2.8173182332939484,0.38122865747056145,0.4978315911302545,2.8079048930050186
10,188,1.0,3260.376101308265,0.1822773840440326,8.271875220249822,-8.089597836205787,-8.089597836205789,1.7763568394002505e-15,0.09039418392547205,-5.28889739114491,1.008940975832824,2.8007004450608783,0.37910905080788304,0.4982690020331608,2.7934599482654683
10,189,1.0,2978.5850529120153,0.28316727088194693,8.282370923162262,-7.999203652280315,-7.999203652280315,0.0,0.13021336095510794,-5.211731846349948,0.9957123367023119,2.7874718059303674,0.37741086365983195,0.4984067048354155,2.780940762941705
10,190,1.0,2614.9239433765347,0.4039338062198158,8.27292409754502,-7.868990291325207,-7.868990291325205,1.7763568394002505e-15,0.0071182839690928645,-5.077603494198207,0.9996273278989447,2.7913867971269997,0.37823998035218426,0.4981429908965804,2.783712057043994
10,191,1.0,2596.376264330667,0.41347867790422377,8.275350685260339,-7.861872007356114,-7.861872007356115,8.881784197001252e-16,-0.03867282147716811,-5.073181180538122,0.9969313575899369,2.788690826817992,0.37746841599385067,0.49819479114076176,2.7812605082833017
10,192,1.0,2698.7522858537277,0.3717180924153827,8.272262921248664,-7.900544828833282,-7.900544828833282,0.0,-0.0980442315401282,-5.107064117890479,1.0017212417147474,2.793480710942802,0.37762713760837885,0.49816444307030255,2.7858328070303258
10,193,1.0,2976.755001069598,0.2758096565569833,8.274398716930394,-7.99858906037341,-7.99858906037341,0.0,-0.0429391085049069,-5.2033844185945926,1.003445172550762,2.795204641778817,0.3771648041148364,0.4982831917649968,2.788028802300376
10,194,1.0,3107.3581318593824,0.24781292860603443,8.289341097484353,-8.041528168878317,-8.041528168878319,1.7763568394002505e-15,-0.025335206041054548,-5.259617603644723,0.990151096005539,2.7819105652335945,0.37536139481670217,0.4985913008909331,2.7761871209524998
10,195,1.0,3187.089430074705,0.22747365177561366,8.294337026694985,-8.066863374919372,-8.066863374919372,0.0,0.0603741366137065,-5.289158934943664,0.985944970747652,2.7777044399757074,0.3754469166795298,0.4986704898352854,2.7723419302000045
10,196,1.0,3000.3650341727794,0.28149262602174463,8.28798186432741,-8.006489238305665,-8.006489238305665,0.0,-0.07166241907682114,-5.224509184144881,0.9902205849327297,2.7819800541607846,0.3747096689020833,0.4985540829110671,2.7761078929049816
10,197,1.0,3223.270019962978,0.2102760629698491,8.288427720352335,-8.078151657382486,-8.078151657382486,0.0,0.007560175025721705,-5.293733792415941,0.9926583957384901,2.7844178649665454,0.37296491062454706,0.4986750719341208,2.779029139314894
10,198,1.0,3198.993417767551,0.22064194639204357,8.291233428748807,-8.070591482356765,-8.070591482356763,1.7763568394002505e-15,-0.05747002501621523,-5.289292940357233,0.989539072771476,2.781298541999531,0.37261084649070164,0.4987176875140537,2.7761173317635475
10,199,1.0,3388.2251455048618,0.17033136641865557,8.298392873791636,-8.12806150737298,-8.12806150737298,0.0,-0.06599138400596871,-5.352124277710325,0.9841777604345999,2.7759372296626545,0.3739003511302184,0.49882245445395745,2.7712129615565373
10,200,1.0,3619.3614396710273,0.10838337520360211,8.302436266582555,-8.194052891378949,-8.194052891378954,5.329070518200751e-15,1.1080878021374474e-05,-5.420201305841185,0.9820921163097092,2.773851585537764,0.3749310072213264,0.49889511692400995,2.769426588858169
10,201,1.0,3619.3213341905976,0.1082277253053834,8.30226953580631,-8.194041810500927,-8.194041810500927,0.0,-0.076977967393276,-5.420120880615047,0.9821614606578226,2.7739209298858776,0.3756411631096155,0.4988610411256312,2.769356774587027
10,202,1.0,3908.9332039744854,0.02696214897705356,8.297981926871255,-8.271019777894203,-8.271019777894201,1.7763568394002505e-15,-0.06743109369083555,-5.4908835713302615,0.9883767373358872,2.7801362065639417,0.3757329341187702,0.49886225803766426,2.7755537988205887
10,203,1.0,4181.606875335199,-0.03942406959184838,8.29902680199319,-8.338450871585039,-8.338450871585039,0.0,-0.07739896023903547,-5.557953443997519,0.9887379583594648,2.7804974275875196,0.37575142747008805,0.4989336443828685,2.7761987192677418
10,204,1.0,4518.113560436052,-0.12132608767125078,8.294523744152825,-8.415849831824074,-8.415849831824076,1.7763568394002505e-15,0.07804399067454959,-5.629565474988314,0.9945248876077054,2.7862843568357607,0.3764628423066251,0.49892406700414993,2.781926004609128
10,205,1.0,4178.910481352832,-0.039690732303667424,8.29811510884586,-8.337805841149525,-8.337805841149526,1.7763568394002505e-15,-0.020218719640233473,-5.556259926137771,0.9897864457836988,2.7815459150117543,0.37450998479796516,0.4989632249707017,2.777371426997343
10,206,1.0,4264.262648930389,-0.0750930211853875,8.28293153960437,-8.358024560789758,-8.358024560789756,1.7763568394002505e-15,0.015283915430003958,-5.560489006395763,1.005776085165941,2.797535554393996,0.3685200590324865,0.49896170155612724,2.7932873435964236
10,207,1.0,4199.583553218385,-0.05237508718157062,8.290365558178188,-8.342740645359754,-8.342740645359758,3.552713678800501e-15,0.14753570658172954,-5.553683514955758,0.9972976611759412,2.789057130403996,0.3735723923461061,0.4988747189094522,2.7844872865359
10,208,1.0,3623.5335183586812,0.09593971036980789,8.291144649147833,-8.195204938778025,-8.195204938778025,0.0,0.141704211307637,-5.410147666348131,0.9932978032018394,2.7850572724298943,0.3706106584408687,0.49885016115957365,2.7804134795014335
10,209,1.0,3144.784758332069,0.23697540706746784,8.290476134537855,-8.053500727470388,-8.053500727470388,0.0,-0.0024132350383219148,-5.272759072189067,0.9889821860532653,2.7807416552813202,0.3729051296338281,0.4986299009514548,2.7752084098278966
10,210,1.0,3152.383027616189,0.231952135841875,8.287866098350587,-8.05591396250871,-8.055913962508713,3.552713678800501e-15,0.1007980117223255,-5.272722267127379,0.9914322261532753,2.7831916953813303,0.3732505583278428,0.4985701150030275,2.777401790594793
10,211,1.0,2850.1187834177936,0.32917941285618046,8.284295363642567,-7.955115950786384,-7.955115950786387,2.6645352591003757e-15,0.004781824833933079,-5.172294671712282,0.9910618098460473,2.7828212790741023,0.37436817969694325,0.4984041855142953,2.776336712889633
10,212,1.0,2836.5225479552228,0.3349510594901352,8.285285185442586,-7.950334125952451,-7.950334125952451,0.0,-0.004069204664193471,-5.169041733731422,0.9895329229929732,2.781292392221028,0.37576010862904863,0.4983527061242014,2.7746018328519235
10,213,1.0,2848.088454799058,0.32579793971722404,8.280201270333867,-7.954403330616644,-7.9544033306166435,8.881784197001252e-16,0.0347213499594039,-5.167650354846702,0.994993506541887,2.7867529757699416,0.372850245827876,0.49837710153415743,2.7801329080492767
10,214,1.0,2750.8960684478584,0.361529245287869,8.28121122594511,-7.9196819806572405,-7.919681980657241,8.881784197001252e-16,0.021747674552937468,-5.135414658022834,0.9925078534063522,2.7842673226344075,0.3737240019435379,0.49833214103350304,2.7774850217743285
10,215,1.0,2691.716319442483,0.3711529294345432,8.269087235538848,-7.897934306104303,-7.897934306104305,1.7763568394002505e-15,-0.0622933347789818,-5.102114802046619,1.0040600348296307,2.7958195040576856,0.3715001147340551,0.49822723653493944,2.78846372300319
10,216,1.0,2864.725006817455,0.31269510853896115,8.272922749422245,-7.960227640883285,-7.960227640883283,1.7763568394002505e-15,0.0010140944813015196,-5.16604256633311,1.00242560532212,2.7941850745501746,0.3740056601207265,0.4982402375415413,2.7869003490074977
10,217,1.0,2861.8213775236545,0.313715436517642,8.272928982919625,-7.959213546401983,-7.959213546401983,0.0,-0.09462186056531507,-5.1651340820713285,1.0023199951026003,2.7940794643306552,0.3740344481055051,0.4982337951056454,2.7867694463841275
10,218,1.0,3145.8374294567757,0.22224885236216,8.276084259329458,-8.053835406967298,-8.053835406967298,0.0,0.1011802250035796,-5.259338012925405,1.002737924813838,2.7944973940418927,0.3726306250738578,0.49839216277790643,2.787903088014977
10,219,1.0,2843.1139221814924,0.3187506848823978,8.271405866846115,-7.952655181963719,-7.952655181963717,1.7763568394002505e-15,-0.0559885065539234,-5.158061296824326,1.0028344159113372,2.794593885139392,0.3761558652688068,0.4981136130521187,2.7868119866081655
10,220,1.0,3006.836139590826,0.2671216855789784,8.27576537409662,-8.008643688517642,-8.008643688517642,0.0,-0.03254615548237538,-5.216443860321606,1.0004403589679807,2.792199828196036,0.37789024202708743,0.49815815083829307,2.7845703816762537
10,221,1.0,3106.3070131174263,0.23543607307332168,8.27662591707334,-8.041189844000018,-8.041189844000018,0.0,-0.024713005456307613,-5.248623564215669,1.0008068105562937,2.792566279784348,0.37748971066249476,0.498202277082711,2.785116011937884
10,222,1.0,3184.0296192724572,0.19253744872239345,8.25844029817872,-8.065902849456325,-8.065902849456325,0.0,-0.039738477578980635,-5.254225471739054,1.019917908489217,2.811677377717272,0.37867430858881773,0.4979284834661653,2.8027489700246466
10,223,1.0,3313.105768336719,0.16876017577663466,8.274401502811939,-8.105641327035306,-8.105641327035304,1.7763568394002505e-15,-0.02269020749027284,-5.309001983332139,1.0048798744751108,2.7966393437031662,0.3780411332849762,0.49818937289952786,2.7891068945045188
10,224,1.0,3389.140181830032,0.15255630025595876,8.280887834781538,-8.128331534525579,-8.128331534525579,0.0,-0.15817261549542927,-5.337509463971421,0.999062601326103,2.790822070554158,0.3777257531398317,0.49829860530399256,2.7838309200258835
10,225,1.0,3969.9316226577466,0.0041601062088091065,8.290664256229817,-8.286504150021008,-8.286504150021008,0.0,0.1044707032348029,-5.500824130808354,0.9939205499845963,2.7856800192126507,0.3772827818029061,0.4985902554732469,2.779973057741802
10,226,1.0,3576.1191203062217,0.10472465000156535,8.286758096787771,-8.182033446786205,-8.182033446786207,1.7763568394002505e-15,0.12587258812555824,-5.395278639133433,0.9949953384247175,2.786754807652772,0.3748168107002569,0.498506209652468,2.7806965381044955
10,227,1.0,3153.161434944068,0.22022608291354862,8.276386941574195,-8.056160858660647,-8.056160858660647,0.0,-0.08692771555585388,-5.263217817110701,1.0011835723218896,2.7929430415499445,0.37355459530768026,0.4982783058613653,2.785890853435974
10,228,1.0,3439.524706878601,0.11956482966386159,8.262653403880364,-8.1430885742165,-8.143088574216502,1.7763568394002505e-15,-0.037628886575360454,-5.332922747541212,1.0184063574472333,2.810165826675288,0.3695738194643626,0.4982870028584621,2.802985078038498
10,229,1.0,3571.4160928676424,0.10102890131191046,8.281746362103771,-8.180717460791861,-8.180717460791861,0.0,-0.024110723648844257,-5.389522447934374,0.9994355436294328,2.7911950128574876,0.3756134219136682,0.4983818350707816,2.784577289744554
10,230,1.0,3658.5719930979963,0.0805568457423321,8.285385030183038,-8.204828184440705,-8.204828184440705,0.0,-0.05733237401687319,-5.416835510876079,0.9962332043365713,2.7879926735646268,0.3777090569676069,0.49838241350428253,2.781407267672355
10,231,1.0,3874.4560527782096,0.006810468613419797,8.268971027070993,-8.262160558457579,-8.262160558457573,5.329070518200751e-15,0.05416793682003629,-5.456661806417775,1.0137392828117464,2.8054987520398016,0.37951987702923046,0.4981406103151973,2.7977241451369887
10,232,1.0,3670.167651590539,0.07329031373092754,8.281282935368468,-8.207992621637542,-8.20799262163754,1.7763568394002505e-15,-0.029871933150230845,-5.416002887191407,1.0002302652180803,2.7919897344461355,0.3780845738663494,0.4983112400548633,2.7850692420899326
10,233,1.0,3781.4565867070232,0.0448438262814984,8.282708381069273,-8.237864554787773,-8.237864554787775,1.7763568394002505e-15,0.04874098167623764,-5.446105600089439,0.9999994854702786,2.791758954698333,0.3748008447868146,0.49846332691124123,2.785469478278971
10,234,1.0,3601.5643549937654,0.10106427125781424,8.290187844369347,-8.189123573111535,-8.189123573111534,1.7763568394002505e-15,-0.027636255609163385,-5.406512750199455,0.9908513536840257,2.78261082291208,0.3760970577505353,0.4984703589469697,2.776417449640377
10,235,1.0,3702.4862362733857,0.07655138247248097,8.29331121119318,-8.216759828720699,-8.216759828720699,0.0,0.04574201649514542,-5.436096703451387,0.9889036560412569,2.780663125269312,0.37337673309881886,0.49864248109870973,2.775198150815156
10,236,1.0,3536.9420750963145,0.12584956539959855,8.296867377625153,-8.171017812225553,-8.171017812225555,1.7763568394002505e-15,-0.07842192065266929,-5.395936245886005,0.9833220971114939,2.775081566339549,0.3758907189479721,0.49856348912267673,2.7693125690120923
10,237,1.0,3825.481929169944,0.039208754763980905,8.288648487642206,-8.249439732878223,-8.249439732878225,1.7763568394002505e-15,-0.032846589452818264,-5.464034741376661,0.9936455222735061,2.785404991501561,0.3755117001261774,0.4985321496567967,2.779447517615599
10,238,1.0,3953.2223982187006,0.005628260467568143,8.287914582798608,-8.282286322331041,-8.282286322331041,0.0,-0.015446582526632113,-5.4950031149310545,0.9955237381719314,2.787283207399986,0.37271633430030937,0.49863377998221026,2.7817472408228787
10,239,1.0,4014.760225244326,-0.0011440080143931648,8.296588896843282,-8.297732904857673,-8.297732904857675,1.7763568394002505e-15,0.06734930612020129,-5.519292502679832,0.9866809329497853,2.7784404021778406,0.37622278913906265,0.4986388389478395,2.7729594408539318
10,240,1.0,3753.27322685328,0.06292147390544457,8.29330507264292,-8.230383598737472,-8.230383598737475,3.552713678800501e-15,-0.10222991943586379,-5.450677921010262,0.9879462084991548,2.7797056777272093,0.3756162773839241,0.4985336059098091,2.7737917832348185
10,241,1.0,4157.268463241779,-0.03859115082146634,8.29402236735187,-8.332613518173336,-8.332613518173336,0.0,-0.03386597546914061,-5.551138330590408,0.9897157183548707,2.781475187582926,0.37677822362648283,0.4986125133343637,2.77586863275285
10,242,1.0,4300.469551066668,-0.07260161433774669,8.29387787930473,-8.366479493642476,-8.366479493642478,1.7763568394002505e-15,-0.03917049442113907,-5.5837559458106085,0.9909640786038129,2.782723547831868,0.37591796919678305,0.4986702853526637,2.7773587915156353
10,243,1.0,4472.2637360552635,-0.11461398738367207,8.291036000679942,-8.405649988063615,-8.405649988063614,1.7763568394002505e-15,0.0008539247420298324,-5.619283213521623,0.9946073053139376,2.786366774541993,0.37570209819421196,0.4986816358172903,2.781032970414653
10,244,1.0,4468.44638949347,-0.11492867229956225,8.289867391022025,-8.404796063321585,-8.404796063321587,1.7763568394002505e-15,-0.08259135351548252,-5.617550409607254,0.995486184486276,2.7872456537143306,0.3770116671403643,0.4986243851593953,2.78166727345166
10,245,1.0,4853.170185230736,-0.20574386984378862,8.28164354699328,-8.487387416837068,-8.487387416837068,0.0,0.03030967892268599,-5.690722069609033,1.0049058779999804,2.7966653472280356,0.3782139517851439,0.49855707659036524,2.7907567595922576
10,246,1.0,4708.279049236557,-0.17942593626044717,8.277651801653935,-8.457077737914382,-8.457077737914382,0.0,-0.1530296813574381,-5.656775088386255,1.008543180300071,2.800302649528126,0.37671714761525443,0.49850798718385475,2.7941517781942555
10,247,1.0,5486.838038292267,-0.34058584224604493,8.269521577025774,-8.61010741927182,-8.610107419271818,1.7763568394002505e-15,-0.048916272378736636,-5.7999732251004845,1.0183747249432809,2.810134194171336,0.37794455222027085,0.4985346534989001,2.8040445616694343
10,248,1.0,5761.906518105379,-0.39988206774256474,8.259141623907993,-8.659023691650557,-8.659023691650559,1.7763568394002505e-15,0.09236926414943092,-5.838108610815616,1.0291556116068852,2.8209150808349404,0.37574395395404253,0.49851236505484514,2.8146572485933947
10,249,1.0,5253.524309956603,-0.29390192708336316,8.272752500417761,-8.566654427501126,-8.566654427501124,1.7763568394002505e-15,0.048658940292705566,-5.76017989999587,1.0147150582772013,2.8064745275052565,0.3765847484105315,0.4985500789381169,2.8004960854366026
10,250,1.0,5004.013088587697,-0.237930734854848,8.280064752353576,-8.51799548720842,-8.517995487208424,3.552713678800501e-15,-0.04113849392918034,-5.719634853687001,1.0066011642933643,2.798360633521419,0.3780793092750445,0.49853481209941747,2.792359599054093
10,251,1.0,5214.163652530856,-0.28355904970517243,8.275574931432427,-8.5591339811376,-8.559133981137599,1.7763568394002505e-15,0.051302710210427094,-5.756195303424647,1.0111792084848983,2.8029386777129535,0.379527056919594,0.49846283336665637,2.7966080284132886
10,252,1.0,4953.408829264565,-0.22350418238131925,8.284327088545856,-8.507831270927174,-8.507831270927175,1.7763568394002505e-15,0.078233792863875,-5.714012829409789,1.0020589722893296,2.7938184415173843,0.3776571978012938,0.49857805752083245,2.7880353097086696
10,253,1.0,4580.655907336365,-0.14104221595482425,8.288555262108474,-8.429597478063299,-8.429597478063299,0.0,-0.19975074333763665,-5.6412391793097045,0.9965988295255389,2.7883582987535935,0.37698958586161674,0.49855513746195235,2.782511684447348
10,254,1.0,5593.43138559372,-0.3581427107690376,8.271205510631898,-8.629348221400935,-8.629348221400935,0.0,-0.012935025208401285,-5.821653934463524,1.0159348177093561,2.807694286937411,0.38019243565560257,0.49842825515531725,2.8012132164796664
10,255,1.0,5666.252517822984,-0.38086848322006106,8.26141476338928,-8.642283246609336,-8.64228324660934,3.552713678800501e-15,0.13447777903687985,-5.824929858403059,1.025593918978223,2.817353388206278,0.38092018446693654,0.49826534160789376,2.810111725464578
10,256,1.0,4953.281016348492,-0.2290521749775759,8.27875329259488,-8.507805467572457,-8.507805467572457,0.0,-0.10875984462822252,-5.708777170733387,1.007268827611015,2.79902829683907,0.37819133175667824,0.49843800344010697,2.792644429275177
10,257,1.0,5522.386110140018,-0.34225263139811807,8.274312680802563,-8.61656531220068,-8.616565312200681,1.7763568394002505e-15,-0.0010227454429241334,-5.8122384692087055,1.0125673737639176,2.8043268429919723,0.37979048517182373,0.49845182903150387,2.7979640201283633
10,258,1.0,5528.036994583814,-0.3434294881363047,8.2741585695073,-8.617588057643603,-8.617588057643605,1.7763568394002505e-15,-0.007411059441892576,-5.813131928016378,1.0126966603991703,2.804456129627225,0.37981031597397374,0.49844488293297967,2.7980632508651566
10,259,1.0,5569.157791473648,-0.3562962940233642,8.268702823062132,-8.624999117085496,-8.624999117085496,0.0,0.13004095452940945,-5.815385896473022,1.017853751384421,2.809613220612475,0.3801161645901763,0.49835248500003093,2.8027813668327153
10,260,1.0,4890.051736899943,-0.21191250416065777,8.283045658395427,-8.494958162556086,-8.494958162556085,1.7763568394002505e-15,-0.007847231598757887,-5.70085456976194,1.0023441235660897,2.7941035927941447,0.37774738874148095,0.498460311082176,2.7878283895856746
10,261,1.0,4928.576062370664,-0.2260593341136934,8.27674606004115,-8.502805394154844,-8.502805394154844,0.0,0.08827376147654853,-5.701949901755282,1.009096023171509,2.8008554923995637,0.37527339520649633,0.4984487762995107,2.7945135934490573
10,262,1.0,4512.161710723609,-0.12880684397264078,8.285724788705654,-8.414531632678296,-8.414531632678294,1.7763568394002505e-15,-0.04324450990784712,-5.624740676847629,0.9980314866026125,2.7897909558306675,0.37789158453682836,0.49836933408963024,2.783163564471145
10,263,1.0,4711.568481864348,-0.17744382814986853,8.280332314436269,-8.457776142586143,-8.457776142586138,5.329070518200751e-15,-0.030084755149834663,-5.662077520663864,1.0039391526942223,2.795698621922277,0.3787010973414212,0.4982920074475925,2.7887054697682214
10,264,1.0,4855.468612700413,-0.20498475648974201,8.282876141246236,-8.487860897735978,-8.487860897735978,0.0,-0.049301122834352284,-5.694196179786854,1.0019052487210687,2.793664717949124,0.37838926683461527,0.49837361827612175,2.7870362996634395
10,265,1.0,5100.847699918051,-0.2638357271784598,8.27332629339187,-8.53716202057033,-8.53716202057033,0.0,0.1717082443240745,-5.733432764427878,1.0119697869143973,2.8037292561424523,0.3793107704346882,0.4982616828233288,2.796543522632565
10,266,1.0,4296.060746116731,-0.07507415382070737,8.29037962242555,-8.365453776246255,-8.365453776246259,3.552713678800501e-15,0.2556889553151649,-5.581522890936413,0.9921714160817867,2.7839308853098417,0.3772239977439844,0.4983742826399072,2.77736687639093
10,267,1.0,3326.7955452067254,0.18165143370714337,8.291416254638236,-8.10976482093109,-8.109764820931092,1.7763568394002505e-15,-0.04319124162967114,-5.334755001516119,0.9832503501869164,2.7750098194149717,0.3755818049702332,0.49816069628217857,2.7676212918417353
10,268,1.0,3473.6321776228765,0.131555047840924,8.284511110401686,-8.152956062560762,-8.152956062560762,0.0,-0.037474479363735824,-5.36989444510412,0.9913021482285863,2.783061617456641,0.3769217712125033,0.49803719245970085,2.7751019756277473
10,269,1.0,3606.274564661705,0.09081478290893165,8.28124532483343,-8.190430541924497,-8.190430541924497,0.0,-0.0769490679265008,-5.402718607880896,0.9959524648155457,2.787711934043601,0.3757518434003251,0.49806685746096274,2.7798424873733025
10,270,1.0,3894.7298971379714,0.009900182737501116,8.277279792588502,-8.267379609850998,-8.267379609851,1.7763568394002505e-15,0.011706236081666432,-5.473124897786075,1.0024952428368703,2.7942547120649253,0.3746196990274505,0.49811585032588407,2.7865342039971295
10,271,1.0,3849.4030902545564,0.02749869319650589,8.28317206696584,-8.255673373769332,-8.255673373769334,1.7763568394002505e-15,-0.11223295121930477,-5.467658704462386,0.9962552000788912,2.7880146693069463,0.37381861846172854,0.49821863519328363,2.7807851341519494
10,272,1.0,4306.60997545859,-0.09128209778001913,8.276624227208616,-8.367906324988637,-8.367906324988635,1.7763568394002505e-15,-0.15576601461882333,-5.5706562919311295,1.0054905638294507,2.7972500330575056,0.3736937943539228,0.4982494901916447,2.7900763288379764
10,273,1.0,5032.50091638569,-0.25975948437693286,8.263912855230524,-8.52367233960746,-8.523672339607456,3.552713678800501e-15,-0.020578118936930068,-5.71205066802123,1.0198622023581752,2.8116216715862303,0.379517122201163,0.4980385200911952,2.8034042841784506
10,274,1.0,5137.1331942589,-0.2735579776928747,8.270692480851514,-8.54425045854439,-8.544250458544388,1.7763568394002505e-15,0.06671285397557902,-5.738348394856515,1.0141425944598208,2.805902063687876,0.3760210139198221,0.4982944690637406,2.798860206096391
10,275,1.0,4805.602023315932,-0.2090705130769669,8.268467091491843,-8.477537604568811,-8.47753760456881,1.7763568394002505e-15,0.04406617342692343,-5.670127073240663,1.0156510621000903,2.8074105313281454,0.3736867774782277,0.4982408228525091,2.800112161371944
10,276,1.0,4598.435569944193,-0.16148657098159547,8.271984860160291,-8.433471431141887,-8.433471431141887,0.0,0.09092361714122177,-5.630544008028625,1.0111679538852074,2.8029274231132626,0.37163558372426353,0.4983170340435083,2.7960115695827237
10,277,1.0,4198.77381988771,-0.0822287134871063,8.260319100513557,-8.342547814000666,-8.342547814000664,1.7763568394002505e-15,0.057715748220902086,-5.529944166517544,1.0208441782550663,2.812603647483121,0.36743908124927294,0.49818198657302987,2.8050239642804784
10,278,1.0,3963.2991091586355,-0.011223408057795738,8.273608657721965,-8.284832065779764,-8.28483206577976,3.552713678800501e-15,0.0867107738921522,-5.48748123259238,1.0055913639593286,2.7973508331873838,0.37130217145157335,0.498179867392796,2.789895745710553
10,279,1.0,3634.116445878675,0.08550316049152638,8.283624452379138,-8.198121291887611,-8.198121291887611,0.0,0.005087171343635788,-5.413467666165647,0.9928941564939097,2.784653625721965,0.37273152484745936,0.49817561449181963,2.777281394078054
10,280,1.0,3615.676017414176,0.09396995487017734,8.287004075414153,-8.193034120543976,-8.193034120543976,0.0,-0.0016233991425380623,-5.4121778512950485,0.9890968000208723,2.780856269248927,0.3744702020970394,0.4981470376551611,2.773384337310668
10,281,1.0,3621.550469760855,0.08713217294518999,8.281789692631703,-8.194657519686514,-8.194657519686514,0.0,0.032384714428884465,-5.40925467164017,0.9936433788182898,2.785402848046345,0.3751073549631896,0.4980282068242114,2.777410947124858
10,282,1.0,3506.1463427103645,0.11723834141432736,8.27951114667196,-8.16227280525763,-8.162272805257633,3.552713678800501e-15,0.11893561680647657,-5.376132417024979,0.994380919004595,2.7861403882326496,0.37724916690759674,0.49786419096195206,2.7774660378559246
10,283,1.0,3112.9844911023465,0.24158674331746202,8.284923931768615,-8.043337188451153,-8.043337188451153,0.0,-0.03398565603908743,-5.266851160904186,0.9847265583189113,2.7764860275469663,0.37655456119129327,0.49783527082752754,2.767768897963594
10,284,1.0,3220.5996389911916,0.20688074777399457,8.284203592264234,-8.07732284449024,-8.07732284449024,0.0,-0.06082970043368974,-5.298931105079363,0.9866322701828224,2.778391739410877,0.3766239759231737,0.49785255686741353,2.7697317597898916
10,285,1.0,3422.5889442688613,0.14991621623465468,8.288068761158584,-8.13815254492393,-8.13815254492393,0.0,-0.0769137519701033,-5.36137738562913,0.9850156900667434,2.7767751592947985,0.3765248952234868,0.49795588164688326,2.768548762522711
10,286,1.0,3696.2212644564,0.0667744119568941,8.281840708850929,-8.215066296894033,-8.215066296894035,1.7763568394002505e-15,-0.06658681596051785,-5.429699285828435,0.9936075418375422,2.7853670110655973,0.37746953933338095,0.4978958813228504,2.776819349973549
10,287,1.0,3950.719972696867,0.0013470927081368454,8.283000205562688,-8.281653112854551,-8.281653112854551,0.0,0.11793526109816632,-5.495137034701419,0.9947566089250769,2.786516078153132,0.3767578289176087,0.49802414214321405,2.7785130722050178
10,288,1.0,3511.216549667144,0.1255960225666427,8.289313874323026,-8.163717851756385,-8.163717851756383,1.7763568394002505e-15,-0.06377556136024154,-5.387383408484923,0.9845749740434059,2.7763344432714607,0.37598258331929435,0.4980225619642577,2.7683866486937583
10,289,1.0,3742.4412313209177,0.06472509510175775,8.292218508218383,-8.227493413116626,-8.227493413116624,1.7763568394002505e-15,0.07032279433375166,-5.452001976620479,0.983731967268092,2.775491436496147,0.3762881892799195,0.49812489950773475,2.7679649054444035
10,290,1.0,3488.3028892842804,0.13470333897238188,8.291873957755257,-8.157170618782875,-8.157170618782875,0.0,0.10270246197231891,-5.383715437591598,0.9816957119632216,2.773455181191276,0.37607493521048707,0.49804308047121393,2.76561273446127
10,291,1.0,3147.8285874832072,0.23372419017818824,8.288192346988744,-8.054468156810556,-8.054468156810556,0.0,0.056492922164301795,-5.281495624531607,0.9812130630508914,2.772972532278946,0.37557710745751677,0.49789881363090704,2.7645492616536345
10,292,1.0,2974.9283529456607,0.2786492760844823,8.276624510730734,-7.997975234646254,-7.997975234646252,1.7763568394002505e-15,-0.003882885402753722,-5.216529404734394,0.9896863606838053,2.7814458299118603,0.3772645493546775,0.49762587114726814,2.7718115470564677
10,293,1.0,2986.502114074356,0.2711261035869362,8.272984223635945,-8.001858120049008,-8.001858120049008,0.0,-0.15652358885817108,-5.216739150098728,0.9933595007222245,2.7851189699502794,0.37762618711226104,0.4975512131299203,2.7751223625010843
10,294,1.0,3492.5300977125808,0.12330321318264045,8.281684922089823,-8.158381708907179,-8.158381708907182,3.552713678800501e-15,-0.03719081308892491,-5.375536125937657,0.9910861137414674,2.7828455829695216,0.3768716251742359,0.49785875018072206,2.7741859362921564
10,295,1.0,3624.8657133014276,0.08325056869318628,8.278823090689295,-8.195572521996104,-8.195572521996109,5.329070518200751e-15,0.061249064312718815,-5.4090241323942765,0.9947889203737731,2.7865483896018284,0.37768040602970643,0.4978041237697101,2.777630749534039
10,296,1.0,3409.508611462341,0.13822683074203795,8.272550288425423,-8.134323457683385,-8.134323457683385,0.0,-0.0223374353835748,-5.343566680094587,0.9989973083607424,2.7907567775887974,0.3775952925743955,0.497642118768661,2.781138702592076
10,297,1.0,3486.525264685687,0.12336332280451066,8.28002421587147,-8.15666089306696,-8.156660893066958,1.7763568394002505e-15,0.1411499370899012,-5.3723678038086,0.9925336200303049,2.7842930892583593,0.37604695168008184,0.4978164094275537,2.7754658503926435
10,298,1.0,3027.5559503815466,0.26316644915062354,8.27867740512768,-8.015510955977058,-8.015510955977057,1.7763568394002505e-15,-0.07532017781698741,-5.235843102548085,0.9879083842009182,2.779667853428973,0.3770813987376643,0.4976023125139859,2.7699789898933918
10,299,1.0,3264.399595863903,0.1853658136680085,8.276196947462054,-8.090831133794046,-8.090831133794046,0.0,0.05564068491727703,-5.305604053205641,0.9934676113603489,2.7852270805884043,0.377791555266919,0.49760290176919847,2.775497125324089
10,300,1.0,3087.7268405990567,0.2313525108350129,8.266542959711781,-8.035190448876769,-8.035190448876769,0.0,0.11205197716818116,-5.242883355030887,1.0005476246178258,2.792307093845881,0.3786064778519182,0.4973742328318993,2.7815315901629787
10,301,1.0,2760.420967973529,0.34556841683257755,8.268706888541168,-7.9231384717085875,-7.92313847170859,2.6645352591003757e-15,-0.04718080410351444,-5.1378538591492395,0.9935251433312935,2.785284612559348,0.37790129599069383,0.49730352353324186,2.7742785985129195
10,302,1.0,2893.7811310650122,0.3077812488020066,8.27810052461411,-7.970319275812102,-7.970319275812104,1.7763568394002505e-15,0.09040281837791664,-5.19237007707263,0.9861897295114174,2.777949198739472,0.3752514385940346,0.49756924339007136,2.7681436371803088
10,303,1.0,2643.651693031236,0.3906525445154557,8.270569001949642,-7.879916457434185,-7.879916457434186,8.881784197001252e-16,-0.03618478393940183,-5.098753373017092,0.989403615189039,2.7811630844170936,0.3764123300038423,0.4973210015447816,2.770284978646916
10,304,1.0,2741.0634413732405,0.35126504408400905,8.267366285457596,-7.916101241373587,-7.916101241373587,0.0,-0.09858296398759059,-5.129930896179926,0.9944108759656057,2.7861703451936606,0.3747208082450764,0.4973672884574453,2.77544348066016
10,305,1.0,3025.0539510422163,0.25804412908875696,8.272728334449933,-8.014684205361178,-8.014684205361176,1.7763568394002505e-15,-0.10969171580619452,-5.229411091397671,0.9935136447354523,2.785273113963507,0.3754233248611387,0.4975116333397587,2.775163704537265
10,306,1.0,3375.760533457672,0.14395946814381666,8.268335389311192,-8.124375921167372,-8.124375921167376,3.552713678800501e-15,0.014450510723136745,-5.329762245869806,1.0028542060695107,2.7946136752975654,0.3732869172108592,0.49762838529217035,2.784896634293293
10,307,1.0,3327.329836583307,0.16389989583024123,8.273825306274475,-8.109925410444236,-8.109925410444234,1.7763568394002505e-15,0.06735969054663293,-5.322399921477781,0.995766019738397,2.787525488966452,0.37653194383863425,0.4975639215861956,2.7776133883526453
10,308,1.0,3110.5838475893224,0.22806875615102676,8.27063447604863,-8.042565719897603,-8.042565719897603,0.0,0.007222910487342915,-5.254650074593662,0.996156176075886,2.7879156453039413,0.37493384349288567,0.49748381189376695,2.7776724658001477
10,309,1.0,3088.1973241484175,0.23807075165157993,8.273413561061838,-8.03534280941026,-8.035342809410258,1.7763568394002505e-15,0.09835366929897926,-5.250073918040625,0.9935094221415772,2.785268891369632,0.3723316637078422,0.49759758443974533,2.775536506293475
10,310,1.0,2798.920651142472,0.33080045253706314,8.267789592648347,-7.93698914011128,-7.936989140111284,3.552713678800501e-15,0.10272585223592046,-5.150581720441267,0.9946479504419576,2.7864074196700126,0.3712718088790888,0.49744277907818835,2.7760307251818923
10,311,1.0,2525.674129042976,0.4316643531482481,8.265927641023609,-7.83426328787536,-7.834263287875361,8.881784197001252e-16,-0.046760358585113515,-5.051856543813375,0.9906472748339308,2.7824067440619857,0.3745915956780387,0.4971750171838278,2.7709602934988027
10,312,1.0,2646.580336156676,0.39548334560952036,8.27650699206999,-7.8810236464604735,-7.88102364646047,3.552713678800501e-15,-0.09402487161300055,-5.107270339783987,0.9819938374484304,2.7737533066764857,0.3760612778916281,0.4973146368645738,2.762963466046647
10,313,1.0,2907.498934926699,0.3064976143804565,8.28154613245393,-7.975048518073474,-7.975048518073473,8.881784197001252e-16,0.02572812353211429,-5.201774854320136,0.9815141945252833,2.773273663753338,0.3755044239859783,0.4974887307150884,2.763195143419063
10,314,1.0,2833.6485329358675,0.32503582844322176,8.274356222984585,-7.94932039454136,-7.949320394541363,3.552713678800501e-15,-0.23627720525430007,-5.170274034435795,0.9872868908775102,2.7790463601055655,0.3771648624397214,0.49728389305660575,2.7680489319928103
10,315,1.0,3588.8876970949227,0.08899464219510425,8.274592241990764,-8.18559759979566,-8.18559759979566,0.0,0.04000567912479447,-5.3973192505248955,0.9965188800427098,2.7882783492707652,0.37810507063145093,0.4974946066261072,2.7780761739590076
10,316,1.0,3448.1458151665042,0.1304056355060301,8.275997556176893,-8.145591920670865,-8.145591920670864,1.7763568394002505e-15,0.01666448880745719,-5.360449422286579,0.9933830291562286,2.7851424983842836,0.3776331574991683,0.49745936007165775,2.774812624441472
10,317,1.0,3391.160363292514,0.15460147402793578,8.283528905891341,-8.128927431863408,-8.128927431863405,3.552713678800501e-15,0.06931290426809866,-5.352120203422242,0.9850477592131114,2.7768072284411667,0.3765067421276694,0.49759502576093567,2.7671270293298704
10,318,1.0,3164.070237490959,0.22165571228254227,8.281270239877852,-8.05961452759531,-8.05961452759531,0.0,-0.06507902133577659,-5.28356041832033,0.9842946400469247,2.77605410927498,0.3756274655200762,0.49751514586427187,2.766064688684256
10,319,1.0,3376.8329390306235,0.15613321695014223,8.280826765881226,-8.124693548931086,-8.124693548931084,1.7763568394002505e-15,-0.027006734040945446,-5.34599814774374,0.9869359319592922,2.778695401187347,0.3759244731483574,0.4975777003400453,2.7689256981483594
10,320,1.0,3469.2727990176854,0.13422679007621965,8.285927073048251,-8.151700282972032,-8.151700282972032,0.0,-0.14236952903659805,-5.376975052453862,0.9829657612901134,2.774725230518168,0.3759068241667442,0.49766338315147757,2.7653423709858362
10,321,1.0,4000.0806884402273,-0.011424892265581823,8.28264491974305,-8.29406981200863,-8.294069812008631,1.7763568394002505e-15,0.07554015385827029,-5.511321605241697,0.9909887375388783,2.7827482067669336,0.37686000772297207,0.4977442024417585,2.7736335952193127
10,322,1.0,3709.0448074414444,0.06666519922880887,8.285194857379171,-8.21852965815036,-8.218529658150363,3.552713678800501e-15,0.10374852167986681,-5.440988546833418,0.9857816420888884,2.777541111316943,0.3767517725082281,0.49768337693988346,2.768216563027028
10,323,1.0,3343.525728252782,0.16950400319906833,8.284285139669562,-8.114781136470492,-8.114781136470494,1.7763568394002505e-15,0.04114002067498923,-5.340013026965816,0.9830086402766213,2.774768109504676,0.3755005491841874,0.4975770567293944,2.7650426388482265
10,324,1.0,3208.764065939908,0.21192889253401415,8.285570008329518,-8.073641115795503,-8.073641115795503,0.0,-0.005064443611868086,-5.302170834925076,0.9797108116423718,2.771470280870427,0.375936532644484,0.4975061235040863,2.7614836066474595
10,325,1.0,3225.0558903067267,0.20216554019567068,8.280871099603042,-8.078705559407371,-8.078705559407371,0.0,-0.023227200972680606,-5.3027375180431155,0.9842085721362013,2.7759680413642567,0.37655032297817126,0.4974068653412742,2.765541252873252
10,326,1.0,3300.841649965336,0.1834458404072137,8.285378600787265,-8.101932760380052,-8.101932760380052,0.0,0.00045646750080408083,-5.329531282937909,0.980642008214088,2.772401477442143,0.3757458144908539,0.4975278124273224,2.7624953678649007
10,327,1.0,3299.3352668604475,0.18333943134607406,8.284815724225323,-8.101476292879248,-8.10147629287925,1.7763568394002505e-15,0.1576824106686079,-5.328604970697079,0.9811118529541147,2.7728713221821693,0.3761002563368373,0.4974905802646418,2.7628101924593707
10,328,1.0,2818.0315328975985,0.32826041719424215,8.272054299404882,-7.94379388221064,-7.94379388221064,0.0,0.0015718004059097623,-5.165629051183783,0.9864053617988032,2.778164831026858,0.37556102035851924,0.49713884942321274,2.766630394223304
10,329,1.0,2813.6056290202823,0.32843203885165095,8.270654120656378,-7.94222208180473,-7.942222081804727,3.552713678800501e-15,0.01049045859335962,-5.163365434095156,0.9870971784815179,2.778856647709573,0.37677798321172085,0.4970624485790733,2.76699221552172
10,330,1.0,2784.2438939742715,0.34286301070046493,8.274594633911839,-7.931731623211371,-7.931731623211374,3.552713678800501e-15,-0.013821023382397435,-5.157050680810837,0.9829214731724795,2.7746809424005345,0.3751923356194075,0.4971505380172143,2.763233241617852
10,331,1.0,2822.9921473855293,0.3203153036551234,8.265867950248893,-7.945552646593768,-7.94555264659377,1.7763568394002505e-15,-0.1892448602235639,-5.1616081473259126,0.9921850300398013,2.783944499267857,0.3747780470903788,0.4970303590742024,2.771908354568867
10,332,1.0,3411.125269224125,0.1395453068437948,8.274342813661127,-8.134797506817332,-8.134797506817332,0.0,-0.06264232623042609,-5.351183274758994,0.9918547628302834,2.7836142320583384,0.37456781453313903,0.4973574890841725,2.7729272256985897
10,333,1.0,3631.640788726607,0.07948685596640281,8.276926689014164,-8.197439833047758,-8.197439833047762,3.552713678800501e-15,0.015311094779715262,-5.414155308752039,0.9915250550676639,2.7832845242957185,0.3744850705773167,0.4974629495594502,2.7730345266812058
10,334,1.0,3576.4599102333523,0.10015516768127988,8.28228390594932,-8.182128738268043,-8.182128738268041,1.7763568394002505e-15,0.1376300755476283,-5.405638527638505,0.9847307414014826,2.7764902106295373,0.3767727577441585,0.4974263198502015,2.766122788336194
10,335,1.0,3116.602243045567,0.23480055011048862,8.279299212830903,-8.044498662720414,-8.044498662720414,0.0,0.005175336814312814,-5.270311237491331,0.9824279560010277,2.774187425229082,0.37519384916973864,0.4972586472251696,2.763184590859962
10,336,1.0,3100.514442522821,0.23982586594485691,8.279149191850959,-8.039323325906102,-8.039323325906102,0.0,0.03229714107718351,-5.265684072251096,0.9818797844269515,2.773639253655006,0.37629254252203337,0.497199373682437,2.7623938791338447
10,337,1.0,3001.9765023437685,0.2687316492213818,8.2757578340503,-8.007026184828918,-8.007026184828918,0.0,0.037696953057021254,-5.232011971889246,0.9832547437116167,2.7750142129396713,0.3761703104058211,0.4970964617824092,2.763333910799608
10,338,1.0,2890.9175780582386,0.30663218198784803,8.275961413759745,-7.969329231771897,-7.969329231771897,0.0,-0.10176636009012885,-5.196506809639565,0.9810629529042781,2.7728224221323337,0.37627715212089957,0.49702937059300467,2.7608978166036473
10,339,1.0,3200.606467299357,0.20308936718472115,8.274184959046746,-8.071095591862026,-8.071095591862026,0.0,-0.028687289855739095,-5.292124686551936,0.9872114360820351,2.7789709053100897,0.3754845800757791,0.49713448081340816,2.7674137688450577
10,340,1.0,3293.7528636800216,0.17592652710877815,8.275709408826541,-8.099782881717765,-8.099782881717763,1.7763568394002505e-15,0.039790088940799606,-5.321099497080887,0.9869239154088211,2.778683384636876,0.3746163840404617,0.4972148352938957,2.7674649518959478
10,341,1.0,3165.2673214874344,0.21737979234835675,8.27737258512532,-8.059992792776965,-8.059992792776963,1.7763568394002505e-15,0.07074880295052832,-5.285077854964594,0.9831554685843157,2.7749149378123708,0.37618714458437663,0.49710880843815336,2.763302760591594
10,342,1.0,2949.06659215377,0.28671239679468585,8.27595638662112,-7.989243989826437,-7.989243989826434,2.6645352591003757e-15,0.1280341921730379,-5.215949904583004,0.9815346160153776,2.7732940852434322,0.3749104911735941,0.49705487745659377,2.761488099937269
10,343,1.0,2594.6574879345408,0.4056262563581051,8.266836054011504,-7.861209797653399,-7.861209797653399,0.0,-0.08916184801571081,-5.085943044374129,0.9835072840512155,2.7752667532792703,0.3769631272691837,0.4966795474104096,2.761901336314592
10,344,1.0,2836.6289754740724,0.3220876122801478,8.272459257949258,-7.95037164566911,-7.95037164566911,0.0,0.005434357059297845,-5.176075918858179,0.982536257582877,2.774295726810932,0.37655723869664953,0.4968808686588784,2.7617496449887238
10,345,1.0,2821.255531004167,0.32681313037547133,8.271750418985283,-7.944937288609812,-7.944937288609811,8.881784197001252e-16,-0.08453525962613728,-5.170237450513639,0.9829403688681181,2.7746998380961734,0.37436739432625565,0.4969490473341387,2.762454128075294
10,346,1.0,3070.121904920211,0.24959182897314292,8.27906437720909,-8.02947254823595,-8.029472548235947,1.7763568394002505e-15,-0.030367459331127833,-5.258974668844984,0.9787384101629103,2.7704978793909647,0.3760673942170461,0.49706970833206476,2.7587661602369926
10,347,1.0,3164.783752397413,0.21970016858527683,8.279540176152352,-8.059840007567077,-8.059840007567075,1.7763568394002505e-15,-0.06872044490824081,-5.288618073352311,0.9794624649867109,2.771221934214766,0.3758575627605629,0.497105256875275,2.7596307423699873
10,348,1.0,3389.9161056598923,0.14719884304918346,8.275759295524502,-8.128560452475318,-8.128560452475318,0.0,-0.07545907439993726,-5.351654926699093,0.9851460565481679,2.776905525776223,0.3769874257783813,0.49708941837531,2.7651759329963457
10,349,1.0,3655.6146570742653,0.06621275824922435,8.270232285124479,-8.204019526875255,-8.204019526875255,0.0,0.0457061671160055,-5.419005784552904,0.9932542730942963,2.785013742322351,0.37692593106823424,0.4971006537847626,2.773239208824396
10,350,1.0,3492.2913944139655,0.11689563109547133,8.27520899085472,-8.15831335975925,-8.15831335975925,0.0,0.09358061081838542,-5.380034546063286,0.9865193444679079,2.7782788136959624,0.37712590657903483,0.49709551857612816,2.766565350006345
10,351,1.0,3180.3061634073456,0.2015899874019102,8.266322736342776,-8.064732748940864,-8.064732748940866,1.7763568394002505e-15,-0.0030799515983268577,-5.282218745906566,0.9907545338062427,2.7825140030342976,0.3776398270116229,0.49681658988443633,2.7695958275247103
10,352,1.0,3190.1164523108764,0.1940309197210104,8.261843620260201,-8.067812700539191,-8.067812700539191,0.0,0.06224482458063285,-5.281152977723192,0.9949002535879427,2.7866597228159975,0.37802252118892526,0.49673699706332775,2.7733413217117993
10,353,1.0,2997.601883929483,0.252329396487855,8.257897272446414,-8.005567875958558,-8.005567875958558,0.0,-0.10219208865653329,-5.217725032939339,0.9960833737911639,2.787842843019219,0.3772785112496467,0.49660036099681815,2.773951590809347
10,354,1.0,3320.1324796222616,0.12497763267423946,8.23273759728933,-8.107759964615092,-8.10775996461509,1.7763568394002505e-15,-0.07408348282824129,-5.291541303536376,1.0244591918506603,2.816218661078715,0.3795898470872916,0.49627606111600303,2.8004348340428193
10,355,1.0,3575.4397245677455,0.06710694592330549,8.24895039336664,-8.181843447443333,-8.181843447443335,1.7763568394002505e-15,0.0839115180301313,-5.37893375500812,1.0111502232071585,2.8029096924352133,0.37856294174727045,0.49662810382784767,2.7888643219109652
10,356,1.0,3287.6619229856688,0.1589073072453055,8.256839236658504,-8.097931929413202,-8.097931929413198,3.552713678800501e-15,0.010601120507455875,-5.306159404846099,1.0000130553390483,2.791772524567103,0.37843336877498557,0.49661504764353764,2.7778759865287435
10,357,1.0,3252.9931115598743,0.1764897742597904,8.263820583165536,-8.087330808905746,-8.087330808905746,0.0,0.044068589172887584,-5.3026907608901075,0.9928805787875827,2.7846400480156377,0.37810899845443846,0.4966947690856814,2.7711853475090638
10,358,1.0,3112.7511233927235,0.22564354524893,8.268905764981787,-8.043262219732858,-8.043262219732856,1.7763568394002505e-15,0.08633510028521041,-5.2649672519531485,0.986535498551655,2.77829496777971,0.37610536532916733,0.49677491564025517,2.7652697174994323
10,359,1.0,2855.285506730491,0.3021953183267123,8.259122437774362,-7.956927119447648,-7.95692711944765,2.6645352591003757e-15,0.063844105457604,-5.173455102730835,0.991712547488758,2.783472016716813,0.3775055463191734,0.4964413696461512,2.7689924445581795
10,360,1.0,2678.689640948078,0.36174245421245965,8.254825468202503,-7.893083013990044,-7.893083013990044,0.0,-0.16443010002608638,-5.108586354944207,0.9927371898177823,2.784496659045837,0.3782984758212995,0.49627735753051816,2.769294561007092
10,361,1.0,3157.428198608004,0.19904430213584562,8.256557416151974,-8.05751311401613,-8.057513114016128,1.7763568394002505e-15,-0.09166865824741421,-5.26715678702057,0.9985968577675038,2.7903563269955587,0.37773773543417094,0.49652055279421486,2.776056755250248
10,362,1.0,3460.546391710377,0.11259933996688755,8.261781112230434,-8.149181772263544,-8.149181772263546,1.7763568394002505e-15,-0.05970836257385237,-5.359576602894413,0.9978457001410771,2.789605169369132,0.3748955057417886,0.49680756295290296,2.7765706195480067
10,363,1.0,3673.4631541608314,0.05696933563433069,8.265859470471728,-8.208890134837397,-8.208890134837397,0.0,-0.03967716577002456,-5.42132648939388,0.995804176215462,2.7875636454435173,0.3764370272757428,0.49688429174733867,2.7748846927325257
10,364,1.0,3822.1459107202395,0.012456002551331549,8.261023303158755,-8.248567300607421,-8.248567300607423,1.7763568394002505e-15,0.0462603660054306,-5.455501290290351,1.0013065410890156,2.793066010317071,0.37785872814049115,0.4968335188499082,2.780060423350367
10,365,1.0,3649.3594375077446,0.06490539466696482,8.267212329268954,-8.20230693460199,-8.202306934601989,1.7763568394002505e-15,0.0772519347644014,-5.4171455640892665,0.9934019012846692,2.7851613705127245,0.37746196041824054,0.49686432130488534,2.7723956728927397
10,366,1.0,3378.053718970262,0.1465046198602189,8.271559619697808,-8.12505499983759,-8.12505499983759,0.0,-0.004129213465688508,-5.347027455516817,0.9862680750927172,2.7780275443207727,0.3765891651761726,0.4968585722793404,2.7653443663410915
10,367,1.0,3392.0312621439753,0.1389787049786007,8.268162918281881,-8.129184213303278,-8.12918421330328,1.7763568394002505e-15,-0.08881733131511815,-5.347588409187121,0.9898363348881029,2.781595804116158,0.3758585965115578,0.49681968476394106,2.7687211073538065
10,368,1.0,3707.0865278304673,0.05645744711759796,8.27445899173599,-8.218001544618396,-8.218001544618392,3.552713678800501e-15,-0.003237409791150725,-5.439543076833352,0.9866989985569893,2.7784584677850446,0.37724854080622106,0.49696941862877386,2.7662327136305866
10,369,1.0,3719.107333690614,0.05031943614693341,8.271558390556484,-8.221238954409547,-8.22123895440955,3.552713678800501e-15,0.16122097304692318,-5.440170741231491,0.9893087439500002,2.7810682131780555,0.3773241696182001,0.4969137702730291,2.768575761096154
10,370,1.0,3165.347051098628,0.20250896925455497,8.262526950617179,-8.060017981362623,-8.060017981362623,0.0,0.06235687681473756,-5.2768451769656,0.9914133351689678,2.7831728043970227,0.3774150542103845,0.4965523636126517,2.7691435658232244
10,371,1.0,2973.993985173716,0.2589995781687844,8.25666068271667,-7.997661104547886,-7.997661104547887,8.881784197001252e-16,0.04756272113307958,-5.211256203941962,0.9946454313778688,2.7864049006059233,0.37790823922602296,0.49637572397478325,2.771604301068424
10,372,1.0,2835.853937744711,0.3123597642416812,8.262458147656488,-7.950098383414806,-7.950098383414807,8.881784197001252e-16,-0.12600412664654925,-5.172186915973522,0.9861519982132299,2.777911467441284,0.37722111181494145,0.49638325416716134,2.763286063526802
10,373,1.0,3216.671827479336,0.19172302777244066,8.267825537833795,-8.076102510061355,-8.076102510061355,0.0,-0.036539104885145335,-5.297766732081615,0.9865763087516853,2.77833577797974,0.37627359560505397,0.4966376846528641,2.764761416788865
10,374,1.0,3336.3798301184906,0.15077978870132908,8.263421403647829,-8.1126416149465,-8.1126416149465,0.0,0.01612952053743477,-5.3290479586401,0.9918341870783461,2.783593656306401,0.3763266325848817,0.4966045808016557,2.7698000516630716
10,375,1.0,3282.99729778835,0.1734814177932847,8.269993512202351,-8.096512094409066,-8.096512094409066,0.0,0.09952033969264029,-5.319790006102998,0.9849626190780144,2.7767220883060695,0.3765793401593249,0.4966862918958866,2.7633883502488907
10,376,1.0,2972.0040088704263,0.26745627186306253,8.26444802657949,-7.996991754716426,-7.9969917547164275,1.7763568394002505e-15,0.012622702113674222,-5.218969845598184,0.9862624398901886,2.778021909118243,0.376376855253335,0.49648270065798017,2.763856666878611
10,377,1.0,2934.725063077728,0.2852347095497946,8.269603762152546,-7.9843690526027515,-7.984369052602751,8.881784197001252e-16,0.10000208630188023,-5.21270488171964,0.9799047016550562,2.7716641708831116,0.3755373046123799,0.4965705055967213,2.7579238818405174
10,378,1.0,2655.4435086581066,0.3813483693710827,8.265715335671954,-7.884366966300871,-7.884366966300871,0.0,-0.06374025593638422,-5.1143116347052855,0.9782958623675307,2.770055331595586,0.37641671371704555,0.49634693154901316,2.7554193880308286
10,379,1.0,2830.2129134367297,0.3172196196986452,8.265326841935899,-7.9481072222372555,-7.948107222237254,1.7763568394002505e-15,0.022118073519911796,-5.174676433480583,0.9816713195286173,2.7734307887566723,0.3767992108996964,0.49640977992451,2.7589997158018886
10,380,1.0,2768.301263313284,0.3296790279075481,8.255668176624892,-7.925989148717344,-7.925989148717345,8.881784197001252e-16,-0.021516816747329415,-5.144514240826007,0.9897154386632808,2.781474907891336,0.37801087657509846,0.4961899560048324,2.7660010443201877
10,381,1.0,2828.5117402268825,0.3125802843099098,8.26008624977458,-7.947505965464673,-7.947505965464671,1.7763568394002505e-15,0.060226596321308,-5.169365706190129,0.9863807900464892,2.778140259274544,0.376784928470533,0.49632133271360956,2.7632856482052635
10,382,1.0,2663.1885026776235,0.3667792043587389,8.254058573502105,-7.887279369143365,-7.887279369143366,8.881784197001252e-16,0.11999752347575576,-5.105775784176934,0.9897441157383774,2.781503584966433,0.3761252661829209,0.49618452738633784,2.7660174678344607
10,383,1.0,2362.0421595023827,0.47594772931975715,8.243229574987367,-7.767281845667609,-7.76728184566761,8.881784197001252e-16,-0.07205025074291083,-4.981790601144731,0.9937317752948239,2.7854912445228788,0.37687969321397,0.4958184686241977,2.7683833685839687
10,384,1.0,2538.5087883607794,0.418619043794306,8.257951140204828,-7.83933209641052,-7.839332096410522,1.7763568394002505e-15,-0.057316458498577916,-5.065625693774276,0.9819469334081902,2.7737064026362455,0.37678108591798715,0.49609517073454884,2.757991133003932
10,385,1.0,2688.257665928028,0.3651581539950375,8.261806708904135,-7.896648554909098,-7.896648554909098,0.0,-0.1287604480323674,-5.123945612005113,0.9809434736759307,2.7727029429039853,0.3757283990000071,0.4962225288176975,2.7575339923450026
10,386,1.0,3057.671638742231,0.23786803813591834,8.263277041077384,-8.025409002941466,-8.025409002941466,0.0,-0.00031556338700866604,-5.247868035523846,0.9857814981895648,2.77754096741762,0.3771470673388605,0.4963723291212802,2.762920658001025
10,387,1.0,3058.636680218784,0.23754091924613685,8.263265485574614,-8.025724566328474,-8.025724566328478,3.552713678800501e-15,0.06350588375396171,-5.248190243744067,0.9857748533563541,2.7775343225844087,0.37714502506651887,0.4963619166856377,2.7628720139414242
10,388,1.0,2870.434475749126,0.29599132945796874,8.258210012032482,-7.9622186825745125,-7.962218682574513,8.881784197001252e-16,0.02278088681196344,-5.18295686601644,0.9875023473300182,2.779261816558073,0.37746018186421953,0.49616602618461497,2.7637787803033675
10,389,1.0,2805.7826419099197,0.31039082990445827,8.249828625667007,-7.939437795762549,-7.939437795762549,0.0,0.0292106403457133,-5.152901370754813,0.9947769557796811,2.7865364250077356,0.3786929902874724,0.4959670302409372,2.7700674056405865
10,390,1.0,2725.0093966868153,0.33427767880349235,8.24450483422033,-7.910227155416836,-7.910227155416837,8.881784197001252e-16,-0.024339711095840322,-5.120254462274264,0.9982132239145164,2.7899726931425715,0.3792984257955037,0.4958226969011752,2.772813030118632
10,391,1.0,2792.149104125354,0.3150978661489231,8.249664732661598,-7.934566866512676,-7.934566866512675,8.881784197001252e-16,0.11536864119948831,-5.148783425448999,0.9940239718356209,2.785783441063676,0.3786601947000451,0.4959327423204385,2.7691858661578856
10,392,1.0,2487.9098650105843,0.41882269848161646,8.238020923794805,-7.819198225313188,-7.819198225313189,8.881784197001252e-16,-0.0553136660391047,-5.027662596117938,0.9997761599671945,2.79153562919525,0.37897025390727734,0.4955886004322923,2.773363624283652
10,393,1.0,2629.402442949824,0.3490756170648414,8.223587508417134,-7.8745118913522925,-7.874511891352293,8.881784197001252e-16,-0.04750451249518495,-5.0650687666564265,1.017683655467809,2.809443124695864,0.3815412130913656,0.4953496628392337,2.789863387846411
10,394,1.0,2757.3253254075416,0.31028464107378995,8.232301044921266,-7.922016403847477,-7.9220164038474765,8.881784197001252e-16,-0.09909728720857558,-5.1194121091561495,1.0108448254632734,2.802604294691328,0.38064807231509207,0.49555233182658576,2.7840917997472237
10,395,1.0,3044.5661516372697,0.22897511197381662,8.250088803029868,-8.021113691056053,-8.021113691056051,1.7763568394002505e-15,0.04253061726183471,-5.232122401752246,0.9972318200757497,2.788991289303805,0.37793081290827335,0.496030179074136,2.772851129892413
10,396,1.0,2917.793835151524,0.27543579971293836,8.254018873507157,-7.978583073794218,-7.978583073794218,0.0,0.06515224495099226,-5.196054624959423,0.9907689796067395,2.7825284488347948,0.3781514613175683,0.49600030729199096,2.766303912187205
10,397,1.0,2733.753435921994,0.34040109126655316,8.253831920109779,-7.913430828843226,-7.913430828843225,8.881784197001252e-16,0.11726340478218145,-5.13397650259149,0.9876948570236808,2.7794543262517357,0.3778173397802208,0.4959057302033927,2.762877380246937
10,398,1.0,2431.2660868912094,0.44590220356388177,8.242069627624929,-7.796167424061045,-7.796167424061047,2.6645352591003757e-15,-0.03221858042277592,-5.011500786552403,0.9929071682805871,2.7846666375086424,0.3786519470999944,0.49553325457979797,2.766418997011409
10,399,1.0,2510.873562597562,0.41143860529444504,8.239824609778267,-7.8283860044838205,-7.828386004483822,1.7763568394002505e-15,0.20602670638370846,-5.039760448979371,0.9968660862763947,2.7886255555044497,0.3789448093367,0.4955230909711314,2.7702693971807872
10,400,1.0,2043.377383657055,0.6006642824815808,8.223023580581692,-7.622359298100112,-7.622359298100112,0.0,-0.051591209286934614,-4.829165759569808,1.0014340693022497,2.793193538530305,0.3800008067639541,0.4949873155555837,2.7724053376800666
10,401,1.0,2151.564449380995,0.5551363781304903,8.229086885517537,-7.673950507387047,-7.673950507387047,0.0,-0.053891128476519334,-4.884048741164516,0.9981422969944749,2.78990176622253,0.3789543086686309,0.49514188858922115,2.769889281022357
10,402,1.0,2270.695919284043,0.5053192894759376,8.233160925339508,-7.727841635863566,-7.72784163586357,4.440892098500626e-15,-0.06375975460047112,-4.939107088043152,0.9969750785923601,2.788734547820415,0.37766645188443393,0.4952759714839225,2.769356321315937
10,403,1.0,2420.1901500482695,0.4401243461076175,8.231725736571656,-7.791601390464037,-7.791601390464039,1.7763568394002505e-15,-0.02103823519718162,-4.998114579726777,1.0017273415092047,2.7934868107372597,0.37827705270440376,0.49529188654118456,2.7740999656849383
10,404,1.0,2471.6460524527465,0.42287687550881237,8.235516501170029,-7.812639625661219,-7.812639625661216,2.6645352591003757e-15,-0.13063643636782452,-5.022434321902172,0.9984458345309909,2.7902053037590453,0.3771713644293939,0.49543050043515646,2.7714465984214436
10,405,1.0,2816.572677042589,0.2915017858612964,8.234777847890339,-7.943276062029043,-7.943276062029042,8.881784197001252e-16,0.10448129724028288,-5.145292904985151,1.0062236878158375,2.7979831570438924,0.37609795492347314,0.4956346445100536,2.7799913382568398
10,406,1.0,2537.1451337168687,0.39605052545272124,8.234845290241482,-7.83879476478876,-7.838794764788761,8.881784197001252e-16,0.08757645746190512,-5.046464605687467,1.0005706898732394,2.792330159101295,0.37435055891784397,0.49552952319964166,2.7739976615345
10,407,1.0,2324.402526916826,0.47444795416027086,8.225666261487124,-7.751218307326855,-7.7512183073268535,1.7763568394002505e-15,-0.03224815346641918,-4.954875226072204,1.0045836120265952,2.79634308125465,0.3762083875728557,0.49521833525771813,2.776538366802449
10,408,1.0,2400.5819372382493,0.4408216231155774,8.224288083908853,-7.783466460793274,-7.783466460793275,8.881784197001252e-16,-0.1027511020564642,-4.983926334900974,1.0077806566642449,2.7995401258923,0.37545290404738096,0.4952472892465072,2.779821840366239
10,409,1.0,2660.3622131159286,0.3409656060346482,8.227183168884387,-7.886217562849739,-7.8862175628497395,8.881784197001252e-16,0.049355871433367504,-5.083260640165162,1.0111974534565225,2.802956922684577,0.3744745669374071,0.4954429905135334,2.784037327855495
10,410,1.0,2532.2453833312657,0.3795904130491188,8.21645210446549,-7.836861691416371,-7.836861691416372,8.881784197001252e-16,0.16752923637437434,-5.0254641199426535,1.019638102245663,2.8113975714737176,0.37581390044719876,0.4951716422731581,2.791057697770876
10,411,1.0,2141.651319424143,0.544580308762032,8.213912763804029,-7.669332455041997,-7.669332455041997,0.0,-0.0294554024464615,-4.866123993001447,1.011448992812496,2.8032084620405513,0.3783618895831432,0.49482291893354596,2.781466986626745
10,412,1.0,2205.67278110188,0.5145415963793524,8.213329453867813,-7.698787857488458,-7.69878785748846,1.7763568394002505e-15,-0.07825437254038192,-4.893324393371455,1.0137039948889484,2.8054634641170035,0.3776658605731413,0.49484914853508566,2.783805961308041
10,413,1.0,2385.2094758934154,0.4492434237327434,8.226285653761582,-7.77704223002884,-7.777042230028839,8.881784197001252e-16,0.14587193736506165,-4.980623792575909,1.0046589682248752,2.79641843745293,0.37738708168448143,0.4951309661279944,2.7762377576329285
10,414,1.0,2061.4611215420477,0.5848010867995537,8.215971379463333,-7.6311702926637786,-7.631170292663779,8.881784197001252e-16,0.025729997053083764,-4.833234550936333,1.0061762724993912,2.7979357417274464,0.37989116952180485,0.4946874406360758,2.775780939916294
10,415,1.0,2009.0962952764185,0.6052786997250172,8.210718995335712,-7.605440295610695,-7.605440295610695,0.0,-0.11867612420964058,-4.80414795998326,1.00953286639938,2.801292335627435,0.3811519471293047,0.49449608041145576,2.77821135352614
10,416,1.0,2262.2528223601853,0.5110233651335766,8.235139784953912,-7.724116419820335,-7.724116419820335,0.0,0.04285880049488977,-4.940851871719952,0.9915050788723277,2.7832645481003824,0.3787914838994997,0.49505069409243435,2.7630665966358285
10,417,1.0,2167.343752010822,0.5550076218364446,8.236265241161892,-7.681257619325446,-7.681257619325447,1.7763568394002505e-15,0.02744382583755467,-4.90258283402219,0.9869153160751999,2.7786747853032554,0.3778224889851015,0.49501988495658616,2.758479128136566
10,418,1.0,2108.672314295934,0.5784513310494274,8.232265124537317,-7.653813793487891,-7.65381379348789,8.881784197001252e-16,-0.04680625900886337,-4.872785051318497,0.989269272941339,2.781028742169394,0.37863234077669694,0.49487782847134093,2.7601683459102992
10,419,1.0,2209.717708177399,0.5384959078788997,8.239115960375656,-7.700620052496754,-7.700620052496757,2.6645352591003757e-15,-0.024551097099339003,-4.924380761789139,0.9844798214795606,2.776239290707615,0.3771202980485044,0.4950573008104062,2.7562668735893485
10,420,1.0,2264.640146541854,0.5155482515104529,8.240719401106546,-7.725171149596093,-7.725171149596092,8.881784197001252e-16,-0.08189744829812984,-4.949365680155841,0.9840460002121972,2.7758054694402525,0.3778671545705377,0.4950662174717317,2.755853063725979
10,421,1.0,2457.9147279734884,0.44284493540326464,8.249913533297487,-7.807068597894223,-7.807068597894222,8.881784197001252e-16,-0.029034648154872222,-5.036101566677462,0.9792075619887068,2.770967031216762,0.37714767029654295,0.49529649889123295,2.7520713388072786
10,422,1.0,2530.3255416910024,0.4137192020107656,8.249822448059863,-7.836103246049095,-7.836103246049097,1.7763568394002505e-15,0.08457461881259576,-5.063610477906257,0.9807332989147834,2.7724927681428384,0.37732330091761573,0.4953178425542894,2.753645107013707
10,423,1.0,2325.1239472287098,0.48951265866148874,8.241041285897987,-7.7515286272365,-7.751528627236499,8.881784197001252e-16,-0.1430419058623027,-4.975102428895156,0.9846667291132878,2.7764261983413427,0.3779700260707617,0.4950281252751622,2.756287049214556
10,424,1.0,2682.6772080312603,0.35772383365740484,8.252294366756209,-7.894570533098802,-7.894570533098804,1.7763568394002505e-15,-0.055101313297587495,-5.121534474988729,0.9812765888820204,2.773036058110075,0.37734253042113586,0.4954130837128466,2.7545817683709557
10,425,1.0,2834.64459899365,0.30562946059669266,8.255301306993083,-7.94967184639639,-7.94967184639639,0.0,0.08763952350526427,-5.1772830383368715,0.9806293388314637,2.7723888080595187,0.3756974953865162,0.4955884750834842,2.7546878667745016
10,426,1.0,2596.792537147181,0.3863800464503628,8.248412369341487,-7.8620323228911255,-7.862032322891125,8.881784197001252e-16,0.004050620962996021,-5.087106500130173,0.9831663535328973,2.7749258227609523,0.3754534279968432,0.49534128813902956,2.7561709780826127
10,427,1.0,2586.2951896006343,0.3900715297542352,8.248053231682366,-7.8579817019281295,-7.857981701928131,1.7763568394002505e-15,0.04061049140732553,-5.083518602775373,0.9827036299247016,2.7744630991527566,0.3774639314767116,0.495227511895356,2.7552170522637542
10,428,1.0,2483.3685666579577,0.4299483685762082,8.247319579097013,-7.817371210520804,-7.817371210520805,8.881784197001252e-16,0.06088875088702839,-5.045420621714677,0.980191119578072,2.7719505888061273,0.3768841041238455,0.4951944287693116,2.7526239271075315
10,429,1.0,2336.6707985354797,0.4859916844277463,8.24247414406152,-7.756482459633776,-7.756482459633773,2.6645352591003757e-15,-0.09164392295254853,-4.983632022502436,0.9810909679032829,2.772850437131338,0.37707629327477943,0.49500919698544404,2.752759736779519
10,430,1.0,2560.9316129596864,0.40221706308517247,8.250343445671495,-7.848126382586324,-7.848126382586322,1.7763568394002505e-15,0.02840910896686477,-5.077649672907595,0.9787172404506755,2.770476709678731,0.37713122086923634,0.49521670152645153,2.7512791571839146
10,431,1.0,2489.2015456054887,0.42672786118808026,8.24644513480754,-7.819717273619459,-7.81971727361946,8.881784197001252e-16,0.00874850254414028,-5.047160848558931,0.9807969558324725,2.7725564250605275,0.376991952913954,0.4951014715973499,2.7528546057623333
10,432,1.0,2467.519739505711,0.4376974731850609,8.24866624426038,-7.810968771075319,-7.81096877107532,8.881784197001252e-16,0.0002714461651285305,-5.041703967377377,0.9775053344698849,2.7692648036979395,0.37703038706211117,0.495093658550737,2.749597256430203
10,433,1.0,2466.8500316339732,0.43601085094945374,8.246708175859641,-7.8106973249101905,-7.810697324910188,2.6645352591003757e-15,-0.028444331140672574,-5.039838507286658,0.9790993483954784,2.7708588176235334,0.37682030832020774,0.4950578980913211,2.751022556125111
10,434,1.0,2538.025399863932,0.40858216661298064,8.247723822663847,-7.839141656050863,-7.839141656050867,3.552713678800501e-15,0.02068422739277853,-5.068137960090204,0.9792442267326047,2.7710036959606597,0.37708793053059136,0.49510911404944685,2.7513614230063923
10,435,1.0,2486.0675121930435,0.4202113923061809,8.238668820964264,-7.818457428658085,-7.818457428658084,8.881784197001252e-16,0.00909404550928894,-5.0395072464792,0.9871907129508303,2.7789501821788853,0.375365589148688,0.4949781703067388,2.7586549740250192
10,436,1.0,2463.5615911393525,0.4334943197975568,8.242857702946356,-7.809363383148796,-7.809363383148799,3.552713678800501e-15,-0.0271738358173943,-5.035617415238241,0.9819864986824989,2.7737459679105534,0.37631907584957935,0.4949346095062779,2.7533659791429326
10,437,1.0,2531.4238727532584,0.4117799943860002,8.248317213352191,-7.83653721896619,-7.836537218966191,8.881784197001252e-16,-0.18932409172236309,-5.066216520895943,0.9785612288421914,2.7703206980702464,0.37637070187448624,0.4950468086676309,2.750453329509627
10,438,1.0,3059.0549601323883,0.22648606656483256,8.252347377253386,-8.025861310688553,-8.025861310688553,0.0,-0.09719666133040228,-5.250028959684676,0.9840728817758219,2.7758323510038765,0.37561976069468406,0.4953866513677628,2.75726828653381
10,439,1.0,3371.314383280837,0.13053867876471498,8.253596650783667,-8.123057972018955,-8.123057972018952,3.552713678800501e-15,0.05880017936570958,-5.344160399224765,0.987138103566136,2.778897572794191,0.37667731204597354,0.49548935035865815,2.760700996276603
10,440,1.0,3178.796015653956,0.1834208930100398,8.247678685663287,-8.064257792653246,-8.064257792653247,1.7763568394002505e-15,0.13127881105147488,-5.2822991145093505,0.9901992089158398,2.7819586781438947,0.3756462840856729,0.4953191163231751,2.763026427361462
10,441,1.0,2787.719010863866,0.3108835379424588,8.24386251954423,-7.932978981601771,-7.932978981601771,0.0,-0.0009344931539336798,-5.153540206286922,0.9876793060867941,2.779438775314849,0.37706622762227754,0.49500667512900215,2.759202121042138
10,442,1.0,2790.3253327999428,0.3070449966555244,8.24095847141123,-7.9339134747557045,-7.9339134747557045,0.0,-0.05206628389578061,-5.151617591937183,0.9905364135904673,2.7822958828185222,0.37842663098456325,0.4949072966292009,2.761557625398453
10,443,1.0,2939.4558514201103,0.260745200365069,8.246724959016554,-7.985979758651485,-7.985979758651485,0.0,-0.058597055956768784,-5.2077033014662435,0.9865169879571871,2.778276457185242,0.37781418609292916,0.4950812594519142,2.7583798665794093
10,444,1.0,3116.845820912414,0.20403278047499243,8.248609595083245,-8.044576814608254,-8.044576814608252,1.7763568394002505e-15,0.0023568346555560282,-5.265021329616302,0.9877960157638945,2.7795554849919495,0.3769821383705677,0.49520962559687703,2.760216289045033
10,445,1.0,3109.508580393357,0.20576147793589394,8.247981457888592,-8.042219979952698,-8.042219979952698,0.0,0.09267227619223117,-5.262768197921576,0.9876923128030665,2.779451782031121,0.37704234344022813,0.4951327152582993,2.7598015380236363
10,446,1.0,2834.2927205832325,0.29325396901146106,8.24280167277193,-7.949547703760467,-7.949547703760469,2.6645352591003757e-15,-0.011115525866835618,-5.169179701673203,0.9886085328592079,2.780368002087263,0.3747904662972194,0.49497513684009525,2.7600747017797738
10,447,1.0,2865.9731205975518,0.2739304522205128,8.234593681847812,-7.960663229627302,-7.9606632296273,2.6645352591003757e-15,-0.09205076674550661,-5.171601826879478,0.9973019335197693,2.7890614027478247,0.3761005906441575,0.4947767710450477,2.7677428137864197
10,448,1.0,3142.311631338016,0.18693667491906873,8.239650671291878,-8.052713996372809,-8.052713996372809,0.0,-0.12910306965575558,-5.264242094033613,0.9967124331111403,2.7884719023391953,0.3768721716571294,0.4949303208789497,2.767881323881659
10,449,1.0,3575.3454006535994,0.05815317989396212,8.239970245922528,-8.181817066028565,-8.181817066028566,1.7763568394002505e-15,-0.014122074607536561,-5.388273307291915,1.0017842895085938,2.7935437587366487,0.3788659179579468,0.4950517618628106,2.773423957721327
10,450,1.0,3626.1949002768833,0.03454912407548619,8.230488264711589,-8.195939140636101,-8.195939140636103,1.7763568394002505e-15,-0.017801850156558885,-5.391997535809483,1.0121821355985625,2.8039416048266173,0.3802592602568328,0.49487880393273304,2.782891110717056
10,451,1.0,3691.3258845175787,0.026011986266119468,8.23975297705878,-8.21374099079266,-8.21374099079266,0.0,0.0003011152138991946,-5.418972193242715,1.0030093283218904,2.7947687975499456,0.3795466063714098,0.4950861310626678,2.7747581634248255
10,452,1.0,3690.2145374644433,0.026042309229656373,8.239482184808418,-8.21343987557876,-8.213439875578763,1.7763568394002505e-15,0.0630650548996865,-5.418604150154469,1.0030762561962374,2.794835725424292,0.379566567837652,0.49505885438397706,2.774709787575047
10,453,1.0,3464.6774548890653,0.08651009719755204,8.236884917876626,-8.150374820679074,-8.150374820679074,0.0,0.06423929117764793,-5.355476254317808,1.0031390971332115,2.7948985663612667,0.3796681043455984,0.4948841450784478,2.7740345701349547
10,454,1.0,3249.1071987296646,0.14665077990349845,8.232786309404922,-8.086135529501426,-8.086135529501423,3.552713678800501e-15,0.06138177851543425,-5.2905223776857815,1.0038536825875897,2.7956131518156444,0.38047613140824244,0.49466652384788423,2.773731727506179
10,455,1.0,3055.668749691894,0.20387920744396984,8.228632958429962,-8.024753750985992,-8.024753750985992,0.0,0.0452682909137021,-5.228024969693411,1.0049693120645264,2.796728781292581,0.38021484355132534,0.4944951965379885,2.7740099255358337
10,456,1.0,2920.4280006092386,0.2526530361052641,8.232138496177555,-7.97948546007229,-7.979485460072291,8.881784197001252e-16,-0.08482664849973531,-5.189047035044767,0.9986789557994689,2.790438425027524,0.37879111906078783,0.4944542908190832,2.76779982614341
10,457,1.0,3178.968679569316,0.17510899754810538,8.239421106120131,-8.064312108572025,-8.064312108572025,0.0,-0.0050673004091077445,-5.277791437434909,0.9947612019090606,2.7865206711371155,0.37939144783168366,0.49463149249828325,2.764691155095853
10,458,1.0,3195.118351923539,0.16583159634923866,8.235211005330376,-8.069379408981133,-8.069379408981137,3.552713678800501e-15,0.032595618169285245,-5.278456129514082,0.9991638102389953,2.79092327946705,0.3799428417184172,0.4945207650109466,2.768575752818546
10,459,1.0,3092.6505668063055,0.19722256891860065,8.23400635973045,-8.036783790811848,-8.03678379081185,1.7763568394002505e-15,0.19386989634553586,-5.246380513840976,0.9986438077428161,2.7904032769708706,0.37970918687270605,0.494422738913419,2.767647479662639
10,460,1.0,2547.6175172791054,0.3860689018722527,8.228982796338562,-7.842913894466312,-7.842913894466309,2.6645352591003757e-15,0.041215556504729634,-5.057911739191083,0.9932426860471727,2.7850021552752278,0.37933540380895864,0.494047287943872,2.7606230034175367
10,461,1.0,2444.7504663830414,0.4319097959225577,8.233608133884143,-7.801698337961582,-7.801698337961586,3.552713678800501e-15,0.0028742052899639603,-5.0242334937755855,0.9857053749579423,2.7774648441859973,0.37856185273531195,0.4940479770142087,2.7533107240469694
10,462,1.0,2437.7338401025017,0.4326542593740006,8.231478392045616,-7.798824132671618,-7.798824132671616,2.6645352591003757e-15,0.038247646483845266,-5.019911320879145,0.9871533425644179,2.778912811792473,0.3780860787815167,0.49399862468227385,2.75455984740884
10,463,1.0,2346.256800115856,0.47040590406901484,8.230982390256788,-7.760576486187773,-7.760576486187773,0.0,0.029040809582392413,-4.984251191862892,0.9845658250968263,2.776325294324881,0.37817908299923003,0.4939341238448443,2.751769181250356
10,464,1.0,2279.0994745036314,0.4951252442651711,8.226660920870552,-7.731535676605381,-7.731535676605381,0.0,-0.08084222009362474,-4.953281644086775,0.9864945632905512,2.7782540325186065,0.37813047430279983,0.4938220000116929,2.7531892098506314
10,465,1.0,2470.999235745505,0.3992635501353966,8.2116414468344,-7.812377896699005,-7.8123778966990045,8.881784197001252e-16,0.0959412116739351,-5.014351345282855,1.0062670821880941,2.7980265514161498,0.37787506737692156,0.49376269892753166,2.7720996446885398
10,466,1.0,2244.945862138141,0.49044077911710254,8.206877464142172,-7.71643668502507,-7.716436685025069,8.881784197001252e-16,0.03011051352717864,-4.920413246987631,1.0042639688093837,2.7960234380374387,0.38005673156903197,0.49345856325446746,2.7688043518428174
10,467,1.0,2178.356933759072,0.5167563537753055,8.203082525273196,-7.686326171497892,-7.686326171497891,8.881784197001252e-16,0.03917281642669135,-4.888805133880873,1.005761568388964,2.797521037617019,0.38081401015102456,0.4932534459294851,2.769378503399331
10,468,1.0,2094.674300407946,0.5589078781667902,8.20606123323799,-7.6471533550712,-7.6471533550712,0.0,0.03542976723687996,-4.855390346040081,1.0000035398030642,2.791763009031119,0.38048426822308223,0.49317242743978956,2.763505913262898
10,469,1.0,2021.7597769203383,0.5922344151325489,8.203958002966871,-7.61172358783432,-7.611723587834322,1.7763568394002505e-15,0.046420110939305204,-4.8203779554976975,0.9995861631085686,2.7913456323366237,0.3801441925094043,0.4931289843643801,2.762916592682221
10,470,1.0,1930.0544171095835,0.6239155577242066,8.18921903461922,-7.565303476895015,-7.565303476895014,8.881784197001252e-16,-0.09378180503102129,-4.7609698928554165,1.0125741148115441,2.8043335840395986,0.3772030022266407,0.4929174883756784,2.7745929280803505
10,471,1.0,2119.8175060863277,0.5285543640598486,8.187639645985886,-7.659085281926036,-7.659085281926037,8.881784197001252e-16,0.07924022228862349,-4.846337671152195,1.0209881415457855,2.8127476107738403,0.37382011301633694,0.4931003119600404,2.783669973690621
10,472,1.0,1958.3255182147047,0.5974835648018473,8.177328624439262,-7.579845059637413,-7.579845059637415,1.7763568394002505e-15,-0.048591819033185324,-4.761428625149107,1.0266569652602502,2.8184164344883045,0.3733223238040858,0.4928555689973666,2.7879882756342247
10,473,1.0,2055.8339890110447,0.5527920500214263,8.181228928692022,-7.628436878670598,-7.628436878670596,2.6645352591003757e-15,-0.0054158274999549505,-4.811813380569081,1.024864028873461,2.816623498101516,0.37309430760501866,0.4929252544967259,2.786619336497383
10,474,1.0,2066.998235793072,0.5586488318822054,8.19250153805276,-7.633852706170553,-7.633852706170554,8.881784197001252e-16,-0.006636994993815648,-4.830430220249107,1.011663016693393,2.8034224859214483,0.3761546409473676,0.492943807702186,2.7738778738721095
10,475,1.0,2080.762518949446,0.5625042347269502,8.202993935891318,-7.640489701164369,-7.640489701164367,1.7763568394002505e-15,0.05960446049386903,-4.849170726556914,0.9995595053794005,2.791318974607455,0.3794050494404718,0.49294848193895074,2.762137165809078
10,476,1.0,1960.3635910739654,0.6174546657641244,8.198339906434622,-7.5808852406705,-7.580885240670498,1.7763568394002505e-15,-0.04798815762827502,-4.789114745776533,1.0000110256659107,2.7917704948939654,0.3795560568915749,0.49278161387836866,2.761857863447014
10,477,1.0,2056.731596796976,0.5791929298288696,8.208066328127643,-7.628873398298775,-7.628873398298773,1.7763568394002505e-15,-0.1099314956005708,-4.844285721862337,0.9928282072083835,2.784587676436438,0.3786225545835596,0.49298894576487945,2.7558538970122224
10,478,1.0,2295.7271055308274,0.48064770570124926,8.219452599600597,-7.738804893899346,-7.7388048938993474,1.7763568394002505e-15,0.12996396342380034,-4.959052512647964,0.987992912023327,2.7797523812513822,0.37788500072874665,0.49333455629842965,2.7526764481634696
10,479,1.0,2015.9401282781823,0.5940231645393813,8.202864095014927,-7.608840930475545,-7.608840930475546,8.881784197001252e-16,0.01089479957221684,-4.81986331117355,0.9972181500739407,2.7889776193019955,0.379822835295865,0.4928276125396396,2.75939255361876
10,480,1.0,1994.0960739952225,0.607336013231916,8.205282144135245,-7.5979461309033285,-7.5979461309033285,0.0,-0.07729038688540601,-4.8130061022740485,0.9931805594012252,2.7849400286292805,0.3797382751439537,0.4927907938422644,2.7552976711459567
10,481,1.0,2154.3331635588374,0.5412412029155279,8.216477720704262,-7.6752365177887345,-7.675236517788734,8.881784197001252e-16,-0.026423736464004755,-4.897005295230926,0.9864717533297537,2.7782312225578085,0.3783352611743008,0.49308519538834633,2.7500952089641433
10,482,1.0,2212.017456311336,0.5158794908365919,8.21753974508933,-7.701660254252739,-7.7016602542527375,1.7763568394002505e-15,-0.0535275599229772,-4.923272517969771,0.9866282670549141,2.778387736282969,0.37876919570058404,0.49308901592166715,2.7502544426669178
10,483,1.0,2333.6475957093485,0.46800514449886127,8.223192958674579,-7.7551878141757165,-7.755187814175717,8.881784197001252e-16,-0.10270528406938073,-4.979675378309055,0.9837529666386077,2.7755124358666627,0.37874727012934895,0.4932290151136567,2.7480769070034774
10,484,1.0,2586.066044473129,0.3603074576724118,8.218200555917509,-7.857893098245097,-7.857893098245097,0.0,0.020969869963932908,-5.071016542385609,0.9951170866314332,2.786876555859488,0.38005153589234264,0.49324328394609124,2.7592095065694777
10,485,1.0,2532.4012145676757,0.3892914983754947,8.226214726656659,-7.836923228281164,-7.836923228281164,0.0,0.002200651463742709,-5.060529580211466,0.984634178841643,2.776393648069698,0.37798497928964114,0.4933927376732216,2.7496470654698655
10,486,1.0,2526.834409673331,0.3921489733259481,8.22687155014337,-7.834722576817422,-7.834722576817422,0.0,-0.017405601470316334,-5.059291530708291,0.983671576881075,2.77543104610913,0.376699709688415,0.49339928889081647,2.7487553761474985
10,487,1.0,2571.200471312548,0.3796969316699168,8.231825109957654,-7.852128178287738,-7.852128178287737,8.881784197001252e-16,-0.022534427930260392,-5.082296311300812,0.9780723977588707,2.769831866986926,0.37754780066815363,0.49346585206441745,2.743577335716514
10,488,1.0,2629.7987628508,0.36007569828303676,8.234738304501036,-7.874662606217998,-7.874662606217999,8.881784197001252e-16,-0.031955622821940644,-5.107094959535993,0.9758081774539488,2.7675676466820036,0.37760318410797744,0.49352505516726547,2.7416146663255296
10,489,1.0,2715.192762806895,0.3260000332190325,8.23261826225897,-7.906618229039939,-7.906618229039938,8.881784197001252e-16,0.003742883565454491,-5.135509500527891,0.9793492592839934,2.7711087285120484,0.3758843960193095,0.49357266747309847,2.7453210070021092
10,490,1.0,2705.0491075402597,0.3301875140855476,8.233062859560034,-7.9028753454744844,-7.902875345474486,1.7763568394002505e-15,-0.15558490812352588,-5.132876167514161,0.9782397087322682,2.769999177960323,0.3770412933342262,0.49348938119608193,2.7438710871826224
10,491,1.0,3160.420140501481,0.17718397060213809,8.235644224200147,-8.05846025359801,-8.058460253598009,1.7763568394002505e-15,-0.027130438830907266,-5.284005663545892,0.9826951208240627,2.774454590052118,0.37836008445906494,0.4937382450937433,2.749227979438952
10,492,1.0,3247.337446832246,0.15197982575475444,8.237570518183674,-8.085590692428918,-8.08559069242892,1.7763568394002505e-15,0.12613558468858788,-5.312360407310027,0.9814708158908356,2.7732302851188906,0.3780103737096864,0.4938224867574828,2.748375837390606
10,493,1.0,2862.51276642877,0.276543170466364,8.23599827820669,-7.95945510774033,-7.959455107740326,3.552713678800501e-15,-0.0370828780657293,-5.190170566498938,0.9775250720133363,2.7692845412413907,0.3778338648400839,0.4935222180044067,2.743287723051248
10,494,1.0,2970.6557117805,0.23264668530882518,8.229184671114883,-7.996537985806059,-7.996537985806057,1.7763568394002505e-15,0.09565343806784465,-5.218860486214021,0.9859180303639817,2.7776774995920372,0.37747680139724127,0.49346441234713145,2.751271866375644
10,495,1.0,2699.66925877266,0.32433986779954604,8.225224415537761,-7.900884547738214,-7.900884547738215,8.881784197001252e-16,0.03946247877178344,-5.124892498021079,0.9842325804890818,2.775992049717137,0.37675386753852946,0.49321453869553306,2.7485800535043245
10,496,1.0,2595.2083177469876,0.3468511089203056,8.208273177886738,-7.861422068966431,-7.861422068966433,1.7763568394002505e-15,0.06483631624421449,-5.069360477873357,1.000302121865018,2.792061591093073,0.37724969510528905,0.4928759712182347,2.7627379845738234
10,497,1.0,2432.2833679423666,0.4083214786053899,8.204907231327606,-7.796585752722216,-7.796585752722216,0.0,0.17425387735508302,-5.005019579029192,0.9998067044649703,2.7915661736930253,0.37506564168359907,0.49270356246264796,2.761592714449374
10,498,1.0,2043.3213494329966,0.5689257794384872,8.19125765480562,-7.622331875367133,-7.6223318753671325,8.881784197001252e-16,0.04134033557347028,-4.8279235996911565,1.0026488064479209,2.7944082756759756,0.37582138897373674,0.49218082931806234,2.7620064293106275
10,499,1.0,1960.5719870807388,0.6112634270571962,8.19225496685086,-7.580991539793663,-7.580991539793665,1.7763568394002505e-15,-0.006625970519390734,-4.79200757983681,0.997224490728799,2.788983959956854,0.3783679737796836,0.4920605949247266,2.7562007487256017
10,500,1.0,1973.6058124537888,0.6129481124028001,8.200565622715857,-7.587617510313054,-7.5876175103130565,2.6645352591003757e-15,,-4.809035110070663,0.986822931014335,2.77858240024239,0.3789596222774331,0.4921396179791988,2.746605295101548
