seed,epoch,temperature,Z,E,S,F,F_check,err,delta_F,F_data,KL,NLL,data_mass,recon_sq,recon_ce
49,1,1.0,298.99110356940594,-0.1613160143974791,5.539097804602074,-5.700413818999554,-5.700413818999553,8.881784197001252e-16,0.050915607923232464,-2.9236179572984025,0.9850363924730962,2.7767958617011512,0.3754984551528582,0.49981798714839604,2.7760632556011537
49,2,1.0,284.1488473004643,-0.11008383835029542,5.539414372726026,-5.649498211076321,-5.649498211076321,0.0,0.19984733850583059,-2.8727891056851598,0.9849496361631062,2.776709105391161,0.3754882736215774,0.4998182355961565,2.7759778494114578
49,3,1.0,232.67691783129268,0.08826867645219479,5.537919549022686,-5.449650872570491,-5.449650872570491,0.0,0.00036674715701767724,-2.6724129288108913,0.9854784745315444,2.7772379437595993,0.37559729399145036,0.4997316556249829,2.7761595584122625
49,4,1.0,232.591599879189,0.0873040378879432,5.536588163301416,-5.449284125413473,-5.449284125413473,0.0,0.026559762573795886,-2.6706692054536845,0.9868554507317332,2.7786149199597876,0.3751084079355147,0.49973007747275217,2.7775275679921987
49,5,1.0,226.4953382060821,0.11596878747104049,5.538693150310719,-5.422724362839677,-5.422724362839678,8.881784197001252e-16,-0.02312045716287514,-2.646446035323726,0.9845188582878962,2.7762783275159513,0.37509709048459555,0.4997376329292615,2.7752247774561347
49,6,1.0,231.79302039774313,0.0929345708900327,5.538779390892584,-5.445844820002552,-5.445844820002551,8.881784197001252e-16,-0.07210763619139371,-2.669353743654087,0.9847316071204094,2.776491076348464,0.37482191166375933,0.49975953287195257,2.775525441761643
49,7,1.0,249.12442144796515,0.02107565161178826,5.539028107805734,-5.517952456193946,-5.517952456193946,0.0,-0.05208479424774559,-2.741102243922471,0.9850907430434206,2.776850212271475,0.37448583571721744,0.499780955490962,2.775971150821551
49,8,1.0,262.4438752084691,-0.03379636759574983,5.5362408828459415,-5.5700372504416915,-5.5700372504416915,0.0,0.02873866586292273,-2.7902618282699128,0.9880159529437232,2.7797754221717774,0.37389139656416603,0.4997576361359619,2.77879922081525
49,9,1.0,255.00893520872881,-0.002693008171791236,5.538605576406978,-5.541298584578769,-5.541298584578769,0.0,-0.07058605338181323,-2.7640344395743957,0.9855046757763191,2.777264145004375,0.3749317525622217,0.49976595031069593,2.7763243941446656
49,10,1.0,273.6595013943746,-0.07118158218095395,5.540703055779629,-5.611884637960582,-5.611884637960583,8.881784197001252e-16,-0.07808724216719476,-2.8364532991965206,0.9836718695360055,2.77543133876406,0.37497451941941845,0.49979865807041673,2.774624169809181
49,11,1.0,295.8853002666642,-0.15198290461272623,5.5379889755150495,-5.689971880127777,-5.689971880127776,8.881784197001252e-16,0.001212115149185955,-2.91232549807521,0.9858869128245126,2.7776463820525676,0.37565732996387136,0.49973782116156545,2.7765892423228724
49,12,1.0,295.5268704847585,-0.15072371377007643,5.538036051208515,-5.688759764978591,-5.688759764978591,0.0,0.10334711298385013,-2.911083351285013,0.9859169444655226,2.777676413693577,0.37564917524535113,0.49976570111530694,2.7767303462137822
49,13,1.0,266.5102360321997,-0.04609967417566245,5.539312977819079,-5.585412651994741,-5.585412651994742,8.881784197001252e-16,-0.047981101762658795,-2.808722509659536,0.9849306731071498,2.776690142335205,0.3748396035580195,0.4997756690379056,2.7757901113508123
49,14,1.0,279.60943481318964,-0.09346708621788688,5.539926667539513,-5.6333937537573995,-5.6333937537573995,0.0,0.028214702418456028,-2.85726218609676,0.9843720984325833,2.7761315676606384,0.3752630957339142,0.4998011548071224,2.7753330310513493
49,15,1.0,271.83059270879903,-0.06298001931969573,5.542199032019248,-5.6051790513389435,-5.6051790513389435,0.0,0.023500357213189993,-2.831197898807032,0.9822216833038567,2.7739811525319116,0.37511489630428074,0.4998275270690431,2.773290201994372
49,16,1.0,265.51695363058633,-0.040167759511475415,5.541510934614278,-5.5816786941257535,-5.5816786941257535,0.0,-0.05152119986037729,-2.807154317889136,0.9827649070085626,2.774524376236618,0.3746156039168195,0.49981876588638907,2.773796328298161
49,17,1.0,279.55523504585915,-0.09608301359625127,5.537116880389879,-5.633199893986131,-5.633199893986131,0.0,-0.04701815745626803,-2.8544683477869524,0.9869720769711231,2.7787315461991784,0.3757916107326303,0.49976627465743517,2.7777882202203674
49,18,1.0,293.01331493315126,-0.14156409653148783,5.538653954910911,-5.680218051442399,-5.680218051442399,0.0,0.02214754386133766,-2.9030689512796823,0.9853896309346609,2.7771491001627164,0.37558541551905034,0.49978416324262764,2.776278394580391
49,19,1.0,286.59512560224266,-0.12269411378281442,5.535376393798247,-5.658070507581061,-5.658070507581061,0.0,-0.07818581764589183,-2.8777120149551507,0.988599023397855,2.7803584926259095,0.3755864916486281,0.4997440283502554,2.7793245945738256
49,20,1.0,309.90206407513824,-0.2036290940145432,5.532627231212411,-5.736256325226953,-5.736256325226954,8.881784197001252e-16,0.08037906897450675,-2.953708354352571,0.9907885016463274,2.7825479708743828,0.3760939271702274,0.49971018305689646,2.7813689082569133
49,21,1.0,285.9672392702031,-0.11988629652600426,5.535990959726441,-5.655877256252446,-5.655877256252445,8.881784197001252e-16,0.003813797541295294,-2.875983715328115,0.9881340716962752,2.77989354092433,0.37481044573386324,0.49976763988747064,2.7789577783348722
49,22,1.0,284.87869517898343,-0.11351742509370066,5.53854603361745,-5.652063458711151,-5.652063458711151,0.0,0.02912579849818897,-2.8746299932984116,0.9856739961846847,2.7774334654127393,0.3752014077093863,0.49979123451788343,2.776594372349848
49,23,1.0,276.70104410730664,-0.08122484301558705,5.541712817197376,-5.622937660212962,-5.622937660212963,8.881784197001252e-16,0.07533036730618647,-2.84853595679847,0.9826422341864368,2.774401703414492,0.3750360378340192,0.4998154745452208,2.7736623785749663
49,24,1.0,256.6227975427566,-0.006181316145686011,5.541425976761089,-5.5476072929067755,-5.5476072929067755,0.0,-0.023210642919878843,-2.7731437967679717,0.9827040269107487,2.7744634961388037,0.3748385194655933,0.4997812546902604,2.773585984202531
49,25,1.0,262.6488413028244,-0.02844482854699921,5.542373107279655,-5.570817935826654,-5.570817935826654,0.0,0.04731526090268723,-2.7971625305921073,0.9818959360064919,2.7736554052345475,0.3749475359193359,0.49980308441773597,2.772866861610703
49,26,1.0,250.51096071674937,0.01630532500954464,5.539807999933512,-5.523502674923967,-5.523502674923967,0.0,0.06619213235862897,-2.7476499617081864,0.9840932439877252,2.77585271321578,0.3752395619389438,0.4997692373898006,2.774926270694296
49,27,1.0,234.46598933882973,0.07576690924512873,5.533077451810467,-5.457310542565338,-5.457310542565338,0.0,0.11182280070527639,-2.675397674290988,0.9901533990462948,2.78191286827435,0.37413757851530793,0.49970193547184044,2.7807043558158164
49,28,1.0,209.66011968143346,0.17861711436446603,5.524104856224529,-5.345487741860062,-5.345487741860063,8.881784197001252e-16,-0.0017706028004154106,-2.556354953457492,0.9973733191745148,2.78913278840257,0.37306785916588603,0.4995889624796404,2.7874389858775976
49,29,1.0,210.03167331636067,0.174968518505467,5.522226863165944,-5.347258344660477,-5.347258344660477,0.0,0.0023277810087867223,-2.5560752865068572,0.999423588925565,2.7911830581536203,0.37158137682334436,0.49960598965331665,2.789544941217791
49,30,1.0,209.54333416977488,0.17756246038481,5.5224930240365016,-5.34493056365169,-5.344930563651691,8.881784197001252e-16,0.005982753917573191,-2.5543325852294356,0.9988385091942004,2.790597978422255,0.37332247638308924,0.4995622002478604,2.7887882643552557
49,31,1.0,208.2934306272105,0.186497292079418,5.525445101813535,-5.338947809734117,-5.338947809734117,0.0,0.043124698658059124,-2.551723187930591,0.9954651525754713,2.7872246218035266,0.37545827584420366,0.49952369395654234,2.7852745480428336
49,32,1.0,199.50177051971133,0.22602824021351048,5.521851351289568,-5.295823111076058,-5.295823111076057,8.881784197001252e-16,0.022888697861112917,-2.5060910994054755,0.9979725424425276,2.789732011670582,0.3766235126174304,0.4994279323951121,2.7873761517193785
49,33,1.0,194.98729707075654,0.24675448351373666,5.519688896728682,-5.272934413214945,-5.272934413214945,0.0,-0.04040081969426268,-2.4817023455310645,0.9994725984558258,2.7912320676838807,0.3771170607188654,0.4993654001656069,2.7886054184869002
49,34,1.0,203.02624023087554,0.20991009048086542,5.523245323390074,-5.313335232909208,-5.313335232909209,8.881784197001252e-16,0.004293024119653488,-2.5248552026121094,0.9967205610690444,2.7884800302970993,0.3771654426887307,0.4994261443949614,2.7861162430256505
49,35,1.0,202.15651190274826,0.21585314658745844,5.524895355377012,-5.309042208789554,-5.3090422087895535,8.881784197001252e-16,-0.00035495563287124554,-2.5223809903988403,0.9949017491626592,2.786661218390714,0.3769300622074769,0.4994371887143008,2.7843570763906023
49,36,1.0,202.22828123208012,0.21548847762770568,5.5248856420501316,-5.309397164422426,-5.309397164422426,0.0,0.017577220933816307,-2.5227106332947553,0.9949270618996163,2.786686531127671,0.3769349964665847,0.4994356176516314,2.78437581744813
49,37,1.0,198.70472791030514,0.2279983418691217,5.519818285357732,-5.291819943488609,-5.29181994348861,8.881784197001252e-16,-0.08614746894010761,-2.5005118271408944,0.9995486471196596,2.7913081163477145,0.3763366200759978,0.49938375942723034,2.788755285852559
49,38,1.0,216.58160664588416,0.14829937047449454,5.526266782903211,-5.377967412428717,-5.377967412428717,0.0,0.0016975232808684737,-2.591431430692153,0.9947765125085088,2.7865359817365634,0.37638497088073386,0.49949097292187056,2.7844532546479304
49,39,1.0,216.2142661990853,0.1506685238634265,5.526938413011274,-5.376269889147848,-5.3762698891478475,8.881784197001252e-16,-0.018380496653618295,-2.5901828027575395,0.994327617162253,2.786087086390308,0.3745897121333074,0.4995586019654417,2.784275726219638
49,40,1.0,220.22513980010922,0.13422672298283883,5.528877108784306,-5.394650385801467,-5.394650385801467,0.0,-0.048962046395473635,-2.610414566576398,0.9924763499970138,2.7842358192250694,0.3757999006184484,0.49954664697546747,2.782388688331
49,41,1.0,231.27614563269884,0.08463153923528902,5.52824397143223,-5.44361243219694,-5.44361243219694,0.0,0.03445801174199836,-2.658253503303445,0.9935994596654417,2.7853589288934963,0.37650798356347015,0.4995178135759646,2.7833902857856443
49,42,1.0,223.44256931067048,0.12448684254897147,5.533641263003913,-5.409154420454942,-5.409154420454942,0.0,-0.04835486044648274,-2.6294693441058077,0.9879256071210786,2.7796850763491334,0.37594695417948687,0.4995779044313447,2.7779794706860934
49,43,1.0,234.51259135006956,0.07540992372773585,5.532919204629162,-5.457509280901425,-5.4575092809014265,1.7763568394002505e-15,0.062712739503473,-2.676574742575911,0.9891750690974588,2.7809345383255137,0.3761097424588905,0.4995723123999893,2.779202322977204
49,44,1.0,220.25732928905745,0.1299765572424887,5.52477309864044,-5.394796541397952,-5.394796541397952,0.0,-0.0598068738198414,-2.6069171317794537,0.9961199403904434,2.787879409618498,0.376327860861174,0.499449804601036,2.7856218978980993
49,45,1.0,233.83211841878483,0.07925635398716778,5.533859769204961,-5.454603415217793,-5.454603415217793,0.0,-0.195071157804664,-2.674571064919263,0.9882728810704752,2.78003235029853,0.37599180336149246,0.4996030112704865,2.778428105029812
49,46,1.0,284.1989647634432,-0.1177721076836639,5.531902465338794,-5.649674573022457,-5.649674573022458,8.881784197001252e-16,-0.05270800473565007,-2.8664273322482487,0.9914877715461531,2.7832472407742084,0.37642637237790594,0.49964725306453134,2.781809313139308
49,47,1.0,299.58032475014903,-0.1730018415203552,5.529380736237752,-5.702382577758107,-5.702382577758107,0.0,0.007147114335807281,-2.9168880630323684,0.9937350454976848,2.7854945147257397,0.3766640745227265,0.49961019349696095,2.783890645091343
49,48,1.0,297.4468231880196,-0.16108208013582395,5.534153383286476,-5.6952354634223,-5.6952354634223,0.0,-0.03388852016137722,-2.914140260193063,0.9893357340011826,2.781095203229237,0.3756912977695123,0.4996935304765633,2.7798450557598464
49,49,1.0,307.6996003766324,-0.20180006808698184,5.527323915496696,-5.729123983583677,-5.729123983583678,8.881784197001252e-16,-0.019746395047206988,-2.941577202601918,0.9957873117537042,2.7875467809817596,0.375339735669763,0.49964073870876285,2.786045499667852
49,50,1.0,313.8359441870207,-0.21851947761714297,5.530350901013741,-5.748870378630884,-5.748870378630884,0.0,-0.07575858235504196,-2.964093838604203,0.9930170707986256,2.78477654002668,0.37440086936607153,0.4997308999277499,2.7836610979243113
49,51,1.0,338.5354998938526,-0.2970707943988363,5.52755816658709,-5.824628960985926,-5.824628960985926,0.0,0.08168487618292186,-3.037839800107811,0.9950296916500605,2.786789160878115,0.37612082841614597,0.4996823220625332,2.785482003124823
49,52,1.0,311.9815604069019,-0.21149151959373458,5.531452565209271,-5.742944084803004,-5.742944084803006,1.7763568394002505e-15,0.031149889796832753,-2.959352577612723,0.9918320379622259,2.783591507190281,0.3764180699501814,0.49969174267295746,2.7823310230703995
49,53,1.0,302.4131700186997,-0.17571396761095193,5.536080227395219,-5.7117941950061715,-5.7117941950061715,0.0,0.05098260450598069,-2.932472831394716,0.9875618943834006,2.7793213636114555,0.37592041896970224,0.4997413992085218,2.778273768277401
49,54,1.0,287.3817842614951,-0.12487257039264546,5.535939020107547,-5.660811590500191,-5.660811590500193,1.7763568394002505e-15,0.03023163442772514,-2.8812624806045135,0.9877896406676223,2.7795491098956777,0.3753188991336771,0.49973265611174594,2.7784707529459243
49,55,1.0,278.82377629325697,-0.0908153881734069,5.539764567899058,-5.630579956072466,-5.630579956072466,0.0,0.10245835929798819,-2.8547090562724926,0.9841114305719173,2.775870899799972,0.3751310010020774,0.4997668235247617,2.7749347871257584
49,56,1.0,251.67072764147753,0.013894417063477708,5.542016013837957,-5.5281215967744775,-5.528121596774479,1.7763568394002505e-15,-0.052955957289746,-2.7550557497506456,0.981306377795777,2.773065847023832,0.37509755242259885,0.49976058097858284,2.772107741513897
49,57,1.0,265.3573887179795,-0.043057178314164696,5.53802037575006,-5.5810775540642235,-5.581077554064224,8.881784197001252e-16,0.09622265060847379,-2.8040397314196235,0.9852783534165453,2.777037822644601,0.3756422852974519,0.4996686852443503,2.775704542015509
49,58,1.0,241.01397116653794,0.05109138470052434,5.535946288156273,-5.48485490345575,-5.484854903455749,8.881784197001252e-16,0.02911101777862246,-2.7067444934815517,0.9863509407461427,2.778110409974198,0.37549893930358474,0.49958935212824,2.776455420507935
49,59,1.0,234.0989491696579,0.08199533064463727,5.537739216321765,-5.455743885677127,-5.455743885677128,8.881784197001252e-16,-0.020497719778930446,-2.679646078694103,0.9843383377549696,2.7760978069830244,0.3749448675014243,0.4996270115903458,2.774594350350974
49,60,1.0,238.9469606785296,0.06287267766341995,5.539114283119477,-5.476241605456058,-5.476241605456057,8.881784197001252e-16,-0.12023443538451772,-2.701300984816901,0.9831811514111019,2.7749406206391565,0.37538598980988036,0.49965051958390977,2.773536894442459
49,61,1.0,269.4751129566365,-0.05848784241380722,5.537988198426768,-5.596476040840575,-5.596476040840575,0.0,0.05579814269733241,-2.819111698777968,0.9856048728345529,2.7773643420626075,0.37421479849524464,0.4997632182316547,2.7764076744576838
49,62,1.0,254.85070373285197,0.000617165284415782,5.5412950634276585,-5.540677898143243,-5.540677898143243,0.0,0.024898203490038462,-2.7669900774273337,0.9819283514878544,2.7736878207159097,0.37506078739776816,0.49975847039921323,2.772720067181876
49,63,1.0,248.583721105354,0.02416072090151669,5.539940415554721,-5.5157796946532045,-5.5157796946532045,0.0,0.0468011655826297,-2.741073315829727,0.9829469095954225,2.7747063788234776,0.37498285251760904,0.49973356217323656,2.773639347560191
49,64,1.0,237.21775791851744,0.06904778103327079,5.538026310103846,-5.468978529070575,-5.468978529070576,8.881784197001252e-16,-0.021851929022667527,-2.693161968647289,0.9840570911952318,2.7758165604232867,0.37549280755096487,0.49967520745268096,2.7745133289103214
49,65,1.0,242.4584748767959,0.04833608358242605,5.539166541675669,-5.490830458093242,-5.490830458093242,0.0,0.046047394396669716,-2.715861233775625,0.9832097550895625,2.7749692243176174,0.37541159270281566,0.49969428265663973,2.773743838093138
49,66,1.0,231.54704330362728,0.09207133115909996,5.536854394855672,-5.444783063696573,-5.444783063696572,8.881784197001252e-16,0.04689658262257623,-2.6683412765460495,0.9846823179224682,2.776441787150523,0.37562792368782544,0.49962785356202594,2.774947319138049
49,67,1.0,220.93896371205318,0.1373787542235448,5.535265235297541,-5.397886481073996,-5.397886481073996,0.0,0.03973581671318982,-2.620797117294341,0.9853298945516006,2.7770893637796554,0.37574760829920634,0.49955397002446583,2.7752939789091706
49,68,1.0,212.3319101647533,0.17014849261491494,5.528299156975722,-5.358150664360807,-5.358150664360807,0.0,0.0198482276274774,-2.574893372950905,0.9914978221818466,2.7832572914099014,0.37421390573498947,0.49947995706048615,2.7811244674560185
49,69,1.0,208.1590470392762,0.18612788688548193,5.524430323618811,-5.338302436733329,-5.338302436733328,8.881784197001252e-16,-0.029638165338433886,-2.5517162455006264,0.9948267220046482,2.786586191232703,0.3740729800977335,0.4994111204512624,2.7841447680862905
49,70,1.0,214.4208348767009,0.15248046579854008,5.520421067870304,-5.367940602071763,-5.367940602071764,8.881784197001252e-16,0.07197084725051361,-2.5768958588220143,0.9992852740216938,2.7910447432497487,0.3739647545429612,0.49935416067010135,2.7883267200830812
49,71,1.0,199.53102835169926,0.22425516370836932,5.520224918529619,-5.295969754821249,-5.29596975482125,8.881784197001252e-16,-0.02793863817601494,-2.506436028163947,0.9977742574292486,2.7895337266573033,0.3757390025869347,0.4992577251783549,2.786429788984796
49,72,1.0,205.18425759846195,0.1931555582986617,5.517063951295926,-5.323908392997264,-5.323908392997264,0.0,-0.06350558150218877,-2.5307772777695132,1.001371645999696,2.793131115227751,0.37563276920355315,0.4992322965875853,2.7899050092452224
49,73,1.0,218.63725234206964,0.13446279987000812,5.521876774369462,-5.387413974499453,-5.387413974499453,0.0,-0.041707518676008526,-2.598050614372816,0.9976038908985819,2.789363360126637,0.37661131023675165,0.4992738070193172,2.7863505981137684
49,74,1.0,227.9489027689656,0.0953123457211085,5.524433838896571,-5.429121493175462,-5.4291214931754626,8.881784197001252e-16,-0.00863185645568798,-2.6416862694276486,0.995675754519759,2.787435223747814,0.3769020725446344,0.4993309377664586,2.7846893203942193
49,75,1.0,229.9250415801898,0.08144536405074268,5.519198713681892,-5.43775334963115,-5.437753349631149,8.881784197001252e-16,0.09193345173359635,-2.644987871042821,1.0010060093602733,2.7927654785883287,0.37613379078397885,0.4993063711284669,2.789886868387995
49,76,1.0,209.7297711229399,0.170142943178128,5.515962841075682,-5.345819897897553,-5.345819897897554,8.881784197001252e-16,-0.16364960999205724,-2.5513423740549475,1.002718054614551,2.794477523842606,0.37523832713916355,0.49926099491579506,2.791396659109172
49,77,1.0,247.020050115359,0.009115004424634244,5.518584512314245,-5.5094695078896105,-5.5094695078896105,0.0,0.040398105701473064,-2.7151795636931144,1.002530474968441,2.794289944196496,0.37580695144500953,0.49932911440401434,2.7914894362083067
49,78,1.0,237.23979009431895,0.04367520584212299,5.512746608030261,-5.4690714021881375,-5.4690714021881375,0.0,-0.013643430635260856,-2.6698502597226086,1.0074616732374726,2.799221142465527,0.3765452381173646,0.49918617691179445,2.79579321221962
49,79,1.0,240.49873576158137,0.03627299054742842,5.518987823370825,-5.482714832823398,-5.4827148328233966,1.7763568394002505e-15,-0.12124801089262593,-2.6894725650708082,1.001482798524534,2.793242267752589,0.3771774830832003,0.4992528430410563,2.7901418597691054
49,80,1.0,271.5001912289295,-0.08659589937962753,5.517366944336396,-5.603962843716024,-5.603962843716023,8.881784197001252e-16,0.006031174879266743,-2.8082691273791256,1.003934247108844,2.795693716336899,0.3781885087072979,0.49925021811385323,2.7925717421635787
49,81,1.0,269.8676541029602,-0.07768719413760591,5.520244474699151,-5.5979316688367575,-5.597931668836757,8.881784197001252e-16,-0.008457015829074876,-2.804899898693207,1.0012723009154954,2.7930317701435503,0.37779817795528314,0.49931637982365124,2.790195725127455
49,82,1.0,272.15960700621906,-0.07597010542267552,5.5304185792431575,-5.606388684665832,-5.606388684665833,8.881784197001252e-16,-0.02889534232878166,-2.8226703479046193,0.9919588675331584,2.783718336761213,0.3763717363641615,0.49953794563599835,2.7818320443641507
49,83,1.0,280.13847290043174,-0.10832606389654001,5.526957963098074,-5.635284026994614,-5.635284026994614,0.0,-0.015852684010257967,-2.848347832044275,0.9951767257222833,2.786936194950338,0.37697820689288597,0.4994516850447375,2.7846877178353577
49,84,1.0,284.6148067995206,-0.11879644776595313,5.53234026323892,-5.651136711004872,-5.651136711004873,8.881784197001252e-16,-0.00591720114135974,-2.869053407651475,0.9903238341253421,2.782083303353397,0.3761562061558277,0.49956616449942065,2.780318295651879
49,85,1.0,286.3039223489392,-0.12880508178628508,5.528248830359946,-5.657053912146232,-5.657053912146231,8.881784197001252e-16,0.05442478530906225,-2.8712583149242694,0.9940361279939065,2.7857955972219615,0.3768917887786165,0.4994516189997767,2.7835519584931134
49,86,1.0,271.13832820632604,-0.07127062322818378,5.5313585036089865,-5.6026291268371695,-5.60262912683717,8.881784197001252e-16,-0.029127372023769915,-2.8199441961316407,0.990925461477474,2.782684930705529,0.3763820662190374,0.4994796959251174,2.780569302337316
49,87,1.0,279.1520174535308,-0.10354791307297695,5.5282085857879615,-5.631756498860939,-5.6317564988609385,8.881784197001252e-16,-0.10302780737097894,-2.8460598226599623,0.9939372069729225,2.785696676200977,0.376820484025249,0.4994213051882295,2.7833279420899717
49,88,1.0,309.4462179396163,-0.21151867273212338,5.523265633499795,-5.734784306231918,-5.734784306231918,0.0,-0.09990906775929354,-2.9442518782567806,0.9987729587470825,2.7905324279751373,0.37748792517047536,0.4994051007323577,2.7880734279868773
49,89,1.0,341.9598641848608,-0.31346263008096753,5.521230743910244,-5.834693373991212,-5.834693373991211,8.881784197001252e-16,0.139300906434368,-3.0423831171855444,1.0005507875776127,2.7923102568056675,0.37741298844328997,0.49944668981917606,2.7900102928157877
49,90,1.0,297.49352723533553,-0.1643346338405886,5.531057833716255,-5.695392467556844,-5.695392467556843,8.881784197001252e-16,-0.09928231814544919,-2.9119996085177995,0.9916333898109894,2.783392859039044,0.37654915273093664,0.49951265707442466,2.781412174333827
49,91,1.0,328.54531897070456,-0.26605709832546476,5.528617687376828,-5.794674785702293,-5.794674785702293,0.0,-0.09230083502920472,-3.0089863028741877,0.993929013600051,2.7856884828281063,0.3768176346520634,0.49956114973924226,2.7838953448474655
49,92,1.0,360.31390892123653,-0.37211473825280006,5.514860882478698,-5.886975620731498,-5.886975620731498,0.0,0.12045357479117413,-3.08925736727897,1.0059587842244728,2.797718253452528,0.37830833605906244,0.4993472725066932,2.7949824856930476
49,93,1.0,319.4248535318323,-0.2379901029880323,5.5285319429522914,-5.766522045940324,-5.766522045940324,0.0,0.08383078202772953,-2.980570192882525,0.994192383829744,2.785951853057799,0.3765616535916505,0.4995356841498295,2.7840551047941204
49,94,1.0,293.73889600580407,-0.14764687876929172,5.535044385143302,-5.682691263912594,-5.682691263912594,0.0,-0.12839372877056832,-2.9029820692634765,0.9879497254210617,2.7797091946491164,0.3760592369903642,0.49960232041202673,2.778104884538317
49,95,1.0,333.981296425666,-0.28156880121431366,5.529516191468849,-5.8110849926831625,-5.8110849926831625,0.0,0.07949017310800954,-3.0261727544270745,0.9931527690280334,2.7849122382560885,0.37665108213489684,0.49960614099853046,2.783309418511188
49,96,1.0,308.46081565559,-0.19935753444454113,5.532237285130613,-5.731594819575153,-5.731594819575154,8.881784197001252e-16,0.05498543772945563,-2.948822944657824,0.9910124056892743,2.7827718749173296,0.37567544142639875,0.4996363757775497,2.7812998191372507
49,97,1.0,291.9578322816184,-0.1415690049157085,5.535040376929989,-5.676609381845697,-5.676609381845697,0.0,-0.10616419377933628,-2.8966539087066567,0.9881960039109859,2.7799554731390406,0.37586305987155033,0.4996507505188333,2.778549487296168
49,98,1.0,324.65840746295237,-0.2544025196148983,5.528371056010137,-5.782773575625034,-5.782773575625035,1.7763568394002505e-15,-0.055374007258394364,-2.996388763240424,0.9946253431565545,2.7863848123846098,0.3761459013759093,0.49962306591441363,2.7848493730038384
49,99,1.0,343.14310739662665,-0.31432256801810454,5.523825014865324,-5.838147582883428,-5.838147582883428,0.0,-0.061546201584338434,-3.047722142004685,0.9986659716506882,2.7904254408787437,0.3766928435997753,0.4995628250745446,2.788629448765254
49,100,1.0,364.9257048354823,-0.38568397854831515,5.514009805919451,-5.899693784467766,-5.899693784467766,0.0,-0.011832270177309923,-3.1005536948145065,1.0073806204252052,2.79914008965326,0.3783714759843259,0.4994092832029497,2.796672115346359
49,101,1.0,369.26925069829826,-0.406184891409598,5.505341163235478,-5.911526054645076,-5.911526054645076,0.0,0.06985013532422801,-3.104407702405189,1.0153588830118319,2.8071183522398875,0.3794463508520993,0.49925314477204474,2.8039532718885405
49,102,1.0,344.3559701613873,-0.323103408343766,5.518572510977082,-5.841675919320848,-5.841675919320847,8.881784197001252e-16,0.11813281059460312,-3.046292573509511,1.003623876583282,2.7953833458113366,0.3774396804416882,0.4994622165073583,2.793164434177676
49,103,1.0,305.9871503426038,-0.19260815726653857,5.530934951459708,-5.723543108726245,-5.723543108726246,8.881784197001252e-16,0.07945349499622001,-2.939654626620566,0.9921290128776246,2.7838884821056795,0.3765861859256054,0.4996017016782905,2.7822765338962925
49,104,1.0,282.6161492087409,-0.10951524106550392,5.534574372664521,-5.644089613730025,-5.644089613730024,8.881784197001252e-16,0.04747260807166409,-2.8639665925223325,0.9883635519796364,2.7801230212076917,0.37569742162299186,0.4996273961671857,2.7786226226113726
49,105,1.0,269.51310214433875,-0.06352079863793153,5.53309620702043,-5.596617005658361,-5.596617005658361,0.0,-0.08311797235077556,-2.8155706901228044,0.989286846307503,2.781046315535558,0.37621597912081983,0.49954205316622363,2.7791981313360217
49,106,1.0,292.87180216839556,-0.15471384755064535,5.525021130458492,-5.679734978009137,-5.6797349780091375,8.881784197001252e-16,0.00765839048537309,-2.8905194345367153,0.9974560742443664,2.7892155434724213,0.3772040599474831,0.499427750444211,2.7868775044995124
49,107,1.0,290.6374422661424,-0.14262737033773593,5.529449217186028,-5.6720765875237635,-5.6720765875237635,0.0,-0.09856236048702804,-2.8870675152768897,0.9932496030188188,2.7850090722468734,0.37657887966428416,0.49952063905826266,2.783064231545037
49,108,1.0,320.7426050384486,-0.24309781809254274,5.527541129918248,-5.770638948010792,-5.770638948010791,8.881784197001252e-16,-0.005607790297119664,-2.9835789962249244,0.9953004825578123,2.787059951785867,0.37686429756091977,0.4995637966862297,2.785286516255912
49,109,1.0,322.54631499363217,-0.253734689856614,5.522512048451296,-5.776246738307911,-5.77624673830791,8.881784197001252e-16,0.0629144296585773,-2.984025987308556,1.0004612817713001,2.792220750999355,0.37511649032267846,0.49957218794808417,2.790458219755567
49,110,1.0,302.87867374842244,-0.18142327444380174,5.5319090342055315,-5.713332308649334,-5.713332308649333,8.881784197001252e-16,0.1812118597687542,-2.9304097127907016,0.9911631266305768,2.7829225958586314,0.3758676586640944,0.4996365251201154,2.781452313731583
49,111,1.0,252.67913655603348,0.004162620434727683,5.536283069315308,-5.53212044888058,-5.532120448880581,8.881784197001252e-16,-0.13085292714816887,-2.7547904485590333,0.9855705310934914,2.7773300003215464,0.37388135492703106,0.499659240305898,2.775960932653167
49,112,1.0,288.0037140410751,-0.1342557919998856,5.528717584028863,-5.662973376028749,-5.662973376028749,0.0,-0.10706039712107529,-2.8769009561666805,0.9943129506340131,2.786072419862068,0.3729855230286358,0.4996222701933499,2.784538411505548
49,113,1.0,320.54855839903416,-0.2488942420564222,5.521139531093402,-5.770033773149824,-5.770033773149824,0.0,0.029755540656865698,-2.976266401145732,1.002007902776037,2.7937673720040923,0.37218696265245643,0.4996115874945706,2.792166502142815
49,114,1.0,311.15097124931197,-0.2161615349291615,5.524116697563796,-5.740278232492958,-5.740278232492958,0.0,0.08080902477121388,-2.9495803784280548,0.9989383848368485,2.7906978540649034,0.3727962191150005,0.49959638400611767,2.7890354973985314
49,115,1.0,286.9962667174107,-0.13062104311993872,5.528848164601805,-5.659469207721744,-5.6594692077217434,8.881784197001252e-16,0.05826750636337685,-2.8737339180927672,0.9939758204009222,2.7857352896289775,0.37305989148402463,0.49959358803055437,2.7840813293654487
49,116,1.0,270.7515745450485,-0.06663043157268034,5.534571269785688,-5.6012017013583675,-5.601201701358368,8.881784197001252e-16,0.04937526989048102,-2.8215576527446475,0.9878845793856653,2.7796440486137204,0.37369123542257754,0.4996353638466499,2.7781763742366814
49,117,1.0,257.7078119871303,-0.01691614838451862,5.534910283083368,-5.5518264314678865,-5.551826431467887,8.881784197001252e-16,0.07415204399967745,-2.7731577989879326,0.9869091632518993,2.778668632479954,0.37359915650516073,0.49961088114826246,2.7771032309154537
49,118,1.0,239.28956496566803,0.05772061775450615,5.535395005222715,-5.477674387468209,-5.477674387468209,0.0,0.0028090645121388036,-2.70100047423805,0.9849144440021043,2.776673913230159,0.37546640397962033,0.49948027662299194,2.774583279421746
49,119,1.0,238.61832835545363,0.061048388972855035,5.5359137119289255,-5.47486532295607,-5.47486532295607,0.0,-0.09862513716505283,-2.698693595881325,0.98441225784669,2.776171727074745,0.3748009077991411,0.49952394133443373,2.77425937583388
49,120,1.0,263.3517155179784,-0.03988388587278171,5.533606574248341,-5.573490460121123,-5.573490460121123,0.0,0.032757761413276576,-2.7935992416933306,0.9881317491997375,2.7798912184277924,0.3743582909046368,0.4995527069337589,2.7780875001609586
49,121,1.0,254.86467007798453,-0.002888622625654671,5.537844076082191,-5.5407326987078465,-5.540732698707846,8.881784197001252e-16,-0.09793324056325581,-2.7653432581065567,0.9836299713732345,2.77538944060129,0.3750070304164213,0.4995951554486558,2.7737658877639553
49,122,1.0,281.08748046671064,-0.10247289202161895,5.536193047249483,-5.638665939271102,-5.638665939271102,0.0,-0.02001281026256585,-2.8605497278888525,0.9863567421541953,2.7781162113822506,0.37533609889671476,0.49963279231886154,2.7766424568800336
49,123,1.0,286.7694978059156,-0.12131794369835538,5.537360805835313,-5.658678749533668,-5.658678749533668,0.0,0.050750674057664646,-2.881670960957124,0.9852483193484893,2.7770077885765443,0.3756812016217155,0.4996822504089607,2.775729538142578
49,124,1.0,272.5788896412631,-0.06998797708247867,5.537940098393525,-5.6079280754760035,-5.6079280754760035,0.0,0.170831000855725,-2.8320510446917186,0.98411756155623,2.775877030784285,0.3752907164556603,0.4996631716768616,2.7745235305145157
49,125,1.0,229.77419702419766,0.09889259980489909,5.535989674425177,-5.4370970746202785,-5.437097074620278,8.881784197001252e-16,0.1134242339136069,-2.661995731571319,0.9833418738209035,2.775101343048958,0.3750017581343665,0.49956280166744443,2.773348708142272
49,126,1.0,205.1359316684562,0.20693155358559545,5.530604394292266,-5.323672840706672,-5.323672840706671,8.881784197001252e-16,0.02329951269170838,-2.546162273616235,0.9857510978623804,2.777510567090436,0.37507242438968647,0.4994126077954754,2.7751472026659605
49,127,1.0,200.41161528097305,0.228933905096483,5.529307233111446,-5.300373328014963,-5.300373328014963,0.0,0.019197470045170917,-2.522366153502893,0.9862477052840154,2.7780071745120707,0.3758748515941654,0.4993617894002192,2.7754345362239268
49,128,1.0,196.60091424259807,0.24297838668574148,5.524154244655534,-5.281175857969792,-5.281175857969793,8.881784197001252e-16,0.023160177073598298,-2.4986560069996404,0.9907603817420972,2.782519850970152,0.3749272384490416,0.4993132239769292,2.7797348682587635
49,129,1.0,192.09992529648986,0.26387729462097026,5.521892975517164,-5.258015680896194,-5.258015680896194,0.0,-0.05238748333208498,-2.4741340270077536,0.992122184660385,2.78388165388844,0.37464512957178947,0.49924725239301443,2.780819141509315
49,130,1.0,202.4318252091722,0.20725323452793332,5.517656398756212,-5.310403164228279,-5.310403164228278,8.881784197001252e-16,-0.07509317182521524,-2.520632030197148,0.998011664803076,2.789771134031131,0.3725723173323038,0.4992623806308834,2.7867392689598796
49,131,1.0,218.2183868858701,0.14391822494963716,5.529414561003131,-5.385496336053494,-5.385496336053494,0.0,-0.07077724042109335,-2.6053658727463263,0.9883709940791127,2.780130463307168,0.37282884861856636,0.49947641090855566,2.7780175193477157
49,132,1.0,234.22298207537244,0.07346369356493412,5.529737270039522,-5.4562735764745875,-5.456273576474588,8.881784197001252e-16,-0.07312483180316054,-2.6748354454522096,0.9896786617943226,2.781438131022377,0.37222267524856123,0.49951796269611287,2.7794913078996633
49,133,1.0,251.9922689517058,-0.0012012651762746338,5.528197143101474,-5.529398408277748,-5.529398408277749,8.881784197001252e-16,-0.02927103148646637,-2.745450778565303,0.9921881604843904,2.7839476297124457,0.37333144766211956,0.49947680260627164,2.781828367804589
49,134,1.0,259.4773562805633,-0.03492815511576225,5.523741284648452,-5.5586694397642145,-5.558669439764214,8.881784197001252e-16,-0.059852351564701145,-2.7696737483101384,0.9972362222260202,2.7889956914540748,0.3714591460471531,0.4994918479408926,2.7869180925337376
49,135,1.0,275.48186243082364,-0.08689936887499097,5.531622422453925,-5.618521791328916,-5.618521791328916,0.0,0.005466540290125721,-2.8368036564833012,0.9899586656175595,2.781718134845615,0.37431518276501374,0.49955273011468027,2.7799107896356348
49,136,1.0,273.980038361462,-0.07826013721731645,5.534795113821473,-5.61305525103879,-5.61305525103879,0.0,-0.001494126661552464,-2.8345629542507287,0.9867328275600054,2.7784922967880603,0.3748787652955792,0.49957497323969907,2.7767829721676045
49,137,1.0,274.38970521238105,-0.08069347205018833,5.533855905650153,-5.614549377700342,-5.6145493777003415,8.881784197001252e-16,0.0027338672425960553,-2.8353970551377734,0.987392853334514,2.779152322562569,0.37599569183440185,0.4994990242150163,2.777133742778425
49,138,1.0,273.6405846502573,-0.07719596354334715,5.5346195469144,-5.611815510457746,-5.611815510457747,8.881784197001252e-16,7.279438226870383e-05,-2.8334088984274515,0.9866471428022408,2.7784066120302957,0.37553892902707176,0.49953783116741657,2.77654595042042
49,139,1.0,273.62066587793004,-0.07721929177841555,5.534523424297062,-5.611742716075478,-5.611742716075477,8.881784197001252e-16,0.025046384186136805,-2.8331843535779786,0.9867988932694433,2.7785583624974985,0.375561838550644,0.49952401967213494,2.7766441027965976
49,140,1.0,266.852569540211,-0.05207995581095237,5.534616376078388,-5.586696331889341,-5.58669633188934,8.881784197001252e-16,0.046972173149915974,-2.808536858181498,0.9864000044797875,2.7781594737078428,0.37521811144284034,0.49952601545685743,2.7762533480491745
49,141,1.0,254.60775844627318,-0.006316598959252351,5.533407559780171,-5.539724158739425,-5.539724158739423,1.7763568394002505e-15,0.022276057807467886,-2.760998102098579,0.9869665874127894,2.7787260566408443,0.3744918499458135,0.4995035157547055,2.776728946926397
49,142,1.0,248.99880591520827,0.014436761936417561,5.531884862868376,-5.517448100931957,-5.517448100931958,8.881784197001252e-16,-0.0973978018427113,-2.7377478540926865,0.9879407776112167,2.7797002468392713,0.3751095437006603,0.4994180117718116,2.7773541940906803
49,143,1.0,274.47108070445415,-0.08479798452787644,5.530047918246792,-5.614845902774668,-5.614845902774668,0.0,0.01860646532380983,-2.831812685127305,0.9912737484193087,2.7830332176473633,0.3745336950545108,0.49948089290057246,2.780935062223279
49,144,1.0,269.4113617736368,-0.06943291799318549,5.526806519457674,-5.596239437450858,-5.596239437450859,8.881784197001252e-16,-0.10550485539155119,-2.810330046924829,0.9941499212979741,2.7859093905260295,0.37435835636161546,0.4994116183342004,2.7835163791461563
49,145,1.0,299.3891681604948,-0.18197055105174764,5.519773741790662,-5.70174429284241,-5.70174429284241,0.0,-0.02006475785526174,-2.908200114259648,1.0017847093547065,2.7935441785827617,0.37533448020402205,0.49934022490243724,2.7908090340462444
49,146,1.0,305.4570106472514,-0.20048648107788683,5.521322569619785,-5.721809050697671,-5.721809050697671,0.0,0.08656292731114412,-2.9302190616860773,0.9998305197835391,2.7915899890115945,0.377314905486426,0.4993157204663949,2.788766010842531
49,147,1.0,280.1278548427776,-0.10486426629207367,5.530381857094454,-5.635246123386527,-5.635246123386528,8.881784197001252e-16,-0.020192346514121162,-2.8528819185564465,0.9906047356020262,2.782364204830081,0.3763204647161824,0.49943636460594504,2.780079825841492
49,148,1.0,285.8417882736556,-0.12289294325651295,5.532545526644136,-5.655438469900648,-5.655438469900649,8.881784197001252e-16,0.033385879548379904,-2.8749178207691486,0.9887611799034458,2.7805206491315,0.3761741679760886,0.4995119263683745,2.778546468953207
49,149,1.0,276.4562526974741,-0.08492348105083776,5.53712910930143,-5.6220525903522685,-5.6220525903522685,0.0,-0.05393838133648732,-2.846095429148352,0.9841976919758618,2.7759571612039164,0.3754356114330689,0.4996158229615395,2.774412834305347
49,150,1.0,291.7773384081114,-0.14310681157372912,5.532884160115026,-5.675990971688756,-5.675990971688756,0.0,0.10245336977753272,-2.895643018478566,0.9885884839821347,2.7803479532101893,0.3761704028315781,0.49955559307256175,2.778547644650487
49,151,1.0,263.36413068190797,-0.037404479351705364,5.536133122559518,-5.573537601911223,-5.573537601911223,0.0,-0.02691700262274299,-2.7973027370092116,0.9844753956739561,2.7762348649020114,0.37503067065350254,0.49956302985041107,2.77447800514148
49,152,1.0,270.54937244518266,-0.06654638549218682,5.53390821904178,-5.600454604533966,-5.600454604533966,0.0,0.028275854212718166,-2.8215433489900605,0.9871517863158502,2.7789112555439055,0.3740663174815416,0.49959189544661503,2.7772646258833427
49,153,1.0,263.0065009520814,-0.03603787540507869,5.536140874916169,-5.572178750321248,-5.572178750321248,0.0,-0.09993894569358108,-2.7957602703381013,0.9846590107550908,2.7764184799831457,0.3742707083623977,0.49961206985921996,2.774860489967622
49,154,1.0,290.6493901784196,-0.1386010704434457,5.533516625571382,-5.672117696014829,-5.672117696014827,1.7763568394002505e-15,-0.0007463674349610372,-2.891952140940776,0.988406085845997,2.7801655550740523,0.3747439314691102,0.4996135122630032,2.7786093650310897
49,155,1.0,290.8664023935911,-0.14032125023432884,5.5325428132154615,-5.67286406344979,-5.67286406344979,0.0,0.053041793234017476,-2.8918588667399363,0.9892457274817987,2.7810051967098537,0.37567059847954365,0.49953686749518506,2.7791425452324194
49,156,1.0,275.840353831351,-0.08537457069127558,5.534447699524497,-5.6198222702157725,-5.6198222702157725,0.0,0.14706151282684932,-2.841490599392186,0.9865722015955315,2.7783316708235866,0.37534837836245954,0.4995242745118085,2.7764198977924828
49,157,1.0,238.11666851108637,0.06172288760524688,5.53448364499417,-5.472760757388923,-5.472760757388923,0.0,0.05605868576438944,-2.696980193491232,0.9840210946696365,2.775780563897692,0.3755561479085495,0.4994039257738814,2.77338684381956
49,158,1.0,225.13541635337992,0.10765464826961085,5.524356719894145,-5.416702071624534,-5.416702071624535,8.881784197001252e-16,-0.016765539788581307,-2.6323723267305197,0.9925702756659595,2.784329744894014,0.3760211492616861,0.49915639810673,2.7808806640744828
49,159,1.0,228.94175160896305,0.09449575264060768,5.527963364053723,-5.433467611413115,-5.433467611413115,0.0,0.08387540545100691,-2.652325416728716,0.9893827254563452,2.7811421946844006,0.37633067813473886,0.49921647530359453,2.7779658883691076
49,160,1.0,210.5224305677501,0.17001644824887935,5.5196086542109875,-5.349592205962108,-5.349592205962108,0.0,-0.13216076016913902,-2.562472903282512,0.9953598334515412,2.787119302679596,0.3771118662998339,0.4989962516206028,2.782981429575972
49,161,1.0,240.26751925570235,0.04389264409045876,5.525645610221706,-5.481752966131247,-5.481752966131247,0.0,0.00592144497865732,-2.6975379842394402,0.9924555126637516,2.784214981891807,0.3768721914354425,0.4991613731195415,2.7808062328764716
49,162,1.0,238.84899236959996,0.05256824020504889,5.5283997613576386,-5.47583152115259,-5.47583152115259,0.0,0.08610707759794778,-2.6944922418286246,0.9895798100959112,2.781339279323966,0.37647385970097985,0.49921865301162605,2.7781753099214477
49,163,1.0,219.1429909696614,0.13179494065688602,5.521519384211528,-5.389724443554642,-5.389724443554642,0.0,0.09570158213193736,-2.6038057441117908,0.9941592302147955,2.7859186994428504,0.37694855610326755,0.4990218296061295,2.781911830016868
49,164,1.0,199.14294061510654,0.22470780475352248,5.518730666176227,-5.294022861422705,-5.294022861422704,8.881784197001252e-16,0.0011451851267265667,-2.508038154187026,0.9942252380076239,2.785984707235679,0.37697505818442467,0.49894890006613374,2.781650620127619
49,165,1.0,198.91501561449115,0.22579620972893447,5.518673886024912,-5.292877676295978,-5.292877676295977,8.881784197001252e-16,0.02146293239253172,-2.506989230239201,0.9941289768287219,2.785888446056777,0.37706642649448885,0.4989337061620787,2.781499219802369
49,166,1.0,194.691205896584,0.24401439841812306,5.515429142321571,-5.271414743903446,-5.271414743903447,8.881784197001252e-16,-0.03391019371538473,-2.4829595878767883,0.9966956867986024,2.7884551560266573,0.376682068428336,0.49891573919444426,2.7839789047096786
49,167,1.0,201.40643630998508,0.21643466817350032,5.521759605792331,-5.305324937618831,-5.305324937618831,0.0,0.018512028840248718,-2.522279703090018,0.9912857653007582,2.7830452345288132,0.376751850542501,0.49902116548417413,2.7790391450653993
49,168,1.0,197.71229309179722,0.23092214057667437,5.517735049355257,-5.2868129087785825,-5.2868129087785825,0.0,0.0014690315308492075,-2.500506007679703,0.9945474318708244,2.7863069010988792,0.37701637436362073,0.49891046233160424,2.7818101818570184
49,169,1.0,197.4220607316479,0.23333024377324957,5.518674121020982,-5.285343877247733,-5.285343877247733,0.0,-0.018967646299143937,-2.5001004382328684,0.9934839697868099,2.785243439014865,0.3770953196093078,0.4989132585226466,2.7807728852488247
49,170,1.0,201.20243158133732,0.21692517277892964,5.521236696325806,-5.304311523546877,-5.304311523546876,8.881784197001252e-16,-0.012669538010420034,-2.520972750624796,0.9915793036940261,2.783338772922081,0.37675864500553125,0.4989828398802467,2.7791715121155582
49,171,1.0,203.7677900742607,0.20884523765346152,5.52582629921076,-5.316981061557297,-5.316981061557298,8.881784197001252e-16,-0.04080619005561292,-2.5380006662243866,0.9872209261048557,2.7789803953329106,0.376151439938268,0.499092563077055,2.7752967674577764
49,172,1.0,212.25476006132882,0.17098266835260062,5.5287699199655105,-5.35778725161291,-5.35778725161291,0.0,0.04356390966903767,-2.5804729951642353,0.9855547872206195,2.777314256448675,0.37598038782115517,0.49917361126951737,2.7739746571912716
49,173,1.0,203.20662976002717,0.21161597762677514,5.5258393195706486,-5.3142233419438725,-5.314223341943873,8.881784197001252e-16,0.0010162294588385024,-2.5354069842853533,0.9870568884304639,2.778816357658519,0.37613382325306793,0.49909076180255324,2.7751285996553743
49,174,1.0,203.00023008910938,0.2117408656138914,5.524947978098925,-5.313207112485034,-5.313207112485033,8.881784197001252e-16,-0.09813801403429423,-2.533771705476218,0.9876759377807597,2.779435407008815,0.3760693196112011,0.49906580526675737,2.7756459543512353
49,175,1.0,223.93260286606176,0.11091146453250916,5.522256591051836,-5.411345126519328,-5.411345126519327,8.881784197001252e-16,0.011477491616322943,-2.626698294742913,0.9928873625483602,2.7846468317764153,0.37691306245074196,0.49900637871588877,2.7805779704471596
49,176,1.0,221.37711166192304,0.12706293750955586,5.52693057241256,-5.399867634903005,-5.399867634903004,8.881784197001252e-16,-0.01206593181504001,-2.620219393968329,0.987888771706621,2.779648240934676,0.37622166688515335,0.4991469199510436,2.7761884187348005
49,177,1.0,224.0644125886579,0.12037516798725978,5.532308734705305,-5.411933566718045,-5.411933566718045,0.0,-0.06727264541623335,-2.6371910523618927,0.9829830451280984,2.7747425143561535,0.3753823405815443,0.49931818357277774,2.772004676545927
49,178,1.0,239.6563955119247,0.05383168632005775,5.533037898454337,-5.479206212134279,-5.4792062121342795,8.881784197001252e-16,-0.04929744226030408,-2.7036879189421454,0.9837588239640788,2.7755182931921336,0.3756463230218775,0.4993906424984222,2.773072244666349
49,179,1.0,251.76689873100923,0.002703864528102881,5.531207518922685,-5.528503654394583,-5.528503654394582,8.881784197001252e-16,0.004001529755790045,-2.7503075842099296,0.986436600956598,2.7781960701846526,0.375986623685672,0.49938166766442404,2.7757051058026416
49,180,1.0,250.76145898435757,0.008736866896762799,5.533238991535555,-5.524502124638793,-5.524502124638792,8.881784197001252e-16,0.06972705914511668,-2.7483058720090017,0.984436783401736,2.7761962526297914,0.3756496220497539,0.4994263143786691,2.7738892604394425
49,181,1.0,233.8722592114122,0.07594255162555497,5.53071761711923,-5.454775065493676,-5.454775065493674,1.7763568394002505e-15,0.025236215492219216,-2.6778473524452076,0.9851682438204135,2.7769277130484684,0.37576975241166305,0.4993341392871434,2.774251881197543
49,182,1.0,228.04405865511228,0.10098644940724485,5.530525299408701,-5.429538850001457,-5.429538850001457,0.0,-0.0003139850844586789,-2.6531085382407142,0.9846708425326876,2.7764303117607425,0.3757937251144408,0.49932092157527325,2.77370310493645
49,183,1.0,228.11567233035404,0.10066337894651477,5.5305162140324295,-5.429852835085915,-5.4298528350859145,8.881784197001252e-16,-0.07175575305502502,-2.6534324551597313,0.9846609106981292,2.776420379926184,0.37579422931881307,0.4993161677563376,2.773674080105493
49,184,1.0,245.08585755147521,0.026209553511557467,5.527818141652498,-5.5016085881409404,-5.5016085881409404,0.0,-0.03158549323699944,-2.720889322273331,0.9889597966395544,2.7807192658676088,0.3751426599237567,0.499355971424287,2.7781212826729313
49,185,1.0,252.95056677052162,-0.011508460115028006,5.521685621262913,-5.53319408137794,-5.533194081377941,8.881784197001252e-16,0.06798031620952028,-2.7455753531539266,0.9958592589959583,2.7876187282240132,0.37295591610055584,0.49935558936899244,2.7849985077610806
49,186,1.0,236.3263680555835,0.05298006700350326,5.518193832171923,-5.46521376516842,-5.46521376516842,0.0,-0.036451015058805325,-2.6752817992097273,0.998172496730637,2.789931965958692,0.37066172539897546,0.4993505300610775,2.7872803841226035
49,187,1.0,245.09962982407254,0.02282417820865637,5.524488958435882,-5.501664780227225,-5.501664780227225,0.0,-0.0074251226049462105,-2.7171686660388397,0.99273664496033,2.7844961141883844,0.3717943206889925,0.49944344347857667,2.782248357742491
49,188,1.0,246.92629785058898,0.009018787719050264,5.51810869055122,-5.509089902832171,-5.50908990283217,8.881784197001252e-16,-0.033683334823296995,-2.7185094704797987,0.9988209631243175,2.7905804323523724,0.3726221957653371,0.49934051591291445,2.7878843580128407
49,189,1.0,255.38526232739505,-0.016811875161287404,5.525961362494182,-5.542773237655468,-5.542773237655469,8.881784197001252e-16,-0.07142532349760433,-2.7590910293172413,0.9919227391101725,2.7836822083382273,0.37327631359067215,0.49946389420103404,2.781518354167471
49,190,1.0,274.2934616462969,-0.08796024316078942,5.5262383179922825,-5.6141985611530725,-5.614198561153072,8.881784197001252e-16,0.04916881386574001,-2.8293625438951975,0.9930765480298201,2.7848360172578754,0.372659743732939,0.4995236336804976,2.7829103727684714
49,191,1.0,261.132971591769,-0.03912716061113389,5.525902586676198,-5.5650297472873325,-5.565029747287332,8.881784197001252e-16,-0.003833894689828199,-2.781110716989573,0.9921595610697039,2.7839190302977586,0.37406106256795024,0.4994508990157649,2.7816997978907385
49,192,1.0,262.13604952380666,-0.046139517045756084,5.522724124931404,-5.568863641977161,-5.56886364197716,8.881784197001252e-16,0.12231563420623193,-2.7817455711474626,0.9953586016016424,2.787118070829697,0.37309698478911074,0.49943474252253556,2.7848249613971188
49,193,1.0,231.95607173561646,0.07770330292025387,5.524251310691182,-5.446548007770929,-5.446548007770928,8.881784197001252e-16,0.0008415140910935648,-2.6638698221128396,0.9909187164300342,2.782678185658089,0.3734066065714975,0.4993115598763735,2.779897738113481
49,194,1.0,231.76095953908148,0.07904020551398233,5.524746699193816,-5.445706493679835,-5.445706493679833,1.7763568394002505e-15,-0.1339221523859262,-2.663220617234035,0.9907264072177444,2.7824858764457994,0.3718608385124025,0.4993470191120173,2.7798535662574135
49,195,1.0,264.9731886774845,-0.05019933977705415,5.529429306288707,-5.579628646065761,-5.5796286460657605,8.881784197001252e-16,0.02373314130156068,-2.799158161537482,0.9887110153002238,2.7804704845282786,0.37431636474141766,0.49942810597465104,2.7781662501313202
49,196,1.0,258.75858034003295,-0.027572847791937805,5.528322656972265,-5.555895504764201,-5.555895504764203,2.6645352591003757e-15,-0.07238754763991029,-2.7750383646644106,0.9890976708717361,2.780857140099791,0.374895177672447,0.49938989073686724,2.7783959561842497
49,197,1.0,278.184079880424,-0.10066060310750412,5.527622449296608,-5.628283052404111,-5.628283052404112,8.881784197001252e-16,0.005811066694904277,-2.8452886546789693,0.9912349284970867,2.7829943977251417,0.37461955356545823,0.4994476296387848,2.780759722682649
49,198,1.0,276.57222148293704,-0.09182031565913087,5.530651670050076,-5.622471985709207,-5.622471985709207,0.0,-0.07949923612075693,-2.8427234200393348,0.9879890964418158,2.779748565669871,0.3757749935528757,0.49946642047020456,2.777591701764544
49,199,1.0,299.4571159506802,-0.17720523528442175,5.524765986545541,-5.701971221829964,-5.701971221829963,8.881784197001252e-16,0.03181000308876314,-2.915702051768212,0.9945097008336967,2.7862691700617517,0.37680108214528935,0.49940877784053983,2.7838511495486755
49,200,1.0,290.08129716369035,-0.14002509901716662,5.530136119724034,-5.6701612187412005,-5.6701612187412005,0.0,0.003188110508205,-2.889387829199238,0.9890139203139064,2.7807733895419617,0.37624827341177847,0.4994388025449608,2.7784994364711815
49,201,1.0,289.1579585667821,-0.13538122190896698,5.53159188632403,-5.6669731082329955,-5.666973108232997,1.7763568394002505e-15,0.07495660951645444,-2.8875888116822743,0.9876248273226658,2.7793842965507207,0.3760519007947672,0.49947268616654755,2.777253263228323
49,202,1.0,268.27605295551245,-0.05864497998832606,5.533371518728214,-5.592016498716541,-5.59201649871654,8.881784197001252e-16,-0.0020383396342786853,-2.815467000155723,0.9847900293327632,2.776549498560818,0.37515299959821313,0.4994575974609247,2.774368353633624
49,203,1.0,268.82344836653283,-0.061974872748608356,5.532079965602212,-5.59405483835082,-5.594054838350821,8.881784197001252e-16,-0.07711068772583918,-2.816328768302707,0.9859666008200573,2.777726070048112,0.3753422909600418,0.4994035772500824,2.7753253041405284
49,204,1.0,290.37277428011464,-0.14309977704004784,5.528065749036612,-5.671165526076659,-5.67116552607666,8.881784197001252e-16,0.07327947823765957,-2.8883980206041713,0.9910080362444328,2.782767505472488,0.3756362983400685,0.4993869010861922,2.7802850361823155
49,205,1.0,269.8553427521474,-0.0690218427111058,5.528864205127894,-5.597886047838999,-5.597886047838999,0.0,0.000698664523628878,-2.817088977615209,0.9890376009957355,2.7807970702237905,0.37503088009525043,0.49935276932643996,2.778179499187653
49,206,1.0,269.6668702448487,-0.06726270242907419,5.529924680886296,-5.5971873833153705,-5.5971873833153705,0.0,0.07264476585660073,-2.8172465868639462,0.9881813272233696,2.7799407964514242,0.37491794706849396,0.4993604693777171,2.7773623892868096
49,207,1.0,250.7716132285591,0.00527808519934031,5.52982070265811,-5.52454261745877,-5.52454261745877,0.0,-0.0004809595222061702,-2.7456007809213006,0.9871823673094141,2.7789418365374696,0.37312771646044995,0.4994002092990229,2.7765276438643025
49,208,1.0,250.8922532329942,0.0037759216076070773,5.528799498588583,-5.525023576980976,-5.525023576980976,0.0,0.026773788892879402,-2.7452390935127404,0.9880250142401804,2.779784483468235,0.37325695161530426,0.49939109141751414,2.77732690149935
49,209,1.0,244.26404408634497,0.03219975917267849,5.530449547260774,-5.4982497880880965,-5.498249788088096,8.881784197001252e-16,-0.021138439203178372,-2.7207945441173025,0.9856957747427387,2.7774552439707936,0.373626933032864,0.49937280137517764,2.774932691093506
49,210,1.0,249.482363992209,0.011025587429578633,5.530413814720854,-5.519388227291275,-5.519388227291275,0.0,0.030371092193291815,-2.7419207667451135,0.9857079913181056,2.777467460546161,0.375080572265553,0.4993494496113538,2.7748468024209862
49,211,1.0,242.01921772681334,0.04458172334513546,5.533598858443119,-5.489017135097983,-5.489017135097983,0.0,-0.028344833722730556,-2.715241539698269,0.982016126171659,2.773775595399714,0.37492024070512586,0.49938871737904256,2.7713262559487952
49,212,1.0,248.97736004595987,0.013624272835322429,5.530986241656036,-5.517361968820714,-5.517361968820714,0.0,0.014402728042817614,-2.7403000926454246,0.9853024069472331,2.7770618761752885,0.37418159593808964,0.49936092213124916,2.7744918064939568
49,213,1.0,245.4171070624131,0.022073160880161723,5.525032401658057,-5.502959240777896,-5.502959240777896,0.0,-0.0004243410814108728,-2.7203585722435606,0.9908411993062805,2.7826006685343354,0.3731393576847525,0.4992731097693425,2.7796470560180584
49,214,1.0,245.5212697217055,0.021831155437886753,5.525214737297194,-5.503383581859307,-5.503383581859307,0.0,-0.07117975381352437,-2.7211604442631714,0.9904636683680804,2.7822231375961355,0.3744229031445685,0.4992208291895537,2.7790569921548793
49,215,1.0,263.63441075634614,-0.04983478992233839,5.5247285457504915,-5.574563335672831,-5.57456333567283,8.881784197001252e-16,-0.008548752818027694,-2.79056690780528,0.9922369586394962,2.7839964278675513,0.37516659600609226,0.49924842017926596,2.7809377093841934
49,216,1.0,265.8978170342779,-0.06381672060177254,5.519295367889086,-5.583112088490859,-5.583112088490858,8.881784197001252e-16,0.031009812122516855,-2.793707797196276,0.9976448220665279,2.7894042912945824,0.37478005038435364,0.4991735921336095,2.786006332545323
49,217,1.0,257.7789091783225,-0.03027679741026531,5.5218254789580765,-5.552102276368342,-5.552102276368342,0.0,0.047614646000513794,-2.765260530301075,0.9950822768392126,2.7868417460672674,0.3721850004199154,0.4993268733169665,2.78408900450418
49,218,1.0,245.79248680421028,0.017720282866015152,5.522207913233843,-5.504487630367828,-5.504487630367828,0.0,-0.07781321558442844,-2.7190639144327293,0.993664246707044,2.785423715935099,0.37208797414555633,0.49927576932801343,2.7824674753298595
49,219,1.0,265.68219688612163,-0.06452614837311722,5.5177746975791395,-5.582300845952257,-5.582300845952257,0.0,-0.018442830986912462,-2.7910150750297587,0.9995263016944419,2.791285770922497,0.37198157729499415,0.4992239301236882,2.788085507577079
49,220,1.0,270.6275921080298,-0.07998659329656187,5.520757083642607,-5.600743676939169,-5.600743676939169,0.0,0.10212692653657918,-2.8121561823345327,0.9968280253765812,2.788587494604636,0.37255177527288025,0.4992735900171385,2.785614182198282
49,221,1.0,244.35369623378406,0.025205290106631216,5.523822040509222,-5.49861675040259,-5.498616750402591,8.881784197001252e-16,-0.07086438338207834,-2.715082208397405,0.9917750727771303,2.783534542005185,0.3720220663497654,0.4992760900124269,2.7805930001387993
49,222,1.0,262.2979663728592,-0.04662465968229555,5.5228564741023725,-5.569481133784668,-5.569481133784668,0.0,0.06802357607612741,-2.783397936204912,0.9943237283517012,2.7860831975797566,0.37140092943197667,0.49935993386667543,2.7834785756331635
49,223,1.0,245.04884492352116,0.01918488540585043,5.520642443114392,-5.501457557708541,-5.501457557708542,8.881784197001252e-16,-0.038309138366842355,-2.7146515128634405,0.9950465756170453,2.7868060448451004,0.37070413637874183,0.49929495973767896,2.7839260154515593
49,224,1.0,254.618589012382,-0.014761011859594796,5.525005684215788,-5.539766696075383,-5.539766696075383,0.0,-0.04614158202980079,-2.7566585414039273,0.9913486854434005,2.783108154671455,0.37210103672727096,0.499362793167428,2.780527337758817
49,225,1.0,266.6423582027719,-0.060713911122778616,5.525194366982406,-5.585908278105184,-5.585908278105185,8.881784197001252e-16,-0.033949096118580435,-2.802087115456151,0.992061693420978,2.783821162649033,0.3722256592242235,0.4994027764773406,2.781403409826462
49,226,1.0,275.85003710329624,-0.1020976307324509,5.517759743491313,-5.6198573742237645,-5.619857374223764,8.881784197001252e-16,-0.08068158311318374,-2.82806169429247,1.0000362107032394,2.791795679931294,0.3704496024864503,0.4993833816668,2.7892564353763762
49,227,1.0,299.028521160141,-0.18936427710792514,5.511174680229023,-5.700538957336948,-5.700538957336948,0.0,0.11678724748457636,-2.90127286911155,1.0075066189973423,2.7992660882253966,0.3702807992230625,0.499328008216574,2.79645260645599
49,228,1.0,266.06794536108873,-0.060144568893734984,5.523607140958637,-5.583751709852372,-5.583751709852372,0.0,-0.0006341529905711241,-2.7988278347623705,0.9931644058619474,2.7849238750900027,0.3725436479436014,0.49930889453466926,2.7821175528970437
49,229,1.0,266.2367266552594,-0.060949310167154436,5.523436552675789,-5.584385862842943,-5.584385862842943,0.0,0.010090026351449843,-2.799120084761256,0.993506308853632,2.785265778081687,0.3726462004351544,0.49927541341213755,2.7823359998312625
49,230,1.0,263.56389819874255,-0.045975953625998336,5.528319882865496,-5.574295836491493,-5.574295836491494,8.881784197001252e-16,0.02751858694067799,-2.794158743278224,0.9883776239852139,2.7801370932132685,0.37345310243262486,0.4993577788823455,2.77755728827416
49,231,1.0,256.4098778731715,-0.016972036851205928,5.529805212699609,-5.546777249550815,-5.546777249550814,8.881784197001252e-16,0.07594076472490308,-2.7688968041157658,0.9861209762069945,2.77788044543505,0.3737945661444733,0.49935027330047915,2.7752725650033647
49,232,1.0,237.65890770860202,0.06092223837624921,5.531758723202162,-5.470836484825912,-5.470836484825913,8.881784197001252e-16,-0.053387962669897426,-2.6969163064881028,0.9821607091097552,2.7739201783378102,0.3747422163363471,0.49926963971371036,2.770997291741249
49,233,1.0,250.6918379253923,0.0027658827671216135,5.526990330262931,-5.5242244474958095,-5.5242244474958095,0.0,-0.08754913448497526,-2.744164925685618,0.988300052582136,2.7800595218101907,0.37471641090912733,0.4992095731587982,2.7768886655030336
49,234,1.0,273.6291115578342,-0.08160890713790343,5.530164674842881,-5.611773581980785,-5.611773581980785,0.0,0.05148835484866243,-2.8332950940954444,0.9867190186572854,2.7784784878853404,0.3752892539404885,0.4993288816022157,2.7757873679251737
49,235,1.0,259.89695541530074,-0.02856439097395476,5.531720836158168,-5.560285227132122,-5.560285227132122,0.0,-0.021011958359370198,-2.7844928713375143,0.9840328865665535,2.7757923557946085,0.37497670214153955,0.49933198240944093,2.773116206183751
49,236,1.0,265.4156759406186,-0.050322090954732335,5.5309750945367595,-5.581297185491493,-5.581297185491492,8.881784197001252e-16,0.14010171624032886,-2.8045929249152497,0.9849447913481871,2.7767042605762424,0.3753721364729473,0.4993743207502422,2.774188079729015
49,237,1.0,230.71783473862496,0.08686909481210246,5.528064564063266,-5.441195469251164,-5.441195469251164,0.0,0.02113040512847597,-2.6652490105308533,0.9841869894922564,2.7759464587203113,0.3747072241071812,0.49923361391375504,2.772870465214689
49,238,1.0,225.89381960709431,0.1056428979492988,5.525707962071987,-5.420065064122688,-5.420065064122689,8.881784197001252e-16,0.06618464840141058,-2.642489157432825,0.9858164374618091,2.7775759066898638,0.3745262303344986,0.49919108328651035,2.774323574020506
49,239,1.0,211.42713330021616,0.16861854419803973,5.522498959919316,-5.353880415721277,-5.353880415721276,8.881784197001252e-16,-0.01087953730952318,-2.575410886840458,0.9867100596527639,2.778469528880818,0.3751435908780393,0.4990616677402433,2.7746943810853497
49,240,1.0,213.73992090211846,0.1488018092175526,5.513561762248353,-5.3647599530308,-5.3647599530308,0.0,0.06880250349007078,-2.5771399287397725,0.9958605550629729,2.787620024291028,0.37422545085381703,0.4989941423933004,2.7835214651486813
49,241,1.0,199.5285730815294,0.21576419272766897,5.511721642268398,-5.2959574495407296,-5.2959574495407296,0.0,-0.048269291405092396,-2.509099241021803,0.995098739290872,2.7868582085189266,0.37491789846236157,0.49886121312931975,2.782222566872093
49,242,1.0,209.3959047015123,0.1654065220051427,5.509633262950964,-5.344226740945822,-5.344226740945821,8.881784197001252e-16,0.004782651271900029,-2.5535040400499853,0.998963231667782,2.7907227008958366,0.37406565508087275,0.4989222253558791,2.7863048895281572
49,243,1.0,208.39682813335594,0.15827136066381464,5.497715450337738,-5.339444089673922,-5.339444089673924,1.7763568394002505e-15,-0.011205761136199754,-2.536654353136411,1.0110302673094567,2.802789736537512,0.3712128162827358,0.4988297223930373,2.7978870701657077
49,244,1.0,210.74520631987787,0.15381585708955972,5.50446570789968,-5.350649850810122,-5.35064985081012,1.7763568394002505e-15,0.03247114247770355,-2.5540289794749613,1.0048614021071043,2.7966208713351595,0.3693708358653068,0.49897195765107166,2.7923566887971787
49,245,1.0,204.01197810723386,0.19143423498380607,5.509612943316224,-5.318178708332418,-5.318178708332418,0.0,-0.06807852571614514,-2.5283613681435724,0.9980578709607908,2.7898173401888458,0.3717313323000835,0.4988965121739098,2.7852948142283083
49,246,1.0,218.38449200545085,0.12504399967016952,5.511301233718733,-5.386257234048563,-5.386257234048563,0.0,0.0659473126710095,-2.5957583239657525,0.9987394408547553,2.7904989100828104,0.3708049954292609,0.49899926397425914,2.7863925535308085
49,247,1.0,204.44723474390395,0.18901014117173476,5.509320062549289,-5.320309921377554,-5.320309921377555,8.881784197001252e-16,0.05613413016949309,-2.530109881497539,0.9984405706519605,2.7902000398800157,0.3719131240473402,0.4988592655989736,2.78551052071377
49,248,1.0,193.28693432688897,0.23559175018863004,5.499767541396691,-5.264175791208061,-5.264175791208062,8.881784197001252e-16,0.0020811701897427426,-2.466100214692088,1.0063161072879185,2.7980755765159735,0.37004935630102864,0.49874923488705236,2.792851087326472
49,249,1.0,192.88508961975523,0.238397021713755,5.500491642732072,-5.262094621018318,-5.262094621018317,8.881784197001252e-16,-0.035112419120508775,-2.4646157146314382,1.005719437158825,2.79747890638688,0.3701176015500716,0.4986913455552286,2.7919500811720614
49,250,1.0,199.77805795501627,0.21009995810588755,5.507306998244714,-5.297207040138827,-5.297207040138827,0.0,-0.01674524718939363,-2.5056744939809015,0.9997730769298702,2.7915325461579257,0.3714301724209856,0.49876485758699235,2.7863926372465406
49,251,1.0,203.1515571292822,0.19591393306380006,5.509866220392021,-5.31395228732822,-5.31395228732822,0.0,-0.03644424211077357,-2.5248214146295997,0.9973714034705664,2.789130872698621,0.3720647126098638,0.4988085109544278,2.784218025574589
49,252,1.0,210.6918268166243,0.16382999154770572,5.514226520986699,-5.350396529438994,-5.350396529438993,8.881784197001252e-16,0.036288469202429674,-2.564922926845788,0.993714133365151,2.7854736025932056,0.3732336725845723,0.49888792260470954,2.7809452068520706
49,253,1.0,203.1832051030553,0.20403409640130196,5.518142156637867,-5.314108060236564,-5.314108060236565,8.881784197001252e-16,0.023071478507655563,-2.534145251092679,0.9882033399158298,2.779962809143885,0.37447316947160747,0.4989217272426625,2.775614894017162
49,254,1.0,198.5491311772106,0.2266492409983216,5.5176858227272305,-5.291036581728909,-5.291036581728909,0.0,-0.019470852373454584,-2.5113253049324626,0.9879518075683915,2.7797112767964465,0.3739283638773918,0.49889167266874895,2.775238166908357
49,255,1.0,202.45293385057602,0.20817953489958563,5.5186869690019495,-5.310507434102363,-5.310507434102364,8.881784197001252e-16,0.025805234630647433,-2.531525904635888,0.9872220602384209,2.778981529466476,0.3744193119666314,0.4988915794733815,2.774515895611542
49,256,1.0,197.29542001839184,0.23458537420695863,5.519287573678675,-5.284702199471716,-5.284702199471716,0.0,0.0396033148668975,-2.507644023409673,0.9852987068339889,2.777058176062044,0.3754849093729895,0.4988172709120384,2.7723010725838253
49,257,1.0,189.63456624155396,0.27137849305634454,5.516477377661162,-5.245098884604818,-5.245098884604817,8.881784197001252e-16,0.024399624513070428,-2.4666816070513473,0.986657808325417,2.7784172775534723,0.3761905187552018,0.49869367115306834,2.773144271721408
49,258,1.0,185.0635463888861,0.295498809496927,5.516198069588675,-5.220699260091748,-5.220699260091749,8.881784197001252e-16,-0.0832353221757911,-2.4429546755993052,0.985985115264388,2.7777445844924427,0.37624700305374736,0.4986904706395623,2.7724670081203406
49,259,1.0,201.12660437147161,0.2162702540868802,5.520204836354418,-5.303934582267539,-5.303934582267538,8.881784197001252e-16,0.06096494136302244,-2.527236082446587,0.9849390305928969,2.776698499820952,0.3760206904937966,0.49885833687710873,2.772114244309577
49,260,1.0,189.231217602187,0.2714647334141261,5.514434374318642,-5.242969640904517,-5.242969640904517,0.0,-0.034823903225056796,-2.462900996124637,0.9883091755518248,2.7800686447798797,0.3759473008928611,0.4986804149538422,2.774735409625231
49,261,1.0,195.93707154439443,0.24261833412105668,5.52041187825063,-5.277793544129573,-5.277793544129573,0.0,-0.01879725619355188,-2.502387702994412,0.9836463719071062,2.7754058411351608,0.3758594923708874,0.49878929714224074,2.770543855991668
49,262,1.0,199.6549846866198,0.2252360728095007,5.5218268731326265,-5.296590800323125,-5.296590800323126,8.881784197001252e-16,-0.0011334538867471267,-2.5219236319428067,0.9829076991522644,2.77466716838032,0.37559846365068716,0.4988097073369551,2.7698873790025638
49,263,1.0,199.88141270363784,0.22307997996407902,5.520804234173952,-5.297724254209872,-5.297724254209873,8.881784197001252e-16,0.10790312139095093,-2.5217782074442847,0.984186577537533,2.7759460467655876,0.37577923226431564,0.49877180616285016,2.7709927938873573
49,264,1.0,179.4364547684169,0.32336146087675155,5.5131825936956735,-5.189821132818921,-5.189821132818922,8.881784197001252e-16,-0.016059988946634185,-2.411080302780191,0.986981360810676,2.7787408300387306,0.3764128520046096,0.49855142500226607,2.7728735320689695
49,265,1.0,182.34146704221007,0.30923314478749364,5.515114266553049,-5.205881121765556,-5.205881121765555,8.881784197001252e-16,0.040253668229995654,-2.4287016453894767,0.9854200071480239,2.777179476376079,0.37626352476298364,0.4986232937125612,2.7716264748184902
49,266,1.0,175.14732090718488,0.3446751825594144,5.510302636094974,-5.16562745353556,-5.16562745353556,0.0,-0.03625980599637124,-2.3854912586930834,0.9883767256144207,2.7801361948424756,0.37647746358343287,0.498503212622784,2.774069823470191
49,267,1.0,181.6146726677555,0.3124603167012492,5.51434757623318,-5.201887259531931,-5.201887259531931,0.0,-0.04217352504311478,-2.424546523722162,0.9855812665817134,2.777340735809768,0.3763030903664656,0.4985880290403744,2.7716438573729256
49,268,1.0,189.4378087373479,0.2710123909994656,5.515073175574512,-5.244060784575046,-5.244060784575047,8.881784197001252e-16,-0.06075652663957776,-2.46559491761246,0.9867063977345314,2.7784658669625864,0.37568636938276395,0.49864736814783045,2.772986441118862
49,269,1.0,201.30422303021146,0.21475163662939914,5.519568947844023,-5.304817311214624,-5.304817311214624,0.0,0.018795117518367377,-2.5285588150210985,0.9844990269654703,2.7762584961935257,0.3756151866672195,0.4987837055307023,2.77135553222301
49,270,1.0,197.556020791263,0.23071040227774967,5.516732595974006,-5.286022193696256,-5.286022193696256,0.0,-0.04361605799953683,-2.5075942644412854,0.9866684600269159,2.778427929254971,0.37564135715892,0.4987114092643558,2.773208847246788
49,271,1.0,206.36330907503088,0.18771391216930478,5.517352163865098,-5.329638251695793,-5.329638251695793,0.0,0.03866809777115687,-2.5502858142720006,0.9875929681957386,2.779352437423794,0.3757476513604837,0.49875288571492726,2.774297928561603
49,272,1.0,198.5359424324409,0.22039941301423885,5.511369566938875,-5.290970153924636,-5.290970153924635,8.881784197001252e-16,-0.0032884219313116247,-2.5069931795286444,0.992217505167936,2.783976974395991,0.3745443704014806,0.49868590132249474,2.778611274083415
49,273,1.0,199.18988701324238,0.21627619713245427,5.510534772988402,-5.294258575855948,-5.294258575855948,0.0,-0.00301366952854476,-2.5089429071359493,0.9935561994919438,2.7853156687199987,0.37345782399750865,0.49867352462785924,2.7798685375419585
49,274,1.0,199.79108495707368,0.21175739312397263,5.509029638508466,-5.297272245384493,-5.297272245384493,0.0,0.02527059840798973,-2.5101793275172493,0.9953334486391884,2.7870929178672434,0.3720987552262453,0.4986704484510467,2.781627242592576
49,275,1.0,194.80550430138342,0.23843397129121252,5.510435618267715,-5.272001646976503,-5.272001646976503,0.0,0.007027578683406865,-2.48755046055746,0.9926917171909873,2.784451186419042,0.3741089708223117,0.49858766344198013,2.778656317828584
49,276,1.0,193.44129245948182,0.24874166341431267,5.513715731707409,-5.264974068293096,-5.264974068293096,0.0,0.04570224914322729,-2.484548602242627,0.9886659968224146,2.780425466050469,0.3762923146685499,0.4985524690864576,2.7745265609144494
49,277,1.0,184.7995675578403,0.29227423373715966,5.511546052887028,-5.219271819149869,-5.219271819149869,0.0,-0.08424269768684312,-2.4389839854495103,0.9885283644723039,2.7802878337003594,0.37672690312635454,0.49844369114718107,2.7739524524149144
49,278,1.0,201.04213578016532,0.2134421087767592,5.516956625613472,-5.303514516836712,-5.303514516836713,8.881784197001252e-16,-0.02250849865357818,-2.5252204917405616,0.9865345558680952,2.77829402509615,0.37640459420575556,0.4985873006524295,2.7725744265972203
49,279,1.0,205.6186039221945,0.1905481725213402,5.51657118801163,-5.32602301549029,-5.32602301549029,0.0,-0.0464867939391711,-2.5465628317002076,0.9877007145620276,2.7794601837900825,0.37648133891090624,0.4985865621226826,2.7737343698032095
49,280,1.0,215.4028098482518,0.14335412584263252,5.515863935272094,-5.372509809429461,-5.372509809429461,0.0,-0.002821224015603363,-2.590810220218637,0.9899401199827693,2.781699589210824,0.37641772699334797,0.4985912329268169,2.7759881750418223
49,281,1.0,216.01136746346234,0.1368206086568855,5.51215164210195,-5.375331033445065,-5.375331033445065,0.0,0.01656838919633241,-2.5900500911551236,0.993521473061886,2.785280942289941,0.3753575877985169,0.49855342896479843,2.779369372180291
49,282,1.0,212.46189279265917,0.14922683310682755,5.507989477355559,-5.358762644248732,-5.358762644248731,8.881784197001252e-16,0.012429390951249175,-2.569951681780133,0.997051493240544,2.788810962468599,0.37533759019966173,0.49844534922824996,2.782403095245225
49,283,1.0,209.83746467363972,0.16721884089052533,5.513552094188009,-5.346333253297483,-5.346333253297484,8.881784197001252e-16,0.03504604961119728,-2.5637516945438503,0.9908220895255787,2.7825815587536336,0.37557220438531247,0.49853923920454646,2.7766432652334316
49,284,1.0,202.61086205637187,0.20610949379968824,5.517396697485973,-5.311287203686286,-5.311287203686285,8.881784197001252e-16,0.023465484467308784,-2.534438796197014,0.9850889382612161,2.7768484074892714,0.3752404912351041,0.4986153676490388,2.7712624743234655
49,285,1.0,197.9118479568544,0.22849276765550214,5.51631448687448,-5.287821719218977,-5.287821719218978,8.881784197001252e-16,-0.04697498481570772,-2.511028559076458,0.9850336909144644,2.7767931601425193,0.37484630535548624,0.49860757049495236,2.7711784416604495
49,286,1.0,207.43057472224973,0.1804650897808788,5.515261793815563,-5.334796704034685,-5.334796704034685,0.0,0.021705253663710344,-2.5549706436110626,0.9880665911955676,2.779826060423623,0.3728959085746977,0.4987206143168644,2.774660068945748
49,287,1.0,202.97675201113105,0.20201614335230456,5.515107593723279,-5.313091450370974,-5.313091450370974,0.0,-0.10439454522540714,-2.534017363321771,0.9873146178211495,2.7790740870492043,0.37357032530513523,0.49867552508434754,2.773728170168662
49,288,1.0,225.31197459824966,0.10379024901383521,5.521276244610217,-5.417485995596381,-5.417485995596381,0.0,-0.02759217855679008,-2.640969676321458,0.9847568500468681,2.7765163192749225,0.37372083244755266,0.49888545108646615,2.772041484527955
49,289,1.0,231.6153853410297,0.07212848753714914,5.517206661690321,-5.4450781741531715,-5.4450781741531715,0.0,0.0032180440598237325,-2.6642410016068223,0.9890777033182943,2.780837172546349,0.37487646418400955,0.49874638878102867,2.7757615839294396
49,290,1.0,230.87123482283633,0.07677064932241576,5.518630779415763,-5.441860130093348,-5.441860130093347,8.881784197001252e-16,0.0183904829137278,-2.6624231318102236,0.9876775290550684,2.7794369982831237,0.3747246694996544,0.49875608418282164,2.7744100504776257
49,291,1.0,226.66420455362308,0.09195438883361647,5.515424036013236,-5.42346964717962,-5.42346964717962,0.0,0.00393810831755026,-2.641138239953831,0.9905719379977344,2.7823314072257888,0.3745976697303633,0.49865295295910644,2.7768675607754343
49,292,1.0,225.7733316926474,0.0968678038196272,5.516399342681697,-5.41953153886207,-5.41953153886207,0.0,0.053795469832240705,-2.638312589447373,0.9894594801866415,2.7812189494146966,0.3744548438577725,0.49867541465547355,2.775873074157071
49,293,1.0,213.9486577176409,0.1529228041206594,5.518658873150488,-5.365736069029829,-5.365736069029829,0.0,0.004978217485295033,-2.5889248080287697,0.9850517917730043,2.7768112610010593,0.3756493828686983,0.4986428307445352,2.7713546841720706
49,294,1.0,212.88622148232193,0.1580172186312771,5.518775070175812,-5.360757851544534,-5.360757851544535,8.881784197001252e-16,0.10604893062493126,-2.5845240119964283,0.984474370320051,2.776233839548105,0.3761157450457926,0.4986759851961389,2.7709064071710414
49,295,1.0,191.46574606913452,0.2568047711130156,5.511513692032618,-5.254708920919603,-5.254708920919602,8.881784197001252e-16,-0.04668695906571152,-2.4754348456393447,0.9875146060522034,2.779274075280258,0.3757422093811962,0.49847278136419576,2.773075509780547
49,296,1.0,200.61665138523037,0.21005420828704807,5.511450088272362,-5.301395879985314,-5.301395879985313,8.881784197001252e-16,-0.01618140389199585,-2.5200329928645653,0.9896034178926941,2.7813628871207485,0.37653470405011,0.49850473352509317,2.7752808026713343
49,297,1.0,203.88931720379605,0.19559309457549523,5.513170378452806,-5.31757728387731,-5.31757728387731,0.0,-0.0379889290566533,-2.537715672649985,0.9881021419992703,2.779861611227325,0.3760556046265415,0.4985832363276776,2.7741255988533706
49,298,1.0,211.78385716979096,0.161868914174598,5.51743512710856,-5.355566212933963,-5.355566212933962,1.7763568394002505e-15,0.07015079790035639,-2.578691906854413,0.9851148368514954,2.7768743060795504,0.3756210260440604,0.4986931521500608,2.7716121341680946
49,299,1.0,197.43618437393624,0.23082743054444593,5.516242845578054,-5.285415415033607,-5.285415415033608,8.881784197001252e-16,-0.002080598630261221,-2.5105915813931,0.9830643644124519,2.774823833640507,0.3759551836402287,0.4985777304614187,2.769110403236112
49,300,1.0,197.84739746506435,0.2267362512814281,5.514232264945296,-5.287496013663868,-5.287496013663867,8.881784197001252e-16,0.043113380665569245,-2.510567921382744,0.9851686230530693,2.7769280922811244,0.3759541898185614,0.49854809026684777,2.7710767051243734
49,301,1.0,189.49878881003823,0.2668909195878186,5.511273552586117,-5.244382632998299,-5.244382632998299,0.0,0.022576927058350016,-2.4665355882478943,0.9860875755223497,2.7778470447504042,0.3764075760454369,0.49843243285757727,2.771516706882617
49,302,1.0,185.26842250270312,0.28839390848899005,5.510199614428938,-5.221805705939949,-5.221805705939948,8.881784197001252e-16,-0.028216843750318077,-2.4439316514552796,0.9861145852566139,2.7778740544846685,0.3763543051060553,0.49836180867015595,2.771252632251688
49,303,1.0,190.5705657174098,0.25669424041315264,5.506716790103419,-5.250022549690267,-5.250022549690266,8.881784197001252e-16,0.030536334796837927,-2.4672290979666727,0.9910339824955385,2.7827934517235935,0.37680871572762803,0.4983240043611457,2.7759714245388722
49,304,1.0,184.83919204604553,0.27987256103696656,5.4993587759303955,-5.219486214893429,-5.219486214893429,0.0,0.01112346072680559,-2.4301265575786575,0.9976001880867168,2.789359657314771,0.37715751845121204,0.4981601961498517,2.781787009849283
49,305,1.0,182.79453347453202,0.2948033387710115,5.503166092937636,-5.2083627541666235,-5.208362754166624,8.881784197001252e-16,0.014812697002277275,-2.4239540067803973,0.9926492781581723,2.784408747386227,0.37707381663627193,0.49823405020015615,2.777194941866256
49,306,1.0,180.10680880603934,0.30326123366806657,5.496811290832413,-5.193550057164346,-5.193550057164347,8.881784197001252e-16,-0.03670105418260139,-2.403541204338996,0.9982493835972953,2.79000885282535,0.37798953505088057,0.4980971362198949,2.782152961683481
49,307,1.0,186.83971520244148,0.2698908175544058,5.500141928901353,-5.230251111346948,-5.230251111346948,0.0,-0.14238173329508452,-2.4423722553816343,0.9961193867372581,2.7878788559653134,0.3778183274348851,0.49816943097406147,2.7803538133497376
49,308,1.0,215.42931360916447,0.13845668969207706,5.5110895343341095,-5.372632844642032,-5.372632844642032,0.0,-0.03459436077935063,-2.589947692964832,0.9909256824491459,2.782685151677201,0.37698783327843355,0.49848580276278637,2.7765422857867956
49,309,1.0,223.0123621159993,0.10920679698335634,5.51643400240474,-5.407227205421383,-5.407227205421384,8.881784197001252e-16,0.04697043632501785,-2.6288578377873804,0.9866098984059484,2.7783693676340033,0.3754928678215079,0.4986693234365929,2.7730063027074094
49,310,1.0,212.77957465493824,0.15626518170105702,5.516521950797421,-5.360256769096365,-5.360256769096364,8.881784197001252e-16,-0.043628309044366986,-2.5838773156406973,0.984619984227613,2.776379453455668,0.3752995869821233,0.4986086707280051,2.7707795845637917
49,311,1.0,222.268270533651,0.1128013720140116,5.516686450154745,-5.403885078140732,-5.403885078140733,8.881784197001252e-16,0.0018584539284489665,-2.6260621684207126,0.9860634404919644,2.777822909720019,0.3734816634395968,0.4986876807608722,2.772542869552032
49,312,1.0,221.85557879617988,0.1135373179998335,5.5155639422121165,-5.402026624212283,-5.402026624212283,0.0,-0.01644936086180593,-2.6234431331503063,0.9868240218339214,2.7785834910619767,0.3735785067028016,0.4986900780700963,2.773308785418551
49,313,1.0,225.535141530534,0.10101174436344565,5.519487729437534,-5.418475985074089,-5.418475985074089,0.0,-0.04715278491314212,-2.6435264226562007,0.9831900931898332,2.774949562417888,0.37470224406285535,0.4987117125936192,2.76978167539818
49,314,1.0,236.42446499108146,0.054196815929351105,5.519825585916582,-5.465628769987231,-5.465628769987231,0.0,-0.040010001301233444,-2.689293395222401,0.9845759055367761,2.7763353747648307,0.37488947834768116,0.49871061888753515,2.77116169812902
49,315,1.0,246.0755915091985,0.016702245464632497,5.5223410167530975,-5.5056387712884645,-5.505638771288465,8.881784197001252e-16,-0.0018307493461247049,-2.731004302638913,0.9828749994214965,2.7746344686495514,0.3753351747073567,0.4987911268690925,2.769791481469454
49,316,1.0,246.52650686800806,0.011969538765456977,5.519439059400046,-5.507469520634589,-5.507469520634589,0.0,0.004830926675838398,-2.7298994325212234,0.9858106188853104,2.777570088113366,0.3740502830529914,0.4988108487289584,2.7727963082964955
49,317,1.0,245.3384274625256,0.019025095515699468,5.521663689474449,-5.502638593958751,-5.50263859395875,8.881784197001252e-16,-0.04559165893124906,-2.7276802749668074,0.9831988497638885,2.774958318991944,0.3753839153713482,0.4988198948894557,2.770225278945372
49,318,1.0,256.78271308172793,-0.02749075111642546,5.5207395017735745,-5.54823025289,-5.54823025289,0.0,0.046199864222645104,-2.7713060818476882,0.9851647018142567,2.776924171042312,0.3756089205702227,0.498869895583391,2.7723792367317945
49,319,1.0,245.18925670058184,0.016894719675228667,5.518925108342584,-5.502030388667355,-5.502030388667356,8.881784197001252e-16,-0.021528797062652316,-2.724906973449423,0.9853639459898768,2.7771234152179325,0.37597753978639736,0.49879160620203594,2.7722653260969956
49,320,1.0,250.52511769306878,-0.00278186977176062,5.520777315958247,-5.523559185730007,-5.523559185730008,8.881784197001252e-16,-0.0008382942154190332,-2.7474096540353714,0.9843900624665807,2.7761495316946356,0.37564438113056353,0.4988235046195199,2.7714287357211975
49,321,1.0,250.73521950130936,-0.007162352510851525,5.5172351274345734,-5.524397479945426,-5.524397479945425,8.881784197001252e-16,0.1617246397007408,-2.745480657168054,0.9871573535493168,2.778916822777372,0.3759970031031589,0.49880627868851196,2.7741001176840316
49,322,1.0,213.29428678639744,0.15347880543964793,5.516151645684333,-5.362672840244685,-5.362672840244685,0.0,0.019842313521225563,-2.5883034332407004,0.9826099377759299,2.7743694070039844,0.37593463800051796,0.4985709007945471,2.768644053384312
49,323,1.0,209.10374716597806,0.17041366227091664,5.513244188994376,-5.34283052672346,-5.34283052672346,0.0,0.032172345559486004,-2.5665793226406386,0.9844917348547662,2.7762512040828216,0.3758459137773064,0.4985013240664063,2.770237753671939
49,324,1.0,202.48345533592277,0.19188278332742956,5.502540964491404,-5.310658181163974,-5.310658181163975,8.881784197001252e-16,-0.0695370022411419,-2.5253987096864985,0.9935000022494211,2.785259471477476,0.37563939282765807,0.49832024634916333,2.778458413426545
49,325,1.0,217.06463870582112,0.118419191577954,5.49861437498307,-5.380195183405116,-5.3801951834051165,8.881784197001252e-16,-0.00317427122201952,-2.589376127115879,0.9990595870611819,2.790819056289237,0.3775185532499822,0.4982715287084201,2.7837772512029546
49,326,1.0,217.75475547120928,0.11165891822467372,5.4950283728518095,-5.383369454627135,-5.383369454627136,8.881784197001252e-16,0.03808212185063109,-2.589263056127731,1.0023469292713487,2.7941063984994035,0.3784195701306061,0.49819204679886103,2.786708227885137
49,327,1.0,209.61810609908179,0.14576149886324707,5.491048831639752,-5.345287332776504,-5.345287332776505,8.881784197001252e-16,0.09686676945051342,-2.5485791681304657,1.0049486954179832,2.7967081646460383,0.3787875759084977,0.49805768981576576,2.7887265226006033
49,328,1.0,190.26551867553724,0.24383867586886823,5.492259239194858,-5.248420563325991,-5.24842056332599,8.881784197001252e-16,-0.07848129309111496,-2.4566459627834476,1.0000151313144883,2.7917746005425434,0.3777843059302368,0.49799404852413987,2.7835830287794483
49,329,1.0,205.79938939583656,0.17293781885006954,5.499839675267175,-5.326901856417106,-5.326901856417106,0.0,-0.036429935258742496,-2.5393856144426086,0.9957567727464411,2.787516241974496,0.37644590411394163,0.4982324232391398,2.7803451216079615
49,330,1.0,213.43488368010887,0.14132673906739904,5.504658530743246,-5.363331791675848,-5.363331791675847,8.881784197001252e-16,-0.014284208849011826,-2.57934435151747,0.9922279709303229,2.7839874401583775,0.375967889580592,0.49834432968301484,2.777295613554164
49,331,1.0,216.50551066245262,0.1334844843611397,5.511100484886,-5.37761600052486,-5.37761600052486,0.0,-0.10345044451358376,-2.5990117307044796,0.986844800592325,2.7786042698203803,0.3748018389299931,0.4984664730992578,2.772434899942555
49,332,1.0,240.10262714325052,0.03483260548464215,5.515899050523085,-5.481066445038444,-5.481066445038444,0.0,0.037131464518468604,-2.704119543376604,0.9851874324337849,2.7769469016618404,0.3760893847181823,0.49863433130106266,2.771448583112677
49,333,1.0,231.35075539761084,0.06547709721759737,5.509412077737573,-5.443934980519975,-5.443934980519976,8.881784197001252e-16,-0.07649431197570156,-2.6623033513535126,0.9898721599384063,2.7816316291664616,0.37677609260127587,0.49842517177779033,2.7752684794890086
49,334,1.0,249.7422266439853,-0.0153843191356633,5.505044973360013,-5.520429292495677,-5.520429292495677,0.0,-0.04100699836190991,-2.731963576056121,0.996706247211502,2.7884657164395565,0.37690590324237766,0.49842688610799496,2.782048149313882
49,335,1.0,260.1962856140549,-0.05365159913042543,5.507784691727161,-5.5614362908575865,-5.5614362908575865,0.0,0.004717873743588896,-2.7745912511309605,0.9950855704985709,2.7868450397266256,0.37724970663342455,0.4984683518357073,2.780604970948696
49,336,1.0,258.9716036091288,-0.046778719924852004,5.509939697189145,-5.556718417113998,-5.556718417113997,8.881784197001252e-16,-0.06066029965817776,-2.7720055119057534,0.9929534359801894,2.7847129052082447,0.376375023579125,0.4985389637587805,2.7787731292156224
49,337,1.0,275.16714602945893,-0.1021065305018064,5.515272186270368,-5.617378716772175,-5.6173787167721745,8.881784197001252e-16,-0.0014665770059023586,-2.8359019748770784,0.9897172726670408,2.7814767418950956,0.3761929960792767,0.4987286229410571,2.776321891003287
49,338,1.0,275.5709959046911,-0.10493050066891364,5.513914793109164,-5.618845293778078,-5.618845293778078,0.0,0.07733193604016897,-2.8363191133599255,0.9907667111900974,2.7825261804181523,0.376775017178093,0.49866987616063324,2.7771251042742056
49,339,1.0,255.06371016523713,-0.023120658293170636,5.518392699444737,-5.541513357737909,-5.541513357737908,8.881784197001252e-16,0.022788851035800306,-2.7653521571422117,0.9844017313676424,2.776161200595697,0.3760902665872258,0.4986578787670494,2.770758657476142
49,340,1.0,249.31683235004982,-0.002244447479175446,5.516480059222934,-5.5187245067021085,-5.518724506702109,8.881784197001252e-16,-0.07458657202581342,-2.7417947386625126,0.9851702988115413,2.776929768039597,0.37607397631597517,0.4986164835077283,2.7713581493571535
49,341,1.0,268.62358267517874,-0.08332266442484582,5.509988414303077,-5.593311078727922,-5.593311078727923,8.881784197001252e-16,-0.005014479524813709,-2.808475750989309,0.9930758585105582,2.784835327738613,0.37684878311320447,0.4986295576774073,2.779258607473041
49,342,1.0,269.9739730532061,-0.09145860284772028,5.506866955405014,-5.598325558252736,-5.598325558252735,8.881784197001252e-16,-0.03683303617447642,-2.8102080202973334,0.9963580687273472,2.788117537955402,0.3758224083706994,0.4985815374762887,2.782339416811226
49,343,1.0,280.1033366162111,-0.1374658754999042,5.497692718927308,-5.635158594427212,-5.635158594427212,0.0,-0.013730486936347042,-2.837501443856787,1.0058976813423703,2.797657150570425,0.3765371902247798,0.4984246326099846,2.7911660094623145
49,344,1.0,283.9758164991776,-0.16035713541219046,5.488531945951368,-5.648889081363559,-5.648889081363558,8.881784197001252e-16,0.09371096851931249,-2.842405378026046,1.0147242341094582,2.8064837033375127,0.3777316300951731,0.49822891584290235,2.7990995413650275
49,345,1.0,258.5730155945612,-0.06456482693011815,5.4906132859141294,-5.555178112844247,-5.5551781128442475,8.881784197001252e-16,0.022888059472474964,-2.752350560622814,1.0110680829933774,2.8028275522214323,0.37618271392804425,0.4981158352013148,2.7950282963472497
49,346,1.0,252.7219957068734,-0.029694977370298137,5.502595076001474,-5.532290053371772,-5.5322900533717725,8.881784197001252e-16,-0.005038483505263258,-2.7417923374505144,0.9987382466932028,2.790497715921258,0.3744876407255331,0.4983898876683793,2.783946331367685
49,347,1.0,253.9985445482286,-0.03826494511086973,5.499063591766165,-5.537328536877035,-5.537328536877035,0.0,-0.06904588939702894,-2.7430695216059036,1.002499546043077,2.794259015271132,0.37338486089557416,0.4983954575885261,2.787703302371657
49,348,1.0,272.1557264755839,-0.10805174684284945,5.498322679431214,-5.606374426274064,-5.606374426274064,0.0,0.023368549087977364,-2.809348896825514,1.0052660602204948,2.79702552944855,0.37278903842817407,0.498498773331411,2.7908708200125485
49,349,1.0,265.8695771799171,-0.08466890635892084,5.4983369708271645,-5.583005877186086,-5.5830058771860855,8.881784197001252e-16,-0.07841244219567045,-2.7873173644884357,1.0039290434695962,2.795688512697651,0.3752253381837126,0.4983464543676388,2.788912052171623
49,350,1.0,287.5561999962239,-0.17078942591477733,5.49062889346698,-5.661418319381757,-5.661418319381757,0.0,0.10386320678470273,-2.856807540777862,1.0128513093758407,2.804610778603896,0.3770479151785789,0.4982698357605604,2.7974213958890624
49,351,1.0,259.1883746531392,-0.05934492604675329,5.498210186550301,-5.557555112597054,-5.557555112597054,0.0,0.006336195189464711,-2.7625344271750283,1.003261216193972,2.795020685422027,0.37594391671748467,0.49826702616054525,2.787925868872641
49,352,1.0,257.5512984148116,-0.04979213267901782,5.501426784728571,-5.551218917407589,-5.551218917407589,0.0,0.04223975726786122,-2.7600524485985023,0.9994069995810321,2.7911664688090876,0.37743070896138287,0.4982467489596907,2.784009327266293
49,353,1.0,246.89895408161922,-0.010685811841365564,5.498293348298362,-5.508979160139728,-5.508979160139727,8.881784197001252e-16,0.025543672016736352,-2.7164688778498416,1.000750813061832,2.792510282289886,0.3784764235340512,0.4980714634342696,2.78461257145524
49,354,1.0,240.67211491585311,0.016314939997866,5.4997504281208585,-5.483435488122992,-5.483435488122993,8.881784197001252e-16,-0.06655878631730072,-2.6931322491230687,0.9985437697718688,2.790303238999924,0.37822362725831826,0.4980273168282075,2.782234838191723
49,355,1.0,257.23608308100575,-0.04876352432275059,5.501230750117542,-5.549994274440293,-5.549994274440293,0.0,0.08428586812964411,-2.7590679915983976,0.9991668136138395,2.7909262828418946,0.3782178363617786,0.49813540738170214,2.783298436570647
49,356,1.0,236.44329371595455,0.030465347586145254,5.4961737538967945,-5.4657084063106485,-5.465708406310649,8.881784197001252e-16,-0.0642004883751639,-2.672584944294345,1.0013639927882492,2.793123462016304,0.3784020346285153,0.49790214276670514,2.7845188339333347
49,357,1.0,252.12094041966634,-0.03257491955391338,5.497333975131899,-5.529908894685812,-5.529908894685812,0.0,-0.04345669127294638,-2.7358234698461943,1.0023259556115631,2.7940854248396185,0.3775714031464149,0.49805029011765917,2.7860978777456893
49,358,1.0,263.3188317463052,-0.07638767375712575,5.496977912201633,-5.573365585958759,-5.573365585958759,0.0,0.06082964001087099,-2.777324443164309,1.0042816735663946,2.7960411427944494,0.3755784268790946,0.49818119899702634,2.788585743875609
49,359,1.0,247.77868435618876,-0.02102264317909419,5.491513302768794,-5.512535945947888,-5.512535945947889,8.881784197001252e-16,0.1394769967888143,-2.712695912742497,1.0080805639773356,2.7998400332053905,0.37388374856831524,0.4980574390070977,2.791850408180063
49,360,1.0,215.52112857279252,0.11932954836334762,5.492388497522421,-5.3730589491590734,-5.3730589491590734,0.0,-0.08992601543999612,-2.5786958570642655,1.002603622866753,2.7943630920948084,0.37331328826590604,0.4979036095829123,2.7857893483720875
49,361,1.0,235.80023025782177,0.02856359860380038,5.49154856320287,-5.46298496459907,-5.46298496459907,0.0,-0.0040302638978078065,-2.6646499087179842,1.0065755866530302,2.798335055881085,0.37195769231078757,0.49807122620316147,2.7904241029107837
49,362,1.0,236.7524850430079,0.020071405466694385,5.487086633963572,-5.467015228496877,-5.467015228496877,0.0,-0.03189291311737552,-2.6646839627244963,1.010571796544327,2.8023312657723825,0.3725129923927748,0.49798650008592626,2.794020384992415
49,363,1.0,244.4249091283059,-0.005274302308796899,5.493633839305456,-5.498908141614253,-5.498908141614253,0.0,0.0055275232489080395,-2.7022249081945744,1.0049237641916235,2.7966832334196785,0.37175686569593513,0.4982084760622481,2.7893533011187035
49,364,1.0,243.07757190987513,0.0023959925665746895,5.4957766109319195,-5.493380618365345,-5.493380618365345,0.0,0.04040572301472167,-2.698489359380414,1.003131789756876,2.7948912589849315,0.36943272755354933,0.49832233604148674,2.788059558327751
49,365,1.0,233.45162807049394,0.039191909556243444,5.492166804906867,-5.452974895350623,-5.452974895350623,0.0,0.026098100368417754,-2.6555314087560697,1.0056840173664987,2.797443486594554,0.36757626279276234,0.498308421997583,2.7905335147486987
49,366,1.0,227.43780012895797,0.06657465854876238,5.493451453530969,-5.426876794982205,-5.426876794982206,8.881784197001252e-16,-0.027059597047673023,-2.6320638632570126,1.0030534624971386,2.7948129317251933,0.36862346117779915,0.4982268307420577,2.787588799171777
49,367,1.0,233.6761989804417,0.04984186257713633,5.503778254607015,-5.4539363920298785,-5.4539363920298785,0.0,-0.021672728756277237,-2.669022348482232,0.9931545743195921,2.7849140435476465,0.3715467911612352,0.49828526951386537,2.778001383130492
49,368,1.0,238.79587817270186,0.02589208927176949,5.501501210057926,-5.475609120786156,-5.475609120786157,8.881784197001252e-16,0.0018201486816185053,-2.6882218690290878,0.9956277825290129,2.7873872517570675,0.3709941725978728,0.49834833957140434,2.7807138341196485
49,369,1.0,238.36162948834163,0.02720570975230928,5.500994681856846,-5.473788972104537,-5.473788972104537,0.0,0.009155177378542767,-2.686183588519015,0.9958459143574663,2.7876053835855212,0.37114220163741785,0.49835779747171927,2.780968132996431
49,370,1.0,236.18934548570667,0.042071831294523986,5.506705626020519,-5.464633794725994,-5.464633794725995,8.881784197001252e-16,0.03334087219686577,-2.683008461109214,0.9898658643887256,2.7816253336167804,0.37219830963809863,0.4983639316839065,2.775044130411074
49,371,1.0,228.44441549831748,0.07989707176322328,5.511189994292353,-5.431292922529129,-5.4312929225291295,8.881784197001252e-16,-0.043892524981638203,-2.6562560907843356,0.983277362516738,2.7750368317447927,0.37460928009617683,0.49830356792746056,2.7682366390931654
49,372,1.0,238.69472816963656,0.037165503237756976,5.512350950748523,-5.475185447510767,-5.475185447510766,8.881784197001252e-16,0.06722130393240189,-2.6996883033568637,0.9837376749258482,2.7754971441539027,0.37464473834874135,0.49835086299547865,2.7688817326806086
49,373,1.0,223.1767690065363,0.10388555986063137,5.5118497034389975,-5.407964143578365,-5.407964143578366,8.881784197001252e-16,-0.15574867063051823,-2.634535969696089,0.9816687046542208,2.773428173882276,0.37488636365781636,0.4982366743873306,2.766368588323116
49,374,1.0,260.78930328735413,-0.05105607581979273,5.51265673838909,-5.563712814208883,-5.563712814208883,0.0,0.06534357326668339,-2.7859443695090214,0.9860089754718064,2.7777684446998614,0.3756717605103905,0.49846341723788906,2.7715732951181327
49,375,1.0,244.29322386633513,0.012073454951081364,5.510442695893282,-5.4983692409422,-5.498369240942201,8.881784197001252e-16,0.024482463095465867,-2.720440004827017,0.986169766887128,2.7779292361151824,0.37446862360568534,0.4983684990786759,2.771367781223414
49,376,1.0,238.38494376454142,0.03748924026310734,5.511376018109841,-5.473886777846734,-5.473886777846734,0.0,-0.02618631322541809,-2.6975561177534284,0.9845711908652509,2.7763306600933055,0.37480412083330955,0.49834056244515085,2.7696664892759464
49,377,1.0,244.709817713522,0.008314433452605186,5.508387524524758,-5.500073091072152,-5.500073091072153,8.881784197001252e-16,-0.0223177879601284,-2.719709933615262,0.9886036882288348,2.78036315745689,0.3736766059251089,0.4983547017159385,2.773740239137313
49,378,1.0,250.23259842949912,-0.015039778528572426,5.507351100503708,-5.52239087903228,-5.52239087903228,0.0,-0.0015267559389346985,-2.7407444907185443,0.989886919085681,2.7816463883137357,0.3744976674194288,0.4983639459987674,2.7750452868982456
49,379,1.0,250.61493432780006,-0.020173319672474183,5.503744315298742,-5.523917634971215,-5.523917634971216,8.881784197001252e-16,-0.006066237480065517,-2.739299850401393,0.9928583153417682,2.7846177845698232,0.3759250959727992,0.4983079955379089,2.7777648324430864
49,380,1.0,252.13984459309424,-0.031978853111020306,5.498005019340261,-5.529983872451281,-5.5299838724512815,8.881784197001252e-16,-0.019046653994494456,-2.7396637809549382,0.9985606222682876,2.790320091496343,0.37432618084008806,0.4982802919321711,2.7833287477817787
49,381,1.0,256.9882917451997,-0.06679095416995165,5.482239572275823,-5.549030526445775,-5.549030526445775,0.0,0.022574104278395346,-2.7435610323487807,1.0137100248689397,2.805469494096995,0.3763906404178705,0.49804574326320755,2.7973917570467393
49,382,1.0,251.25200065998155,-0.044576793414867685,5.481879628752512,-5.52645642216738,-5.526456422167379,8.881784197001252e-16,0.0522610463111457,-2.7220091890278124,1.0126877639115124,2.8044472331395673,0.37700397564719923,0.4979637377407958,2.7960405866198172
49,383,1.0,238.4585202358745,0.010133834250419443,5.484329210106654,-5.474195375856234,-5.474195375856234,0.0,-0.03860685561659949,-2.6743929898082297,1.0080429168199494,2.799802386048004,0.378525707205968,0.49787123514167675,2.7910587171108396
49,384,1.0,247.8446730187458,-0.02462856185019814,5.488173669622635,-5.5128022314728335,-5.5128022314728335,0.0,0.09899544988595732,-2.7155366427019714,1.005506119542807,2.797265588770862,0.3772850386886715,0.4979960880196423,2.7890543799436114
49,385,1.0,224.4845267370834,0.07909809587917893,5.4929048774660565,-5.413806781586876,-5.413806781586878,1.7763568394002505e-15,0.09000075197996527,-2.6246821964756797,0.9973651158831417,2.7891245851111965,0.377185102773644,0.4979047061850945,2.7806211405539645
49,386,1.0,205.16325531715773,0.16905696189157995,5.492862991498491,-5.323806029606911,-5.323806029606911,0.0,0.03150511093182473,-2.537765819235464,0.9942807411433917,2.7860402103714463,0.37686769421501776,0.49778510879185484,2.7770798947614934
49,387,1.0,198.80032294144166,0.2064201304354658,5.498721049110552,-5.292300918675086,-5.292300918675086,0.0,0.05307627271184856,-2.5133371073772452,0.9872043420697857,2.7789638112978405,0.37560704723982485,0.49781137364023054,2.770170553785339
49,388,1.0,188.52387297726392,0.24869866849898825,5.4879233144622255,-5.239224645963238,-5.239224645963237,8.881784197001252e-16,-0.01851365745858402,-2.4525679196609826,0.9948972570741997,2.7866567263022546,0.3770739125542019,0.49753014391866324,2.776651514364035
49,389,1.0,192.04664849361808,0.23415779418086796,5.491896097602689,-5.257738303421822,-5.257738303421821,8.881784197001252e-16,0.13765929302665203,-2.473947395843597,0.9920314383501703,2.7837909075782252,0.3769918697942667,0.4976178827770818,2.774170859029525
49,390,1.0,167.34859137710495,0.36134183350464966,5.481420843899818,-5.12007901039517,-5.120079010395169,8.881784197001252e-16,-0.014783873713104967,-2.3316686229786927,0.996650918188422,2.7884103874164765,0.3780125754611301,0.4972396506080443,2.7771640265217186
49,391,1.0,169.84103037370787,0.3498260481838375,5.484688932292112,-5.134862884108275,-5.134862884108275,0.0,0.05427335364780994,-2.349416187338877,0.9936872275413426,2.785446696769398,0.3778130326752452,0.4972736609875133,2.774383759591298
49,392,1.0,160.86886507552373,0.3959922370239366,5.476581767484401,-5.080589530460465,-5.080589530460465,0.0,-0.013278125529936347,-2.289886368536053,0.9989436926963572,2.7907031619244123,0.3787079521844491,0.49703809458592524,2.778588786322563
49,393,1.0,163.0191463193283,0.3884404663434877,5.4823081223338885,-5.093867655990401,-5.093867655990401,0.0,0.003077287249741545,-2.307818647062404,0.9942895396999424,2.7860490089279977,0.37793380293634327,0.49718495352159825,2.7745932793254133
49,394,1.0,162.51826065869417,0.39374194999612,5.484532318736779,-5.0907903687406595,-5.090790368740659,8.881784197001252e-16,0.0695666538444959,-2.307134411885086,0.9918964876275185,2.7836559568555734,0.3776456611463196,0.49719680756635176,2.772280654726643
49,395,1.0,151.59670147576972,0.45176090366535054,5.472984618561513,-5.021223714896164,-5.021223714896163,8.881784197001252e-16,-0.0369581710023521,-2.229664164676384,0.9998000809917237,2.791559550219778,0.3789123436068015,0.4968800303175316,2.778750491771102
49,396,1.0,157.30425908639177,0.416802262135367,5.474984148033883,-5.058181885898516,-5.058181885898516,0.0,-0.017139084632214363,-2.26727964843282,0.9991427682376415,2.7909022374656964,0.37867144001504965,0.49695951374486125,2.7784564675413956
49,397,1.0,160.02354657996398,0.4004151843652727,5.475736154896004,-5.07532097053073,-5.075320970530731,8.881784197001252e-16,-0.05909676777749606,-2.2848030822580654,0.9987584190446096,2.7905178882726642,0.37875372188197654,0.496979909138165,2.77816281911781
49,398,1.0,169.76544317727092,0.3456239944566514,5.480041732764878,-5.134417738308226,-5.134417738308227,8.881784197001252e-16,0.019092023652115486,-2.345580709561703,0.9970775595184685,2.788837028746524,0.37830735941571103,0.49712213892290896,2.777115345755126
49,399,1.0,166.5550215609348,0.3637080615100571,5.479033776166168,-5.115325714656111,-5.115325714656111,0.0,-0.020342225473523712,-2.3259597091397173,0.9976065362883384,2.7893660055163934,0.3776353599850809,0.49711598161535614,2.7776102872640642
49,400,1.0,169.9778169709333,0.3430024671109702,5.478670407240604,-5.135667940129634,-5.1356679401296335,8.881784197001252e-16,-0.02616202650784505,-2.3451971729956287,0.9987112979059501,2.790470767134005,0.3773662571255925,0.497145861914003,2.7788308121508805
49,401,1.0,174.48346254530813,0.32645533117290965,5.488285297810389,-5.161829966637479,-5.161829966637479,0.0,-0.01538345625397497,-2.3800834705596965,0.9899870268497283,2.7817464960777833,0.3768931703555602,0.497295953415496,2.770827189251199
49,402,1.0,177.1883733539149,0.3138220111574036,5.491035434048857,-5.177213422891454,-5.1772134228914535,8.881784197001252e-16,0.07353039270723905,-2.39753649753597,0.9879174561274296,2.7796769253554845,0.3771490341777572,0.49736008878579446,2.7690260107665607
49,403,1.0,164.6271187572661,0.3771036894133895,5.480786719597605,-5.103683030184215,-5.103683030184215,0.0,0.05300509625796668,-2.317443523182963,0.9944800377731973,2.7862395070012522,0.37817080942701536,0.49707958166396676,2.7743464524431225
49,404,1.0,156.12827326995682,0.4198507712552292,5.4705287051814775,-5.050677933926249,-5.050677933926249,0.0,-0.16431485412500013,-2.257001350688909,1.0019171140092837,2.793676583237339,0.378641690552933,0.49684058270782855,2.780682396876777
49,405,1.0,184.0104939006095,0.2766303556420564,5.491623143693305,-5.214992788051249,-5.214992788051249,0.0,-0.036663641010951764,-2.4347355892880844,0.9884977295351094,2.780257198763165,0.3771989569095175,0.49741798427857686,2.769844044128187
49,406,1.0,190.8821895421778,0.2429569899807029,5.494613419042903,-5.2516564290622005,-5.2516564290622,8.881784197001252e-16,-0.060058200431811315,-2.4732054693639682,0.9866914904701775,2.7784509596982327,0.376934571669788,0.49750355162407106,2.7684100413004393
49,407,1.0,202.6974816781526,0.1858719185717575,5.497586548065769,-5.311714629494012,-5.311714629494011,8.881784197001252e-16,0.05689492294110288,-2.534113091142507,0.9858420691234485,2.777601538351503,0.37626143855943245,0.49760725706783576,2.767992202501627
49,408,1.0,191.4869588980859,0.23516217391628816,5.489981880469197,-5.254819706552909,-5.254819706552909,0.0,0.0577797945736247,-2.4722236278638454,0.9908366094610086,2.7825960786890636,0.3766675523707953,0.4974275373999073,2.7722198342302646
49,409,1.0,180.73645346513553,0.28623028963126673,5.483270201610551,-5.197039911979284,-5.197039911979283,8.881784197001252e-16,0.057122883707954486,-2.4111048487050657,0.9941755940461633,2.785935063274218,0.37808259215358,0.4971427882907879,2.774351532914293
49,410,1.0,170.70160432652773,0.3358403278609666,5.475757356132297,-5.13991702827133,-5.13991702827133,0.0,-0.044362674036688254,-2.349309389279591,0.9988481697636846,2.790607638991739,0.378508719047629,0.49692846080846503,2.7780717659856453
49,411,1.0,178.44487005949352,0.2890865633709778,5.473366265678996,-5.184279702308018,-5.184279702308018,0.0,-0.07770076701928996,-2.38968748436911,1.0028327487108528,2.794592217938908,0.378474479078743,0.49694077031890727,2.7820587656705125
49,412,1.0,192.86307271726173,0.21601434684164472,5.477994816168954,-5.261980469327308,-5.261980469327309,8.881784197001252e-16,0.04285251673297896,-2.469325476309414,1.000895523789839,2.792654993017894,0.3786710870128164,0.4970746206260517,2.780707681022555
49,413,1.0,184.7729829929512,0.256952948113997,5.476080900708325,-5.219127952594329,-5.219127952594328,8.881784197001252e-16,-0.039714652162556874,-2.4266023740521914,1.0007661093140825,2.7925255785421377,0.3786547066971689,0.4969390227523629,2.7799991265057464
49,414,1.0,192.25884300572173,0.21882836351396717,5.477670968270853,-5.258842604756886,-5.258842604756886,0.0,0.001327098573408847,-2.466387130795891,1.00069600473294,2.7924554739609952,0.37807969191325147,0.49703019301020707,2.7803077229494337
49,415,1.0,192.0038657968107,0.23130653643030047,5.488822042613778,-5.257515506183477,-5.257515506183478,8.881784197001252e-16,-0.10729376278687397,-2.4763881731361383,0.9893678638192839,2.7811273330473387,0.3768456341111214,0.49727031116949466,2.7701281126764385
49,416,1.0,213.75046194705584,0.12630976262625426,5.491119031596606,-5.364809268970351,-5.364809268970351,0.0,-0.07873552613528645,-2.5810784499154114,0.9919713498268847,2.7837308190549397,0.3748546558080831,0.4975185779554329,2.773712899350034
49,417,1.0,231.26050331592674,0.05236953856020281,5.495914333665841,-5.4435447951056375,-5.4435447951056375,0.0,0.11388175019652902,-2.662383188668541,0.9894021372090412,2.7811616064370965,0.37636467978710336,0.4976525959698044,2.7716785798521535
49,418,1.0,206.36842554799975,0.16733889715864358,5.497001942067752,-5.3296630449091085,-5.3296630449091085,0.0,-0.03701239888247443,-2.553360150247169,0.9845434254338835,2.7763028946619386,0.37547326857175517,0.49752354985495834,2.7663692366501116
49,419,1.0,214.14973011339302,0.13565965360647095,5.5023350973980545,-5.366675443791583,-5.366675443791584,8.881784197001252e-16,0.026029379116318196,-2.5940693411764486,0.980846633387079,2.772606102615134,0.3760455327633942,0.4976239695264211,2.7630892186859293
49,420,1.0,208.64746651148803,0.16342873356657886,5.504074798241843,-5.340646064675265,-5.340646064675265,0.0,-0.045468964768679676,-2.5703717981523835,0.9785147972948263,2.7702742665228812,0.3758868319635936,0.4975836722144466,2.7606134849398276
49,421,1.0,218.3534389331076,0.11447273753211769,5.5005877669760626,-5.386115029443944,-5.386115029443945,8.881784197001252e-16,-0.04127968657416936,-2.611362105879755,0.9829934543361348,2.77475292356419,0.3756416296346623,0.4976397067800608,2.7652774121093526
49,422,1.0,227.5556254594803,0.07486002703241049,5.502254743050525,-5.427394716018114,-5.427394716018115,8.881784197001252e-16,0.0903935136309233,-2.6517468149361227,0.9838884318539364,2.775647901081991,0.37489793765022467,0.4977602335083147,2.7666654531264308
49,423,1.0,207.8883594899717,0.165572505654894,5.502573708042085,-5.3370012023871904,-5.337001202387191,8.881784197001252e-16,0.024483149801793225,-2.56532157332505,0.9799201598340851,2.77167962906214,0.37583704957982755,0.49755027327035056,2.7618782965265187
49,424,1.0,202.86039895248524,0.18905215232259137,5.501570204907989,-5.312518052585397,-5.312518052585398,8.881784197001252e-16,0.0022185551823490357,-2.541627192700966,0.9791313906563776,2.770890859884432,0.37592669768758347,0.49748801403136894,2.7608426222187608
49,425,1.0,202.41084083223774,0.1907693333071728,5.501068830710221,-5.310299497403048,-5.310299497403048,0.0,-0.06757316471212249,-2.539414802687934,0.9791252254870587,2.770884694715114,0.37593374074535785,0.49746670172164875,2.7607514682408674
49,426,1.0,216.56108644290924,0.12493638382838823,5.502809045943559,-5.377872662115171,-5.377872662115171,0.0,0.016225158496141034,-2.6048267929837743,0.9812863999033414,2.7730458691313964,0.375966373664784,0.4976241804742614,2.763537571611581
49,427,1.0,213.0757004235644,0.13918786710824294,5.500835370727273,-5.36164750361903,-5.3616475036190305,8.881784197001252e-16,0.023555828776145482,-2.586612751294907,0.9832752830960677,2.7750347523241228,0.3753928405789546,0.497547560073516,2.7652125964846035
49,428,1.0,208.1151796679565,0.16319787908737282,5.501289553930256,-5.338091674842884,-5.338091674842883,8.881784197001252e-16,0.0018643950326184822,-2.5647755181539442,0.9815566874608849,2.7733161566889404,0.3760835099469345,0.49747732365779546,2.7632088009118134
49,429,1.0,207.72753223703089,0.16325074687384383,5.499478026684109,-5.336227279810266,-5.336227279810265,8.881784197001252e-16,0.04015275847193678,-2.561670660359805,0.9827971502224058,2.774556619450461,0.376491203241751,0.4974578877771248,2.7643557561114593
49,430,1.0,199.55193361765586,0.2004739344260062,5.496548455764335,-5.296074521338329,-5.296074521338329,0.0,-0.021833968779437996,-2.5202681483886047,0.9840469037216701,2.775806372949725,0.3767162944792689,0.4973186756004096,2.765016267225846
49,431,1.0,203.956857802333,0.1780635124244713,5.495972002542239,-5.317908490117767,-5.317908490117768,8.881784197001252e-16,0.03433286033105176,-2.540455911002794,0.9856931098869174,2.7774525791149727,0.37683028897330484,0.49733986979003025,2.7667436328971857
49,432,1.0,197.0732781318615,0.2089175506380767,5.49249318042479,-5.283575629786715,-5.283575629786713,1.7763568394002505e-15,0.026079439665130266,-2.5034244958292433,0.9883916647294161,2.780151133957471,0.3772419050589152,0.4971708675488867,2.768698213644976
49,433,1.0,192.00015707407448,0.2347263989563945,5.492222589077979,-5.257496190121585,-5.257496190121585,0.0,-0.016806388351827017,-2.479081429887821,0.9866552910057088,2.7784147602337637,0.3771405167303653,0.4971151499208384,2.7667410816381786
49,434,1.0,195.2542544957456,0.21892355158482205,5.493226130058233,-5.274302578473412,-5.27430257847341,1.7763568394002505e-15,0.02416318913190363,-2.496588726188187,0.9859543830571701,2.7777138522852254,0.3770479756873849,0.4971590896904394,2.7662355078211527
49,435,1.0,190.59283321668323,0.2425335282064267,5.492672917547935,-5.250139389341508,-5.250139389341508,0.0,0.06566225108927348,-2.4735528071541895,0.9848271129592637,2.776586582187319,0.3768699309002521,0.4971449104286278,2.765057695195095
49,436,1.0,178.4801049691087,0.3059670191034398,5.490444157355674,-5.184477138252235,-5.184477138252235,0.0,-0.055886079323487436,-2.40983674363413,0.9828809253900498,2.7746403946181046,0.37678147910174076,0.4969611067025321,2.7623841348186757
49,437,1.0,188.73864314972084,0.25405506802166045,5.494418285597383,-5.240363217575722,-5.240363217575722,0.0,-0.0034710133788680153,-2.4675959441563684,0.981007804191299,2.7727672734193543,0.37645371691179447,0.49710608754812285,2.761143859268915
49,438,1.0,189.39489577715403,0.24895000928900557,5.492784240243596,-5.24383423095459,-5.24383423095459,0.0,0.097972491079382,-2.4687901159132233,0.9832846458133128,2.775044115041368,0.376754624498701,0.49706094077373586,2.7632021028447853
49,439,1.0,171.71939838327046,0.33963789662811905,5.485499636503326,-5.145861739875208,-5.145861739875207,8.881784197001252e-16,0.02101220675636739,-2.368443306097142,0.9856589645500105,2.7774184337780654,0.377223441304556,0.4967768731021384,2.7643516838469258
49,440,1.0,168.14883891691895,0.3577570186193153,5.482606551738155,-5.124849533118841,-5.12484953311884,8.881784197001252e-16,0.0010735121440514916,-2.3461268826459323,0.9869631812448535,2.778722650472909,0.37742756466735883,0.4966811585704713,2.7652422309236364
49,441,1.0,167.9684259514143,0.359319645877588,5.4830956668523765,-5.123776020974789,-5.1237760209747885,8.881784197001252e-16,-0.01588949243510651,-2.3460072727348606,0.9860092790118739,2.7777687482399287,0.37729752732695654,0.4967241941971248,2.764510337906723
49,442,1.0,170.65867573498463,0.3426309576648172,5.482296471074714,-5.139665513409896,-5.139665513409897,8.881784197001252e-16,0.0026458429869364863,-2.361677402704354,0.9862286414774865,2.7779881107055417,0.377144574887597,0.4967590793459511,2.7649148353965245
49,443,1.0,170.20773649491045,0.34446274712959996,5.481482417552559,-5.137019670422959,-5.137019670422959,0.0,-0.038536124317436915,-2.359003438539022,0.9862567626558825,2.7780162318839374,0.37674476594137424,0.4967211233733489,2.764802122935221
49,444,1.0,176.89490421675285,0.3056395391142208,5.481195333854617,-5.175555794740396,-5.175555794740396,0.0,0.019147333399593514,-2.3962871559850223,0.98750916952732,2.7792686387553744,0.37744847778523816,0.4967805987661759,2.766287131169014
49,445,1.0,173.5400591728913,0.32180375617479406,5.478212217515596,-5.156408461340803,-5.156408461340802,8.881784197001252e-16,-0.030073783784351882,-2.375515813878657,0.9891331782340907,2.780892647462146,0.3776509392710733,0.4966830114302269,2.7675013441028233
49,446,1.0,178.83833567967088,0.2990574552919848,5.485539700417139,-5.186482245125155,-5.186482245125154,8.881784197001252e-16,0.017827278847179606,-2.4119652532794356,0.9827575226176646,2.774516991845719,0.37684910444618974,0.4967805448109847,2.7616028287380634
49,447,1.0,175.6783851492741,0.3114891463647599,5.480144112642734,-5.168654966277975,-5.168654966277974,8.881784197001252e-16,-0.016297751253433468,-2.390001643311424,0.9868938537384961,2.778653322966551,0.3773365114872509,0.4966902468165835,2.7653195529462895
49,448,1.0,178.56500659590387,0.296843539596331,5.4817962571277405,-5.1849527175314085,-5.184952717531409,8.881784197001252e-16,0.03439582414586706,-2.407388767559742,0.9858044807436125,2.777563949971667,0.37703447846568566,0.49673588224283444,2.7644244411132455
49,449,1.0,172.52754301634496,0.32551420762343575,5.476071101008977,-5.1505568933855415,-5.1505568933855415,0.0,-0.02103106670953636,-2.367992336376698,0.9908050877807894,2.7825645570088446,0.37658885934414266,0.4966111553248091,2.7688089862217318
49,450,1.0,176.1944051385148,0.305085658561865,5.4766736186569425,-5.171587960095078,-5.171587960095078,0.0,-0.018013560721496624,-2.3889382323822925,0.9908902584847304,2.7826497277127853,0.3769782874127048,0.4966665585947003,2.7691353169412007
49,451,1.0,179.39705269603348,0.2882798253037558,5.47788134612033,-5.189601520816574,-5.1896015208165736,8.881784197001252e-16,-0.00713731689007524,-2.406910587784369,0.9909314638041504,2.782690933032205,0.37561425883787003,0.4967361336433858,2.769457650713574
49,452,1.0,180.6820465595407,0.27834212624861043,5.47508096395526,-5.19673883770665,-5.19673883770665,0.0,0.017963526091427262,-2.410483495713977,0.9944958727646188,2.7862553419926734,0.3760676537143051,0.4967245945216876,2.7729102225031745
49,453,1.0,177.46533811400258,0.2948085849250516,5.4735838965402746,-5.178775311615222,-5.178775311615223,8.881784197001252e-16,-0.0809822315866171,-2.3912057364649932,0.9958101059221751,2.7875695751502305,0.37679676466118245,0.4966465447920903,2.773863296620391
49,454,1.0,192.43482850824444,0.21636093131057843,5.476118474512417,-5.2597575432018395,-5.259757543201839,8.881784197001252e-16,0.007322732934803788,-2.4710696248564865,0.9969284491172982,2.788687918345353,0.3757679513316893,0.49687113155536294,2.7759187876807814
49,455,1.0,191.03082649145446,0.22720170784049573,5.479636518107531,-5.252434810267036,-5.252434810267036,0.0,0.0007403846484059784,-2.467962681375426,0.9927126596635555,2.78447212889161,0.3752507737735011,0.496886224647435,2.771839707223231
49,456,1.0,190.88944254585783,0.22728105945609872,5.478975485074729,-5.25169442561863,-5.251694425618631,8.881784197001252e-16,-0.01936544901546533,-2.466944720540054,0.9929902358505215,2.7847497050785766,0.3740059771491757,0.4968690705401808,2.7720550831930395
49,457,1.0,194.6221282280942,0.20840389581624702,5.479463770450343,-5.271059874634095,-5.271059874634096,8.881784197001252e-16,-0.032568453208447146,-2.486395488482101,0.9929049169239393,2.7846643861519937,0.3746850353369273,0.496882174308271,2.7720247898865047
49,458,1.0,201.065017889946,0.18213473923687115,5.4857630670794135,-5.303628327842542,-5.303628327842542,0.0,-0.010044754920700782,-2.5242874507865594,0.9875814078279278,2.779340877055983,0.3739698214779198,0.4970013574366168,2.7672721098499893
49,459,1.0,203.0948442047715,0.16159985495262652,5.47527293771587,-5.313673082763243,-5.313673082763243,0.0,-0.01582140163296053,-2.524906453863156,0.9970071596720316,2.788766628900087,0.3738398223736417,0.4968959698687385,2.776137987163007
49,460,1.0,206.33364291191384,0.1464634910051435,5.4759579754013465,-5.3294944843962035,-5.329494484396203,8.881784197001252e-16,-0.05850495544318246,-2.5417190639617995,0.9960159512063494,2.787775420434404,0.37579050962781657,0.4968772027236896,2.7750701517662626
49,461,1.0,218.76529435375676,0.09115707876005942,5.479156518599444,-5.387999439839386,-5.387999439839384,1.7763568394002505e-15,0.01170408449416005,-2.601373480080659,0.9948664905306724,2.786625959758728,0.37704001830246686,0.4969882689464189,2.774383701887471
49,462,1.0,216.21977242437526,0.09318267223128114,5.469478027576508,-5.376295355345226,-5.376295355345227,8.881784197001252e-16,0.03376949372288163,-2.581736678106807,1.0027992080103652,2.7945586772384203,0.3790294039728261,0.49677542383617995,2.781329439978128
49,463,1.0,209.04005025530972,0.13414378017383655,5.476669641796181,-5.342525861622344,-5.342525861622344,0.0,0.05154439418909451,-2.556572940957756,0.9941934514365333,2.7859529206645886,0.377718907573741,0.49682271703933106,2.7730497687982862
49,464,1.0,198.5381885832416,0.18828186381013953,5.479263331243389,-5.29098146743325,-5.290981467433249,8.881784197001252e-16,-0.023962369527025906,-2.5103455195374287,0.9888764786677662,2.7806359478958207,0.3775118360075576,0.4967293250314923,2.767448072359675
49,465,1.0,203.3530918803474,0.16317181812737006,5.478115655087646,-5.314943836960276,-5.314943836960276,0.0,-0.0615959728766704,-2.5321185590007715,0.9910658087314493,2.7828252779595046,0.377096847387491,0.49676200654026137,2.7697541903101297
49,466,1.0,216.27263477990002,0.10133781859058962,5.477877628427535,-5.376539809836946,-5.376539809836945,8.881784197001252e-16,0.03655352528209832,-2.5916215814767183,0.9931587591321728,2.784918228360228,0.3775970303596341,0.496856411560151,2.772187719590967
49,467,1.0,208.50985046406674,0.1323640748986868,5.472350359453536,-5.339986284554848,-5.339986284554849,8.881784197001252e-16,-0.05989777705481991,-2.5508435238876612,0.9973832914391316,2.7891427606671866,0.37667735686820164,0.4967199897032503,2.7758315699010567
49,468,1.0,221.3807481886661,0.07400673629740098,5.473890797907069,-5.399884061609668,-5.399884061609669,8.881784197001252e-16,0.06458688928855327,-2.610760066497409,0.9973645258842042,2.789123995112259,0.37838364664006396,0.49678002467583693,2.7760174113541694
49,469,1.0,207.5344131282812,0.13712867437494228,5.472425846696057,-5.3352971723211144,-5.3352971723211144,0.0,0.0471503627842802,-2.54793351513054,0.9956041879625194,2.7873636571905744,0.3785416414158122,0.4966127186952684,2.7736029098032744
49,470,1.0,197.97619764157744,0.173526282177276,5.461673091714111,-5.288146809536834,-5.288146809536835,8.881784197001252e-16,-0.011624254671482426,-2.491557062814095,1.0048302774946845,2.7965897467227396,0.37977164499872285,0.4963639229221599,2.7816660592230793
49,471,1.0,200.29095095818224,0.16517634097717118,5.464947405185488,-5.299771064208317,-5.299771064208317,0.0,-0.018067174397710772,-2.507015460831297,1.0009961341489648,2.792755603377019,0.37823439456822633,0.496413612766981,2.778144765979389
49,472,1.0,203.94253002802242,0.13403786306413307,5.451876101670161,-5.3178382386060274,-5.3178382386060274,0.0,0.05207944559210631,-2.5114524699920353,1.0146262993859372,2.806385768613992,0.3780449719076022,0.496255233108855,2.7909264962049156
49,473,1.0,193.59315019917153,0.1928357282852535,5.458594521299174,-5.265758793013921,-5.265758793013921,0.0,-0.008821664948887253,-2.4675093794398855,1.00648994434598,2.7982494135740352,0.3769706430176738,0.4962925985866328,2.7830771424000154
49,474,1.0,195.3085191874606,0.17704016210644302,5.45162062006925,-5.274580457962808,-5.2745804579628075,8.881784197001252e-16,0.01661724326300007,-2.4701686215511285,1.012652367183625,2.8044118364116795,0.3790058503013578,0.4961207656389482,2.7884160322826266
49,475,1.0,192.08984680847578,0.20288669897528291,5.46084991367509,-5.257963214699808,-5.2579632146998065,1.7763568394002505e-15,-0.002428370627951537,-2.4639874241111492,1.0022163213606035,2.7939757905886586,0.3777147868746392,0.4962047028649623,2.7784995397451664
49,476,1.0,192.55687898449577,0.19842222645291044,5.45881381178067,-5.26039158532776,-5.26039158532776,0.0,0.025574579357074967,-2.463886329503303,1.004745786596402,2.796505255824457,0.37692596066771034,0.49621368862581133,2.781035568805034
49,477,1.0,187.69475618164245,0.21208566793078115,5.446902673901466,-5.234817005970685,-5.234817005970685,0.0,-0.04732137244189438,-2.427149353244014,1.015908183498616,2.807667652726671,0.3756292420329179,0.49602280303562907,2.79121743675007
49,478,1.0,196.79023774087943,0.1735900364532622,5.455728414865842,-5.282138378412579,-5.282138378412579,0.0,-0.07124349563627241,-2.4827666547333975,1.007612254451127,2.7993717236791817,0.37682870680844394,0.496155566285901,2.783610950035429
49,479,1.0,211.32175433367036,0.09846160733352802,5.4518434813823795,-5.353381874048852,-5.353381874048852,0.0,-0.04293069657397375,-2.547970028056167,1.0136523767646295,2.8054118459926847,0.37823337573460186,0.4961784273150198,2.78962475074881
49,480,1.0,220.59149907883278,0.06703935346125221,5.463351924084077,-5.396312570622825,-5.3963125706228245,8.881784197001252e-16,-0.018797205347711454,-2.601249376348243,1.0033037250465273,2.7950631942745825,0.3783178563258494,0.4964349667723427,2.7804851066011715
49,481,1.0,224.77721946171772,0.05026147791940755,5.465371253889945,-5.415109775970537,-5.415109775970537,0.0,0.0169355167554599,-2.620345020866912,1.00300528587557,2.7947647551036248,0.37535025515990267,0.4965733480861399,2.7807833358770693
49,482,1.0,221.00255426586926,0.06248073894956731,5.460654998164644,-5.398174259215077,-5.398174259215077,0.0,-0.032388343812108644,-2.599290638138554,1.0071241518484682,2.7988836210765236,0.37516631233186043,0.49649377731147776,2.7845373732160397
49,483,1.0,228.27763899404857,0.03782313062823722,5.468385733655423,-5.430562603027186,-5.430562603027186,0.0,0.014093416981714846,-2.6385457659494165,1.0002573678497144,2.792016837077769,0.37571996144889935,0.4966287833206177,2.7782828692280668
49,484,1.0,225.08299166628845,0.04519448928279621,5.461663675328267,-5.416469186045471,-5.416469186045471,0.0,0.14251400451365281,-2.6183378559798425,1.0063718608375731,2.798131330065628,0.3743205247726133,0.49654180774984286,2.783990695783611
49,485,1.0,195.18643554563062,0.18396401051961406,5.457919192051432,-5.273955181531818,-5.273955181531818,0.0,0.032811952286713186,-2.4768061228503164,1.0053895894534464,2.797149058681501,0.373529703551865,0.49622675163741276,2.781753247965934
49,486,1.0,188.88591892478559,0.22359187988595702,5.464735109131061,-5.241143229245105,-5.241143229245104,8.881784197001252e-16,0.06422402758195034,-2.4533540599411316,0.9960297000759185,2.787789169303973,0.3762060449057283,0.4961407087669582,2.7721624813273507
49,487,1.0,177.13624844157025,0.2876972804023925,5.464616482065548,-5.1769192016631544,-5.176919201663155,8.881784197001252e-16,0.07569610423106443,-2.392115999185631,0.993043733249468,2.7848032024775233,0.37736807202527517,0.4959621340593346,2.7684820807551667
49,488,1.0,164.2226448092681,0.3552798997683463,5.456502997200436,-5.10122309743209,-5.10122309743209,0.0,0.031848407511877674,-2.311548101806616,0.9979155263974185,2.789674995625474,0.3781030589860919,0.495721959216504,2.772262774848856
49,489,1.0,159.07482514507186,0.3796809859347284,5.449055675854941,-5.069374689920212,-5.069374689920213,8.881784197001252e-16,0.0816774483791427,-2.2739936669616636,1.003621553730494,2.795381022958549,0.3789261011515057,0.49553390518145307,2.777076349252457
49,490,1.0,146.598453684332,0.4594307414958456,5.447127983036916,-4.98769724154107,-4.9876972415410705,8.881784197001252e-16,-0.07289634345087492,-2.1943665695994237,1.001571202713591,2.793330671941646,0.37950181686827156,0.4952985810706633,2.774037170509662
49,491,1.0,157.68408745719228,0.39114645304373163,5.451740038035677,-5.060593584991945,-5.0605935849919454,8.881784197001252e-16,0.037275578386216424,-2.269385195293712,0.9994489204701776,2.7912083896982325,0.3785068727921509,0.4954691553327844,2.772723970894846
49,492,1.0,151.91452187902075,0.42468282136593277,5.448000827971661,-5.023318006605728,-5.023318006605729,8.881784197001252e-16,-0.007595370359162246,-2.230367349701448,1.0011911876762236,2.7929506569042792,0.37944951016665673,0.4953073433149197,2.7737404378283834
49,493,1.0,153.07276199876372,0.4228052354943309,5.453718612459221,-5.03091337696489,-5.03091337696489,0.0,-0.03833046496406656,-2.2436946444222623,0.9954592633145731,2.787218732542628,0.3789072342885243,0.495408669072424,2.768532395939593
49,494,1.0,159.0540118854586,0.3863798250870084,5.455623667015964,-5.069243841928957,-5.069243841928956,8.881784197001252e-16,-0.04302656932531601,-2.2827676044668754,0.9947167682340256,2.7864762374620806,0.3790071012243274,0.4954713308957584,2.7680878469384083
49,495,1.0,166.0469220313311,0.35430354573939304,5.466573956993666,-5.112270411254273,-5.112270411254273,0.0,-0.056749557360806335,-2.3345065265606286,0.9860044154655903,2.777763884693645,0.37781395263276296,0.49573585652410274,2.7605880423526057
49,496,1.0,175.74251987438262,0.3001171292152912,5.469137097830371,-5.169019968615079,-5.16901996861508,8.881784197001252e-16,-0.013724187132874377,-2.391427792261145,0.9858327071258794,2.7775921763539344,0.37765058471093804,0.4959015853551378,2.761096529546004
49,497,1.0,178.17106992334072,0.28981296415767566,5.472557119905629,-5.182744155747954,-5.182744155747953,8.881784197001252e-16,-0.03645945606423151,-2.40792159655941,0.9830630899604887,2.7748225591885434,0.37683369050339266,0.49595248676740195,2.7585627491963844
49,498,1.0,184.78696330118836,0.25625266980697853,5.475456281619164,-5.219203611812185,-5.219203611812185,0.0,-0.03992078943108268,-2.4462640588110673,0.9811800837730636,2.7729395530011183,0.37657616137810834,0.4960267363976086,2.7570151985125446
49,499,1.0,192.31302850644,0.2146536944398065,5.473778095683075,-5.259124401243268,-5.259124401243269,8.881784197001252e-16,0.03832510833255309,-2.4845117894757136,0.9828531425394992,2.774612611767554,0.37723490923472314,0.4960409921641274,2.758734828430324
49,500,1.0,185.0820597430754,0.24979342261671408,5.470592715527429,-5.220799292910715,-5.220799292910715,0.0,,-2.4443583432189953,0.9846814804636635,2.776440949691718,0.3770852307278417,0.49592155628901363,2.7600501684098973
