seed,epoch,temperature,Z,E,S,F,F_check,err,delta_F,F_data,KL,NLL,data_mass,recon_sq,recon_ce
13,1,1.0,282.01658084303824,-0.10362240316841338,5.538343463356945,-5.641965866525358,-5.641965866525358,0.0,-0.048137019706451234,-2.8631652059240302,0.9870411913732718,2.778800660601327,0.37393104505016733,0.49987740055161217,2.778304309236963
13,2,1.0,295.924065586284,-0.1515431486654073,5.538559737566402,-5.690102886231809,-5.690102886231809,0.0,0.1546885735070722,-2.911558556986496,0.9867848600172581,2.7785443292453134,0.3748241963890295,0.4998762582946239,2.7780454401238006
13,3,1.0,253.5127994604197,0.005754233366902864,5.54116854609164,-5.535414312724737,-5.535414312724737,0.0,-0.022406766629393005,-2.7599514775249223,0.9837033659717598,2.7754628351998147,0.374475841154291,0.49984989388107587,2.774859526351787
13,4,1.0,259.25731931270474,-0.01533222984057009,5.5424888495135605,-5.55782107935413,-5.557821079354131,8.881784197001252e-16,0.04267606494410181,-2.7834503619583812,0.9826112481676942,2.7743707173957493,0.37465725973798525,0.4998760692689617,2.773873712646648
13,5,1.0,248.4259999853271,0.021978908889145648,5.537123923299173,-5.515145014410028,-5.515145014410027,8.881784197001252e-16,-0.06591890736458428,-2.7362654038276193,0.9871201413543546,2.77887961058241,0.37572230757786484,0.4997155260938834,2.777729377879132
13,6,1.0,265.3537713138628,-0.03966978022856696,5.5413941415460455,-5.5810639217746125,-5.5810639217746125,0.0,0.11921191364309003,-2.8056374611985437,0.9836669913480133,2.775426460576069,0.375318186390615,0.49983351389338443,2.774758373593236
13,7,1.0,235.53323014021714,0.07632484590597358,5.538176854037497,-5.4618520081315225,-5.461852008131523,8.881784197001252e-16,0.004069365655957391,-2.684557896359541,0.9855346425439263,2.7772941117719814,0.37552521800440325,0.4997211625158908,2.7761685359962764
13,8,1.0,234.57670684415356,0.08107175628555975,5.538854398761124,-5.457782642475565,-5.457782642475564,8.881784197001252e-16,0.13257344060990928,-2.6810864746698293,0.9849366985776807,2.7766961678057362,0.3750289415410152,0.49976594654667555,2.7757520386664294
13,9,1.0,205.45133677221878,0.2038108665839139,5.52902006844957,-5.325209201865656,-5.325209201865656,0.0,-0.05957083783678652,-2.541422597151205,0.9920271354863948,2.7837866047144497,0.3760501688371089,0.499532169264062,2.781866540342538
13,10,1.0,218.06213382004262,0.15183601041702224,5.536616050119465,-5.384780039702442,-5.384780039702442,0.0,-0.04174560674589767,-2.6071722419839016,0.9858483284904859,2.777607797718541,0.3754368860660938,0.49969172773260456,2.7763623108030586
13,11,1.0,227.35794969939832,0.11358363638132332,5.540109282829664,-5.42652564644834,-5.426525646448341,8.881784197001252e-16,-0.023970753713624227,-2.651619885540361,0.9831462916799237,2.774905760907979,0.37530275469064345,0.49975822262863456,2.773934403660346
13,12,1.0,232.87373578099593,0.08924726724678192,5.539743667408747,-5.450496400161964,-5.450496400161964,0.0,-0.07077639695623539,-2.674952274060768,0.9837846568731416,2.7755441261011966,0.3753867109998292,0.4997470169415956,2.7745264588066223
13,13,1.0,249.95297423738762,0.01916675433897943,5.54043955145718,-5.5212727971182,-5.5212727971182005,8.881784197001252e-16,-0.098738196743966,-2.745533144726035,0.9839801831641092,2.7757396523921636,0.3751595513456957,0.49979262957750437,2.774906269774084
13,14,1.0,275.8924163413073,-0.08116405506793903,5.538846938794226,-5.620010993862166,-5.620010993862165,8.881784197001252e-16,0.0057213568417537886,-2.841977631598338,0.9862738930357718,2.7780333622638267,0.3748662952119221,0.4998265545245977,2.7773342558896688
13,15,1.0,274.3184442988629,-0.07247501487594396,5.541814622144467,-5.614289637020412,-5.614289637020411,8.881784197001252e-16,0.09108182390628095,-2.839100882854288,0.9834292849380678,2.775188754166123,0.3750593348470693,0.49986990052443203,2.7746665712564025
13,16,1.0,250.4371054905667,0.012504452824639797,5.535712265938771,-5.523207813114131,-5.523207813114131,0.0,0.017364743307018315,-2.742702636259565,0.9887457076265121,2.7805051768545668,0.37314870608621253,0.49980610255502356,2.7797154164369133
13,17,1.0,246.1258695237064,0.025202762895504972,5.531045832702618,-5.505843069807113,-5.505843069807113,0.0,0.05663813189190403,-2.7208035464775633,0.9932800541014944,2.7850395233295497,0.37140598711796896,0.4997907210410684,2.784170647089511
13,18,1.0,232.57318226150926,0.0708041995822388,5.520009137497447,-5.4492049379152085,-5.4492049379152085,0.0,-0.07304907728366761,-2.654037486105305,1.0034079825818487,2.795167451809904,0.36983546847285514,0.4996507702399513,2.7936686067563685
13,19,1.0,250.19835298037063,-0.002030339296092679,5.520223675902784,-5.522254015198876,-5.522254015198877,8.881784197001252e-16,0.042208173667432014,-2.726663016874209,1.0038315290966133,2.795590998324668,0.3710047194177091,0.49963084723217155,2.794011466635819
13,20,1.0,239.8577025666495,0.049361528577810995,5.529407370109255,-5.480045841531444,-5.480045841531444,0.0,-0.11528143805320212,-2.6937097992096253,0.9945765730937638,2.786336042321819,0.37085083975617206,0.4997788541861459,2.7854140583820004
13,21,1.0,269.1657281261112,-0.06218562143569541,5.533141658148951,-5.595327279584646,-5.595327279584646,0.0,-0.08656517217641557,-2.811542989310792,0.9920248210457995,2.783784290273854,0.37135943925696313,0.49987177465540356,2.7832526633711656
13,22,1.0,293.5043474988678,-0.15874605726813187,5.523146394492928,-5.681892451761062,-5.68189245176106,1.7763568394002505e-15,0.02330741902705835,-2.888094574127646,1.0020384084053597,2.7937978776334145,0.3695956624166645,0.49982712235373644,2.793048732290362
13,23,1.0,286.74262394562567,-0.13585000849480988,5.522735024239194,-5.6585850327340035,-5.6585850327340035,0.0,0.06757110835691105,-2.864278980677925,1.0025465828280242,2.794306052056079,0.36853473752997384,0.49985233887555386,2.7936547310784476
13,24,1.0,268.0072210534323,-0.07267512038470622,5.518338803992386,-5.591013924377092,-5.591013924377092,0.0,0.09787764404686072,-2.7927281857190827,1.0065262694299555,2.7982857386580107,0.3679907450390114,0.49976027911239024,2.7972256312603996
13,25,1.0,243.01818606897996,0.039691466763309924,5.532827747093542,-5.493136280330232,-5.493136280330232,0.0,-0.02055436978226144,-2.710386194866023,0.990990616236154,2.7827500854642087,0.3732115191499461,0.49972787554074977,2.7816367300325857
13,26,1.0,248.06496068534128,0.021787417739157502,5.535478067851651,-5.513690650112493,-5.513690650112493,0.0,0.024321121143983326,-2.733290643971857,0.9886405369125814,2.780400006140636,0.37359108888966075,0.4997651634298302,2.7794464060639554
13,27,1.0,242.10451884460275,0.04523251844553193,5.534602047414042,-5.48936952896851,-5.48936952896851,0.0,0.10298057693183527,-2.708331277208926,0.9892787825315296,2.781038251759584,0.37303496595402913,0.4997634951244246,2.7800729976470535
13,28,1.0,218.41325906590058,0.1344091561862765,5.520798108222951,-5.386388952036675,-5.386388952036675,0.0,-0.07282364365510396,-2.5931542929967892,1.0014751898118306,2.7932346590398853,0.37038156128194366,0.4996180489647816,2.791599195329113
13,29,1.0,234.91238050216975,0.059804812045444085,5.519017407737222,-5.4592125956917785,-5.459212595691778,8.881784197001252e-16,0.06024177711294598,-2.662772433872012,1.0046806925917113,2.7964401618197665,0.3671897699191023,0.49974778969837014,2.795332931543245
13,30,1.0,221.1786660523179,0.1122719836297634,5.511242802208596,-5.3989708185788325,-5.3989708185788325,0.0,0.021430510845501516,-2.5957848999539945,1.011426449396782,2.803185918624837,0.36696784014739736,0.4996045877072002,2.801414092050132
13,31,1.0,216.48912337617685,0.1454989804042135,5.523039288137546,-5.377540307733331,-5.377540307733332,8.881784197001252e-16,0.0921202190828927,-2.587024504851557,0.99875633365372,2.790515802881775,0.3722504557979396,0.49957006639052565,2.7886982760422145
13,32,1.0,197.43710711716687,0.23305537120619152,5.51847545985663,-5.285420088650438,-5.285420088650438,0.0,0.0015461712304185582,-2.4925884121074575,1.0010722073149259,2.792831676542981,0.3726852663938268,0.49945215061525355,2.790519299423151
13,33,1.0,197.13207142180286,0.23471148171562742,5.518585399135647,-5.28387391742002,-5.28387391742002,0.0,-0.02554448489452632,-2.4913115211014225,1.000802927090542,2.7925623963185973,0.37270582081516673,0.4994510773475469,2.790261020788263
13,34,1.0,202.2325761801083,0.20650410076124892,5.515922503075796,-5.309418402314546,-5.309418402314547,8.881784197001252e-16,0.03525876182566012,-2.5140304285837765,1.0036285045027145,2.79538797373077,0.37389240600635876,0.49935212309439053,2.792667298013908
13,35,1.0,195.22634724068888,0.24715988808522182,5.521319528574107,-5.274159640488886,-5.274159640488885,8.881784197001252e-16,0.08374438916077853,-2.4851272168258602,0.9972729544349709,2.7890324236630257,0.3752095069494652,0.4993793540540243,2.7864664687865215
13,36,1.0,179.54309296214305,0.321857500033161,5.512272751361269,-5.190415251328107,-5.190415251328107,0.0,-0.03546080268852325,-2.3951385642818415,1.0035172178182112,2.795276687046266,0.3770893871608049,0.49914322317730003,2.791690595614556
13,37,1.0,186.02406629325648,0.29242249526631303,5.518298549282944,-5.225876054016631,-5.225876054016631,0.0,0.025811938906565857,-2.4355056017612675,0.9986109830273087,2.790370452255363,0.3764264139459618,0.49927315241246034,2.7873607584060083
13,38,1.0,181.28386453748078,0.3045403718378854,5.50460448694795,-5.200064115110065,-5.200064115110065,0.0,-0.01877736040922784,-2.3970906948873427,1.011213950994666,2.802973420222721,0.3771128314854046,0.49902439785485253,2.7988221341237534
13,39,1.0,184.7200573505912,0.2891888277360094,5.5080303032553015,-5.218841475519293,-5.218841475519292,8.881784197001252e-16,0.02437753101111717,-2.418735445288036,1.0083465610032014,2.8001060302312566,0.37724687498401943,0.49907002736223066,2.7961710906121873
13,40,1.0,180.27148137377128,0.31318443199069734,5.507648376498873,-5.1944639445081755,-5.1944639445081755,0.0,0.037482251667247724,-2.39474233065314,1.0079621446269806,2.7997216138550356,0.3776802484487807,0.4990312329631503,2.795619454756975
13,41,1.0,173.6395663189333,0.3443228932851712,5.501304586126099,-5.156981692840928,-5.156981692840928,0.0,-0.11312608150699344,-2.3522493665880977,1.012972857024776,2.804732326252831,0.37938945371825733,0.4988563314819448,2.7998149131324777
13,42,1.0,194.43691662811233,0.23340755280571426,5.503515327153635,-5.270107774347921,-5.27010777434792,8.881784197001252e-16,0.0315498787451336,-2.4644767703639894,1.013871534755878,2.8056310039839327,0.3794668898223509,0.4989228160156916,2.800964372873846
13,43,1.0,188.39821651240464,0.26830196243105364,5.506859858033841,-5.238557895602788,-5.238557895602787,8.881784197001252e-16,0.03496031106530317,-2.4368946063229964,1.0099038200517365,2.8016632892797912,0.37878288410366034,0.498985549411288,2.7972880069152204
13,44,1.0,181.92555856597357,0.30819125870223424,5.511788843239719,-5.203597584537484,-5.203597584537484,0.0,0.0015523323614656803,-2.4079928862170177,1.0038452290924116,2.7956046983204668,0.3782509763943211,0.49906854550590357,2.791680351297129
13,45,1.0,181.6433687169182,0.3097047512873706,5.51175000346339,-5.202045252176019,-5.202045252176019,0.0,-0.08137300870850872,-2.4064908618598664,1.0037949210880974,2.7955543903161524,0.37824250808881044,0.4990742647461877,2.7916558360257997
13,46,1.0,197.04226736656042,0.23717285882217704,5.520591119706704,-5.2834182608845275,-5.283418260884527,8.881784197001252e-16,0.07055855500644093,-2.494223317281474,0.9974354743749986,2.7891949436030536,0.3773560542949269,0.4992668291991853,2.786149364561029
13,47,1.0,183.61840272641143,0.29092801299621807,5.503787718874305,-5.212859705878087,-5.212859705878087,0.0,0.02823359977549167,-2.4091746376180514,1.01192559903198,2.803685068260035,0.3792055481846704,0.49891610654957486,2.7989989817710974
13,48,1.0,178.50669474714,0.30562841318658335,5.490254519289179,-5.184626106102595,-5.184626106102596,8.881784197001252e-16,-0.06363440850497781,-2.36852053132804,1.0243461055465002,2.8161055747745554,0.38085199590146035,0.49866851241868887,2.810191203576251
13,49,1.0,190.23506935986615,0.24811385414889628,5.496374368756469,-5.248260514607573,-5.248260514607573,0.0,-0.007926534905468685,-2.436370609379067,1.020130436000451,2.811889905228506,0.3801645033297684,0.49882334884565155,2.806727183825761
13,50,1.0,191.74896632947946,0.2493134154651036,5.505500464978145,-5.256187049513041,-5.256187049513041,0.0,0.03626277058361094,-2.4529793445907195,1.0114482356942671,2.803207704922322,0.3787644036033373,0.4990126310535858,2.7989614824644087
13,51,1.0,184.92018118644404,0.29197455088218693,5.511898829811617,-5.2199242789294305,-5.2199242789294305,0.0,-0.05088779403258403,-2.423952014839269,1.004212794862106,2.7959722640901608,0.3775198788999705,0.49913791594520646,2.7923323485980887
13,52,1.0,194.57390651425283,0.23804059428337235,5.508852667245387,-5.2708120729620145,-5.2708120729620145,0.0,-0.06897273548699445,-2.4705782228253494,1.0084743809086103,2.800233850136665,0.37806804937518934,0.49910073570257,2.796405575698438
13,53,1.0,208.46784494306274,0.16999530767065318,5.5097801161196625,-5.339784808449009,-5.339784808449009,0.0,-0.04695441781143117,-2.5386014733387476,1.0094238658822066,2.8011833351102613,0.3768588934483269,0.4991768629168482,2.797649454025676
13,54,1.0,218.4897770010278,0.12191342368051986,5.508652649940959,-5.38673922626044,-5.386739226260439,8.881784197001252e-16,-0.009666292323871062,-2.5839582084125214,1.0110215486198628,2.802781017847918,0.3787640783557942,0.4990901042672548,2.798874482638143
13,55,1.0,220.61200356190352,0.12066863860139698,5.517074157185708,-5.396405518584311,-5.396405518584311,0.0,-0.019006386212596205,-2.6014760113615143,1.0031700379947428,2.794929507222798,0.3773916020047622,0.4992686277353202,2.7918424406513656
13,56,1.0,224.8451413992994,0.11797300951269882,5.533384914309606,-5.415411904796907,-5.4154119047969065,8.881784197001252e-16,0.06938202211963684,-2.6357147975592343,0.9879376380096172,2.779697107237672,0.3752917458894696,0.49960799975466424,2.778102826609787
13,57,1.0,209.77381580692395,0.18520754529191005,5.531237427969181,-5.3460298826772705,-5.3460298826772705,0.0,0.024518555686002586,-2.565870768120585,0.9883996453286304,2.7801591145566853,0.3756960236862863,0.49952744945179467,2.7782373051344447
13,58,1.0,204.69300640559888,0.20957368846372593,5.531085015454994,-5.321511326991268,-5.321511326991268,0.0,-0.08695007561784074,-2.5417437763127695,0.9880080814504434,2.779767550678498,0.3753480337712594,0.49953762796043116,2.777893000388632
13,59,1.0,223.28777326702507,0.128262668074667,5.536724070683777,-5.408461402609109,-5.40846140260911,8.881784197001252e-16,0.02735414516616963,-2.6320398412737496,0.9846620921073042,2.776421561335359,0.37483133021508447,0.49969346165487183,2.775187922882873
13,60,1.0,217.26270804053235,0.15650097836566002,5.5376082358086,-5.381107257442939,-5.38110725744294,8.881784197001252e-16,-0.024878005648644397,-2.6063349977357615,0.9830127904791232,2.7747722597071784,0.37532586774907495,0.4996568964270948,2.773394757532371
13,61,1.0,222.73556554168803,0.1301327390855409,5.536118002177124,-5.4059852630915834,-5.4059852630915834,0.0,-0.02034161022401637,-2.6293399486691977,0.9848858451943311,2.7766453144223857,0.37541994513665217,0.4996188580164758,2.77510651042692
13,62,1.0,227.312761538728,0.1102343744443888,5.5365612477599875,-5.4263268733156,-5.426326873315599,8.881784197001252e-16,0.05721613843360096,-2.6497282587773037,0.9848391453102409,2.7765986145382957,0.3755504183353474,0.4996578232154824,2.775220598130307
13,63,1.0,214.67188258172183,0.15665044135372508,5.525761176235724,-5.369110734881999,-5.369110734881999,0.0,-0.04305220001166887,-2.5835132528526303,0.9938380128013127,2.785597482029367,0.37664860887302154,0.49940885463997203,2.783163446314994
13,64,1.0,224.1158117286334,0.11715260065945307,5.529315535553121,-5.412162934893668,-5.412162934893669,8.881784197001252e-16,-0.07362499097327202,-2.628917727160579,0.9914857385050345,2.78324520773309,0.3757591038898508,0.4995100451264272,2.7812324935385377
13,65,1.0,241.23894754072506,0.04100609775753551,5.5267940236244755,-5.48578792586694,-5.48578792586694,0.0,-0.0890975346120717,-2.6989440113602807,0.9950844452786037,2.7868439145066586,0.37654426586548373,0.49947943089101754,2.784696150030053
13,66,1.0,263.71934761921443,-0.0440188963534017,5.530866564125609,-5.5748854604790115,-5.574885460479011,8.881784197001252e-16,0.011889630135109464,-2.790323910597325,0.9928020806536318,2.784561549881687,0.37441483604299675,0.4996777347912082,2.7832388531788816
13,67,1.0,260.60238858015924,-0.041949954497275864,5.521045875846626,-5.562995830343902,-5.562995830343902,0.0,0.12586833716863044,-2.768659866516162,1.0025764945996845,2.7943359638277396,0.371806548347854,0.49964499818429137,2.7928338428863184
13,68,1.0,229.78118652955052,0.08602089787123979,5.523148391046512,-5.4371274931752716,-5.4371274931752716,0.0,-0.08769515652679605,-2.64749122489124,0.9978767990559761,2.789636268284031,0.3752784487102139,0.4994480509320773,2.787332348713162
13,69,1.0,250.84184719939628,0.00275369469934344,5.52757634440141,-5.524822649702068,-5.524822649702067,8.881784197001252e-16,0.058430703366947334,-2.7381683310509892,0.9948948494230242,2.7866543186510793,0.37584185666288766,0.49952489633733793,2.7846917525515202
13,70,1.0,236.60496741965613,0.06712527353453442,5.533517219869655,-5.46639194633512,-5.46639194633512,0.0,-0.05051056791885333,-2.686313923783711,0.9883185533233544,2.7800780225514092,0.3749693046605008,0.4996200811840616,2.778530445466478
13,71,1.0,248.8629925362211,0.015422508781763537,5.532325023035737,-5.516902514253974,-5.516902514253974,0.0,0.08393698076078593,-2.734839611376144,0.9903034336497747,2.7820629028778296,0.37522460525508683,0.4996226854839116,2.7805221720433395
13,72,1.0,228.82683386177652,0.10427547323560835,5.537241006728796,-5.432965533493188,-5.432965533493188,0.0,-0.04247425077206746,-2.6572664621909743,0.9839396020741583,2.7756990713022134,0.3753158308765942,0.4996649925183367,2.7743518096634237
13,73,1.0,238.75544473301227,0.06494697141702414,5.540386755682279,-5.475439784265255,-5.475439784265255,0.0,-0.04413829902407507,-2.7019038414985097,0.9817764735386904,2.7735359427667454,0.3750126933046041,0.4997365728436762,2.772480441077839
13,74,1.0,249.52973421203978,0.021602826950064657,5.541180910239395,-5.51957808328933,-5.51957808328933,0.0,-0.023664518796849165,-2.7459898159260607,0.9818287981352135,2.773588267363269,0.37465856275410236,0.4997981681469457,2.772780285648961
13,75,1.0,255.50515922112677,-0.002972256563294598,5.5402703455228846,-5.543242602086179,-5.543242602086179,0.0,-0.028389639313636472,-2.7684864153176814,0.9829967175404425,2.7747561867684976,0.37506080550456544,0.4997934579835581,2.7739277252478143
13,76,1.0,262.8628048221017,-0.03476911661424213,5.536863124785574,-5.571632241399816,-5.571632241399817,8.881784197001252e-16,0.005962656434221003,-2.79323144466045,0.9866413275113111,2.778400796739366,0.3752858209978585,0.499758075127186,2.777424980135964
13,77,1.0,261.30010777034033,-0.02538106499255214,5.540288519973043,-5.565669584965595,-5.565669584965595,0.0,0.0753283296542877,-2.7905527226195326,0.983357393118007,2.7751168623460623,0.3748533851536259,0.49982106133410514,2.7743986840147286
13,78,1.0,242.33989252415577,0.05128516136937979,5.541626416680687,-5.490341255311307,-5.490341255311307,0.0,-0.02285206533965667,-2.7178345465019818,0.9807472395812701,2.7725067088093254,0.3750592222437391,0.4997756249420058,2.7716091387716246
13,79,1.0,247.94162134470548,0.02830953427579302,5.541502854926756,-5.513193320650964,-5.513193320650964,0.0,-0.027091551303014327,-2.7401525260650312,0.9812813253578768,2.7730407945859317,0.3751297258733509,0.49978760272247813,2.77219079575832
13,80,1.0,254.7505604126954,-0.0009467807467880666,5.53933809120719,-5.540284871953978,-5.540284871953978,0.0,0.021926250156462324,-2.764668407400851,0.983856995325073,2.775616464553128,0.3750248095886546,0.4997689151335605,2.7746890379007696
13,81,1.0,249.22562777083897,0.019426610001456054,5.537785231798972,-5.518358621797516,-5.518358621797517,8.881784197001252e-16,-0.027766077135906286,-2.741635180257662,0.9849639723117994,2.7767234415398545,0.375412465062389,0.49972938565338815,2.775634510534021
13,82,1.0,256.2426120297098,-0.011945355872302148,5.53417934306112,-5.546124698933422,-5.546124698933422,0.0,0.004596487294638685,-2.765605876221025,0.9887593534843422,2.780518822712397,0.376117101372645,0.49966449234279914,2.7791635616951584
13,83,1.0,255.0674988844432,-0.004928212823192286,5.53659999881559,-5.541528211638783,-5.5415282116387825,8.881784197001252e-16,0.005833254144169686,-2.7633680167316723,0.9864007256790565,2.778160194907111,0.37574305106565487,0.49971605953851145,2.777016413483786
13,84,1.0,253.58395648614152,0.004310287864110571,5.540005245358724,-5.535694957494614,-5.535694957494614,0.0,0.045602326302060625,-2.760938456802316,0.982997031464243,2.774756500692298,0.3753484871825228,0.49976093978394337,2.7737985924536566
13,85,1.0,242.2796484713105,0.04739867288288113,5.537491304075434,-5.490092631192553,-5.490092631192553,0.0,0.02360148674750917,-2.713723609234306,0.9846095527301918,2.776369021958247,0.3747489479679305,0.4997031747482306,2.775174492100035
13,86,1.0,236.62843934938888,0.070273242787395,5.53676438723244,-5.466491144445044,-5.466491144445045,8.881784197001252e-16,-0.04979449346125708,-2.6899479152666035,0.9847837599503858,2.7765432291784404,0.3751173138480359,0.49966555484255654,2.775196606288503
13,87,1.0,248.70952218329663,0.01858802058410365,5.534873658490405,-5.516285637906301,-5.516285637906301,0.0,0.0062983829498985955,-2.736985135886599,0.987541032791647,2.779300502019702,0.374741536039772,0.49966286778713837,2.7779347804054346
13,88,1.0,247.14797713580708,0.0278196199237142,5.537806874880116,-5.509987254956402,-5.5099872549564015,8.881784197001252e-16,-0.09299245268693301,-2.733731795617384,0.9844959901109634,2.7762554593390187,0.37507706099225924,0.4996912622508071,2.775012973095187
13,89,1.0,271.2334007643444,-0.06323483917402105,5.539744868469314,-5.602979707643335,-5.602979707643335,0.0,0.04918592621563622,-2.8271374426859137,0.9840827957293666,2.7758422649574217,0.37538924820894504,0.4997783593905865,2.774953881957402
13,90,1.0,258.2153124925476,-0.013633317538421182,5.540160463889277,-5.553793781427699,-5.553793781427698,8.881784197001252e-16,0.050336090758626995,-2.7790994122576933,0.9829348999419513,2.7746943691700063,0.37536095959994675,0.49974574030355906,2.773675582193249
13,91,1.0,245.53946568500882,0.036524820172154054,5.5399825108412255,-5.503457690669072,-5.503457690669071,8.881784197001252e-16,-0.04507442160332076,-2.7294552059281965,0.9822430155128199,2.774002484740875,0.37477382211995497,0.49974459814262023,2.7729796008822682
13,92,1.0,256.8602370529883,-0.007616670090876944,5.540915442181516,-5.548532112272393,-5.548532112272393,0.0,-0.04822372998317448,-2.774667227763414,0.9821054152809247,2.7738648845089795,0.3751418826643973,0.49978883166725785,2.7730188801429914
13,93,1.0,269.55052302397655,-0.05584073654181788,5.540915105713749,-5.596755842255567,-5.5967558422555665,8.881784197001252e-16,-0.003945971430720618,-2.8221498208985114,0.982846552129001,2.7746060213570556,0.3753155834705082,0.4998172247495112,2.773873237935766
13,94,1.0,270.61626299384324,-0.0631161921512979,5.537585621534991,-5.600701813686288,-5.600701813686288,0.0,0.11972468557638027,-2.8228532006388996,0.9860891438193339,2.777848613047389,0.374988113432619,0.4997709691922661,2.776927172397087
13,95,1.0,240.08118287174324,0.05460422286401965,5.535581350973927,-5.480977128109908,-5.480977128109907,8.881784197001252e-16,-0.01869040081089235,-2.703229056901565,0.9859886019802874,2.7777480712083427,0.37466009399420286,0.49967883347747905,2.7764538255306106
13,96,1.0,244.61059279568877,0.03934716326816754,5.539014692188967,-5.4996675289208,-5.4996675289208,0.0,0.002466109077537304,-2.7248628052093937,0.9830452544833513,2.7748047237114064,0.374640131503845,0.4997384138348493,2.7737556340092824
13,97,1.0,244.0080996046454,0.04274818848950873,5.539949608332773,-5.497201419843263,-5.497201419843264,8.881784197001252e-16,0.024952721164382297,-2.723330867251063,0.9821110833641434,2.7738705525921987,0.37453335169620194,0.4997520683412536,2.772877643266984
13,98,1.0,237.99477000922724,0.06739694368302684,5.539645642361908,-5.4722486986788805,-5.4722486986788805,0.0,0.020506419997071923,-2.6987467661007205,0.9817424633501055,2.77350193257816,0.3751800697716389,0.4996978799671137,2.7722916221673057
13,99,1.0,233.164048976176,0.08506172674417659,5.536804005425985,-5.451742278681809,-5.451742278681809,0.0,-0.0036113222800810973,-2.6759569999749253,0.9840258094788285,2.775785278706883,0.3748491073823079,0.4996361146595607,2.774322770572459
13,100,1.0,234.00760175485323,0.07830066902110484,5.5336542699829945,-5.45535360096189,-5.45535360096189,0.0,-0.08053801750765466,-2.676433305581508,0.9871608261523267,2.7789202953803813,0.37445535029698246,0.4995923145041156,2.777272988452762
13,101,1.0,253.6338314583206,-0.008772372410683174,5.527119246058861,-5.535891618469544,-5.535891618469544,0.0,-0.025381714241117237,-2.74915367441352,0.9949784748279696,2.7867379440560245,0.37493061665380994,0.49951048209581533,2.784732098542252
13,102,1.0,260.15388796412964,-0.035910225635326073,5.525363107075336,-5.561273332710662,-5.561273332710662,0.0,0.15071111516288482,-2.772789432431511,0.9967244310510956,2.7884839002791506,0.3770566523002686,0.4994147554100932,2.786075834733
13,103,1.0,223.75735263369629,0.11694677856763204,5.527508996115409,-5.410562217547777,-5.410562217547777,0.0,-0.04135891542103742,-2.6272385222616967,0.991564226058025,2.78332369528608,0.37662783311263587,0.49936196640286995,2.7807118926949013
13,104,1.0,233.20575509545884,0.07945413778959126,5.531375270758406,-5.451921132968814,-5.451921132968814,0.0,0.001390882295368101,-2.671355500106021,0.9888061636347382,2.780565632862793,0.3762402672451579,0.49946556376139556,2.7783946760212075
13,105,1.0,232.88161880948425,0.08020253534755527,5.530732786021002,-5.450530250673446,-5.450530250673446,0.0,-0.05417036609031012,-2.669499437050794,0.9892713443945974,2.7810308136226527,0.3762028219908347,0.49944538196992605,2.778777708799654
13,106,1.0,245.84484283548412,0.021750080448322107,5.526450697212078,-5.504700616763756,-5.504700616763756,0.0,-0.014394104503458571,-2.718355276057403,0.9945858714782991,2.786345340706353,0.375769493730267,0.4994222210789368,2.7839756778575655
13,107,1.0,249.40915016035657,0.012876688911580517,5.531971410178796,-5.519094721267215,-5.519094721267216,8.881784197001252e-16,-0.021499766168878054,-2.7377275008788096,0.9896077511603503,2.7813672203884052,0.3754623113125637,0.4995471148039658,2.7795284877169912
13,108,1.0,254.8294473419537,-0.007913985428111319,5.532680502007983,-5.540594487436093,-5.540594487436094,8.881784197001252e-16,0.10328635698984545,-2.7596956059721207,0.9891394122359181,2.780898881463973,0.3761477410388604,0.499544904170742,2.779059894218356
13,109,1.0,229.82269732509235,0.09824127790551102,5.535549408351757,-5.437308130446247,-5.4373081304462465,8.881784197001252e-16,0.002436198521886368,-2.661290388278155,0.9842582729400368,2.7760177421680914,0.37552394065800354,0.4995595454197363,2.7742462139017747
13,110,1.0,229.26348506219716,0.10147335992014792,5.536345291844508,-5.434871931924361,-5.43487193192436,8.881784197001252e-16,0.11297205883527717,-2.6596927015838756,0.9834197611124305,2.7751792303404854,0.3754084139134044,0.4995863401710565,2.773518224648074
13,111,1.0,204.77255452754343,0.2092095608559764,5.53110943394506,-5.321899873089084,-5.321899873089084,0.0,-0.03949939644292133,-2.5448107220467855,0.9853296818142437,2.7770891510422984,0.37582344232093895,0.49941699038828635,2.7747371063123647
13,112,1.0,213.02281433593902,0.1718278052826187,5.533227074814624,-5.361399269532005,-5.361399269532005,0.0,-0.06494035781818397,-2.585233460121211,0.9844063401827392,2.7761658094107937,0.37560533523262973,0.4995245829835427,2.774253834711192
13,113,1.0,227.31566071203935,0.10956786455326875,5.535907491903458,-5.426339627350189,-5.426339627350189,0.0,-0.0009745443765813988,-2.65094434630354,0.9836358118185938,2.7753952810466487,0.3748277887428012,0.4996292378475795,2.7739047906282948
13,114,1.0,227.53729789098702,0.10778753645406307,5.535101708180833,-5.4273141717267706,-5.42731417172677,8.881784197001252e-16,-0.04600872410569945,-2.651049530223708,0.9845051722750077,2.776264641503063,0.3741641929360242,0.49962882361387057,2.774770890951558
13,115,1.0,238.25056067394593,0.06345942159585113,5.536782317428321,-5.47332289583247,-5.473322895832469,8.881784197001252e-16,0.06638412251487313,-2.6975634156478754,0.9840000109565397,2.7757594801845946,0.3740666708277905,0.49968183135233907,2.774482029865109
13,116,1.0,222.94804746687453,0.12576965749254895,5.532708430810146,-5.406938773317597,-5.406938773317597,0.0,-0.04244710228757764,-2.6288943437864174,0.9862849603031242,2.7780444295311795,0.3739429669742155,0.49956433384927074,2.7762859089937018
13,117,1.0,232.61526732312797,0.08578202645212694,5.535167902057301,-5.4493858756051745,-5.4493858756051745,0.0,0.021538318770145004,-2.6726754616739257,0.9849509447031934,2.7767104139312484,0.37373385575830226,0.49964364667659805,2.775276983986583
13,118,1.0,227.65869527015457,0.10522870522383608,5.533076262058865,-5.4278475568350295,-5.427847556835029,8.881784197001252e-16,-0.007319135104183694,-2.6496383037105127,0.9864497838964618,2.778209253124517,0.3734018062006073,0.49960172287387467,2.776601634682192
13,119,1.0,229.33107273104105,0.09225286248485008,5.527419554424064,-5.435166691939213,-5.435166691939214,8.881784197001252e-16,0.0008522889349391605,-2.6508975215831256,0.9925097011280327,2.784269170356088,0.37113842025991145,0.49961147798100763,2.7826791847797385
13,120,1.0,229.1356996642927,0.09235096134419049,5.526665364348465,-5.434314403004274,-5.434314403004274,0.0,-0.02153309113537638,-2.649328398209829,0.9932265355663912,2.784986004794446,0.37126878937796537,0.49961592473601785,2.783408006652729
13,121,1.0,234.12320505839563,0.07166556681327546,5.527513060952927,-5.45584749413965,-5.455847494139651,8.881784197001252e-16,-0.01639346475252612,-2.6713031230970383,0.992784901814557,2.784544371042612,0.37216087712423235,0.49962563186903663,2.7830103850118237
13,122,1.0,237.99292798759916,0.059084587331798936,5.531325546223975,-5.4722409588921765,-5.4722409588921765,0.0,0.0004055405147722624,-2.691346765173043,0.9891347244910785,2.780894193719133,0.37387805150677367,0.4996367880110102,2.779422593698982
13,123,1.0,237.89643178095417,0.058621148544738155,5.530456566922142,-5.471835418377404,-5.471835418377404,0.0,-0.00667615386091569,-2.6902258683070808,0.9898500808422698,2.781609550070325,0.3740241239241134,0.49961807918197426,2.7800652652023015
13,124,1.0,239.4899784249463,0.04640458651473271,5.524916158753053,-5.47851157223832,-5.47851157223832,0.0,-0.042774705990119344,-2.691055417524621,0.9956966854856439,2.7874561547136985,0.3718544680024439,0.4996166051412763,2.7858854947407856
13,125,1.0,249.95634390370162,0.007389698123181399,5.528675976351622,-5.521286278228439,-5.52128627822844,8.881784197001252e-16,0.02601925840203645,-2.736482905847833,0.9930439031525516,2.7848033723806065,0.371527034012707,0.49970976552570745,2.783618733534922
13,126,1.0,243.53654656580153,0.03381747255697462,5.529084492383377,-5.495267019826403,-5.495267019826402,8.881784197001252e-16,0.04617739655995656,-2.71159155873069,0.9919159918676579,2.783675461095713,0.372315153616214,0.499668271466229,2.7823257792268694
13,127,1.0,232.54636471294322,0.07858493421222128,5.527674557478668,-5.449089623266446,-5.449089623266446,0.0,-0.08558556029861553,-2.6651461547345807,0.9921839993038107,2.783943468531865,0.37243833204704957,0.49960272335949146,2.7823195589496716
13,128,1.0,253.32548998946115,-0.0008072133967794819,5.5338679701682825,-5.534675183565062,-5.534675183565062,0.0,-0.026538079161478656,-2.7549869281325603,0.9879287862044462,2.7796882554325015,0.3732575085424802,0.4997268133370139,2.778586541039978
13,129,1.0,260.1382609935711,-0.028967543579436844,5.532245719147104,-5.5612132627265405,-5.561213262726541,8.881784197001252e-16,0.007384362045899984,-2.779367652907703,0.9900861405907827,2.7818456098188378,0.37289077665758574,0.4997418529885748,2.7808018244003723
13,130,1.0,258.22438098065874,-0.01722711694371227,5.536601783736929,-5.5538289006806405,-5.553828900680641,8.881784197001252e-16,-0.04772397965421149,-2.7766517438936944,0.9854176875588907,2.777177156786946,0.3746121984553543,0.4997361269764378,2.776117692483009
13,131,1.0,270.8466735032788,-0.06552332745835344,5.536029552876498,-5.601552880334852,-5.601552880334851,8.881784197001252e-16,-0.045975280223417236,-2.8230680803805206,0.9867253307262764,2.7784847999543314,0.37544012348623357,0.4997292519604753,2.77739723595462
13,132,1.0,283.58961075962554,-0.11059649279542447,5.536931667762845,-5.647528160558269,-5.647528160558269,0.0,0.11863323361780065,-2.869230246703714,0.9865384446264995,2.778297913854555,0.37579213180416493,0.49977521351994064,2.777395821926063
13,133,1.0,251.865427480986,0.005263121473615937,5.534158048414084,-5.528894926940469,-5.528894926940468,8.881784197001252e-16,0.02155819544510784,-2.7500879636006617,0.987047494111752,2.778806963339807,0.3754010938660605,0.49965538745450355,2.7774214825460004
13,134,1.0,246.49377299876343,0.024749993204478495,5.532086724699839,-5.507336731495361,-5.507336731495361,0.0,0.02459795780358487,-2.7270113400181972,0.9885659222491086,2.7803253914771635,0.3752987872697838,0.49961271273727864,2.778763594373071
13,135,1.0,240.50449357908252,0.048998550931169636,5.531737324622945,-5.482738773691776,-5.482738773691776,0.0,0.003757707457186399,-2.702667171671583,0.9883121327921373,2.780071602020192,0.37490548520285993,0.4995992279433044,2.7784510014498394
13,136,1.0,239.60244393085748,0.05439120031905563,5.533372266553645,-5.4789810662345895,-5.4789810662345895,0.0,-0.07489839222093053,-2.70070012254754,0.9865214744589935,2.7782809436870477,0.3754026533691434,0.499598160606205,2.7766632822750235
13,137,1.0,258.2374365608083,-0.02300368016304854,5.5308757782924705,-5.55387945845552,-5.553879458455519,8.881784197001252e-16,-0.07690980590948193,-2.7713950126742293,0.9907249765532352,2.78248444578129,0.3747489091087211,0.4996505141980801,2.781071933259495
13,138,1.0,278.8821425298472,-0.102879439468853,5.527909824896151,-5.630789264365002,-5.630789264365004,1.7763568394002505e-15,0.019288244198921056,-2.8440238031323397,0.9950059920046074,2.786765461232663,0.37474936077732424,0.499681824005399,2.7854702913225924
13,139,1.0,273.55454087365445,-0.08757481174259311,5.523926208423488,-5.611501020166081,-5.611501020166081,0.0,0.01287157631248892,-2.821379815659982,0.9983617352780444,2.790121204506099,0.37577939484760764,0.49957755083952865,2.78839106717949
13,140,1.0,270.056026723056,-0.08278846580059644,5.515840978052997,-5.598629443853592,-5.598629443853593,8.881784197001252e-16,-0.11702262023522358,-2.800888581888378,1.0059813927371601,2.797740861965215,0.37629976848708574,0.4994249591604482,2.7953528830031593
13,141,1.0,303.5820937651174,-0.21499128503007714,5.500660779058737,-5.7156520640888155,-5.715652064088815,8.881784197001252e-16,0.08239115199285418,-2.90169725621355,1.0221953386472113,2.813954807875266,0.37710588247940713,0.4992981119973277,2.8109289232720656
13,142,1.0,279.5722934983271,-0.12661387859906814,5.506647033496892,-5.633260912095961,-5.6332609120959605,8.881784197001252e-16,-0.03133195110009801,-2.8262107768798166,1.01529066598809,2.8070501352161448,0.3770165982370475,0.49929742805498306,2.8040759687462855
13,143,1.0,288.47051024330835,-0.1634686154111272,5.501124247784933,-5.664592863196059,-5.66459286319606,8.881784197001252e-16,-0.08246279584782457,-2.851170819626373,1.021662574341631,2.813422043569686,0.3735944384781071,0.4993639878219889,2.810655669882187
13,144,1.0,313.26693640294036,-0.25339164226599953,5.493664016777884,-5.747055659043884,-5.747055659043883,8.881784197001252e-16,-0.08696178611514771,-2.925488248174568,1.0298079416412607,2.821567410869316,0.3735265073164828,0.4993442463818441,2.8186435015900013
13,145,1.0,341.7288017528872,-0.33545324522884656,5.498564199930184,-5.834017445159032,-5.834017445159031,8.881784197001252e-16,0.012102831071354458,-3.0165167162047895,1.025741259726187,2.817500728954242,0.372840572119626,0.49952573999876587,2.8153832757918433
13,146,1.0,337.6178430926311,-0.31573488646256787,5.50617972762511,-5.821914614087677,-5.821914614087678,8.881784197001252e-16,0.048814511561372065,-3.012332738723765,1.0178224061358572,2.809581875363912,0.37581429093872787,0.499513049930372,2.807486180567244
13,147,1.0,321.5329743607123,-0.2509376389388508,5.522162463587454,-5.773100102526305,-5.773100102526305,0.0,0.051732114291601405,-2.979285883333904,1.002054749964346,2.793814219192401,0.3759050519296968,0.49968101571574036,2.7924975862390635
13,148,1.0,305.32231473264426,-0.19729451384459243,5.524073474390112,-5.721367988234704,-5.721367988234704,0.0,0.05849887350023497,-2.9298624927376675,0.9997460262689822,2.7915054954970366,0.3756637969453046,0.4996563557240916,2.7900947671838723
13,149,1.0,287.9736879663977,-0.13318660299316004,5.529682511741308,-5.662869114734469,-5.662869114734468,8.881784197001252e-16,0.08179704032997215,-2.8777701039689703,0.9933395415374432,2.785099010765498,0.3764031996141765,0.4996621694967737,2.783732274037423
13,150,1.0,265.35593465376706,-0.045515666121517084,5.535556408282979,-5.581072074404497,-5.581072074404496,8.881784197001252e-16,0.02230518881994037,-2.8030521949452765,0.9862604102311655,2.7780198794592206,0.37569190183431495,0.49969137817994885,2.7767809526918454
13,151,1.0,259.5026424964042,-0.025738376697188745,5.533028508887368,-5.558766885584556,-5.558766885584556,0.0,0.03021846618519408,-2.7786649853072665,0.9883424310492348,2.7801019002772898,0.3742759610396992,0.4996841626335938,2.7788287661994437
13,152,1.0,251.7781693296967,0.008492694758974777,5.537041114158336,-5.528548419399362,-5.528548419399361,8.881784197001252e-16,0.0001335188856046443,-2.753143266945232,0.9836456832260762,2.7754051524541308,0.3749314050380824,0.49968275877107154,2.774132223210961
13,153,1.0,251.74455443326985,0.007927634552218447,5.536342535065975,-5.5284149005137575,-5.528414900513757,8.881784197001252e-16,-0.0712954915569135,-2.752354379641316,0.9843010516443863,2.7760605208724414,0.37503160512900746,0.4996714458780505,2.7747424358558574
13,154,1.0,270.34810113387084,-0.06379727619199846,5.535913115878672,-5.599710392070671,-5.59971039207067,8.881784197001252e-16,-0.07564893806147222,-2.821789824934371,0.9861610979082448,2.7779205671363,0.3755013702888086,0.4997142055811465,2.776773071194075
13,155,1.0,291.59309790899835,-0.1427452526575153,5.532614077474628,-5.675359330132143,-5.675359330132143,0.0,0.05065266977165184,-2.8928736895615152,0.9907261713425726,2.782485640570627,0.3750579414236887,0.49974104815424747,2.7814426341912353
13,156,1.0,277.1909614993627,-0.09095489858550974,5.533751761774981,-5.624706660360491,-5.624706660360491,0.0,-0.05037930860324824,-2.844064376456593,0.9888828146758435,2.7806422839038984,0.3737828704917217,0.49975153177500536,2.779643567262949
13,157,1.0,291.51339857290367,-0.14313873943187688,5.531947229531863,-5.67508596896374,-5.67508596896374,0.0,-0.005782975530026491,-2.891895519443644,0.9914309802920402,2.783190449520095,0.3741101407753145,0.499754790074933,2.7822025620784956
13,158,1.0,293.2040973465375,-0.15430954702719152,5.526559397466576,-5.680868944493766,-5.680868944493767,8.881784197001252e-16,-0.0036949935057606353,-2.892491952321182,0.9966175229445292,2.788376992172584,0.37480108371868776,0.49968016266444537,2.787074957233534
13,159,1.0,294.28948860401755,-0.16145846634998198,5.5231054716495445,-5.684563937999527,-5.684563937999527,0.0,0.048581459583276754,-2.8925112339574564,1.000293234814016,2.792052704042071,0.37220821357110245,0.4997237257030059,2.79091585357922
13,160,1.0,280.3342043615856,-0.11302014584726056,5.522962332568989,-5.63598247841625,-5.635982478416249,8.881784197001252e-16,-0.01998523388135176,-2.8444627854428113,0.9997602237453839,2.791519692973439,0.37223480582949087,0.49965517116286623,2.7901040934483774
13,161,1.0,285.99310790568114,-0.13118200978114297,5.524785702516458,-5.655967712297602,-5.655967712297601,8.881784197001252e-16,0.05859006082610563,-2.86585015118958,0.9983580918799664,2.790117561108021,0.3711200683653078,0.499742208272941,2.7890627172243807
13,162,1.0,269.71818414456425,-0.06674751089215354,5.530630140579342,-5.597377651471496,-5.597377651471496,0.0,0.057959027453275525,-2.8142613484889,0.9913568337545412,2.7831163029825965,0.37210494691745055,0.49973138119084703,2.782030969570039
13,163,1.0,254.52997881857345,-0.003240837035337587,5.536177786982883,-5.539418624018221,-5.539418624018221,0.0,0.1140963019681509,-2.7632425336888957,0.9844166211012696,2.7761760903293244,0.37395999449846407,0.4996867802598013,2.7749207257486375
13,164,1.0,227.08452887135348,0.10645016161595952,5.531772483666029,-5.42532232205007,-5.42532232205007,0.0,0.020685741545653613,-2.647904698977356,0.9856581538446588,2.7774176230727137,0.37369567508245477,0.49952478525415983,2.7755063694535864
13,165,1.0,222.435368443702,0.12518027026804346,5.529816850772459,-5.404636580504416,-5.404636580504415,8.881784197001252e-16,-0.05385606552407651,-2.6260379368363806,0.9868391744399799,2.7785986436680354,0.3744151826980266,0.4994575841508069,2.7764109276035533
13,166,1.0,234.74331627909334,0.06489899810565553,5.523391644134148,-5.458492646028493,-5.458492646028493,0.0,-0.003802373690362515,-2.671903488055184,0.9948296887452533,2.7865891579733084,0.3729121473370692,0.49948078834398185,2.7844567648029397
13,167,1.0,235.63759720657404,0.05903785120826984,5.521332870927125,-5.462295019718855,-5.462295019718855,0.0,-0.04955625753492576,-2.673409002473416,0.9971265480173845,2.788886017245439,0.3715610253380279,0.4994914410431573,2.7867900027223036
13,168,1.0,247.60909611044923,0.00790593608326122,5.519757213337042,-5.511851277253781,-5.51185127725378,8.881784197001252e-16,-0.038907321839452,-2.719911015232301,1.0001807927934239,2.7919402620214786,0.36994621507433756,0.499578900185982,2.790191354108956
13,169,1.0,257.4327701177306,-0.02526393205688525,5.525494667036346,-5.550758599093233,-5.550758599093231,1.7763568394002505e-15,-0.021021645550470147,-2.7637745397764633,0.9952245900887137,2.7869840593167687,0.3713041766624997,0.4996339089826581,2.7854899542054246
13,170,1.0,262.90171224905424,-0.0452720850348621,5.5265081596088415,-5.571780244643703,-5.571780244643704,8.881784197001252e-16,-0.07348765556636838,-2.7857460331700046,0.9942747422456432,2.786034211473698,0.3736414977990556,0.4995880378075815,2.7843549235972493
13,171,1.0,282.9493482598149,-0.12088760621563606,5.524380293994436,-5.645267900210071,-5.645267900210071,0.0,-0.01587376516502559,-2.85543522433461,0.9980732066474065,2.7898326758754615,0.3716001077099183,0.49969487088329334,2.7885810113890037
13,172,1.0,287.4766574247478,-0.13185281417454509,5.529288851200553,-5.661141665375097,-5.661141665375098,8.881784197001252e-16,-0.023317853703161084,-2.8760682994634466,0.9933138966835954,2.78507336591165,0.3735212314584146,0.49971769343458455,2.7839277880148003
13,173,1.0,294.25876081738573,-0.15536421288881427,5.5290953061894434,-5.684459519078258,-5.684459519078258,0.0,-0.10046464543927591,-2.8989161897726015,0.9937838600776013,2.7855433293056557,0.37425827741520373,0.4997222093406395,2.784416477697269
13,174,1.0,325.35736554424994,-0.2593459682885256,5.5255781962290085,-5.784924164517534,-5.784924164517534,0.0,-0.04806869240161671,-2.9947794145257536,0.9983852807637253,2.7901447499917804,0.37484446378143016,0.4997380023963978,2.7890723347210216
13,175,1.0,341.3788497503499,-0.30757476212713025,5.52541809479202,-5.832992856919151,-5.83299285691915,8.881784197001252e-16,0.05499851883779705,-3.042560979133429,0.9986724085576668,2.7904318777857218,0.3767896015990847,0.4997097924606459,2.7892441200058475
13,176,1.0,323.1104896928406,-0.248634242551029,5.529360095530325,-5.777994338081354,-5.777994338081354,0.0,0.052477837232916436,-2.991762153555124,0.9944727152981742,2.7862321845262294,0.37624597208778643,0.4997357116802672,2.7851577824300633
13,177,1.0,306.59157916596985,-0.1937400744461008,5.531776426402336,-5.725516500848437,-5.725516500848437,0.0,0.0028955258336429424,-2.942217477358722,0.9915395542616601,2.783299023489715,0.3758776628704892,0.49973620308883504,2.782230800673338
13,178,1.0,305.7051193311386,-0.18890332898359524,5.533717646031199,-5.722620975014794,-5.722620975014794,0.0,-0.0032039633991010064,-2.9412094069569346,0.9896520988298046,2.7814115680578593,0.37608640312530295,0.49975190346210807,2.7804101972785076
13,179,1.0,306.68615811133793,-0.19513588815195534,5.530689050261941,-5.725824938413895,-5.725824938413896,8.881784197001252e-16,-0.08148774847366624,-2.9413156351673284,0.9927498340185131,2.7845093032465678,0.37526798948051165,0.49974274410684966,2.783470365130736
13,180,1.0,332.72379018579835,-0.28368552567846006,5.523627161209101,-5.8073126868875615,-5.807312686887561,8.881784197001252e-16,0.08215140035850776,-3.015150426477247,1.0004027911822597,2.792162260410315,0.376670791892988,0.4996791380019561,2.790851113714606
13,181,1.0,306.4826927869932,-0.19571982572007784,5.529441460808976,-5.725161286529054,-5.725161286529054,0.0,-0.049833999989344235,-2.93944956898313,0.993952248317869,2.785711717545924,0.3754562817135416,0.49969384749017526,2.784477363645024
13,182,1.0,322.14291630018863,-0.24694242220814405,5.5280528643102524,-5.774995286518398,-5.774995286518396,1.7763568394002505e-15,-0.0230890409376876,-2.987363228100422,0.9958725891899203,2.7876320584179752,0.37569804565484083,0.49972459731344876,2.7865187962208737
13,183,1.0,329.66741979151595,-0.2696151947087792,5.528469132747306,-5.798084327456086,-5.798084327456085,8.881784197001252e-16,-0.1134210716343178,-3.010725716145474,0.9955991420825573,2.787358611310612,0.37608791261880203,0.499743705635004,2.7863218905696967
13,184,1.0,369.2616233158756,-0.3958773722844696,5.515628026805933,-5.911505399090403,-5.9115053990904025,8.881784197001252e-16,0.11014989899623817,-3.1111614175963616,1.0085845122659869,2.800343981494042,0.3777676920924742,0.49962872643348993,2.798806118889104
13,185,1.0,330.7475845743472,-0.27755168131020036,5.523803818783965,-5.801355500094165,-5.801355500094165,0.0,0.028048896655982425,-3.0094993492013544,1.0000966816647558,2.7918561508928104,0.3766850566298373,0.4996726654171942,2.7905198304952195
13,186,1.0,321.59937806909375,-0.24706357572191964,5.526243027716264,-5.773306603438183,-5.773306603438184,8.881784197001252e-16,-0.10887641806387105,-2.9841003080997734,0.9974468261103544,2.7892062953384094,0.3759293775385508,0.49970763145101277,2.788017413645815
13,187,1.0,358.59120018267697,-0.3650213613116896,5.517161660190364,-5.882183021502054,-5.882183021502054,0.0,-0.028764506145210866,-3.083589960622047,1.006833591651952,2.7985930608800067,0.3778726408715314,0.49963005686352524,2.797062412225951
13,188,1.0,369.05568025139894,-0.39846877120437646,5.5124787564428885,-5.910947527647265,-5.910947527647265,0.0,-0.06054694105344449,-3.1077459390982276,1.0114421193209815,2.8032015885490362,0.3771805318492922,0.4996183632769385,2.801606707691237
13,189,1.0,392.0912011404164,-0.4677041759417212,5.503790292758989,-5.971494468700709,-5.97149446870071,8.881784197001252e-16,0.20104044808457022,-3.1600179584989867,1.0197170409736678,2.811476510201723,0.3782424308321325,0.49952970094829546,2.8094754266029476
13,190,1.0,320.6832964282071,-0.24682831450827386,5.5236257061078655,-5.770454020616139,-5.770454020616139,0.0,0.026752996970450305,-2.9789193298554015,0.9997752215326825,2.7915346907607375,0.37625467870149165,0.4996561937853614,2.7901305160995498
13,191,1.0,312.2178007666477,-0.21852498923205477,5.525176034413634,-5.743701023645689,-5.743701023645689,0.0,0.10037529074523999,-2.9541376378337287,0.9978039165839042,2.789563385811959,0.3770026430005929,0.4996265831720598,2.7880405184169543
13,192,1.0,282.4003465844693,-0.1161076787379004,5.527218054162549,-5.643325732900449,-5.643325732900449,0.0,0.007283082553539266,-2.8573429103050323,0.9942233533673616,2.785982822595417,0.37687176168632286,0.4995504769394614,2.78416374506725
13,193,1.0,280.35107311939964,-0.12102303715690094,5.515019613190008,-5.636042650346909,-5.6360426503469085,8.881784197001252e-16,0.015360146214603354,-2.8385810278070913,1.0057021533117636,2.7974616225398186,0.37844398584023126,0.4992974002258735,2.7945624827491247
13,194,1.0,276.0777431497979,-0.11184203128056613,5.508840472851739,-5.620682504132306,-5.620682504132305,8.881784197001252e-16,-0.008543002519516563,-2.8175486888521704,1.0113743460520812,2.803133815280136,0.37876696250287856,0.49916540178869145,2.7996334430698457
13,195,1.0,278.44637923130665,-0.11173064958330894,5.517494857068513,-5.629225506651823,-5.629225506651822,8.881784197001252e-16,-0.03686647473854965,-2.8342943886855427,1.003171648738225,2.7949311179662804,0.37809576452209465,0.49932591180154545,2.7921583561628167
13,196,1.0,288.90328594365,-0.1424548736166832,5.523637107773689,-5.666091981390372,-5.666091981390372,0.0,0.08196626416148067,-2.876379973714327,0.9979525384479905,2.7897120076760458,0.3773676341095057,0.4994952101317868,2.7876596756092042
13,197,1.0,266.1674753466233,-0.053722491530763375,5.530403225698128,-5.584125717228892,-5.584125717228892,0.0,-0.07497452665226412,-2.802554919750458,0.9898113282503788,2.781570797478434,0.3762687421437338,0.49954836208281206,2.7797511275547926
13,198,1.0,286.89039500522586,-0.13138326832459413,5.527716975556562,-5.659100243881156,-5.659100243881156,0.0,0.03216757489070332,-2.8734279500738804,0.9939128245792203,2.7856722938072753,0.37661754053427293,0.49958025109037907,2.7839722631060972
13,199,1.0,277.8086782381317,-0.09438995575025064,5.532542713240202,-5.626932668990452,-5.626932668990453,8.881784197001252e-16,0.026245156204592668,-2.846575121487724,0.9885980782746743,2.7803575475027293,0.3760758586819191,0.4996313508191821,2.778872547760536
13,200,1.0,270.61239296528447,-0.06748880316856622,5.533198709617293,-5.60068751278586,-5.60068751278586,0.0,0.0980255406021815,-2.821532701499811,0.9873953420579934,2.7791548112860482,0.3754671533091792,0.4996291425794625,2.777664562237612
13,201,1.0,245.3441631065105,0.03138356046451673,5.534045532648195,-5.502661972183678,-5.502661972183678,0.0,0.046110279543424504,-2.7268847746115115,0.9840177283441117,2.7757771975721663,0.3756211468722626,0.4995322029249138,2.7739006769408543
13,202,1.0,234.28813233230812,0.0760950285013178,5.532646721141571,-5.456551692640254,-5.456551692640253,8.881784197001252e-16,0.02497676345537947,-2.6807461287615255,0.9840460946506729,2.7758055638787282,0.37546632435182054,0.4994691782596135,2.773674654236512
13,203,1.0,228.50884742864548,0.1012882490573055,5.532863178242179,-5.431574929184874,-5.431574929184873,8.881784197001252e-16,0.00034718784980825035,-2.6568009840416393,0.9830144759151797,2.7747739451432345,0.37514213651665496,0.49945181538292965,2.772576004148585
13,204,1.0,228.429525703811,0.10121650894935093,5.532444250284417,-5.431227741335066,-5.431227741335066,0.0,0.023565293408228882,-2.6560000517661435,0.9834682203408676,2.7752276895689225,0.37457800800745733,0.49945705116862543,2.7730497588692393
13,205,1.0,223.10944770158812,0.12318332946711377,5.530845777393951,-5.407662447926837,-5.407662447926837,0.0,-0.0582238601581917,-2.632019859155075,0.9838831195437076,2.775642588771762,0.3756959642083807,0.4993499212881134,2.7730305531458583
13,206,1.0,236.4853611392706,0.05613331764790512,5.522019625732933,-5.465886308085029,-5.465886308085028,8.881784197001252e-16,0.042685730627748164,-2.680162252679107,0.9939645861778666,2.7857240554059217,0.3770239117002997,0.49920923048419247,2.782497508171254
13,207,1.0,226.60322428337957,0.09474292781100815,5.517943505268288,-5.423200577457281,-5.42320057745728,8.881784197001252e-16,-0.05630571195008027,-2.634896803111159,0.9965443051180668,2.788303774346122,0.3772370504296598,0.49909845299771055,2.784599073957249
13,208,1.0,239.72832174074026,0.04665729169249325,5.526163581099854,-5.479506289407361,-5.479506289407361,0.0,0.013968286645878791,-2.6974423407971813,0.9903044793821246,2.7820639486101797,0.37613101769797475,0.49932934729141903,2.779345360475638
13,209,1.0,236.40300637217928,0.05441377679148589,5.519951779552968,-5.465538002761482,-5.465538002761482,0.0,0.0025383837535892795,-2.677946362805693,0.9958321707277346,2.787591639955789,0.3766437165345138,0.49919810203095133,2.7843100762553266
13,210,1.0,235.80368579611607,0.05757081651125652,5.520570435519149,-5.462999619007893,-5.462999619007892,8.881784197001252e-16,0.01981509410800708,-2.676253162359506,0.9949869874203324,2.7867464566483875,0.37701436769226315,0.4991915631337198,2.783447269650566
13,211,1.0,231.17720205319748,0.07373640445254628,5.516920929352432,-5.443184524899886,-5.443184524899886,0.0,0.051387483888087004,-2.653674926446601,0.9977501292252303,2.7895095984532845,0.37756399626651826,0.4990728723410798,2.7857062436219877
13,212,1.0,219.59765718275992,0.12734242289549663,5.519139463907296,-5.391797041011799,-5.391797041011799,0.0,0.08598101543280379,-2.6060013203953143,0.9940362513884295,2.785795720616484,0.37680757015142363,0.4990884680730923,2.7820780343466
13,213,1.0,201.50536887626419,0.20745912101153888,5.5132751465905345,-5.305816025578995,-5.305816025578996,8.881784197001252e-16,0.018981595656419437,-2.517371510935084,0.9966850454158562,2.788444514643911,0.3774942121797662,0.49887978858393384,2.783835233823184
13,214,1.0,197.7165481323127,0.22316179042787626,5.509996220350453,-5.286834429922576,-5.2868344299225765,8.881784197001252e-16,-0.011994348178207659,-2.495874990264958,0.9991999704295637,2.7909594396576183,0.37772480849988155,0.4988053938057962,2.786007884035021
13,215,1.0,200.1023084691861,0.21826413287594537,5.5170929109767295,-5.298828778100783,-5.298828778100784,8.881784197001252e-16,-0.014583148618434016,-2.5143950062656817,0.9926743026070467,2.784433771835102,0.37696315206086783,0.49895512424553123,2.780167599578187
13,216,1.0,203.04181168388007,0.2092114192701065,5.522623345989323,-5.313411926719217,-5.313411926719216,8.881784197001252e-16,-0.022038987806932475,-2.533772615771804,0.9878798417193583,2.779639310947413,0.376209803822359,0.49909277653428324,2.7759687404254954
13,217,1.0,207.56632237941272,0.1863710201363053,5.521821934662455,-5.33545091452615,-5.33545091452615,0.0,-0.07191308262005425,-2.5543547737020242,0.9893366715960704,2.7810961408241255,0.3764484165056332,0.49909686183136664,2.7774346951953706
13,218,1.0,223.04287044826566,0.11269171737301031,5.520055714519214,-5.407363997146204,-5.407363997146203,8.881784197001252e-16,0.011602896335398682,-2.6221838440722522,0.9934206838458971,2.785180153073952,0.3768306155663512,0.4991235851614202,2.7816085888640303
13,219,1.0,220.46988306316533,0.1297731094551315,5.525534210265937,-5.395761100810805,-5.395761100810805,0.0,-0.007309757915773041,-2.616318303638542,0.9876833279442075,2.7794427971722624,0.3760628713853454,0.49922563445310164,2.7763160920207977
13,220,1.0,222.08736904937643,0.11688126860203789,5.519952127328615,-5.403070858726578,-5.403070858726577,8.881784197001252e-16,0.07557826955401126,-2.6180567312727923,0.9932546582257302,2.785014127453785,0.37636292736715576,0.49912395915134056,2.7814453066410105
13,221,1.0,205.92099775168992,0.1945017010855567,5.5219942902581245,-5.327492589172567,-5.327492589172568,8.881784197001252e-16,-0.024196155156364085,-2.5472617912382316,0.9884713287062811,2.7802307979343364,0.37637091338820194,0.49906761807031863,2.7764537497594333
13,222,1.0,210.96426191686152,0.16943471565648066,5.521123459985412,-5.351688744328931,-5.351688744328931,0.0,-0.05638379839163754,-2.5697646242413064,0.9901646508595688,2.7819241200876235,0.37647798650519015,0.499056667269034,2.778088110155132
13,223,1.0,223.20096248810896,0.11900329581445457,5.527075838535023,-5.408072542720569,-5.408072542720568,8.881784197001252e-16,0.004961783347919635,-2.630063822834438,0.9862492506580759,2.778008719886131,0.37567960441173964,0.49926119009906217,2.7750329690133864
13,224,1.0,222.09623065567638,0.12625998674982145,5.529370746122471,-5.403110759372649,-5.403110759372649,0.0,-0.09717436593004258,-2.627511838396979,0.9838394517476136,2.775598920975668,0.37567011337225165,0.49930175243170555,2.7727951001694975
13,225,1.0,244.76171007271,0.026709468322858705,5.526994593625552,-5.500285125302692,-5.5002851253026925,8.881784197001252e-16,0.05037958945938925,-2.7193908185880304,0.9891348374866066,2.780894306714661,0.37632348687006045,0.4993483144636964,2.7782582419836577
13,226,1.0,232.73617964227856,0.0786785621714237,5.528584098014726,-5.449905535843302,-5.4499055358433015,8.881784197001252e-16,-0.0005021353239271775,-2.671995603606401,0.986150463008847,2.777909932236902,0.3756867381065025,0.49934500575850943,2.775272114953003
13,227,1.0,232.85307404518107,0.07792639319576719,5.528334064362998,-5.45040767116723,-5.4504076711672305,8.881784197001252e-16,-0.06869817417727297,-2.672130647713302,0.9865175542258733,2.7782770234539282,0.3751745641138887,0.4993574927789502,2.775691099941593
13,228,1.0,249.4119246224508,0.010211152655368698,5.529316997999872,-5.5191058453445025,-5.519105845344503,8.881784197001252e-16,-0.0036222008880777423,-2.739718913636294,0.9876274624801535,2.7793869317082085,0.3755992670863179,0.4994334935628026,2.7771082035729067
13,229,1.0,250.3169828791704,0.003185069423666899,5.525913115656248,-5.52272804623258,-5.522728046232581,8.881784197001252e-16,0.11505853662419607,-2.7400709084738946,0.9908976685306312,2.782657137758686,0.37604561912989176,0.4993717483431013,2.780117205270784
13,230,1.0,223.11102323502087,0.11512449378727242,5.522794003395657,-5.407669509608384,-5.407669509608385,8.881784197001252e-16,-0.06835930645517063,-2.625682172117496,0.990227868262834,2.781987337490889,0.3765609330278899,0.4991818157840517,2.778675033061621
13,231,1.0,238.89612070922146,0.0470883149696461,5.5231171310332,-5.476028816063555,-5.476028816063554,8.881784197001252e-16,0.0031718704823751054,-2.692188222546299,0.9920811242892009,2.783840593517256,0.3767853341582965,0.4992481751257063,2.7807962988759822
13,232,1.0,238.13957362455966,0.05172291487540622,5.524579860456586,-5.47285694558118,-5.47285694558118,0.0,-0.04348163073592648,-2.690466000736924,0.9906314756162006,2.7823909448442556,0.37646914236391354,0.4992751959660658,2.7794642917141403
13,233,1.0,248.72268881866052,0.009902251261784498,5.52624082757889,-5.516338576317106,-5.516338576317106,0.0,-0.011399439224234698,-2.734286303744249,0.9902928033448023,2.7820522725728574,0.376310525882644,0.49935213916081933,2.779436458887421
13,234,1.0,251.57420998578846,0.005009220073841192,5.532747235615181,-5.527738015541341,-5.52773801554134,8.881784197001252e-16,-0.08143783055298481,-2.751747248942678,0.9842312973706072,2.7759907665986616,0.37561845787674625,0.49947870278185835,2.773900290051492
13,235,1.0,272.9192178525481,-0.08551349653040788,5.523662349563918,-5.609175846094326,-5.609175846094326,0.0,0.038750131933403154,-2.8221915728637423,0.995224804002529,2.786984273230584,0.37688542513937057,0.49938639484160197,2.7845001864166865
13,236,1.0,262.5458449368096,-0.05340818756950137,5.517017526591422,-5.570425714160923,-5.5704257141609235,8.881784197001252e-16,0.011681675383929502,-2.77804782364262,1.0006184212902487,2.792377890518304,0.3771551539538845,0.49923143172434975,2.789224787560284
13,237,1.0,259.4967137571956,-0.03493020289686748,5.523813835880125,-5.558744038776993,-5.558744038776992,8.881784197001252e-16,0.10928539458106457,-2.773195396254079,0.9937891732948586,2.7855486425229135,0.3754800605300615,0.49937576804901207,2.783014667570162
13,238,1.0,232.63219502421384,0.06803578350889451,5.517494427704823,-5.4494586441959285,-5.4494586441959285,0.0,-0.0004606698577545032,-2.6611022316269017,0.9965969433409706,2.788356412569026,0.37643387898602654,0.4991091751074929,2.7846934515844333
13,239,1.0,232.7393863524161,0.06704255807815883,5.5169618721318425,-5.449919314053683,-5.449919314053684,8.881784197001252e-16,0.06808307508239331,-2.660710143688324,0.9974497011373042,2.789209170365359,0.374488281920472,0.49916188991857147,2.7857559451031246
13,240,1.0,217.42114628375333,0.1328081001208749,5.514644339092166,-5.38183623897129,-5.381836238971291,8.881784197001252e-16,0.04536153065076931,-2.592832087422852,0.997244682320383,2.789004151548438,0.37520549908291223,0.4990345072892664,2.7850025618666474
13,241,1.0,207.77893631002559,0.17745466767123375,5.513929375991754,-5.33647470832052,-5.33647470832052,0.0,-0.05305393809399739,-2.548622874081534,0.9960923650109312,2.7878518342389866,0.37613922493860663,0.498941682056035,2.7834732004496305
13,242,1.0,219.1000875990671,0.13287141461888002,5.522400061033398,-5.389528646414518,-5.389528646414518,0.0,0.06802057023047325,-2.6083652668150004,0.989403910371463,2.781163379599518,0.3756045204742723,0.4991517741829317,2.777716408921084
13,243,1.0,204.69234098917659,0.1972460329020742,5.518754109086118,-5.3215080761840445,-5.321508076184044,8.881784197001252e-16,0.02570958485159114,-2.5396090404758307,0.9901395664801589,2.7818990357082143,0.3753961089948993,0.49902747044682405,2.777943989662319
13,244,1.0,199.49685889773417,0.22308431775796864,5.518882809090421,-5.295798491332453,-5.2957984913324525,8.881784197001252e-16,-0.12788304044526289,-2.515098957086995,0.9889400650174033,2.7806995342454583,0.37482959852549325,0.49901119674796846,2.7766830031263208
13,245,1.0,226.7122362959211,0.10159798009984737,5.525279511877564,-5.423681531777716,-5.423681531777716,0.0,-0.0003773558628008544,-2.6444238917918383,0.9874981707578229,2.7792576399858775,0.37450603795824305,0.4992562179979536,2.776251591593034
13,246,1.0,226.7978036311086,0.10004837518861898,5.524107262829136,-5.424058887640517,-5.424058887640517,0.0,-0.06961809538948494,-2.6437883393616883,0.9885110790507742,2.780270548278829,0.374686867036292,0.49923126036467164,2.7771609934153862
13,247,1.0,243.14962218901098,0.02968000510313827,5.523356988133141,-5.493676983030002,-5.493676983030003,8.881784197001252e-16,-0.000668355388262043,-2.7101180403113823,0.9917994734905656,2.7835589427186207,0.3732547142062992,0.4993462446427574,2.780906712353328
13,248,1.0,243.3121868685931,0.027287663659539448,5.521633002077802,-5.494345338418264,-5.494345338418263,8.881784197001252e-16,-0.04909864385216345,-2.7092396122365052,0.9933462569537038,2.7851057261817584,0.37350821861108846,0.49931074008537984,2.7823042525386223
13,249,1.0,255.55661807839036,-0.024168847940701784,5.519275134329726,-5.543443982270428,-5.5434439822704284,8.881784197001252e-16,0.0012788312217999476,-2.754377421862324,0.9973070911800482,2.7890665604081035,0.37245363462551956,0.49936968848347957,2.7864915407762667
13,250,1.0,255.2300131770376,-0.023325930490208428,5.518839220558419,-5.542165151048628,-5.542165151048628,0.0,0.004847876753697022,-2.7529002310043373,0.9975054508162348,2.7892649200442894,0.37255162297369754,0.4993555744121055,2.7866343226637174
13,251,1.0,253.99568388487552,-0.016727529882081916,5.520589744412847,-5.537317274294931,-5.537317274294929,1.7763568394002505e-15,-0.06671825516942143,-2.7503090276946334,0.9952487773722426,2.7870082466002977,0.3738873710229016,0.4993227784331821,2.784254499413647
13,252,1.0,271.5199261407149,-0.0805879388617375,5.523447590602613,-5.604035529464352,-5.60403552946435,1.7763568394002505e-15,0.074727661057306,-2.817949888575613,0.9943261716606848,2.78608564088874,0.3743946081241196,0.4994320160136638,2.783779376258915
13,253,1.0,251.96945463707513,-0.0042198966043596395,5.5250879718026855,-5.529307868407046,-5.529307868407045,8.881784197001252e-16,0.05408788328895575,-2.7471598451192896,0.9903885540597012,2.7821480232877556,0.374543880811576,0.4993563508964167,2.7795481876124803
13,254,1.0,238.70297225679306,0.0529422961343404,5.52816228125243,-5.47521998511809,-5.47521998511809,0.0,-0.09385196789786221,-2.6978761320571585,0.9855843838328765,2.777343853060932,0.37396758541821057,0.49935211701749393,2.774741913367599
13,255,1.0,262.19066104448166,-0.041682677721866006,5.527389275294087,-5.5690719530159525,-5.569071953015953,8.881784197001252e-16,0.08509219784345312,-2.787881498432725,0.9894309853551722,2.781190454583227,0.37317883578307365,0.49947739662435736,2.779086075074595
13,256,1.0,240.8031404709488,0.036615350549364406,5.520595105721863,-5.483979755172499,-5.483979755172499,0.0,0.10742468593456689,-2.698839815996521,0.993380469947924,2.785139939175979,0.372340360381395,0.4992954705489125,2.7822828800315995
13,257,1.0,216.2759349959361,0.13781053486233064,5.514365604100263,-5.3765550692379325,-5.3765550692379325,0.0,0.061458891841541075,-2.5890734868758467,0.9957221131340317,2.7874815823620858,0.3719660053597926,0.4990769931137458,2.7837113221242475
13,258,1.0,203.38407313883914,0.19516902106994002,5.510265198466331,-5.315096177396391,-5.3150961773963905,8.881784197001252e-16,0.08317649724593856,-2.525748999234566,0.9975877089337706,2.7893471781618255,0.37145267045685715,0.4989604552685359,2.78507445481438
13,259,1.0,187.15173035947205,0.2724250347809817,5.504344714931435,-5.231919680150453,-5.231919680150453,0.0,-0.036541122706904794,-2.440544670987789,0.9996155399346086,2.7913750091626635,0.373589934165904,0.4986989798403256,2.7859950630189005
13,260,1.0,194.11694813153505,0.24122256108385332,5.509683363941211,-5.268460802857358,-5.268460802857358,0.0,-0.05856544547512588,-2.4807691551537006,0.9959321784756021,2.787691647703657,0.3731030500527706,0.49882983180609647,2.7828757012060286
13,261,1.0,205.824990768336,0.1877511513712491,5.514777399703733,-5.3270262483324835,-5.3270262483324835,0.0,0.0036084932672961756,-2.542267180407522,0.9929995986969065,2.7847590679249614,0.3734042431914544,0.4989596391607057,2.780511126442862
13,262,1.0,205.08361111113032,0.19228253319893338,5.515700288264122,-5.323417755065187,-5.323417755065188,8.881784197001252e-16,-0.03510316380477896,-2.540276683118908,0.9913816027182252,2.78314107194628,0.3755711976678806,0.49887663965636647,2.778561129689764
13,263,1.0,212.4105415678477,0.1625778512545449,5.52109877012451,-5.358520918869966,-5.358520918869965,8.881784197001252e-16,0.03902055122689685,-2.579400554816772,0.9873608948251382,2.779120364053193,0.3749921611087208,0.4990340458033376,2.775221088628784
13,264,1.0,204.28179069847008,0.19520302213590293,5.514703389778972,-5.319500367643069,-5.3195003676430686,8.881784197001252e-16,0.07842775933715984,-2.5359182638411606,0.9918226345738542,2.783582103801909,0.3756267987288874,0.4988676220019211,2.7789822986550132
13,265,1.0,188.87258009479638,0.2640927054757304,5.50516531378164,-5.24107260830591,-5.24107260830591,0.0,-0.06375581647153616,-2.4513103644874366,0.9980027745904182,2.789762243818473,0.3755242193276526,0.49863769162536054,2.784168832761283
13,266,1.0,201.30646024977224,0.20329944590400167,5.508127870681447,-5.304828424777446,-5.304828424777445,8.881784197001252e-16,0.019858216936659012,-2.5155714195528724,0.997497535996518,2.7892570052245733,0.3768010952150119,0.498709178758668,2.7839635072615514
13,267,1.0,197.34830392848477,0.2203143202269479,5.505284528067734,-5.284970207840787,-5.284970207840786,8.881784197001252e-16,-0.00998585218160386,-2.493720941741459,0.9994897968712729,2.791249266099328,0.37668804605964396,0.49864755479476447,2.7856835392522097
13,268,1.0,199.32886726817907,0.21812381552196028,5.513079875544351,-5.294956060022391,-5.294956060022391,0.0,0.08507307213985804,-2.5109312552333334,0.9922653355610022,2.784024804789057,0.37531900429356235,0.4988233566892594,2.779244311481603
13,269,1.0,183.07263522367117,0.2978271646754549,5.507710152557987,-5.209882987882533,-5.209882987882532,8.881784197001252e-16,0.016003977596072083,-2.4241357791698674,0.9939877394846105,2.7857472087126656,0.37457050976145806,0.4986653792587341,2.780295125114227
13,270,1.0,180.16606524887158,0.3106326361325079,5.504511646418967,-5.1938790102864605,-5.19387901028646,8.881784197001252e-16,0.04350776504455123,-2.4055061258403008,0.9966134152181052,2.7883728844461597,0.3743451317003485,0.49860318001144877,2.782636532715711
13,271,1.0,172.49551657117547,0.3519781817280606,5.502349426969969,-5.150371245241909,-5.150371245241908,8.881784197001252e-16,-0.030161712802774687,-2.3621917771484218,0.9964199988654316,2.7881794680934866,0.37565562674290287,0.49847870097347197,2.7819336619001604
13,272,1.0,177.77753371626196,0.329342563928991,5.509875521973675,-5.180532958044684,-5.180532958044684,0.0,0.0016331172137977745,-2.3989258726553317,0.9898476161612981,2.781607085389353,0.3763559760062068,0.4985883929438799,2.7758762448603416
13,273,1.0,177.48743910944668,0.3324553794999262,5.511355220330813,-5.178899840830886,-5.178899840830887,8.881784197001252e-16,0.01970247816461157,-2.398827398852895,0.9883129727499359,2.7800724419779907,0.37654784632959337,0.49860303331452377,2.774413648084277
13,274,1.0,174.02472079652296,0.3492669333186217,5.508464295984895,-5.159197362666275,-5.159197362666274,8.881784197001252e-16,-0.04120699880674916,-2.3772720553031754,0.9901658381350439,2.781925307363099,0.37667509382281017,0.4985290076503237,2.775947006705708
13,275,1.0,181.3455562076409,0.31178225891374217,5.512186620386766,-5.200404361473024,-5.200404361473024,0.0,-0.010135255321071845,-2.4200371697883707,0.9886077224565982,2.7803671916846535,0.3758775849429187,0.49865883722880744,2.7749326403855332
13,276,1.0,183.19288548445337,0.29318221506717956,5.5037218318612755,-5.210539616794096,-5.210539616794096,0.0,0.041677844866001124,-2.421253993451565,0.9975261541144755,2.7892856233425305,0.3751874586416616,0.4985667493482473,2.783393159643559
13,277,1.0,175.71472018894312,0.3302602452019018,5.499122017129996,-5.1688617719280945,-5.1688617719280945,0.0,0.031721718836204005,-2.376868544295034,1.0002337584050058,2.7919932276330606,0.37433317197294047,0.4984733736749735,2.785671535191748
13,278,1.0,170.228227789876,0.3648257536901951,5.501965806782086,-5.1371400530918905,-5.1371400530918905,0.0,-0.03627373621449603,-2.350122769341976,0.9952578145218595,2.7870172837499143,0.3756649325791889,0.4984181853579352,2.7805224034711657
13,279,1.0,176.51639989454998,0.3320132415260495,5.505427030832435,-5.1734137893063865,-5.173413789306386,8.881784197001252e-16,-0.004301923689371989,-2.388486406077534,0.9931679140007973,2.7849273832288515,0.37535739063878815,0.498514911097792,2.778866655612996
13,280,1.0,177.2773956760924,0.324954190446766,5.502669903442525,-5.1777157129957585,-5.177715712995759,8.881784197001252e-16,-0.018451619855430756,-2.3896563306299967,0.9962999131377067,2.7880593823657613,0.37460812438806795,0.4985058693008552,2.78193135800311
13,281,1.0,180.57881539400327,0.3082334918616551,5.504400824712844,-5.196167332851189,-5.196167332851189,0.0,-0.0171969814204731,-2.4089442891070934,0.9954635745160402,2.787223043744095,0.3738508102462343,0.49857326415445186,2.7813800142527554
13,282,1.0,183.71108149491783,0.2941444562540664,5.507508770525728,-5.213364314271662,-5.2133643142716615,8.881784197001252e-16,0.020641614384723006,-2.4286210115288087,0.9929838335147979,2.784743302742853,0.37420238055296956,0.49862408899947175,2.7791349259663254
13,283,1.0,179.9578577534284,0.3116925970252967,5.504415296912237,-5.192722699886939,-5.19272269988694,8.881784197001252e-16,-0.0033297705631349928,-2.4062212435819323,0.9947419870769524,2.7865014563050075,0.37510032845031077,0.4985128858247041,2.7804172208504805
13,284,1.0,180.55807486885266,0.30593520692526405,5.501987677375339,-5.196052470450074,-5.196052470450074,0.0,0.049259894404610094,-2.4064646802441865,0.9978283209778326,2.7895877902058874,0.3727217494599342,0.4985654744200187,2.7836863131317364
13,285,1.0,171.8793154271579,0.35540628268035146,5.502198858725816,-5.146792576045464,-5.146792576045464,0.0,0.041085595132672736,-2.3604855823516995,0.9945475244657097,2.7863069936937648,0.3752246796147051,0.4984150298443441,2.779818027865575
13,286,1.0,164.96065334915153,0.3921793551740982,5.497886336086889,-5.1057069809127915,-5.105706980912791,8.881784197001252e-16,0.02182883161433402,-2.317482887077169,0.9964646246075676,2.788224093835623,0.37655225983171475,0.4982502249168988,2.781026886028794
13,287,1.0,161.39877230953437,0.4114360269497842,5.495314176248241,-5.0838781492984575,-5.0838781492984575,0.0,-0.05121866003285103,-2.2944586036051504,0.9976600764652521,2.7894195456933066,0.3771436750168826,0.49815550389056257,2.781809503233067
13,288,1.0,169.8807651219172,0.36734145116758604,5.502438260498893,-5.1350968093313085,-5.135096809331308,8.881784197001252e-16,-0.0003892141168000407,-2.3507151485434075,0.9926221915598464,2.784381660787902,0.37716994344581867,0.4983192903424727,2.777514004850713
13,289,1.0,169.94689798296204,0.3638053376859365,5.499291361134045,-5.135486023448109,-5.135486023448109,0.0,-0.05349518709551582,-2.347930024302545,0.9957965299175079,2.7875559991455625,0.3754859150450905,0.4983171767263695,2.7806439181637805
13,290,1.0,179.2858053688063,0.3185862370132657,5.507567447556891,-5.188981210543624,-5.188981210543625,8.881784197001252e-16,-0.06737344524986977,-2.4072403639776394,0.98998137733793,2.781740846565985,0.37512837059868304,0.4985133352688041,2.7757032975146
13,291,1.0,191.78110735395015,0.251203587464217,5.507558243257711,-5.256354655793494,-5.256354655793494,0.0,0.035136343040427676,-2.470835385945956,0.993759800619483,2.7855192698475375,0.3722113457710208,0.4987013614910847,2.780222717943136
13,292,1.0,185.15962904897543,0.2796374274669783,5.500855740220046,-5.2212183127530665,-5.221218312753067,8.881784197001252e-16,0.046237632156082675,-2.4304371541936067,0.9990216893314056,2.79078115855946,0.3712723459521923,0.4985840631594664,2.7849463260737615
13,293,1.0,176.7931987043827,0.3240981453116406,5.499078825908624,-5.174980680596984,-5.174980680596984,0.0,-0.03512216361552678,-2.3851910289846674,0.9980301823842614,2.789789651612317,0.3730677271503704,0.4984292314847268,2.7833173448378896
13,294,1.0,183.11288932626843,0.2933216333227979,5.503424477535309,-5.210102844212511,-5.210102844212511,0.0,-0.07827138372683251,-2.423268513726366,0.9950748612580899,2.7868343304861445,0.37275085279097203,0.4985388832680357,2.7808551631261
13,295,1.0,198.02122619214632,0.20727251970950683,5.49564674764885,-5.288374227939343,-5.288374227939343,0.0,0.04710495023120931,-2.4890314195449452,1.0075833391663427,2.799342808394398,0.36708049637353785,0.49872406668147,2.794003117018248
13,296,1.0,188.90972920514696,0.2542726201414631,5.495541897849596,-5.241269277708134,-5.241269277708133,8.881784197001252e-16,-0.035625317521747135,-2.444539548267306,1.0049702602127717,2.796729729440827,0.3692589041860999,0.4985707703075963,2.7907854984737814
13,297,1.0,195.76101327507052,0.22253399938330992,5.499428594613191,-5.276894595229881,-5.276894595229881,0.0,-0.1150572491155133,-2.482723897840294,1.0024112281615318,2.794170697389587,0.36898225970260307,0.4986758419834456,2.7886994799161258
13,298,1.0,219.63165426350434,0.11945703165320319,5.5114088759985975,-5.391951844345394,-5.391951844345394,0.0,-0.018160024023526233,-2.605225102144144,0.9949672729731948,2.78672674220125,0.3700005542203353,0.49898524623869367,2.782607089325994
13,299,1.0,223.65660638087343,0.10375085032016697,5.5138627186890865,-5.41011186836892,-5.4101118683689196,8.881784197001252e-16,-0.02012535874011956,-2.6250755156358077,0.9932768835050579,2.7850363527331132,0.3707549811908782,0.49902790590625673,2.781098033613143
13,300,1.0,228.2033750301768,0.08500786138403953,5.51524508849308,-5.43023722710904,-5.43023722710904,0.0,0.026419078216513903,-2.6459574474559733,0.9925203104250127,2.7842797796530676,0.37157628250232977,0.49904620085893897,2.780418045084962
13,301,1.0,222.25339478322104,0.1120463217436308,5.515864470636156,-5.403818148892526,-5.403818148892525,8.881784197001252e-16,0.012996636889709201,-2.6214332339280495,0.9906254457364213,2.7823849149644766,0.37224124231119926,0.4989917978912343,2.7783099462938456
13,302,1.0,219.38353775471103,0.13048715989483903,5.521308671897655,-5.390821512002817,-5.390821512002816,8.881784197001252e-16,0.0649587209019229,-2.6151570587402397,0.9839049840345222,2.775664453262577,0.3740208249822972,0.49898242909380897,2.7715850050276694
13,303,1.0,205.5856614460971,0.19136710171298393,5.517229892813878,-5.325862791100894,-5.325862791100894,0.0,0.019082609220593127,-2.54959887595124,0.9845044459215991,2.776263915149654,0.37542513550800466,0.49875624788140116,2.7712615570734425
13,304,1.0,201.699745236952,0.20641799538981015,5.513198177270111,-5.306780181880301,-5.306780181880301,0.0,-0.05613412832473319,-2.527554677681884,0.9874660349703624,2.779225504198417,0.37644946579281247,0.4986214211031858,2.773653415508116
13,305,1.0,213.34579716822503,0.1564403740816544,5.519354684286688,-5.362914310205034,-5.362914310205033,8.881784197001252e-16,0.028215263012620007,-2.5874310866370904,0.9837237543398888,2.7754832235679436,0.3757524694587376,0.4988211093227884,2.7707494136615893
13,306,1.0,207.41031869641776,0.1854657371299397,5.520164784322353,-5.334699047192414,-5.334699047192413,8.881784197001252e-16,0.020197568357732898,-2.5616765345429404,0.981263043421419,2.773022512649474,0.3755926045297096,0.4987904524321373,2.7681779552215295
13,307,1.0,203.26315688099473,0.2047174781356362,5.519218956970318,-5.314501478834681,-5.314501478834681,0.0,-0.06696024591144667,-2.5413913412978775,0.9813506683087488,2.773110137536804,0.3755008407924556,0.49874804585368343,2.7680949591721897
13,308,1.0,217.33973421755897,0.13815295553469295,5.519614680280821,-5.381461724746128,-5.381461724746128,0.0,-0.024755338086091427,-2.6058428263533076,0.9838594291647654,2.77561889839282,0.375894929624306,0.49882814308423423,2.7709134004654463
13,309,1.0,222.78720157238905,0.1105487546270451,5.516765817459264,-5.406217062832219,-5.406217062832219,0.0,0.006158204419161706,-2.626963214282895,0.9874943793212697,2.7792538485493243,0.37623706302113225,0.4987948628195453,2.7743934416841824
13,310,1.0,221.4194482180037,0.11978784362544398,5.519846702038501,-5.4000588584130575,-5.4000588584130575,0.0,0.041203623688809365,-2.6241360353734193,0.9841633538115829,2.775922823039638,0.3757982071225275,0.4988535842395197,2.7713181022159703
13,311,1.0,212.48156565108752,0.15736156462677045,5.516216799351018,-5.358855234724248,-5.358855234724248,0.0,-0.00900396176813878,-2.5812567818099907,0.9858389836862015,2.7775984529142566,0.37607749237723864,0.498719724085438,2.772441985090607
13,312,1.0,214.40338053485755,0.14274971420950183,5.5106089107018885,-5.367859196492387,-5.367859196492387,0.0,0.016195071648883896,-2.5844957865200517,0.9916039407442804,2.7833634099723352,0.37703031699588063,0.49859014305642724,2.7776422132163074
13,313,1.0,210.9590681492237,0.15393405634292284,5.505598181186425,-5.351664124843503,-5.351664124843502,8.881784197001252e-16,-0.0248683646783201,-2.5642786474671087,0.9956260081483393,2.7873854773763944,0.3773636879493018,0.49845791815783985,2.7810963881386357
13,314,1.0,216.2710516018555,0.12785546346917137,5.504387952990994,-5.376532489521823,-5.376532489521822,8.881784197001252e-16,-0.010133907425872835,-2.5867684745373327,0.9980045457564343,2.7897640149844896,0.3768145478567063,0.4984842187203003,2.783573039405402
13,315,1.0,218.47386512016004,0.12359814679374519,5.5102645437414415,-5.386666396947696,-5.386666396947696,0.0,0.008326736434357329,-2.602551149918325,0.992355777801316,2.784115247029371,0.3764419849141083,0.4986156490839195,2.7784919775550527
13,316,1.0,216.6622437416936,0.13549265534900012,5.513832315862339,-5.378339660513339,-5.378339660513339,0.0,-0.03974565672390362,-2.59833993072716,0.9882402605581246,2.7799997297861796,0.37638927360044167,0.49866045303491696,2.774588840726055
13,317,1.0,225.4470494131582,0.09892927935886198,5.517014596596104,-5.418085317237242,-5.418085317237241,8.881784197001252e-16,0.009669982637083407,-2.6393771877414505,0.9869486602677368,2.778708129495792,0.3756790264876271,0.49879859906440044,2.773863345841559
13,318,1.0,223.27748708082174,0.11274062838167531,5.521155962981835,-5.408415334600159,-5.40841533460016,8.881784197001252e-16,-0.0288950414011806,-2.6338763523155504,0.982779513056553,2.7745389822846076,0.37432325335052047,0.4989207562778975,2.7702145397968128
13,319,1.0,229.82321340520014,0.07905779886837783,5.516368174869717,-5.4373103760013395,-5.437310376001339,8.881784197001252e-16,-0.0021880402447003178,-2.6567925658785168,0.9887583408947686,2.7805178101228236,0.3734032815482026,0.4989117215270807,2.7761297570320127
13,320,1.0,230.32662638838895,0.07727182002269091,5.516770236268731,-5.43949841624604,-5.43949841624604,0.0,0.06826036814556602,-2.6594139800121943,0.988324967005792,2.7800844362338473,0.3745480440567406,0.49887301337205336,2.775538396602317
13,321,1.0,215.1290430044728,0.14396747237469337,5.515205520475167,-5.371238048100474,-5.371238048100474,0.0,-0.022237888872987277,-2.59268243046504,0.9867961484073788,2.7785556176354334,0.3749429583167255,0.49873440413290543,2.7734468565191697
13,322,1.0,219.96664846490862,0.12144248606317666,5.5149184230366375,-5.393475936973461,-5.393475936973461,0.0,0.06945029442984296,-2.6138942584356357,0.9878222093097705,2.7795816785378253,0.3754917785726413,0.49873697789192883,2.77447499643792
13,323,1.0,205.2083167700203,0.18878479964823688,5.512810442191856,-5.324025642543618,-5.324025642543619,8.881784197001252e-16,-0.06476868848133055,-2.546012699496236,0.9862534738193279,2.7780129430473828,0.37620161615576636,0.49856311648272605,2.772219022448652
13,324,1.0,218.93925808990588,0.12462601682099037,5.513420347845939,-5.388794331024949,-5.388794331024949,0.0,-0.039052171340157926,-2.608487153993886,0.9885477078030078,2.780307177031063,0.3756374801473899,0.4986823493449226,2.7749877795380833
13,325,1.0,227.65845521103412,0.088006560733891,5.515853063098998,-5.427846502365107,-5.427846502365107,0.0,-0.0510753279647016,-2.648501885281805,0.9875851478552463,2.7793446170833014,0.3760852600583413,0.4987622655887593,2.7743558487657967
13,326,1.0,239.58825128366487,0.03253385501130199,5.511455685341111,-5.478921830329808,-5.478921830329809,8.881784197001252e-16,0.10088083628704414,-2.6930522502274523,0.9941101108743009,2.785869580102356,0.37543586204994434,0.4987808373139458,2.7809230195618384
13,327,1.0,216.5975436564024,0.12507582563025413,5.503116819673018,-5.378040994042764,-5.378040994042764,0.0,0.016623746000364648,-2.588510532270218,0.9977709925444899,2.789530461772545,0.3765741027653164,0.49842675809903164,2.7830867599599105
13,328,1.0,213.02664420324828,0.1392808499947887,5.500698098037189,-5.361417248042399,-5.3614172480424,8.881784197001252e-16,0.040067682248702496,-2.5702079050667765,0.9994498737475682,2.7912093429756233,0.37724289133290445,0.49832593031959305,2.784333651448753
13,329,1.0,204.65989769767265,0.1873441972863782,5.508693763080075,-5.321349565793697,-5.321349565793697,0.0,-0.020677627928891162,-2.540169217658297,0.989420878907346,2.7811803481354005,0.37669058697741775,0.49843409148025614,2.7748325186295855
13,330,1.0,208.93583467912495,0.16663317786302592,5.508660371585615,-5.342027193722588,-5.342027193722589,8.881784197001252e-16,-0.01540267884508939,-2.5600140793206703,0.9902536451738637,2.7820131144019187,0.37691981044423173,0.49845652768173593,2.775750944936112
13,331,1.0,212.1789182107833,0.15389546400272938,5.511325336570407,-5.357429872567677,-5.357429872567678,8.881784197001252e-16,-0.09668817116912809,-2.5773435298383625,0.9883268735012599,2.7800863427293145,0.3765483154324054,0.4985476202615237,2.7742180926213926
13,332,1.0,233.71865051643505,0.05334970220283231,5.507467745939639,-5.4541180437368055,-5.454118043736806,8.881784197001252e-16,0.08002110531141149,-2.6660266567901982,0.996331917718552,2.7880913869466073,0.37763309523669697,0.4985848215296822,2.782317386875176
13,333,1.0,215.74495333467047,0.1261234536760382,5.500220392101432,-5.374096938425394,-5.374096938425394,0.0,-0.005334980975989723,-2.5823753398221583,0.9999621293751809,2.7917215986032358,0.3781133426821392,0.4983227679656714,2.7848290341860764
13,334,1.0,216.89902429241414,0.12861637966456718,5.50804829906595,-5.379431919401384,-5.379431919401383,8.881784197001252e-16,-0.04107410752973362,-2.5952405175502666,0.9924319326230618,2.784191401851117,0.37644139937054777,0.49853175043524295,2.7782378689234677
13,335,1.0,225.99345234574682,0.08816143527057729,5.508667462201695,-5.420506026931117,-5.420506026931117,0.0,0.061050328315110036,-2.634984476385551,0.9937620813175115,2.785521550545567,0.37581991284645994,0.4986363070479047,2.7799861295255472
13,336,1.0,212.60919147243953,0.14394623379031204,5.5034019324063195,-5.359455698616007,-5.359455698616007,0.0,-0.030915715379338238,-2.571140127402488,0.9965561019854645,2.7883155712135195,0.37462571810558165,0.4985066297731983,2.7821968692162957
13,337,1.0,219.28481588042183,0.12024743497496569,5.510618848970312,-5.390371413995346,-5.3903714139953465,8.881784197001252e-16,0.10973207363006843,-2.6081272466755334,0.9904846980917573,2.7822441673198117,0.3737354458400487,0.4986944892907725,2.7769620607810324
13,338,1.0,196.49546268188212,0.22665110025483098,5.507290440620108,-5.280639340365277,-5.280639340365277,0.0,0.020982468086563344,-2.500977518664188,0.9879023524730345,2.7796618217010898,0.3759738526629426,0.49837539716376034,2.773089946184738
13,339,1.0,192.4154568915125,0.2455109330298535,5.505167805308567,-5.259656872278714,-5.259656872278713,8.881784197001252e-16,-0.09320840408837228,-2.4791747672835642,0.9887226357670936,2.780482104995149,0.3767516603284246,0.498271194015604,2.7734749019362632
13,340,1.0,211.2126141984725,0.16301005088016188,5.515875327247248,-5.352865276367086,-5.352865276367086,0.0,-0.03576516321218026,-2.5784857757371937,0.9826200314018377,2.774379500629893,0.3756559282511397,0.4986395598206484,2.7689211345629867
13,341,1.0,218.90337875861883,0.13074396031751545,5.5193743998967815,-5.388630439579266,-5.388630439579266,0.0,-0.0031948150498735117,-2.616447662122565,0.9804233082286465,2.772182777456702,0.3755140686854612,0.49874755753540184,2.7671709353782816
13,342,1.0,219.60385291443018,0.12486278657379897,5.516688041202938,-5.39182525462914,-5.391825254629139,8.881784197001252e-16,-0.06368781918653887,-2.616654881501956,0.983410903899129,2.775170373127184,0.3749892318176523,0.4987257747367579,2.770063457882113
13,343,1.0,234.04492259066444,0.06294162006855725,5.5184546938842365,-5.455513073815679,-5.45551307381568,8.881784197001252e-16,0.047481748539105695,-2.679478935993417,0.9842746685942068,2.7760341378222613,0.37536315660595865,0.49883642707523096,2.771365650259995
13,344,1.0,223.19176290453083,0.11008964152727237,5.518120966803846,-5.408031325276573,-5.408031325276573,0.0,0.0647295509355299,-2.633997818931042,0.9822740371174762,2.7740335063455315,0.37516195783162676,0.49875991117712365,2.7690644721344015
13,345,1.0,209.20231003059138,0.1722760520753591,5.515577826416402,-5.343301774341043,-5.343301774341043,0.0,-0.06688195486338877,-2.569842044028223,0.9817002610847644,2.773459730312819,0.37485496313261224,0.4986207326195878,2.767933864863442
13,346,1.0,223.6726791089685,0.10473896164563096,5.514922690850062,-5.410183729204432,-5.410183729204431,8.881784197001252e-16,-0.0011604554454258675,-2.6328002098903047,0.9856240500860723,2.7773835193141276,0.37390448919646185,0.4987465494744443,2.77234911075495
13,347,1.0,223.932391950879,0.10379021636846611,5.515134401018324,-5.411344184649858,-5.411344184649858,0.0,-0.03920975725150466,-2.6341361313745555,0.9854485840472472,2.7772080532753023,0.3738937177369238,0.49874399584267337,2.772161916797845
13,348,1.0,232.8871361263487,0.06753811695328557,5.518092058854648,-5.450553941901362,-5.450553941901362,0.0,-0.01956782271831159,-2.674762094537353,0.9840323781359546,2.7757918473640095,0.3746527613705034,0.4988296283809081,2.7710959601454763
13,349,1.0,237.4891087716638,0.04875344861288476,5.518875213232558,-5.470121764619674,-5.470121764619673,8.881784197001252e-16,-0.023297169791701045,-2.694493560853451,0.9838687345381681,2.775628203766223,0.3750329885942074,0.498854505869426,2.771032605498895
13,350,1.0,243.08688585974508,0.02424727056661185,5.517666204977987,-5.493418934411375,-5.493418934411375,0.0,-0.04075284020248482,-2.715618468209019,0.9860409969743005,2.7778004662023554,0.37490424946276363,0.49887423046480267,2.7732778407669367
13,351,1.0,253.19799576379233,-0.015182204695321014,5.5189895699185385,-5.53417177461386,-5.53417177461386,0.0,0.09463938845131459,-2.756282417021365,0.9861298883644398,2.777889357592495,0.37561139853346565,0.49893605176411465,2.773607224750402
13,352,1.0,230.33445069755118,0.07976971712717419,5.5193021032897205,-5.439532386162545,-5.439532386162546,8.881784197001252e-16,-0.0674612265282315,-2.666066463955129,0.9817064529793612,2.7734659222074165,0.37513704624190713,0.49880973966032544,2.768698881766593
13,353,1.0,246.4092108582946,0.01142951709262336,5.5184231297834,-5.506993612690777,-5.506993612690777,0.0,0.08162387981862373,-2.729651893055234,0.985582250407488,2.7773417196355434,0.37443610462843024,0.49892748786210483,2.7730366395829265
13,354,1.0,227.09529539077243,0.0867062182939713,5.512075951166125,-5.425369732872153,-5.425369732872154,8.881784197001252e-16,0.08879658238780674,-2.645486139437985,0.9881241242061126,2.7798835934341675,0.3738219621381464,0.4986851364628895,2.7745901340447343
13,355,1.0,207.79939152492466,0.17242294537452144,5.508996095858867,-5.336573150484346,-5.336573150484345,8.881784197001252e-16,-0.012236449060360144,-2.5586403415800114,0.98617333967628,2.777932808904335,0.3756399122150373,0.4984017662268612,2.7714902298186623
13,356,1.0,210.35773881539762,0.16297306228757938,5.511782661832285,-5.3488095995447065,-5.348809599544706,8.881784197001252e-16,-0.026438940610157502,-2.57287508045884,0.9841750498578117,2.7759345190858666,0.3740126526354929,0.49855208173714294,2.7701222717780873
13,357,1.0,215.99354871001344,0.13435600954420418,5.509604549699067,-5.375248540154864,-5.375248540154863,8.881784197001252e-16,0.0600438723753518,-2.595451150121439,0.9880379208053703,2.779797390033426,0.3725737821857824,0.49861042200578315,2.7742010032515396
13,358,1.0,203.40613955182988,0.18897943394159497,5.5041841017211075,-5.315204667779512,-5.315204667779512,0.0,-0.03178467602784085,-2.533065731726518,0.9903794668249389,2.7821389360529936,0.37232488583209783,0.4984165850974578,2.7757317415053
13,359,1.0,209.97518221547318,0.16302521975340492,5.510014563560757,-5.346989343807353,-5.346989343807352,8.881784197001252e-16,-0.05495179201757061,-2.5699520656733057,0.9852778089059923,2.7770372781340473,0.3742866759272696,0.49847963594197625,2.770929128951631
13,360,1.0,221.8366135311884,0.11409058769089575,5.51603172351582,-5.401941135824924,-5.401941135824924,0.0,0.042233313943917494,-2.628627929546362,0.9815537370505067,2.7733132062785617,0.3750101609350406,0.4986454472581308,2.7678894006325616
13,361,1.0,212.662801953903,0.1541163836403704,5.513824205521376,-5.359707821881006,-5.359707821881006,0.0,-0.0363767202524512,-2.5865605237283975,0.9813878289245537,2.7731472981526086,0.37557288344944184,0.4985007280423172,2.767140313163114
13,362,1.0,220.54120366714182,0.1211897285949863,5.517274270728445,-5.396084542133457,-5.396084542133458,8.881784197001252e-16,0.019173760956746833,-2.6246315320032267,0.9796935409021765,2.7714530101302315,0.3755240507161918,0.4986347714897709,2.7659924411386054
13,363,1.0,216.35288061251032,0.1397366665420348,5.516647447718745,-5.3769107811767105,-5.37691078117671,8.881784197001252e-16,-0.04179540867468745,-2.6055364133174614,0.9796148986311938,2.771374367859249,0.3755499805108655,0.49859345874957867,2.765749081566991
13,364,1.0,225.58706677405564,0.09977479916176403,5.518480989013161,-5.418706189851398,-5.418706189851397,8.881784197001252e-16,-0.022690996943392605,-2.6471570099094737,0.9797897107138693,2.7715491799419247,0.3755209332616588,0.49869478927477134,2.7663277454432227
13,365,1.0,230.76437926778559,0.07694602039012591,5.518343207184917,-5.441397186794791,-5.4413971867947915,8.881784197001252e-16,0.04148625730171496,-2.6685722668612915,0.9810654507054438,2.7728249199334987,0.375297364624428,0.49873663793126055,2.767767022720383
13,366,1.0,221.3866963007033,0.11585121216700701,5.515762141660082,-5.399910929493076,-5.399910929493076,0.0,-0.03972667881638525,-2.6264924857512537,0.9816589745137666,2.7734184437418214,0.37484130025176576,0.4986311895629249,2.7679377421840656
13,367,1.0,230.35868825810377,0.07845134387816198,5.518088952187623,-5.439637608309461,-5.439637608309461,0.0,0.06297006866698851,-2.6668822436056328,0.980995895475773,2.772755364703828,0.3753188722334236,0.49871364351521885,2.7676055862574764
13,368,1.0,216.30026100578976,0.1369709412870947,5.513638480929568,-5.376667539642472,-5.376667539642474,1.7763568394002505e-15,-0.10176296582750144,-2.602481610572742,0.9824264598416755,2.7741859290697306,0.375778802123928,0.4985237495406947,2.7682661897089194
13,369,1.0,239.4705645332655,0.03998269337522696,5.518413198845201,-5.478430505469974,-5.478430505469975,8.881784197001252e-16,0.08894318517627742,-2.704393511746138,0.9822775244957804,2.774036993723835,0.37550728952757073,0.49878719337081523,2.7691784947693527
13,370,1.0,219.09103322946726,0.12694189320189608,5.516429213495593,-5.389487320293696,-5.389487320293697,8.881784197001252e-16,-0.001217235582520182,-2.6180891365540186,0.979638714511624,2.7713981837396786,0.37553568618487665,0.4985823739659758,2.765728056753082
13,371,1.0,219.35788100628162,0.12429333172544207,5.514997887601659,-5.3907045558762166,-5.3907045558762166,0.0,0.0006958118861080109,-2.6177726031681527,0.9811724834800089,2.772931952708064,0.37495901384950875,0.4985742838576606,2.7672245428990814
13,372,1.0,219.20530227456948,0.1254728028359594,5.515481546826068,-5.3900087439901085,-5.3900087439901085,0.0,-0.04065727778816264,-2.6177137953666985,0.9805354793953555,2.77229494862341,0.3754046919482449,0.4985584820779343,2.7665247330850633
13,373,1.0,228.30124840318086,0.08615748217483507,5.516823503953106,-5.430666021778271,-5.430666021778271,0.0,0.019074465418326803,-2.6579657389643585,0.980940813585858,2.772700282813913,0.37540388474115616,0.49864743042182386,2.767285158414408
13,374,1.0,223.98779334170555,0.10237737219198201,5.513968928551926,-5.411591556359944,-5.411591556359944,0.0,-0.0014346665073023956,-2.637107913603509,0.9827241735283799,2.774483642756435,0.3754654389886868,0.4985500879708491,2.7686722153640653
13,375,1.0,224.3093717505859,0.09795649743354137,5.510982720300788,-5.413026222867247,-5.413026222867247,0.0,-0.01761311513273167,-2.635681473717167,0.985585279922024,2.7773447491500796,0.3762415593290805,0.4984767910367558,2.771223163922031
13,376,1.0,228.2951565445619,0.0814316800761122,5.512071018076091,-5.4306393379999784,-5.4306393379999784,0.0,-0.03738572440040233,-2.6536190507122606,0.9852608180596641,2.777020287287719,0.3762658195379516,0.4985278169626353,2.7711056408040426
13,377,1.0,236.9916864856787,0.04718915933680609,5.515214221737187,-5.468025062400381,-5.468025062400381,0.0,0.08884659380279292,-2.692416915260859,0.9838486779114669,2.775608147139522,0.3760223708235986,0.4986645892629397,2.770251551684448
13,378,1.0,216.84405802628115,0.13362258842256522,5.5128010570201536,-5.379178468597588,-5.379178468597589,8.881784197001252e-16,-0.04293715624382877,-2.6057859254908404,0.9816330738786926,2.773392543106748,0.3758216223790462,0.4984664109772637,2.767247418467082
13,379,1.0,226.35750384405043,0.09046938565516639,5.512585010496583,-5.422115624841417,-5.422115624841417,0.0,-0.022237061549238213,-2.6463456530035208,0.9840105026098406,2.775769971837896,0.37586290715544146,0.49854190674682036,2.769915567338541
13,380,1.0,231.44741215196814,0.0679906883744846,5.512343374765139,-5.444352686390655,-5.444352686390655,0.0,-0.08590920559192483,-2.6671830305245545,0.9854101866380457,2.7771696558661003,0.3758107696882959,0.49858533059131754,2.771486981716096
13,381,1.0,252.20995413996988,-0.016113491253296204,5.514148400729283,-5.53026189198258,-5.53026189198258,0.0,0.06979521932009636,-2.750869555410358,0.9876328673441668,2.7793923365722217,0.3753047564163147,0.4987926002789173,2.7745512072614407
13,382,1.0,235.20716351034787,0.053209773661118454,5.5136764463236005,-5.460466672662483,-5.460466672662482,8.881784197001252e-16,-0.03705508381154843,-2.684364310391899,0.9843428930425286,2.7761023622705836,0.3753386719798457,0.49864077085477315,2.770658052837773
13,383,1.0,244.08627685800366,0.019272181058776552,5.516793937532808,-5.497521756474032,-5.497521756474031,8.881784197001252e-16,-0.023039390045481944,-2.723248492082058,0.982513795163919,2.7742732643919736,0.3757899889840668,0.498734730411959,2.7691989548895974
13,384,1.0,249.77515833253054,-0.00406019633820455,5.51650095018131,-5.520561146519514,-5.520561146519515,8.881784197001252e-16,-0.002304652401629248,-2.7449818640675026,0.9838198132239562,2.775579282452011,0.3758910429591742,0.49876028000530254,2.7706033466891404
13,385,1.0,250.35146709164673,-0.007698461966173853,5.515167336954969,-5.522865798921143,-5.522865798921143,0.0,-0.0489227578354301,-2.745811237236568,0.9852950924565204,2.7770545616845754,0.3750566396528746,0.4987593702351442,2.7720722184703335
13,386,1.0,262.90389752684223,-0.0600283570275561,5.511760199729018,-5.571788556756573,-5.571788556756574,8.881784197001252e-16,-0.09968287608964754,-2.788969063006658,0.9910600245218603,2.782819493749915,0.37367137888316104,0.4988326199582384,2.7781219420748804
13,387,1.0,290.46161486523874,-0.16414581915044107,5.50732561369578,-5.671471432846221,-5.6714714328462215,8.881784197001252e-16,-0.02172932898847524,-2.8797281440925384,0.9999838195256266,2.791743288753682,0.37322638281250503,0.4989659897929064,2.787564453000705
13,388,1.0,296.84222296375685,-0.18648709716286105,5.506713664671834,-5.693200761834696,-5.693200761834696,0.0,-0.029602828372691015,-2.900189782886418,1.0012515097202217,2.7930109789482764,0.3741649941809928,0.4989697993700239,2.7888469070914383
13,389,1.0,305.7609508280665,-0.22133994106023133,5.501463649147156,-5.722803590207387,-5.722803590207387,0.0,0.01969796499717802,-2.92361663518415,1.0074274857951824,2.7991869550232376,0.37418729382939564,0.49893086457212754,2.7948448931145946
13,390,1.0,299.79701386947676,-0.20346812446895884,5.49963750074125,-5.703105625210209,-5.703105625210209,0.0,0.1156375428918972,-2.903132248471445,1.008213907510709,2.799973376738764,0.37514672663780424,0.49880885790311796,2.7951220723011763
13,391,1.0,267.058592614198,-0.08742501496008126,5.500043067358231,-5.587468082318312,-5.587468082318312,0.0,-0.008711943914186726,-2.7919589354383585,1.0037496776518982,2.795509146879953,0.3723251704295222,0.49868988180044327,2.790203235176655
13,392,1.0,269.39535619185403,-0.08854729528561468,5.507632730946883,-5.596180026232498,-5.596180026232497,8.881784197001252e-16,-0.02283026499380192,-2.8085213501177875,0.9958992068866562,2.7876586761147113,0.3751497663695309,0.49873608730577706,2.7825695434466415
13,393,1.0,275.61646816712,-0.11150034030413458,5.5075099509221666,-5.6190102912263,-5.619010291226301,8.881784197001252e-16,-0.04017279263736029,-2.83022874114762,0.9970220808506247,2.7887815500786797,0.37471005365125964,0.49879553467283255,2.783926163327641
13,394,1.0,286.91416198494335,-0.14936187001151868,5.509821213852142,-5.6591830838636605,-5.6591830838636605,0.0,-0.02204145150234993,-2.871461293272907,0.9959623213626975,2.7877217905907528,0.3756992917257548,0.4988730010538573,2.783166616622682
13,395,1.0,293.30837658653263,-0.172959607769977,5.5082649275960325,-5.6812245353660105,-5.68122453536601,8.881784197001252e-16,0.013692589297235713,-2.890778493738043,0.9986865723999125,2.790446041627968,0.37650233299410857,0.4988875549048588,2.785967057889302
13,396,1.0,289.31959613493365,-0.16617690795373857,5.501355038115037,-5.667531946068775,-5.667531946068776,8.881784197001252e-16,0.07405856614228146,-2.870686614615868,1.005085862224851,2.796845331452906,0.37439054806542715,0.49879472949472464,2.791975041285242
13,397,1.0,268.6671841428009,-0.09059782800894052,5.502875551917553,-5.593473379926493,-5.593473379926493,0.0,0.06223010012556962,-2.801021195459455,1.0006927152389837,2.7924521844670385,0.37466872096251624,0.4986930439993756,2.787196152833367
13,398,1.0,252.45759141085315,-0.03188150721660901,5.499361772584315,-5.531243279800924,-5.531243279800925,8.881784197001252e-16,0.0005000147760823026,-2.738076178691264,1.001407631881605,2.7931671011096597,0.3741398480077241,0.49851626325076775,2.7871871193846047
13,399,1.0,252.3313904386184,-0.031133291281941,5.499609973742901,-5.530743265024841,-5.530743265024842,8.881784197001252e-16,-0.027330387194405503,-2.7380098085219626,1.0009739872748238,2.7927334565028787,0.3755180405462526,0.4984610164975014,2.786528917906704
13,400,1.0,259.32280894675023,-0.06229896971774401,5.495774682501504,-5.558073652219247,-5.558073652219248,8.881784197001252e-16,-0.011634654368820385,-2.76006329186076,1.0062508911304329,2.7980103603584876,0.37557045533946914,0.49844499993974406,2.791718182902057
13,401,1.0,262.3575601059874,-0.06921222766906165,5.5004960789190065,-5.569708306588067,-5.569708306588068,8.881784197001252e-16,0.13455913030519184,-2.7764543654767095,1.001494471883303,2.7932539411113577,0.374187961668056,0.4985820268980617,2.787543319393778
13,402,1.0,229.32705588196237,0.06426814464214331,5.499417320925018,-5.435149176282875,-5.435149176282875,0.0,0.0023875518069678137,-2.647601132028417,0.9957885750264034,2.7875480442544585,0.37371075725712316,0.49830093133502773,2.780695719291723
13,403,1.0,228.78017876381557,0.06636297129399518,5.499124595769903,-5.432761624475908,-5.432761624475908,0.0,0.06459713608043316,-2.645304997526346,0.9956971577215068,2.7874566269495618,0.3737445028677495,0.498279756837081,2.7805189683845657
13,404,1.0,214.46884614348113,0.12882008389887312,5.496984572294348,-5.368164488395474,-5.368164488395475,8.881784197001252e-16,0.07309135500411834,-2.582173345782095,0.9942316733853253,2.78599114261338,0.3729694821601598,0.4981333263509921,2.7784245248567525
13,405,1.0,199.3522047362736,0.1914080105293408,5.486481143920697,-5.295073133391356,-5.295073133391356,0.0,0.05080401993114769,-2.5022735981135695,1.001040066049732,2.792799535277787,0.37403335260436926,0.49778127716353754,2.7837135327997196
13,406,1.0,189.4772782160232,0.23192973766397093,5.476198851124179,-5.244269113460208,-5.244269113460208,0.0,-0.03225223896854068,-2.4436049814857617,1.0089046627463918,2.8006641319744467,0.372729247848183,0.49754424737707276,2.7904458246046104
13,407,1.0,195.68796052017882,0.20553490216649495,5.482056254595244,-5.276521352428749,-5.276521352428748,8.881784197001252e-16,0.07178810557235771,-2.4805538785679295,1.0042080046327648,2.7959674738608196,0.3738595588598464,0.49765595627487014,2.7863043423923024
13,408,1.0,182.13228192943203,0.2672689264462548,5.472002173302647,-5.204733246856391,-5.204733246856392,8.881784197001252e-16,-0.03789830144916895,-2.4025829999160635,1.010390777712273,2.8021502469403274,0.3748447787202792,0.497313486715718,2.7908804170584003
13,409,1.0,189.16725074199456,0.23326225701064002,5.475893805316199,-5.24263154830556,-5.2426315483055586,1.7763568394002505e-15,-0.01059732618025322,-2.4420061586476183,1.008865920429886,2.800625389657941,0.37282097182488333,0.4975198828308627,2.790305471296237
13,410,1.0,191.18257747749522,0.22873562633165823,5.481964500817471,-5.2532288744858135,-5.253228874485813,8.881784197001252e-16,-0.04436518659430888,-2.4584249093229937,1.0030444959347646,2.7948039651628194,0.3729079650200041,0.4976427815408328,2.785118681064954
13,411,1.0,199.85539121088567,0.18294789123083438,5.480541952310956,-5.297594061080122,-5.2975940610801215,8.881784197001252e-16,-0.01494582257515642,-2.4984582459260687,1.0073763459259986,2.7991358151540537,0.3695026902633018,0.49781153152152474,2.7901226501429384
13,412,1.0,202.86482766037253,0.17161790291457818,5.484157786569858,-5.312539883655279,-5.31253988365528,8.881784197001252e-16,0.03952604377390401,-2.516534911920967,1.0042455025062573,2.7960049717343125,0.3702285203397978,0.4978724958476608,2.787294749460965
13,413,1.0,195.00278487682323,0.20796245132012048,5.480976291201495,-5.273013839881375,-5.273013839881375,0.0,0.029408401136604034,-2.4763319826625723,1.0049223879907478,2.7966818572188026,0.3724870805435113,0.49765253555649896,2.7870439440869705
13,414,1.0,189.3515686570633,0.23870939554552983,5.4823148342903,-5.243605438744771,-5.24360543874477,8.881784197001252e-16,0.0153821615908738,-2.4505140991740686,1.0013318703426461,2.7930913395707013,0.37303283635227436,0.49760438746433633,2.783275646423529
13,415,1.0,186.46121913267177,0.23858975050222922,5.466813027656126,-5.228223277153897,-5.228223277153897,0.0,-0.0836347152727015,-2.4192601973244865,1.0172036106013562,2.8089630798294114,0.37131908935113334,0.4973704122985598,2.7979555137076537
13,416,1.0,202.72654306666706,0.16951750179695824,5.481375494223556,-5.3118579924265985,-5.311857992426598,8.881784197001252e-16,0.09655542184657406,-2.513934727145822,1.0061637960527214,2.7979232652807764,0.3729067332491693,0.4976939200107136,2.7884718704371436
13,417,1.0,184.06750596694644,0.26866392620231183,5.483966496782336,-5.215302570580024,-5.2153025705800236,8.881784197001252e-16,-0.05601601467598982,-2.4265655309310294,0.9969775704209413,2.788737039648996,0.3761840919384261,0.4974400809424499,2.7782761475159936
13,418,1.0,194.6724855536339,0.21692801426093497,5.488246599516948,-5.271318585256014,-5.271318585256013,8.881784197001252e-16,0.06997079645975379,-2.4843025768819285,0.9952565391460299,2.787016008374085,0.3764322316748737,0.49758264271927866,2.7771717453410143
13,419,1.0,181.51672328947,0.28638243625610577,5.487730225052366,-5.2013477887962605,-5.2013477887962605,0.0,0.004488540217662873,-2.4184030067794318,0.9911853127887738,2.7829447820168287,0.3770580975945371,0.49742193070206014,2.7724616283245545
13,420,1.0,180.70380395219934,0.27855630382465624,5.475415552403254,-5.196859248578598,-5.196859248578598,0.0,-0.037331426001705026,-2.4015828108370267,1.003516968513516,2.795276437741571,0.37666362662580616,0.49719242634263566,2.7836634100166493
13,421,1.0,187.57723387183353,0.23180095006609802,5.4659916246464,-5.234190674580303,-5.234190674580303,0.0,0.014279327525232866,-2.426586995766767,1.0158442095854803,2.8076036788135355,0.3762067094000241,0.4971264613682269,2.795574549886773
13,422,1.0,184.9177898373565,0.24251289487532066,5.462424241930391,-5.21991134705507,-5.21991134705507,0.0,-0.03120955623990973,-2.409433280076524,1.0187185977504907,2.810478066978545,0.37731043384525476,0.4969907559805577,2.7978030381059846
13,423,1.0,190.77999457763516,0.22965381661292827,5.480774719907908,-5.2511209032949795,-5.2511209032949795,0.0,-0.019322032247712784,-2.4583629194376457,1.000998514629279,2.7927579838573338,0.3757460350255902,0.4974114473384092,2.782140090153859
13,424,1.0,194.5020952594608,0.2085516300795472,5.47899456562224,-5.270442935542692,-5.270442935542692,0.0,-0.08689386965285806,-2.4745739950644112,1.0041094712502259,2.795868940478281,0.3721990243306188,0.4975424977163221,2.7857870876955175
13,425,1.0,212.1591721953139,0.12285628236286428,5.4801930875584155,-5.35733680519555,-5.357336805195551,8.881784197001252e-16,0.025717100192039766,-2.55735882183597,1.008218514131526,2.799977983359581,0.3706832425729361,0.49778698602042604,2.790924897862951
13,426,1.0,206.77261371148566,0.14800933625905177,5.479629041262561,-5.331619705003511,-5.331619705003509,1.7763568394002505e-15,-0.1004537090273292,-2.533365076590857,1.0064951591845979,2.798254628412653,0.37506178900802484,0.49756692763585963,2.788299092226963
13,427,1.0,228.62278402173095,0.039192947403147056,5.471266361433987,-5.43207341403084,-5.43207341403084,0.0,0.032955329010820655,-2.6189973698215674,1.0213165749812176,2.813076044209273,0.3712864064401648,0.4977361112186956,2.8037352009744274
13,428,1.0,221.21124064584717,0.06534628648054093,5.46446437150056,-5.399118085020019,-5.399118085020019,0.0,0.058680550993646996,-2.5810725593889345,1.0262860564030294,2.8180455256310837,0.3721112995693133,0.49750183256225905,2.807625699326666
13,429,1.0,208.60396165611218,0.12966216475502007,5.470099698781393,-5.340437534026372,-5.340437534026373,8.881784197001252e-16,0.01578078663415816,-2.531574623568845,1.017103441229473,2.8088629104575276,0.36876368528896886,0.497617578173745,2.799005455794306
13,430,1.0,205.33786560885633,0.15220642168188717,5.476863169074102,-5.324656747392214,-5.324656747392215,8.881784197001252e-16,0.07189836618851331,-2.5248275696598523,1.0080697085043064,2.7998291777323616,0.3722155396789924,0.4975525948242157,2.7898044074787642
13,431,1.0,191.09264851627995,0.2267381099422978,5.479496491145999,-5.252758381203701,-5.252758381203701,0.0,-0.009714962807336747,-2.46030001557312,1.0006988964025252,2.79245836563058,0.37400067633682743,0.49741035401037764,2.7818826618518404
13,432,1.0,192.95815347275416,0.22362783375817694,5.486101177769214,-5.262473344011037,-5.262473344011037,0.0,0.060215219489997196,-2.476732876591234,0.9939809981917481,2.785740467419803,0.3752015018981222,0.49748950987133184,2.775560070126374
13,433,1.0,181.682039682618,0.27898004178185065,5.481238166302891,-5.20225812452104,-5.20225812452104,0.0,0.044144759894242824,-2.4152307119854406,0.9952679433075445,2.787027412535599,0.3748662874552547,0.4973150837169819,2.7760855341708672
13,434,1.0,173.8361805474512,0.32217277100266617,5.480286135629463,-5.158113364626797,-5.1581133646267965,8.881784197001252e-16,0.06159278116229672,-2.3731946215863697,0.9931592738123717,2.7849187430404267,0.37676012873733644,0.49716925905101955,2.773352236088775
13,435,1.0,163.4521984653852,0.38050827880183646,5.4770288622663355,-5.096520583464501,-5.096520583464499,1.7763568394002505e-15,-0.00799258582119311,-2.312558306763879,0.9922028074725672,2.7839622767006222,0.37714153518076354,0.49697146983212664,2.77158690337273
13,436,1.0,164.76383890622947,0.3765866943968662,5.48109986368256,-5.104513169285694,-5.104513169285694,0.0,-0.015054769622271813,-2.3252232060512235,0.9875304940064153,2.7792899632344703,0.3768302053419465,0.4970469496851739,2.7673188953312136
13,437,1.0,167.26308613513498,0.36371708492460986,5.4832850238325745,-5.119567938907966,-5.119567938907965,8.881784197001252e-16,0.0005161925557084501,-2.3422017600773013,0.9856067096026084,2.7773661788306634,0.37678742516780833,0.4970734180736039,2.7655465374823653
13,438,1.0,167.17676845541567,0.36268690990325314,5.48173865625551,-5.119051746352257,-5.119051746352257,0.0,0.04890932942012949,-2.3405446410403905,0.9867476360838113,2.7785071053118666,0.3769681323485078,0.4970250832483772,2.7664764681446905
13,439,1.0,159.1969980769806,0.3998080443307954,5.469950461262923,-5.070142416932128,-5.070142416932128,0.0,0.0033119150568818867,-2.2825418450305444,0.995841102673528,2.7876005719015833,0.3755401212338287,0.4967862361939905,2.7744358904840554
13,440,1.0,158.67062327749184,0.40355113924683256,5.47038164112208,-5.066830501875246,-5.066830501875247,8.881784197001252e-16,0.021318757004435973,-2.2804839957536895,0.9945870368935013,2.7863465061215567,0.37651927725481216,0.49672979348520707,2.7729737212007186
13,441,1.0,155.32376500357228,0.4233903021177618,5.468902046988573,-5.04551174487081,-5.0455117448708116,1.7763568394002505e-15,-0.06916785655312907,-2.2593196519462597,0.994432623696496,2.7861920929245514,0.3770047215438472,0.4966349596086377,2.772422368128778
13,442,1.0,166.44744291535528,0.36327748465781395,5.477957086081752,-5.114679601423939,-5.114679601423939,0.0,-0.07423369596445273,-2.3336608050080976,0.9892593271877864,2.7810187964158413,0.3761915700936832,0.49693654929530534,2.7685949420674967
13,443,1.0,179.2736299175165,0.2962074410415164,5.485120738429907,-5.188913297388392,-5.188913297388391,8.881784197001252e-16,-0.09740199303428732,-2.4108140703098386,0.9863397578504981,2.778099227078553,0.3756700460526813,0.4972001043393786,2.7668024462530236
13,444,1.0,197.61393230066432,0.206072711266533,5.4923880016892115,-5.286315290422679,-5.286315290422679,0.0,0.006149818561475229,-2.5097822366545053,0.9847735845401185,2.776533053768173,0.37566335491678426,0.4975285450704728,2.7666017272264987
13,445,1.0,196.40237172910093,0.21416830209037968,5.494333773951583,-5.280165471861204,-5.280165471861204,0.0,0.017449244327353064,-2.506115179640561,0.9822908229925874,2.774050292220642,0.3759504579144323,0.4975534201700753,2.7642369039892842
13,446,1.0,193.00502552081886,0.2295005134094285,5.492216740943279,-5.262716227533851,-5.262716227533851,0.0,0.037682597531308204,-2.487469098688539,0.9834876596172565,2.7752471288453116,0.37513942616378637,0.4974895652017562,2.7651679566247473
13,447,1.0,185.86742114269495,0.26322963711957376,5.488263267122116,-5.225033630002542,-5.225033630002542,0.0,0.038445730510217935,-2.448162387521567,0.9851117732529203,2.7768712424809756,0.37546507122566763,0.4973211264405477,2.766091023170278
13,448,1.0,178.85723172906023,0.2973392294298323,5.483927128922156,-5.1865878994923245,-5.186587899492324,8.881784197001252e-16,0.06962185233239815,-2.407480213317078,0.9873482169471913,2.779107686175246,0.37490052160140463,0.4972034255070517,2.7678067198254808
13,449,1.0,166.8284513730695,0.3562957763150658,5.473261823474992,-5.116966047159926,-5.116966047159926,0.0,-0.022309556445256895,-2.330858845694198,0.9943477322376738,2.786107201465729,0.3759543154194854,0.49688929479790384,2.773346700707581
13,450,1.0,170.5921472149603,0.33174797949096757,5.4710235830961516,-5.139275603605183,-5.139275603605184,8.881784197001252e-16,0.028915929647127747,-2.3494253622571413,0.9980907721199871,2.7898502413480415,0.3757707082347879,0.49691860900454016,2.777120898257389
13,451,1.0,165.72995290328672,0.3630097814697918,5.473369455427848,-5.1103596739580555,-5.110359673958056,8.881784197001252e-16,-0.0745853906368108,-2.32587650364743,0.9927237010825714,2.7844831703106263,0.37669095108797945,0.4968149219194505,2.7714677154442895
13,452,1.0,178.56364005446875,0.29490059597342577,5.479845660568292,-5.184945064594866,-5.184945064594866,0.0,0.015450853658239616,-2.4024803096937943,0.9907052856730169,2.782464754901072,0.37530976248894,0.4971134572362652,2.7707430573988883
13,453,1.0,175.82588418088113,0.3052074268260928,5.47470163776272,-5.169494210936627,-5.169494210936627,0.0,-0.022059907717565608,-2.3828532134154377,0.9948815282931346,2.7866409975211894,0.3739899701642385,0.4970174580498879,2.7744860915907594
13,454,1.0,179.74768520393815,0.2808622592577021,5.472416377911894,-5.191554118654192,-5.191554118654191,8.881784197001252e-16,-0.00980206557757679,-2.4013180613789404,0.9984765880471963,2.7902360572752514,0.3720145447894274,0.4970642657900151,2.778243623819243
13,455,1.0,181.5182472078111,0.27669646676418697,5.478052650995955,-5.201356184231769,-5.201356184231768,8.881784197001252e-16,0.04480633313467486,-2.4171355544521345,0.9924611605515797,2.7842206297796346,0.3737440397251419,0.49708932997434463,2.7724072995224205
13,456,1.0,173.5645976942714,0.31981983386336077,5.476369684960455,-5.156549851097094,-5.156549851097094,0.0,-0.06457239649434321,-2.3744857831807695,0.9903045986882694,2.7820640679163247,0.3767732502748788,0.49682961216985905,2.7692012024470967
13,457,1.0,185.14184251363042,0.2528090052990295,5.473931252890466,-5.221122247591437,-5.2211222475914365,8.881784197001252e-16,-0.06005758289515839,-2.432986557151497,0.9963762212118846,2.78813569043994,0.3770781614090244,0.4968950871697931,2.775483017961777
13,458,1.0,196.60169524458482,0.19393904766402603,5.475118878150621,-5.281179830486596,-5.281179830486595,8.881784197001252e-16,-0.031293335516633825,-2.4910819336014285,0.9983384276571123,2.790097896885167,0.37685379699221483,0.4970219344725981,2.777954448265054
13,459,1.0,202.85129344687806,0.16695468024059326,5.479427846243823,-5.31247316600323,-5.31247316600323,0.0,-0.006647233324271973,-2.5252440037065704,0.9954696930686033,2.7872291622966583,0.3753602092777109,0.49722088470782194,2.7759512967445272
13,460,1.0,204.20418483537543,0.16679555816477243,5.485915957492274,-5.319120399327502,-5.319120399327502,0.0,-0.038853459424015746,-2.538607298603274,0.9887536314961727,2.7805131007242276,0.3759783442940627,0.49733751850570823,2.7697833854149025
13,461,1.0,212.29437201058101,0.1278366636558581,5.485810522407376,-5.357973858751517,-5.357973858751517,0.0,0.028282049944474252,-2.5754780128783157,0.9907363766451466,2.7824958458732016,0.3768805579486694,0.49739796774286327,2.7719988845940864
13,462,1.0,206.37436159370066,0.15920043184917992,5.488892240656224,-5.329691808807043,-5.329691808807044,8.881784197001252e-16,-0.0020529517578475875,-2.5522669079530096,0.9856654316259789,2.7774249008540335,0.37682867987526136,0.497382607720924,2.766897275033472
13,463,1.0,206.7984733936862,0.1557641586258131,5.487508919190702,-5.331744760564891,-5.331744760564889,1.7763568394002505e-15,0.02149094415088637,-2.5527176759775174,0.9872676153593174,2.7790270845873724,0.37710124039833254,0.4973486898063888,2.7683409755057458
13,464,1.0,202.40159471602283,0.17519957602409889,5.485453392438104,-5.310253816414004,-5.310253816414005,8.881784197001252e-16,0.022783942354815956,-2.530546919837487,0.9879474273484631,2.7797068965765184,0.37686295774525014,0.4972690622965487,2.768678486739623
13,465,1.0,197.84222587989967,0.19782830131197773,5.485298175371167,-5.287469874059188,-5.287469874059189,8.881784197001252e-16,0.003952499518351971,-2.509064574495008,0.9866458303361257,2.778405299564181,0.37649649581089645,0.4972225457027184,2.7671998639334876
13,466,1.0,197.06179791398256,0.20357206935517563,5.487089443896012,-5.283517374540836,-5.283517374540836,0.0,-0.02122414888012969,-2.5075656686276098,0.9841922366851718,2.775951705913227,0.37663034429660885,0.4972214604622667,2.7647759958323808
13,467,1.0,201.28896720540405,0.18008959424140558,5.484831117662372,-5.304741523420966,-5.304741523420967,8.881784197001252e-16,-0.037858160136674535,-2.525698142172953,0.9872839120199579,2.779043381248013,0.3771656129391019,0.4972100563146227,2.7677970795827846
13,468,1.0,209.05548256598848,0.14360557789752684,5.486205261455167,-5.342599683557641,-5.34259968355764,8.881784197001252e-16,0.06463013887195679,-2.5628063498990055,0.9880338644305802,2.779793333658635,0.37716623764532764,0.49732848707708727,2.7690216088257458
13,469,1.0,195.97155961281948,0.20685231505807186,5.484821859743756,-5.277969544685684,-5.277969544685685,8.881784197001252e-16,0.000965638663260826,-2.5007352266659777,0.9854748487916511,2.777234318019706,0.3768154537535777,0.49716508172790186,2.7658169983457612
13,470,1.0,195.78241323618258,0.20769272206920297,5.484696628091626,-5.277003906022423,-5.277003906022423,0.0,-0.026910898281593987,-2.4999377649361554,0.985306671858213,2.7770661410862676,0.376874420489801,0.4971595184596549,2.765633466679087
13,471,1.0,201.12262653616403,0.18764405508531862,5.491558859389336,-5.303914804304017,-5.303914804304018,8.881784197001252e-16,-0.056607925529390535,-2.5327506094401295,0.9794047256358324,2.7711641948638874,0.3761283196757871,0.497359762090992,2.760600474899647
13,472,1.0,212.836173193602,0.13431912395488105,5.494841853788289,-5.3605227298334075,-5.360522729833408,8.881784197001252e-16,-0.00044234569538481594,-2.5894852370772785,0.979278023528074,2.7710374927561285,0.375966643617316,0.49755611788657933,2.761260929873503
13,473,1.0,212.93034118450362,0.1323257905208269,5.49329086604962,-5.360965075528792,-5.360965075528792,0.0,0.039631716852565724,-2.5881457925557547,0.9810598137449826,2.7728192829730376,0.376223876010179,0.4975492397207682,2.762998543839986
13,474,1.0,204.65658077754813,0.16979599520265345,5.491129353878879,-5.321333358676227,-5.321333358676226,8.881784197001252e-16,0.059250316388599344,-2.5488973265395014,0.9806765629086706,2.7724360321367256,0.37593756733624395,0.49739096674350525,2.7619889774246906
13,475,1.0,192.88285626817787,0.22476087920013743,5.486843921487764,-5.262083042287627,-5.262083042287626,8.881784197001252e-16,0.01615028118366091,-2.4889560410063036,0.9813675320532687,2.773127001281324,0.3752692536226168,0.49717705479455504,2.7618100103476526
13,476,1.0,189.7927639992982,0.23930468742155592,5.485237448525522,-5.245932761103966,-5.245932761103966,0.0,0.03996648816948589,-2.471928818395761,0.9822444734801511,2.7740039427082057,0.37503882664336086,0.49710403543672016,2.762383310293393
13,477,1.0,182.3569942923444,0.27632444762086805,5.482290720555348,-5.20596627293448,-5.2059662729344796,8.881784197001252e-16,0.054957402748776474,-2.4322401914564,0.9819666122500247,2.7737260814780793,0.3759042025591526,0.4968949320177014,2.7612593630582043
13,478,1.0,172.60553908805696,0.3243535208836537,5.475362391069357,-5.151008870185704,-5.151008870185703,8.881784197001252e-16,0.09317487534437863,-2.3741881982711717,0.985061202686477,2.776820671914532,0.3767674880452746,0.496590959674091,2.7630659111274785
13,479,1.0,157.24954385941857,0.40884001006078136,5.466674004902107,-5.057833994841325,-5.057833994841326,8.881784197001252e-16,-0.03496314081080598,-2.2781250702661127,0.9879494553471583,2.7797089245752136,0.37757527385390277,0.49622666648085545,2.7643929778475376
13,480,1.0,162.84472438543747,0.3773115975410323,5.470108733193163,-5.092797135652131,-5.09279713565213,8.881784197001252e-16,-0.015969969175085197,-2.314136020554873,0.9869016458692034,2.778661115097258,0.37690555397209385,0.4964062411180165,2.764097311047746
13,481,1.0,165.46622655319987,0.36090384849030643,5.469670953317523,-5.1087671048272165,-5.108767104827217,8.881784197001252e-16,-0.06624490969118302,-2.329375008493051,0.9876326271061108,2.7793920963341656,0.3758679823964969,0.4964188609599631,2.7648862753928682
13,482,1.0,176.79873841536772,0.3030009689557192,5.478012983474119,-5.1750120145183995,-5.1750120145183995,0.0,0.05514234730876488,-2.4007020472419796,0.982550498048365,2.77430996727642,0.37587884669805377,0.49670589846527435,2.7610693566605047
13,483,1.0,167.3135617566253,0.35140003393638763,5.471269701146022,-5.119869667209635,-5.119869667209634,8.881784197001252e-16,-0.019908788783053133,-2.3429157552807176,0.985194442700862,2.776953911928917,0.37673940132662564,0.49638618900216125,2.7623655643662484
13,484,1.0,170.6779514551023,0.3298417462270581,5.469620202219746,-5.139778455992688,-5.139778455992688,0.0,-0.03370848749930655,-2.3601519221385856,0.9878670646260463,2.7796265338541013,0.3759278615407008,0.49640007435424033,2.765058374513854
13,485,1.0,176.52931328035908,0.29808037261496156,5.471567316106954,-5.173486943491994,-5.173486943491993,1.7763568394002505e-15,0.0018904302543170104,-2.3940451218170855,0.9876823524468538,2.7794418216749084,0.37483313734428253,0.4965437976126321,2.7654704735776554
13,486,1.0,176.19591216083205,0.298614065634522,5.4702105788722,-5.171596513237677,-5.171596513237677,0.0,0.03921708309492544,-2.390826850183012,0.9890101938266099,2.7807696630546648,0.37381740237301375,0.49656315127063105,2.7668573458591106
13,487,1.0,169.41976131099625,0.33399520978571323,5.466374639928464,-5.132379430142752,-5.132379430142751,8.881784197001252e-16,-0.027903441677594287,-2.3504189369525226,0.9902010239621744,2.7819604931902298,0.3753136059410352,0.4963796661367141,2.767253966141453
13,488,1.0,174.2137287903767,0.3115100261789914,5.471792897999338,-5.160282871820346,-5.160282871820346,0.0,0.07412646965794245,-2.3830603040301126,0.9854630985621794,2.7772225677902345,0.37568156289251287,0.496513743232364,2.763148391118479
13,489,1.0,161.7668987080688,0.37921349373565305,5.465369895898057,-5.086156402162404,-5.086156402162404,0.0,0.013718937683472987,-2.307613288158189,0.9867836447761599,2.778543114004215,0.3767996075821083,0.49616710413725845,2.7630148249589985
13,490,1.0,159.56278234246003,0.3868378037653234,5.459275268244253,-5.072437464478931,-5.07243746447893,8.881784197001252e-16,-0.029098554305000413,-2.2882819336975473,0.9923960615533284,2.7841555307813834,0.3763781781156907,0.49605288663466324,2.768033266391703
13,491,1.0,164.2740416224456,0.36242984930839806,5.4639658680923295,-5.101536018783931,-5.101536018783931,0.0,0.01691954332261414,-2.3211984717152414,0.9885780778406357,2.7803375470686906,0.3758711733147963,0.496180011822886,2.764831343010604
13,492,1.0,161.51798124790764,0.37648337668159254,5.461099852142909,-5.084616475461317,-5.084616475461316,8.881784197001252e-16,-0.0012183836428523165,-2.302457031695216,0.9903999745380458,2.782159443766101,0.37560287939576215,0.4960876394717375,2.7662385118259945
13,493,1.0,161.7148920463757,0.3730013272615842,5.458836186365754,-5.085834859104169,-5.085834859104169,0.0,-0.01127089704508144,-2.3015884959051545,0.9924868939709596,2.784246363199015,0.37474101816062977,0.4960521598159067,2.768151146938185
13,494,1.0,163.54787421787782,0.3649557192593862,5.462061475408637,-5.097105756149251,-5.097105756149251,0.0,-0.05432207475372053,-2.316475515481704,0.9888707714394919,2.7806302406675467,0.3760362998841421,0.4960695480042235,2.764678218577424
13,495,1.0,172.67786917919307,0.3149410453159711,5.466368876218942,-5.151427830902971,-5.151427830902971,0.0,0.020764742832991345,-2.3717076523392016,0.9879607093357148,2.7797201785637697,0.37519796788966003,0.4962919882420118,2.764707245195319
13,496,1.0,169.12922844491175,0.33469594082688536,5.4653590288968665,-5.13066308806998,-5.130663088069981,8.881784197001252e-16,-0.01462127896367349,-2.351498273060178,0.9874053457817468,2.779164815009802,0.37570456559610593,0.4962023312842299,2.7637857992915666
13,497,1.0,171.6202808829058,0.32398705016484225,5.469271417198495,-5.145284367033653,-5.145284367033653,0.0,0.01575195586562561,-2.369294808950344,0.9842300888552545,2.775989558083309,0.3764703327058331,0.49629692350687876,2.761048882068924
13,498,1.0,168.93810600209127,0.3355974071234987,5.465129818291526,-5.129532411168028,-5.129532411168028,0.0,-0.06662832003608532,-2.3505303819896155,0.9872425599503577,2.7790020291784128,0.3757675517512923,0.4961726849773667,2.7635052668764515
13,499,1.0,180.5776232803296,0.27747872264309115,5.473639453847205,-5.196160731204113,-5.196160731204113,0.0,0.04067324934092831,-2.4220921449656694,0.9823091170103885,2.7740685862384438,0.3758608300455039,0.4964920075355985,2.759970012548708
13,500,1.0,173.38030591587602,0.31435579920952766,5.469843281072714,-5.155487481863185,-5.155487481863186,8.881784197001252e-16,,-2.3809589480251887,0.9827690646099413,2.7745285338379966,0.3771310860102802,0.4962658777475177,2.7594877323084064
