seed,epoch,temperature,Z,E,S,F,F_check,err,delta_F,F_data,KL,NLL,data_mass,recon_sq,recon_ce
24,1,0.5,508333.2317230982,-0.36243377532547766,12.414024928815577,-6.569446239733266,-6.569446239733266,0.0,0.10038761348414749,-3.4306661409265,3.6385028679982736,6.277560197613532,0.028073211289717136,0.49895346665167906,6.267886993664971
24,2,0.5,415865.5344506486,-0.25448995515211104,12.42913734219402,-6.469058626249119,-6.4690586262491205,1.7763568394002505e-15,0.15169588114484167,-3.3366233873180327,3.6258131482469134,6.264870477862173,0.027454668866873158,0.49904924808918794,6.256191353322849
24,3,0.5,307037.5986394264,-0.09742293550237219,12.439879619203806,-6.317362745104277,-6.317362745104275,1.7763568394002505e-15,0.1940591996242027,-3.190620487485716,3.6144271856218615,6.253484515237121,0.027062302735710152,0.49903730668501906,6.244780977907709
24,4,0.5,208273.43588499934,0.0854150190937784,12.417437129147704,-6.123303545480074,-6.1233035454800735,8.881784197001252e-16,-0.05034595174888867,-2.9907998195182492,3.625950122308391,6.2650074519236485,0.026889371225759483,0.498739584617421,6.253455365109831
24,5,0.5,230337.06024347624,0.04022003058326935,12.427739055624464,-6.173649497228963,-6.173649497228963,0.0,0.18174248776666868,-3.0454896497848907,3.617262365272886,6.256319694888144,0.027204189766255212,0.49877543702647376,6.245173908991871
24,6,0.5,160141.65061920256,0.2079571638200404,12.399728346564668,-5.991907009462294,-5.9919070094622935,8.881784197001252e-16,-0.04846375887591581,-2.8576955706809657,3.6293655479473985,6.268422877562657,0.027679971827385588,0.49830939689906895,6.2528500726353835
24,7,0.5,176440.9496833649,0.16403045303416355,12.408802442744745,-6.04037076833821,-6.040370768338209,8.881784197001252e-16,-0.025218983115486537,-2.9085706358882937,3.6245429352845737,6.263600264899834,0.027445566600435692,0.4984457863889426,6.249358866746091
24,8,0.5,185568.5255722285,0.1459097726295362,12.422999048166465,-6.065589751453697,-6.065589751453697,0.0,-0.10261288635433807,-2.9406216633807687,3.6108788465305963,6.249936176145856,0.027551082053185055,0.49849913123514006,6.236317490208708
24,9,0.5,227841.4509832277,0.04036329339025002,12.417131862396566,-6.168202637808035,-6.168202637808033,1.7763568394002505e-15,0.07752529338635039,-3.0379331827615443,3.6214815804777207,6.260538910092978,0.0276719257230302,0.49850084274045375,6.246900971236891
24,10,0.5,195117.00609262928,0.11917562662640699,12.419705942096185,-6.090677344421684,-6.090677344421685,8.881784197001252e-16,-0.1412179413971426,-2.9643342332603226,3.613628892707465,6.252686222322724,0.02742553993532982,0.4984520429035258,6.23863616396017
24,11,0.5,258794.75418461245,-0.018993412299439946,12.425803747038774,-6.231895285818827,-6.231895285818827,0.0,-0.016223761918260138,-3.104278472865313,3.6161762962917683,6.255233625907026,0.027289446602659483,0.4986728847496308,6.243199665855508
24,12,0.5,267329.7236342013,-0.029138416792590428,12.437961261888992,-6.248119047737087,-6.248119047737086,8.881784197001252e-16,0.016740484118851207,-3.126701305357819,3.6037781551432757,6.242835484758536,0.02751612953115714,0.49863098889476976,6.230489095098536
24,13,0.5,258527.44234459815,-0.026335086838917367,12.410086953558636,-6.231378563618236,-6.231378563618235,8.881784197001252e-16,0.09426980455809453,-3.0967599959890713,3.630179805643071,6.269237135258329,0.02774072617486653,0.49840546950569237,6.254548324875249
24,14,0.5,214104.07726127387,0.06805840052376186,12.41033431916781,-6.137108759060141,-6.137108759060143,1.7763568394002505e-15,0.047654483344173215,-3.006300896719181,3.622558395066664,6.261615724681922,0.027534284991629816,0.49834111471469306,6.246431141798651
24,15,0.5,194640.30635864407,0.09738813400195634,12.373684819435846,-6.089454275715968,-6.089454275715966,1.7763568394002505e-15,0.015675046683650606,-2.94288375589552,3.6540837100256374,6.293141039640895,0.027876501161167345,0.49798775636835874,6.274035204361497
24,16,0.5,188632.9718371613,0.10634943969957139,12.360257337463777,-6.073779229032318,-6.073779229032317,8.881784197001252e-16,0.017952552667189536,-2.9215285612250823,3.6654440059992104,6.304501335614469,0.028306136751833924,0.49780893895145834,6.2834339428187205
24,17,0.5,181980.23344765574,0.1333408578532539,12.378335068436762,-6.055826676365128,-6.055826676365127,8.881784197001252e-16,0.03687197616755533,-2.9144140488852157,3.643767925344565,6.282825254959823,0.028127523799343187,0.49784960049589366,6.262761808497329
24,18,0.5,169043.1692094126,0.1684232926702683,12.374755985735682,-6.018954700197573,-6.018954700197573,0.0,0.0532124444560953,-2.8796762817198363,3.6394995073402145,6.278556836955473,0.027714928121787205,0.49781804732711943,6.258388124480073
24,19,0.5,151977.00591090307,0.2241033080365296,12.379691127556015,-5.965742255741477,-5.965742255741477,0.0,-0.02778079134193412,-2.833628522796928,3.625170136273842,6.2642274658891015,0.027734563233342543,0.49771463801479954,6.2433433962987275
24,20,0.5,160660.0778299916,0.20146859228801262,12.389983278742845,-5.9935230470834115,-5.99352304708341,1.7763568394002505e-15,-0.06370830594324328,-2.8662717934536284,3.615445177644304,6.254502507259562,0.02782610620478146,0.49770986618788426,6.233693285228556
24,21,0.5,182492.1990306055,0.1405951631522928,12.395653032357895,-6.057231353026655,-6.057231353026655,0.0,-0.04702230765512372,-2.92995822107774,3.615488934282571,6.25454626389783,0.02760544052186347,0.4977947609778026,6.2344698304195125
24,22,0.5,200487.52841267432,0.09473977185113726,12.397986865065832,-6.1042536606817785,-6.1042536606817785,0.0,-0.1229369754771037,-2.977313631302668,3.6148227291429644,6.253880058758223,0.027806466402831954,0.49777037880670416,6.233642824018704
24,23,0.5,256371.09721848922,-0.023370793248319685,12.407639685821126,-6.227190636158882,-6.227190636158882,0.0,0.05872279878617537,-3.101445828323676,3.6124322860551525,6.251489615670413,0.02745313111246961,0.4979986211086579,6.233402422229568
24,24,0.5,227962.32994467186,0.02649849925125801,12.389932673247928,-6.168467837372707,-6.168467837372706,8.881784197001252e-16,-0.11236678497272212,-3.035759977562622,3.6263583900049094,6.265415719620167,0.02690182737856719,0.497901746112502,6.246343802178962
24,25,0.5,285406.3532647856,-0.08900245919492264,12.38366432630101,-6.280834622345429,-6.280834622345428,8.881784197001252e-16,0.04011978667121241,-3.1413518460723835,3.6399082229308304,6.278965552546089,0.02713711310872154,0.49789697014390266,6.259544143946232
24,26,0.5,263400.15884529194,-0.047746518912661816,12.38593663352311,-6.240714835674217,-6.2407148356742175,8.881784197001252e-16,0.12457272389392493,-3.104362159272273,3.6336480231886297,6.272705352803888,0.027251528926158834,0.49779638740009036,6.252423241402688
24,27,0.5,205311.62452873614,0.061391106982770574,12.355066437526125,-6.116142111780292,-6.116142111780292,0.0,0.03931628676873267,-2.9680866188536714,3.6570536562379834,6.2961109858532405,0.026597391183162258,0.49757411247645017,6.27313028934413
24,28,0.5,189785.85755432563,0.11111134093978477,12.375874331902681,-6.076825825011559,-6.076825825011555,3.552713678800501e-15,0.10630530611751787,-2.9440886976969156,3.6264169250140257,6.265474254629283,0.027114455402557355,0.49746980014952874,6.242210222810226
24,29,0.5,153436.34014225836,0.21048071432182236,12.362002466431726,-5.970520518894041,-5.97052051889404,8.881784197001252e-16,-0.16418716010369838,-2.8394157816820216,3.62315214480878,6.262209474424038,0.028086820998609402,0.4970194715598318,6.234786288003044
24,30,0.5,213078.37995136357,0.042366366375487845,12.354148090746456,-6.1347076789977395,-6.13470767899774,8.881784197001252e-16,-0.11718501392378133,-2.9927135114974592,3.6449310053853003,6.28398833500056,0.02715798125647584,0.49728140591540626,6.258640293542913
24,31,0.5,269354.9716366326,-0.06349892610899091,12.376787533625059,-6.251892692921521,-6.251892692921521,0.0,-0.06632125645084486,-3.1198110270728496,3.6251060020820836,6.264163331697342,0.027438342003278562,0.49743643195322257,6.240753270365986
24,32,0.5,307560.74724825757,-0.14368092527436516,12.349066048195999,-6.318213949372366,-6.318213949372365,8.881784197001252e-16,0.14110314744309616,-3.173650715780691,3.650069137568091,6.289126467183349,0.02821691875071688,0.49715808767654784,6.262741919142344
24,33,0.5,231937.12566606965,0.00020058918185112025,12.354622782222245,-6.1771108019292695,-6.177110801929271,1.7763568394002505e-15,0.053101727346811955,-3.037786991248904,3.6395902917454714,6.27864762136073,0.027125434192756884,0.4971998465795159,6.252834821710692
24,34,0.5,208567.5292681835,0.0623514146338995,12.372720978432714,-6.124009074582458,-6.124009074582458,0.0,-0.06868122954774325,-2.997623292450099,3.61371423464946,6.25277156426472,0.027466555685187147,0.49718887972570985,6.227313104312509
24,35,0.5,239277.82614068335,-0.014782455990824893,12.35581569627875,-6.192690304130201,-6.1926903041302,8.881784197001252e-16,-0.016807179579211073,-3.0540979682748683,3.638127342095405,6.277184671710664,0.02697500378708336,0.49713750694094827,6.250921473538731
24,36,0.5,247457.70745478058,-0.032896599518721606,12.35320176838138,-6.209497483709412,-6.209497483709412,0.0,-0.06776641531786876,-3.074453413595261,3.6310308106130442,6.270088140228303,0.027545260458705985,0.49702784681406303,6.2429052547992425
24,37,0.5,283375.3996283824,-0.092879111653724,12.368769574747116,-6.277263899027281,-6.277263899027282,1.7763568394002505e-15,0.02322815318989946,-3.150057015658253,3.6153564371227964,6.254413766738057,0.02777066462152137,0.4971314445583198,6.228402085567557
24,38,0.5,270511.93321005837,-0.07622214483282205,12.355627202009119,-6.254035745837381,-6.254035745837381,0.0,0.13278121370839102,-3.1203775995077643,3.628258963043975,6.267316292659233,0.027538915890343026,0.4970253479774588,6.240259232043096
24,39,0.5,207421.67225047966,0.047190138596300266,12.336889341450581,-6.12125453212899,-6.12125453212899,0.0,-0.14399638961388384,-2.9828808853702697,3.637689963902183,6.276747293517441,0.0267161384325981,0.49678438406810926,6.247254658575502
24,40,0.5,276648.17277690757,-0.08803935240392745,12.354423138677893,-6.265250921742874,-6.265250921742874,0.0,-0.08543394663392156,-3.133373794190905,3.6246969254886787,6.2637542551039385,0.026961314435719624,0.49695970877348083,6.236167667090204
24,41,0.5,328197.1378181755,-0.18384281542061792,12.333684105912358,-6.350684868376796,-6.3506848683767965,8.881784197001252e-16,0.09927973566728632,-3.207734856090235,3.646842694957861,6.285900024573121,0.02688756746481911,0.49686550627480386,6.257109186762082
24,42,0.5,269092.4461202761,-0.0709736818114237,12.360862901796175,-6.251405132709509,-6.251405132709511,1.7763568394002505e-15,0.018814033180848178,-3.129656638771098,3.604439658261563,6.2434969878768225,0.027895600898058724,0.49659165952604906,6.2127158762874375
24,43,0.5,259155.15077132508,-0.056503260716415565,12.35217567762449,-6.232591099528661,-6.232591099528661,0.0,0.10949297016691872,-3.1077334954841414,3.6106578784737797,6.249715208089038,0.02801239372130915,0.4964507621679441,6.217671088209548
24,44,0.5,208187.8880176112,0.04376799800864751,12.333732254740784,-6.123098129361742,-6.123098129361745,2.6645352591003757e-15,0.05525691293802559,-2.9946007948914604,3.617937339325306,6.256994668940565,0.028093230633110363,0.4961952165540164,6.222522079649305
24,45,0.5,186406.0117977581,0.09774009569267839,12.331162624232794,-6.067841216423717,-6.0678412164237185,1.7763568394002505e-15,-0.04405812047507851,-2.942267770085278,3.6120895630616197,6.251146892676878,0.027634233099057794,0.4960897094526824,6.215826601006468
24,46,0.5,203576.8133447056,0.05637123306579644,12.336541139929182,-6.111899336898795,-6.111899336898794,8.881784197001252e-16,0.08266514881302012,-2.988860781080216,3.607019782021902,6.246077111637161,0.02739706759289344,0.49615315688760164,6.211447344890191
24,47,0.5,172554.4945797504,0.13817953650622083,12.33482744918399,-6.029234188085775,-6.029234188085774,8.881784197001252e-16,-0.024854125793877024,-2.9096146618485332,3.6001817228592263,6.239239052474486,0.027807773668012688,0.4958972966332492,6.202379035469234
24,48,0.5,181348.63680592465,0.10124588302357683,12.310668393806461,-6.054088313879652,-6.054088313879654,1.7763568394002505e-15,-0.056702370849730066,-2.9229024592033457,3.6233143797373537,6.262371709352613,0.02784344959741762,0.4957123864786849,6.22340799350214
24,49,0.5,203125.9216599681,0.04874190890020787,12.319065187259183,-6.110790684729382,-6.110790684729383,8.881784197001252e-16,0.08745730789002959,-2.983899117169649,3.6147258055042095,6.253783135119469,0.027737325622896897,0.49574862560659116,6.215292497253608
24,50,0.5,170530.0409905988,0.12802790223298383,12.302722558144673,-6.023333376839353,-6.023333376839353,0.0,0.011976361712867423,-2.8942235567045835,3.6191623106542794,6.258219640269538,0.02771462779805752,0.4954195198256845,6.216599842475154
24,51,0.5,166493.91317934296,0.14420822685811396,12.311130483969201,-6.011357015126485,-6.011357015126487,1.7763568394002505e-15,-0.07410908062549826,-2.8894167774189397,3.604823145799832,6.243880475415091,0.02780059955544178,0.49533852757620683,6.201784517778306
24,52,0.5,193093.96052261812,0.061697867710278874,12.294327926924527,-6.0854660957519835,-6.085466095751984,8.881784197001252e-16,0.02810759482100167,-2.9560458763675057,3.6197831091536963,6.258840438768955,0.02782306625383844,0.495245879845593,6.215505892922324
24,53,0.5,182538.61193298406,0.09430746374207463,12.303331929346113,-6.057358500930982,-6.057358500930982,0.0,0.1055375926986688,-2.9363137745210497,3.603032123204605,6.242089452819866,0.027831801919287594,0.4951882638710095,6.198740937746288
24,54,0.5,147803.9210335379,0.19543202587967712,12.294505868223983,-5.951820908232313,-5.951820908232314,8.881784197001252e-16,-0.08518363062373435,-2.8294863697129786,3.605611747423407,6.244669077038666,0.027708505287204192,0.49496657991874304,6.199282090604293
24,55,0.5,175257.057952995,0.11747471807827187,12.30895851386864,-6.037004538856047,-6.037004538856048,8.881784197001252e-16,0.07458256419888976,-2.9216053900360874,3.5917409680246615,6.23079829763992,0.02808749460047957,0.49502244847199967,6.18619744734547
24,56,0.5,150971.13662004864,0.17798098479681954,12.280805918907955,-5.962421974657158,-5.962421974657158,0.0,0.026462938289930626,-2.8377332184633604,3.610320182772336,6.2493775123875945,0.028035265293837482,0.4946457399260455,6.200912440635356
24,57,0.5,143188.62166920202,0.19647038840415046,12.264858849542755,-5.935959036367227,-5.935959036367227,0.0,-0.10513673677043212,-2.8097953198408483,3.6132701034374994,6.2523274330527565,0.02832616957474187,0.4943476185916446,6.20114768968432
24,58,0.5,176696.97632973327,0.08131086186709525,12.24481327000951,-6.041095773137659,-6.04109577313766,8.881784197001252e-16,0.05989650630819732,-2.9040356102994744,3.6350629960611114,6.274120325676369,0.027883967906791644,0.4944107435765058,6.2230832071804425
24,59,0.5,156748.60103816164,0.15159230838632742,12.265583150431576,-5.981199266829462,-5.981199266829461,8.881784197001252e-16,-0.06872652469726948,-2.8623737860766165,3.5985936318904304,6.237650961505689,0.0282709442503977,0.49419322805584004,6.185538042089591
24,60,0.5,179845.1682021612,0.07565400742559901,12.25115959790466,-6.049925791526731,-6.049925791526731,0.0,-0.030553195351378015,-2.9232956101161487,3.614203033205907,6.253260362821165,0.027863895160900508,0.4942001613610184,6.200899688773221
24,61,0.5,191177.57243824404,0.044554194780410394,12.250066363317039,-6.080478986878109,-6.080478986878109,0.0,-0.09288071336257797,-2.9564914956586685,3.6089176528236218,6.2479749824388815,0.02820499091344773,0.4940430208094247,6.194263282429387
24,62,0.5,230203.59695177837,-0.05425283541214769,12.238213729657076,-6.173359700240687,-6.1733597002406855,1.7763568394002505e-15,0.03769177765776455,-3.045302258510891,3.617057553844331,6.256114883459588,0.028191846289211148,0.49392780758426036,6.201108946132443
24,63,0.5,213487.987443414,-0.011191473637943128,12.248952897889955,-6.135667922582923,-6.135667922582921,1.7763568394002505e-15,0.08264668131920416,-3.0141958490630976,3.6038868174243897,6.242944147039647,0.027895190688586285,0.49384769751712987,6.1877172535326865
24,64,0.5,180962.0251668104,0.07618253790607496,12.258407558339586,-6.0530212412637185,-6.0530212412637185,0.0,0.0958865925386494,-2.93705481261664,3.592875527678897,6.231932857294156,0.02782093920517385,0.4937287357142429,6.175872812941402
24,65,0.5,149383.08077603605,0.16927733171398604,12.252823960878109,-5.957134648725069,-5.957134648725068,8.881784197001252e-16,0.1010777895606978,-2.8457690160546085,3.583673935725663,6.222731265340921,0.028321662620867324,0.4932853565779419,6.162780305822964
24,66,0.5,122041.16908755226,0.25395074527628697,12.220015208881316,-5.856056859164371,-5.856056859164371,0.0,-0.02226621822870367,-2.7325625274731182,3.6079313337672474,6.246988663382505,0.028478757414269775,0.49280366403399467,6.181975243796472
24,67,0.5,127598.78843013999,0.23353702915976376,12.223720213105675,-5.878323077393075,-5.878323077393074,8.881784197001252e-16,0.05970733641122017,-2.758590794391029,3.6004072363888326,6.239464566004091,0.02835360249629418,0.49275186841112767,6.1741444603770805
24,68,0.5,113236.23401026033,0.2887177334721106,12.214666948907933,-5.818615740981855,-5.818615740981856,8.881784197001252e-16,-0.04544719114790041,-2.699682372982796,3.5988094063828595,6.237866735998117,0.028847546357983825,0.4924248650800816,6.169505229836056
24,69,0.5,124011.03893070352,0.2396378364314783,12.207401537122466,-5.864062932129755,-5.864062932129755,0.0,0.0019322373785453095,-2.7405217458966553,3.6080250428509406,6.2470823724662,0.028925667259762027,0.49228908608413824,6.177103178527837
24,70,0.5,123532.72621013905,0.2459103263221074,12.216082042146637,-5.86213069475121,-5.862130694751211,8.881784197001252e-16,0.08496180469622239,-2.751912209539104,3.581379640808952,6.22043697042421,0.02855819596442554,0.49234299176009927,6.152100707807675
24,71,0.5,104228.17655135403,0.3166721485954988,12.18768207730097,-5.777168890054988,-5.777168890054986,1.7763568394002505e-15,-0.0890168345857143,-2.658652780037555,3.5979748904196067,6.237032220034867,0.028572374952677813,0.49191186035673334,6.164280820285844
24,72,0.5,124538.65757251198,0.22961384941585689,12.191599148113117,-5.866185724640702,-5.866185724640701,8.881784197001252e-16,0.06686224648396522,-2.75275497640866,3.587804166848826,6.2268614964640845,0.028679042137257575,0.49185526901032683,6.154199087302539
24,73,0.5,108950.28500711283,0.2846765488842311,12.168000054081938,-5.799323478156737,-5.799323478156738,1.7763568394002505e-15,-0.0074296594862968135,-2.678641447575785,3.602306731546643,6.241364061161903,0.02905109025169301,0.49133441666818656,6.163343349450436
24,74,0.5,110581.29991912493,0.2750371325704658,12.163580540427002,-5.8067531376430335,-5.806753137643035,1.7763568394002505e-15,-0.0496321264917956,-2.6855294019561584,3.6033901417584926,6.242447471373751,0.028901011789592403,0.4912003213759898,6.16317778246811
24,75,0.5,122121.35327061158,0.22029841532813701,12.153367358925932,-5.856385264134829,-5.856385264134829,0.0,-0.1129893261908359,-2.7362554847698064,3.601202229114787,6.240259558730045,0.028593376638974988,0.49107149194593347,6.160160214587349
24,76,0.5,153085.0886339532,0.11169749968198026,12.162144180015291,-5.969374590325665,-5.969374590325665,0.0,0.03293448365678131,-2.8567728747789163,3.586146101478239,6.225203431093498,0.028070938030244744,0.49131612675480457,6.14792870352773
24,77,0.5,143326.4555531976,0.14248929356207965,12.157858800461925,-5.936440106668884,-5.936440106668883,8.881784197001252e-16,0.01352190987214641,-2.8294517340050773,3.5749194157123503,6.213976745327609,0.028465270052224687,0.49101415331763243,6.134280669357742
24,78,0.5,139502.3036313337,0.15271282151372778,12.15126203662093,-5.922918196796737,-5.922918196796737,0.0,-0.07283990497870363,-2.8126800396536518,3.581418984670912,6.220476314286169,0.028108387843111926,0.4908486262811638,6.13924888417066
24,79,0.5,161379.85349097275,0.07001303787226723,12.131542279295415,-5.995758101775441,-5.99575810177544,8.881784197001252e-16,0.04453638216174571,-2.8784496155077557,3.5955596429201124,6.234616972535371,0.027658760844564145,0.4907502064666524,6.152306935191126
24,80,0.5,147626.90226781182,0.09919074692571042,12.100824933078812,-5.951221719613695,-5.951221719613695,0.0,0.11829628991760455,-2.8145716529458267,3.6342428037204777,6.273300133335737,0.02738158405981383,0.49050407561132353,6.187347807932324
24,81,0.5,116523.80424420863,0.20992294129679834,12.085696741985778,-5.832925429696091,-5.832925429696091,0.0,0.12086674773305983,-2.694737627164007,3.637318275448909,6.276375605064168,0.028411923229816595,0.4899674516137681,6.184763393928433
24,82,0.5,91502.11483305373,0.333615605371085,12.091348574668233,-5.712058681963031,-5.712058681963032,8.881784197001252e-16,0.07611658991193959,-2.585692668168689,3.613674697973425,6.252732027588684,0.0287209138934453,0.48961906548335876,6.158780441785116
24,83,0.5,78580.91868334329,0.40606451228033524,12.084013208662853,-5.635942092051091,-5.635942092051091,0.0,-0.016290308556910382,-2.5151450749779705,3.6025367045309826,6.241594034146241,0.029855338042767198,0.48910266424625254,6.143203734470703
24,84,0.5,81183.29685356395,0.3807104618880952,12.065885724992194,-5.652232400608002,-5.652232400608002,0.0,0.08516781057356404,-2.5265242465837754,3.612358978433193,6.251416308048451,0.030028093428750735,0.48882260046659853,6.150040155161935
24,85,0.5,68468.50791485225,0.4566211583102984,12.047371496689472,-5.5670645900344375,-5.5670645900344375,0.0,-0.04304618724178155,-2.4385327763814773,3.618006297690662,6.257063627305922,0.030641792183924717,0.4883379148934866,6.15062510290103
24,86,0.5,74624.306278593,0.41446067477207044,12.049142904096577,-5.610110777276219,-5.610110777276218,8.881784197001252e-16,-0.04899454001065706,-2.488171756459564,3.6048207120180513,6.243878041633311,0.030198427539404934,0.48821855160281213,6.137416513321832
24,87,0.5,82306.93389495606,0.3648354267362535,12.047881488046261,-5.659105317286876,-5.659105317286877,8.881784197001252e-16,-0.03771832476170367,-2.5393437791228783,3.600465746712737,6.239523076327996,0.030036628142662267,0.4881359279057951,6.132780015414191
24,88,0.5,88756.0863960956,0.3278336920049406,12.04931466810704,-5.69682364204858,-5.69682364204858,0.0,-0.0884389576632243,-2.5817754144909335,3.591039125500035,6.230096455115295,0.0293276815854257,0.48808584684512507,6.123806174332673
24,89,0.5,105929.09131867411,0.232582958762695,12.035691116948998,-5.785262599711804,-5.785262599711804,0.0,0.017112142181922252,-2.674215258391573,3.5830373530252055,6.222094682640464,0.02950150251446019,0.487829488180842,6.1141226820689045
24,90,0.5,102365.07971913787,0.25700739660433736,12.050315708268437,-5.768150457529882,-5.768150457529881,8.881784197001252e-16,-0.05685337799471224,-2.668937162568801,3.559369260306904,6.198426589922161,0.02933086509152389,0.48774338625524205,6.090735434467823
24,91,0.5,114692.24286408749,0.1960194611873794,12.042046593423947,-5.825003835524594,-5.825003835524594,0.0,-0.13715173750805043,-2.728197821406941,3.554554698620046,6.193612028235305,0.028976566964460625,0.48761180607898025,6.085101015580735
24,92,0.5,150890.72013293338,0.04743953421854848,12.019190214502384,-5.9621555730326445,-5.962155573032644,8.881784197001252e-16,-0.029656585659468604,-2.8624750391197202,3.5603037382105884,6.199361067825847,0.028998743126753025,0.4875336601598435,6.089814974777066
24,93,0.5,160111.27438270437,0.014661965426572558,12.012948248237368,-5.991812158692113,-5.991812158692111,1.7763568394002505e-15,0.027062923128746696,-2.894669881289109,3.555227225190748,6.194284554806008,0.02911231229366369,0.4873729030710517,6.0834606852810875
24,94,0.5,151675.4729713523,0.03737283756507436,12.004244146256884,-5.9647492355633664,-5.964749235563367,8.881784197001252e-16,-0.11166132784904281,-2.868443191913016,3.5535547576854407,6.1926120873007005,0.028844276392622378,0.4870673877272448,6.079299916900831
24,95,0.5,189628.30143298095,-0.10045221515810335,11.95191669650861,-6.076410563412409,-6.076410563412408,8.881784197001252e-16,0.02635636352542914,-2.969038823105977,3.5756861509976057,6.2147434806128645,0.02868803884677059,0.4868110431162748,6.0979897304794255
24,96,0.5,179891.36137979248,-0.07599431052839029,11.948119778717178,-6.05005419988698,-6.050054199886979,8.881784197001252e-16,-0.04095151612474712,-2.942369736603493,3.5763115969517156,6.215368926566975,0.02895947740832915,0.4865172291960999,6.096328594377537
24,97,0.5,195245.189943027,-0.1264298235880041,11.929151784847448,-6.091005716011727,-6.091005716011728,8.881784197001252e-16,0.1226386047006951,-2.9875556130731966,3.5678428762618037,6.206900205877062,0.028937248280687035,0.48613620707758276,6.084593262576332
24,98,0.5,152776.93916383263,-0.008043547105638385,11.920647128410788,-5.968367111311032,-5.968367111311033,8.881784197001252e-16,0.03039131711209908,-2.8573379784696136,3.5830009360675783,6.222058265682837,0.028526983906880757,0.4858524055167442,6.097203451227405
24,99,0.5,143767.34157080977,0.023825623236723992,11.923602834871314,-5.937975794198933,-5.937975794198933,0.0,-0.0019703012774217044,-2.8346150602069105,3.56766413836879,6.206721467984049,0.028844458437738925,0.4855084543180715,6.079479511235626
24,100,0.5,144334.9892266558,0.025254385527521864,11.930400962007752,-5.939946095476355,-5.939946095476354,8.881784197001252e-16,-0.1389612266071394,-2.849021617218411,3.542791626900628,6.1818489565158865,0.029318330896899714,0.48520420000685277,6.052752551737669
24,101,0.5,190577.58179618925,-0.13571536362760403,11.886383916911779,-6.078907322083494,-6.078907322083493,8.881784197001252e-16,0.08326672809910196,-2.984832703115576,3.5490919083205776,6.188149237935837,0.02969032729573111,0.48484507559965045,6.054888393471047
24,102,0.5,161341.9311671087,-0.050561514819317754,11.890158158330147,-5.995640593984392,-5.995640593984391,8.881784197001252e-16,0.15966741450189392,-2.8955631567757463,3.5610975448020326,6.200154874417292,0.029066547449221592,0.484627740341218,6.065489184905312
24,103,0.5,117236.24417595411,0.1272741450752352,11.926494649115467,-5.835973179482498,-5.835973179482498,0.0,-0.15837271187893354,-2.7462971996069365,3.5402946301358638,6.179351959751123,0.029608822960079537,0.4843095040069153,6.043046529625852
24,104,0.5,160924.69195798913,-0.055688272871360245,11.877315236980142,-5.994345891361432,-5.994345891361431,8.881784197001252e-16,0.11086432094944598,-2.9013653072336694,3.5469038386402656,6.185961168255524,0.02952517513339728,0.4840268367826093,6.046311552729584
24,105,0.5,128922.03758311326,0.06405271005333227,11.895068560930637,-5.883481570411986,-5.883481570411987,8.881784197001252e-16,0.08814674880606876,-2.7965933173455992,3.5347191765175148,6.173776506132774,0.02971093156506851,0.4836509507812577,6.031904817508036
24,106,0.5,108084.61193443983,0.1565687748412881,11.903807192894412,-5.795334821605917,-5.795334821605918,8.881784197001252e-16,-0.020640325410560045,-2.7058199629435897,3.5399723877093954,6.179029717324655,0.029641654977614527,0.48348153477344,6.035502464416362
24,107,0.5,112639.7885344902,0.12704612333238616,11.886042540697725,-5.815975147016477,-5.815975147016476,8.881784197001252e-16,-0.01304280617692033,-2.727066830082144,3.538759304253407,6.177816633868666,0.029810408076435434,0.48299352150737973,6.030190293552495
24,108,0.5,115616.72519663123,0.1061195202611711,11.870274946909136,-5.829017953193397,-5.829017953193397,0.0,0.09300917036778245,-2.736537227633431,3.5459041215046736,6.184961451119933,0.030132073818262668,0.4825620269923761,6.033196982134307
24,109,0.5,95991.75349353292,0.20511059947604773,11.88223876460332,-5.736008782825615,-5.736008782825612,2.6645352591003757e-15,-0.09277613597946388,-2.6472581332503387,3.538443969535293,6.177501299150551,0.030243532584503793,0.4823139813262134,6.023894057608248
24,110,0.5,115562.85240614806,0.10150809734580923,11.860586032301777,-5.828784918805079,-5.828784918805079,0.0,-0.04037955444022234,-2.7414013098846204,3.5357098882256572,6.174767217840915,0.02989883771627216,0.48229040979144094,6.021297526396697
24,111,0.5,125282.8107216506,0.048292029721392966,11.834913005933387,-5.869164473245301,-5.8691644732453,8.881784197001252e-16,-0.1789985789143662,-2.7845349280112854,3.530201760852773,6.1692590904680324,0.02967845085625943,0.48197450236088296,6.013432481911886
24,112,0.5,179212.24422179625,-0.16441327528770253,11.76749955374393,-6.048163052159667,-6.048163052159667,0.0,0.045535505839125356,-2.9616079264846324,3.534052921734811,6.173110251350069,0.0303222606280682,0.48151452956153634,6.011667851115291
24,113,0.5,163612.3341855412,-0.1239418613396838,11.757371369961717,-6.002627546320542,-6.002627546320542,0.0,-0.08588228804408704,-2.9130285704249084,3.5401406221760077,6.1791979517912665,0.03004411284301288,0.4811606501946427,6.014946556266529
24,114,0.5,194273.00065861948,-0.24138079830002804,11.694258072129202,-6.088509834364629,-6.088509834364629,0.0,0.027849074552328545,-2.991711922402755,3.5545384943084892,6.193595823923748,0.030692479370484485,0.48058298228849206,6.0218761253217234
24,115,0.5,183748.1813524741,-0.21216016895922113,11.697001181706156,-6.060660759812301,-6.060660759812299,1.7763568394002505e-15,-0.0017885061287037374,-2.9649543839749657,3.5523554220594113,6.19141275167467,0.03043325613919779,0.4803789519952376,6.0187197728938395
24,116,0.5,184406.62778285504,-0.2293717175796376,11.666155096722731,-6.062449265941004,-6.062449265941003,8.881784197001252e-16,0.005807641296725841,-2.966071414706236,3.553698372854277,6.192755702469536,0.030840707872897843,0.479821489597041,6.014277168575447
24,117,0.5,182277.0842561698,-0.2295196900778651,11.654243869132827,-6.0566416246442785,-6.0566416246442785,0.0,0.054909195342223605,-2.969168043141717,3.5358898333898634,6.174947163005123,0.030781164522934033,0.4793449535719831,5.9934712499319565
24,118,0.5,163319.6918433126,-0.1595882451748888,11.684288368254329,-6.001732429302055,-6.001732429302053,1.7763568394002505e-15,0.023650348186874837,-2.921744554323634,3.520918420341581,6.159975749956838,0.03061801248734792,0.47915021263970164,5.979093269264697
24,119,0.5,155774.41192212419,-0.13332653574143818,11.68951109074748,-5.97808208111518,-5.978082081115178,1.7763568394002505e-15,0.057292984016730664,-2.899247224640004,3.5186123833350917,6.157669712950351,0.03041495241430761,0.47888943519560506,5.974928523781989
24,120,0.5,138909.5379590853,-0.06819962170144106,11.705178950794016,-5.920789097098449,-5.920789097098449,0.0,-0.10545407282798003,-2.8463535268488895,3.5098138108838612,6.1488711404991205,0.030481351619909326,0.4785268129137692,5.9642065466267935
24,121,0.5,171525.3485895425,-0.209701889387996,11.633082561076865,-6.026243169926429,-6.0262431699264285,8.881784197001252e-16,0.10754279003974432,-2.9452867814290227,3.522855447379555,6.1619127769948125,0.030731247738547962,0.4779894698390125,5.970801503429016
24,122,0.5,138330.462839745,-0.08559629594827016,11.666208167876833,-5.918700379886685,-5.918700379886687,1.7763568394002505e-15,0.002082956298954386,-2.842492575409424,3.5133582793392626,6.152415608954521,0.030410277630377326,0.47775084357039166,5.9609610619175095
24,123,0.5,137755.3889074881,-0.09161011784345319,11.650014611488553,-5.916617423587731,-5.91661742358773,8.881784197001252e-16,-0.040483398110321644,-2.8408239120925347,3.5125296933751344,6.151587022990392,0.030459804542625354,0.4773115142383687,5.956602638202677
24,124,0.5,149372.97474687823,-0.1461275250150634,11.621946593365976,-5.957100821698052,-5.957100821698051,8.881784197001252e-16,-0.04461726230962615,-2.881317164365511,3.5125099850498223,6.151567314665081,0.030705928049097476,0.47683561169494065,5.951955180135721
24,125,0.5,163315.00617241647,-0.21348894980201008,11.576458268411336,-6.0017180840076785,-6.0017180840076785,0.0,0.07074121812132095,-2.9233331586165754,3.517712521166947,6.156769850782205,0.03094508370446155,0.4762851448279568,5.951275778380615
24,126,0.5,141768.9263318009,-0.12892543881489876,11.60410285414292,-5.9309768658863575,-5.930976865886358,8.881784197001252e-16,-0.03459427967987683,-2.858323553446025,3.506249295265406,6.145306624880665,0.030991335895353894,0.47594335259843473,5.938647781348438
24,127,0.5,151925.00518503506,-0.18089695849599066,11.569348374140487,-5.965571145566234,-5.965571145566234,0.0,0.0414312859309387,-2.888880835258015,3.5143232910011784,6.153380620616437,0.031224128627939662,0.4754206276647103,5.9410213781973935
24,128,0.5,139843.56993439826,-0.1383479208238384,11.571583877622915,-5.924139859635296,-5.924139859635296,0.0,-0.1001269615817666,-2.848965635969381,3.5112911177165707,6.1503484473318295,0.030964986761109065,0.47510773695172087,5.936063783547111
24,129,0.5,170848.69896352754,-0.2737696658284624,11.5009943107772,-6.024266821217062,-6.024266821217062,0.0,0.05830330119008931,-2.9437254093088034,3.5220254942012597,6.1610828238165185,0.03140417085146673,0.47445505417640205,5.9388136338552
24,130,0.5,152044.27496129277,-0.20553900271255965,11.520849034628824,-5.965963520026973,-5.965963520026972,8.881784197001252e-16,0.01944561413898427,-2.8829794097881076,3.5269108908624713,6.165968220477731,0.0310937840420556,0.47425746836136534,5.943281406890136
24,131,0.5,146244.59567707864,-0.18945160103580608,11.514132609704369,-5.946517905887989,-5.9465179058879905,1.7763568394002505e-15,-0.03663237049135404,-2.862569987306562,3.528838507547595,6.167895837162853,0.03125301140608913,0.47373299225776605,5.941033703219667
24,132,0.5,157361.43193463748,-0.24482317967128464,11.476654193416117,-5.983150276379343,-5.983150276379343,0.0,-0.051281002220250116,-2.8985677253624225,3.530107772418581,6.169165102033839,0.03121250631771816,0.473286761297675,5.938094253543551
24,133,0.5,174357.4109208807,-0.3152376757209027,11.438387205757381,-6.034431278599593,-6.034431278599594,8.881784197001252e-16,0.029249874254443142,-2.954490730905966,3.5208237657719956,6.159881095387255,0.03155088288696581,0.47286579648736854,5.924733246580142
24,134,0.5,164450.15739074606,-0.2828645718282413,11.444633665033818,-6.00518140434515,-6.005181404345151,8.881784197001252e-16,0.2718634898948631,-2.9185857093673775,3.5341340603402847,6.1731913899555435,0.030905053055665106,0.47286210529564315,5.937565599077109
24,135,0.5,95476.53876453447,0.05396206381379825,11.574559956528171,-5.733317914450287,-5.7333179144502875,8.881784197001252e-16,0.05907690156319756,-2.643015435161485,3.5415476289623427,6.180604958577603,0.030983975183950112,0.4731068368816219,5.948811805702748
24,136,0.5,84836.57398356401,0.11423305222592817,11.576948130226032,-5.674241012887089,-5.674241012887088,8.881784197001252e-16,-0.0578681899551281,-2.5765055630567373,3.556413570045445,6.1954708996607035,0.031717323834814924,0.47274826904190126,5.958862285030855
24,137,0.5,95246.01031780428,0.03944321385950497,11.543104833403447,-5.732109202842217,-5.732109202842219,1.7763568394002505e-15,0.006083497423336581,-2.648713608590388,3.5277338588884013,6.166791188503661,0.0319352260899144,0.4719696791682706,5.926094510938971
24,138,0.5,94094.17400372906,0.04214295687337216,11.536337324584505,-5.726025705418881,-5.726025705418881,0.0,-0.014198475464748839,-2.6454269275970868,3.522140226028328,6.161197555643587,0.031738704768268046,0.47160875365441846,5.91798165090804
24,139,0.5,96804.46146986124,0.022556608149561272,11.525561578066378,-5.740224180883629,-5.740224180883628,1.7763568394002505e-15,-0.06893152852530715,-2.6643053345984566,3.512780362955087,6.1518376925703455,0.0315709837493991,0.4712690648741505,5.906403722840129
24,140,0.5,111113.93761259694,-0.07391321986775679,11.470484979082363,-5.8091557094089366,-5.809155709408938,1.7763568394002505e-15,-0.09333602950780406,-2.732865949493487,3.5135221902156424,6.1525795198309,0.032360665194104604,0.4705341750051075,5.900114417403132
24,141,0.5,133918.0705092951,-0.19662466161799996,11.41173415459748,-5.902491738916741,-5.902491738916741,0.0,-0.18225337458260427,-2.8305482753428857,3.50482959753245,6.14388692714771,0.032536699369660235,0.46992757858426326,5.8856719430817614
24,142,0.5,192815.7265353379,-0.4479407207523966,11.273608785493895,-6.084745113499345,-6.084745113499344,8.881784197001252e-16,0.09129730184738793,-2.9991780396274277,3.532076818128576,6.171134147743834,0.03349475546122163,0.4692696547476272,5.900689359268491
24,143,0.5,160635.90498814534,-0.33164350436487977,11.323608614574153,-5.993447811651957,-5.993447811651956,8.881784197001252e-16,-0.039438446507296554,-2.9169727153940306,3.5138928629005926,6.152950192515852,0.03279131492294101,0.4690478270076432,5.884254444904081
24,144,0.5,173819.47094957414,-0.38435520155169983,11.297062113215109,-6.0328862581592535,-6.032886258159254,8.881784197001252e-16,-0.03819520658615794,-2.957269954092372,3.5121752785185043,6.151232608133763,0.03285967731633003,0.4686679715681061,5.878394311050603
24,145,0.5,187617.93803204814,-0.4449609200775966,11.252241089335632,-6.071081464745411,-6.071081464745412,8.881784197001252e-16,0.035534358707401736,-2.9896553080936,3.5237949836883646,6.162852313303623,0.03306441310846533,0.46817391394927543,5.883617472569095
24,146,0.5,174746.9509850982,-0.3983789207157429,11.274336370644534,-6.03554710603801,-6.03554710603801,0.0,-0.05412254387652826,-2.9607212263400853,3.5105944297805896,6.149651759395849,0.033043629605457495,0.46776056917969144,5.869045485986963
24,147,0.5,194724.1654184078,-0.47554451304942424,11.228250273730227,-6.089669649914538,-6.089669649914538,0.0,0.07141103750276834,-3.0101107044279547,3.5200605613579077,6.1591178909731665,0.03293615125256063,0.4675133675638637,5.874451886125522
24,148,0.5,168807.99517844632,-0.37479361074176154,11.286930003340016,-6.01825861241177,-6.01825861241177,0.0,-0.006777357691487573,-2.9525575749242177,3.492344745359844,6.131402074975104,0.03277222548394904,0.4671902902438269,5.8483960535084325
24,149,0.5,171111.71738501836,-0.3901975689521105,11.269676802302293,-6.025035970103257,-6.025035970103257,0.0,0.08444044512302007,-2.9564950724978636,3.498024465595528,6.137081795210787,0.03282018835363637,0.46673429831326996,5.850017195542622
24,150,0.5,144522.58182934643,-0.281422410933034,11.318346228094404,-5.940595524980237,-5.940595524980236,8.881784197001252e-16,-0.08714391200835525,-2.8799364530434617,3.4822608142582925,6.121318143873551,0.03254715074923033,0.46640127690557825,5.834200017402675
24,151,0.5,172039.4128421611,-0.4001883768521175,11.255102120272948,-6.027739436988592,-6.0277394369885915,8.881784197001252e-16,0.12963095431104588,-2.9638640674792383,3.488693409403447,6.127750739018706,0.03306716245195569,0.46598510801812565,5.8344910036787985
24,152,0.5,132749.2069871767,-0.21874843894634388,11.358720087462407,-5.8981084826775465,-5.898108482677547,8.881784197001252e-16,0.07699295498608372,-2.8376300225644084,3.4818995906110177,6.120956920226276,0.032365300278491334,0.46609668643097363,5.832473351762204
24,153,0.5,113803.78444875887,-0.12649215187181856,11.389246751639291,-5.821115527691463,-5.821115527691465,1.7763568394002505e-15,0.03484904581443704,-2.753926434787936,3.4953208561917934,6.134378185807053,0.03170195062292028,0.46598805468338284,5.844758183247174
24,154,0.5,106141.98561905442,-0.08754483762572424,11.397443288502602,-5.786266481877026,-5.786266481877026,0.0,0.11047920864040428,-2.714037298550174,3.505401037038445,6.144458366653706,0.0314868714503663,0.4656589662130024,5.851269717521181
24,155,0.5,85099.33893825983,0.048694275439103374,11.448963097351449,-5.6757872732366215,-5.675787273236621,8.881784197001252e-16,-0.05112587758698783,-2.60282306839191,3.5068710800741636,6.1459284096894224,0.032505016265832395,0.4654389611079783,5.849812607034195
24,156,0.5,94261.32918560827,-0.016132690373448482,11.421560920900324,-5.726913150823609,-5.726913150823611,1.7763568394002505e-15,0.11132423799297708,-2.6749386925659295,3.4648915869001016,6.103948916515361,0.03309246750708742,0.46443311540406734,5.803521556940609
24,157,0.5,75446.40575816744,0.11792793395030222,11.467033693561868,-5.615588912830632,-5.615588912830632,0.0,-0.05463540195766026,-2.556666509451808,3.47878747714239,6.117844806757648,0.03331293404410782,0.4645150706699862,5.816380247537954
24,158,0.5,84157.77834040512,0.04727194202900086,11.434992513634588,-5.6702243147882925,-5.670224314788293,8.881784197001252e-16,-0.09559290010202304,-2.606706455792773,3.4879783883757796,6.127035717991039,0.03272919125237233,0.4642254526836364,5.8224085220850155
24,159,0.5,101888.50740519789,-0.07948991026203252,11.372654609256568,-5.7658172148903155,-5.765817214890316,8.881784197001252e-16,-0.05352197416709625,-2.7007835195423624,3.491010061080647,6.130067390695906,0.03257110069529626,0.4636494793582896,5.820219315709389
24,160,0.5,113400.19366911183,-0.14887169880920112,11.34093498049642,-5.819339189057412,-5.819339189057412,0.0,0.10141198388143646,-2.761787026947911,3.476046994603741,6.115104324219,0.03290078822693574,0.4629491657043373,5.799835552670425
24,161,0.5,92582.40671936212,-0.026247084683771658,11.383360240984405,-5.717927205175975,-5.717927205175974,8.881784197001252e-16,0.009574168496099489,-2.6561879187977033,3.4844212431412847,6.123478572756544,0.033263356443411565,0.46274193965608,5.806031084713206
24,162,0.5,90826.47285469648,-0.02498374231152686,11.366738588736698,-5.708353036679876,-5.708353036679876,0.0,0.023194772463529745,-2.6420263681009257,3.4935960075426413,6.132653337157899,0.03344121993887614,0.4621718055030144,5.809240109019616
24,163,0.5,86709.309102804,-0.0002569843345457054,11.369802559763603,-5.685158264216346,-5.685158264216347,8.881784197001252e-16,-0.10221748329728353,-2.6213833014785264,3.488492595860382,6.12754992547564,0.03323800648978375,0.46171272910730565,5.801964980799078
24,164,0.5,106377.72633593646,-0.13811115113615158,11.298529192754955,-5.78737574751363,-5.78737574751363,0.0,0.014081343938994628,-2.7286183987830515,3.4784573678458974,6.117514697461155,0.032888528191333935,0.460905433326554,5.785936757881963
24,165,0.5,103423.63643513681,-0.13478665782740573,11.277015491494458,-5.773294403574635,-5.773294403574635,0.0,-0.05994741265394232,-2.711644763923427,3.4842419496871586,6.123299279302417,0.03351237150444481,0.46031027784820694,5.7854611541744445
24,166,0.5,116597.56070205146,-0.21700624851144923,11.232471135434254,-5.833241816228577,-5.833241816228576,8.881784197001252e-16,0.008155306741363333,-2.774360484960918,3.478705332920061,6.117762662535319,0.033317074462024115,0.45968104864085474,5.775231283330257
24,167,0.5,114711.20855641196,-0.19798868545120238,11.254195648072022,-5.825086509487214,-5.825086509487213,8.881784197001252e-16,-0.07266021857423333,-2.7676622832435673,3.4757911228720344,6.114848452487293,0.03302636264401178,0.459456234605564,5.771071494166912
24,168,0.5,132653.19644679874,-0.2970480281244282,11.201397399874038,-5.897746728061447,-5.897746728061447,0.0,0.03440472944441186,-2.8443369968822325,3.467762132743171,6.1068194623584295,0.033511354804834935,0.4587211181635796,5.75598329508451
24,169,0.5,123832.36034921183,-0.25385089108493064,11.21898221506421,-5.863341998617035,-5.863341998617036,8.881784197001252e-16,0.014083431068919516,-2.818356972756269,3.4509127221062714,6.089970051721531,0.03429182224773088,0.4581658495512518,5.735691424343713
24,170,0.5,120393.05591827855,-0.24409850587349183,11.210320123349248,-5.849258567548116,-5.849258567548116,0.0,-0.02814328764650753,-2.802342364697407,3.454775076086159,6.093832405701418,0.034865380986259915,0.4575242164312112,5.733280107898322
24,171,0.5,127363.9111979084,-0.2816666458407833,11.19147041870768,-5.877401855194623,-5.877401855194623,0.0,-0.0711744515337207,-2.833839580584932,3.4480672196041247,6.087124549219384,0.03476418855432133,0.4571498822341047,5.723659236971537
24,172,0.5,146847.89665753747,-0.3850191273423673,11.127114358771953,-5.948576306728344,-5.948576306728344,0.0,-0.049565893836429176,-2.9096217193730887,3.438851845095254,6.0779091747105145,0.03489936947883691,0.4563106586408354,5.707127189463358
24,173,0.5,162151.18197955852,-0.4647129518095786,11.066858497510388,-5.998142200564773,-5.998142200564772,8.881784197001252e-16,0.0494982957570933,-2.955318915289433,3.4465892409354217,6.085646570550679,0.03548078933265661,0.4556490129751813,5.7068291524177726
24,174,0.5,146867.75127117801,-0.405583629023971,11.086120551567419,-5.94864390480768,-5.94864390480768,0.0,0.0008073410646645129,-2.912256375479348,3.4337177290414056,6.0727750586566644,0.03520974473211568,0.45511290307153385,5.692078933855397
24,175,0.5,146630.7978915015,-0.40626215160394047,11.08314882427815,-5.9478365637430155,-5.9478365637430155,0.0,-0.08217199972714528,-2.9144458577140298,3.427724082442712,6.066781412057971,0.03507300681979429,0.4546059371272401,5.682320611026774
24,176,0.5,172821.94553986588,-0.531053743823793,10.997909639292736,-6.030008563470161,-6.030008563470161,0.0,-0.0020314378816097545,-2.990880836580477,3.4391981241641063,6.078255453779365,0.03560932446179553,0.4537994859863211,5.6827658682552995
24,177,0.5,173525.5279498792,-0.5380825752743639,10.987914852154814,-6.0320400013517705,-6.0320400013517705,0.0,-0.09631113570043848,-2.991432042809938,3.4421585874684055,6.081215917083665,0.035688059461577055,0.453487925764336,5.682266182563508
24,178,0.5,210386.6430240292,-0.6835170647721325,10.889668144560153,-6.128351137052209,-6.128351137052209,0.0,-0.03214905904385201,-3.0809023044770383,3.4558403355350835,6.094897665150342,0.036594040263746706,0.45275050497081293,5.683225732791436
24,179,0.5,224358.47627990542,-0.7367752289189794,10.847449934354163,-6.160500196096061,-6.160500196096061,0.0,-0.0283939319809825,-3.106982616011627,3.467977830553609,6.107035160168869,0.03685705781865092,0.4521508731559351,5.687468953500507
24,180,0.5,237468.02365589424,-0.784368607332519,10.809051041489049,-6.1888941280770435,-6.1888941280770435,0.0,0.22134465215542676,-3.1335845440739507,3.4715618383909255,6.1106191680061865,0.037280481437922966,0.45157340719030264,5.684228619538958
24,181,0.5,152527.31165944808,-0.44586798397505295,11.043362983893127,-5.967549475921617,-5.967549475921617,0.0,0.07069130243942201,-2.933627299877101,3.4287870224737733,6.067844352089032,0.03531440292162032,0.4517550187606451,5.658348116531663
24,182,0.5,132417.66657961608,-0.3416151869257558,11.110485973112876,-5.896858173482195,-5.896858173482194,8.881784197001252e-16,-0.003177067435642833,-2.8689489025190187,3.4167612123110933,6.055818541926352,0.035340759590210845,0.45149962631486745,5.647699981894931
24,183,0.5,133261.74514696054,-0.3612566199547631,11.077557241926149,-5.900035240917838,-5.900035240917838,0.0,-0.14172709948905915,-2.86588366925957,3.4292458137012756,6.068303143316534,0.03522866052156593,0.4509752858052782,5.653834437591625
24,184,0.5,176932.69425866814,-0.5793041068027257,10.924916467208341,-6.041762340406897,-6.041762340406896,8.881784197001252e-16,-0.02900849809487127,-3.0092617639514634,3.4259438232956088,6.0650011529108685,0.03652009322151301,0.44971757854627253,5.634419085919752
24,185,0.5,187501.41611989785,-0.6199424507067572,10.901656775590023,-6.070770838501768,-6.070770838501769,8.881784197001252e-16,0.12074768055194163,-3.038331212350638,3.4258219226870006,6.064879252302259,0.037054821279235824,0.44901363758867574,5.625754043127635
24,186,0.5,147273.44618474733,-0.4392867210982775,11.021472873703095,-5.950023157949826,-5.950023157949825,1.7763568394002505e-15,-0.008151098978999016,-2.930608029808394,3.399772926667606,6.038830256282865,0.036250439252294236,0.4487081677264226,5.605197954419145
24,187,0.5,149694.00365455207,-0.45053818273293333,11.015272148391785,-5.958174256928825,-5.958174256928826,8.881784197001252e-16,-0.0808347633307962,-2.93715200584781,3.402987172546773,6.042044502162031,0.03619602676702341,0.4481636139113421,5.603702847100556
24,188,0.5,175961.06721059335,-0.5679071204579328,10.942203799603375,-6.039009020259622,-6.03900902025962,1.7763568394002505e-15,-0.0934079981762066,-3.015254421684265,3.4084518675354545,6.0475091971507124,0.03698940476045563,0.4475281417362688,5.599854389178863
24,189,0.5,212104.43215554283,-0.7183247952378577,10.82818444639594,-6.132417018435828,-6.132417018435827,8.881784197001252e-16,0.18379570725706174,-3.1029805475513363,3.419815612153724,6.058872941768983,0.03819832529508545,0.4464936621921897,5.596428219763017
24,190,0.5,146861.11487017636,-0.4459773834479087,11.005287855461715,-5.9486213111787665,-5.9486213111787665,0.0,0.04928921333575609,-2.935458000730435,3.3872692912814037,6.026326620896663,0.036650767367756236,0.4465658665252983,5.575792537908378
24,191,0.5,133074.47271066144,-0.37075212282170433,11.057159950042612,-5.89933209784301,-5.89933209784301,0.0,-0.09093087807722888,-2.8868822103948366,3.385842445281091,6.024899774896349,0.03651852425383402,0.4462266093790113,5.574090998292255
24,192,0.5,159615.9588575167,-0.5153705960051309,10.949784759830218,-5.990262975920239,-5.99026297592024,8.881784197001252e-16,0.012172083805245038,-2.969958576399312,3.401551469426594,6.040608799041853,0.03692418223453444,0.44533299267321447,5.577385277398015
24,193,0.5,155777.15700294008,-0.4987922804722043,10.95859722328558,-5.978090892114994,-5.978090892114994,0.0,0.0515208192062504,-2.9554115722339094,3.406301310146912,6.045358639762171,0.036952310416502585,0.4447548433802486,5.577306523949965
24,194,0.5,140524.9238280526,-0.43077338766287177,10.991593370491744,-5.926570072908744,-5.926570072908744,0.0,-0.24436860893058387,-2.8988057309748148,3.4164713542525993,6.055528683867858,0.0363636618776969,0.4444695383056453,5.586440476736698
24,195,0.5,229091.63691145944,-0.8104669747534728,10.720943414171709,-6.170938681839328,-6.170938681839327,8.881784197001252e-16,0.1041379278873178,-3.1272975327788965,3.4482249685056034,6.087282298120863,0.03849866818952365,0.4432420299443249,5.590279145939415
24,196,0.5,186018.51819059075,-0.6323390761111799,10.86892335568166,-6.06680075395201,-6.06680075395201,0.0,0.022969988962504573,-3.0457598785802498,3.4030244211282628,6.042081750743522,0.037891973926015454,0.4429903133988003,5.554351148327176
24,197,0.5,177666.15418775275,-0.5989877811221961,10.889685967734618,-6.043830764989505,-6.043830764989505,0.0,-0.04183952867503038,-3.0247512490936126,3.3991017021765266,6.038159031791785,0.03791765983601304,0.44260966416432307,5.548190901940749
24,198,0.5,193172.8353949365,-0.670706549876394,10.829927487576285,-6.085670293664536,-6.085670293664537,8.881784197001252e-16,-0.04428099148958875,-3.0627209037515075,3.4068414502107984,6.045898779826056,0.038466275717426605,0.44187548081021744,5.5470509227027
24,199,0.5,211061.02112830358,-0.7471851375225146,10.765532295263219,-6.1299512851541245,-6.129951285154124,8.881784197001252e-16,0.0007338119838262713,-3.100999670849741,3.4188458989935073,6.057903228608766,0.03869909375825372,0.44120085142925175,5.54978733682111
24,200,0.5,210751.49010818911,-0.7660027118608741,10.726429522618849,-6.129217473170298,-6.129217473170298,0.0,-0.10518388735485562,-3.1102469415793546,3.3988837335666275,6.0379410631818855,0.03942486561387362,0.44041845974978466,5.5226540208179244
24,201,0.5,260095.128272113,-0.9302235664688832,10.608355588112541,-6.234401360525154,-6.234401360525154,0.0,-0.1211807872881856,-3.2025766279109074,3.4245921356132323,6.063649465228492,0.04065035763237691,0.43968793667667233,5.5326816546854705
24,202,0.5,331427.47806060925,-1.1432260992024816,10.424712097221718,-6.355582147813339,-6.35558214781334,8.881784197001252e-16,0.07022803359475915,-3.302468303472008,3.467170359067407,6.106227688682665,0.04309133286576794,0.43902944731064475,5.551855089381952
24,203,0.5,287997.8311720607,-1.0263861530374505,10.517935922362259,-6.28535411421858,-6.28535411421858,0.0,0.04728199881213424,-3.24887081090336,3.433909277015181,6.072966606630439,0.04185562344855551,0.4383439062852142,5.524067264972563
24,204,0.5,262011.64565306169,-0.9532831964216952,10.5695778379695,-6.238072115406446,-6.238072115406446,0.0,-0.0802658758451269,-3.2073356072925874,3.422415686612458,6.061473016227717,0.041099008697919145,0.43783651245793603,5.512776077861899
24,205,0.5,307637.0575396563,-1.093073927870935,10.450528126761277,-6.318337991251573,-6.318337991251574,8.881784197001252e-16,0.07041450849075304,-3.2759626666647184,3.44569331955845,6.084750649173708,0.04282284977597635,0.43698465991757035,5.517235448163102
24,206,0.5,267225.183417823,-0.9855497596426109,10.52474744623642,-6.24792348276082,-6.247923482760821,8.881784197001252e-16,0.03824438708740008,-3.2179425144936284,3.4209046069191253,6.059961936534383,0.041379689122088455,0.436484808829125,5.498001459882595
24,207,0.5,247547.60634102486,-0.9188180751173314,10.581722041112176,-6.20967909567342,-6.209679095673419,8.881784197001252e-16,0.1232909925086636,-3.19017636376196,3.39994813420766,6.039005463822919,0.04114587462648576,0.4357674926237745,5.476230784821396
24,208,0.5,193450.35714788482,-0.7110474255506333,10.750681355228245,-6.086388103164756,-6.086388103164756,0.0,0.013045022127638362,-3.081278365097749,3.371162146518754,6.010219476134012,0.0393421366635543,0.4354366394113215,5.457761908824124
24,209,0.5,188468.49979675026,-0.6880272535953706,10.770631654883495,-6.073343081037118,-6.073343081037118,0.0,-0.04289735691975771,-3.0703871983031057,3.3668544358527646,6.005911765468023,0.039563139345585197,0.43474341077028544,5.447210369886409
24,210,0.5,205352.0035130135,-0.7692752465138286,10.693930382886093,-6.1162404379568756,-6.116240437956875,8.881784197001252e-16,0.14490564825051067,-3.090194301697944,3.4130349429026055,6.052092272517863,0.03967356898668991,0.4342361840592218,5.478097627577789
24,211,0.5,153686.42118733836,-0.5343184220321293,10.87403273534847,-5.971334789706365,-5.971334789706364,8.881784197001252e-16,-0.028704580485211295,-2.9712781172681106,3.3610560152612488,6.000113344876508,0.03839732683948902,0.4337889701375996,5.440171510453287
24,212,0.5,162767.6072981972,-0.5954849477926085,10.809108844797937,-6.000039370191576,-6.000039370191577,8.881784197001252e-16,-0.02428182396168488,-3.0037768047450863,3.353467801277721,5.992525130892979,0.03903603852631579,0.4329296838805786,5.425001408370525
24,213,0.5,170867.27906458057,-0.6329029166661131,10.782836554974295,-6.024321194153261,-6.024321194153261,0.0,-0.07333927555551245,-3.0252436214749743,3.3590978157413147,5.998155145356573,0.03932999972311205,0.43204216156425135,5.421462421687892
24,214,0.5,197861.17737741323,-0.7529483822377834,10.68942417494198,-6.0976604697087735,-6.0976604697087735,0.0,0.16073746091773344,-3.0917210823040313,3.3728214451942233,6.011878774809482,0.040368292179263916,0.43107951080188783,5.418253496009816
24,215,0.5,143464.9477196891,-0.4786446181755412,10.916556781230996,-5.93692300879104,-5.936923008791039,8.881784197001252e-16,-0.050634944121407344,-2.955360837312092,3.324067013342636,5.963124342957896,0.03927455188225632,0.4305848905541991,5.381291884865097
24,216,0.5,158754.7608362417,-0.5643323894287939,10.846451126967304,-5.987557952912447,-5.9875579529124465,8.881784197001252e-16,0.10043571245827643,-2.9953838832668924,3.3452908096758485,5.984348139291108,0.040295020415463755,0.42982406190504024,5.388659192016681
24,217,0.5,129864.18868183628,-0.41275483702925186,10.948734806849838,-5.887122240454171,-5.887122240454171,0.0,-0.056396285327404705,-2.889444308038237,3.3562985352166104,5.99535586483187,0.04068860537348492,0.4297315128372136,5.397871986476728
24,218,0.5,145369.93547649038,-0.4970703418336889,10.892896367895775,-5.943518525781576,-5.943518525781577,8.881784197001252e-16,-0.042283163445538285,-2.947650398552132,3.3526789248436266,5.991736254458886,0.04120226806074549,0.42854421803023757,5.384540425577929
24,219,0.5,158198.10859402333,-0.5722238136952622,10.827155751063703,-5.985801689227114,-5.985801689227114,0.0,-0.09282291306611956,-2.9854720006160798,3.3616020476068114,6.000659377222069,0.041706782495055904,0.42771002199685215,5.3831964522575735
24,220,0.5,190469.85214845554,-0.7116721321569899,10.733904940272486,-6.0786246022932335,-6.0786246022932335,0.0,0.030935695142345843,-3.065242212597075,3.3877074497770594,6.026764779392317,0.04230263169977184,0.42684147761041225,5.391973338575689
24,221,0.5,179042.37959277155,-0.6480927796865107,10.79919225492875,-6.047688907150888,-6.047688907150886,1.7763568394002505e-15,0.07119047977436921,-3.0441531007157883,3.3680142832549373,6.007071612870197,0.042064284982182606,0.42627866808116643,5.3707207849359895
24,222,0.5,155281.80698992114,-0.5135944775564676,10.925807899640102,-5.9764984273765185,-5.9764984273765185,0.0,-0.1766506259612619,-2.9902005769212203,3.333538371295336,5.972595700910596,0.04116650621817179,0.4256483318191828,5.341052065127073
24,223,0.5,221084.0238536446,-0.7934408636182827,10.719416379438993,-6.15314905333778,-6.1531490533377795,8.881784197001252e-16,0.1351954934616657,-3.1578264210848705,3.351587934890561,5.99064526450582,0.0420340321569079,0.4244917582607717,5.3407233889554595
24,224,0.5,168705.03597566986,-0.5660596171974452,10.903787885357342,-6.017953559876115,-6.0179535598761165,1.7763568394002505e-15,0.06295219350707093,-3.037342305055945,3.3221651800250807,5.961222509640338,0.041033800655044105,0.424183416300097,5.31646184056162
24,225,0.5,148747.0859164134,-0.4834574486832994,10.94308783537149,-5.955001366369044,-5.955001366369044,0.0,0.03640616520003093,-2.9835878209083204,3.303769761306188,5.942827090921448,0.04122221850128752,0.42302051771358923,5.294817330773072
24,226,0.5,138301.36705871642,-0.4316768932029835,10.97383661593206,-5.918595201169013,-5.918595201169014,8.881784197001252e-16,0.08146019338210575,-2.947364474470142,3.303404123782485,5.942461453397745,0.04118744489252204,0.42220317282299213,5.290089937582185
24,227,0.5,117508.97769633407,-0.32011149464825894,11.034047026277298,-5.837135007786907,-5.837135007786908,8.881784197001252e-16,0.014454405192575237,-2.866221447197357,3.3027697915638425,5.941827121179102,0.041521189456942866,0.4219939342817058,5.288516073261303
24,228,0.5,114160.56544021223,-0.29952864343849206,11.04630391831168,-5.822680602594332,-5.822680602594332,0.0,0.062258241275891635,-2.855658642346051,3.294986590881304,5.934043920496562,0.04231207955356101,0.4212869364256762,5.274260050663168
24,229,0.5,100795.06979273554,-0.20140733080768053,11.118030061021521,-5.76042236131844,-5.760422361318441,8.881784197001252e-16,0.025704537686854323,-2.793843401620243,3.294100589781135,5.933157919396394,0.04312403503500453,0.42094611523166353,5.2690243388721125
24,230,0.5,95744.23029993396,-0.16100107093639518,11.147433505390381,-5.734717823631586,-5.734717823631586,0.0,-0.10271690285562673,-2.7726373156864716,3.2851036862749696,5.9241610158902285,0.043355382273826015,0.4202433892108387,5.253851500925555
24,231,0.5,117579.43808866013,-0.305764758850449,11.063339935273529,-5.837434726487213,-5.8374347264872135,8.881784197001252e-16,-0.1828059740950394,-2.884340985470215,3.2671301524187375,5.906187482033998,0.042024840045181124,0.41917312976508636,5.231060943186061
24,232,0.5,169478.50797650852,-0.5644238250997652,10.911633750964976,-6.020240700582252,-6.020240700582253,8.881784197001252e-16,0.10187862423425731,-3.0632522925391945,3.2749194864708557,5.913976816086114,0.041698413905403575,0.4179264526203697,5.222733347740957
24,233,0.5,138236.8991260753,-0.40722118704644167,11.022281778603105,-5.918362076347995,-5.918362076347994,8.881784197001252e-16,0.04271801285996535,-2.9562128490973163,3.285241124886098,5.924298454501356,0.04228041809783171,0.4179705867655799,5.228743996592921
24,234,0.5,126916.93888883664,-0.34553592189103766,11.060216283193984,-5.875644063488029,-5.87564406348803,8.881784197001252e-16,0.044170859180002964,-2.9139253772519598,3.28438004285688,5.923437372472138,0.042546273571142566,0.4173490437940554,5.2255485239816695
24,235,0.5,116185.85760279832,-0.2826573508501493,11.097631706915756,-5.831473204308026,-5.831473204308027,8.881784197001252e-16,0.14680314869027367,-2.8789804640638055,3.265928150873184,5.904985480488443,0.04310904521626275,0.4165202268901324,5.203360428961736
24,236,0.5,86624.68596270768,-0.09267371536480187,11.183992680505902,-5.684670055617753,-5.684670055617753,0.0,-0.15007910500298483,-2.725781356406304,3.2787200688076394,5.917777398422898,0.045598108118764975,0.41632718253938933,5.208061751031738
24,237,0.5,116949.59643304536,-0.28366512737184807,11.10216806649778,-5.834749160620738,-5.8347491606207385,8.881784197001252e-16,0.02879919432006961,-2.887653058562022,3.2551348745021693,5.894192204117429,0.04364419407937482,0.41466881080697066,5.178541100067831
24,238,0.5,110403.81104907082,-0.24614837095678,11.119603190687776,-5.805949966300668,-5.805949966300668,0.0,-0.016804796243995668,-2.8491194767387142,3.274603649508648,5.9136609791239065,0.044022215511383134,0.4140762923495732,5.18790222474703
24,239,0.5,114177.49897969743,-0.28032386304487855,11.084861798999572,-5.822754762544664,-5.8227547625446645,8.881784197001252e-16,0.025782451169325427,-2.884243422123967,3.237965351226134,5.877022680841392,0.04383527699799453,0.41300710949975455,5.150786315562756
24,240,0.5,108439.16709053158,-0.24132223224046961,11.111300158269735,-5.796972311375338,-5.796972311375337,8.881784197001252e-16,-0.21354209444598649,-2.854606806507469,3.2456736801204804,5.884731009735738,0.04432650996000407,0.4124452995926323,5.149256022098437
24,241,0.5,166213.57082377202,-0.5394477539856171,10.942133303671412,-6.010514405821325,-6.010514405821323,1.7763568394002505e-15,-0.09175816971177575,-3.074148485329257,3.2336745113688754,5.872731840984136,0.0428294635855732,0.4106280705947655,5.125262251012466
24,242,0.5,199694.734312384,-0.6803217019676008,10.843901747130996,-6.1022725755331,-6.102272575533099,1.7763568394002505e-15,-0.05545582758653467,-3.162063221757034,3.2413613779368724,5.880418707552131,0.04267161003609467,0.40936693501385063,5.119342346307014
24,243,0.5,223118.1668397549,-0.7850663425406403,10.74532412115799,-6.157728403119635,-6.157728403119636,8.881784197001252e-16,0.056587452374934344,-3.2134712616676597,3.2494569532886923,5.88851428290395,0.04265348182188307,0.4086820571197433,5.117172225772978
24,244,0.5,199243.28635186952,-0.7045990579362303,10.79308378561694,-6.101140950744701,-6.1011409507447,8.881784197001252e-16,0.01569301839086279,-3.1642421114383437,3.234740348997455,5.873797678612713,0.043187603141367895,0.4079266670306557,5.0998588234216005
24,245,0.5,193086.94616505457,-0.6991733708021588,10.77254912310336,-6.085447932353838,-6.085447932353839,8.881784197001252e-16,0.06243896147749073,-3.1363649944131766,3.259108546266065,5.898165875881324,0.04365078138348683,0.40755919558707093,5.1130667903766165
24,246,0.5,170419.43495139945,-0.5865006880191194,10.873016565714455,-6.023008970876347,-6.023008970876346,8.881784197001252e-16,-0.013140281318419156,-3.0963213081467607,3.214317995843913,5.853375325459173,0.04404018389073787,0.4063425215381505,5.071038974458178
24,247,0.5,174957.52416536087,-0.5965366449934668,10.879225214402597,-6.036149252194766,-6.0361492521947655,8.881784197001252e-16,0.015170985284645333,-3.106698121196598,3.2198449323810756,5.858902261996335,0.04435081051880116,0.40543245992842725,5.065390912156826
24,248,0.5,169728.69574277478,-0.5698645288661432,10.902227476087958,-6.020978266910121,-6.020978266910122,8.881784197001252e-16,-0.03926732888205553,-3.104546132450121,3.19380693930474,5.83286426892,0.04460448397396455,0.40412144542849715,5.034858750439667
24,249,0.5,183595.67340972513,-0.6235894898834851,10.873312211817383,-6.060245595792177,-6.060245595792177,0.0,-0.023912274734930072,-3.141452688763933,3.198528484441227,5.837585814056487,0.04454309987734901,0.40311124441976826,5.029326937645975
24,250,0.5,192589.40010926782,-0.6526364356063721,10.863042869841468,-6.084157870527107,-6.084157870527106,8.881784197001252e-16,-0.11204437338075834,-3.168679478667447,3.1918994541040577,5.830956783719317,0.04456417568638636,0.40207112389445715,5.015633987683308
24,251,0.5,240964.40098713886,-0.8126988640144273,10.767006759786875,-6.196202243907865,-6.196202243907865,0.0,0.10395685206639982,-3.277544803162423,3.1982575518756278,5.8373148814908875,0.04534190379651951,0.4009947888975185,5.006988469701835
24,252,0.5,195729.87202909816,-0.6416722523009674,10.90114627908099,-6.092245391841465,-6.0922453918414625,2.6645352591003757e-15,0.016611729026691613,-3.171832295335553,3.2017688633965653,5.840826193011822,0.04505810124963269,0.4005492807735874,5.007248735289855
24,253,0.5,189333.88554267224,-0.6275595009979661,10.896148323633613,-6.075633662814774,-6.075633662814773,8.881784197001252e-16,-0.221040870307875,-3.1546988707219876,3.2028122545703126,5.841869584185572,0.04584929702936916,0.39959364487289234,4.996997924306998
24,254,0.5,294592.7185309096,-0.9663331221114841,10.660682822022327,-6.296674533122649,-6.296674533122648,8.881784197001252e-16,0.09606619772010117,-3.3741771409321055,3.2059374547658273,5.844994784381086,0.04598593021218789,0.39790958247717606,4.979694452573246
24,255,0.5,243097.20691880956,-0.7991401416877528,10.802936387429593,-6.200608335402547,-6.200608335402549,1.7763568394002505e-15,-0.03742568982351813,-3.273405700170092,3.2153479408496524,5.854405270464911,0.04620685560911123,0.39777556722445623,4.989485274242708
24,256,0.5,261991.6862716385,-0.8624209703971346,10.75122610965786,-6.2380340252260655,-6.238034025226065,8.881784197001252e-16,0.10821429651836745,-3.3165179288133046,3.2039748632102634,5.843032192825523,0.04602808288985872,0.39674878914112016,4.97254414342152
24,257,0.5,211005.49555753308,-0.6945128947617514,10.870613667891892,-6.129819728707698,-6.129819728707697,8.881784197001252e-16,-0.1375931229387577,-3.216863543937701,3.1868550399247355,5.825912369539994,0.04655298055154259,0.3959132272082857,4.950543929584875
24,258,0.5,277846.950497634,-0.9081351872728323,10.718555328747248,-6.267412851646456,-6.267412851646457,8.881784197001252e-16,-0.07353551643528533,-3.352818421648883,3.190131530379888,5.829188859995147,0.04640790745654362,0.39457684909674184,4.936750622193159
24,259,0.5,321867.9786191598,-1.0382750373210161,10.605346661521448,-6.340948368081741,-6.34094836808174,8.881784197001252e-16,0.10883636090426219,-3.4259630813176183,3.190913243912988,5.829970573528248,0.04656340733532293,0.3937538291051751,4.926309520069161
24,260,0.5,258906.9511998234,-0.8797144573012412,10.704795099752475,-6.232112007177479,-6.232112007177479,0.0,0.07436916108278968,-3.334195598384621,3.1567754879704566,5.795832817585715,0.046371098306861654,0.3926144371681615,4.892859011311787
24,261,0.5,223124.61191307593,-0.753354452707506,10.808776786774365,-6.157742846094689,-6.157742846094688,8.881784197001252e-16,-0.0207877438378965,-3.2678031577975757,3.140822046978967,5.7798793765942245,0.04637266164309502,0.39174275859564023,4.876278832660631
24,262,0.5,232596.66472563703,-0.7837065384556466,10.789648102953878,-6.178530589932586,-6.178530589932586,0.0,0.050496885089742705,-3.286160485105259,3.1456828800393972,5.784740209654656,0.0465325390601293,0.39094929489071056,4.871794897625755
24,263,0.5,210253.11841969177,-0.71837900157396,10.819309406537762,-6.128033704842843,-6.128033704842841,1.7763568394002505e-15,-0.059459758233049165,-3.240331718041304,3.1363466439878187,5.775403973603076,0.0465847293179085,0.39019373021664205,4.859375183520879
24,264,0.5,236803.7282463887,-0.8234067434893646,10.728173439173053,-6.187493463075892,-6.187493463075891,8.881784197001252e-16,-0.12759019061176602,-3.2992676955951596,3.1373942053462054,5.776451534961465,0.047301912330947216,0.3889520592588113,4.8460045922848325
24,265,0.5,305641.2499521221,-1.0132894914203439,10.603588324534627,-6.315083653687658,-6.315083653687657,8.881784197001252e-16,-0.04153886403575502,-3.419048249465849,3.153013478828359,5.7920708084436185,0.04716710102326061,0.38788698104088515,4.844253079889462
24,266,0.5,332117.8103635917,-1.066134350880128,10.580976333686571,-6.356622517723413,-6.356622517723414,8.881784197001252e-16,0.06811928889660379,-3.4646475588487435,3.1448925881340797,5.7839499177493385,0.04777795584719208,0.38626915279857477,4.821783685872819
24,267,0.5,289817.43164210464,-0.9734269948448884,10.630152467963844,-6.2885032288268095,-6.28850322882681,8.881784197001252e-16,0.04753095592042822,-3.4047277436893464,3.128493640659665,5.767550970274925,0.04800279963222341,0.384973835101575,4.800782855614351
24,268,0.5,263535.8117801013,-0.8986137333318833,10.684717079148998,-6.240972272906381,-6.240972272906382,8.881784197001252e-16,-0.03824317104058039,-3.3624769974856,3.117933221226302,5.756990550841563,0.048649569286872245,0.3838263092506367,4.783541774807533
24,269,0.5,284483.60056844074,-0.9594412646105743,10.639548358672773,-6.279215443946962,-6.279215443946961,8.881784197001252e-16,0.13797727561593298,-3.399436650275887,3.1205002577268894,5.759557587342149,0.04885475333375537,0.382729497416136,4.774732895752143
24,270,0.5,215879.6459418662,-0.7578207705379938,10.766834795586071,-6.141238168331029,-6.1412381683310295,8.881784197001252e-16,-0.03274965881009795,-3.2721255023000997,3.0991680024465995,5.738225332061859,0.049401571300266234,0.3820768822703612,4.757406608181936
24,271,0.5,230492.97282213636,-0.788220330092477,10.7715349940973,-6.173987827141127,-6.173987827141127,0.0,0.02912679509963212,-3.308151269231786,3.092615786203423,5.731673115818682,0.048942655379147215,0.38090214100217723,4.743376167922262
24,272,0.5,217449.5316256437,-0.740942303568996,10.807837456944998,-6.1448610320414945,-6.144861032041495,8.881784197001252e-16,-0.13284820290290522,-3.276729978664945,3.097204777137841,5.736262106753101,0.04918543643664955,0.3803539906452571,4.741736931197674
24,273,0.5,283627.90654905594,-0.9172061708550012,10.721006128178797,-6.2777092349444,-6.2777092349444,0.0,-0.04504365473587324,-3.411443971055101,3.0934731981633368,5.732530527778595,0.04835825743190063,0.3789499074818544,4.724549034945234
24,274,0.5,310365.458148406,-0.9670007398344949,10.711504299691558,-6.322752889680273,-6.322752889680274,8.881784197001252e-16,-0.1067176596544126,-3.453864393257483,3.0987196632303227,5.737776992845581,0.04903863719555681,0.37831070433264946,4.717762590796419
24,275,0.5,384208.67124318914,-1.1215960857469083,10.615748927175552,-6.4294705493346855,-6.429470549334685,8.881784197001252e-16,0.1326538488774478,-3.5606218166442773,3.098640135765559,5.737697465380819,0.049782217800392145,0.37665826204955843,4.701175674383637
24,276,0.5,294676.49336355575,-0.933782936536216,10.726067527842044,-6.296816700457238,-6.296816700457239,8.881784197001252e-16,0.058016043937366035,-3.437575859010085,3.079424353279046,5.718481682894305,0.04944038542073622,0.3758792380546249,4.685951797895095
24,277,0.5,262393.6964372808,-0.8514091140051427,10.774783085029458,-6.238800656519872,-6.238800656519872,0.0,0.00736225541030322,-3.3870369078916576,3.0644701676411708,5.703527497256428,0.04992291780302381,0.37500082956512587,4.666375043421789
24,278,0.5,258558.38346318115,-0.8599316380579018,10.743013526103335,-6.2314384011095685,-6.231438401109569,8.881784197001252e-16,-0.043623449035589346,-3.3806393249262414,3.062540822751395,5.701598152366654,0.05019085835013449,0.3741094278054645,4.656523419123032
24,279,0.5,282130.13082000107,-0.9106804990980457,10.728762702094222,-6.275061850145158,-6.275061850145157,8.881784197001252e-16,0.008898512902836053,-3.4212517785196193,3.068562813635817,5.707620143251075,0.049797077559359214,0.37329923078225896,4.653441970509291
24,280,0.5,277153.4698390297,-0.9104477760471261,10.711431122390387,-6.266163337242322,-6.26616333724232,1.7763568394002505e-15,-0.12578541671514198,-3.4227152708863557,3.047838803096674,5.686896132711932,0.05101460710394933,0.371773359507792,4.6261552417608485
24,281,0.5,356431.55467779876,-1.0884603787332265,10.606976750448476,-6.391948753957464,-6.391948753957465,8.881784197001252e-16,-0.017198813328083595,-3.547111896827585,3.050616384644497,5.689673714259756,0.051357247927142614,0.3700918398561697,4.609099249645871
24,282,0.5,368905.25722631667,-1.110420227525868,10.597454679519359,-6.409147567285547,-6.409147567285547,0.0,-0.0660188792117502,-3.5617487316585783,3.0557403416386797,5.694797671253937,0.051736487372692305,0.3692931574459292,4.603058829207531
24,283,0.5,420976.7531608094,-1.2131233980656209,10.524086096863353,-6.475166446497298,-6.475166446497298,0.0,0.13959694200612738,-3.6129968031466584,3.0852819570860186,5.724339286701278,0.052713482456737196,0.36831754103869385,4.609746974511566
24,284,0.5,318423.9687900706,-1.0095566996803544,10.652025609621628,-6.33556950449117,-6.335569504491168,1.7763568394002505e-15,0.008639810816185367,-3.4928812594847862,3.046319160397508,5.685376490012767,0.052838770856278236,0.36717441107062465,4.581673904597197
24,285,0.5,312968.9888164167,-0.979075553120138,10.695708281109692,-6.326929693674985,-6.326929693674984,8.881784197001252e-16,0.09707080443452476,-3.4753281305354613,3.0641457966637877,5.703203126279045,0.05328015021739882,0.3667958995693747,4.584623827861937
24,286,0.5,257742.88016742922,-0.8481646044546538,10.763388569571614,-6.22985888924046,-6.229858889240461,8.881784197001252e-16,0.004639117835606221,-3.3941432195785843,3.032374009708495,5.671431339323753,0.05347548210758593,0.3662510563534433,4.5638462944653915
24,287,0.5,255362.54073384582,-0.8351524874489225,10.780134567911862,-6.225219771404854,-6.225219771404854,0.0,-0.03487884117073481,-3.39060849408726,3.0301652250199287,5.669222554635188,0.053803624180709955,0.36498912463355176,4.551288554363136
24,288,0.5,273812.0565870063,-0.8854747826631157,10.749247659824949,-6.260098612575589,-6.26009861257559,1.7763568394002505e-15,-0.02636359270696076,-3.4302090752030554,3.020721745129807,5.6597790747450665,0.053974338509710985,0.3634110432559737,4.530828164322022
24,289,0.5,288636.79458651866,-0.9393989759521959,10.69412645866071,-6.286462205282549,-6.286462205282551,1.7763568394002505e-15,-0.18302203446373788,-3.461596003410794,3.010675074128251,5.649732403743509,0.05404182761178466,0.36232096399706226,4.512922215903578
24,290,0.5,416219.68112780835,-1.1912297782787813,10.556508922935013,-6.469484239746287,-6.469484239746288,8.881784197001252e-16,-0.006626394279583003,-3.6374500627043918,3.0250110244685304,5.664068354083789,0.05355999921194537,0.36080966432379485,4.505130344579795
24,291,0.5,421772.466227013,-1.1791221444023787,10.593976979246982,-6.47611063402587,-6.476110634025869,8.881784197001252e-16,-0.13830819531545302,-3.6522035019916013,3.00875693445328,5.647814264068539,0.053351281029398616,0.3599674243112432,4.486460785927213
24,292,0.5,556174.6589376393,-1.3759688258480702,10.476900006986508,-6.614418829341323,-6.614418829341324,8.881784197001252e-16,-0.07649811533590167,-3.7711412635113497,3.0474978020446883,5.686555131659948,0.05414004147133345,0.35978043514714686,4.5030301708984615
24,293,0.5,648121.779726685,-1.487463239746136,10.40690740986218,-6.690916944677225,-6.690916944677226,8.881784197001252e-16,0.11006679442545053,-3.8491831259250877,3.0444103078890157,5.6834676375042745,0.05356142552797137,0.3586303848540097,4.490675855017321
24,294,0.5,520060.4326832595,-1.3303774899028258,10.500945320697896,-6.5808501502517744,-6.580850150251774,8.881784197001252e-16,-0.003535771334365556,-3.7567503324245224,3.0091423060392444,5.6481996356545014,0.05325512963269285,0.3576557027815726,4.4627827621307805
24,295,0.5,523751.0961856975,-1.3718968027372012,10.424978237697879,-6.58438592158614,-6.58438592158614,0.0,0.1111580326332362,-3.7535559529027154,3.0226026077515895,5.661659937366849,0.053498033662701464,0.35713433688129476,4.462991933329321
24,296,0.5,419347.7378196963,-1.2284342578781302,10.489587262149547,-6.473227888952904,-6.473227888952904,0.0,-0.13281615145340453,-3.6505081941403716,3.0063820600098055,5.645439389625065,0.05517524000360472,0.3558996007620116,4.441823873695234
24,297,0.5,546936.5513565597,-1.4205222984420085,10.371043483928599,-6.606044040406308,-6.606044040406308,0.0,-0.0810315723908408,-3.7759717644476103,3.0210872223021363,5.660144551917395,0.055028125984734444,0.35449582074951036,4.4324812303946945
24,298,0.5,643161.5562792562,-1.5961827944382887,10.181785636717722,-6.687075612797149,-6.68707561279715,8.881784197001252e-16,0.15366036858421595,-3.8378244135824495,3.059445068814138,5.6985023984293965,0.05575508449297408,0.35436831921503886,4.43997210254379
24,299,0.5,472990.45540650055,-1.4087379573842995,10.249354573657266,-6.533415244212933,-6.533415244212932,8.881784197001252e-16,0.0471757141749638,-3.6692381827500484,3.0892967933105107,5.72835412292577,0.057693648299251735,0.35400784411458497,4.451624811441823
24,300,0.5,430403.77559133613,-1.3730317197648076,10.226415620546321,-6.486239530037969,-6.4862395300379685,8.881784197001252e-16,0.003053350697138413,-3.615374515814962,3.1026726988307547,5.741730028446014,0.05955532079270076,0.3532638081450848,4.447832474808514
24,301,0.5,427783.43720994424,-1.2668953420732625,10.432581674535136,-6.483186179340831,-6.48318617934083,8.881784197001252e-16,-0.04247059456279434,-3.656131506915588,3.0150520152352276,5.654109344850487,0.05692682338037573,0.3510604294259505,4.394320276357858
24,302,0.5,465707.7394565992,-1.2883730615496178,10.474567424708015,-6.525656773903625,-6.525656773903625,0.0,-0.024449538807459703,-3.707776128854234,2.996703960483523,5.635761290098783,0.05597850085163937,0.35008041028304604,4.373734830439952
24,303,0.5,489046.3872560065,-1.315311841570748,10.469588942280675,-6.550106312711085,-6.550106312711085,0.0,0.08679806763795028,-3.753063983707912,2.955027328391086,5.594084658006346,0.05607491941234455,0.3483886723495076,4.3361594728626
24,304,0.5,411110.1613912892,-1.2013627199425487,10.52389105026117,-6.463308245073135,-6.463308245073134,8.881784197001252e-16,-0.21034931518590483,-3.6603486001197014,2.966861960291607,5.605919289906866,0.05680196661182093,0.3481033129992637,4.340761226963821
24,305,0.5,626131.1422275684,-1.4953620770075777,10.356590966502921,-6.67365756025904,-6.673657560259038,1.7763568394002505e-15,0.026234940970589093,-3.8552244766421846,2.997808837618451,5.63686616723371,0.05542556419619808,0.3469611148710387,4.341769499491243
24,306,0.5,594125.1334764878,-1.4420186311357617,10.410807976305378,-6.6474226192884505,-6.6474226192884505,0.0,0.03164841960649767,-3.829304193668613,2.997179521624414,5.636236851239674,0.055783150162488304,0.34627665500348354,4.333885753198971
24,307,0.5,557684.3494768392,-1.3889034382235326,10.453741522916836,-6.615774199681953,-6.615774199681951,1.7763568394002505e-15,0.050485111619436474,-3.809329148378096,2.9738327729924556,5.612890102607714,0.05646767660865718,0.3449216024372935,4.306558844475293
24,308,0.5,504124.3163814362,-1.3281546041041579,10.474268967916718,-6.565289088062516,-6.565289088062517,8.881784197001252e-16,-0.005619161258881178,-3.754525376336526,2.982470093836722,5.6215274234519805,0.05609471593071366,0.34481688355362033,4.31380106997154
24,309,0.5,509821.783056331,-1.3351185166625361,10.47157946531772,-6.5709082493213975,-6.570908249321397,8.881784197001252e-16,0.09370328318275334,-3.783705086879135,2.9353489952692664,5.574406324884525,0.05743984168353744,0.3432772226531957,4.274882382119231
24,310,0.5,422696.5954705719,-1.1973818559188545,10.55964622043958,-6.477204966138644,-6.477204966138645,8.881784197001252e-16,0.027958937279758622,-3.697028918274255,2.9212947661135193,5.5603520957287795,0.05893136771793707,0.3422144994305262,4.256131813190503
24,311,0.5,399708.99855472887,-1.146275470670078,10.605941116377616,-6.4492460288588855,-6.449246028858886,8.881784197001252e-16,-0.09911325223630918,-3.669509889669289,2.920414948763932,5.55947227837919,0.059386816172063636,0.34151499943039043,4.250269411667658
24,312,0.5,487340.61003780103,-1.292158480769325,10.512401600651739,-6.548359281095195,-6.548359281095195,0.0,0.11710270298672931,-3.766949689407609,2.9237618537599133,5.562819183375171,0.05863502334200936,0.34004853315995454,4.232909210270536
24,313,0.5,385583.54082187125,-1.1483785306862704,10.565756094844389,-6.431256578108465,-6.4312565781084645,8.881784197001252e-16,-0.10347967627367627,-3.636720745435652,2.9500143357303696,5.589071665345628,0.0597384410461393,0.3401501565122619,4.25161013485511
24,314,0.5,474241.75806522905,-1.3093618709204522,10.450748766923379,-6.534736254382142,-6.534736254382142,0.0,-0.1651391622828502,-3.7414748287400705,2.947465521668884,5.586522851284143,0.059470485435369896,0.3390066786459448,4.239078332207337
24,315,0.5,659838.7944465699,-1.5670783913485333,10.265594050632917,-6.699875416664992,-6.699875416664992,0.0,-0.07028804343352313,-3.8703286159439543,3.020036271826816,5.659093601442074,0.05943942055640585,0.3384467892086781,4.257001731758504
24,316,0.5,759432.6499028746,-1.673825475830601,10.192675968535827,-6.770163460098515,-6.770163460098514,8.881784197001252e-16,-0.03440240808475181,-3.9560526702647647,2.9891642500522386,5.628221579667497,0.06006889894977059,0.33734507480011483,4.231900409488087
24,317,0.5,813524.8371241812,-1.7190510334003801,10.171029669565772,-6.804565868183267,-6.804565868183266,8.881784197001252e-16,0.09526199683562098,-4.0000246274400935,2.97002515187109,5.6090824814863485,0.06037284983688466,0.33525442630658403,4.200201417683173
24,318,0.5,672399.3694092494,-1.5598613136156105,10.29888511546407,-6.709303871347646,-6.709303871347646,0.0,0.01133839970866557,-3.924311018890798,2.9309283752984365,5.569985704913696,0.059572339920984894,0.33425060498132875,4.175193813319491
24,319,0.5,657323.0907145569,-1.5339774999996325,10.327975943278698,-6.69796547163898,-6.697965471638982,1.7763568394002505e-15,0.029142990919460487,-3.924522436272163,2.9078287411183754,5.546886070733635,0.059858090341037486,0.33274233719102464,4.148205771873242
24,320,0.5,620105.5357200829,-1.4605897225999307,10.416465516239178,-6.66882248071952,-6.66882248071952,0.0,-0.054144562924595796,-3.9140214102763156,2.870544811271149,5.509602140886408,0.06093605467522929,0.330967853786383,4.111583113274997
24,321,0.5,691026.9388411471,-1.5329047703057155,10.380124546676797,-6.722967043644116,-6.722967043644114,1.7763568394002505e-15,0.025279253046674555,-3.9678888404933184,2.8710990766863347,5.510156406301593,0.062000910605775096,0.3299578747445949,4.103260287544588
24,322,0.5,656958.1397429886,-1.5164745501356638,10.362426480923556,-6.697687790597441,-6.697687790597442,8.881784197001252e-16,-0.2514280747088513,-3.94232334933415,2.8716715529113244,5.510728882526584,0.06160899170535297,0.32916683582343675,4.097006278620511
24,323,0.5,1086238.8932057645,-1.9145139781730354,10.069203774266516,-6.949115865306292,-6.949115865306293,8.881784197001252e-16,0.03164432259416561,-4.1756931021663934,2.9077881966645402,5.5468455262798,0.062230578347204996,0.328007869168372,4.095929546111633
24,324,0.5,1019622.5680151423,-1.8443089458107191,10.146325193802815,-6.917471542712127,-6.917471542712127,0.0,0.02462395284417873,-4.16162096462903,2.872643826550935,5.511701156166195,0.06213561474629938,0.3265988133596271,4.067841749351536
24,325,0.5,970624.715462106,-1.7976047012348486,10.190485777266197,-6.892847589867948,-6.892847589867947,8.881784197001252e-16,0.07639450696846595,-4.1388368343867015,2.868964181347234,5.508021510962494,0.06305593067543386,0.3258675535360817,4.057669760124694
24,326,0.5,833097.6705189978,-1.6513034031287273,10.33029935954151,-6.816453082899482,-6.816453082899482,0.0,0.06313713862616321,-4.07266359179536,2.8485216525929857,5.4875789822082455,0.06338267822752669,0.32491179562038874,4.0369700274670075
24,327,0.5,734269.8540108479,-1.584169518349849,10.338292851846939,-6.753315944273319,-6.753315944273318,8.881784197001252e-16,0.09117097099688287,-4.000215728853006,2.867143101225364,5.506200430840623,0.0637030103411921,0.324791466418439,4.03734303063827
24,328,0.5,611879.0716047685,-1.4609917662953662,10.402306413962139,-6.662144973276436,-6.662144973276435,8.881784197001252e-16,-0.16422771682229786,-3.9147282674221677,2.855776082093278,5.4948334117085365,0.0642220546465625,0.3244166078545328,4.030077775410601
24,329,0.5,849790.7147404475,-1.6955449682456718,10.261655443706125,-6.826372690098734,-6.826372690098735,8.881784197001252e-16,-0.04692193956301516,-4.087748763446864,2.8381905236884792,5.477247853303739,0.0632773629055039,0.3227894489089237,4.00330417265559
24,330,0.5,933400.1370470681,-1.7412338844153705,10.264121490492759,-6.873294629661749,-6.87329462966175,8.881784197001252e-16,-0.1326074512709381,-4.1429789762672,2.821573977173841,5.460631306789099,0.06384206752509429,0.3210890615897931,3.9770792302300193
24,331,0.5,1216884.134818934,-1.9321376598254911,10.14752884221439,-7.005902080932687,-7.005902080932686,8.881784197001252e-16,-0.019636830049927667,-4.256017807345326,2.860711217559465,5.499768547174725,0.0644421937747179,0.32036205843711446,3.9826265774836784
24,332,0.5,1265626.5094968898,-1.9595344864451265,10.132008849074976,-7.025538910982615,-7.025538910982615,0.0,0.1387906054019501,-4.284865282397953,2.8422899275540656,5.481347257169325,0.06479091429009672,0.3190609681312845,3.9604625629941355
24,333,0.5,958856.4074978614,-1.7646809696307402,10.24413467189985,-6.886748305580665,-6.8867483055806655,8.881784197001252e-16,0.02030629811096052,-4.166994615716903,2.8004500501122647,5.439507379727523,0.0646991960106877,0.3182088072508439,3.9393674679861106
24,334,0.5,920694.9229643556,-1.7322266716946784,10.268430671550053,-6.866442007469704,-6.866442007469705,8.881784197001252e-16,-0.024626705290698325,-4.150812389688292,2.7922019059475667,5.431259235562826,0.06553793164555098,0.3167592922510252,3.9244331180826775
24,335,0.5,967177.606907907,-1.79188852612981,10.198360373261186,-6.8910687127604024,-6.891068712760403,8.881784197001252e-16,0.05335506082815211,-4.163992182897628,2.8150957301102904,5.45415305972555,0.06624240968716365,0.31578552678772753,3.9200645638672964
24,336,0.5,869285.8607743217,-1.7195120640773849,10.236403175709729,-6.83771365193225,-6.8377136519322494,8.881784197001252e-16,-0.04682892848537534,-4.128450844648926,2.779468284951391,5.418525614566649,0.06663469017018263,0.31435901220796914,3.89396140058652
24,337,0.5,954635.7764831446,-1.7942253605700778,10.180634439695096,-6.884542580417626,-6.884542580417626,0.0,0.03144461739936233,-4.162259497591021,2.805508836037949,5.4445661656532085,0.0675186079473023,0.3133807431534036,3.88783501173242
24,338,0.5,896448.3218587821,-1.7184181784471415,10.269359569142244,-6.853097963018263,-6.853097963018263,0.0,-0.1546024870743139,-4.144934309198324,2.7772699780246204,5.41632730763988,0.06768735634101401,0.3125844503863117,3.870534568002205
24,339,0.5,1221268.82918961,-1.9299513997653202,10.155498100654516,-7.007700450092577,-7.007700450092578,8.881784197001252e-16,0.011196564371005913,-4.303743182363488,2.7688572058429197,5.40791453545818,0.06720079163802643,0.31127318947270854,3.8545852694366087
24,340,0.5,1194224.7301653777,-1.9071701849412341,10.178667401560674,-6.996503885721571,-6.996503885721571,0.0,-0.10603075302562193,-4.293020381212658,2.767909679402569,5.406967009017827,0.06733002824779401,0.31075160163568594,3.8508929409119514
24,341,0.5,1476329.1748878444,-2.0739166797730633,10.057235917948262,-7.102534638747193,-7.102534638747194,8.881784197001252e-16,-0.013912780901099708,-4.392930073772935,2.7801518003332597,5.419209129948518,0.06755302633849332,0.31008469163055313,3.843319746896738
24,342,0.5,1517985.7344478024,-2.1205456328561763,9.991803573584237,-7.116447419648293,-7.116447419648295,1.7763568394002505e-15,0.1672517210660791,-4.403279406747314,2.7872786961867013,5.42633602580196,0.06881551249054227,0.3090079234033584,3.8323161291611916
24,343,0.5,1086412.3430710228,-1.9053756870900056,10.087640022984418,-6.949195698582214,-6.949195698582215,8.881784197001252e-16,0.05225755110728514,-4.250849473992128,2.757635119564913,5.396692449180172,0.06979193359907515,0.30841225339203565,3.8153371462013985
24,344,0.5,978598.0791203704,-1.8409367801423868,10.112002734665083,-6.896938147474929,-6.896938147474929,0.0,0.08663659814970437,-4.196889769611693,2.761039426111212,5.400096755726471,0.07131782980830216,0.3078440683222152,3.8094581238145033
24,345,0.5,822910.8072632791,-1.6913320579732058,10.237938982704039,-6.810301549325224,-6.810301549325225,8.881784197001252e-16,0.0025519608005604155,-4.121832859451368,2.7378800501324534,5.376937379747711,0.07160123671330779,0.30711050276139573,3.795629564589081
24,346,0.5,818721.4352259396,-1.7143929727297529,10.18671323158982,-6.807749588524664,-6.807749588524663,8.881784197001252e-16,0.03190269575903937,-4.1095680023452905,2.7573058427434836,5.396363172358742,0.07258467474543762,0.30679884822360987,3.8003794117845797
24,347,0.5,768114.2664720013,-1.621086000344872,10.30952178484151,-6.775846892765625,-6.775846892765626,1.7763568394002505e-15,0.018339703546407016,-4.092991205241515,2.7266540454329595,5.365711375048218,0.07323342094416428,0.3054561125777543,3.7744026346142676
24,348,0.5,740450.7330257114,-1.5758048092458332,10.363404759946764,-6.757507189219218,-6.757507189219215,2.6645352591003757e-15,-0.04960684499113732,-4.073558711689719,2.7288396254437353,5.367896955058995,0.0739611034955628,0.30449746956955404,3.7649954151899183
24,349,0.5,817681.4124761674,-1.6361239991059988,10.34198007020871,-6.807114034210355,-6.807114034210354,8.881784197001252e-16,-0.04937838943529016,-4.118101009367643,2.7389687200701656,5.378026049685424,0.07446728344547764,0.30354424833344756,3.7519336844136926
24,350,0.5,902554.9441595917,-1.7063469282846626,10.300290990721965,-6.856492423645645,-6.856492423645645,0.0,0.043354657111351,-4.16002998167282,2.753867554330391,5.392924883945651,0.0751368589443567,0.30296513402349134,3.748284069908926
24,351,0.5,827591.9791176545,-1.6494735303681054,10.327328472332375,-6.813137766534294,-6.813137766534293,8.881784197001252e-16,-0.03869455576387448,-4.112645887589969,2.7619264282733913,5.400983757888651,0.0773760217245028,0.3020767461144631,3.7435131431395736
24,352,0.5,894182.0283829645,-1.6953505911889755,10.312963462218388,-6.8518323222981685,-6.851832322298169,8.881784197001252e-16,-0.053878312672122064,-4.155844610160714,2.752918094659649,5.391975424274908,0.07643495202187797,0.30122641636883624,3.731180261551619
24,353,0.5,995919.0617291847,-1.7598870039668335,10.291647262006913,-6.905710634970291,-6.905710634970291,0.0,-0.006910651387279643,-4.22167744147686,2.729009057371603,5.368066386986862,0.07743920657500829,0.299803591855633,3.7089523688597565
24,354,0.5,1009779.5248041931,-1.7986272802032848,10.227988012308572,-6.91262128635757,-6.91262128635757,0.0,0.05268646226102103,-4.218939406750285,2.7483064295993125,5.387363759214571,0.07804661831257742,0.2995794699477659,3.7123578213658246
24,355,0.5,908790.2951984319,-1.723517081782796,10.272835484627505,-6.859934824096549,-6.859934824096548,8.881784197001252e-16,-0.09587592219782604,-4.179073360220129,2.7226655981375787,5.3617229277528375,0.07774427323229242,0.29862750710021635,3.6915715315713826
24,356,0.5,1100881.1830608738,-1.8521235237030995,10.207374445182552,-6.955810746294375,-6.955810746294375,0.0,0.06857838124352433,-4.262038835244682,2.748486492484126,5.387543822099387,0.07765482005569381,0.29773147145309004,3.688849278944352
24,357,0.5,959785.1440382361,-1.7769007965951553,10.220663136911394,-6.887232365050851,-6.887232365050853,1.7763568394002505e-15,-0.004881477911566456,-4.21244346717975,2.7105204661269418,5.349577795742201,0.07820808542800384,0.29668210052704164,3.6652664459204347
24,358,0.5,969201.3743268913,-1.7958124906382,10.192602704648433,-6.892113842962417,-6.8921138429624165,8.881784197001252e-16,0.0560725905107855,-4.217807154886716,2.709556046536144,5.348613376151404,0.07821618545827289,0.29568462305434534,3.655562627096754
24,359,0.5,866383.1315592501,-1.7715096877917509,10.129063129319762,-6.836041252451632,-6.836041252451632,0.0,-0.09757362746052856,-4.123421102486037,2.7861829703159313,5.4252402999311915,0.08120260849192,0.29660950211605064,3.6969372025409153
24,360,0.5,1053079.9980883803,-1.9496077199432789,9.968014319937767,-6.93361487991216,-6.933614879912162,1.7763568394002505e-15,-0.26432257252905167,-4.226424471628521,2.775323486952021,5.41438081656728,0.07986059324648032,0.2951962747129047,3.6721098587777408
24,361,0.5,1786689.2869095327,-2.298599939694536,9.79867502549335,-7.197937452441212,-7.197937452441211,8.881784197001252e-16,-0.07422456743609285,-4.503027441785284,2.750762691696597,5.389820021311855,0.07789762184695491,0.2919488573991604,3.6188998386494506
24,362,0.5,2072619.9468447198,-2.3982187067236467,9.747886626307318,-7.272162019877305,-7.272162019877306,8.881784197001252e-16,0.021361674390959706,-4.579521540378281,2.746223629382787,5.385280958998045,0.0778838609161417,0.2905846734174393,3.6016334468629525
24,363,0.5,1985935.5898719737,-2.3544308546123363,9.792738981748016,-7.250800345486345,-7.250800345486344,8.881784197001252e-16,0.031394356305979976,-4.561674396826799,2.739194567703834,5.378251897319092,0.07800653191693943,0.28978479593608814,3.5940033024215965
24,364,0.5,1865075.2865353117,-2.2443032536188694,9.950205471122992,-7.219405989180365,-7.219405989180365,0.0,0.1392262708349774,-4.568435395664351,2.66288385741677,5.301941187032028,0.07836501164628648,0.2876751946480005,3.546623366359673
24,365,0.5,1411776.5540752776,-2.0841376702103678,9.99208409627004,-7.080179718345388,-7.080179718345388,0.0,-0.06591238400670019,-4.429215171411938,2.6628717642516384,5.301929093866897,0.0811149265393609,0.2873263327974998,3.546377552527033
24,366,0.5,1610707.6985610384,-2.1610883929330944,9.970007418837985,-7.146092102352088,-7.146092102352087,8.881784197001252e-16,-0.15956102975260666,-4.490583270831409,2.671960333426097,5.311017663041355,0.0808083229810106,0.2860806128191258,3.534520787377016
24,367,0.5,2216203.7425555643,-2.339181621140538,9.932943021928313,-7.305653132104695,-7.305653132104695,0.0,0.04836072750942577,-4.66323412126877,2.64578069205659,5.28483802167185,0.07859495242484243,0.2845310852141876,3.5004190897114706
24,368,0.5,2011889.341008615,-2.268572736618244,9.977439335954054,-7.257292404595269,-7.257292404595271,1.7763568394002505e-15,-0.06108909197039036,-4.621803046687461,2.6319213862003585,5.270978715815617,0.07820698029927023,0.28368339489708183,3.4894828989754876
24,369,0.5,2273345.2728653946,-2.373514623385241,9.889733746360836,-7.318381496565659,-7.318381496565658,8.881784197001252e-16,-0.028568817993569695,-4.680312211691501,2.637081240133059,5.276138569748317,0.07841782291696904,0.28236102783231726,3.4764236503878503
24,370,0.5,2407021.452129863,-2.411831495112556,9.870237638893348,-7.346950314559229,-7.34695031455923,8.881784197001252e-16,0.10581599134066799,-4.72055018805884,2.6137429233855167,5.252800253000776,0.07900719803240297,0.28073381820418947,3.4478113768311256
24,371,0.5,1947912.1145584476,-2.2765539088701,9.929160828696922,-7.241134323218561,-7.241134323218561,0.0,-0.14282890133009118,-4.624312866243246,2.594585584335373,5.233642913950631,0.08022459724772303,0.2802062935934847,3.4377383532893444
24,372,0.5,2591964.004220606,-2.445175265239811,9.877575918617682,-7.383963224548652,-7.383963224548651,8.881784197001252e-16,-0.2112450233199059,-4.765714399610699,2.597440320260651,5.2364976498759095,0.0791364782581338,0.2786865821692547,3.419255399250215
24,373,0.5,3954704.7170915604,-2.8125762681773736,9.565263959382369,-7.595208247868558,-7.595208247868558,0.0,0.14248053907116365,-4.941531248553851,2.668296669014155,5.307353998629414,0.08283579062543887,0.2782549693959967,3.430252049664193
24,374,0.5,2974110.074513253,-2.5663260208400565,9.772803375914673,-7.452727708797394,-7.4527277087973935,8.881784197001252e-16,0.06282615527736102,-4.8321965660227795,2.6020049559339724,5.241062285549233,0.08103734703898946,0.2766623278791153,3.3975694611560323
24,375,0.5,2622931.4047020897,-2.500246099703354,9.779310907633356,-7.389901553520033,-7.389901553520032,1.7763568394002505e-15,0.05039181383678937,-4.771191603135476,2.598362571153857,5.237419900769116,0.08180792120031852,0.2761131894703898,3.3916934078228307
24,376,0.5,2371467.404114729,-2.4292111860447982,9.820597107276893,-7.339509739683244,-7.339509739683244,0.0,0.08433515033886518,-4.726641546639037,2.5866790564731557,5.225736386088415,0.0808995542269371,0.275522924342087,3.3861244775433503
24,377,0.5,2003385.7429126431,-2.3094439191587286,9.891461340371304,-7.255174589344379,-7.255174589344381,1.7763568394002505e-15,-0.2041477627067767,-4.648277944663602,2.574735959746298,5.213793289361555,0.08170466082133791,0.27480276200648407,3.377340011552658
24,378,0.5,3013596.289484206,-2.583549992688098,9.751544718726112,-7.459322352051156,-7.459322352051155,8.881784197001252e-16,-0.03883871793511595,-4.855739224081887,2.5681089263232764,5.207166255938534,0.08149616039140425,0.2731302309349232,3.3482272989477386
24,379,0.5,3257016.4665026832,-2.6375323758267655,9.72125738831901,-7.4981610699862715,-7.498161069986271,8.881784197001252e-16,0.027089384837952757,-4.891811790854018,2.5736412286492447,5.212698558264504,0.0826113963032425,0.27216567776624384,3.338270168877897
24,380,0.5,3085250.3732572906,-2.6041744202971224,9.73379452970239,-7.471071685148319,-7.471071685148317,1.7763568394002505e-15,-0.00028107503065744055,-4.873786942079974,2.55551215652143,5.194569486136689,0.0835791581044362,0.2706222574728839,3.3151592327561876
24,381,0.5,3086985.2345242864,-2.564139112078626,9.814427296200698,-7.471352760178976,-7.471352760178975,8.881784197001252e-16,-0.0932620084415543,-4.883456806557683,2.5367345776273256,5.175791907242584,0.08217185081078575,0.2697483600316236,3.2989714433562285
24,382,0.5,3719982.556930134,-2.7085281396047547,9.71217325803155,-7.5646147686205305,-7.56461476862053,8.881784197001252e-16,-0.0160011492347909,-4.965512452691867,2.5591473022420668,5.198204631857327,0.0826543293056111,0.26911790750744263,3.294370458097432
24,383,0.5,3840955.9377703005,-2.744334409237222,9.6725630172362,-7.580615917855321,-7.580615917855322,8.881784197001252e-16,-0.08349441258099155,-4.986539034073786,2.54909643794781,5.188153767563067,0.08377503806049784,0.2677141532042155,3.2734782599429955
24,384,0.5,4539015.339276953,-2.855793758960841,9.616633142950944,-7.664110330436313,-7.664110330436313,0.0,0.1792344474450891,-5.0671405634312245,2.5548822043949193,5.193939534010178,0.08607357532630897,0.26625314707895,3.2591015944877197
24,385,0.5,3171615.907523407,-2.616439785255655,9.736872195471136,-7.484875882991224,-7.484875882991223,8.881784197001252e-16,-0.015788178571147782,-4.910430409537672,2.5098336172918465,5.148890946907106,0.08466139841584579,0.26561272713847467,3.2405511883268363
24,386,0.5,3273361.9144443935,-2.6630305226233633,9.675267077878019,-7.500664061562372,-7.5006640615623725,8.881784197001252e-16,-0.035443534692207734,-4.919790048720276,2.522690696068934,5.161748025684193,0.0847598000117992,0.2650772633494121,3.237221799446812
24,387,0.5,3513823.0562119065,-2.7454465154890673,9.581322161531025,-7.536107596254579,-7.536107596254579,0.0,-0.03782373876785172,-4.922821175699123,2.587515511495653,5.2265728411109125,0.08516680574591633,0.2650857078471894,3.2551449279278732
24,388,0.5,3789947.292784399,-2.7924775744703605,9.562907521104139,-7.573931335022431,-7.573931335022429,1.7763568394002505e-15,-0.1518154022885767,-4.977031822184306,2.5547416960609914,5.19379902567625,0.08511500883278175,0.2638886740016916,3.231588168680645
24,389,0.5,5134502.30539887,-2.9976232317426117,9.456247011136794,-7.725746737311008,-7.725746737311009,8.881784197001252e-16,-0.10353870027903067,-5.1167298468250655,2.578976451356625,5.218033780971885,0.08587773413402233,0.26269808019889407,3.2178367262360665
24,390,0.5,6315837.1808130015,-3.169583619370898,9.319403636438283,-7.8292854375900385,-7.829285437590039,8.881784197001252e-16,0.1427846984745509,-5.188908796554263,2.6416959524562893,5.280753282071548,0.08621199507503446,0.26250384086943956,3.233451384982666
24,391,0.5,4746895.950211478,-2.9160218225457077,9.540957833139561,-7.686500739115488,-7.6865007391154885,8.881784197001252e-16,-0.11471915094282181,-5.085697894742515,2.5625483591306866,5.2016056887459445,0.08777532072901634,0.2609369585915044,3.19762539137875
24,392,0.5,5971088.398846252,-3.0582554946295346,9.485928790857551,-7.801219890058309,-7.80121989005831,8.881784197001252e-16,-0.08030167328080484,-5.217716504154322,2.527949442192717,5.1670067718079755,0.08837236753380281,0.25907802004602615,3.1637414477857226
24,393,0.5,7011366.155454304,-3.158448747018737,9.446145632640755,-7.881521563339114,-7.881521563339115,8.881784197001252e-16,-0.043577815114838714,-5.286616551922056,2.5507526932188567,5.189810022834115,0.089355537459905,0.2590395497900286,3.1770385857644814
24,394,0.5,7649866.517119255,-3.239960775960116,9.370277204987676,-7.925099378453953,-7.925099378453954,8.881784197001252e-16,0.15200503182265823,-5.324659168125114,2.561823091042418,5.200880420657677,0.08945083900508935,0.258542597510842,3.173028455139909
24,395,0.5,5644480.332219086,-3.0247049977689136,9.496778697724762,-7.773094346631295,-7.773094346631295,0.0,0.13449419733025003,-5.1966977211240835,2.513735921399163,5.152793251014422,0.08899001861897274,0.257334438112273,3.1501421673968
24,396,0.5,4313241.633847169,-2.862872187551825,9.551455923498438,-7.638600149301045,-7.638600149301044,8.881784197001252e-16,-0.02851498224595339,-5.068306190308864,2.501530588369103,5.140587917984361,0.09044128406285228,0.2561724049461488,3.1332387074467483
24,397,0.5,4566375.144373152,-2.8504967778635324,9.633236707366933,-7.667115131546998,-7.667115131546999,8.881784197001252e-16,-0.14465724647351852,-5.104876616848998,2.485419699780741,5.124477029395999,0.09055925416349764,0.2550353568264657,3.1145901765940125
24,398,0.5,6098447.3017207105,-3.040355407472463,9.542833941096106,-7.811772378020517,-7.811772378020516,8.881784197001252e-16,-0.10955061876703631,-5.249012800861891,2.4864618247019954,5.125519154317254,0.09073111964936192,0.2537659375874269,3.096100569409922
24,399,0.5,7592306.527897816,-3.156218685866006,9.530208621843093,-7.921322996787553,-7.921322996787552,8.881784197001252e-16,0.09930386894030896,-5.351152258167881,2.501284147624086,5.140341477239344,0.09365832444981373,0.25222488030619644,3.078555941402232
24,400,0.5,6224715.246250053,-3.035560523544519,9.572917208605451,-7.822019127847244,-7.822019127847245,8.881784197001252e-16,0.01404101131698976,-5.280101949619569,2.444777026840092,5.083834356455349,0.09227225808516185,0.25088382931725983,3.048403846547836
24,401,0.5,6052344.242527622,-3.0003616975268628,9.615232838006783,-7.807978116530254,-7.807978116530254,0.0,0.013483058331065223,-5.27575941397725,2.4253800754907497,5.064437405106008,0.09266812645983939,0.24950111986536827,3.0291721566015797
24,402,0.5,5891316.920139245,-3.010521135292951,9.567947845812478,-7.794495058199189,-7.79449505819919,8.881784197001252e-16,-0.05194715758213775,-5.261495086170564,2.4269426144419906,5.065999944057249,0.09266274648429589,0.24915308576108647,3.0262837641986584
24,403,0.5,6536317.108534237,-3.106665108365277,9.479554214832099,-7.846442215781327,-7.846442215781327,0.0,0.06649733368805322,-5.303378092599973,2.4470709167474474,5.086128246362707,0.09205140003714737,0.24879494407870018,3.02565041801142
24,404,0.5,5722347.974523235,-3.0014097087520875,9.557070346682373,-7.7799448820932735,-7.7799448820932735,0.0,-0.10973373108154316,-5.248666391694905,2.4234996511814777,5.062556980796736,0.09328027837344567,0.24810133784101396,3.0151689013861405
24,405,0.5,7126688.413413663,-3.171209974910007,9.43693727652962,-7.889678613174817,-7.889678613174817,0.0,0.09293077792131132,-5.327189949953651,2.4859199968270707,5.124977326442331,0.09437118906244851,0.24879392000776301,3.0417778931353014
24,406,0.5,5917920.454120609,-3.042219262184735,9.509057146137541,-7.796747835253505,-7.796747835253505,0.0,0.0850208581677867,-5.262449037351437,2.429540266188878,5.068597595804135,0.09547560601969306,0.2466770177917902,2.998913324584492
24,407,0.5,4992533.000031471,-2.942552334769105,9.538349284633227,-7.711726977085719,-7.711726977085719,0.0,-0.032252279026042885,-5.181451623389869,2.4214933777764416,5.0605507073917,0.09710918758737826,0.24593169037905813,2.9896040792456335
24,408,0.5,5325187.670491508,-2.9649974561424477,9.557963599938628,-7.7439792561117615,-7.7439792561117615,0.0,-0.12620209170987895,-5.219419492992043,2.410062196624178,5.049119526239437,0.09800324667112333,0.24463358773451685,2.970652418305331
24,409,0.5,6854135.122640955,-3.1131685709409256,9.514025553761428,-7.8701813478216405,-7.87018134782164,8.881784197001252e-16,0.09473749800183384,-5.345895997871594,2.4095133702848317,5.0485706999000906,0.09849702199308896,0.2427862228100113,2.9475012074048914
24,410,0.5,5671066.195947334,-2.991550302458066,9.567787094723482,-7.775443849819807,-7.775443849819807,0.0,-0.11319294161677629,-5.272782226406112,2.3662659172121314,5.00532324682739,0.09849695652146136,0.2414116485895041,2.9246227087863708
24,411,0.5,7111854.395361617,-3.1575887281426254,9.462096126587916,-7.888636791436583,-7.888636791436584,8.881784197001252e-16,-0.10489342984600203,-5.3808312773459805,2.3765536985659454,5.015611028181204,0.0981254559458536,0.24059570553903714,2.9128360677041485
24,412,0.5,8771868.895064715,-3.288181098478064,9.41069824560904,-7.993530221282585,-7.993530221282585,0.0,0.06344550188168174,-5.480653049318391,2.3866970143131283,5.025754343928386,0.09846740292538107,0.23986837280377035,2.905754864933719
24,413,0.5,7726522.423462986,-3.2131418316100757,9.433885775581658,-7.930084719400903,-7.930084719400904,8.881784197001252e-16,0.14192791785032455,-5.410432841679082,2.400246425828381,5.0393037554436395,0.09694911829083089,0.2405874607588538,2.922813686693671
24,414,0.5,5817106.918654035,-3.0283425851218135,9.51962843285753,-7.788156801550579,-7.788156801550579,0.0,0.05908981362786925,-5.280565965547745,2.376124342390411,5.015181672005668,0.09981896391868705,0.23963470952499605,2.904783364660348
24,415,0.5,5168711.431403203,-2.960026034052798,9.538081907739828,-7.729066987922709,-7.729066987922712,2.6645352591003757e-15,0.007768880798913358,-5.232001230001631,2.3550741862268967,4.994131515842156,0.10109063432679044,0.23881769135425315,2.890950559450022
24,416,0.5,5089021.926902574,-2.919082951698092,9.60443031085141,-7.721298107123796,-7.721298107123797,8.881784197001252e-16,-0.07919876996072794,-5.229590166459679,2.3443585517129764,4.983415881328235,0.10474515697365326,0.23754703261447793,2.8746743731330304
24,417,0.5,5962460.289824484,-3.0219536929984443,9.557086368172161,-7.800496877084524,-7.800496877084525,8.881784197001252e-16,0.10048470189831793,-5.3018379972370635,2.3582604300796604,4.997317759694921,0.10766120969272434,0.2360305879431817,2.860876521207245
24,418,0.5,4876919.606635058,-2.8894772012654224,9.621069947841573,-7.700012175186206,-7.700012175186209,2.6645352591003757e-15,0.014569712641550936,-5.189460586766065,2.3820458472250268,5.0211031768402865,0.11350835338565127,0.23576310596531297,2.8627090327709768
24,419,0.5,4736859.517743003,-2.876337926487558,9.618209072114194,-7.685442462544655,-7.685442462544655,0.0,-0.09053919562331725,-5.178433671434901,2.3749602526042506,5.01401758221951,0.10993924745112119,0.23495981879187425,2.848834987088447
24,420,0.5,5677169.371183871,-3.008782899059632,9.534397518216682,-7.775981658167972,-7.775981658167973,8.881784197001252e-16,-0.013748070409423718,-5.256182255564634,2.4005414755914187,5.039598805206678,0.1137379121593563,0.2344946376417843,2.8509775772033046
24,421,0.5,5835435.5024437355,-3.050779197243323,9.477901062668145,-7.789729728577396,-7.789729728577395,8.881784197001252e-16,-0.10185483563289388,-5.254783180682679,2.430835766174174,5.069893095789434,0.11694729486091685,0.23412899050655386,2.859584075169862
24,422,0.5,7153906.495108837,-3.1711536309491684,9.440861866522244,-7.89158456421029,-7.891584564210291,8.881784197001252e-16,-0.00237285062786885,-5.360557307155566,2.4229971844941907,5.06205451410945,0.11700786563078615,0.2326941994110984,2.835214135069925
24,423,0.5,7187937.484731625,-3.204887444291989,9.37813994109234,-7.893957414838159,-7.893957414838159,0.0,-0.037781012515496926,-5.347516392782896,2.4538247144952665,5.0928820441105245,0.1181297578338924,0.23281491620859623,2.844954365284221
24,424,0.5,7752119.5534641305,-3.2446975206059947,9.374081813495327,-7.931738427353656,-7.9317384273536575,1.7763568394002505e-15,-0.13040886548977504,-5.402993560068901,2.4184324049542494,5.057489734569509,0.11641007397839528,0.2311189111668134,2.8152345959780276
24,425,0.5,10062181.878868897,-3.3987768159318517,9.326740953823156,-8.06214729284343,-8.06214729284343,0.0,0.09779151828440558,-5.524230705560552,2.436775844950499,5.075833174565757,0.11706690347469713,0.2298978115297489,2.7983742589282223
24,426,0.5,8274686.134297637,-3.2575615944107903,9.413588360296469,-7.964355774559025,-7.964355774559024,8.881784197001252e-16,-0.145816283318708,-5.45961156319635,2.3704310931100907,5.009488422725348,0.11678043053722642,0.22881895021523055,2.7737381260423475
24,427,0.5,11076586.517224537,-3.442438672943267,9.335466769868932,-8.110172057877733,-8.110172057877733,0.0,-0.1010730016879311,-5.594852048449198,2.391582689241812,5.030640018857071,0.11686486740305968,0.2273828091638101,2.758026444461272
24,428,0.5,13558037.720554426,-3.5938279595844405,9.234834199962446,-8.211245059565664,-8.211245059565663,1.7763568394002505e-15,0.12323452841256177,-5.678309113006065,2.4268145635039398,5.065871893119199,0.11568653489120703,0.22722765196786024,2.7643679325937156
24,429,0.5,10596359.559449045,-3.4298349973877373,9.31635106753073,-8.088010531153103,-8.088010531153103,0.0,0.02692856411695388,-5.564950132673518,2.4070634673439093,5.046120796959168,0.11785303385984608,0.2264748418792089,2.750916591284926
24,430,0.5,10040765.698114593,-3.41354084848458,9.295082237103136,-8.061081967036149,-8.061081967036149,0.0,-0.14373628700585073,-5.507728344837252,2.467649914782537,5.106707244397795,0.12659811825098005,0.22653584944669214,2.760293377364451
24,431,0.5,13384883.19158774,-3.623429332835163,9.162777842413671,-8.204818254042,-8.204818254042,0.0,0.035263772287374096,-5.64189240081682,2.4867943768350997,5.125851706450358,0.12156623902389205,0.22615231513433692,2.759077341632096
24,432,0.5,12473400.357312914,-3.5802902659609583,9.178528431587337,-8.169554481754625,-8.169554481754627,1.7763568394002505e-15,-0.009025258074519371,-5.601384914795375,2.4972818043032428,5.1363391339185025,0.12455295128729955,0.22563151750921626,2.755380504641704
24,433,0.5,12700596.002498813,-3.5773133487282136,9.202532782201864,-8.178579739829145,-8.178579739829146,1.7763568394002505e-15,0.033016747872114394,-5.643315174473428,2.4314718010961767,5.070529130711435,0.12340377826969305,0.2240461713724746,2.7211304985562204
24,434,0.5,11889021.674539175,-3.5529731356407037,9.185179712632653,-8.14556299195703,-8.14556299195703,0.0,-0.05043418539116651,-5.6038048914662335,2.444458871366336,5.083516200981594,0.12126420719674169,0.22352770577608158,2.7168625041710106
24,435,0.5,13150815.82643063,-3.6254071826435936,9.141179989409205,-8.195997177348197,-8.195997177348197,0.0,0.04619995541221833,-5.661089194737845,2.4307586356054434,5.069815965220701,0.11685359337068359,0.2227518626452709,2.7025965085959736
24,436,0.5,11990130.893964909,-3.602245800008932,9.095102843854093,-8.149797221935978,-8.149797221935978,0.0,-0.13012030413213438,-5.586577800757455,2.4873815127417878,5.126438842357047,0.1168188577984892,0.22296875327194018,2.714673010495101
24,437,0.5,15554103.495092452,-3.779297360107849,9.001240331920528,-8.279917526068113,-8.279917526068113,0.0,0.002014407832760412,-5.704886509768165,2.5110047029846325,5.150062032599892,0.11978556288388649,0.22163815861836636,2.6999627973213873
24,438,0.5,15491564.942009952,-3.774070050712694,9.007666135045316,-8.277903118235352,-8.277903118235352,0.0,0.04412644135855892,-5.714265680403088,2.4882175460492704,5.12727487566453,0.12164663165290401,0.22047330707223894,2.6801715437584144
24,439,0.5,14182982.00854747,-3.6785118646161776,9.110529624521234,-8.233776676876793,-8.233776676876795,1.7763568394002505e-15,0.022748263282450054,-5.735054667381647,2.3583866893750347,4.9974440189902944,0.11922698972594456,0.21814254622316034,2.6323807287119974
24,440,0.5,13552164.404574208,-3.634992992851811,9.152070841485063,-8.211028413594343,-8.211028413594342,1.7763568394002505e-15,0.03783922312404897,-5.747080652849483,2.2888381918744614,4.927895521489719,0.1169223836214524,0.21677382956238658,2.6082312746658234
24,441,0.5,12564405.086222352,-3.572085080656727,9.202208219627131,-8.173189190470294,-8.173189190470293,1.7763568394002505e-15,-0.08251716572078394,-5.716421269448035,2.2744785124292592,4.913535842044517,0.11835049018851902,0.21546763254247703,2.589137651559706
24,442,0.5,14818881.644229285,-3.690838780315011,9.129735151752131,-8.255706356191078,-8.255706356191077,1.7763568394002505e-15,0.010551108490819416,-5.7872424004427145,2.29787058188147,4.9369279114967295,0.1193099625042836,0.214624469382853,2.5828155271497306
24,443,0.5,14509446.75208515,-3.676524670670134,9.137261154060251,-8.245155247700259,-8.24515524770026,1.7763568394002505e-15,-0.07008860061464617,-5.7932298368125945,2.26479349216007,4.903850821775328,0.11960977070241041,0.21320447059385997,2.5605161646533006
24,444,0.5,16692794.15641875,-3.7871768383868143,9.056134019856184,-8.315243848314905,-8.315243848314907,1.7763568394002505e-15,-0.05482545991463006,-5.858484448050506,2.274461470913539,4.913518800528798,0.11792605903951553,0.21292892195541885,2.5615888691058184
24,445,0.5,18627296.496587858,-3.861149472393738,9.017839671671593,-8.370069308229535,-8.370069308229535,0.0,0.10642994581567322,-5.909850164640306,2.2813809575631985,4.920438287178457,0.12334171479624889,0.211208251837441,2.5385917704000667
24,446,0.5,15055873.289544713,-3.733016436308492,9.061245852210737,-8.263639362413862,-8.26363936241386,1.7763568394002505e-15,0.03777706817661475,-5.799158908740815,2.289903577730832,4.928960907346091,0.12627663558041605,0.21077402011443702,2.5350638198946274
24,447,0.5,13960250.34938167,-3.6851031697627366,9.08151824894902,-8.225862294237247,-8.225862294237247,0.0,0.20424639996483762,-5.77083728359441,2.270992691670417,4.9100500212856755,0.12703648757734745,0.21010809560832022,2.5246416315594344
24,448,0.5,9278697.95685204,-3.3985526780141093,9.246126432516604,-8.02161589427241,-8.021615894272411,1.7763568394002505e-15,-0.03430256282073785,-5.60654977600507,2.191074906919423,4.8301322365346815,0.1283242171163583,0.2091947924352298,2.502611247942412
24,449,0.5,9937608.083238365,-3.460891558999421,9.190053796187453,-8.055918457093147,-8.055918457093147,0.0,-0.014618440741237748,-5.6440148407797155,2.1847499030116064,4.823807232626867,0.1285502163257372,0.20847178534136188,2.49315680338457
24,450,0.5,10232441.760050904,-3.488830945065364,9.163411905538041,-8.070536897834385,-8.070536897834383,1.7763568394002505e-15,-0.03145437802782425,-5.662924232589805,2.1761680008739,4.815225330489159,0.12653306819895513,0.20774370210116586,2.4826337676644146
24,451,0.5,10896830.790141284,-3.5082762759855313,9.187429999753356,-8.10199127586221,-8.10199127586221,0.0,-0.06388164492922854,-5.712637941558285,2.1396493389925917,4.778706668607851,0.12580931315913454,0.20628698893728745,2.4569836211903993
24,452,0.5,12381894.487503555,-3.6192282974656966,9.09328924665148,-8.165872920791438,-8.165872920791436,1.7763568394002505e-15,-0.20892372642719792,-5.777881939148472,2.136924633670676,4.775981963285935,0.12420417152123424,0.20532930158736554,2.445124877705634
24,453,0.5,18804246.77236144,-3.9195437902029235,8.910505714031428,-8.374796647218636,-8.374796647218638,1.7763568394002505e-15,-0.03538814287354519,-5.963118392761767,2.1842991792984807,4.82335650891374,0.1264713627835515,0.20421444522656804,2.4368915737317693
24,454,0.5,20183370.4886458,-3.986163206086962,8.848043168010438,-8.410184790092181,-8.410184790092181,0.0,0.1265185914219611,-5.990816977927857,2.1996782947133915,4.838735624328651,0.1259480071778023,0.20383215593289727,2.437156032186995
24,455,0.5,15671156.222393334,-3.783955172331109,8.999422052678218,-8.28366619867022,-8.283666198670218,1.7763568394002505e-15,-0.177809895700193,-5.887169823479368,2.1539354207664436,4.7929927503817025,0.12819621733569153,0.20271576737694194,2.41812403705475
24,456,0.5,22363756.403964866,-4.129394747742945,8.664162693254934,-8.461476094370413,-8.461476094370411,1.7763568394002505e-15,0.012364961170638011,-6.0116939571062735,2.260506944913019,4.899564274528278,0.13289102329871294,0.202775292998869,2.4315593224827903
24,457,0.5,21817484.910584703,-4.080846695586597,8.736528875226353,-8.449111133199775,-8.449111133199775,0.0,0.10373638298484522,-6.0260043961847325,2.207156144414827,4.846213474030086,0.13040471444122428,0.20138602844696762,2.408407481214845
24,458,0.5,17729659.98404833,-3.9337220507970825,8.823305398835691,-8.34537475021493,-8.345374750214928,1.7763568394002505e-15,0.03819476341599781,-5.937876669109249,2.175938832596103,4.814996162211362,0.13236168135943285,0.2005860402959529,2.396498753135869
24,459,0.5,16425736.698514223,-3.8678325991254585,8.878694775346947,-8.307179986798932,-8.307179986798932,0.0,-0.08559808596796259,-5.909936241587104,2.1554301608083963,4.794487490423655,0.13235589472136666,0.19977670485655438,2.3849268565141117
24,460,0.5,19492808.205525294,-3.9779214899011732,8.829713165731441,-8.392778072766895,-8.392778072766895,0.0,-0.12223422912009596,-5.998316222123442,2.1498663716716457,4.7889237012869055,0.1317282804915954,0.1988140678430413,2.369085293798815
24,461,0.5,24891192.99210729,-4.132904024720385,8.764216554333208,-8.51501230188699,-8.515012301886989,1.7763568394002505e-15,0.18087995140162505,-6.11487414261957,2.161218988919584,4.800276318534842,0.13371688943934446,0.19752753233857273,2.354238528929294
24,462,0.5,17335460.49079346,-3.9158159362882876,8.836632828394157,-8.334132350485365,-8.334132350485365,0.0,0.18395995317050406,-5.950970604215587,2.1272661629243,4.766323492539558,0.13498043886204436,0.1973909921814658,2.3484925318444367
24,463,0.5,11999131.073990602,-3.6429773718231724,9.014390050983383,-8.150172397314861,-8.150172397314865,3.552713678800501e-15,0.004198567369288142,-5.793894229191303,2.0734990066318573,4.712556336247117,0.13583035494895224,0.19619303566967214,2.328541446089577
24,464,0.5,11898794.61258452,-3.62232271862709,9.047302222636967,-8.145973829945573,-8.145973829945573,0.0,-0.0080413419018317,-5.789417789634331,2.0740547510072225,4.713112080622481,0.1345880661641532,0.19549001099452848,2.320869315325414
24,465,0.5,12091706.2745382,-3.649521287444445,9.008987768805916,-8.154015171847405,-8.154015171847403,1.7763568394002505e-15,-0.08311863557826982,-5.797883820163284,2.073205373752985,4.712262703368244,0.13634300044513126,0.1949414398214749,2.3169526882201232
24,466,0.5,14278530.663250808,-3.7417960365953262,8.990675541660696,-8.237133807425675,-8.237133807425675,0.0,0.09848479052859993,-5.878613671607009,2.0779829420220723,4.71704027163733,0.13640826373592008,0.19361762573613744,2.2952122613649295
24,467,0.5,11725752.317693235,-3.6263398471588397,9.02461833947647,-8.138649016897075,-8.138649016897075,0.0,-0.055759097365886134,-5.794343715004174,2.049553274170545,4.688610603785804,0.1384092561770282,0.19309036479977254,2.2856729503636624
24,468,0.5,13109087.21900253,-3.7046954366655287,8.979425355194861,-8.194408114262961,-8.19440811426296,1.7763568394002505e-15,0.011562103922067024,-5.842197506573464,2.065363885763734,4.704421215378993,0.13819478037919983,0.19258219503461285,2.281625157913369
24,469,0.5,12809428.005392417,-3.671958985988502,9.021774048704781,-8.182846010340894,-8.182846010340892,1.7763568394002505e-15,-0.035135289416944104,-5.834908605027236,2.056817481012055,4.6958748106273145,0.139971242339937,0.1915383647360308,2.268582263665507
24,470,0.5,13741934.106478065,-3.72304857680364,8.989865445908398,-8.217981299757838,-8.217981299757838,0.0,-0.10008051169237753,-5.8840732426483395,2.028758784603738,4.667816114218996,0.13975082092709676,0.1904654298562265,2.2506724474304844
24,471,0.5,16787139.124448538,-3.855879080633804,8.924365461632826,-8.318061811450216,-8.318061811450217,1.7763568394002505e-15,-0.17273222025227852,-5.972842500666459,2.051381291952253,4.690438621567513,0.14088562746074193,0.18957479266487964,2.2407255268181143
24,472,0.5,23714282.539879393,-4.087436173059988,8.80671571728501,-8.490794031702494,-8.490794031702492,1.7763568394002505e-15,-0.024817416640800616,-6.142078870317943,2.058372993153843,4.697430322769102,0.1415422972946759,0.1882323677753533,2.2215554828460378
24,473,0.5,24921037.81010189,-4.109954879797058,8.81131313709247,-8.515611448343295,-8.515611448343293,1.7763568394002505e-15,0.05663505086222642,-6.1715785524022815,2.049008462266769,4.688065791882027,0.14346821523379488,0.18726271343854425,2.208961381357479
24,474,0.5,22252230.19334239,-4.035449540935277,8.847053713091583,-8.458976397481068,-8.458976397481068,0.0,0.006316970526585308,-6.122033880900433,2.034827703546012,4.6738850331612705,0.14433913650600855,0.18664740015150005,2.200479031805429
24,475,0.5,21972865.284599565,-4.031701438585523,8.841915976737921,-8.452659426954483,-8.452659426954483,0.0,0.043762369675686585,-6.121566014591145,2.0231294951114176,4.662186824726677,0.14651024100294083,0.18582807625606124,2.190001848735842
24,476,0.5,20131455.792673353,-3.9720593692062938,8.873675376145005,-8.408897057278796,-8.408897057278796,0.0,0.05832499661224588,-6.084124251868656,2.010488281205022,4.649545610820281,0.14492435062227974,0.18523989432050447,2.1817879493686356
24,477,0.5,17914914.234147634,-3.9374817606154275,8.826180600102242,-8.35057206066655,-8.350572060666549,1.7763568394002505e-15,0.1728089876066079,-6.009841180686881,2.0424044303440785,4.681461759959338,0.14527779012637926,0.18572354934327837,2.194522656177016
24,478,0.5,12679868.625058614,-3.7296239676509635,8.896278210817961,-8.177763073059943,-8.177763073059944,1.7763568394002505e-15,-0.073510154544012,-5.822831215617257,2.0708063852701124,4.709863714885372,0.14935774023661214,0.1868457363317973,2.2201910366043234
24,479,0.5,14688074.37090076,-3.7724064786873734,8.957733497833164,-8.251273227603955,-8.251273227603956,1.7763568394002505e-15,-0.15390660751547536,-5.912742435678346,2.0380042542359598,4.677061583851218,0.15087966726447438,0.18508204569655187,2.1944295157794036
24,480,0.5,19982344.571854692,-3.9839268115340127,8.842506047170833,-8.40517983511943,-8.40517983511943,0.0,0.020309678020815625,-6.070737698542014,2.0298269435395717,4.668884273154831,0.14958195509480235,0.18322646065466183,2.164665182129912
24,481,0.5,19186938.407084987,-3.9507208928983166,8.868298528400597,-8.384870157098614,-8.384870157098614,0.0,-0.11476144316723591,-6.059589069565409,2.0115048454511526,4.650562175066411,0.14613413072338097,0.18308850027088916,2.1623146013799204
24,482,0.5,24137161.95216099,-4.075577040885927,8.848109118759847,-8.49963160026585,-8.49963160026585,0.0,-0.1295563124120207,-6.176746952343623,2.0067119662291946,4.6457692958444525,0.14844192359290956,0.18153336158924901,2.1402173856217552
24,483,0.5,31276445.283622622,-4.279715211649935,8.698945402055873,-8.629187912677871,-8.629187912677871,0.0,-0.07427212164122565,-6.29392251777302,2.031473460194443,4.670530789809703,0.1475717104617183,0.18086423575663224,2.134371828027882
24,484,0.5,36285184.25365923,-4.387727293334623,8.631465481968945,-8.703460034319097,-8.703460034319097,0.0,0.016928888927205676,-6.368772840305657,2.030317058411621,4.66937438802688,0.14803275464480303,0.17971209286156478,2.1196818825820367
24,485,0.5,35077213.54194077,-4.393005869211265,8.587050552361248,-8.686531145391891,-8.68653114539189,1.7763568394002505e-15,0.03856333643518006,-6.343472396784763,2.047060167598998,4.686117497214257,0.14683633037841448,0.17970338167820568,2.1227421299321354
24,486,0.5,32473522.33643999,-4.369075473774796,8.55778467036383,-8.647967808956711,-8.647967808956711,0.0,-0.09586976016541016,-6.299619340551724,2.0576396071947154,4.696696936809974,0.14825896149256412,0.17933931527582372,2.1198774979995965
24,487,0.5,39336961.78365789,-4.47776418002884,8.532146778186558,-8.743837569122121,-8.74383756912212,1.7763568394002505e-15,0.11687421380401375,-6.3995560945813414,2.0495056194662977,4.688562949081557,0.15001993009942566,0.17823247474180515,2.1055917946612253
24,488,0.5,31137601.884671092,-4.305805028949847,8.64231665273652,-8.626963355318107,-8.626963355318107,0.0,0.0191131864630254,-6.319744501030163,1.975380378960631,4.61443770857589,0.15326953199194865,0.1767813707964275,2.0778771597785557
24,489,0.5,29969787.166322734,-4.253415284819208,8.708869768071747,-8.607850168855082,-8.60785016885508,1.7763568394002505e-15,0.03089490551318619,-6.306084295371334,1.9644744173522386,4.603531746967497,0.15330417503069116,0.17600235355333146,2.065524566584597
24,490,0.5,28174011.322608948,-4.215591429460818,8.72272766776216,-8.576955263341896,-8.576955263341898,1.7763568394002505e-15,0.03492906745786506,-6.281202056996473,1.9524490830755903,4.5915064126908485,0.15538396544924774,0.1751022918430026,2.0536725694367037
24,491,0.5,26273000.996292364,-4.178369100341123,8.727314191085817,-8.54202619588403,-8.54202619588403,0.0,-0.038153512063908934,-6.243547610943739,1.957899840265325,4.596957169880583,0.1603982184948702,0.17419356125137322,2.0410842553795603
24,492,0.5,28356289.514503554,-4.221203894853814,8.71795162618825,-8.58017970794794,-8.58017970794794,0.0,-0.08154505173991922,-6.290738867360786,1.93982435155905,4.578881681174308,0.160258569781233,0.17342371230888812,2.0306113858663153
24,493,0.5,33379400.606655024,-4.355651578629883,8.612146362115949,-8.661724759687859,-8.661724759687857,1.7763568394002505e-15,-0.01673413576680538,-6.360451197005441,1.963489795749574,4.602547125364834,0.1618273719577386,0.17254142393911925,2.02244600822062
24,494,0.5,34515456.31856999,-4.367108001170222,8.622701788568882,-8.678458895454664,-8.678458895454664,0.0,0.006778242315613525,-6.384459154335128,1.9489421526238135,4.587999482239072,0.1623784165519553,0.17182407051504595,2.013618985492709
24,495,0.5,34050705.37751446,-4.363759517747568,8.61584227078296,-8.67168065313905,-8.671680653139049,1.7763568394002505e-15,-0.037980175734871224,-6.384060793813227,1.9361823890363863,4.575239718651646,0.1628404390331088,0.17096246726561765,2.0000532439143415
24,496,0.5,36737980.0902026,-4.398061380251271,8.623198897245302,-8.709660828873922,-8.709660828873922,0.0,-0.054292767515402574,-6.4364850594094305,1.9072942093137237,4.546351538928983,0.16324248366079588,0.16966894129065746,1.98087957609436
24,497,0.5,40951835.60504113,-4.4737945679814555,8.58031805681574,-8.763953596389324,-8.763953596389324,0.0,-0.15959212138182366,-6.4788425914348595,1.9311646802936717,4.57022200990893,0.16528401250567973,0.1690677383376399,1.9753279168071596
24,498,0.5,56349923.20019989,-4.69030662241597,8.466478190710358,-8.923545717771148,-8.923545717771148,0.0,0.1314361103465984,-6.624147827114808,1.9597384516974234,4.598795781312682,0.16758593614155148,0.16829398780197674,1.9682894281390406
24,499,0.5,43324082.44180917,-4.497385432460863,8.589448349927379,-8.79210960742455,-8.792109607424553,3.552713678800501e-15,-0.18291150049260452,-6.520680417299109,1.9038010506356244,4.542858380250883,0.16700471215862442,0.16735329563229392,1.9514781057183617
24,500,0.5,62460331.41458245,-4.748930289461716,8.452181636910876,-8.975021107917154,-8.975021107917154,0.0,,-6.683711185695939,1.9435625148271722,4.582619844442431,0.17014765517083258,0.16670198948862605,1.9487578789285684
