seed,epoch,temperature,Z,E,S,F,F_check,err,delta_F,F_data,KL,NLL,data_mass,recon_sq,recon_ce
11,1,0.5,350437.914292697,-0.1715846760780368,12.423769482924909,-6.38346941754049,-6.383469417540491,8.881784197001252e-16,0.0063602723961881935,-3.255195336540331,3.617490832385059,6.2565481620003185,0.027257136866041386,0.49844242675567796,6.242420438923236
11,2,0.5,346008.3858436849,-0.16456661346925677,12.425085063350089,-6.377109145144302,-6.377109145144301,8.881784197001252e-16,0.05829765178755064,-3.2508409199858983,3.6134791207015473,6.252536450316806,0.02744733649083092,0.49832080116614086,6.237292298120011
11,3,0.5,307928.5291190311,-0.10502335192783607,12.427576282857832,-6.318811493356751,-6.318811493356752,8.881784197001252e-16,-0.0880916247095902,-3.194678376149351,3.6092089047995413,6.248266234414801,0.027395879506056545,0.49823135755676395,6.23226385393489
11,4,0.5,367252.9901971343,-0.2035809545155371,12.40664432710161,-6.406903118066341,-6.406903118066342,8.881784197001252e-16,0.003190977205741241,-3.2714883717334398,3.6317721630505444,6.270829492665803,0.027132540386505657,0.4982019553589017,6.2543506962279105
11,5,0.5,364916.66145772417,-0.20201279965163804,12.403398682417922,-6.4037121408606,-6.403712140860599,8.881784197001252e-16,-0.027796250873451278,-3.2703279723125953,3.6277110074807517,6.26676833709601,0.027972289330517878,0.49791029065396597,6.24758776685131
11,6,0.5,385777.7801086259,-0.24941612215619807,12.364184539155708,-6.431508391734051,-6.431508391734052,8.881784197001252e-16,-0.054247845438638365,-3.28095899436779,3.6620414651172646,6.301098794732523,0.028170821798275472,0.49758408986842695,6.278109963308706
11,7,0.5,429987.95443924185,-0.3010442096935145,12.369424054958351,-6.48575623717269,-6.48575623717269,0.0,0.0435164639562009,-3.3392183114249088,3.654018521880302,6.29307585149556,0.028179255615543103,0.497672553471637,6.271097240650957
11,8,0.5,394147.13057673606,-0.2565659916325352,12.37134756316791,-6.442239773216489,-6.442239773216491,1.7763568394002505e-15,0.05986598156818168,-3.2969579073876223,3.651506402042474,6.290563731657731,0.02796704576950729,0.497662686712924,6.268687691248577
11,9,0.5,349670.8573021176,-0.18322049211786173,12.398306599060891,-6.382373791648307,-6.382373791648307,0.0,0.04368569881463813,-3.248169700757613,3.62935085216613,6.268408181781388,0.027234294042869176,0.4979571631999362,6.2497574131150015
11,10,0.5,320416.2419653769,-0.1309219099208732,12.415532365825591,-6.338688092833669,-6.338688092833669,0.0,0.01816195674337351,-3.2133749362228845,3.6115689836063103,6.250626313221568,0.027597129716760198,0.49796214760617635,6.232203064154418
11,11,0.5,308986.31663989596,-0.1152157598607331,12.410620752459124,-6.320526136090296,-6.320526136090296,0.0,0.13607524038818486,-3.1941097738900988,3.6137753947851325,6.252832724400391,0.02742934176602047,0.49789515168927806,6.2337712505535325
11,12,0.5,235367.1210584348,0.01995208172971151,12.408805954863647,-6.184450895702111,-6.184450895702112,8.881784197001252e-16,-0.1962400568441014,-3.0605919393220153,3.608660583144931,6.247717912760189,0.027255599400322662,0.497663227716043,6.226590697930551
11,13,0.5,348495.95599799725,-0.1837098430488037,12.393962218994817,-6.380690952546212,-6.380690952546212,0.0,-0.012241004117657717,-3.2489089049186055,3.624506765639956,6.263564095255215,0.027763848054391475,0.4976262165867016,6.241858506378194
11,14,0.5,357133.13318403106,-0.1956491996450554,12.394565514037629,-6.39293195666387,-6.39293195666387,0.0,-0.024442716385693508,-3.261764128690284,3.623278326331914,6.262335655947173,0.027812783267571316,0.49759201127862096,6.240418380495007
11,15,0.5,375025.5162980365,-0.22964623188660177,12.375456882325926,-6.417374673049563,-6.417374673049565,1.7763568394002505e-15,0.2884428669688175,-3.280274960868892,3.635142094746084,6.274199424361343,0.02812261189600569,0.4973259350859116,6.249539375078821
11,16,0.5,210631.11496908305,0.06044107435630971,12.37874576087411,-6.128931806080746,-6.128931806080746,0.0,0.0003331646986159953,-2.99595647227968,3.6268933379868735,6.265950667602132,0.028105620894078597,0.49694681751712316,6.237957766821572
11,17,0.5,210490.8120143904,0.06315786802739014,12.383513018819041,-6.12859864138213,-6.128598641382131,8.881784197001252e-16,0.006142690318798216,-2.999912042732594,3.618315867683814,6.257373197299073,0.027761943794783313,0.4970023569739774,6.230016845805353
11,18,0.5,207920.67216721023,0.07430737411866953,12.393526650364004,-6.122455951063332,-6.1224559510633325,8.881784197001252e-16,-0.06923082736932873,-2.9996095069534436,3.6066355586045167,6.245692888219776,0.027416921784195032,0.4971028009148734,6.2195009964949275
11,19,0.5,238798.06485973997,0.004168214623246314,12.391709986111815,-6.19168677843266,-6.191686778432661,8.881784197001252e-16,0.1858623654681999,-3.0681357587889857,3.6080447096720905,6.24710203928735,0.0274096170498064,0.4970788873582291,6.2206721941704135
11,20,0.5,164661.77917350907,0.1736746519877043,12.358998129904329,-6.0058244129644605,-6.0058244129644605,0.0,0.059652253654115306,-2.870360316640143,3.631870863033376,6.270928192648634,0.0271479781766279,0.4967926390323931,6.241421199254006
11,21,0.5,146143.50349647383,0.23117860986146715,12.354701538343623,-5.946172159310345,-5.946172159310344,8.881784197001252e-16,-0.15832700961437585,-2.811709210633583,3.6298685677382667,6.268925897353526,0.02824729877080693,0.4964022930177762,6.235744709920211
11,22,0.5,200585.99526678515,0.0765659894429697,12.362130316735382,-6.104499168924721,-6.104499168924721,0.0,0.12447063162664662,-2.9685865419403448,3.6327679243534923,6.271825253968752,0.02795737670260937,0.4965431642317391,6.23998833316253
11,23,0.5,156382.00995217788,0.19590634013348857,12.351869754863127,-5.980028537298074,-5.980028537298075,8.881784197001252e-16,-0.09069328453395098,-2.8437419619693416,3.633515821042206,6.272573150657465,0.02791893629241939,0.49637060468289135,6.238919467132924
11,24,0.5,187483.0356308822,0.1120975366152313,12.365638716894509,-6.070721821832025,-6.070721821832023,2.6645352591003757e-15,-0.007178168055734346,-2.9401807947004945,3.622024724647801,6.261082054263059,0.02735049515565072,0.4965455625756373,6.229518814935314
11,25,0.5,190194.01843379246,0.1014349534045138,12.358669886584547,-6.07789998988776,-6.07789998988776,0.0,-0.06245321221086897,-2.9450953557326582,3.6265519386949427,6.265609268310201,0.027422693467682942,0.49647097593291917,6.233314001993711
11,26,0.5,215497.8914874842,0.03843880871882414,12.357584021634905,-6.140353202098629,-6.140353202098628,8.881784197001252e-16,0.06637955950744434,-3.008069478055826,3.6255101184703475,6.264567448085607,0.027065197506089222,0.49650194238068573,6.232632162086906
11,27,0.5,188706.3317131406,0.10891662440688664,12.36578053399614,-6.073973642591184,-6.073973642591183,8.881784197001252e-16,-0.14715593801125149,-2.95037591820185,3.608138119163409,6.247195448778669,0.02736910784833293,0.49622786066062824,6.213088383402556
11,28,0.5,253282.0987095786,-0.04065737644803528,12.360944408308804,-6.221129580602436,-6.221129580602437,8.881784197001252e-16,-0.025066791388499432,-3.0933459923821935,3.6165098468252252,6.255567176440485,0.027210533430841045,0.4962836589337221,6.221836477058439
11,29,0.5,266303.72081748716,-0.061781483881718086,12.368829776218435,-6.246196371990935,-6.246196371990935,0.0,0.03260064609547708,-3.1249846014652753,3.60336621143606,6.242423541051318,0.027866228956039414,0.4961176268174586,6.207297296770129
11,30,0.5,249494.32584001517,-0.03511126107967061,12.356968929631577,-6.213595725895458,-6.213595725895459,8.881784197001252e-16,-0.04537941903717613,-3.086916440542135,3.6143012410913884,6.253358570706647,0.027180569264108657,0.49605114662765687,6.217541076911557
11,31,0.5,273197.5092979045,-0.07736555715808523,12.363219175549096,-6.258975144932634,-6.258975144932633,8.881784197001252e-16,-0.023645363226489025,-3.1361682630101733,3.6065564342296623,6.245613763844922,0.02747410544278587,0.4960348169531187,6.20983402299698
11,32,0.5,286427.5822923877,-0.10721072487486015,12.350819566568521,-6.282620508159123,-6.282620508159121,2.6645352591003757e-15,0.1068003893917524,-3.1532553750552634,3.619672936592462,6.258730266207721,0.027535011248717472,0.4959638122055622,6.222013666951925
11,33,0.5,231339.18306711112,-0.005216138661940429,12.341207960210859,-6.175820118767371,-6.17582011876737,8.881784197001252e-16,-0.05366518804774234,-3.044181189958526,3.624220528002431,6.263277857617689,0.027532924158561088,0.49563175650170294,6.223394346928036
11,34,0.5,257550.37567210317,-0.0639963385095261,12.330977936611175,-6.229485306815113,-6.229485306815113,0.0,0.12897040903687973,-3.0926704138277503,3.634572456359464,6.273629785974722,0.027543158638993467,0.49565751748397,6.233667738263788
11,35,0.5,198993.96876951584,0.05089503147702652,12.302819858510519,-6.1005148977782335,-6.100514897778233,8.881784197001252e-16,-0.05142759791661167,-2.9534805889592204,3.655011288022769,6.294068617638027,0.028105261010134386,0.4951347860396988,6.24868582942061
11,36,0.5,220551.1657987554,0.0070041530707951145,12.317893297531281,-6.151942495694845,-6.151942495694845,0.0,0.06800643129405337,-3.0115350967425107,3.64175746828941,6.280814797904669,0.02705989254608845,0.4953599327380697,6.238359341444509
11,37,0.5,192503.9840388612,0.0743178686803693,12.316507866162322,-6.083936064400792,-6.083936064400792,0.0,0.0052123640550103545,-2.9474724011898914,3.633869996806543,6.272927326421802,0.027733520381263657,0.49502528110652694,6.227402888505755
11,38,0.5,190507.6062725261,0.09354684250049577,12.344541085692555,-6.0787237003457815,-6.0787237003457815,0.0,-0.002333341087363827,-2.962408836632754,3.593572397810795,6.232629727426054,0.027584086972864904,0.49510236124542906,6.188650055035603
11,39,0.5,191398.72238348259,0.07388878821694662,12.309891659300186,-6.081057041433145,-6.081057041433146,8.881784197001252e-16,0.11902240848467738,-2.9479198622104823,3.6272170288300676,6.266274358445328,0.027005916551765628,0.4948948696271304,6.219801913630079
11,40,0.5,150854.22707379644,0.18645122202939907,12.296971709955738,-5.962034632948468,-5.96203463294847,1.7763568394002505e-15,-0.06066829944265795,-2.8271012321010187,3.6308094720796404,6.2698668016948975,0.027448359914967805,0.49460225033404914,6.220435220470938
11,41,0.5,170315.1570562545,0.11185129664128142,12.269108458064808,-6.022702932391126,-6.022702932391123,2.6645352591003757e-15,-0.0019284221605611052,-2.8739226611185544,3.658503212929883,6.297560542545142,0.02764223391185588,0.4944156794206117,6.245700826606771
11,42,0.5,170973.30447276885,0.10565056506024931,12.26056383922387,-6.024631354551687,-6.024631354551686,8.881784197001252e-16,-0.06414210223458827,-2.8742986517075586,3.6616080760729983,6.300665405688257,0.027955144340558735,0.4941729926931157,6.246586043578722
11,43,0.5,194375.45710385015,0.05431850280830721,12.286183919189163,-6.088773456786275,-6.088773456786274,8.881784197001252e-16,-0.07559476696698386,-2.9553447714449432,3.6278000410674034,6.266857370682662,0.028399814630614747,0.49411450791167216,6.213262790850098
11,44,0.5,226100.85674889048,-0.020613006508525825,12.28751043448947,-6.164368223753259,-6.164368223753261,1.7763568394002505e-15,0.026800530418845447,-3.0357020115255398,3.6182750948401794,6.257332424455439,0.02861231145031372,0.4939884084376752,6.202750564497121
11,45,0.5,214300.6868769948,0.014689619941255073,12.304514626551338,-6.137567693334414,-6.137567693334414,0.0,0.01469087653435075,-3.022134153000884,3.591809751051799,6.230867080667058,0.02812247565340235,0.49393680000939083,6.176458510177864
11,46,0.5,208095.75921876004,0.006381497401029377,12.258516628402186,-6.122876816800063,-6.122876816800064,8.881784197001252e-16,0.0379080463819097,-2.987614592211781,3.631467119561306,6.270524449176564,0.028514368864439518,0.49346237659539466,6.210860869982712
11,47,0.5,192901.99497102137,0.05510560688925993,12.280148754614824,-6.084968770418153,-6.084968770418152,8.881784197001252e-16,0.077206863632866,-2.9647822337688106,3.601315743683426,6.240373073298684,0.027803223606572947,0.49344618071458307,6.181314427363884
11,48,0.5,165301.07937309323,0.12446934737126988,12.264462508313116,-6.007761906785287,-6.007761906785288,8.881784197001252e-16,-0.006347798653072445,-2.8805623667630855,3.6153417504291454,6.254399080044405,0.028531646623401012,0.49318766406437264,6.19207710899549
11,49,0.5,167413.0533295857,0.12232601204267002,12.272871434962058,-6.01410970543836,-6.014109705438359,8.881784197001252e-16,-0.04237257374968362,-2.8953676269717477,3.598426827317965,6.237484156933223,0.027729890603222573,0.49317283262059153,6.176046606727
11,50,0.5,182219.00346126792,0.07957687853673936,12.272118315449564,-6.056482279188043,-6.056482279188042,8.881784197001252e-16,0.16836429094175376,-2.942670767265887,3.588565694229053,6.227623023844312,0.02815784390041134,0.49295053669487576,6.164360398542405
11,51,0.5,130123.07033541995,0.24048383538255586,12.257203647257693,-5.8881179882462895,-5.88811798824629,8.881784197001252e-16,0.03586015356521255,-2.7702066708313486,3.5967653052146207,6.23582263482988,0.028743960870112738,0.4925736455967667,6.168603909202367
11,52,0.5,121117.40814341126,0.2660382262789479,12.23659212192005,-5.852257834681077,-5.852257834681078,8.881784197001252e-16,-0.07012365438137547,-2.7269715491759663,3.6115152413949647,6.250572571010224,0.02873139571000357,0.4922977306386774,6.180112392219998
11,53,0.5,139352.6400406919,0.1968444888208199,12.238451955766545,-5.922381489062452,-5.922381489062452,0.0,0.08380569781727143,-2.8004667543420143,3.604772139825617,6.243829469440876,0.02838398135952615,0.49222351450157015,6.173317182057802
11,54,0.5,117848.07601146451,0.26571513485308557,12.208581852196534,-5.838575791245181,-5.838575791245182,8.881784197001252e-16,-0.12846263897496701,-2.7081355765456765,3.62182309978375,6.260880429399009,0.028808414235907236,0.49162846383653735,6.1842102098473735
11,55,0.5,152371.4944487683,0.14310077504648117,12.220278410533258,-5.967038430220148,-5.967038430220148,0.0,-0.08772649946194822,-2.843725625688314,3.607568279448409,6.246625609063668,0.02850475123772749,0.49175969483460474,6.1718425095871146
11,56,0.5,181594.20963373486,0.05894559375208545,12.227421046868363,-6.054764929682096,-6.054764929682096,0.0,0.0644908695833335,-2.9396103538043934,3.591251822140147,6.230309151755406,0.028180869487892106,0.4917415630245668,6.156114926718323
11,57,0.5,159619.49732030404,0.12441951120231944,12.229387142602164,-5.990274060098763,-5.990274060098763,0.0,0.0008257254616239607,-2.8735854327432215,3.5943199250958235,6.2333772547110815,0.02767799018379248,0.49183610094498537,6.160163151193568
11,58,0.5,159356.11109865634,0.12609402156397181,12.231084712402224,-5.989448334637139,-5.98944833463714,8.881784197001252e-16,0.042750164190605844,-2.8754274833949585,3.5889843728691013,6.228041702484361,0.02804860993555952,0.4916526090653656,6.153316661436092
11,59,0.5,146297.33061770647,0.16199405326839045,12.217384447429843,-5.946698170446533,-5.946698170446531,1.7763568394002505e-15,0.11005790550174677,-2.82957064967352,3.595197711930767,6.234255041546025,0.02887854973951458,0.4913654890521131,6.156527903045586
11,60,0.5,117392.76175162254,0.2597900345434583,12.192860598976491,-5.836640264944786,-5.836640264944787,8.881784197001252e-16,-0.12241274035457295,-2.7155311016656953,3.603160996942924,6.2422183265581825,0.029258068013197944,0.49084957117136696,6.159447594618269
11,61,0.5,149957.32170065818,0.12913442109117232,12.176374852781066,-5.959053005299359,-5.959053005299361,1.7763568394002505e-15,0.06803631532225474,-2.8357183984374843,3.6076118841084903,6.246669213723749,0.028507523566624803,0.49071785351441166,6.162969916121803
11,62,0.5,130879.63721653883,0.1946889002621331,12.171411180478476,-5.891016689977104,-5.891016689977104,0.0,-0.07764438823164532,-2.768646527910335,3.6056829945182804,6.244740324133539,0.02842657082946813,0.49039257189625474,6.158062833446875
11,63,0.5,152866.78829961375,0.1259595337600279,12.189241223937556,-5.96866107820875,-5.96866107820875,0.0,-0.09191700773453526,-2.8657846335885426,3.566695559625157,6.205752889240416,0.02869262753145262,0.49014414075911134,6.1181598789482114
11,64,0.5,183717.80151800747,0.01665807813648905,12.154472328159544,-6.060578085943285,-6.060578085943283,1.7763568394002505e-15,-0.03532190493152143,-2.9506956054995186,3.580707631272273,6.219764960887531,0.028877086057149316,0.48969852463569585,6.127500539426348
11,65,0.5,197165.74156621713,-0.021214263682138253,12.149371454385335,-6.095899990874806,-6.0958999908748055,8.881784197001252e-16,-0.009660738062925667,-2.987956850101014,3.576828951932324,6.215886281547583,0.028540954155751343,0.4896465610867645,6.123482502805545
11,66,0.5,201012.31581498068,-0.03359455682932072,12.143932344216823,-6.105560728937732,-6.105560728937732,0.0,0.12435923844874619,-2.99744634319316,3.5771714418738845,6.216228771489144,0.028351285827874703,0.48946727452418637,6.122305463140213
11,67,0.5,156749.2981507508,0.09391638888014552,12.150235758738265,-5.981201490488986,-5.981201490488988,1.7763568394002505e-15,0.01605239004094372,-2.8792409169260895,3.564863817510534,6.203921147125793,0.028690772549945974,0.48894369785471453,6.105739020100981
11,68,0.5,151796.8208786675,0.10723112040533792,12.144760441706758,-5.965149100448042,-5.965149100448041,8.881784197001252e-16,-0.03955351877428814,-2.86082394260337,3.569592986074087,6.208650315689345,0.028601073831515937,0.48880798072757325,6.109126880241887
11,69,0.5,164292.76018460555,0.06669864694188775,12.142802532328435,-6.00470261922233,-6.00470261922233,0.0,0.09991404836322548,-2.9038303268676353,3.5626872550941298,6.201744584709387,0.028509662515415937,0.4886271100287022,6.100911620574258
11,70,0.5,134534.6602320171,0.16521403853273453,12.140005218783681,-5.904788570859105,-5.904788570859106,8.881784197001252e-16,0.07896505237603613,-2.803477455036201,3.5635649020305484,6.202622231645806,0.02890239360086963,0.4883094932749317,6.098875515152138
11,71,0.5,114880.41962111411,0.23925097255964237,12.130148982085421,-5.825823518483069,-5.825823518483068,8.881784197001252e-16,-0.16939014483457804,-2.7180295712814364,3.5765305647880057,6.215587894403264,0.029116035247194517,0.4880681946742588,6.109001956453204
11,72,0.5,161204.226329399,0.05514077129879666,12.100708869232886,-5.995213663317647,-5.995213663317646,8.881784197001252e-16,-0.05127074852492797,-2.8842819251565643,3.5828061467069054,6.221863476322165,0.028263734777969896,0.48783304854985204,6.113456375137337
11,73,0.5,178611.58727601095,-0.008853940333672499,12.075260943017803,-6.046484411842575,-6.046484411842574,8.881784197001252e-16,0.04360639021079926,-2.9331699092322814,3.587571675605326,6.226629005220586,0.027901755218792394,0.4874329248153899,6.114652886819775
11,74,0.5,163694.31641900563,0.04416827657066079,12.094092596404874,-6.002878021631775,-6.002878021631776,8.881784197001252e-16,0.09181068015709126,-2.9010858959791324,3.5645269216900273,6.203584251305285,0.028685692488740894,0.4872114963140627,6.0902271776214025
11,75,0.5,136234.73682523283,0.14170196982176753,12.105538622592904,-5.911067341474684,-5.911067341474685,8.881784197001252e-16,-0.004163736186168165,-2.8128564855077447,3.55736438231862,6.19642171193388,0.028930909679712784,0.4870211358443377,6.081427678125992
11,76,0.5,137373.9646931194,0.133001579685117,12.096465314691937,-5.915231077660852,-5.915231077660851,8.881784197001252e-16,-0.028200631344232008,-2.812840164284769,3.5657244971369084,6.204781826752167,0.02918655597397536,0.4867199148714376,6.0867691210848065
11,77,0.5,145344.69656932066,0.09759555388201563,12.0820545257742,-5.943431709005084,-5.943431709005084,0.0,-0.09485766713043908,-2.8393261282587368,3.5691538318774363,6.208211161492694,0.029484110817706473,0.486377564207972,6.0868807070433055
11,78,0.5,175707.99068314146,-0.011261237286216483,12.054056277698612,-6.038289376135523,-6.0382893761355225,8.881784197001252e-16,0.021505512436708507,-2.930181548871654,3.577158324912479,6.216215654527739,0.029648158342570625,0.485966597375556,6.090842570803895
11,79,0.5,168310.82998534877,0.005530974164430991,12.044629675726492,-6.016783863698815,-6.016783863698815,0.0,-0.05428582689537631,-2.9100651611157042,3.574380075550962,6.2134374051662205,0.02949935891419625,0.4856381916330241,6.0855353528588045
11,80,0.5,187613.5200001188,-0.06094197581470631,12.020255429558969,-6.071069690594191,-6.07106969059419,8.881784197001252e-16,-0.010646857775923557,-2.957566883249167,3.58794828507479,6.227005614690049,0.02902020691145545,0.4854656422339526,6.097627845768486
11,81,0.5,191651.34652450786,-0.08637214738241512,11.990688801975399,-6.081716548370115,-6.081716548370115,0.0,0.028654190816464364,-2.9662570329736133,3.5918617011777436,6.230919030793002,0.02871732662950497,0.4850683252240917,6.097479204925986
11,82,0.5,180976.90675286466,-0.0537263411953187,11.998672032716666,-6.05306235755365,-6.053062357553651,8.881784197001252e-16,-0.0770159123681955,-2.950102862845166,3.5668616598017095,6.2059189894169675,0.02863982966007613,0.48483001109832136,6.0716003688571005
11,83,0.5,211114.63100513918,-0.1542271000701942,11.951702339703305,-6.130078269921846,-6.130078269921847,8.881784197001252e-16,0.1849210903133578,-3.026973796074267,3.5671516180799,6.206208947695159,0.029414612844150558,0.4842160267118695,6.065805780311196
11,84,0.5,145847.1390229543,0.04206306131265015,11.974440481842274,-5.945157179608488,-5.945157179608487,8.881784197001252e-16,0.02307243737083997,-2.8389579600791395,3.5733411094434393,6.212398439058698,0.02954274191008644,0.4839351166455759,6.069417001847916
11,85,0.5,139269.95967133538,0.06312506099857113,11.97041960647244,-5.922084742237648,-5.922084742237649,8.881784197001252e-16,-0.1294593634694552,-2.8172864070578774,3.5705393407442836,6.209596670359543,0.029736440808862025,0.48353742473121714,6.06324346113285
11,86,0.5,180428.20319893194,-0.09203912934621207,11.919009952721783,-6.051544105707103,-6.051544105707103,0.0,-0.02245480345858475,-2.9411411070675344,3.5817486676638777,6.220805997279136,0.029467441890608015,0.4830986266549976,6.069531816842262
11,87,0.5,188715.86787926403,-0.11597130765655544,11.916055203018265,-6.073998909165688,-6.073998909165688,0.0,-0.00144912952073728,-2.9772519833136095,3.5544365220888996,6.193493851704157,0.030106773446196982,0.482681278118225,6.0394777980545
11,88,0.5,189263.60871361347,-0.12384811108322194,11.903199855206408,-6.075448038686425,-6.075448038686426,8.881784197001252e-16,0.08950564470039524,-2.9778948871174804,3.5560489735226324,6.19510630313789,0.029928556038736665,0.4823304033175801,6.037917034168041
11,89,0.5,158242.63331203058,-0.019251572763517008,11.933381642445026,-5.98594239398603,-5.98594239398603,0.0,0.04191194453005842,-2.893198025904975,3.5464314065468505,6.1854887361621085,0.029101615598677178,0.4823424609086544,6.02984944061465
11,90,0.5,145518.84831852303,0.025342242644347097,11.938745384200638,-5.944030449455972,-5.944030449455972,0.0,0.13643187233092746,-2.856955353380723,3.5350928625352394,6.174150192150498,0.029545919133235198,0.4820206188416192,6.016221302787214
11,91,0.5,110768.4376820389,0.16681319862519023,11.948823551500466,-5.807598577125044,-5.8075985771250425,1.7763568394002505e-15,-0.10219472286928077,-2.71470887986822,3.546722064898389,6.185779394513648,0.029564052332472186,0.4817446748210362,6.02490886720502
11,92,0.5,135888.0413057266,0.04760414677438295,11.914794893537415,-5.909793299994325,-5.909793299994325,0.0,-0.1577157639553457,-2.815043423494262,3.5504424233848657,6.189499753000125,0.02920356790861183,0.4813715268766752,6.025444420912963
11,93,0.5,186282.22248324598,-0.14433815623522375,11.846341815428895,-6.067509063949671,-6.067509063949672,8.881784197001252e-16,0.18231217643262188,-2.965915005169382,3.564130787945318,6.203188117560576,0.02968987688636271,0.48081752096350616,6.032995374624488
11,94,0.5,129365.08146190434,0.051373323584839516,11.873140422203779,-5.885196887517049,-5.88519688751705,8.881784197001252e-16,-0.03534232388649983,-2.787056425967438,3.5572235934839624,6.196280923099222,0.030506370993255278,0.4803541412134465,6.021641416087026
11,95,0.5,138840.1322911711,0.0007488859144367515,11.842576194635969,-5.920539211403549,-5.920539211403548,8.881784197001252e-16,0.02941474559931123,-2.816297873926447,3.5694253453389444,6.208482674954204,0.030236579777895504,0.4797298600179861,6.0280828183260935
11,96,0.5,130907.85157956762,0.018490651746887653,11.81923023510225,-5.891124465804237,-5.891124465804237,0.0,-0.055418417370590944,-2.771069269487595,3.601053063018026,6.240110392633285,0.030627924195450188,0.4791772318983661,6.052402887801295
11,97,0.5,146251.90144598542,-0.048853815897589734,11.795378134554479,-5.946542883174828,-5.946542883174829,8.881784197001252e-16,0.04265776029008794,-2.83059893149479,3.59283057374482,6.23188790336008,0.03079948593437394,0.4787292466752839,6.040416668472539
11,98,0.5,134291.78958655128,-0.006862687941557444,11.794044869886365,-5.90388512288474,-5.90388512288474,0.0,0.08118787452626108,-2.794744882299706,3.57922315155481,6.218280481170069,0.031050675074153277,0.4782534463674429,6.023083936895127
11,99,0.5,114164.36608317107,0.08607645077454729,11.817547398266054,-5.822697248358479,-5.82269724835848,8.881784197001252e-16,-0.045664384327553265,-2.729102033111508,3.5481331008786863,6.187190430493945,0.030993167952605656,0.47773696957942996,5.990105164402139
11,100,0.5,125081.80789440549,0.025954529443562045,11.78863232425919,-5.868361632686033,-5.868361632686033,0.0,-0.026315824451228487,-2.7789486031034776,3.5397687295498517,6.17882605916511,0.03065727140308961,0.4772402546688155,5.978892432331562
11,101,0.5,131841.39344162424,-0.006996841794963167,11.775361230684595,-5.894677457137261,-5.894677457137261,0.0,-0.07890276271495367,-2.8037685179073053,3.542760548844652,6.18181787845991,0.03083006666148668,0.476951547898619,5.978801579882251
11,102,0.5,154378.15751666107,-0.11464286115636368,11.717874717391702,-5.973580219852215,-5.973580219852215,0.0,0.02791966558999448,-2.8852361966344833,3.537630716820204,6.176688046435463,0.03075294672149047,0.4760676591998798,5.966185750338518
11,103,0.5,145994.04446522956,-0.07536630647649531,11.740588495571451,-5.94566055426222,-5.945660554262221,8.881784197001252e-16,-0.02497501705298255,-2.864973268609987,3.5223172416892075,6.161374571304468,0.030668960491418193,0.47570265102161313,5.949571757662355
11,104,0.5,153471.65064951713,-0.12225585899981012,11.696759424630784,-5.970635571315203,-5.970635571315202,8.881784197001252e-16,-0.04124507164416258,-2.8916966213501913,3.5188205703147646,6.157877899930023,0.030794244814661163,0.47496478889402005,5.939044580795319
11,105,0.5,166668.3662057506,-0.18317609898326784,11.657409087952196,-6.011880642959365,-6.011880642959366,8.881784197001252e-16,0.017028544614216656,-2.9324504543430217,3.519803047617429,6.1588603772326875,0.031044633291911632,0.47419087491935963,5.933011521279631
11,106,0.5,161087.69686413137,-0.16597921918592212,11.657745758318454,-5.994852098345149,-5.994852098345149,0.0,0.0692296292153376,-2.9242554629011996,3.502135941272639,6.141193270887898,0.03116616987602072,0.4736833337376146,5.912495439826131
11,107,0.5,140258.85214052183,-0.09330209084827935,11.664640756563065,-5.925622469129811,-5.925622469129812,8.881784197001252e-16,0.09367910835250992,-2.8561605400403827,3.499866528563598,6.138923858178857,0.031037871393339335,0.47337746578716444,5.907981636619852
11,108,0.5,116295.16004917721,0.0038922357115939096,11.671671192977792,-5.831943360777301,-5.831943360777302,8.881784197001252e-16,-0.06638531088339494,-2.7527963913688285,3.5192366092016876,6.158293938816946,0.03179101514982332,0.4731280382806098,5.923176702783448
11,109,0.5,132807.67968707686,-0.09356017476669684,11.609536993787998,-5.898328671660696,-5.898328671660696,0.0,0.012190317381763016,-2.816900497175323,3.5237990193554865,6.162856348970746,0.031709693126795106,0.4723320909884744,5.920572633850182
11,110,0.5,129608.89678257839,-0.07169134002391819,11.62889402851003,-5.886138354278933,-5.886138354278933,0.0,0.10796372840442903,-2.809792108224233,3.5136351624941407,6.1526924921094,0.03132364976007951,0.4720492761635298,5.909538864411637
11,111,0.5,104438.03956846973,0.06053217535537906,11.677413602459767,-5.778174625874504,-5.778174625874504,0.0,0.049576052570754925,-2.7075236888724303,3.5022445443888897,6.1413018740041485,0.03121849441074695,0.47195011899596606,5.898106380605328
11,112,0.5,94579.60564096518,0.1134963573454032,11.684189861298306,-5.728598573303749,-5.728598573303749,0.0,0.02870622961465763,-2.653956621999785,3.5102265729926705,6.1492839026079285,0.031319141597031364,0.47149188160943223,5.901294400097975
11,113,0.5,89302.4933366713,0.14179435885996303,11.68337340509811,-5.699892343689092,-5.699892343689092,0.0,-0.050056875552799696,-2.6266085264292682,3.5075103049043883,6.146567634519648,0.031185702629934687,0.47124491674235125,5.896991399074404
11,114,0.5,98705.74579647866,0.07194200462332394,11.643782447730429,-5.749949219241891,-5.74994921924189,8.881784197001252e-16,0.05504096455512286,-2.667158052214183,3.5265250044401575,6.165582334055416,0.030814412848281892,0.4706521806884968,5.909614412002472
11,115,0.5,88416.73223343324,0.13083804583873837,11.651492601051013,-5.694908254686768,-5.6949082546867675,8.881784197001252e-16,-0.14470554792831614,-2.626087483089793,3.4985842135786918,6.137641543193951,0.031384124659219026,0.4698894065828456,5.877304940579249
11,116,0.5,118092.98542790508,-0.0445771251314447,11.590073354967277,-5.839613802615085,-5.839613802615084,8.881784197001252e-16,-0.09852447424822053,-2.7781682250235753,3.4838338255677583,6.1228911551830185,0.03129291532189363,0.46922668274623175,5.858373249247097
11,117,0.5,143814.06856414108,-0.17793052843509038,11.52041549685643,-5.938138276863305,-5.938138276863305,0.0,0.0808290820916664,-2.8781212920543076,3.480976640002735,6.120033969617994,0.031964348591562095,0.46843700571462665,5.847620788561967
11,118,0.5,122347.22521574062,-0.09384286320011002,11.526932663143056,-5.857309194771639,-5.857309194771638,8.881784197001252e-16,-0.051316159390106364,-2.795105421382427,3.4853502171631647,6.124407546778423,0.03240481697003193,0.4678025466594889,5.845761328138681
11,119,0.5,135570.99200321943,-0.1786954146698687,11.459859878983753,-5.908625354161745,-5.908625354161745,0.0,-0.032990402268659125,-2.8395674985680275,3.4990583815721767,6.138115711187434,0.03245938103002541,0.46724916425329577,5.853084714742492
11,120,0.5,144817.7758596436,-0.22787520349660906,11.427481105867589,-5.941615756430404,-5.941615756430403,8.881784197001252e-16,-0.09456859856207167,-2.884080557593838,3.4760130680578727,6.115070397673131,0.032409099890569205,0.4665580302299563,5.82605448694643
11,121,0.5,174969.80759369562,-0.3703007916842114,11.33176712661653,-6.036184354992476,-6.036184354992477,8.881784197001252e-16,0.11259116776327804,-2.9700457181675075,3.49321994403468,6.1322772736499385,0.032957208166400014,0.4657860320347522,5.832482462257631
11,122,0.5,139690.75624694064,-0.22108099374235365,11.405024386973688,-5.923593187229198,-5.923593187229198,0.0,-0.03311029148742328,-2.865093426913323,3.477942191016492,6.116999520631751,0.03222347410040513,0.46576123940628855,5.821870936900199
11,123,0.5,149254.31729456646,-0.2839651234428769,11.345476710547485,-5.956703478716621,-5.956703478716619,1.7763568394002505e-15,-0.007706047186953668,-2.8966068487562064,3.481135930305572,6.12019325992083,0.03259326194690297,0.4649709140933207,5.816670995902945
11,124,0.5,151572.4567242855,-0.3106694594875728,11.307480132832001,-5.964409525903575,-5.964409525903574,8.881784197001252e-16,-0.031231608855585513,-2.8975146917397296,3.494732338712431,6.133789668327689,0.03283082404382456,0.4644634329017413,5.824248624807116
11,125,0.5,161342.1056664939,-0.3650573704033631,11.261167528711594,-5.99564113475916,-5.99564113475916,0.0,-0.12049713889758351,-2.9324916688598988,3.4872416021832637,6.126298931798522,0.03325321152573123,0.46349014241583586,5.807413155011146
11,126,0.5,205310.04851202355,-0.5349633937887888,11.16234975973591,-6.116138273656744,-6.116138273656744,0.0,-0.02732624943487938,-3.0445986486968795,3.5040219203044685,6.143079249919729,0.034411938705472656,0.46270908465827704,5.811847290620496
11,127,0.5,216843.03855878662,-0.5617865703011738,11.163355905580898,-6.143464523091623,-6.143464523091623,0.0,0.06014738912547646,-3.0776327782132777,3.492606160141431,6.131663489756691,0.03424009898593363,0.46217562333675427,5.797642171243827
11,128,0.5,192265.83831588237,-0.4866693504652565,11.193295567001783,-6.083317133966147,-6.0833171339661485,1.7763568394002505e-15,0.05350674221865148,-3.020873510321965,3.485829917673106,6.124887247288365,0.033799687851015156,0.4616893631429411,5.788803435198906
11,129,0.5,172753.46226688672,-0.41278331897817455,11.234054145538645,-6.029810391747495,-6.029810391747497,1.7763568394002505e-15,0.023162367328364297,-2.976713214127556,3.467137025624623,6.1061943552398805,0.033974912404291034,0.4610969549906639,5.768555929188724
11,130,0.5,164933.2373431347,-0.40190979389090753,11.209476461056449,-6.006648024419131,-6.006648024419132,8.881784197001252e-16,0.003769513151792303,-2.9479162124508633,3.4784062943212755,6.117463623936534,0.034107744758631674,0.4603444488300535,5.7717176621321835
11,131,0.5,163694.47672020187,-0.3865524352093061,11.232652152116064,-6.002878511267339,-6.002878511267338,8.881784197001252e-16,0.037251836190635323,-2.947061121861215,3.472577449196988,6.111634778812247,0.03358281903121485,0.4600871430885406,5.764998001064517
11,132,0.5,151941.87876433122,-0.34845677205886694,11.234339806035672,-5.965626675076703,-5.965626675076703,0.0,-0.05074906666065804,-2.91860412699105,3.4549877665560476,6.094045096171306,0.033783208731168496,0.45953423191427406,5.744715228217937
11,133,0.5,168173.50334685514,-0.4298858721581573,11.172979739158405,-6.016375741737361,-6.01637574173736,1.7763568394002505e-15,0.2122169203688653,-2.9672015723014318,3.459291009256599,6.098348338871858,0.034319467674110815,0.4587193398134736,5.739057804641072
11,134,0.5,110009.02014567994,-0.14225819814066223,11.323801246455664,-5.804158821368496,-5.804158821368494,1.7763568394002505e-15,-0.020696243765560673,-2.757849048442746,3.4535622162362416,6.092619545851499,0.033709930108017955,0.4586326546947533,5.737490487059459
11,135,0.5,114658.12232094067,-0.15895581477517767,11.331798500717754,-5.824855065134057,-5.824855065134055,1.7763568394002505e-15,0.211920559458032,-2.7864911345302237,3.4376705315924037,6.076727861207663,0.03354273981019663,0.45822502205074894,5.720160963248092
11,136,0.5,75046.93609304118,0.11205318458856296,11.449975380529175,-5.612934505676025,-5.612934505676025,0.0,-0.004587350779255317,-2.5714731185121336,3.4438654447125243,6.082922774327783,0.03433220287372057,0.4587109693907752,5.729264760346907
11,137,0.5,75738.63755983884,0.09610825436942738,11.427260221649416,-5.61752185645528,-5.61752185645528,0.0,-0.021947018660927853,-2.572925176927489,3.4501360294403236,6.089193359055583,0.034209894377944576,0.45827204305919705,5.731159518944639
11,138,0.5,79137.15380426962,0.06410118330602899,11.40714011684447,-5.639468875116208,-5.639468875116206,1.7763568394002505e-15,-0.03300269635185504,-2.590532179830259,3.4588160609566385,6.097873390571898,0.03413436251128518,0.45774278673873653,5.733390304623619
11,139,0.5,84536.87789530114,0.014614972062135499,11.374173087060399,-5.672471571468063,-5.672471571468064,8.881784197001252e-16,0.02338497733636391,-2.6287853608070515,3.4483150917067644,6.087372421322023,0.033799485444150165,0.4569683722741179,5.719227032002428
11,140,0.5,80674.12640284542,0.037886328699534164,11.373945845662465,-5.649086594131699,-5.649086594131698,8.881784197001252e-16,0.08759199626020919,-2.618416475883678,3.4222829068807825,6.061340236496043,0.034350172304753825,0.45598697137214894,5.687919640987216
11,141,0.5,67710.00252309733,0.15263247695123813,11.428254149645456,-5.56149459787149,-5.56149459787149,0.0,-0.016793854626904192,-2.5234895848107946,3.436952696506132,6.0760100261213905,0.03492735646405461,0.455987611129876,5.699533874168439
11,142,0.5,70022.85060640339,0.1221642751793005,11.400905455355389,-5.578288452498394,-5.578288452498394,0.0,-0.05073737190405492,-2.5308474116096846,3.455824752162162,6.0948820817774205,0.035356684379792044,0.4552691222651764,5.7087778030004666
11,143,0.5,77501.4286065852,0.05712010256805264,11.372291853941004,-5.629025824402449,-5.629025824402449,0.0,-0.055095007340193014,-2.58888451149553,3.44122529619858,6.080282625813837,0.03515531864706381,0.4546402893514554,5.690789960192611
11,144,0.5,86529.58551229851,-0.02515604075700634,11.317929581971269,-5.684120831742642,-5.684120831742641,8.881784197001252e-16,-0.04398396804312377,-2.651516593106739,3.4261511476565483,6.065208477271807,0.034888322245833416,0.4536960349871581,5.670940971963121
11,145,0.5,94486.24993591344,-0.07892978538751716,11.298350028796493,-5.728104799785766,-5.728104799785764,1.7763568394002505e-15,-0.030509924677805778,-2.7015689349306276,3.4140144000950157,6.0530717297102745,0.034735235705525856,0.4532271136095914,5.656340846309495
11,146,0.5,100431.32593982074,-0.13096435235559648,11.25530074421595,-5.7586147244635715,-5.7586147244635715,0.0,0.040267797673058325,-2.7372970481957517,3.4035780229203816,6.04263535253564,0.03446948602166541,0.4523900590632816,5.640202805765399
11,147,0.5,92660.15702273152,-0.08145250424057318,11.27378884509988,-5.718346926790513,-5.718346926790513,0.0,0.008169430256654842,-2.6959285990776936,3.4057793258103795,6.044836655425638,0.0347886713494818,0.4518409185527649,5.637451284834708
11,148,0.5,91158.49675738448,-0.08307675502149388,11.254201483024726,-5.710177496533858,-5.7101774965338565,1.7763568394002505e-15,0.027924462053421806,-2.6854079640349355,3.4104817353825854,6.049539064997845,0.03492392086355081,0.4513261117865695,5.637701242596343
11,149,0.5,86206.94906112953,-0.05306597919062752,11.258374110579616,-5.6822530344804365,-5.682253034480436,8.881784197001252e-16,0.006959562899256255,-2.6538365641623503,3.4177756110209123,6.05683294063617,0.03535382714566654,0.4508677768893218,5.639991054751657
11,150,0.5,85015.33603697,-0.03606378551010864,11.278459372142143,-5.67529347158118,-5.67529347158118,0.0,0.0007145431372483912,-2.649645501378923,3.412238610789257,6.051295940404515,0.0350849139372257,0.4504336423345272,5.631602608862107
11,151,0.5,84893.9285586607,-0.041638844093401566,11.26588016870106,-5.674578928443932,-5.674578928443931,8.881784197001252e-16,-0.008808065598636006,-2.654245287192619,3.4016099528873682,6.040667282502627,0.03537522650329971,0.44973360048651867,5.616085855880811
11,152,0.5,86402.68131811905,-0.058014979201214054,11.250744029682705,-5.683386994042568,-5.683386994042567,8.881784197001252e-16,-0.10445838085962666,-2.665797028979806,3.396122600510265,6.0351799301255245,0.0352380457355576,0.44890283232708067,5.603939011479034
11,153,0.5,106477.6890614625,-0.20660348821009125,11.162483773384205,-5.7878453749021945,-5.787845374902194,8.881784197001252e-16,0.012862880640993168,-2.7725743591133294,3.391484701962471,6.030542031577729,0.035034376367484826,0.4477129824374637,5.589208872175364
11,154,0.5,103773.40349629134,-0.18801515743177294,11.173934673658856,-5.774982494261201,-5.7749824942612005,8.881784197001252e-16,-0.0031973134188056918,-2.757469086921151,3.39596948506484,6.035026814680099,0.035016528464030514,0.4473057330475619,5.590062349201718
11,155,0.5,104439.12192929447,-0.201380624930105,11.153598365499805,-5.778179807680007,-5.778179807680008,8.881784197001252e-16,-0.00779983338176482,-2.757401687035936,3.4024989116728848,6.041556241288143,0.03494614032873191,0.446632601769348,5.589322555138622
11,156,0.5,106081.11137456664,-0.22391243934621113,11.124134403431123,-5.785979641061772,-5.785979641061773,8.881784197001252e-16,0.06775565154447172,-2.7576368229288803,3.4176283066505246,6.056685636265783,0.034115114385797715,0.4459915899197461,5.597852859036883
11,157,0.5,92637.37704927438,-0.13711281515229146,11.162222348730019,-5.7182239895173,-5.718223989517301,8.881784197001252e-16,0.03590484624935897,-2.697604062522388,3.4021825243745663,6.041239853989825,0.035114041024190114,0.4452320821763401,5.576689542787891
11,158,0.5,86218.34788842946,-0.08607249505790072,11.192493296420082,-5.682319143267941,-5.682319143267942,8.881784197001252e-16,-0.024726330065431235,-2.6670295056589923,3.3915219456026384,6.030579275217898,0.03558848072383196,0.44436413247154943,5.559981340000884
11,159,0.5,90589.26042656798,-0.12760107682387134,11.158888793019004,-5.707045473333372,-5.707045473333373,8.881784197001252e-16,0.014150937407119812,-2.699888506073294,3.375256604904898,6.014313934520156,0.03604229394751496,0.44313790782409357,5.534442114675644
11,160,0.5,88061.35547774755,-0.11265207085834278,11.16048493013582,-5.692894535926253,-5.692894535926253,0.0,-0.11481691081265755,-2.6849279160215747,3.376875910194098,6.015933239809358,0.03636334787485502,0.4425385313131522,5.5304830924824495
11,161,0.5,110793.44528611073,-0.2738655814855035,11.067691730506812,-5.80771144673891,-5.807711446738909,8.881784197001252e-16,0.07276645379475877,-2.802128577760647,3.372108408341267,6.011165737956526,0.036200542585607676,0.44178969004404034,5.519945856473631
11,162,0.5,95787.740485323,-0.18073044249120152,11.108429100905898,-5.734944992944151,-5.7349449929441505,8.881784197001252e-16,0.04522516975967861,-2.73376631927568,3.363300017721684,6.002357347336942,0.03630508563294202,0.4410638297539849,5.5070181200210175
11,163,0.5,87503.98781790318,-0.11839890880766997,11.142641828753606,-5.689719823184473,-5.689719823184473,0.0,-0.16870336219171467,-2.6883749769504868,3.363632362852712,6.00268969246797,0.03677193241921395,0.44085219105508444,5.505081735566882
11,164,0.5,122620.11641986028,-0.3680158317191168,10.980814707314142,-5.8584231853761874,-5.8584231853761874,0.0,-0.012880125665727604,-2.851509425223239,3.3747701906906373,6.013827520305896,0.03616395024014085,0.4394620328219904,5.501150666594427
11,165,0.5,125819.87782378253,-0.39143164968574234,10.959743322712345,-5.871303311041915,-5.871303311041915,0.0,-0.10868406813919762,-2.856097730774928,3.391353830918716,6.0304111605339745,0.03644919223985419,0.4389286869552495,5.508482354909424
11,166,0.5,156369.13770387013,-0.553848858640381,10.852277041081463,-5.979987379181113,-5.979987379181113,0.0,0.011899189164035207,-2.9706634508449854,3.3795905270569953,6.0186478566722545,0.03768231415742435,0.4376253301696158,5.482253647847356
11,167,0.5,152691.73744749895,-0.5313088811552056,10.873558617723743,-5.9680881900170775,-5.9680881900170775,0.0,0.141560527314061,-2.9648214409407614,3.3674761685373737,6.006533498152633,0.03764252405221297,0.4371132933268954,5.468633393686848
11,168,0.5,115042.3183613417,-0.31514468826403735,11.02276594887796,-5.8265276627030165,-5.826527662703017,8.881784197001252e-16,-0.08685172801792973,-2.8284387413043826,3.35712051318201,5.996177842797269,0.037761203262002774,0.43715110000023916,5.460559381371555
11,169,0.5,136866.15841913322,-0.4440880879555678,10.938582605530756,-5.913379390720946,-5.913379390720946,0.0,-0.04631984378181109,-2.9169886358311743,3.353724180164285,5.992781509779543,0.03774674365206813,0.4363907048492062,5.453029194743154
11,170,0.5,150151.2606037366,-0.5252491400577803,10.868900188889953,-5.959699234502757,-5.959699234502756,8.881784197001252e-16,0.0535959321440842,-2.9673635977924606,3.345613943805335,5.984671273420593,0.03803991635456724,0.4351784002723024,5.434188911071447
11,171,0.5,134888.8796425236,-0.47593068118168014,10.860345242353986,-5.906103302358673,-5.906103302358673,0.0,0.18444727190389631,-2.9116806631158774,3.349787948870332,5.988845278485591,0.037637466058436736,0.43470394146182795,5.434749882666116
11,172,0.5,93275.43492556774,-0.2110184043205101,11.021275252268534,-5.721656030454777,-5.721656030454778,8.881784197001252e-16,-0.06586754296722486,-2.729280382467302,3.345693966359693,5.984751295974951,0.03836835594097085,0.43467258329902764,5.432659647627633
11,173,0.5,106409.18175368525,-0.306894234526326,10.961258677791351,-5.787523573422002,-5.787523573422002,0.0,-0.11577105232191531,-2.803448185932569,3.3290934453636067,5.968150774978866,0.03818268852317256,0.43349563197531027,5.408019867586328
11,174,0.5,134133.28536568957,-0.4939172895394264,10.818754672408982,-5.903294625743917,-5.903294625743918,8.881784197001252e-16,-0.11677539095160405,-2.9093453524855444,3.348841216901487,5.987898546516747,0.03803331065792275,0.4324333388789613,5.412301683259452
11,175,0.5,169420.66334929832,-0.686383487308041,10.667373058774961,-6.020070016695521,-6.020070016695522,8.881784197001252e-16,0.06667751253598198,-3.014771312105918,3.3715400795639447,6.010597409179204,0.038167818971543935,0.4314551434430639,5.4174734725671385
11,176,0.5,148269.2280056397,-0.598159158112842,10.710466692093394,-5.953392504159539,-5.953392504159539,0.0,0.06327009781064774,-2.947501271612874,3.3727251354780727,6.011782465093331,0.03828507083007666,0.4309843025461969,5.414912353071109
11,177,0.5,130645.75939833157,-0.4979125161403485,10.784419780417084,-5.890122406348891,-5.89012240634889,8.881784197001252e-16,-0.0028483258762106445,-2.891360245640121,3.358466991802281,5.997524321417539,0.03900123167932717,0.4301814624077363,5.396304360938693
11,178,0.5,131392.1266713564,-0.5208468890861241,10.744247686277955,-5.892970732225102,-5.892970732225102,0.0,0.05189230474706186,-2.880469640027357,3.3859448547802313,6.025002184395491,0.03917373402111088,0.429793373046273,5.414016058331149
11,179,0.5,118439.41641682881,-0.4317067520342387,10.818743350887601,-5.84107842747804,-5.841078427478039,8.881784197001252e-16,0.03775710618667194,-2.840946346964107,3.3612068314126065,6.000264161027865,0.03912028725001159,0.4291375840809444,5.38962714415122
11,180,0.5,109824.90925589643,-0.3975732815418158,10.811496079499104,-5.803321321291368,-5.803321321291368,0.0,0.05780685927408413,-2.8011222370690088,3.365340838829462,6.004398168444721,0.04002448183331244,0.42820231248586543,5.384577115349006
11,181,0.5,97834.14481062412,-0.3078071628665574,10.875414598301454,-5.745514462017284,-5.745514462017284,0.0,0.16119263701964126,-2.7498277588822924,3.3523160766547244,5.991373406269984,0.04035195479946109,0.42730489615897954,5.367804927720758
11,182,0.5,70872.91694102256,-0.04897125961717073,11.070701130760945,-5.584321824997643,-5.584321824997643,0.0,-0.06408536350281135,-2.5969379338116263,3.3357104527567745,5.974767782372033,0.04081163776573979,0.4277197124301927,5.360061736788439
11,183,0.5,80564.57993464035,-0.14231610925217503,11.012182158496556,-5.648407188500454,-5.648407188500453,8.881784197001252e-16,-0.07384309035004577,-2.6615526039666255,3.334651839452396,5.9737091690676545,0.040960252421194235,0.4267918538522418,5.3509916751892055
11,184,0.5,93386.35838372761,-0.23963517901926235,10.96523019966247,-5.7222502788505,-5.722250278850497,2.6645352591003757e-15,-0.08421272361770882,-2.7488709968124567,3.307701234460826,5.946758564076085,0.03993384665002665,0.42546790766075676,5.316666603856815
11,185,0.5,110517.15148307369,-0.3887166630694402,10.83549267879754,-5.806463002468209,-5.80646300246821,8.881784197001252e-16,-0.04403460714984142,-2.8241158805955977,3.3256369141299627,5.964694243745222,0.039825169477775806,0.42492640227402073,5.321835709069485
11,186,0.5,120691.77000715866,-0.44708206641532033,10.80683108640546,-5.85049760961805,-5.85049760961805,0.0,0.07012412054741723,-2.8758634029271497,3.3102110837665433,5.949268413381802,0.039689317175742894,0.42429528806553224,5.304450916821529
11,187,0.5,104898.3408892169,-0.34081059662614693,10.879125784888972,-5.780373489070633,-5.780373489070633,0.0,-0.0075467335099208555,-2.8067845988863205,3.3081204507533655,5.947177780368624,0.04017497800404677,0.42403459359689455,5.304045445730283
11,188,0.5,106493.62947018191,-0.3585694769950922,10.858701491170923,-5.787920222580554,-5.787920222580554,0.0,0.03734129903557015,-2.8123368549178767,3.3121094057100957,5.951166735325354,0.04098533549309652,0.4230440655144,5.296736779773299
11,189,0.5,98830.13497417391,-0.3011373890004617,10.898883069089042,-5.750578923544984,-5.750578923544983,8.881784197001252e-16,0.009334589556006634,-2.7790398266710286,3.3040208641326503,5.94307819374791,0.041176270109574455,0.42221021537091535,5.283800493470721
11,190,0.5,97002.1738421244,-0.2809303670922838,10.920627933793385,-5.741244333988977,-5.741244333988977,0.0,-0.08204126420994928,-2.777931484831675,3.2875683686993455,5.926625698314603,0.040740217380742724,0.42117930624802824,5.26294073381045
11,191,0.5,114298.782324575,-0.39222114650017537,10.862128903397505,-5.823285598198926,-5.823285598198928,1.7763568394002505e-15,-0.032152301231984204,-2.861160920962867,3.285192024856859,5.924249354472119,0.04026590614221551,0.41998671392647485,5.249353227844054
11,192,0.5,121890.18542066432,-0.439952187546699,10.830971423768421,-5.85543789943091,-5.8554378994309095,8.881784197001252e-16,-0.09452634101694368,-2.8963116409358953,3.2791951873747704,5.91825251699003,0.040792932313991566,0.41847476077926354,5.228277077932361
11,193,0.5,147256.0932400475,-0.5755271495289644,10.748874181837778,-5.949964240447854,-5.949964240447853,8.881784197001252e-16,0.020732888332688937,-2.9851103793216445,3.29065039263716,5.929707722252419,0.0412847604212103,0.41719121948903815,5.223743526584441
11,194,0.5,141274.86998923868,-0.5491126818886712,10.760237340452989,-5.929231352115165,-5.929231352115165,0.0,0.1220880981278194,-2.9692312155610163,3.2809429434930393,5.920000273108299,0.040983134549763635,0.41636941323573384,5.21153881078363
11,195,0.5,110667.61273173266,-0.36150137693535384,10.891283754103982,-5.807143253987346,-5.807143253987345,8.881784197001252e-16,-0.03733021059693353,-2.854737926072598,3.26575332621424,5.904810655829499,0.041199267601145735,0.415776993488989,5.196406732144526
11,196,0.5,119246.36536523436,-0.4303386107411101,10.828269707686337,-5.844473464584279,-5.844473464584278,8.881784197001252e-16,-0.11094752501433192,-2.8978675544471817,3.254154490658936,5.893211820274194,0.041073931683756136,0.41467304330963517,5.176559939657255
11,197,0.5,148871.9737800939,-0.5906439241027223,10.729554130991778,-5.955420989598611,-5.955420989598611,0.0,-0.01582315376528598,-3.002636768599421,3.266511112383121,5.905568441998379,0.04115195627682048,0.41337677317344873,5.172594166521786
11,198,0.5,153658.5614888594,-0.5940024803102508,10.754483326107291,-5.971244143363897,-5.971244143363896,8.881784197001252e-16,-0.041492555855227486,-3.0212748445524134,3.260881268007709,5.899938597622968,0.040539415895392394,0.41257064639561053,5.160108181669204
11,199,0.5,166953.96562154123,-0.6427766643482821,10.739920069741688,-6.012736699219125,-6.012736699219126,8.881784197001252e-16,0.04867151486483845,-3.0566068802275983,3.273202308367794,5.912259637983053,0.041129778797918,0.41163479997299884,5.16227928768525
11,200,0.5,151468.10727110648,-0.5710705505704775,10.785989267567617,-5.964065184354286,-5.964065184354286,0.0,-0.1066633479590271,-3.020881794013325,3.247309451066663,5.886366780681922,0.041707721134056845,0.41080292372792954,5.13266481716865
11,201,0.5,187485.55185057208,-0.7488027811784654,10.643851502269694,-6.070728532313313,-6.070728532313312,8.881784197001252e-16,-0.08551867816186753,-3.1283083404028256,3.2457830542057136,5.884840383820972,0.041852047757435444,0.40945240752948714,5.117129097055738
11,202,0.5,222458.18291061505,-0.8765304492630105,10.559433522424339,-6.156247210475181,-6.15624721047518,8.881784197001252e-16,-0.022772653645137808,-3.2032385607944107,3.2669599697462814,5.906017299361541,0.04201194674657484,0.4089631119219688,5.127257230424092
11,203,0.5,232824.38321264938,-0.9109955982637444,10.536048531713151,-6.179019864120319,-6.17901986412032,8.881784197001252e-16,0.08446509883540898,-3.223441221852574,3.2720999549202316,5.9111572845354905,0.04160340231006759,0.40798842639347555,5.120711259140154
11,204,0.5,196635.98971949783,-0.7936953883217289,10.601718753926361,-6.09455476528491,-6.09455476528491,0.0,0.14069464203734583,-3.1465461591700046,3.25695988261455,5.8960172122298085,0.04179869849930108,0.40713864803224514,5.103186293164221
11,205,0.5,148407.95991157924,-0.5911924600854171,10.725335326324293,-5.953860123247564,-5.953860123247564,0.0,-0.04965072550784022,-2.998135850871384,3.272391215137102,5.9114485447523615,0.04203665597777364,0.4076947349717257,5.113864737178204
11,206,0.5,163901.62799054486,-0.6693167365752891,10.66838822436023,-6.003510848755404,-6.003510848755404,0.0,-0.007396300634576747,-3.0643480423047946,3.2392682832859614,5.878325612901219,0.04306946191061198,0.40551942911975564,5.070412121185117
11,207,0.5,166344.1807351881,-0.7112570251304683,10.599300248519024,-6.010907149389981,-6.01090714938998,8.881784197001252e-16,-0.10598714836046508,-3.072040116184112,3.23867673679648,5.877734066411739,0.043784936186776195,0.40389119206787893,5.0539043842764455
11,208,0.5,205620.72201619553,-0.8441915342084259,10.54540552708404,-6.116894297750446,-6.116894297750445,8.881784197001252e-16,-0.004172523539607731,-3.1811225911617345,3.2324860835621627,5.871543413177421,0.04398073632147839,0.4029258761269543,5.0383826874189
11,209,0.5,207343.81627358124,-0.842616431289122,10.556900780001861,-6.121066821290054,-6.121066821290053,8.881784197001252e-16,0.18446534454504349,-3.190069383374182,3.222937546216483,5.8619948758317415,0.0438777859934824,0.40218915989750015,5.025905005528533
11,210,0.5,143372.72022061597,-0.5492658965844514,10.774671160321116,-5.93660147674501,-5.936601476745009,8.881784197001252e-16,-0.011247105100778754,-3.010516335713222,3.213112952448315,5.852170282063574,0.043565029499183686,0.40242749698540775,5.022742500515684
11,211,0.5,146634.3223818568,-0.5764874750728484,10.74272221354588,-5.947848581845789,-5.947848581845788,8.881784197001252e-16,0.0025681188033868096,-3.0233113660430786,3.210017101990162,5.849074431605422,0.04365409292103475,0.4012685965950949,5.012604153994465
11,212,0.5,145883.10452897372,-0.5702131161793584,10.750134693726089,-5.945280463042402,-5.945280463042403,8.881784197001252e-16,0.14988311351670358,-3.0181707639196587,3.215162068630228,5.854219398245486,0.044182676216083,0.4008910532072852,5.012335704913771
11,213,0.5,108098.12939152999,-0.36042288589183863,10.86994892726772,-5.7953973495256985,-5.7953973495256985,0.0,0.12756533185800123,-2.878841794018107,3.1940537813999255,5.833111111015184,0.044671057142957854,0.40092728752018286,4.997776239182754
11,214,0.5,83756.07926865798,-0.19279021519926381,10.95008360493687,-5.667832017667697,-5.667832017667699,1.7763568394002505e-15,0.0068173953367969276,-2.7420086291579913,3.212589447404151,5.851646777019409,0.046748074518926444,0.40075224839309864,5.0074042499745435
11,215,0.5,82621.83283853608,-0.1909432587971825,10.940142727067437,-5.6610146223309,-5.661014622330901,8.881784197001252e-16,-0.10203257549717915,-2.744646910499082,3.19367809404838,5.83273542366364,0.04684199207911283,0.399837853090671,4.988272311938957
11,216,0.5,101325.60229376658,-0.3293744932351125,10.867345409185933,-5.7630471978280795,-5.7630471978280795,0.0,-0.15827949522082552,-2.8529266636590895,3.1811837387227206,5.82024106833798,0.04543998956659511,0.3983598294486763,4.9676309889412815
11,217,0.5,139058.9726903687,-0.585993493458549,10.670666399180714,-5.921326693048905,-5.921326693048906,8.881784197001252e-16,0.02969609257792616,-3.0131463609359423,3.177303334610666,5.816360664225925,0.0448294335279186,0.39648352694410594,4.944405495312954
11,218,0.5,131040.43267580161,-0.5795698058368097,10.624121589268338,-5.891630600470979,-5.891630600470979,0.0,0.0017539329418090333,-2.969509857907024,3.2051841555126512,5.84424148512791,0.04608102816518827,0.39602929443847146,4.955244130678658
11,219,0.5,130581.56570507394,-0.5828883222622785,10.613976690533782,-5.88987666752917,-5.88987666752917,0.0,-0.0946938379701896,-2.977367429540597,3.1859611463618878,5.825018475977147,0.045346855962951564,0.39530840277035334,4.941008612085099
11,220,0.5,157809.04592410877,-0.7387570038202348,10.49162700335825,-5.984570505499359,-5.984570505499359,0.0,0.0105077067701016,-3.066297322276491,3.197489036830478,5.836546366445736,0.04515641585081337,0.3944462432044478,4.938692384921216
11,221,0.5,154527.22871949154,-0.6865272415697148,10.575071114319083,-5.974062798729258,-5.974062798729257,8.881784197001252e-16,0.057522655443634996,-3.073242903933822,3.1625824599756123,5.801639789590872,0.04505623012338705,0.3935384922445,4.906807582673279
11,222,0.5,137734.09899667787,-0.5781155651280276,10.67684915631519,-5.916540143285623,-5.916540143285623,0.0,0.12251297289516572,-3.0243773288857425,3.1452682991845013,5.784325628799761,0.04583667750410307,0.3925808962186861,4.8863640963766555
11,223,0.5,107802.30730300628,-0.38988410371497495,10.808286133350963,-5.794027170390457,-5.794027170390456,8.881784197001252e-16,0.014532706780140181,-2.8832973238313606,3.1824023635029337,5.821459693118193,0.046967886682139984,0.3932005129405786,4.914111965077346
11,224,0.5,104714.0862763966,-0.385462575112441,10.788063776995749,-5.779494463610317,-5.779494463610315,1.7763568394002505e-15,0.025742789599979332,-2.8669665543867295,3.185998488831913,5.825055818447171,0.04745522298724421,0.39219728075899296,4.909060431698881
11,225,0.5,99459.25561947405,-0.3499147360754652,10.807673875869744,-5.753751674010338,-5.753751674010338,0.0,-0.01076101134642471,-2.8430151965516246,3.182415625302165,5.821472954917424,0.047571415238597446,0.39154144780232,4.905692147355601
11,226,0.5,101623.02075689333,-0.358808214047347,10.81140894261883,-5.764512685356762,-5.764512685356761,8.881784197001252e-16,-0.01451183608756601,-2.8648557325454354,3.160256576007393,5.799313905622653,0.04785874988073857,0.3903178481200812,4.8781308352240105
11,227,0.5,104615.71338417998,-0.3863138590055175,10.785421324877623,-5.779024521444328,-5.779024521444329,8.881784197001252e-16,0.01326055457080777,-2.882610125029129,3.153771463215139,5.792828792830399,0.04833297414200189,0.38944017862525754,4.865083636293806
11,228,0.5,101877.65726104986,-0.3604741652224137,10.810579603302214,-5.7657639668735206,-5.7657639668735206,0.0,-0.04962019376676796,-2.867127927802007,3.158214748527769,5.7972720781430285,0.04861640937413655,0.3885217339218447,4.860096215524012
11,229,0.5,112506.73002486627,-0.42197902359634376,10.78681027408789,-5.8153841606402885,-5.8153841606402885,0.0,0.01782516364012121,-2.924869756348021,3.1419714789692774,5.781028808584537,0.049006146381962,0.38719525632659346,4.833726665683747
11,230,0.5,108566.48117026573,-0.4078671082190932,10.77938377756215,-5.797558997000167,-5.797558997000168,8.881784197001252e-16,-0.14977239330311498,-2.90180066634484,3.1524593316953946,5.791516661310654,0.050150184455680806,0.3869215158746238,4.835625118427907
11,231,0.5,146482.72473763878,-0.6226333544342069,10.649396071738153,-5.947331390303282,-5.947331390303283,8.881784197001252e-16,-0.06471324706585246,-3.064562308827082,3.12648083333714,5.7655381629524,0.04832731559309461,0.3849481590562426,4.800759750792009
11,232,0.5,166723.0405322305,-0.7228245756046714,10.578440123528926,-6.012044637369135,-6.012044637369135,0.0,0.04264324697516564,-3.133624386728111,3.11778317166679,5.756840501282048,0.04785641710495399,0.3834849228558916,4.779146934998601
11,233,0.5,153093.2942355253,-0.6486322107421538,10.641538359303631,-5.969401390393969,-5.969401390393969,0.0,-0.023452870242827828,-3.083708576977159,3.1323282972183613,5.77138562683362,0.04847743763176934,0.38276952505778905,4.779936322616519
11,234,0.5,160445.3269193784,-0.6712499203334351,10.643208680606723,-5.992854260636797,-5.992854260636796,8.881784197001252e-16,-0.07358328403031056,-3.118709135298783,3.1092329210607703,5.748290250676028,0.04817827665756412,0.38210677566531887,4.760525998704152
11,235,0.5,185883.4399522596,-0.7798854235045735,10.573104242325064,-6.0664375446671075,-6.066437544667106,1.7763568394002505e-15,0.12176124034244484,-3.1990302606227785,3.0957572384733973,5.734814568088656,0.04811706706200912,0.38000060403186525,4.733161275526574
11,236,0.5,145706.9378842779,-0.6168706827231837,10.65561124320296,-5.944676304324663,-5.9446763043246635,8.881784197001252e-16,-0.08403423256786091,-3.0761460265796545,3.0980032258747565,5.737060555490016,0.04906233903629368,0.3795944153523035,4.730906614458576
11,237,0.5,172373.87244528084,-0.732245718912657,10.592929635959734,-6.028710536892524,-6.0287105368925245,8.881784197001252e-16,-0.06558974922182781,-3.1648333610188106,3.088697022132167,5.727754351747427,0.049234125634334616,0.37831046389240397,4.708774174286981
11,238,0.5,196535.93565620127,-0.818376378986372,10.551847814255957,-6.094300286114351,-6.0943002861143505,8.881784197001252e-16,0.03603113837523075,-3.231137971086663,3.0872673004401183,5.726324630055376,0.04902291440342472,0.37720522241180987,4.698370835838644
11,239,0.5,182871.37127587208,-0.7698873397100079,10.576763616058228,-6.058269147739121,-6.0582691477391215,8.881784197001252e-16,-0.06725062893073819,-3.2041041435646576,3.069272678733665,5.7083300083489235,0.04937733192713131,0.37622587740309144,4.679880009497777
11,240,0.5,209198.6490256595,-0.877025386166861,10.496988781005994,-6.125519776669859,-6.125519776669858,8.881784197001252e-16,-0.005427679899320914,-3.274784010463475,3.06241420279751,5.70147153241277,0.04929364599229216,0.3744364762486912,4.6570673051737845
11,241,0.5,211481.94621476738,-0.8894124357903137,10.483070041557733,-6.13094745656918,-6.13094745656918,0.0,-0.1213856935543447,-3.2673824566357803,3.0880726702515386,5.727129999866798,0.05003080481536735,0.3734479435786991,4.659706535150056
11,242,0.5,269592.3548527345,-1.0800713772208381,10.344523545805371,-6.252333150123524,-6.2523331501235235,8.881784197001252e-16,0.03346127463823212,-3.385633465665303,3.0943420393011847,5.7333993689164435,0.05076222062657942,0.3723232629114694,4.64949384491629
11,243,0.5,252141.00432234784,-1.0426804422344529,10.352382866501681,-6.218871875485292,-6.218871875485293,8.881784197001252e-16,0.04512382996302566,-3.3532076077172905,3.0922712059207442,5.7313285355360035,0.050474566515094216,0.3717742924553373,4.642745759091862
11,244,0.5,230382.4633660725,-0.9682682892146882,10.410959512615152,-6.173748045522267,-6.173748045522264,2.6645352591003757e-15,0.060229148618200945,-3.319931169186586,3.0685764230561015,5.707633752671361,0.05044587524515602,0.37106380989893467,4.621308535058401
11,245,0.5,204237.29218212893,-0.8934433201257735,10.440151153556585,-6.113518896904066,-6.113518896904066,0.0,-0.0023166183480753944,-3.255352386789931,3.077275690613011,5.716333020228269,0.05139116320722265,0.3709098076025396,4.622474900712846
11,246,0.5,205185.76745748174,-0.8827338845132184,10.466203261477842,-6.115835515252141,-6.115835515252139,1.7763568394002505e-15,-0.09573489840321692,-3.270367448769224,3.0518788033505757,5.690936132965836,0.05101333719959127,0.3692274478856618,4.5973211279398765
11,247,0.5,248485.76205168717,-1.04964326416003,10.323854298990655,-6.211570413655358,-6.211570413655357,8.881784197001252e-16,0.11634325380772204,-3.355958358851777,3.072166779991901,5.711224109607159,0.05132489141718827,0.3682337081683882,4.598154612601171
11,248,0.5,196900.6015438189,-0.8446848710814572,10.501084577532358,-6.095227159847636,-6.095227159847637,8.881784197001252e-16,-0.05372823804040294,-3.253805797420924,3.043785395238164,5.6828427248534235,0.051933961847352265,0.3675937396882542,4.574114726280363
11,249,0.5,219237.47801260313,-0.9167415207218246,10.464427754332432,-6.148955397888039,-6.148955397888041,1.7763568394002505e-15,-0.050150371799694504,-3.3161038087114227,3.0266458487379744,5.665703178353233,0.05149867119143109,0.3665814042281939,4.555578231654818
11,250,0.5,242367.76444604847,-0.9914554991834559,10.415300541008554,-6.199105769687733,-6.1991057696877325,8.881784197001252e-16,-0.1101433311069755,-3.367932908937182,3.023288391885844,5.6623457215011035,0.0517533195055322,0.36517314615057705,4.538499811701443
11,251,0.5,302095.41845098836,-1.1603773234860364,10.297743554617345,-6.309249100794709,-6.309249100794709,0.0,-0.1866299515380776,-3.470185935560034,3.0390690008540906,5.678126330469349,0.05161780215139741,0.36390218440935485,4.534601221039908
11,252,0.5,438782.0522545579,-1.4553771468460872,10.0810038109734,-6.4958790523327865,-6.495879052332787,8.881784197001252e-16,0.08007528525528418,-3.633766013550853,3.0851687479486087,5.724226077563868,0.05370710993682179,0.36248543770273,4.541307343191555
11,253,0.5,373849.10564978764,-1.3268929596820447,10.177821614790913,-6.415803767077502,-6.415803767077501,8.881784197001252e-16,-0.007090382655099425,-3.5735842925978067,3.045381619344133,5.68443894895939,0.052924884228164305,0.3610993774544539,4.511795514170449
11,254,0.5,379188.33981802984,-1.3386557202559435,10.16847685895332,-6.422894149732602,-6.422894149732603,8.881784197001252e-16,-0.003280708809296762,-3.586199841180008,3.0343312874899278,5.6733886171051875,0.05276935075908893,0.36051236977026824,4.496376045965581
11,255,0.5,381684.5331997491,-1.3333552038515915,10.185639309380612,-6.4261748585418985,-6.426174858541898,8.881784197001252e-16,0.10437906145631537,-3.590842537709922,3.031607312048695,5.6706646416639535,0.05373713392431496,0.3596494854333039,4.485232471663914
11,256,0.5,309771.9294282955,-1.1494891973792785,10.344613199412608,-6.321795797085583,-6.321795797085582,8.881784197001252e-16,0.01461847791517723,-3.4977035155481966,3.0091272334595125,5.648184563074772,0.05309696471649144,0.35950409933152105,4.4741555691305255
11,257,0.5,300846.2567550198,-1.1372614467593678,10.339831744822078,-6.307177319170406,-6.307177319170407,8.881784197001252e-16,-0.07341744232126235,-3.487717694511948,2.999861919701654,5.638919249316913,0.053837926361149514,0.35831389704947103,4.456437292596056
11,258,0.5,348428.91805963,-1.2568584669594873,10.247472589064362,-6.380594761491668,-6.380594761491668,0.0,-0.06669884561888306,-3.5591659113556013,3.003800370656875,5.642857700272133,0.0539650926425476,0.3576452473377074,4.451305670250701
11,259,0.5,398151.2408505479,-1.3863915058657226,10.121804202489658,-6.447293607110551,-6.447293607110551,0.0,-0.04458288954651035,-3.615721057400551,3.0240877698047437,5.663145099420002,0.054576352617195095,0.3566184528444483,4.4453927039280865
11,260,0.5,435283.57460120803,-1.4236044370014957,10.136544119311132,-6.491876496657062,-6.491876496657062,0.0,-0.11052446244166969,-3.664142677439679,3.016410308819506,5.655467638434765,0.055124566818841966,0.35557973408173227,4.43273549450289
11,261,0.5,542965.9654364614,-1.5779465492115905,10.04890881977428,-6.602400959098731,-6.6024009590987305,8.881784197001252e-16,-0.027371915090461663,-3.7669691003164654,3.031806387949273,5.670863717564534,0.0559011879267033,0.3546770143051432,4.431199426015021
11,262,0.5,573518.657879679,-1.6492858033190525,9.960974141740282,-6.629772874189193,-6.629772874189193,0.0,0.02670653089434527,-3.7855364621865646,3.0494154943899976,5.688472824005257,0.05611522335679335,0.3542498933173245,4.431323078419841
11,263,0.5,543689.0083759616,-1.5808327681722747,10.044467150245145,-6.603066343294848,-6.603066343294847,8.881784197001252e-16,0.11487654874028408,-3.781186827296881,3.004701702380672,5.643759031995932,0.055524619647519174,0.3523792628009218,4.39222712356073
11,264,0.5,432085.85638389277,-1.4058665320391892,10.164646525030749,-6.488189794554564,-6.488189794554564,0.0,-0.11266019455186349,-3.679695228749663,2.9779318019945427,5.6169891316098015,0.05524976164736848,0.35209717904706744,4.378505831207456
11,265,0.5,541284.3271169624,-1.5839981380057813,10.033703702201294,-6.600849989106427,-6.600849989106428,8.881784197001252e-16,-0.08905567981488627,-3.777162996690911,3.0083166552157743,5.647373984831033,0.056287639140325696,0.35158939258812255,4.384590819337278
11,266,0.5,646812.2447885993,-1.7325403184986294,9.914730700845366,-6.689905668921313,-6.6899056689213126,8.881784197001252e-16,0.04591095863635708,-3.8613602475213233,3.018033513184721,5.657090842799979,0.056545719858391325,0.35030814574857794,4.370168469965729
11,267,0.5,590065.8504404664,-1.668854780064748,9.950279860440416,-6.643994710284956,-6.6439947102849555,8.881784197001252e-16,0.22110188485797355,-3.824446894400009,3.0000383021546324,5.639095631769891,0.05624218839115425,0.3495862435435846,4.356344400942239
11,268,0.5,379187.3354968615,-1.3132934045400841,10.219198841773796,-6.422892825426983,-6.422892825426982,8.881784197001252e-16,-0.2124517366750851,-3.629718500374948,2.947291320488809,5.586348650104067,0.05639302718292549,0.3483552307846575,4.3244866351137246
11,269,0.5,579945.3327517515,-1.6539347456363946,9.962819632931346,-6.635344562102068,-6.635344562102068,0.0,0.0010020624240016929,-3.820801279087952,2.9900292364129717,5.6290865660282305,0.05707572958964864,0.34695226813295843,4.322195890405937
11,270,0.5,578784.2138022066,-1.6464575423758174,9.975769914604498,-6.634342499678066,-6.634342499678066,0.0,-0.058940804829748394,-3.8273484848861092,2.974930699968655,5.613988029583914,0.05711435702824252,0.3453861072139843,4.3005014950908365
11,271,0.5,651196.4284025634,-1.7313814091026205,9.92380379081039,-6.693283304507815,-6.6932833045078155,8.881784197001252e-16,-0.20982570920390664,-3.8825448284394244,2.98241962252152,5.621476952136779,0.057743604194089165,0.3438487118376267,4.290837960216211
11,272,0.5,990750.511594463,-2.0834446044645887,9.639328818494265,-6.903109013711721,-6.903109013711721,0.0,-0.05874493829159455,-4.047757089357028,3.071646519094125,5.710703848709384,0.05935846180334809,0.3438999079297507,4.33039703291332
11,273,0.5,1114267.6199949954,-2.1898907546791513,9.54392639464833,-6.961853952003316,-6.961853952003317,8.881784197001252e-16,0.19567260800531017,-4.079018850893902,3.1266128726035705,5.765670202218828,0.059621568190869216,0.34350665997362045,4.355786385195418
11,274,0.5,753408.3731502489,-1.8298114617828913,9.872739764430229,-6.766181343998006,-6.766181343998006,0.0,0.03626798623598848,-3.945449990148026,3.0024053780847004,5.641462707699958,0.057116000840051306,0.34172683408067317,4.28593821474235
11,275,0.5,700694.1149613153,-1.7980956767885383,9.863635361946956,-6.729913357762017,-6.729913357762016,8.881784197001252e-16,0.20307782571041955,-3.9111892603125114,2.998390865283755,5.637448194899013,0.05755538812857959,0.3408885856641939,4.266007327094758
11,276,0.5,466806.94823371206,-1.4476039188343912,10.158463226434414,-6.526835532051598,-6.526835532051598,0.0,0.06265962701020733,-3.739213457667668,2.9361868191526,5.575244148767859,0.05905298844251095,0.3395822318548131,4.223407035059634
11,277,0.5,411824.1884039282,-1.3416704774591173,10.245010855164546,-6.46417590504139,-6.46417590504139,0.0,-0.10893007276438027,-3.6878630412136046,2.913568398040312,5.552625727655572,0.059186102355497774,0.33923481679765505,4.214652506819958
11,278,0.5,512067.6148782543,-1.527614626295939,10.090982703019664,-6.5731059778057706,-6.5731059778057706,0.0,-0.06533571764671908,-3.7720307197193703,2.963093186557543,5.602150516172803,0.06053026490518798,0.3387362048784777,4.22412146095657
11,279,0.5,583548.817766525,-1.6010736698919341,10.074736051121112,-6.63844169545249,-6.6384416954524905,8.881784197001252e-16,-0.09307782434365386,-3.8560316208055627,2.925762819678598,5.564820149293857,0.05937342513651513,0.33710383754814727,4.196396436008253
11,280,0.5,702948.5906458743,-1.746831846856202,9.96937534587988,-6.7315195197961435,-6.731519519796143,8.881784197001252e-16,0.10056201202144432,-3.9521417651768216,2.9196981796233836,5.558755509238643,0.05949053076741507,0.33560586764971606,4.175389967300811
11,281,0.5,574879.0877823202,-1.5996943886575954,10.062526238234208,-6.630957507774699,-6.630957507774699,0.0,-0.06563085390639944,-3.86519156858284,2.8924745487684596,5.531531878383718,0.060080692073246275,0.3341245766389788,4.146863828149611
11,282,0.5,655515.169216584,-1.73609614854951,9.920984426263177,-6.696588361681099,-6.696588361681099,0.0,-0.13876296220702145,-3.920313800825938,2.9134917920950594,5.552549121710319,0.06051911437243731,0.3328012269511125,4.135457600320193
11,283,0.5,865188.4710404048,-1.9361607410591026,9.798381165658036,-6.83535132388812,-6.835351323888121,8.881784197001252e-16,-0.04714882185765035,-4.054007558312675,2.923630201535634,5.5626875311508925,0.06028242378629267,0.33169850068614753,4.12939494214329
11,284,0.5,950744.1678331463,-2.023848425546242,9.717303440399059,-6.88250014574577,-6.882500145745771,8.881784197001252e-16,-0.12663529350111613,-4.084620116564153,2.9567027287479775,5.595760058363235,0.06107084069941767,0.33082048642454004,4.131780465015707
11,285,0.5,1224778.8787120818,-2.2205257266032543,9.577219425287264,-7.0091354392468865,-7.0091354392468865,0.0,0.13209223793176417,-4.190729697824723,2.9977541532290704,5.63681148284433,0.062216749921942094,0.33043415970540324,4.135522029059638
11,286,0.5,940424.2691992103,-2.0370770870856476,9.679932228458949,-6.877043201315122,-6.8770432013151215,8.881784197001252e-16,0.23414671632380823,-4.065069855389998,2.9848893622349872,5.623946691850245,0.06219416807330465,0.32986625007319986,4.120176082549169
11,287,0.5,588771.2222706152,-1.632673419046708,10.020446131889214,-6.642896484991314,-6.642896484991315,8.881784197001252e-16,-0.08346866578618872,-3.877270084331943,2.892195471703484,5.531252801318743,0.06125811002413261,0.328329361190005,4.073379171161669
11,288,0.5,695739.3009548635,-1.7440771089994602,9.964576083556087,-6.726365150777503,-6.726365150777504,8.881784197001252e-16,0.01356101031809942,-3.966664618524083,2.8803437348915812,5.51940106450684,0.06156076004712774,0.32674325154122724,4.052103053842228
11,289,0.5,677123.0417293038,-1.722758274468623,9.980091731981563,-6.712804140459403,-6.712804140459404,8.881784197001252e-16,0.029260921109460547,-3.966048746857208,2.854453457589134,5.493510787204392,0.062467935958033086,0.325447167028429,4.030755478394206
11,290,0.5,638633.7697013643,-1.6725997737965306,10.021886891106826,-6.683543219349943,-6.683543219349944,8.881784197001252e-16,-0.05915575304787701,-3.9287020027341373,2.870625103616353,5.509682433231611,0.0627845982457721,0.32487422740581523,4.0321669506397635
11,291,0.5,718842.7777107231,-1.7885684086074525,9.908261127580737,-6.74269897239782,-6.742698972397821,8.881784197001252e-16,-0.04471527654845797,-3.968239660331432,2.9098612945175164,5.548918624132776,0.0652402422398194,0.32447563391663464,4.036397743514991
11,292,0.5,786091.516541604,-1.8322721059091025,9.910284286074353,-6.787414248946278,-6.787414248946279,8.881784197001252e-16,0.006439836428710599,-4.0080135601378455,2.9197440480016037,5.558801377616864,0.06463943431727973,0.3243132995450153,4.03850025655265
11,293,0.5,776031.8367280087,-1.8124233385630557,9.937102147909021,-6.780974412517567,-6.780974412517566,8.881784197001252e-16,-0.036687237345467416,-4.022136741615593,2.8786180121886886,5.517675341803947,0.06366507929590563,0.3229390912292694,4.011834798948882
11,294,0.5,835113.8148267895,-1.8600297993803292,9.915263700965415,-6.817661649863035,-6.8176616498630365,1.7763568394002505e-15,0.1396866056746946,-4.056674146316255,2.882917677478299,5.521975007093558,0.06437738899486792,0.32203275922069136,4.002293116373752
11,295,0.5,631561.1748548076,-1.647583400178593,10.060783288019497,-6.67797504418834,-6.677975044188342,1.7763568394002505e-15,-0.0596980546084076,-3.930244443135507,2.856403872490407,5.495461202105665,0.06470505583135984,0.32057330690190633,3.975972393971424
11,296,0.5,711653.3455419244,-1.763460208039921,9.948425781513654,-6.737673098796748,-6.737673098796748,0.0,-0.10963017309202883,-3.964954146789528,2.90638057439918,5.545437904014439,0.06666871374306739,0.32017818584261704,3.982513773082275
11,297,0.5,886119.0103648484,-1.9126257324046905,9.869355078968173,-6.8473032718887765,-6.8473032718887765,0.0,0.024864526572086376,-4.0956066193267215,2.864335975508852,5.503393305124109,0.06582379832541381,0.3176807251881572,3.9457765863783547
11,298,0.5,843130.8889866673,-1.8732495007763519,9.898378489080676,-6.82243874531669,-6.82243874531669,0.0,0.055508333830405654,-4.079569674082491,2.8466808128531382,5.4857381424683975,0.06530480446934077,0.3170517248445748,3.9321335868236718
11,299,0.5,754537.9264861114,-1.7762337754991673,9.981393271974234,-6.7669304114862845,-6.7669304114862845,0.0,-0.05082447715245131,-4.033049190068761,2.828705113219787,5.4677624428350455,0.06606662928170126,0.31620514467191146,3.917881817350755
11,300,0.5,835269.559327096,-1.8476545614695203,9.94020065433843,-6.817754888638736,-6.817754888638735,8.881784197001252e-16,-0.05657447989281916,-4.090331662385967,2.815789122890276,5.454846452505534,0.06750729351511241,0.31435844191544504,3.889331293137856
11,301,0.5,935333.7879865157,-1.911410131439312,9.925838474184488,-6.874329368531555,-6.874329368531556,8.881784197001252e-16,-0.07791182574588085,-4.1593507746892415,2.7908998580693676,5.429957187684627,0.06761607432206539,0.3125771742288479,3.863467140493301
11,302,0.5,1093049.8653234963,-2.0294129243881964,9.845656539778478,-6.952241194277436,-6.952241194277436,0.0,0.053286886910644427,-4.22712863439699,2.8111677901456327,5.450225119760892,0.06778756047540528,0.3125310724608535,3.8725935080124647
11,303,0.5,982552.0660274192,-1.9697778072947125,9.85835300014416,-6.898954307366791,-6.898954307366792,8.881784197001252e-16,0.011958616982971293,-4.165387176860301,2.8280769313977223,5.467134261012982,0.06978929136199484,0.3114039027444567,3.857856999630093
11,304,0.5,959330.9378870334,-1.9471618346639337,9.879667711439772,-6.88699569038382,-6.88699569038382,0.0,0.05822061408827839,-4.166227913021745,2.80247822510889,5.441535554724148,0.06930151748972073,0.30990920359402724,3.838298708789229
11,305,0.5,853883.5905012644,-1.8387934844479559,9.979963183695169,-6.828775076295542,-6.828775076295541,8.881784197001252e-16,-0.20543088164035161,-4.133151320901539,2.7521901811727494,5.391247510788007,0.06905316230903127,0.30831976680913675,3.804062566361888
11,306,0.5,1287756.2435988379,-2.1661650274546447,9.736081860962495,-7.034205957935893,-7.034205957935892,8.881784197001252e-16,-0.01650979993110191,-4.314542438558214,2.800269709140097,5.439327038755356,0.07207417293645389,0.3070160913973681,3.806062977133231
11,307,0.5,1330987.2468939216,-2.1866063632702355,9.728218789193518,-7.050715757866995,-7.050715757866994,8.881784197001252e-16,0.00566400773795106,-4.339657650698945,2.783058884720842,5.422116214336102,0.07114149611053504,0.3061657215516371,3.7908125838623303
11,308,0.5,1315994.8799681063,-2.181087103622963,9.727929293012162,-7.045051750129044,-7.045051750129044,0.0,0.028415361165828656,-4.3234962459425175,2.8040536787577937,5.443111008373053,0.07269267860182554,0.3050600275564997,3.786678718563403
11,309,0.5,1243291.4025920755,-2.163744685271052,9.705783407384326,-7.0166363889632155,-7.016636388963215,8.881784197001252e-16,-0.05954768917969311,-4.296555676595521,2.80110409512013,5.440161424735389,0.0736864357358884,0.30455222811191895,3.778585406168034
11,310,0.5,1400539.6103463657,-2.2923918079895933,9.567584540306632,-7.076184078142909,-7.076184078142909,0.0,-0.03509544892645167,-4.340409181299622,2.8324924640713163,5.471549793686576,0.07644345398097153,0.3040584765409428,3.775191422794723
11,311,0.5,1502376.9634305784,-2.26849469097211,9.685569672194504,-7.11127952706936,-7.111279527069362,1.7763568394002505e-15,0.12389971970968805,-4.408983888519572,2.7655339474843195,5.404591277099579,0.07171849895169713,0.3019307309142915,3.731668221251158
11,312,0.5,1172629.9617282155,-2.070479215977383,9.833801182764585,-6.987379807359672,-6.987379807359675,2.6645352591003757e-15,0.06539974226582856,-4.303815484665788,2.7280713157725125,5.36712864538777,0.07135802867816872,0.3005523910921242,3.7020834644267984
11,313,0.5,1028858.126498586,-1.9751343864436368,9.893691357300415,-6.921980065093844,-6.921980065093845,8.881784197001252e-16,0.002546132666097378,-4.246285600173173,2.712331600226083,5.351388929841342,0.07185291859175522,0.2992700426436733,3.684586797977451
11,314,0.5,1023632.225060438,-1.957903395847487,9.92306107316052,-6.919433932427746,-6.919433932427747,8.881784197001252e-16,0.18217926150033392,-4.249428969983305,2.7009525952736255,5.340009924888884,0.07215014912221311,0.298355223610235,3.674276841318992
11,315,0.5,711058.0434814785,-1.6934764279470502,10.087556485960727,-6.737254670927412,-6.737254670927413,8.881784197001252e-16,0.07496720895632603,-4.074703936980042,2.686044138279484,5.325101467894744,0.07448638428794177,0.29761077633513283,3.664175581821378
11,316,0.5,612053.4681535185,-1.5792954426134083,10.165984038715356,-6.662287461971086,-6.662287461971086,0.0,-0.14462112896579704,-4.00230462745754,2.680908339411835,5.319965669027093,0.07661967870759481,0.29652727134502177,3.650344993006937
11,317,0.5,817345.5071983007,-1.7801602564444923,10.053496668984783,-6.806908590936883,-6.806908590936883,0.0,-0.015759665038845405,-4.145082188971171,2.684595474316167,5.3236528039314255,0.07595804864667499,0.29517597339944585,3.6364650440414423
11,318,0.5,843517.992876313,-1.8019578011436816,10.041420909664094,-6.822668255975729,-6.822668255975729,0.0,0.08162135915619206,-4.167842450338191,2.670594281659813,5.309651611275073,0.0759567015593407,0.29373148101419844,3.611383252058485
11,319,0.5,716471.5321495659,-1.687247490829598,10.107598811979875,-6.741046896819537,-6.741046896819535,1.7763568394002505e-15,-0.0863411943836736,-4.086512222431327,2.6700120191611623,5.30906934877642,0.077507982896428,0.29319895731613477,3.607624784170337
11,320,0.5,851518.2251233308,-1.814137629751003,10.026500922904416,-6.82738809120321,-6.827388091203211,8.881784197001252e-16,0.0955446142445533,-4.1793420706299775,2.657034711531209,5.296092041146467,0.07739224291080024,0.2919201729087276,3.587336385055725
11,321,0.5,703404.1886858216,-1.6767664836802862,10.110153986556742,-6.731843476958657,-6.731843476958657,0.0,-0.03243891226247353,-4.0887621944438886,2.6471052354142794,5.286162565029537,0.07846805890129674,0.2908886554160273,3.573989881515554
11,322,0.5,750552.42304496,-1.7297479553968107,10.069068867648642,-6.764282389221131,-6.7642823892211315,8.881784197001252e-16,0.0428394315987779,-4.1213430537201186,2.6468213413867656,5.285878671002024,0.07801146184154184,0.29008188502979126,3.5659545396033177
11,323,0.5,688923.7768730404,-1.6747330120201807,10.093419891204345,-6.721442957622353,-6.721442957622353,0.0,-0.11438838292911857,-4.066993126777582,2.669842332074282,5.308899661689539,0.08069586270269531,0.29012452277246964,3.5735961011698447
11,324,0.5,866019.4796406303,-1.8501283476271664,9.971405985848607,-6.835831340551471,-6.83583134055147,8.881784197001252e-16,0.18389547234279124,-4.189192122172988,2.6542211071417063,5.293278436756966,0.08003590205253319,0.2889314942376206,3.550847825782302
11,325,0.5,599512.2796648704,-1.59160076597463,10.1206702044681,-6.65193586820868,-6.65193586820868,0.0,0.08258504103777664,-3.9956197606328097,2.6735748855364814,5.312632215151739,0.08171894774012206,0.2889881078814022,3.5585327203743704
11,326,0.5,508236.2382254454,-1.4893300094623552,10.160041635417096,-6.569350827170903,-6.569350827170903,0.0,-0.03985202399011367,-3.9132296237201674,2.673185077286216,5.312242406901475,0.08488658114907432,0.2884975738486328,3.5565973710755565
11,327,0.5,550402.8272583698,-1.5452410637513787,10.127923574819281,-6.609202851161017,-6.609202851161019,1.7763568394002505e-15,-0.21130725471906953,-3.9563537681893104,2.666640836328155,5.305698165943413,0.08513657492150828,0.2874958155597951,3.5394239909582796
11,328,0.5,839884.9622680774,-1.83081806769544,9.979384076369291,-6.8205101058800865,-6.820510105880086,8.881784197001252e-16,-0.05376290763851088,-4.189477527010981,2.62300782812295,5.262065157738209,0.07991620804812262,0.2847782661773873,3.4953000617009438
11,329,0.5,935228.3724318385,-1.9142613967286852,9.920023233579824,-6.874273013518597,-6.874273013518597,0.0,0.02726423913077536,-4.244368695008413,2.6207513074051105,5.259808637020369,0.0806346634531016,0.2837438928319639,3.4802569939732133
11,330,0.5,885597.2443705121,-1.8647702060880185,9.964477136599609,-6.847008774387822,-6.847008774387823,8.881784197001252e-16,0.019675773240954264,-4.227290718817488,2.6003787815254085,5.239436111140667,0.08019327170116307,0.28273948983236213,3.466104617641865
11,331,0.5,851424.4099177124,-1.853752358716302,9.94716128486113,-6.827333001146868,-6.827333001146867,8.881784197001252e-16,-0.15351808158256386,-4.204282113823405,2.6070444450316637,5.246101774646923,0.08197326744252273,0.2820779728335643,3.4612067656585888
11,332,0.5,1157417.9367568162,-2.0794733191612407,9.802755527136384,-6.980851082729432,-6.9808510827294326,8.881784197001252e-16,-0.09741120012392557,-4.360635922015389,2.601372991812826,5.240430321428085,0.08188537314858378,0.2801126407820899,3.431586904519456
11,333,0.5,1406372.940834124,-2.2356254872875683,9.685273591131578,-7.078262282853357,-7.078262282853357,0.0,0.026991345845472914,-4.4507543892475185,2.615958457596418,5.255015787211678,0.08149495549637895,0.27897429096378307,3.418756897762964
11,334,0.5,1332465.9403943159,-2.225310200469699,9.651921473076374,-7.051270937007884,-7.051270937007886,1.7763568394002505e-15,-0.05549851211028933,-4.401494767165723,2.660495010069065,5.299552339684324,0.08197827419664362,0.2793059650130735,3.4411050458135835
11,335,0.5,1488886.2247500634,-2.275159688414327,9.663219521407694,-7.106769449118174,-7.106769449118174,0.0,-0.0908438876662343,-4.47813024870112,2.618221071218848,5.2572784008341085,0.08192382405111183,0.27788144729220376,3.410661020908296
11,336,0.5,1785531.4742718148,-2.3813564199375916,9.632513833693631,-7.197613336784408,-7.197613336784407,8.881784197001252e-16,-0.086982475920796,-4.590420923782906,2.575327496387742,5.214384826003,0.08118336727772801,0.27602293684275214,3.3724738361174302
11,337,0.5,2124807.1970203416,-2.530791050404398,9.507609524601614,-7.284595812705204,-7.284595812705205,8.881784197001252e-16,0.0073189912948414815,-4.656394801220678,2.6173446933537923,5.256402022969051,0.08423489721767122,0.2755035058817396,3.376574716220685
11,338,0.5,2093930.8413646503,-2.507787513759352,9.538978615302023,-7.2772768214103625,-7.277276821410363,8.881784197001252e-16,0.15370949023795877,-4.662483260377612,2.5905297924502437,5.229587122065502,0.08324798401529346,0.2743828209197676,3.3566889037017305
11,339,0.5,1539756.2187479562,-2.2844054769770623,9.678323708390682,-7.123567331172404,-7.123567331172403,8.881784197001252e-16,0.06829741415878754,-4.522389616031587,2.5632981006663726,5.202355430281631,0.08246600630995288,0.2739316915394214,3.344730078872742
11,340,0.5,1343165.6807137092,-2.1892019846143436,9.732135864798543,-7.055269917013616,-7.055269917013615,8.881784197001252e-16,-0.18829790544646308,-4.460098548529479,2.551285407353016,5.190342736968274,0.08356554303477828,0.2733077706822986,3.3350282309211257
11,341,0.5,1957415.7080929196,-2.464192689296973,9.55875026632621,-7.243567822460079,-7.243567822460078,8.881784197001252e-16,-0.042956298937248505,-4.640120218699221,2.5678378779064563,5.206895207521716,0.08386420963929958,0.2719496479677681,3.318950582659695
11,342,0.5,2133017.5873852167,-2.522545731641244,9.527956779512166,-7.286524121397328,-7.286524121397328,0.0,0.045331014596146524,-4.6784424750788345,2.577105963021726,5.216163292636986,0.0840682822579713,0.27110028338225756,3.3093331161497153
11,343,0.5,1948141.1385264765,-2.4484367923662793,9.5855126288698,-7.241193106801181,-7.2411931068011794,1.7763568394002505e-15,0.08945373802442802,-4.651619324292008,2.5400902354030848,5.179147565018343,0.08401254868450397,0.2699298374482717,3.287723655507501
11,344,0.5,1629003.0136028181,-2.329104339365396,9.645270058822714,-7.151739368776753,-7.151739368776752,8.881784197001252e-16,-0.1578816498164235,-4.5669713352660875,2.5304787374060758,5.169536067021336,0.08491117521108044,0.26879062908519047,3.273917194159671
11,345,0.5,2233861.0016610897,-2.5756247500061185,9.467992537174116,-7.309621018593177,-7.309621018593177,0.0,0.15930709554062528,-4.717811649171331,2.5445614092284328,5.183618738843691,0.08478143941068962,0.26732642220757813,3.258948025354639
11,346,0.5,1624365.5164833236,-2.3526530598234503,9.595321726458202,-7.150313923052551,-7.150313923052551,0.0,-0.08786302382859379,-4.571423259393151,2.518723997703545,5.157781327318804,0.0852899280145847,0.26676969073744095,3.2496531049276114
11,347,0.5,1936424.7022597378,-2.4762483833161477,9.523857127129995,-7.238176946881145,-7.238176946881145,0.0,0.05203512076308581,-4.6566781835336375,2.5239401970797553,5.1629975266950145,0.08591022367193424,0.2651275150989553,3.231564024768656
11,348,0.5,1745032.3501873198,-2.3689423708889303,9.634398910458257,-7.186141826118059,-7.1861418261180585,8.881784197001252e-16,0.058172244873168744,-4.6194504330029575,2.494325456614945,5.133382786230203,0.08791587048482766,0.2634250041394292,3.2011376979678388
11,349,0.5,1553372.858489941,-2.290286513143567,9.675366136202646,-7.127969581244891,-7.12796958124489,8.881784197001252e-16,0.0030284036744490095,-4.565741131582664,2.4853995697091937,5.124456899324453,0.09006899307759758,0.26267069430864803,3.1886639883408416
11,350,0.5,1543992.8135830173,-2.2968626108791566,9.65615713338257,-7.124941177570442,-7.124941177570442,0.0,-0.07604587257179496,-4.5653115965768105,2.480201832372002,5.1192591619872605,0.08948930159130884,0.2623093667514579,3.18389369990723
11,351,0.5,1797619.9542459042,-2.4267780701514274,9.548417959981617,-7.200987050142237,-7.200987050142236,8.881784197001252e-16,-0.03674875022228097,-4.631734881721123,2.499447007226968,5.138504336842226,0.09013529257650556,0.26119240070457206,3.1786104955267986
11,352,0.5,1934716.9617100866,-2.4893858770847253,9.496699846559585,-7.237735800364518,-7.237735800364518,0.0,-0.05898478433567256,-4.666916714917947,2.502580841277882,5.141638170893141,0.09012856553446535,0.2596989170855782,3.161668923182364
11,353,0.5,2176962.619453835,-2.544613530606725,9.504214108186929,-7.29672058470019,-7.296720584700189,8.881784197001252e-16,0.01864723209306085,-4.7316796223235285,2.4910245951380636,5.1300819247533225,0.08955032194971302,0.2587069906109854,3.151591595674
11,354,0.5,2097269.2622930747,-2.5404359373590446,9.475274830496172,-7.278073352607129,-7.27807335260713,8.881784197001252e-16,-0.006615323987753108,-4.7146320062924145,2.4878253630141707,5.1268826926294295,0.08929203980925435,0.2580973336278685,3.146388703427984
11,355,0.5,2125201.869392283,-2.609139086849205,9.351099179491353,-7.284688676594882,-7.2846886765948815,8.881784197001252e-16,-0.1260071623505139,-4.7019011646108515,2.5265176943528056,5.1655750239680644,0.09039109518274167,0.2583526619437704,3.158471364184797
11,356,0.5,2734315.4715615585,-2.843298431609787,9.13479481467122,-7.410695838945396,-7.410695838945397,8.881784197001252e-16,0.13837435644028595,-4.790169276824112,2.6019957946273107,5.241053124242569,0.08938366124171729,0.2582987108431009,3.175918866843809
11,357,0.5,2073281.0631087827,-2.6008406049510278,9.342961755108165,-7.27232148250511,-7.27232148250511,0.0,-0.041118228241455945,-4.687823964579664,2.5299377062356325,5.168995035850892,0.09056716445006854,0.2574233694070155,3.1539163779202384
11,358,0.5,2250987.172947744,-2.647554356892553,9.33177070770803,-7.313439710746566,-7.313439710746568,1.7763568394002505e-15,0.10541582838911712,-4.719359172425788,2.5491037470262965,5.188161076641555,0.09086571162254205,0.25666633708972214,3.1561293449314354
11,359,0.5,1823097.917881234,-2.481806984280055,9.452433796154788,-7.208023882357449,-7.208023882357448,8.881784197001252e-16,0.0027612106157679506,-4.635554317118059,2.5058818008635213,5.144939130478781,0.09421086130328386,0.2553160475860802,3.1295067372087906
11,360,0.5,1813057.751761978,-2.487368061025757,9.435789221431852,-7.205262671741681,-7.205262671741683,1.7763568394002505e-15,0.038478223097548,-4.644941488393111,2.481585037081881,5.12064236669714,0.09506937542320856,0.25388954676296893,3.099661450645184
11,361,0.5,1678764.8913653465,-2.405537609050101,9.522493679188067,-7.166784448644133,-7.166784448644134,8.881784197001252e-16,-0.0366859391778096,-4.620691857544094,2.45312785258482,5.092185182200079,0.09648101711915281,0.25278577822274423,3.0766047525209763
11,362,0.5,1806570.3574528412,-2.4635808643897197,9.479779046864447,-7.203470387821943,-7.203470387821943,0.0,-0.004372093049670234,-4.660902267090772,2.4460789118470836,5.085136241462343,0.09711312735134313,0.25154744175190474,3.0550937482034075
11,363,0.5,1822436.6125080097,-2.4571242566874747,9.501436448368278,-7.207842480871613,-7.207842480871614,8.881784197001252e-16,-0.06126160939555625,-4.660935924509304,2.4547557831093627,5.093813112724621,0.09858263136310225,0.25106846468560756,3.0528913527630053
11,364,0.5,2059982.7779952537,-2.5035052822464556,9.531197616041426,-7.269104090267169,-7.269104090267168,8.881784197001252e-16,0.01095460324098152,-4.741842271104564,2.415466308709951,5.05452363832521,0.09550672670434027,0.24925718764523258,3.0252869268345264
11,365,0.5,2015341.0085412902,-2.4992113985672395,9.517876176917898,-7.258149487026188,-7.258149487026189,8.881784197001252e-16,-0.0043091660153598,-4.727062411338489,2.423116821760138,5.062174151375396,0.09791487673794572,0.24855791291910462,3.0166584136081305
11,366,0.5,2032784.9473648549,-2.498475700615347,9.527965904852401,-7.262458653041548,-7.262458653041548,0.0,0.003927560181087308,-4.738363738815045,2.4091324988377436,5.048189828453003,0.09840600896279318,0.24791831139216133,3.007243055339148
11,367,0.5,2016879.7274245163,-2.501446519032785,9.514169147655352,-7.25853109286046,-7.25853109286046,0.0,-0.017682003595761664,-4.737737602150773,2.4025296518041173,5.041586981419377,0.10128430922894895,0.2468274849585997,2.9931509769461444
11,368,0.5,2089480.8436402758,-2.5019259921504693,9.548574208611509,-7.276213096456222,-7.276213096456224,1.7763568394002505e-15,-0.1667563002371466,-4.7662914311669144,2.3807860009633544,5.019843330578612,0.10126409366806731,0.24510873211967785,2.9696176033088286
11,369,0.5,2916628.2361062486,-2.7278796573151456,9.430179478756449,-7.4429693966933685,-7.442969396693369,8.881784197001252e-16,0.04155406552623386,-4.934780119564052,2.377321224643378,5.016378554258637,0.0991754154855838,0.24337099646939184,2.9446722267640824
11,370,0.5,2684031.9002289125,-2.657726081316686,9.487378499700897,-7.401415331167135,-7.401415331167135,0.0,-0.09272512380767672,-4.901110193215833,2.3615529462873464,5.0006102759026065,0.09999348790385329,0.24209265946676864,2.927650229167496
11,371,0.5,3230931.0678123264,-2.80152508369245,9.385230742564723,-7.494140454974811,-7.494140454974811,0.0,0.002375936461754158,-4.983483045336626,2.3822574896611135,5.021314819276372,0.10058811325049445,0.2413393480411484,2.921821052984556
11,372,0.5,3215614.5139333103,-2.8083246698988744,9.366879697228368,-7.491764518513057,-7.491764518513058,8.881784197001252e-16,0.0648842305717574,-4.979412918562021,2.3856458702868104,5.02470319990207,0.1016249098219492,0.24064074883845266,2.9119476438599006
11,373,0.5,2824270.264895159,-2.702464432009674,9.448831711863253,-7.4268802879413,-7.4268802879413,0.0,-0.02972054873040708,-4.923476757804674,2.36774973065799,5.006807060273248,0.10451165151753027,0.2393778506303792,2.892054274861073
11,374,0.5,2997237.752582685,-2.781996382739983,9.34920890786345,-7.456600836671707,-7.456600836671708,8.881784197001252e-16,-0.01371660083942583,-4.922794235869589,2.428555871988974,5.067613201604232,0.10746775119996131,0.2389960315869429,2.901286867285695
11,375,0.5,3080599.796217609,-2.790372283449569,9.359890308123127,-7.470317437511133,-7.470317437511133,0.0,0.03446018828801023,-4.959331697342241,2.382914150722523,5.021971480337782,0.10757061495720086,0.2373032707402077,2.8738308803627546
11,376,0.5,2875434.923312664,-2.700429775317244,9.470854947811755,-7.4358572492231225,-7.435857249223122,8.881784197001252e-16,-0.07193721976292711,-4.954331642639588,2.3239938835518115,4.96305121316707,0.10786656465653856,0.2354647962656692,2.838700379349705
11,377,0.5,3320377.1637256434,-2.805634238049841,9.404320461872418,-7.50779446898605,-7.5077944689860505,8.881784197001252e-16,0.0356802033110144,-5.026508588466339,2.3235144314241616,4.962571761039421,0.11007925260315364,0.2341568055776189,2.820109189100335
11,378,0.5,3091690.329014809,-2.7373638086723635,9.469500914005344,-7.472114265675035,-7.472114265675035,0.0,0.008268590962279276,-5.008323931046862,2.288523339641087,4.927580669256345,0.11091092705686037,0.23257103461802414,2.7983132328266946
11,379,0.5,3040982.918039416,-2.7123698492603894,9.502951650904732,-7.463845674712756,-7.463845674712756,0.0,0.06171868808529801,-5.00439688343495,2.279840252940354,4.918897582555613,0.11226611954160887,0.23210817570640713,2.794075120558207
11,380,0.5,2687854.832108839,-2.635275766150441,9.533702440954034,-7.402126986627458,-7.402126986627458,0.0,-0.058695655897396115,-4.939091772198759,2.287013099242139,4.926070428857398,0.11532112472888664,0.2318327359539527,2.7920358178708073
11,381,0.5,3022652.409108862,-2.721690396139844,9.478264492770018,-7.460822642524854,-7.460822642524853,8.881784197001252e-16,0.04792772439217341,-4.9969678843203775,2.288652186793693,4.927709516408951,0.11405965634883769,0.23111285131232287,2.783445135879673
11,382,0.5,2746367.9088872755,-2.6559388798191867,9.513912076626983,-7.412894918132681,-7.412894918132679,1.7763568394002505e-15,-0.07085052239829892,-4.93383688653639,2.319058733577321,4.95811606319258,0.11695542978464922,0.23071325668191395,2.7865004122349077
11,383,0.5,3164453.34885596,-2.7739591176119456,9.419572645838068,-7.48374544053098,-7.48374544053098,0.0,-0.0891001425278084,-4.999946099751166,2.328541351944368,4.967598681559627,0.11503264809981965,0.23040006300819726,2.7851711372516657
11,384,0.5,3781726.3365037823,-2.886947199342015,9.371796767433546,-7.572845583058788,-7.572845583058788,0.0,0.01677013447162956,-5.1067056402327085,2.2932225560369015,4.93227988565216,0.11494217284970777,0.22852185789987797,2.7565660054150145
11,385,0.5,3656989.7605708465,-2.8674735914198566,9.377203714334605,-7.556075448587158,-7.556075448587159,8.881784197001252e-16,0.020316606152945837,-5.08764240362006,2.2978087603189365,4.9368660899341945,0.11670654148209739,0.227896312056796,2.7501087095736816
11,386,0.5,3511372.99235048,-2.8360585019073112,9.399400681053805,-7.535758842434213,-7.535758842434214,1.7763568394002505e-15,-0.03915186268966586,-5.072390764411355,2.287678826430455,4.926736156045714,0.11546062327735755,0.22739040723821377,2.7449411359692975
11,387,0.5,3797378.0900385007,-2.898319661190323,9.353182087867111,-7.574910705123878,-7.574910705123878,0.0,-0.03649823791706286,-5.119913455831131,2.270937168970235,4.909994498585493,0.11370509606099541,0.227021957213389,2.7380518340919004
11,388,0.5,4084941.175629594,-2.9550119567334607,9.31279397261496,-7.611408943040941,-7.61140894304094,8.881784197001252e-16,0.033849451321620094,-5.162894010527844,2.2579725354109383,4.897029865026197,0.11355184145175569,0.22602598564631265,2.7245884382632393
11,389,0.5,3817548.357967277,-2.908243652671234,9.338631678096178,-7.577559491719321,-7.577559491719323,1.7763568394002505e-15,-0.1498001157846609,-5.12577501098344,2.264511631856508,4.903568961471767,0.11343299543239681,0.22565622220109283,2.728038124004757
11,390,0.5,5151091.618871489,-3.124276808823576,9.20616559736081,-7.727359607503982,-7.727359607503981,8.881784197001252e-16,0.025497038976179276,-5.27737243088779,2.2609170236171217,4.8999743532323805,0.11392383573364433,0.22385500246651366,2.7027098199594133
11,391,0.5,4895001.483718085,-3.1000396545491644,9.203645827957278,-7.701862568527803,-7.701862568527803,0.0,-0.09976482520100483,-5.24303913126504,2.2785895449102678,4.917646874525526,0.11674553473942631,0.22285944796732504,2.6934972418151295
11,392,0.5,5975956.863372728,-3.2334532710622996,9.13634824533302,-7.801627393728808,-7.801627393728809,1.7763568394002505e-15,0.07549289649544288,-5.346067204885756,2.2720630480708444,4.911120377686103,0.11387234818204339,0.22207665531338316,2.683587035676449
11,393,0.5,5138485.758253152,-3.1356983020439335,9.180872390378866,-7.726134497233365,-7.7261344972333665,1.7763568394002505e-15,-0.16159257496672463,-5.289505692229177,2.2342002803931162,4.873257610008375,0.11754342521421601,0.22017562799237697,2.651333262069771
11,394,0.5,7098926.578110769,-3.3879237805881957,8.999606583223787,-7.887727072200089,-7.887727072200089,0.0,-0.1250031807011105,-5.437000663806481,2.2623954871719563,4.901452816787215,0.11632361180331435,0.21954237867149148,2.6434423909518534
11,395,0.5,9115260.143146059,-3.569781536524336,8.88589743275373,-8.0127302529012,-8.0127302529012,0.0,0.21699437507933084,-5.552429452125592,2.2815442719359553,4.920601601551213,0.11510326954843321,0.21884692581496734,2.6352498126923165
11,396,0.5,5905955.199366694,-3.2351561798142536,9.12115939601523,-7.795735877821869,-7.795735877821869,0.0,-0.12024115644423716,-5.368042896469838,2.216328633088804,4.855385962704063,0.11971696355142408,0.21769978670642678,2.612577018861234
11,397,0.5,7511562.578924696,-3.422173948239326,8.98760617205356,-7.915977034266106,-7.915977034266106,0.0,-0.03264253079968782,-5.478690700587078,2.2355153377427976,4.8745726673580565,0.11768315024523042,0.21683214233363318,2.6017564452224913
11,398,0.5,8018317.181892522,-3.456739463691404,8.983760202748778,-7.948619565065794,-7.948619565065793,8.881784197001252e-16,0.05244950824572481,-5.516788813303436,2.224604173909456,4.863661503524715,0.11831170738950034,0.21611546136392842,2.590770298973432
11,399,0.5,7219816.6343360515,-3.4103818067630205,8.971576500114097,-7.896170056820069,-7.896170056820068,8.881784197001252e-16,0.004902190929944261,-5.4545005265349795,2.244281730954917,4.883339060570177,0.11854876356450567,0.21541387108657353,2.5874667952394366
11,400,0.5,7149376.6695092,-3.397528424937498,8.987478881905256,-7.891267865890125,-7.891267865890126,8.881784197001252e-16,-0.09190314286097934,-5.465067218799591,2.2133439645658077,4.852401294181067,0.11838569268259425,0.21479592345347828,2.5754773964122792
11,401,0.5,8591999.327860113,-3.5212557701057916,8.923830477290625,-7.983171008751104,-7.983171008751104,0.0,-0.08346548077701588,-5.55356615384342,2.2201523802001106,4.85920970981537,0.11986252938890525,0.21361692621701037,2.561600659482228
11,402,0.5,10152930.886458281,-3.6420343662439834,8.849204246568275,-8.06663648952812,-8.066636489528122,1.7763568394002505e-15,-0.08797535487848585,-5.623361763259418,2.2474921229221443,4.886549452537404,0.12099102920116786,0.21359324647785982,2.5646548620566914
11,403,0.5,12106144.466353534,-3.794112967051391,8.720997754710433,-8.154611844406606,-8.154611844406608,1.7763568394002505e-15,-0.021550519505103338,-5.688883355196842,2.2923996488042677,4.931456978419527,0.12108629470453032,0.21327119323910648,2.564839088054321
11,404,0.5,12639339.970848233,-3.851920948088841,8.648482831645739,-8.17616236391171,-8.176162363911711,1.7763568394002505e-15,0.10229002715771429,-5.697503690656808,2.318260016894547,4.9573173465098055,0.12395138711869452,0.21259658702151935,2.5595631332919404
11,405,0.5,10300929.311094418,-3.698724769988714,8.750295133530564,-8.073872336753995,-8.073872336753997,1.7763568394002505e-15,0.013140098244544873,-5.62861947783248,2.2514483882277725,4.890505717843032,0.1219716588369977,0.21128573557007868,2.5341586680669153
11,406,0.5,10033745.069325913,-3.690652454317254,8.740159568384392,-8.06073223850945,-8.06073223850945,0.0,0.03442580605787349,-5.614431603586757,2.2535439402301276,4.892601269845386,0.12237794113915627,0.21084785765551334,2.5311488587528177
11,407,0.5,9366151.69462716,-3.6044590370292875,8.84369479084458,-8.026306432451577,-8.026306432451577,0.0,-0.0335684354095509,-5.608010195136434,2.1975351450150273,4.836592474630286,0.12240613216198741,0.20951180451592608,2.506536838441736
11,408,0.5,10016554.535167128,-3.659667221384315,8.800415292953627,-8.059874867861128,-8.05987486786113,1.7763568394002505e-15,0.037542116072259546,-5.630462628260159,2.2197671495866786,4.858824479201937,0.12520053427320493,0.2082036006076055,2.4933022757369288
11,409,0.5,9292010.506519593,-3.6041668099655118,8.836331883646714,-8.022332751788868,-8.02233275178887,1.7763568394002505e-15,-0.03043694964527255,-5.599585650413033,2.206436873136415,4.845494202751674,0.12449526868479903,0.2073451480298579,2.4803019724668927
11,410,0.5,9875222.52691081,-3.650482687349697,8.804574028168883,-8.05276970143414,-8.052769701434139,1.7763568394002505e-15,0.07559420944371364,-5.633152418993854,2.2001772352653117,4.83923456488057,0.12427883201662732,0.20638551997593602,2.467230901658884
11,411,0.5,8489587.614152085,-3.518737191098471,8.91687660178391,-7.977175491990427,-7.977175491990426,8.881784197001252e-16,0.007207819015643047,-5.575928758791619,2.163436136782358,4.802493466397617,0.12655873386702068,0.20529967143118938,2.4521993369288313
11,412,0.5,8368082.681794166,-3.4883403295365034,8.96325468687656,-7.969967672974784,-7.969967672974784,0.0,0.13476958936016192,-5.58895906466862,2.122959886997069,4.762017216612327,0.1272885390172612,0.20407387159210397,2.4329355039250227
11,413,0.5,6390967.141376783,-3.2988716832970533,9.072652800635142,-7.835198083614622,-7.835198083614625,2.6645352591003757e-15,-0.09837537429206034,-5.467973015920637,2.095392805772715,4.7344501353879735,0.1292619003611278,0.20376561053597445,2.429263619833892
11,414,0.5,7780622.577854292,-3.4378661081322317,8.991414699548901,-7.933573457906682,-7.933573457906682,0.0,0.05111900184709217,-5.562388159615717,2.10331326696667,4.742370596581929,0.1275598288640473,0.20284095166786587,2.4197719630949175
11,415,0.5,7024460.071769049,-3.3630459022424817,9.03881710763422,-7.88245445605959,-7.882454456059591,8.881784197001252e-16,-0.11186112558631667,-5.503007377380112,2.119836827743698,4.758894157358957,0.12986429700816352,0.20250927764079013,2.421892459204069
11,416,0.5,8785657.877835136,-3.5323967318618608,8.923837699568091,-7.994315581645907,-7.994315581645907,0.0,-0.12757979464787006,-5.597479202931388,2.1546154278137797,4.793672757429038,0.12873295723332637,0.2019471175301927,2.4219008240059408
11,417,0.5,11339363.802157156,-3.710755650502314,8.822279451582926,-8.121895376293777,-8.121895376293777,0.0,0.013861737836856847,-5.7304988133150445,2.143735796342205,4.782793125957464,0.1305111598122883,0.2002144354529225,2.392655610245542
11,418,0.5,11029314.90037369,-3.678986130462281,8.85809501598928,-8.10803363845692,-8.10803363845692,0.0,0.0498433298790264,-5.733506605650544,2.109996735997494,4.749054065612753,0.13151010356267248,0.19953374899868895,2.3798244836361797
11,419,0.5,9982864.360275498,-3.6147302695313495,8.88692007809309,-8.058190308577894,-8.058190308577894,0.0,-0.11217463221353441,-5.676412958240662,2.124497371059204,4.7635547006744625,0.1356896340229774,0.19913802266091749,2.3770496801016097
11,420,0.5,12493635.112401135,-3.7734891509212147,8.793751579740425,-8.170364940791428,-8.170364940791426,1.7763568394002505e-15,0.12567633315532412,-5.78230416338651,2.137064225194576,4.776121554809835,0.1355698073740199,0.1982352037357726,2.366576657403033
11,421,0.5,9716900.191867385,-3.60233499408234,8.88470722710753,-8.044688607636104,-8.044688607636104,0.0,0.04798944043991327,-5.670291658120925,2.1097365694151007,4.7487938990303595,0.1385919687791286,0.19688749139585,2.3464035143768993
11,422,0.5,8827640.602076728,-3.5267767072601908,8.939844919872,-7.996699167196191,-7.996699167196191,0.0,0.026681234378602703,-5.644657656883261,2.0650256910106024,4.704083020625862,0.1371894534564392,0.1961295158353121,2.332554337560409
11,423,0.5,8368923.88111233,-3.4817851611390065,8.976465543357165,-7.970017932817588,-7.970017932817589,8.881784197001252e-16,-0.05213506172617688,-5.628199739823451,2.0445790563730166,4.683636385988275,0.1376450120471529,0.19540449213038022,2.322094224656543
11,424,0.5,9288670.49452667,-3.5617570065998336,8.920791975887862,-8.022152994543765,-8.022152994543765,0.0,-0.006934736884312898,-5.664384357608151,2.0764799442559694,4.715537273871228,0.1386728778663523,0.19487273923958442,2.3211025308194926
11,425,0.5,9418397.00598559,-3.554440055648365,8.949295351559424,-8.029087731428078,-8.029087731428078,0.0,0.010041552975703638,-5.688283183852889,2.0425517655351193,4.681609095150378,0.1411371392161483,0.1940065582306637,2.303724193911918
11,426,0.5,9231133.055969475,-3.546306858697233,8.945478639510286,-8.019046178452374,-8.019046178452376,1.7763568394002505e-15,-0.0925003578661201,-5.669928127098579,2.0591787730923317,4.6982361027075905,0.14538388563690016,0.19356736938354885,2.301613530117675
11,427,0.5,11107077.46590539,-3.6712402369522987,8.880612598732393,-8.111546536318494,-8.111546536318496,1.7763568394002505e-15,-0.059385718693675926,-5.7668979209247,2.0502399011723322,4.689297230787592,0.14060739495549157,0.1928939221999398,2.2947204990050785
11,428,0.5,12507818.791218238,-3.756615546478352,8.828633417067635,-8.17093225501217,-8.17093225501217,0.0,0.09791542164476041,-5.828306044789834,2.0461950908294138,4.685252420444674,0.1392868612146675,0.19208261491671264,2.282225290077109
11,429,0.5,10283319.42089004,-3.6173114189876427,8.911410828759532,-8.07301683336741,-8.073016833367408,1.7763568394002505e-15,-0.06760551211624843,-5.746786098279416,2.0134041405607306,4.6524614701759885,0.14428472406861806,0.19120522641804163,2.268311702258061
11,430,0.5,11772121.283206487,-3.712444374323433,8.85635594232045,-8.140622345483658,-8.140622345483658,0.0,0.02316023304894088,-5.814368989634197,2.0134493820836656,4.6525067116989245,0.14353032961317005,0.19080298154695147,2.2626949234068783
11,431,0.5,11239267.428095175,-3.6911664634260113,8.852591298017414,-8.117462112434717,-8.117462112434719,1.7763568394002505e-15,-0.010520626016017331,-5.7872266995452835,2.0214134961636097,4.6604708257788685,0.1461240628984173,0.19080400108436757,2.26530708458709
11,432,0.5,11478261.23365597,-3.7197355987386884,8.816494279424091,-8.127982738450735,-8.127982738450735,0.0,0.056127973340244,-5.791248123121444,2.034411901043322,4.673469230658581,0.14633889139683542,0.19029423638824103,2.262874184554362
11,433,0.5,10259447.334479986,-3.6188955857617193,8.905918358697544,-8.07185476511049,-8.07185476511049,0.0,-0.05997683398466158,-5.759583143204791,1.9854859141961423,4.6245432438114005,0.14667485498735588,0.1886989831473331,2.234428699208212
11,434,0.5,11566958.635472944,-3.7141525073297244,8.83535818353086,-8.131831599095152,-8.131831599095154,1.7763568394002505e-15,-0.13414723385637473,-5.819079720475137,1.9864464276247777,4.625503757240037,0.14566289366829668,0.18868197477470994,2.2329435940050835
11,435,0.5,15126483.896117775,-3.9124529738948075,8.707051718113437,-8.265978832951527,-8.265978832951525,1.7763568394002505e-15,0.09190472006823569,-5.933923385689558,2.0250535649086854,4.664110894523944,0.1467215011623698,0.1884223668646784,2.23692956770173
11,436,0.5,12586661.82323165,-3.78976677319441,8.768614679377759,-8.174074112883291,-8.17407411288329,1.7763568394002505e-15,0.06655534295069465,-5.851239524894802,2.006611846361721,4.6456691759769795,0.14844921012360496,0.18759616230257384,2.222287987915617
11,437,0.5,11017963.45170627,-3.7275377942299364,8.759961951405321,-8.107518769932597,-8.107518769932597,0.0,0.0014801778601469806,-5.775663864560468,2.0246524811289985,4.663709810744257,0.15575375081949464,0.1872807671822537,2.220575487359023
11,438,0.5,10985394.592066323,-3.711338321913029,8.78940054031884,-8.10603859207245,-8.10603859207245,0.0,0.00598442976444602,-5.798264066084225,1.9764917223611935,4.615549051976452,0.15252963596312435,0.1859749478151716,2.1962967423570343
11,439,0.5,10854695.666120935,-3.693048656312998,8.814011011990017,-8.100054162308004,-8.100054162308005,1.7763568394002505e-15,-0.14800891509807457,-5.795549102971052,1.9699527890586448,4.609010118673903,0.15326777251719872,0.18539508028269078,2.189174771946668
11,440,0.5,14594074.597486636,-3.8918170699647234,8.71249201488271,-8.248063077406078,-8.248063077406078,0.0,0.1046970157846907,-5.934471133267307,1.9881265586622816,4.627183888277541,0.15257368965699175,0.18517054747918485,2.189556281741359
11,441,0.5,11836897.56667616,-3.7620741125176016,8.762583898207575,-8.143366061621387,-8.14336606162139,1.7763568394002505e-15,-0.07857052779526619,-5.8294644746126,1.988745844402319,4.627803174017577,0.15930261452511535,0.18460897114764746,2.1848348909054947
11,442,0.5,13851071.8685387,-3.872127399099899,8.699618380633506,-8.221936589416654,-8.221936589416652,1.7763568394002505e-15,0.047592502537316506,-5.895578998704905,2.0136578518082398,4.652715181423498,0.1639198144476742,0.18363490245538902,2.1762838807318725
11,443,0.5,12593459.80112235,-3.79959311887781,8.749501936003055,-8.174344086879337,-8.174344086879337,0.0,-0.04643731740402046,-5.85302733216413,2.003576179815157,4.642633509430415,0.16693629302498064,0.1829605383435785,2.1692076347082323
11,444,0.5,13819107.702680614,-3.8412088847706043,8.759145039025503,-8.220781404283358,-8.220781404283356,1.7763568394002505e-15,-0.07930541622449816,-5.9154269694709125,1.9716515400096297,4.610708869624888,0.163239390590799,0.18186220136923884,2.152129542602874
11,445,0.5,16194360.802898291,-3.94424829507273,8.711677050870252,-8.300086820507856,-8.300086820507856,0.0,-0.0039516245263175875,-6.003477893244841,1.954160524910769,4.593217854526029,0.15980103693614964,0.1806900355222308,2.1336913990567887
11,446,0.5,16322855.965376362,-3.951270439908305,8.705536010251738,-8.304038445034173,-8.304038445034173,0.0,0.022886877760027957,-6.0015996926730155,1.9658201751070574,4.6048775047223165,0.15889660345083528,0.17975116511090103,2.1250962952997803
11,447,0.5,15592539.716734525,-3.90762347683701,8.74705618087427,-8.281151567274145,-8.281151567274145,0.0,-0.02552738029925372,-5.985200047365008,1.9528457102030157,4.591903039818275,0.16209809590030777,0.1793148127219123,2.1199100419228367
11,448,0.5,16409285.066015635,-3.939409753824363,8.734538387498073,-8.306678947573399,-8.306678947573399,0.0,-0.039105805651711734,-6.002469488256382,1.969361589018776,4.608418918634035,0.1649600592334339,0.17887147502483042,2.1175311406475386
11,449,0.5,17744204.37440307,-4.0022528290492225,8.687063848351775,-8.34578475322511,-8.34578475322511,0.0,-0.007764342631533694,-6.03941889118299,1.9736743944689834,4.612731724084242,0.1664309480068956,0.17825506603393915,2.1102960363180427
11,450,0.5,18021899.075932242,-4.017085073902963,8.672928043907362,-8.353549095856645,-8.353549095856643,1.7763568394002505e-15,-0.031928469766638656,-6.0648957618652375,1.9382493383675563,4.577306667982815,0.16357936761362465,0.17726093097630688,2.0908014807776185
11,451,0.5,19210261.19057575,-4.058397040024942,8.654161051196688,-8.385477565623283,-8.385477565623287,3.552713678800501e-15,0.025142427506292364,-6.101268304683576,1.9293611922641547,4.568418521879414,0.16485150588262656,0.17615683843135857,2.0758729331528305
11,452,0.5,18268161.178305995,-4.054641514766156,8.611387246701666,-8.36033513811699,-8.360335138116989,1.7763568394002505e-15,0.004812095513331727,-6.074571058064195,1.9324708304903315,4.571528160105592,0.16484641402429748,0.1764065657288206,2.0778609273251223
11,453,0.5,18093188.242470667,-4.025256780764706,8.660532523677906,-8.355523042603659,-8.355523042603659,0.0,0.06117655016884349,-6.08232781822136,1.9073331191493421,4.5463904487646,0.16519717073408705,0.17525281658457698,2.0620423199725493
11,454,0.5,16009502.09508918,-3.957823294209554,8.67304639645052,-8.294346492434816,-8.294346492434814,1.7763568394002505e-15,0.09149455252159733,-6.022132316488828,1.905371022276716,4.544428351891976,0.16823654017343143,0.17425435557460636,2.049378736687047
11,455,0.5,13332348.788569426,-3.8658343329919007,8.674035213842636,-8.202851939913218,-8.202851939913218,0.0,0.025063463351111537,-5.91326392033758,1.9401187095360157,4.5791760391512755,0.17550793791365824,0.17492192180012403,2.0628403348615474
11,456,0.5,12680512.8675646,-3.818145011741638,8.719286929640939,-8.177788476562107,-8.177788476562107,0.0,-0.12820502162275105,-5.898935159384757,1.9186493047394406,4.5577066343547,0.174123025411071,0.17443765387770868,2.0562758900049576
11,457,0.5,16386805.00964737,-3.9809505860950476,8.650085824179621,-8.305993498184858,-8.305993498184858,0.0,0.023930572258404226,-6.0319173352716815,1.909094996211093,4.548152325826351,0.1714332997367978,0.1731063605332542,2.0370544989599235
11,458,0.5,15620986.425977988,-3.9373022147432497,8.689521422366406,-8.282062925926454,-8.282062925926454,0.0,0.05746728247890687,-6.012573066709369,1.8999223888189092,4.538979718434168,0.16946066706582957,0.17280933454547692,2.0352966355182667
11,459,0.5,13924929.583088836,-3.8609591782762394,8.727272930342616,-8.224595643447547,-8.224595643447547,0.0,-0.06189570512814768,-5.955562079246868,1.899009798786096,4.538067128401354,0.1716282305267934,0.17252452572781235,2.0328360939994137
11,460,0.5,15759953.58304469,-3.9551543262978752,8.662674044555636,-8.286491348575694,-8.286491348575694,0.0,-0.020963685562199075,-6.0144111400641105,1.9051030874079107,4.5441604170231695,0.16990260780050453,0.17202235488107306,2.0260317871032183
11,461,0.5,16434774.894556884,-4.001770547019768,8.611368974236255,-8.307455034137893,-8.307455034137895,1.7763568394002505e-15,-0.07989681357117995,-6.026031501849279,1.923789734961972,4.562847064577231,0.16947782887696985,0.17157030387055935,2.021865445680081
11,462,0.5,19282407.22493983,-4.11887376254237,8.536956170333408,-8.387351847709073,-8.387351847709073,0.0,0.07236667018100285,-6.098745391149616,1.938155583503653,4.577212913118912,0.16746109589018385,0.17123826607165285,2.0174705275316356
11,463,0.5,16684160.513484726,-4.006975762333618,8.616018830388905,-8.31498517752807,-8.31498517752807,0.0,-0.06465629557158614,-6.031696143446948,1.9275207385469852,4.566578068162244,0.17080732920936664,0.17039380066969265,2.0086665320501025
11,464,0.5,18987338.992628578,-4.092455232662741,8.574372480873832,-8.379641473099657,-8.379641473099657,0.0,-0.03774555190644335,-6.096766340859074,1.9266929348659065,4.565750264481165,0.17190807077062678,0.1689027729995949,1.9885671282566764
11,465,0.5,20476205.24124385,-4.119603942284378,8.595566165443445,-8.4173870250061,-8.4173870250061,0.0,-0.08601691591004013,-6.161114573072579,1.8734875742517842,4.512544903867043,0.17001027202714616,0.16802090915434492,1.9703736188491212
11,466,0.5,24319957.84788394,-4.225237235578945,8.556333410674391,-8.50340394091614,-8.50340394091614,0.0,-0.04095174214289976,-6.244745364247263,1.8782598237224997,4.517317153337758,0.1692927227411617,0.16745767131530992,1.965806246556993
11,467,0.5,26395691.81880197,-4.288684057571271,8.51134325097554,-8.54435568305904,-8.544355683059042,1.7763568394002505e-15,-0.023734184548683146,-6.294859794351282,1.859934447800258,4.498991777415518,0.16674140020085934,0.16728882050685906,1.9592931627282741
11,468,0.5,27678866.430379115,-4.315410331457375,8.505359072300699,-8.568089867607723,-8.568089867607725,1.7763568394002505e-15,0.009318441907288033,-6.310430899668453,1.8762606062632814,4.515317935878541,0.17401544084658463,0.16608732292933634,1.948186646277365
11,469,0.5,27167795.78726998,-4.322693618462809,8.472155614475254,-8.558771425700435,-8.558771425700435,0.0,-0.08742763927929253,-6.291331240052302,1.8958230416810071,4.534880371296266,0.17624627181726193,0.16589024624131973,1.9465355779976328
11,470,0.5,32358850.586900048,-4.482434508295945,8.327529113367566,-8.646199064979728,-8.64619906497973,1.7763568394002505e-15,-0.1799428299149728,-6.356795740525219,1.9397493192937598,4.578806648909017,0.1763693592002711,0.16656900902529412,1.957525762567027
11,471,0.5,46375589.47161922,-4.741888907257232,8.168505975274936,-8.8261418948947,-8.8261418948947,0.0,-0.15490091106860504,-6.497028356892476,2.0191697463891924,4.658227076004451,0.17278736041482093,0.16680016801548064,1.9685027748115769
11,472,0.5,63217113.89427486,-4.963294675068385,8.035496261789843,-8.981042805963305,-8.981042805963305,0.0,-0.16869244499018876,-6.640973392018304,2.041081498274745,4.680138827890005,0.17303006656885128,0.1657046823221793,1.9541293384233633
11,473,0.5,88584769.75816771,-5.217351445689998,7.864767610526991,-9.149735250953494,-9.149735250953494,0.0,0.14845470867277122,-6.761412118270553,2.137588935750627,4.776646265365885,0.174194481845815,0.16643687592986842,1.9718694350582833
11,474,0.5,65828345.39147179,-4.990378825905718,8.02180343275001,-9.001280542280723,-9.001280542280723,0.0,0.08208847317170864,-6.652911718830402,2.0576803172853815,4.696737646900641,0.1733149592648421,0.1648467091650849,1.9449903843504814
11,475,0.5,55861397.619977444,-4.861366585602242,8.115650967013549,-8.919192069109014,-8.919192069109016,1.7763568394002505e-15,0.12043472369521524,-6.6128275766800595,1.9736716552426559,4.612728984857915,0.17412343372843578,0.16333743287140412,1.920516007149265
11,476,0.5,43903942.95819986,-4.65003869264228,8.29743730554304,-8.798757345413799,-8.7987573454138,1.7763568394002505e-15,0.038772159425299435,-6.536710303216171,1.8850367547799987,4.524094084395257,0.17413580389506328,0.1617098888092476,1.894432230308663
11,477,0.5,40628094.66072856,-4.588064609093982,8.343841153789041,-8.7599851859885,-8.759985185988501,1.7763568394002505e-15,-0.03683364521264032,-6.512397570079033,1.8561179022036736,4.495175231818932,0.1749821045910979,0.16060627765198532,1.8789751003384176
11,478,0.5,43734055.665102504,-4.669865757661758,8.25390614707876,-8.79681883120114,-8.796818831201138,1.7763568394002505e-15,0.004678003740476555,-6.53981535314944,1.874949626488143,4.514006956103401,0.1789228369461564,0.1605388351024419,1.8798926321536256
11,479,0.5,43326787.6851029,-4.6451070184811805,8.294067617958964,-8.792140827460663,-8.792140827460663,0.0,-0.08005817010320193,-6.544888441538407,1.8554474422292506,4.49450477184451,0.17802775754040578,0.15967800239480054,1.8670446590844672
11,480,0.5,50850371.952273265,-4.747101532532888,8.250194930061955,-8.872198997563865,-8.872198997563865,0.0,-0.09674681885183922,-6.619432340618134,1.8664759842762,4.505533313891459,0.17634768926960318,0.1589547307422296,1.8610046561293399
11,481,0.5,61705994.07321169,-4.892446868729515,8.152997895372376,-8.968945816415705,-8.968945816415703,1.7763568394002505e-15,0.06293470238291654,-6.687927638786016,1.9229790256441177,4.562036355259376,0.17371818107357548,0.15951700637018357,1.87228897184425
11,482,0.5,54408025.475353025,-4.771232918794018,8.269556390477542,-8.906011114032788,-8.90601111403279,1.7763568394002505e-15,0.0096076174579931,-6.672315408897395,1.828334080655527,4.467391410270787,0.17906043606671926,0.1579534813944106,1.84836606483608
11,483,0.5,53372542.865658924,-4.762713252257844,8.267380488633906,-8.896403496574795,-8.896403496574797,1.7763568394002505e-15,0.039410867585560894,-6.671938404387538,1.8098728547592557,4.448930184374515,0.18162127754511692,0.15737503109504347,1.8407455264623052
11,484,0.5,49327152.98979121,-4.69745476682159,8.319075724335287,-8.856992628989234,-8.856992628989232,1.7763568394002505e-15,-0.10986919072558088,-6.645080209258599,1.7847675098460105,4.423824839461269,0.1824052014976481,0.15624745038420024,1.8223535510297029
11,485,0.5,61449339.13665966,-4.852905209922336,8.227913219584956,-8.966861819714815,-8.966861819714815,0.0,0.18067919770528285,-6.72487530449734,1.8449157008196901,4.4839730304349485,0.185098837123155,0.15598538340901064,1.8243562192950091
11,486,0.5,42813551.91743265,-4.612067979991957,8.34822928403515,-8.786182622009532,-8.786182622009532,0.0,-0.014923664165337414,-6.571387241698733,1.7905334310063432,4.429590760621602,0.18394364478612393,0.1560287237211617,1.818924238542142
11,487,0.5,44110683.722147554,-4.631914876772315,8.338382818805108,-8.80110628617487,-8.80110628617487,0.0,0.08531519070364624,-6.587453301009981,1.7882486407145153,4.427305970329774,0.18318092969254088,0.1558561229923645,1.818852023891799
11,488,0.5,37191179.872997686,-4.514217445247631,8.403147300447184,-8.715791095471223,-8.715791095471223,0.0,-0.07950438491763023,-6.519246422841837,1.7540320156435143,4.393089345258773,0.18448560665809968,0.1548341101893262,1.80222818745636
11,489,0.5,43601013.81897498,-4.63904475226184,8.31250145625403,-8.795295480388853,-8.795295480388855,1.7763568394002505e-15,-0.046982082559393845,-6.577635007832826,1.7962636154967966,4.435320945112054,0.1832303121817902,0.15436612572340283,1.8001668281821108
11,490,0.5,47896602.262898415,-4.678958104590074,8.326638916716346,-8.842277562948247,-8.842277562948247,0.0,-0.04637886836325933,-6.631304392194772,1.78288901189169,4.421946341506948,0.1872407253233891,0.15280007178811128,1.779638229120383
11,491,0.5,52551955.28187046,-4.747681319654611,8.281950223313792,-8.888656431311507,-8.888656431311507,0.0,-0.08332451536283081,-6.668265536276809,1.8017244604541365,4.440781790069396,0.18838777929046643,0.15238470807015503,1.775076738097921
11,492,0.5,62081704.70975102,-4.876363785859887,8.1912343216289,-8.971980946674337,-8.971980946674336,1.7763568394002505e-15,0.031852745899808355,-6.736565623971275,1.831773315790865,4.4708306454061235,0.18892155825450477,0.1521544611215538,1.7741592606707723
11,493,0.5,58250102.00393463,-4.824882155159506,8.23049209123005,-8.940128200774529,-8.94012820077453,1.7763568394002505e-15,-0.02052490588335054,-6.709113379527216,1.8229723128793676,4.462029642494627,0.18899102783763,0.1516888923167102,1.7683867285183228
11,494,0.5,60691014.472399436,-4.85458175392614,8.21214270546348,-8.96065310665788,-8.96065310665788,0.0,-0.0555477444532233,-6.717272974469945,1.8477029347606078,4.486760264375866,0.19088099285328933,0.1513426420412281,1.7669261415030206
11,495,0.5,67822306.43196675,-4.914379059479447,8.203643583263311,-9.016200851111103,-9.016200851111103,0.0,0.04921071148064726,-6.792520081266503,1.8083042100739413,4.447361539689199,0.19054181802181067,0.150412418318226,1.751520308370148
11,496,0.5,61465111.508510865,-4.855905749300081,8.222168780660748,-8.966990139630456,-8.966990139630454,1.7763568394002505e-15,0.05076271668368548,-6.744838526551271,1.8052458965431097,4.44430322615837,0.1904526828663402,0.14985576984797944,1.744680453405945
11,497,0.5,55531159.07178084,-4.786699874789241,8.259055096315063,-8.91622742294677,-8.916227422946772,1.7763568394002505e-15,0.031370424722080514,-6.7033100227999824,1.7867774706783168,4.425834800293576,0.19464131209862662,0.14905118581891585,1.7339212994817608
11,498,0.5,52154133.41834759,-4.748103009207962,8.273507978033452,-8.88485699822469,-8.884856998224688,1.7763568394002505e-15,-0.037537151006914016,-6.673404624987938,1.783847416858244,4.422904746473503,0.192917823310119,0.1492698969904223,1.7357119350028694
11,499,0.5,56220290.94040795,-4.801170490001395,8.242447318460417,-8.922394149231604,-8.922394149231604,0.0,0.0052816132359172485,-6.72712128880912,1.7514883912297101,4.390545720844969,0.1904144419033025,0.14878251722358818,1.726413409929759
11,500,0.5,55629548.83918603,-4.811707627262808,8.210809817465755,-8.917112535995686,-8.917112535995685,1.7763568394002505e-15,,-6.709946284398543,1.775275173579027,4.414332503194286,0.18755232633568733,0.1487672515798408,1.7283349569249176
