seed,epoch,temperature,Z,E,S,F,F_check,err,delta_F,F_data,KL,NLL,data_mass,recon_sq,recon_ce
9,1,0.5,293247.9119630148,-0.08305871872107465,12.422656208717498,-6.294386823079823,-6.294386823079824,8.881784197001252e-16,0.13401589719005802,-3.160552142334236,3.6286120318759165,6.267669361491177,0.02704007588853836,0.4986272852976082,6.25509225113896
9,2,0.5,224300.47804464644,0.054090857079069465,12.42892356593767,-6.160370925889765,-6.160370925889765,0.0,-0.024412803748027123,-3.034628431915545,3.6124276583331807,6.25148498794844,0.02750224260220369,0.4984188072643223,6.2371790343298965
9,3,0.5,235523.84954767153,0.030586746951990547,12.430740953179566,-6.184783729637792,-6.184783729637792,0.0,-0.09906759997246883,-3.059409457619584,3.6116912144211573,6.2507485440364166,0.027355097034063247,0.4984345723407588,6.236577185868663
9,4,0.5,287133.5332604621,-0.06711871395564985,12.43346523130922,-6.283851329610261,-6.28385132961026,8.881784197001252e-16,-0.11964553157396818,-3.1578522686941426,3.612940792216979,6.251998121832238,0.027010484937937087,0.49861922176222256,6.239502103656536
9,5,0.5,364759.5769956813,-0.18941768414576493,12.428158354076931,-6.403496861184229,-6.40349686118423,8.881784197001252e-16,0.042223522123141066,-3.274475531040411,3.6189853306723774,6.258042660287637,0.027728049505503862,0.4985823236265946,6.245168726098135
9,6,0.5,335221.4637215234,-0.14718340492415416,12.428179868273867,-6.361273339061088,-6.361273339061087,8.881784197001252e-16,-0.04294407980878567,-3.233186374200507,3.6171166001059056,6.2561739297211645,0.027559641323123146,0.4985161508482452,6.242733758308153
9,7,0.5,365285.61657973926,-0.1920873908168045,12.424260056106139,-6.404217418869874,-6.404217418869874,0.0,0.046879839768269704,-3.2729857487944103,3.6234060105356685,6.262463340150927,0.02738712401904871,0.4985037893646346,6.2488577037316135
9,8,0.5,332593.11939611426,-0.14885217812169468,12.41697080195982,-6.357337579101604,-6.357337579101605,8.881784197001252e-16,0.08330938095265061,-3.2232445579338056,3.629128712720338,6.268186042335597,0.02711559483805074,0.4984056540349491,6.253622929633244
9,9,0.5,281547.48453518044,-0.06429666111830407,12.4194630740613,-6.274028198148954,-6.274028198148954,0.0,0.0652585150284084,-3.1448848698842355,3.619229326914176,6.258286656529434,0.026980124449363835,0.4983613556547316,6.243427727976484
9,10,0.5,247097.76975079544,0.0034915873200940346,12.42452254088128,-6.208769683120545,-6.208769683120546,8.881784197001252e-16,-0.038665130222945265,-3.0846437637389603,3.6091945091479114,6.24825183876317,0.027302310659059918,0.4982191184202083,6.232182289791333
9,11,0.5,266964.14145247405,-0.0453299205043767,12.404209785678226,-6.2474348133434905,-6.24743481334349,8.881784197001252e-16,0.02938399200557562,-3.114346489714261,3.6271193176431997,6.266176647258459,0.027345936523929425,0.4981082669335453,6.248894358922523
9,12,0.5,251727.3012532861,-0.02178163169071381,12.3925383792944,-6.218050821337915,-6.218050821337914,8.881784197001252e-16,-0.04164035043703063,-3.081346419856536,3.634351473347498,6.2734088029627575,0.027782280262243962,0.4978802285188769,6.2539028311052975
9,13,0.5,273589.0230651817,-0.06949812672379858,12.380386090102295,-6.2596911717749455,-6.259691171774946,8.881784197001252e-16,-0.1947491108281909,-3.1160139414267998,3.6482971310810335,6.287354460696292,0.027055221778000706,0.49798845538408715,6.26866195953817
9,14,0.5,403883.02187701233,-0.2742440368329393,12.360392491540395,-6.454440282603136,-6.454440282603137,8.881784197001252e-16,0.021726292050566087,-3.2999300716784186,3.6699630922341755,6.309020421849433,0.02719401757581645,0.49809092929156223,6.290973439756768
9,15,0.5,386709.0889140314,-0.23284350713765567,12.399740966829828,-6.43271399055257,-6.432713990552569,8.881784197001252e-16,-0.04857544359862587,-3.2965091514421556,3.63335234860557,6.27240967822083,0.02730316313357442,0.49822186237237276,6.256138845210463
9,16,0.5,426163.7189916048,-0.28321109633464814,12.396156675633097,-6.481289434151196,-6.481289434151197,8.881784197001252e-16,-0.15504520937333854,-3.343536021782959,3.636449495121216,6.275506824736475,0.027589063154644943,0.4981200170654977,6.258306898594912
9,17,0.5,581094.8566984527,-0.4596238757331076,12.353421535582857,-6.636334643524535,-6.6363346435245365,1.7763568394002505e-15,0.005721694154117607,-3.4798783985515045,3.673855160330803,6.3129124899460605,0.028018732950781295,0.497922216005993,6.293411480539868
9,18,0.5,574483.0654085459,-0.455284641520301,12.350656615700231,-6.630612949370417,-6.630612949370416,8.881784197001252e-16,0.07695372381227639,-3.4727913331032645,3.6765859029190446,6.315643232534305,0.02769328205053032,0.49791820211420623,6.2961555629726655
9,19,0.5,492533.84158722544,-0.3745346175192724,12.358249216077736,-6.553659225558141,-6.553659225558141,0.0,0.13247846687491016,-3.3990556510184695,3.670149819464083,6.3092071490793415,0.027636607897701525,0.49779995118398435,6.2886903544586366
9,20,0.5,377891.1678353269,-0.23320682828627318,12.375947860793913,-6.421180758683231,-6.42118075868323,8.881784197001252e-16,-0.13542708600102848,-3.2761369950179713,3.6510301977152593,6.290087527330519,0.027253574968173617,0.49773486560418717,6.269275190767566
9,21,0.5,495447.01238678314,-0.3788477802109025,12.355520128946715,-6.556607844684259,-6.55660784468426,8.881784197001252e-16,-0.03695652937464633,-3.4020829909797357,3.669992377793789,6.309049707409046,0.027123231884487255,0.497824302497167,6.288856834131311
9,22,0.5,533454.3334977179,-0.4286474816687604,12.329833784780288,-6.593564374058905,-6.5935643740589045,8.881784197001252e-16,-0.0074012803051228815,-3.4274279041599756,3.6932156101825995,6.332272939797859,0.027628994095849242,0.4975270960826538,6.308956279022124
9,23,0.5,541409.5571834347,-0.4311123329471875,12.339706642833683,-6.600965654364028,-6.600965654364029,8.881784197001252e-16,0.04703160104852344,-3.4406990454411073,3.6814758882305836,6.320533217845843,0.028021673150768818,0.49745991366434983,6.296830245113648
9,24,0.5,492804.63994553185,-0.3930849707806362,12.321698165069737,-6.553934053315505,-6.553934053315505,0.0,0.09131231297883602,-3.38391755125324,3.700975674509272,6.34003300412453,0.027897491067328955,0.4972233791857149,6.313679217501132
9,25,0.5,410546.09057118377,-0.29945896592130516,12.326325548830727,-6.462621740336669,-6.462621740336669,0.0,0.2062231886701733,-3.2952689638648676,3.6956482233283445,6.334705552943603,0.02718204337156273,0.4972708981084327,6.308861776319362
9,26,0.5,271793.2927746282,-0.07940666749347115,12.353983768346048,-6.2563985516664955,-6.256398551666495,8.881784197001252e-16,0.011442957621056848,-3.1058336452895188,3.662072483138696,6.301129812753956,0.026915732469913363,0.4971790531848763,6.2748241793343675
9,27,0.5,265643.69253754325,-0.05127151354739209,12.387368160996092,-6.244955594045439,-6.244955594045438,8.881784197001252e-16,0.017260063597675845,-3.1131432144713966,3.6245674295328234,6.263624759148082,0.02744367688688405,0.4972357362596302,6.238548962273098
9,28,0.5,256630.10857547424,-0.03128540337089254,12.392820254153738,-6.227695530447763,-6.227695530447762,8.881784197001252e-16,-0.05427541508273581,-3.100895303813392,3.61454312365348,6.2536004532687395,0.027387692529353108,0.49719337041693495,6.22822433242967
9,29,0.5,286055.7185869255,-0.08520188628037902,12.39353811850024,-6.281970945530499,-6.2819709455304995,8.881784197001252e-16,0.12831567315999504,-3.154798135962342,3.615288289521053,6.254345619136311,0.02784058523083622,0.49707988217358295,6.227899603613213
9,30,0.5,221307.97108227632,0.03354431102396036,12.374399166788928,-6.153655272370504,-6.153655272370504,0.0,0.0014333635215857399,-3.0210968042740936,3.6260596065775617,6.26511693619282,0.02814223880171026,0.496660647417077,6.234427784550921
9,31,0.5,220674.4500365252,0.029888141648171822,12.36422010099418,-6.152221908848918,-6.152221908848918,0.0,0.10159923792542891,-3.01531895340325,3.6347485812760767,6.273805910891336,0.028234059295327685,0.4964753218157435,6.241298830657784
9,32,0.5,180096.00374833302,0.12483268925027977,12.350910720347539,-6.050622670923489,-6.05062267092349,8.881784197001252e-16,-5.1408598987556786e-05,-2.9148277335618515,3.6325325451080173,6.271589874723276,0.02841860486483575,0.4961662615133184,6.236302981494677
9,33,0.5,180114.52166676894,0.13267743335322252,12.366703025751402,-6.0506740795224765,-6.050674079522478,1.7763568394002505e-15,0.10522034346316467,-2.92452617751966,3.613238474390374,6.252295804005633,0.027856401754186928,0.4963447637241442,6.219182934136105
9,34,0.5,145933.66850111558,0.22191700911792828,12.334741490354483,-5.945453736059312,-5.945453736059314,1.7763568394002505e-15,-0.07294622759396496,-2.80819491016354,3.6354603221762836,6.274517651791543,0.028630589685149414,0.49584806707102785,6.236104554142886
9,35,0.5,168855.7243640977,0.1622469824422369,12.361293892191025,-6.018399963653277,-6.018399963653276,8.881784197001252e-16,-0.16640819292904574,-2.892672114452129,3.612398368787037,6.251455698402296,0.0279913103744797,0.4961526229499276,6.216522151502112
9,36,0.5,235535.35608475556,-0.0022367425287029355,12.365142828107238,-6.1848081565823225,-6.1848081565823225,0.0,0.05722275729130821,-3.0547765443380483,3.6210058948732895,6.2600632244885475,0.02746306388967358,0.49637371098950867,6.227183827386102
9,37,0.5,210064.6876263322,0.03575309179939163,12.326676982180809,-6.127585399291014,-6.1275853992910125,1.7763568394002505e-15,0.01912067034331333,-2.9825726904283534,3.6509680881100626,6.290025417725322,0.026837729204772866,0.49609170410224174,6.253903149527116
9,38,0.5,202183.1922831007,0.059080966117846904,12.335091390131097,-6.108464728947701,-6.108464728947702,8.881784197001252e-16,0.024530995695515756,-2.9698272243590225,3.6382176795620995,6.277275009177358,0.02809914150702545,0.4957186228160303,6.237876458976196
9,39,0.5,192503.0865301652,0.09134791795926292,12.350563302422897,-6.083933733252185,-6.083933733252185,0.0,-0.09366723560186063,-2.957149580455551,3.614510975978009,6.2535683055932685,0.02774123903834696,0.4957682767646489,6.215153760537384
9,40,0.5,232164.61296986096,-0.0092290782347748,12.336743781238543,-6.177600968854046,-6.177600968854046,0.0,-0.0005303521493802421,-3.0395219102264144,3.6371007876400028,6.276158117255262,0.027125210196453517,0.4958350819483133,6.238189433298532
9,41,0.5,232411.00162250875,-0.0023796509913015275,12.35150334002425,-6.178131321003426,-6.178131321003426,0.0,0.10504150915009003,-3.0506183961526987,3.6159685200861964,6.255025849701456,0.0277525029062673,0.49569351460861316,6.21611673321898
9,42,0.5,188373.0574451735,0.09698485854772948,12.340149340802135,-6.073089811853336,-6.073089811853338,1.7763568394002505e-15,-0.04098084281768166,-2.9477274907563524,3.6116673125787075,6.250724642193967,0.027913836535896422,0.495364475707132,6.20883610056918
9,43,0.5,204462.7956070368,0.05941122931444261,12.346963767970923,-6.114070654671018,-6.114070654671019,8.881784197001252e-16,0.044667374528685855,-2.989726394558755,3.609631190609266,6.248688520224524,0.028058273431180784,0.49533506355271606,6.206475073608945
9,44,0.5,186989.27855912747,0.09753362093103303,12.33387380214673,-6.069403280142332,-6.069403280142332,0.0,0.09486814616849415,-2.9411054011849784,3.617538428299448,6.256595757914707,0.028216058713906055,0.49507520805991856,6.211722883018114
9,45,0.5,154673.27500418105,0.19323969340259023,12.335549654752857,-5.974535133973838,-5.974535133973838,0.0,0.061187680731126015,-2.8555254564291945,3.5989620254740267,6.2380193550892855,0.02811156682288231,0.49494675261438703,6.1924557072617485
9,46,0.5,136857.4163784238,0.23847582088010122,12.303646548245624,-5.913347453242712,-5.913347453242711,8.881784197001252e-16,0.0596014799817457,-2.78915396003723,3.6093296567957043,6.248386986410963,0.02834505452986814,0.49458303794684233,6.1994672997612525
9,47,0.5,121478.42409418759,0.2894561249504836,12.2864041964229,-5.853745973260966,-5.853745973260967,8.881784197001252e-16,-0.10534429297437686,-2.7271582222092667,3.614118172488143,6.253175502103401,0.028710295287778638,0.4942425615320817,6.201027672550198
9,48,0.5,149968.49721739165,0.19142687969349667,12.30103429185768,-5.959090266235343,-5.959090266235344,8.881784197001252e-16,-0.1163939467987678,-2.833175291687147,3.612772619481132,6.251829949096392,0.027606654147333348,0.4945130211964318,6.202429746929062
9,49,0.5,189277.30218413135,0.06721837720500115,12.285405180478223,-6.075484213034111,-6.075484213034111,0.0,-0.02981352147378935,-2.94039213415828,3.6311268281364044,6.270184157751663,0.026993849140544042,0.4946766451589994,6.221918934726616
9,50,0.5,200906.6133777962,0.042722544683693735,12.296040558383188,-6.1052977345079,-6.1052977345079,0.0,0.032496126277111514,-2.977128822262982,3.617280494874577,6.256337824489836,0.027269141565794446,0.49464190545084974,6.208022847061868
9,51,0.5,188264.50913710217,0.07592670973251209,12.2974566359266,-6.0728016082307885,-6.0728016082307885,0.0,0.00992570455597086,-2.948308979271459,3.6099279283034003,6.248985257918657,0.02765686012431883,0.4943894799426583,6.198466406443623
9,52,0.5,184564.0445848065,0.09229865710853759,12.310349121566713,-6.062875903674818,-6.0628759036748185,8.881784197001252e-16,-0.10669531549828104,-2.9468504314942128,3.5929936147459505,6.232050944361208,0.028002096347759423,0.4942305537572768,6.180502129100547
9,53,0.5,228465.94439138338,-0.014024818841092482,12.311092800664014,-6.169571219173099,-6.1695712191731,8.881784197001252e-16,0.015594485416216664,-3.0506898429667673,3.5987054227974045,6.237762752412663,0.028211918909668378,0.4941989389714322,6.185783593533175
9,54,0.5,221450.3007652722,-0.0036435750419325733,12.300666317429897,-6.153976733756882,-6.153976733756881,8.881784197001252e-16,0.07952906026171647,-3.032350141510116,3.6041958548782747,6.2432531844935335,0.02818891771496543,0.4939940908335737,6.189344341146034
9,55,0.5,188885.32181259047,0.0668979209309653,12.28269118885226,-6.074447673495166,-6.074447673495165,8.881784197001252e-16,0.006005888236702894,-2.949131442099973,3.6115751331751222,6.250632462790382,0.02733574520795582,0.49370462453137515,6.193960979282325
9,56,0.5,186630.04560113308,0.07639591619593425,12.289675402908792,-6.068441785258463,-6.068441785258462,8.881784197001252e-16,0.04320644942414198,-2.949727484775408,3.5983712713508504,6.237428600966109,0.027960508301822246,0.49352771694756803,6.179366393748782
9,57,0.5,171179.95861433676,0.11837837122167627,12.287227414111992,-6.025235335834321,-6.02523533583432,8.881784197001252e-16,0.06738063224768176,-2.9091912906586446,3.593030760736093,6.232088090351352,0.027712330193057584,0.4933485010272125,6.172628235601741
9,58,0.5,149598.36378150215,0.17992842618288768,12.275566259539053,-5.957854703586639,-5.957854703586639,0.0,-0.0890650059410607,-2.8426024333253435,3.591447210907333,6.230504540522591,0.0281966024575177,0.49297622328660184,6.1675412378638015
9,59,0.5,178767.15340471658,0.09129573428666699,12.276430887628731,-6.0469197095277,-6.046919709527699,8.881784197001252e-16,0.0016149100241698022,-2.93088217472339,3.593017739993363,6.232075069608621,0.027979370613825664,0.49305148004599497,6.170019410774438
9,60,0.5,178190.6990916323,0.08054165097847268,12.251692900964006,-6.04530479950353,-6.04530479950353,0.0,0.1764202872645031,-2.9163435540290856,3.618865161333631,6.25792249094889,0.027887401011465765,0.49274159691545644,6.192376286147438
9,61,0.5,125212.6817533423,0.24782749161941048,12.233424007716877,-5.868884512239027,-5.8688845122390285,1.7763568394002505e-15,-0.09805074910441824,-2.744612808652453,3.6094860775578885,6.248543407173147,0.028357005692142417,0.49211572211196297,6.177388426826776
9,62,0.5,152340.05770032608,0.16171398379985735,12.257298490286605,-5.966935261343445,-5.966935261343445,0.0,-0.1129059179308376,-2.8546379557210493,3.585537281629531,6.2245946112447905,0.028138441436656284,0.49222650576828164,6.155325931357026
9,63,0.5,190933.85889487833,0.045501506971772715,12.25068537249211,-6.079841179274283,-6.079841179274283,0.0,-0.06375291538655325,-2.9564099699281203,3.6078050890770657,6.2468624186923245,0.02777983534213498,0.49229645378965114,6.177553710645525
9,64,0.5,216899.23922603868,-0.022282193020580945,12.242623803280509,-6.143594094660836,-6.143594094660835,8.881784197001252e-16,0.07985918008822335,-3.0179033744940957,3.612324110718222,6.25138144033348,0.027732272579750472,0.4922731122677674,6.181953874141175
9,65,0.5,184881.40217165166,0.053183590551561834,12.23383701024835,-6.0637349145726125,-6.0637349145726125,0.0,0.008692063054891008,-2.9445651414053176,3.599282216719329,6.238339546334588,0.027644621677951387,0.49194381725720504,6.1664552676470805
9,66,0.5,181695.1756839659,0.06158258826110548,12.233250879557655,-6.0550428515177215,-6.055042851517722,8.881784197001252e-16,0.06461455033455099,-2.9367470351331937,3.5975343031537963,6.236591632769055,0.027700758832879722,0.4917838269089147,6.163201871067479
9,67,0.5,159668.744684599,0.11313372280985598,12.207124047986055,-5.9904283011831705,-5.990428301183171,8.881784197001252e-16,0.08947982629835849,-2.8600381361385514,3.6217230004739815,6.260780330089241,0.027239268195662383,0.49153632541869313,6.184340553939584
9,68,0.5,133505.36586628327,0.2030650564817463,12.208027062733118,-5.900948474884812,-5.900948474884813,8.881784197001252e-16,0.05695014000182841,-2.778470144920369,3.605899330313626,6.244956659928886,0.0282976470074034,0.4909833391692989,6.163569343900901
9,69,0.5,119133.10420758405,0.2545566855471779,12.197110040860322,-5.843998334882984,-5.843998334882983,8.881784197001252e-16,-0.11318957312991262,-2.7233938658461896,3.6021516084583305,6.241208938073589,0.028359752747258424,0.4906723637381734,6.156936743493974
9,70,0.5,149398.9936965228,0.13687058588806694,12.188116987801926,-5.957187908012896,-5.957187908012896,0.0,0.0008418184169052267,-2.840242247436343,3.5948339915378478,6.2338913211531075,0.028187093248533964,0.4907256823063279,6.151061833996123
9,71,0.5,149147.67167467496,0.12729239369107304,12.167276966574134,-5.956346089595991,-5.956346089595994,2.6645352591003757e-15,-0.020104328221965062,-2.835821420038555,3.601992009499615,6.241049339114874,0.027751064761548542,0.4905015693223438,6.156178506735551
9,72,0.5,155266.89768370916,0.08972569783491781,12.132352231305749,-5.976450417817956,-5.976450417817957,8.881784197001252e-16,-0.13027571203057597,-2.8459724181098216,3.621898669801009,6.260955999416268,0.02807210494815024,0.49016589773467584,6.17208889351688
9,73,0.5,201481.38212479546,-0.037084385283386964,12.139283489130289,-6.106726129848532,-6.106726129848531,8.881784197001252e-16,-0.02311959946675124,-2.978902929502841,3.6165890710761226,6.255646400691381,0.0285668809605877,0.4901788533327377,6.166919936487195
9,74,0.5,211016.46838500732,-0.05239227363100852,12.15490691136855,-6.129845729315283,-6.129845729315284,8.881784197001252e-16,0.16512641612551704,-3.013843941758006,3.592946245499295,6.232003575114554,0.028340530824480892,0.49003401791051804,6.14300217131146
9,75,0.5,151666.39626261508,0.10279658820255601,12.135031802784644,-5.964719313189766,-5.964719313189766,0.0,0.08609875130820033,-2.8502271272585125,3.5899270422472496,6.228984371862508,0.028525317080283465,0.4893336546800468,6.133848726404392
9,76,0.5,127674.72833946138,0.18573762446457967,12.128716372692287,-5.878620561881566,-5.878620561881563,2.6645352591003757e-15,0.08041609517625758,-2.767770924154191,3.58264194583949,6.221699275454749,0.02894151367374353,0.48880129915658055,6.122094350366104
9,77,0.5,108706.72442273838,0.2626922824393921,12.121793498289401,-5.798204466705308,-5.798204466705308,0.0,0.04535236280183064,-2.6827842085864466,3.5917831866224654,6.230840516237724,0.02899877592682221,0.48852650523990837,6.12837527075611
9,78,0.5,99280.47534667607,0.30648637938458223,12.11867696657612,-5.752852103903478,-5.752852103903478,0.0,0.054526679261807764,-2.6386784829630017,3.5892899122656923,6.228347241880951,0.029697516573945128,0.4880958731801838,6.121910854828948
9,79,0.5,89023.07184063454,0.3564659750195561,12.109582799322453,-5.69832542464167,-5.698325424641671,8.881784197001252e-16,-0.1502981244697379,-2.5829884763812325,3.5916165669056173,6.230673896520875,0.030092336839517092,0.48772180123788034,6.120400997387236
9,80,0.5,120240.24935348472,0.21168402928397406,12.120615156790763,-5.848623549111408,-5.848623549111407,8.881784197001252e-16,-0.024532191141496185,-2.740684852127932,3.576820064351691,6.2158773939669505,0.02938156791452851,0.4878714428318763,6.108116230347155
9,81,0.5,126286.88722546787,0.1949520129280513,12.13621550636191,-5.873155740252904,-5.873155740252904,0.0,-0.06090814702419145,-2.768663987493436,3.569926175903677,6.208983505518937,0.028963959750397072,0.4878624653222565,6.101551835195731
9,82,0.5,142646.92134844646,0.11851389368784544,12.10515556192988,-5.934063887277095,-5.9340638872770946,8.881784197001252e-16,0.08012582972387339,-2.820622804011631,3.587824836915669,6.2268821665309275,0.029007969143244137,0.4876038133306426,6.116626646082837
9,83,0.5,121525.10125379579,0.20344382401669298,12.114763763139827,-5.853938057553222,-5.85393805755322,1.7763568394002505e-15,-0.046813755476624586,-2.7490514829354287,3.5707158196203284,6.209773149235587,0.02929001739134852,0.4873002591191954,6.097291604728241
9,84,0.5,133452.8653660076,0.1498203252457833,12.101144276551262,-5.900751813029847,-5.9007518130298475,8.881784197001252e-16,0.12036679807333783,-2.7937596815662746,3.574926933311886,6.213984262927146,0.029099826803789867,0.48715814384989714,6.100173355857921
9,85,0.5,104900.75900969902,0.2589866705580264,12.078743371029066,-5.780385014956509,-5.780385014956507,1.7763568394002505e-15,-0.14152775686533214,-2.671153589736132,3.5794055208254933,6.218462850440752,0.02907986831889483,0.4866551501011614,6.099830015130051
9,86,0.5,139222.06728213356,0.12044397678739485,12.084713497218473,-5.921912771821841,-5.921912771821842,8.881784197001252e-16,0.01670650181057276,-2.818050388448875,3.568667437130674,6.207724766745933,0.028877145775384527,0.48663680373549123,6.089727969126977
9,87,0.5,134647.0972173425,0.13882375812577596,12.08806005627409,-5.905206270011268,-5.905206270011269,8.881784197001252e-16,0.03728303058002602,-2.8051213781376814,3.5611124541319152,6.200169783747174,0.028833955878761423,0.4863659947965587,6.080119313431508
9,88,0.5,124972.18591720772,0.16645953196859234,12.06876554279967,-5.867923239431242,-5.867923239431242,0.0,-0.054492542801404475,-2.765245007182551,3.5662991348821222,6.205356464497382,0.0292098103141568,0.4857738316346409,6.079711218450094
9,89,0.5,139362.19805606658,0.10905410966485199,12.062939783795,-5.922415782232647,-5.922415782232648,1.7763568394002505e-15,0.06684067991925069,-2.811544970586076,3.582684293677882,6.221741623293141,0.029219140891989258,0.48573481554036235,6.094640048903562
9,90,0.5,121923.63737973238,0.17572380895217113,12.062597822531135,-5.855575102313396,-5.855575102313396,0.0,-0.019562933238548297,-2.734549161076607,3.602994552858323,6.242051882473581,0.029876863119543535,0.48540490813150955,6.109753102489884
9,91,0.5,126788.5568314218,0.15253030658874753,12.055336684281382,-5.875138035551944,-5.875138035551943,8.881784197001252e-16,-0.01806000091476445,-2.7612178341595386,3.5887830731695516,6.2278404027848095,0.028632287046729845,0.48536348605574825,6.097157540240775
9,92,0.5,131451.8722261578,0.13048316393302825,12.047362400799475,-5.893198036466709,-5.89319803646671,8.881784197001252e-16,-0.04772529095535383,-2.7708504279251582,3.6056378874678416,6.244695217083101,0.02956671571976308,0.485010796615436,6.109374758872354
9,93,0.5,144617.36260576666,0.0765179999457394,12.034882654735606,-5.9409233274220625,-5.940923327422063,8.881784197001252e-16,-0.03658777937978819,-2.8308466443050113,3.5810960366188422,6.220153366234101,0.02870743923888582,0.48503977126035064,6.087264965221087
9,94,0.5,155596.62707626153,0.03441436003596729,12.023850933675636,-5.977511106801851,-5.977511106801851,0.0,-0.01789964108838049,-2.8762512431768275,3.5634623976347877,6.202519727250047,0.029095068269327083,0.48479699299987133,6.068168524665373
9,95,0.5,161267.78058622964,0.022982721849028463,12.03678693947852,-5.995410747890231,-5.995410747890231,0.0,0.01886480211697439,-2.9025299384914724,3.5467042891822587,6.185761618797518,0.029433443614738125,0.4844867483800637,6.049796285307594
9,96,0.5,155296.56517621694,0.03336850690228732,12.019828905351085,-5.976545945773257,-5.976545945773255,1.7763568394002505e-15,0.04590341964163258,-2.8792181581250427,3.5555982456811686,6.194655575296428,0.029164048733647075,0.48408358676746527,6.054847018265227
9,97,0.5,141674.16004335255,0.06947377891941026,12.000232610102069,-5.930642526131624,-5.930642526131624,0.0,0.05491921410206313,-2.8362297698340853,3.549768182979819,6.188825512595079,0.029148392335629734,0.4837215496202409,6.045988117866766
9,98,0.5,126937.05644768682,0.12237903249597301,11.996204689051066,-5.875723312029561,-5.87572331202956,8.881784197001252e-16,-0.13108353293554753,-2.7816090031048124,3.54917128823424,6.188228617849498,0.029249613766449113,0.4833719881565428,6.042399865389021
9,99,0.5,164985.6352381658,-0.0384288770606315,11.936755935808954,-6.006806844965109,-6.006806844965109,0.0,-0.016072277850281758,-2.905937283823293,3.562681792668372,6.201739122283631,0.029644626020852244,0.48305134292517454,6.051106248697039
9,100,0.5,170375.1834312668,-0.06094076685164754,11.923876711927484,-6.02287912281539,-6.0228791228153895,8.881784197001252e-16,-0.00040267842741403825,-2.9196613307292227,3.5673782545570782,6.206435584172335,0.029618467440072262,0.4826416544874962,6.052066393320118
9,101,0.5,170512.4515206148,-0.06304439203975926,11.92047481840609,-6.023281801242804,-6.023281801242804,0.0,0.13410945032833244,-2.9205324423302472,3.5664413882098556,6.205498717825114,0.030351133863567453,0.4820968302173523,6.046684657003126
9,102,0.5,130397.75366474324,0.09122194204594114,11.960788585920826,-5.889172350914472,-5.889172350914472,0.0,-0.08424758011065947,-2.7909372593064314,3.5574128536008223,6.19647018321608,0.02997106178901561,0.48190095023900065,6.03728406194471
9,103,0.5,154328.6752609463,0.005503099214508769,11.95784606047928,-5.9734199310251315,-5.9734199310251315,0.0,-0.10382557292310057,-2.885842885215747,3.536096762003507,6.175154091618766,0.029732832350856418,0.48196031732847433,6.017478470372906
9,104,0.5,189945.22268094437,-0.10871547507250841,11.937060057751447,-6.077245503948232,-6.077245503948232,0.0,-0.10596067312548296,-2.9886976329939197,3.5380384122933655,6.177095741908625,0.029971598519586147,0.48184798865198436,6.017741658713085
9,105,0.5,234781.9180935035,-0.245862374411226,11.874687605324977,-6.183206177073715,-6.183206177073715,0.0,0.14047981120464392,-3.0821184678977716,3.563118088736629,6.202175418351886,0.029959253293379215,0.4816520809625689,6.038734741255326
9,106,0.5,177274.15857789977,-0.09549391072736543,11.894464910283412,-6.042726365869071,-6.042726365869072,8.881784197001252e-16,0.028193601742057872,-2.9436696241227303,3.559056153877425,6.198113483492683,0.029275314964563964,0.4811269181770517,6.0310543093084545
9,107,0.5,167554.7643668271,-0.06013858173170941,11.908788364790611,-6.014532764127013,-6.014532764127015,1.7763568394002505e-15,-0.05675584190445626,-2.9162746024592354,3.5574589937202963,6.1965163233355565,0.028927801169573022,0.480857628031798,6.028027709613016
9,108,0.5,187695.680976653,-0.12538159115601277,11.891814029750917,-6.0712886060314695,-6.071288606031471,1.7763568394002505e-15,0.04645127624061196,-2.9700138952462316,3.5634920919552155,6.202549421570474,0.028857324084299654,0.4806387902225395,6.032156269709668
9,109,0.5,171043.75151668064,-0.0860607093860656,11.877553240809585,-6.0248373297908575,-6.0248373297908575,0.0,-0.03165187388974555,-2.9060312911237114,3.598554747719033,6.237612077334293,0.027957944127329815,0.48046151941723364,6.064316990646794
9,110,0.5,182221.5270270098,-0.11291620797957544,11.887145991402054,-6.056489203680603,-6.056489203680602,8.881784197001252e-16,-0.008845986527857619,-2.9537451737514586,3.5664307302430296,6.205488059858288,0.029657297791039077,0.479966220479524,6.029211103385674
9,111,0.5,185474.07250846553,-0.12899590192303612,11.872678576570848,-6.065335190208461,-6.065335190208461,0.0,-0.09449934760113265,-2.9619149275791345,3.567783195643391,6.2068405252586505,0.02986169056528585,0.4794321085122931,6.026187461134493
9,112,0.5,224059.98286086088,-0.24449141773271305,11.83068624015376,-6.159834537809593,-6.159834537809593,0.0,0.13256059640678597,-3.0549627080130155,3.570686329977896,6.209743659593154,0.03036498249198775,0.47890466366364165,6.023803666412631
9,113,0.5,171879.3202016238,-0.097835439771638,11.858877003262338,-6.027273941402807,-6.0272739414028065,8.881784197001252e-16,0.12070367629516365,-2.926990945180219,3.561508662829919,6.200565992445177,0.03025511734337044,0.47842376224819727,6.010820162906009
9,114,0.5,135014.91465110373,0.03715368240927992,11.88744789503385,-5.906570265107644,-5.906570265107645,8.881784197001252e-16,0.013047612630245453,-2.8135701443799834,3.5469429118400604,6.18600024145532,0.030679425610352647,0.4780122101974533,5.992507980645912
9,115,0.5,131537.24270050146,0.0336810930758883,11.854407491106574,-5.893522652477398,-5.893522652477399,8.881784197001252e-16,0.08342505639538889,-2.803832492061128,3.5403229912172813,6.179380320832541,0.030483540399286087,0.47739054380137363,5.98194544059804
9,116,0.5,111323.4483600819,0.11379320196360812,11.847781596091236,-5.810097596082009,-5.81009759608201,8.881784197001252e-16,-0.07585938903026879,-2.728251327238666,3.5246352080714276,6.1636925376866865,0.030439250702817833,0.47683958181923614,5.962915816968925
9,117,0.5,129561.89119325734,0.03560516621914471,11.843124302662849,-5.885956985112278,-5.88595698511228,1.7763568394002505e-15,-0.045404450054609136,-2.8089639380495597,3.514928764510178,6.153986094125437,0.030377532686888323,0.4765912497225562,5.951512285760935
9,118,0.5,141878.00822397013,-0.021271036030208433,11.820180798273359,-5.931361435166887,-5.931361435166888,8.881784197001252e-16,0.045575026461732726,-2.8513041431307515,3.521057254457012,6.160114584072271,0.03085514194480795,0.47605927060163605,5.952225158921559
9,119,0.5,129517.69832814633,0.01818669131857551,11.80794620004746,-5.885786408705155,-5.885786408705155,0.0,-0.015509565085790378,-2.8081218757200515,3.5162717363549496,6.155329065970208,0.03084553380352392,0.47548551186172533,5.942859049659622
9,120,0.5,133598.18405396855,-0.0021189699097914384,11.798354007762308,-5.901295973790945,-5.901295973790946,8.881784197001252e-16,0.1600286717822632,-2.8197394214561364,3.5240557750543586,6.163113104669617,0.030901383469712565,0.47504502472399374,5.946003872581384
9,121,0.5,97006.62984014957,0.16267943731471265,11.807893478646792,-5.741267302008682,-5.7412673020086835,1.7763568394002505e-15,-0.0956914704922367,-2.6577856885831608,3.527905897235784,6.166963226851043,0.03127994569973887,0.4744009777416082,5.9431377484534
9,122,0.5,117467.56653828891,0.05559828965961723,11.78511412432107,-5.836958772500918,-5.836958772500918,0.0,-0.023408897051327315,-2.7568066883067632,3.5212468387730502,6.16030416838831,0.030764061053256297,0.4741845266881613,5.935944704361347
9,123,0.5,123097.91063305407,0.027027406967959106,11.774790153040408,-5.860367669552246,-5.860367669552245,8.881784197001252e-16,-0.13747067784633682,-2.784829501562364,3.512019006364504,6.151076335979761,0.03082959700694232,0.4736864596413894,5.92342406367954
9,124,0.5,162052.67161518428,-0.13637545195393355,11.722925790889299,-5.997838347398583,-5.9978383473985835,8.881784197001252e-16,-0.0027856067414262498,-2.9178771839661755,3.520864997249555,6.159922326864814,0.030889420880459206,0.473431507725798,5.928905771211675
9,125,0.5,162958.02125054915,-0.14690436085339573,11.707439186573229,-6.000623954140009,-6.00062395414001,8.881784197001252e-16,0.023959947673215076,-2.914974251803381,3.532242075057997,6.171299404673255,0.030354017959938993,0.4729620520709345,5.935868831883553
9,126,0.5,155333.2383460838,-0.11409223718277407,11.725143538568041,-5.976664006466794,-5.976664006466795,8.881784197001252e-16,-0.1532549422596272,-2.8844779001028553,3.5453148831126198,6.1843722127278795,0.030956403568459776,0.47267196607541867,5.944678953295672
9,127,0.5,211047.37165078218,-0.30508922663560134,11.649659444181642,-6.129918948726421,-6.129918948726423,1.7763568394002505e-15,0.03878215738235191,-3.027558057334808,3.5656644531679675,6.204721782783226,0.031259088084126134,0.4719527303911524,5.956852090387103
9,128,0.5,195296.38030884796,-0.2796849882997535,11.62290360608863,-6.091136791344069,-6.091136791344069,0.0,0.06407418431774303,-2.9911068155381164,3.5610026219966473,6.200059951611906,0.03126454653143985,0.47122489776352355,5.946778190582919
9,129,0.5,171806.68753455492,-0.20924735280099996,11.635630508450655,-6.027062607026326,-6.027062607026328,1.7763568394002505e-15,0.06799012338948263,-2.9290366740269724,3.55699453638345,6.19605186599871,0.031460938096598445,0.471021992780153,5.9408011458769385
9,130,0.5,149963.16365308964,-0.13636742352688347,11.645410120219921,-5.959072483636843,-5.959072483636844,8.881784197001252e-16,-0.19439948188522393,-2.8689116206472085,3.54126439636401,6.180321725979268,0.031378383058171505,0.4705054830162554,5.922119866431609
9,131,0.5,221226.85141954868,-0.3586519874009786,11.589639956242175,-6.153471965522067,-6.153471965522066,8.881784197001252e-16,-0.02322791097507082,-3.0597162472566644,3.548454106915547,6.187511436530806,0.031921112896487795,0.4701660024615364,5.923560262229462
9,132,0.5,231746.58624710425,-0.3987025381892163,11.555994676615844,-6.176699876497138,-6.176699876497138,0.0,-0.01480491169397613,-3.089057006784094,3.536228409810828,6.175285739426087,0.03210761661602721,0.4696635339435385,5.90720071509064
9,133,0.5,238711.1628410096,-0.4237413607995689,11.53552685478309,-6.191504788191114,-6.191504788191113,8.881784197001252e-16,0.1216163101926293,-3.1108000334545785,3.5223521798578123,6.161409509473072,0.03245244892814338,0.4690231006666759,5.888093818906336
9,134,0.5,187170.8202226685,-0.2609661842148039,11.617844587567363,-6.069888477998485,-6.069888477998486,8.881784197001252e-16,-0.09813475125652271,-2.9975558847140036,3.5056078569537044,6.144665186568963,0.03200107160303486,0.4686049472272222,5.871894938831161
9,135,0.5,227759.71223865385,-0.3998207595371018,11.536404939435812,-6.168023229255008,-6.168023229255008,0.0,0.11682326083585082,-3.090887110811194,3.5152149072723695,6.1542722368876275,0.03233232187613301,0.4683582768080167,5.876314357065264
9,136,0.5,180304.06178048806,-0.24768021742676305,11.607039501984788,-6.051199968419157,-6.051199968419157,0.0,0.08649907925012013,-2.971898618910003,3.5195453694030485,6.158602699018308,0.03206132745267155,0.46804416528439746,5.879194511562795
9,137,0.5,151660.80775592104,-0.15688714596990938,11.615627486398255,-5.964700889169037,-5.964700889169037,0.0,-0.05204917514100771,-2.8969451398840924,3.496454168954627,6.135511498569885,0.03243763708581517,0.46723769973374013,5.851898195666286
9,138,0.5,168299.45276354233,-0.22705252072318127,11.579395087173726,-6.016750064310044,-6.016750064310044,0.0,-0.005567518617570322,-2.956146972403207,3.482148854198416,6.121206183813675,0.03241356571949175,0.4668951611122956,5.8350011601058
9,139,0.5,170183.94591609278,-0.24192978386007802,11.560775598135073,-6.022317582927615,-6.022317582927615,0.0,0.016552325832880577,-2.9569273299260783,3.491723176387814,6.130780506003072,0.032124612595006784,0.4664386405259589,5.8403434428265015
9,140,0.5,164642.29890438865,-0.2242086940746068,11.563113126040253,-6.005765257094734,-6.005765257094733,8.881784197001252e-16,0.11798112626528656,-2.938409315891064,3.4956545527920797,6.134711882407338,0.03230703487246876,0.46604110071961213,5.839934489836131
9,141,0.5,130036.21423193385,-0.07981301938079605,11.615942222897303,-5.887784130829448,-5.887784130829448,0.0,0.020639877538872753,-2.8201304942561154,3.496249943531404,6.135307273146664,0.03251320639944275,0.465655084509883,5.836703223123162
9,142,0.5,124777.63430797079,-0.06542584810374882,11.60343681037365,-5.867144253290575,-5.867144253290573,1.7763568394002505e-15,0.044439963399811155,-2.79682390912314,3.5015833587196115,6.14064068833487,0.03266554825758145,0.46500231929377667,5.8355245720508595
9,143,0.5,114165.97387863134,-0.02909691025878094,11.587214759263967,-5.822704289890764,-5.822704289890765,8.881784197001252e-16,-0.052040412871735775,-2.765119256593967,3.476112736978336,6.115170066593596,0.03231976708222084,0.46434350098721544,5.809235699503733
9,144,0.5,126688.85585876873,-0.13692666634041967,11.47563607284416,-5.8747447027624995,-5.8747447027625,8.881784197001252e-16,0.15275489004860976,-2.811865034314621,3.486702007280499,6.125759336895759,0.032044500692747384,0.4634165492367401,5.810644207272243
9,145,0.5,93337.7230847153,0.07384215443330787,11.591663934294397,-5.72198981271389,-5.721989812713891,8.881784197001252e-16,0.015914352693283895,-2.6659342136785478,3.473053868455424,6.112111198070684,0.032703964416739985,0.4631497296840548,5.796379749128738
9,146,0.5,90413.68521471364,0.08105846476506914,11.574267849571346,-5.706075460020606,-5.706075460020604,1.7763568394002505e-15,-0.0520783443395576,-2.6578056943392068,3.457482201747536,6.0965395313627955,0.03310052556543028,0.4623468965526978,5.775979133198541
9,147,0.5,100338.78696517259,0.011317420758130137,11.538942450236586,-5.758153804360163,-5.7581538043601626,8.881784197001252e-16,-0.012352080757795036,-2.7065520274535677,3.464146224197933,6.103203553813192,0.03268455767476802,0.46205347720043644,5.779283793522377
9,148,0.5,102848.4444214365,-0.017788354434430186,11.505435061367056,-5.7705058851179585,-5.7705058851179585,0.0,-0.04295321911284056,-2.7194362937420107,3.4630818531366363,6.102139182751896,0.03259149708744994,0.4612477524602759,5.771969850906146
9,149,0.5,112074.39921661947,-0.09537334540189596,11.436171517657808,-5.813459104230799,-5.8134591042308,8.881784197001252e-16,0.04306261165850067,-2.7502465216972665,3.4873678354518076,6.126425165067068,0.032748627565273,0.4602777831903711,5.7852319882243455
9,150,0.5,102825.94517647105,-0.04291527354232326,11.454962438059951,-5.770396492572298,-5.770396492572298,0.0,-0.012788027948232639,-2.7154347610715566,3.470866133386224,6.109923463001484,0.0328345736586236,0.4598818177273031,5.767445086375297
9,151,0.5,105489.74686282943,-0.08823804138003893,11.389892958280985,-5.783184520520531,-5.783184520520531,0.0,-0.010694068900251708,-2.719252775945375,3.4888061595350526,6.127863489150312,0.033072208626348916,0.45933638205690736,5.778466703470647
9,152,0.5,107770.27731958355,-0.10993440291385195,11.367888373013862,-5.793878589420783,-5.793878589420783,0.0,0.054015161503338405,-2.738505248427589,3.4716893523711296,6.110746681986387,0.03328685533325472,0.45879419696091045,5.758226946746663
9,153,0.5,96734.64166736048,-0.06085767556110064,11.358011504712684,-5.739863427917444,-5.7398634279174425,1.7763568394002505e-15,0.04279512650110551,-2.6885791814022553,3.4635111634151174,6.102568493030375,0.03365683026218045,0.45829640749473505,5.746909814687839
9,154,0.5,88799.52703935401,-0.012536676435327791,11.369063249962021,-5.697068301416339,-5.697068301416339,0.0,-0.03111357886799393,-2.6467334515220364,3.461612370173345,6.100669699788604,0.033531036136323036,0.45764064592813924,5.740212998184691
9,155,0.5,94500.81715323849,-0.05063497564215472,11.355093809284355,-5.728181880284333,-5.728181880284333,0.0,-0.024842836192711992,-2.6811100588937484,3.4550863131659066,6.094143642781165,0.03370434936323857,0.45721558140291607,5.730518198957569
9,156,0.5,99314.75538020955,-0.09401078733543494,11.318027858283223,-5.753024716477045,-5.7530247164770465,1.7763568394002505e-15,-0.01146199178515861,-2.7105954397190515,3.4458012239007263,6.084858553515986,0.03409924166633924,0.45658683814565204,5.715912124560588
9,157,0.5,101617.74115240421,-0.11116341982620367,11.306646576872,-5.764486708262203,-5.764486708262203,0.0,-0.08258501014280384,-2.7212369778625445,3.4474421311840593,6.086499460799317,0.03420409090615101,0.45591394567694055,5.7119602136552405
9,158,0.5,119867.64285261105,-0.19260642608913023,11.308930584631753,-5.847071718405007,-5.847071718405006,8.881784197001252e-16,-0.10958541914813313,-2.81060121894113,3.433883669312494,6.072940998927753,0.034070393830820965,0.4557050074758119,5.697578239693486
9,159,0.5,149240.48469815898,-0.34009031616543145,11.23313364277542,-5.95665713755314,-5.956657137553141,8.881784197001252e-16,0.1653481886937671,-2.9162007573446593,3.4418554308017026,6.080912760416962,0.03443798131351808,0.45542814891599037,5.7002491900378995
9,160,0.5,107217.83635838729,-0.133400211412435,11.315817474893876,-5.791308948859373,-5.791308948859373,0.0,-0.0554191226636771,-2.756185482716834,3.4311896026698188,6.070246932285078,0.034177111919101465,0.4552007396607116,5.691008820728711
9,161,0.5,119785.2868738008,-0.203568070820713,11.286320001404677,-5.84672807152305,-5.846728071523051,8.881784197001252e-16,-0.09880582733536425,-2.8157371200796932,3.4229245732714566,6.061981902886716,0.034062707550465185,0.4543894043663479,5.676738104940094
9,162,0.5,145957.06727947772,-0.3237169927632207,11.243633812190389,-5.9455338988584145,-5.945533898858415,8.881784197001252e-16,-0.06510486425919293,-2.9136645338525384,3.424681400396494,6.063738730011752,0.03436588420067557,0.45370818225948056,5.671570477308002
9,163,0.5,166254.91570564307,-0.4463662244882468,11.128545077258721,-6.0106387631176075,-6.0106387631176075,0.0,0.02216482437019973,-2.971369440694345,3.4394813152312667,6.078538644846526,0.03490430353353742,0.45321523305205214,5.677076557992137
9,164,0.5,159045.8616233423,-0.4077259785704596,11.161495920353897,-5.988473938747408,-5.988473938747408,0.0,0.047632219538477294,-2.9530258690752014,3.4318388097291526,6.070896139344412,0.03459196298667056,0.4529917360646246,5.6704578847573135
9,165,0.5,144593.76060283594,-0.36041298150210743,11.160857475413646,-5.9408417192089304,-5.9408417192089304,0.0,0.023408412633416198,-2.908798907186498,3.4250282944296044,6.064085624044864,0.03470423871599969,0.45234706534458846,5.659212504030413
9,166,0.5,137980.35696174885,-0.3371568644385705,11.160552884273887,-5.917433306575514,-5.917433306575514,0.0,0.0634182186185237,-2.8850494538961984,3.4257103757433733,6.064767705358632,0.03438452867433164,0.451831867514758,5.656392695753456
9,167,0.5,121543.82495128777,-0.2376363690736076,11.232757437766766,-5.8540150879569905,-5.8540150879569905,0.0,0.07932112180133721,-2.822026152895172,3.4249205405083765,6.063977870123637,0.03426324593408421,0.4515944065930405,5.65508472409909
9,168,0.5,103713.53768388793,-0.12830808190667176,11.29277176849796,-5.774693966155653,-5.7746939661556524,8.881784197001252e-16,0.027125403300173545,-2.7399714319395265,3.4303877388169943,6.069445068432254,0.034415389821359006,0.45115457776706536,5.656662444401738
9,169,0.5,98236.89392920193,-0.09454543310159366,11.306046259507774,-5.74756856285548,-5.747568562855481,8.881784197001252e-16,-0.008459374514489859,-2.713484754928616,3.4291102862384713,6.06816761585373,0.03503377765508519,0.4503907552123719,5.64856913379041
9,170,0.5,99913.07877537234,-0.1015297581374137,11.308996358465112,-5.75602793736997,-5.75602793736997,0.0,0.017254767624351075,-2.7259798666357673,3.421038811853147,6.060096141468406,0.0357874620541485,0.44961802452040944,5.632817336416764
9,171,0.5,96523.94000290344,-0.08965647682286257,11.29823338584551,-5.738773169745619,-5.738773169745618,8.881784197001252e-16,-0.030714475527823026,-2.7162053315655066,3.4060783467449656,6.045135676360224,0.03591842444663628,0.4490781649383593,5.61731782232445
9,172,0.5,102639.20877770564,-0.12804578286298648,11.28288372482091,-5.769487645273442,-5.769487645273442,0.0,-0.0884662239669165,-2.745061052138663,3.4097958566542976,6.0488531862695565,0.03605272562722069,0.4486017494564001,5.616273903258294
9,173,0.5,122505.07522057147,-0.2561692948958337,11.203569148689049,-5.857953869240358,-5.857953869240358,0.0,-0.003317181807618752,-2.8385106074273927,3.399829194010672,6.038886523625932,0.03553146212989494,0.4479369678852676,5.602214717084472
9,174,0.5,123320.52042332043,-0.2651161778927967,11.192309746310361,-5.861271051047977,-5.861271051047977,0.0,0.10225812158126235,-2.841923751837536,3.3996372688056242,6.038694598420883,0.03575527227111909,0.4471724521768773,5.595078037950019
9,175,0.5,100511.3423114341,-0.1275342865114984,11.262957285910431,-5.7590129294667145,-5.7590129294667145,0.0,0.06760055810030874,-2.7397693082170784,3.3994299128840155,6.038487242499274,0.03649901328719008,0.44671658954989246,5.589507926952158
9,176,0.5,87800.69916380694,-0.045307062241999124,11.292210618248815,-5.691412371366406,-5.691412371366407,8.881784197001252e-16,-0.04708364004549548,-2.665507354966741,3.4127527031840716,6.051810032799331,0.037056217592004156,0.4463251929364109,5.595396129560511
9,177,0.5,96470.45000072292,-0.11949739218189884,11.237997238460009,-5.738496011411901,-5.738496011411903,1.7763568394002505e-15,0.04189729538344089,-2.7086451779789322,3.4206443372506805,6.05970166686594,0.035965789815604624,0.44581017518617,5.600152711347422
9,178,0.5,88716.1682688454,-0.09060878326054458,11.21197986553583,-5.69659871602846,-5.6965987160284595,8.881784197001252e-16,0.062405792889022926,-2.6690310595221782,3.416077983397306,6.055135313012565,0.035593770369263575,0.4450634459332259,5.5917679134899805
9,179,0.5,78306.49637416833,-0.019862822756719255,11.22866020076544,-5.634192923139437,-5.634192923139439,1.7763568394002505e-15,0.04987418085853257,-2.5986649209036377,3.4319986748563407,6.0710560044715995,0.03607431135791492,0.44477788465579593,5.602265043810475
9,180,0.5,70872.47998011505,0.047276315979309966,11.263190116520432,-5.584318742280905,-5.584318742280906,8.881784197001252e-16,-0.08144236294550655,-2.5492441351848565,3.4310918845768374,6.070149214192098,0.037314782369896396,0.44416527412662776,5.592895742155322
9,181,0.5,83409.89367043148,-0.056944024954495305,11.217634160543831,-5.665761105226411,-5.6657611052264105,8.881784197001252e-16,0.03728285481579441,-2.642801293430105,3.4068622939773516,6.045919623592609,0.037356612184301634,0.4430883200324619,5.564704623325531
9,182,0.5,77416.59953198895,-0.008038937343371355,11.240878626134494,-5.628478250410617,-5.628478250410618,8.881784197001252e-16,-0.11098801702174033,-2.603309378631761,3.411280413942456,6.050337743557714,0.038732335936025944,0.44254710299523287,5.56012289599651
9,183,0.5,96657.83382202145,-0.15025131771263464,11.178429899439447,-5.739466267432357,-5.739466267432358,8.881784197001252e-16,-0.08723395733613692,-2.723315341784839,3.393244521679778,6.032301851295036,0.03796408183378423,0.44162593067824796,5.539726484277629
9,184,0.5,115082.02909366105,-0.2717521714031898,11.109896106730607,-5.826700224768494,-5.826700224768493,8.881784197001252e-16,-0.000568427198031074,-2.802009697963782,3.410323723994167,6.049381053609425,0.037751046764225415,0.44098506415104266,5.550937236174332
9,185,0.5,115212.93500072285,-0.27443667698468643,11.105663949963677,-5.827268651966525,-5.827268651966525,0.0,0.03245279800578249,-2.7908232878511954,3.4338333986154024,6.072890728230662,0.03779743715062738,0.440569634872272,5.566800317447751
9,186,0.5,107972.4853015304,-0.23709424569619597,11.115443216529092,-5.794815853960743,-5.794815853960742,8.881784197001252e-16,0.049316764444564676,-2.748444588681198,3.4536852009438306,6.0927425305590885,0.03807394847844799,0.4398912776970686,5.577219023571365
9,187,0.5,97831.13694586416,-0.18367802118220666,11.123642136667945,-5.745499089516178,-5.745499089516179,8.881784197001252e-16,0.1463446360422136,-2.722893860216144,3.4061531289848097,6.045210458600068,0.03785222181400795,0.43912057381491837,5.53228397055519
9,188,0.5,73006.87596147759,0.014700308025306724,11.227709522998541,-5.599154453473965,-5.599154453473964,8.881784197001252e-16,-0.04956312714327016,-2.566173246981137,3.426905083370396,6.065962412985655,0.03976009295380823,0.43907140036651016,5.542230980109895
9,189,0.5,80614.60868256961,-0.05762750165914143,11.182180157916184,-5.648717580617235,-5.648717580617233,1.7763568394002505e-15,0.033109447219310084,-2.618829464116177,3.4207189033868572,6.059776233002117,0.038530620159761046,0.43813868811965545,5.533543593095622
9,190,0.5,75449.30605935022,-0.008327100611017584,11.214562065573816,-5.615608133397925,-5.6156081333979255,8.881784197001252e-16,-0.06245777475789627,-2.5840749010510713,3.4240091350784487,6.063066464693707,0.03918725726182865,0.43756525210807434,5.527112880329555
9,191,0.5,85488.04463450088,-0.1105889135826662,11.13495398914631,-5.678065908155821,-5.678065908155821,0.0,-0.10783940137758918,-2.6710257157071995,3.3750230552819827,6.014080384897242,0.038223788045065245,0.436138276997126,5.478318836139308
9,192,0.5,106065.3422044646,-0.24233415905720035,11.08714230095242,-5.78590530953341,-5.78590530953341,0.0,-0.1646283216895874,-2.7829490703469695,3.3668551487576215,6.0059124783728794,0.03808587246322475,0.43556268008166976,5.465141288524173
9,193,0.5,147423.8812810266,-0.46812948822518985,10.964808285995616,-5.9505336312229975,-5.9505336312229975,0.0,0.08985492766683034,-2.953575945066214,3.354858042698308,5.993915372313566,0.037798377251413176,0.43469242288582255,5.447373844224434
9,194,0.5,123174.50972754424,-0.3644664246388719,10.99242455783459,-5.860678703556167,-5.860678703556167,0.0,-0.07634681479890215,-2.867958808367661,3.346382460761755,5.985439790377013,0.038077167063087454,0.4338923068625528,5.4342549391748705
9,195,0.5,143494.3637935034,-0.4644555236151141,10.945139989479912,-5.937025518355069,-5.93702551835507,8.881784197001252e-16,-0.086078346822827,-2.934643262066431,3.365707182962017,6.0047645125772755,0.03826754378788973,0.4333919219698297,5.443428724285191
9,196,0.5,170451.7816873236,-0.5898475975318472,10.8665125352921,-6.023103865177896,-6.023103865177897,8.881784197001252e-16,0.12720715489248935,-3.0187898723520488,3.369570656036436,6.008627985651694,0.03831229466843104,0.43307004876273525,5.440019524898362
9,197,0.5,132163.28181355033,-0.39904736157384174,10.993698697423131,-5.895896710285407,-5.895896710285407,0.0,0.014479155642385777,-2.887890302265454,3.376955486424648,6.016012816039906,0.03817280842074628,0.43316124499411557,5.448259338748629
9,198,0.5,128390.94029340336,-0.3882963191229881,10.986242471040068,-5.881417554643021,-5.881417554643022,8.881784197001252e-16,0.005055640386160576,-2.879470938778208,3.364835902114368,6.003893231729626,0.03889686702995871,0.43206522510660506,5.427615911891339
9,199,0.5,127099.28459884143,-0.4109039250625966,10.93091597838853,-5.876361914256861,-5.8763619142568615,8.881784197001252e-16,-0.08149659394551012,-2.88032859896482,3.3530093009688238,5.992066630584083,0.03856946200869554,0.430965824723608,5.412341535512242
9,200,0.5,149599.50211440984,-0.5618555789572477,10.79200585849025,-5.957858508202371,-5.9578585082023725,1.7763568394002505e-15,0.04566193324016332,-2.9565104635977915,3.3636387595938984,6.0026960892091585,0.03892308199780212,0.43024676343711665,5.411088649923079
9,201,0.5,136542.76618534554,-0.5109587238309828,10.80247570226245,-5.912196574962207,-5.912196574962208,8.881784197001252e-16,-0.07990178209459398,-2.917541242520222,3.3502533352687114,5.989310664883972,0.039291526697455524,0.42958302540833004,5.392785359078272
9,202,0.5,160202.94778677291,-0.6376661556068872,10.708864402899827,-5.992098357056801,-5.9920983570568005,8.881784197001252e-16,0.0015288837184703752,-2.996834559315365,3.3514702658676176,5.990527595482875,0.04002683776453037,0.42845819535659513,5.378320449455031
9,203,0.5,159713.832611057,-0.6556654869776117,10.669807972721438,-5.990569473338331,-5.990569473338331,0.0,0.040945032670434145,-2.9923081155963187,3.3574653858687653,5.996522715484025,0.04016801866031937,0.4275546032256611,5.374317408851068
9,204,0.5,147156.05206170763,-0.5710177713259041,10.757213338683986,-5.949624440667897,-5.949624440667897,0.0,0.07184051710426775,-2.9648378085184306,3.3305159346836746,5.969573264298934,0.039674848620703265,0.426556937688727,5.349174349951514
9,205,0.5,127461.27183523397,-0.4330767712995437,10.88941430452817,-5.877783923563629,-5.877783923563629,0.0,-0.03466818416323658,-2.9071167076445295,3.3022771022229405,5.941334431838199,0.03952233408536881,0.4259487099777935,5.325059782501238
9,206,0.5,136612.56632112278,-0.4924384798890222,10.840027255675686,-5.912452107726866,-5.912452107726865,8.881784197001252e-16,0.0021373423252724066,-2.9386096503099552,3.308627585218563,5.947684914833822,0.0395954606072635,0.42531962356364855,5.32261730793468
9,207,0.5,136029.8370600596,-0.47689553499787174,10.866838460807445,-5.910314765401593,-5.910314765401594,8.881784197001252e-16,-0.1241380977555675,-2.9378604446998504,3.305851311788228,5.9449086414034875,0.03960692595961292,0.42490513477902847,5.3170126225935395
9,208,0.5,174364.93793849397,-0.6457993410793272,10.77730704415567,-6.034452863157161,-6.034452863157162,8.881784197001252e-16,0.1331395663728765,-3.059995165003172,3.309858066692722,5.9489153963079815,0.04005589509852643,0.42396678921312164,5.30873246100328
9,209,0.5,133602.81277505652,-0.44204785487272874,10.918530883823113,-5.901313296784284,-5.901313296784285,8.881784197001252e-16,-0.06635768907136885,-2.9338976315793746,3.295774000794561,5.93483133040982,0.040012017201050715,0.4240110291256451,5.300791776718328
9,210,0.5,152564.383330999,-0.5802214239076746,10.774899123895958,-5.967670985855653,-5.967670985855653,0.0,0.04477415335546997,-2.990344514712223,3.3155956126716,5.954652942286859,0.04018049265106893,0.4234098930096111,5.307524858082011
9,211,0.5,139496.3430215093,-0.5323522150144253,10.781089234971514,-5.922896832500183,-5.922896832500182,8.881784197001252e-16,-0.014025156746766854,-2.939198572434076,3.3283391905169535,5.967396520132212,0.04027808368492744,0.4231574207903914,5.312617111226404
9,212,0.5,143464.65518230834,-0.580474859023504,10.712894260446891,-5.93692198924695,-5.936921989246949,8.881784197001252e-16,-0.07425509182918955,-2.9382586563720454,3.3582693361345526,5.997326665749811,0.04066753658285378,0.42264017729387393,5.327031658698816
9,213,0.5,166434.0081106386,-0.664760258787584,10.69283364457711,-6.01117708107614,-6.01117708107614,0.0,-0.03543101754544864,-3.0158375756436446,3.351621681249731,5.990679010864992,0.03970303462315328,0.42226800955088023,5.3207268936902095
9,214,0.5,178655.776525261,-0.6800025871355888,10.733211022971998,-6.046608098621588,-6.046608098621588,0.0,0.05926096875934661,-3.071489402239801,3.3111800631483144,5.950237392763574,0.04011677452935356,0.4214433498591141,5.283023161380454
9,215,0.5,158687.8366205722,-0.5930159798739943,10.788662299976496,-5.987347129862242,-5.9873471298622425,8.881784197001252e-16,-0.05204950088628557,-3.0256948947656954,3.284247140577833,5.923304470193091,0.04064509418694638,0.42017483623288077,5.252305593653448
9,216,0.5,176097.5288082856,-0.6635229659410138,10.751747329615021,-6.039396630748527,-6.0393966307485245,2.6645352591003757e-15,0.06848693385960658,-3.077643692387555,3.284448547106685,5.923505876721944,0.04072470504938676,0.41940615863026914,5.24526465931457
9,217,0.5,153555.81472750244,-0.5402989880348393,10.86122141770816,-5.970909696888921,-5.97090969688892,8.881784197001252e-16,-0.05033051744985073,-3.0115637351031204,3.279634593956342,5.9186919235716005,0.04083878539296397,0.41914018256388896,5.241230187067046
9,218,0.5,169817.6390300418,-0.6248165515633093,10.792847325550923,-6.021240214338771,-6.021240214338771,0.0,0.06725028362287588,-3.0571205303803173,3.2891820383016497,5.928239367916907,0.04047623434863155,0.41816170125826996,5.239604285206204
9,219,0.5,148446.49383646663,-0.5479003763183269,10.812179108795137,-5.953989930715895,-5.953989930715895,0.0,0.06550997183619245,-2.9951834228895926,3.278555686037346,5.917613015652606,0.04073539352175911,0.4175570247144697,5.226460615061738
9,220,0.5,130217.30590219412,-0.4611384512193414,10.854683015320724,-5.888479958879703,-5.888479958879703,0.0,-0.06961721897669548,-2.9353690881213033,3.2671644119015406,5.9062217415167995,0.0410797296840327,0.41660313417956446,5.210058185142871
9,221,0.5,149670.92888328034,-0.5474859583262085,10.82122243906038,-5.9580971778563985,-5.9580971778563985,0.0,0.04496110103684714,-3.0048509054304486,3.2674352152366413,5.906492544851901,0.041301413660149715,0.41590909402981435,5.2034237906694285
9,222,0.5,136799.57174396317,-0.4777628540263939,10.870746445586313,-5.913136076819551,-5.9131360768195504,8.881784197001252e-16,0.02452036945079694,-2.9672196321841375,3.2527755596555687,5.8918328892708285,0.041811431027841336,0.41509461455046526,5.185050246942362
9,223,0.5,130252.66430687619,-0.4542770225613587,10.868677369614792,-5.888615707368754,-5.888615707368754,0.0,-0.0474487906221821,-2.9399937560381075,3.258186573046036,5.897243902661294,0.04210843298212946,0.4145028506444863,5.185227165560458
9,224,0.5,143218.82666363358,-0.5212833834900488,10.829562229001775,-5.9360644979909365,-5.9360644979909365,0.0,0.014018004552880825,-2.982091286319499,3.2688890937276156,5.907946423342875,0.042935344734753245,0.4134823637174842,5.183332081232966
9,225,0.5,139259.3062612673,-0.5112583047778889,10.821576377320334,-5.922046493438056,-5.922046493438056,0.0,-0.125941994551793,-2.9761192381672665,3.2527971809263208,5.891854510541579,0.042778903974068444,0.4125412270870085,5.163369023405486
9,226,0.5,179149.6870694012,-0.716956656474854,10.66206366302999,-6.047988487989849,-6.047988487989849,0.0,0.004702900112437902,-3.1024152349452856,3.2520891764738686,5.891146506089127,0.04268751417707403,0.41124167428764297,5.148257892371663
9,227,0.5,177472.54071885248,-0.7002801831181856,10.68601080951845,-6.043285587877411,-6.043285587877411,0.0,0.09851460332133222,-3.099420470735411,3.2486729046687413,5.8877302342840006,0.04244005974275888,0.41069841671018903,5.141364834921245
9,228,0.5,145734.53162997332,-0.5267287496565519,10.836084469799056,-5.9447709845560786,-5.94477098455608,1.7763568394002505e-15,-0.03533542071163964,-3.0047641374822454,3.2409563645324093,5.880013694147668,0.04337019059373783,0.40996567464650185,5.1286409906794
9,229,0.5,156406.36614790375,-0.58469123154945,10.790830347436534,-5.980106405267718,-5.980106405267717,8.881784197001252e-16,-0.04031324620847254,-3.0455158029990237,3.230123874922128,5.869181204537386,0.04323085380148583,0.408961711725296,5.111053227340356
9,230,0.5,169539.17549337883,-0.6504661260808177,10.739907050790745,-6.020419651476191,-6.02041965147619,8.881784197001252e-16,0.03319120826506339,-3.0900104973741436,3.2217609785888355,5.860818308204094,0.04291614742894848,0.4079997757752766,5.0974110294375246
9,231,0.5,158650.17283513563,-0.5883138258517511,10.797829234718753,-5.987228443211127,-5.987228443211127,0.0,0.001683926682496839,-3.0562206735094506,3.2229582097880973,5.862015539403357,0.04333104921842478,0.40751245220834204,5.093866614236525
9,232,0.5,158116.7610472206,-0.5936140353954715,10.783860962266319,-5.9855445165286305,-5.9855445165286305,0.0,-0.09723458032816712,-3.058130780378085,3.2157701426858334,5.854827472301092,0.04337767341002005,0.406808283149665,5.080464930921858
9,233,0.5,192059.05727995813,-0.7395067157267274,10.686544762260139,-6.082779096856798,-6.082779096856797,8.881784197001252e-16,-0.008367068649429044,-3.153341777904734,3.2198173082888695,5.858874637904127,0.043756160240607606,0.4056453690627014,5.070898420562555
9,234,0.5,195300.04182304683,-0.7683978173484279,10.645496696315597,-6.091146165506227,-6.091146165506227,0.0,-0.11240243364687874,-3.1672008302673347,3.208833340862523,5.847890670477782,0.04356579210470971,0.40487561543915257,5.0554171339250455
9,235,0.5,244530.95820481074,-0.9402672026644454,10.526562792977321,-6.203548599153105,-6.203548599153106,8.881784197001252e-16,0.06221170355033223,-3.271849785947061,3.2243402967968295,5.863397626412089,0.04433600724742734,0.403908775390508,5.053543447710042
9,236,0.5,215922.27656747095,-0.8769548283329396,10.528764134539667,-6.141336895602773,-6.141336895602773,0.0,-0.011757617597290881,-3.208281411345158,3.2270536388999718,5.866110968515231,0.044960421504522056,0.4030465692163604,5.047475665167179
9,237,0.5,221059.90926266578,-0.9320549915554621,10.442079043289201,-6.153094513200064,-6.153094513200063,8.881784197001252e-16,0.00411705868897716,-3.2099619898361875,3.247207717112493,5.88626504672775,0.045435273273254945,0.4021276108316952,5.049464139767958
9,238,0.5,219247.14950274298,-0.8715504422156466,10.55485402459088,-6.148977454511087,-6.148977454511086,8.881784197001252e-16,0.05230858141332817,-3.2172845423449092,3.224328494717097,5.863385824332355,0.044687826388592616,0.40181340042277197,5.0369866648432575
9,239,0.5,197469.16927392525,-0.8060557000749463,10.581226346045625,-6.096668873097759,-6.096668873097759,0.0,-0.02331802400130023,-3.169926743610954,3.214426929358351,5.853484258973609,0.04536432701887021,0.40075151810535037,5.0212702005179874
9,240,0.5,206896.46834324358,-0.817187349740344,10.605599094717428,-6.119986897099059,-6.119986897099058,8.881784197001252e-16,-0.03610458308368525,-3.1938603636514595,3.2131957372799382,5.852253066895197,0.04512515489887645,0.4000037073549046,5.014483166301601
9,241,0.5,222388.90674381342,-0.8716328137961262,10.568917332773237,-6.156091480182744,-6.156091480182745,8.881784197001252e-16,0.020555385776610535,-3.229439336263169,3.214246958223891,5.853304287839151,0.04552845777771621,0.3989198296162141,5.004209043512175
9,242,0.5,213431.7073987337,-0.8764729869936405,10.518126214824985,-6.135536094406134,-6.135536094406133,8.881784197001252e-16,0.1040219976204213,-3.1991101681028344,3.2337945229913387,5.8728518526065985,0.046548257538485203,0.3983052052223949,5.011085647111647
9,243,0.5,173343.1081671407,-0.7183407647644912,10.626346664042439,-6.031514096785712,-6.031514096785711,1.7763568394002505e-15,-0.027188065501260184,-3.1018991775347606,3.220172508886644,5.859229838501903,0.04659596580425172,0.3975682794102406,4.997456218366238
9,244,0.5,183029.81180131805,-0.7422788147354702,10.632846695103007,-6.058702162286973,-6.0587021622869734,8.881784197001252e-16,-0.08315504834326504,-3.1328006880515207,3.2127456188556454,5.851802948470904,0.04687644884733108,0.3967793005443501,4.986151438275931
9,245,0.5,216147.08873085497,-0.843466064948936,10.5967822913626,-6.141857210630238,-6.141857210630237,8.881784197001252e-16,0.02830058649810585,-3.2239796016352855,3.1966978883746435,5.8357552179899015,0.04573184033549843,0.3953832881196495,4.962245031217817
9,246,0.5,204252.70337734657,-0.8035282876971536,10.620056672869957,-6.113556624132132,-6.113556624132132,0.0,0.009974558753048868,-3.1996866237283896,3.188682671192226,5.827740000807485,0.04632112595400066,0.3947790906988788,4.950120613203543
9,247,0.5,200218.41622295475,-0.7816199722365356,10.643924186285094,-6.103582065379083,-6.103582065379083,0.0,-0.07774273887093308,-3.195370173914566,3.177366453313774,5.816423782929034,0.047036666092766286,0.3937538184817662,4.932183969246297
9,248,0.5,233900.15342155358,-0.921862175769881,10.518925256960271,-6.181324804250016,-6.181324804250017,8.881784197001252e-16,0.06570282091650625,-3.2645420800021276,3.194508118880516,5.833565448495776,0.047633092444367905,0.3928092883411517,4.9314800590327454
9,249,0.5,205098.15874486783,-0.8163541779309101,10.598535610805202,-6.11562198333351,-6.1156219833335115,1.7763568394002505e-15,0.0011841902842748553,-3.211029331652583,3.170127973746594,5.809185303361853,0.04709782962972554,0.39194498351004026,4.908390229139405
9,250,0.5,204612.98301822096,-0.854017788013057,10.520840010072355,-6.114437793049235,-6.114437793049235,0.0,-0.09616539225591314,-3.206935207354244,3.175947841774721,5.81500517138998,0.04766101514832406,0.3909140868343288,4.9014845100425
9,251,0.5,248005.54173678384,-1.0582528541527596,10.304700662304777,-6.210603185305148,-6.210603185305148,0.0,0.020927288062535077,-3.2647100458202982,3.2527289493544393,5.891786278969698,0.04950525977886068,0.39102934366433595,4.940583334607547
9,252,0.5,237839.60442799138,-1.0493869833554177,10.280577827774389,-6.189675897242613,-6.189675897242612,8.881784197001252e-16,-0.015017103935607068,-3.2506146807307212,3.239065103408522,5.878122433023781,0.04909044614310187,0.38999433964203994,4.920624107980535
9,253,0.5,245091.28264416865,-1.045576880392707,10.318232241571028,-6.20469300117822,-6.204693001178221,8.881784197001252e-16,0.05660096491853306,-3.273173414390549,3.223981843960085,5.863039173575344,0.049247001135980156,0.3890760521954694,4.903779603142722
9,254,0.5,218859.24220883514,-0.9039269690951088,10.488330134329155,-6.148092036259687,-6.148092036259687,0.0,-0.04979249366193805,-3.248670322135684,3.159786098632747,5.798843428248006,0.048421108882777064,0.3878837530095946,4.857015058850041
9,255,0.5,241776.5085013296,-0.9491280382520993,10.497512983339053,-6.197884529921625,-6.197884529921626,8.881784197001252e-16,0.017956053822242524,-3.3039212834929725,3.1488691632420465,5.787926492857305,0.0476605573944297,0.3871907046424811,4.84540636474297
9,256,0.5,233247.86192114925,-0.9092045963269006,10.541447759544964,-6.1799284760993825,-6.1799284760993825,0.0,-0.019351361974242032,-3.2866673637118,3.147464895159907,5.786522224775167,0.0474824453985668,0.3867261269857983,4.84125706436353
9,257,0.5,242452.1562662422,-0.9580469696562735,10.482465736834701,-6.1992798380736245,-6.199279838073624,8.881784197001252e-16,-0.059057942085114945,-3.3034174106258045,3.1526675252803784,5.791724854895636,0.047504955327716314,0.38585629692580187,4.834606584005212
9,258,0.5,272849.47823028977,-1.036738787186974,10.443197985943529,-6.258337780158739,-6.2583377801587385,8.881784197001252e-16,-0.09582467923490423,-3.3702584252779433,3.137101380146331,5.776158709761591,0.04783595160004826,0.38420795701248134,4.8074789136454275
9,259,0.5,330487.76528614445,-1.1750712227456501,10.358182473295987,-6.354162459393644,-6.354162459393644,0.0,-0.07705058553341182,-3.4618564914561545,3.1455546062597186,5.7846119358749775,0.047843348819138626,0.38333710781487207,4.801264484415109
9,260,0.5,385549.9709268337,-1.3180612489734553,10.226303591907202,-6.4312130449270555,-6.431213044927056,8.881784197001252e-16,-0.04199093855867986,-3.5305419275747383,3.162284905089375,5.801342234704634,0.04872333100443454,0.38216747062690165,4.795701279998235
9,261,0.5,419327.688891822,-1.382056149886337,10.1822956671988,-6.473203983485735,-6.473203983485737,1.7763568394002505e-15,0.05403026535594169,-3.5721431682758364,3.1630643008045385,5.802121630419798,0.049671181715367774,0.3808202206360502,4.781480148508035
9,262,0.5,376377.3224199013,-1.2894598443704215,10.259427747518744,-6.419173718129794,-6.419173718129794,0.0,0.06598260565325376,-3.528672325618215,3.1419454554078983,5.781002785023156,0.049530192287776546,0.3799892546560215,4.762160985702361
9,263,0.5,329846.35197880864,-1.1996750337705149,10.307032157412051,-6.35319111247654,-6.353191112476541,8.881784197001252e-16,0.004900585330438467,-3.4692642504412996,3.128796394455223,5.7678537240704815,0.04921632142266232,0.3791756803111719,4.750253676566954
9,264,0.5,326629.26296397543,-1.182973679508943,10.330633695274313,-6.348290527146101,-6.3482905271461,1.7763568394002505e-15,-0.05008806823908074,-3.464930934670762,3.127661855335419,5.766719184950676,0.05032386706747075,0.3782541052346105,4.737063750319483
9,265,0.5,361044.74997077964,-1.2258643057338179,10.34502857930273,-6.398378595385182,-6.398378595385182,0.0,0.03773096388201136,-3.520184719369334,3.1173304224164378,5.756387752031697,0.04989498840445808,0.37736305248954116,4.722394879112649
9,266,0.5,334802.22489028703,-1.198298507345787,10.324698248314768,-6.360647631503171,-6.360647631503171,0.0,-0.10248115140457603,-3.470765997006306,3.1407059393784706,5.77976326899373,0.05028288514696397,0.3773262042504365,4.731573720698123
9,267,0.5,410962.63042954693,-1.3352098184528312,10.25583792890983,-6.463128782907747,-6.463128782907747,0.0,-0.12667985555262273,-3.5659567735132334,3.155286689173768,5.794344018789027,0.05200922104835903,0.37642143437884745,4.729120593541339
9,268,0.5,529462.3183598983,-1.5078684746659512,10.163880327588839,-6.58980863846037,-6.5898086384603705,8.881784197001252e-16,0.09942475642241089,-3.688650593238209,3.1632587608290588,5.802316090444319,0.05174526654580948,0.3760642788392507,4.731467784416817
9,269,0.5,433986.0909540115,-1.3496472580770273,10.281473247921863,-6.490383882037959,-6.490383882037959,0.0,-0.1710740957517336,-3.594281057587536,3.1531483192855854,5.792205648900844,0.05227077932722947,0.375157605974493,4.722127074014736
9,270,0.5,611038.9325874022,-1.6018862962304403,10.119143363118503,-6.661457977789692,-6.661457977789692,0.0,-0.0056484811518400235,-3.753789505524914,3.1762796149142956,5.8153369445295535,0.05197202162573722,0.3747651183764037,4.730362063552816
9,271,0.5,617980.9544254006,-1.587766383906007,10.15868015007105,-6.667106458941532,-6.667106458941531,8.881784197001252e-16,0.014904168528341977,-3.7742953067217013,3.146564974824402,5.785622304439661,0.051230282492082904,0.37330877559955716,4.69813777798492
9,272,0.5,599831.8115540594,-1.5717834056517195,10.160837769522944,-6.65220229041319,-6.652202290413191,8.881784197001252e-16,-0.10331692690638405,-3.7662372235980897,3.1328728040149447,5.771930133630205,0.05106694017163861,0.3717501738295114,4.674100531124814
9,273,0.5,737512.587346656,-1.7044611106672587,10.102116213304633,-6.755519217319574,-6.755519217319575,8.881784197001252e-16,0.026992111192432056,-3.86360096810582,3.14477916881225,5.783836498427509,0.0526701494837249,0.37081681897330976,4.669192024193047
9,274,0.5,698754.1287881816,-1.6811613695404461,10.09473147317339,-6.728527106127142,-6.7285271061271406,1.7763568394002505e-15,-0.013202201005223735,-3.841466535701985,3.135063811235056,5.774121140850316,0.05285323983845687,0.37011881857920603,4.653569260497273
9,275,0.5,717450.0548764461,-1.6922774878590645,10.098903638546608,-6.741729307132366,-6.741729307132369,2.6645352591003757e-15,0.11288746767879942,-3.8605758094867886,3.123249665675896,5.762306995291155,0.05355928741553399,0.36895683470476764,4.636719719859082
9,276,0.5,572451.7199601934,-1.5086899778167262,10.240303723273684,-6.628841839453567,-6.6288418394535675,8.881784197001252e-16,0.004167998416450658,-3.7649121465228106,3.0888020562462537,5.727859385861512,0.05243419337581769,0.3681301141595776,4.61068862639399
9,277,0.5,567699.5985882228,-1.4888725571023909,10.27160256786945,-6.624673841037116,-6.624673841037116,0.0,0.05269552623466378,-3.764430455053202,3.0814294423525674,5.720486771967827,0.05175100603382675,0.3674073772361674,4.602203582239502
9,278,0.5,510914.0368055495,-1.4133425733756042,10.317271482853698,-6.571978314802452,-6.571978314802453,8.881784197001252e-16,-0.028207470654614042,-3.7201539072272927,3.06459148553506,5.703648815150318,0.05182272771117312,0.36619709657457744,4.580917098292728
9,279,0.5,540565.7584477375,-1.4390348245731837,10.322301921767764,-6.600185785457066,-6.600185785457065,8.881784197001252e-16,-0.048548321200762246,-3.7435718085629146,3.0741706241730435,5.713227953788302,0.0517763550675643,0.3654733547214221,4.58079826119628
9,280,0.5,595685.5542707795,-1.536375010167455,10.224718192980747,-6.6487341066578285,-6.6487341066578285,0.0,0.003207811470419486,-3.7897513388031783,3.078908206094041,5.717965535709301,0.05210347077657717,0.3644838587088386,4.571461165003597
9,281,0.5,591876.0934618623,-1.5438324784696411,10.203387633435533,-6.645526295187409,-6.645526295187407,1.7763568394002505e-15,0.03998818041156493,-3.786373792103612,3.0792476765523342,5.718305006167592,0.05228244610563699,0.3635657584455272,4.5631030023056836
9,282,0.5,546383.4128115829,-1.4883745805142867,10.234327068523118,-6.605538114775844,-6.605538114775846,1.7763568394002505e-15,0.07723344526601483,-3.760448326875455,3.0511222461855185,5.690179575800777,0.0519149086208072,0.36220545733025733,4.531623873912186
9,283,0.5,468180.5724350449,-1.3712652342686047,10.31407887048245,-6.528304669509829,-6.52830466950983,8.881784197001252e-16,0.06385953994744398,-3.6810681579651963,3.0554156934740075,5.694473023089266,0.05230640556118001,0.3617530963648404,4.53172667786838
9,284,0.5,412045.99445391103,-1.2586790713504907,10.411532116423787,-6.464445129562385,-6.464445129562384,8.881784197001252e-16,-0.04002370981776249,-3.619644466793052,3.0505439959234093,5.689601325538668,0.05374855136375932,0.36086717255272416,4.52119130814158
9,285,0.5,446385.2640038441,-1.3192303923374589,10.370476894085378,-6.504468839380148,-6.504468839380148,0.0,-0.011987042827797723,-3.6670045071372117,3.03587133487061,5.6749286644858685,0.05359478436256596,0.3591436431643652,4.498707632995319
9,286,0.5,457216.25535515434,-1.3332665820982985,10.366378600219292,-6.5164558822079455,-6.516455882207945,8.881784197001252e-16,0.0030464649742114602,-3.6857041699056126,3.022446094989406,5.661503424604665,0.053818549477093164,0.35782294140294674,4.475514750999662
9,287,0.5,454438.93833107164,-1.3446379961861594,10.33754284209515,-6.513409417233734,-6.513409417233735,8.881784197001252e-16,-0.0025165496381269747,-3.6921763825714495,3.0034087397093114,5.642466069324571,0.05409281627434202,0.3566070863358408,4.452817864472255
9,288,0.5,456731.9402352581,-1.3587445185615237,10.314362896620672,-6.515925966871861,-6.51592596687186,8.881784197001252e-16,0.03467208902018015,-3.6960477877934887,3.0006990285414856,5.6397563581567445,0.054667867205618684,0.3556617524147265,4.437215532073727
9,289,0.5,426133.41445946496,-1.2621861179201896,10.438135519862984,-6.481253877851681,-6.481253877851682,8.881784197001252e-16,-0.12620918981061013,-3.6742769935947384,2.9748964388986257,5.613953768513883,0.054213225514120084,0.3546920179220225,4.415244001615925
9,290,0.5,548490.9918539693,-1.4931453341528065,10.228635467018968,-6.607463067662291,-6.607463067662291,0.0,-0.031238595175985928,-3.771350694326407,3.03316741705651,5.672224746671768,0.054289607230754384,0.3548708320575051,4.44477878782958
9,291,0.5,583852.3039774732,-1.568991045100536,10.139421235475485,-6.638701662838277,-6.638701662838279,1.7763568394002505e-15,0.05971083164111857,-3.8107855544134455,3.016774887234408,5.655832216849666,0.05427512291139372,0.354015780179526,4.4260704453043145
9,292,0.5,518130.1074540808,-1.4601956518295025,10.237590358735313,-6.578990831197158,-6.578990831197158,0.0,0.020885785126251832,-3.7674461902500602,2.984031952278936,5.623089281894195,0.05456092567502439,0.35323850957294717,4.400714061044765
9,293,0.5,496932.8037133407,-1.4088209908262175,10.29856811048938,-6.5581050460709065,-6.558105046070908,1.7763568394002505e-15,-0.11042622085759746,-3.75267041263875,2.9718119372490546,5.610869266864314,0.05485276995707061,0.3521177918087484,4.384064489466725
9,294,0.5,619744.4743085777,-1.5851847624283608,10.166693009000285,-6.668531266928504,-6.668531266928504,0.0,0.11762594800708293,-3.8539384641268986,2.9901282759879515,5.629185605603211,0.0547728111734721,0.35136051586326605,4.384484887833717
9,295,0.5,489828.51421498397,-1.406687704477183,10.288435228888476,-6.550905318921421,-6.550905318921421,0.0,-0.10570706952112907,-3.7419567076769815,2.978839892873619,5.617897222488877,0.055217732934179496,0.3506549293864528,4.374169036695166
9,296,0.5,605145.8466993622,-1.5247320480333273,10.263760680818447,-6.65661238844255,-6.65661238844255,0.0,0.13382727757218582,-3.8564696395639566,2.961228168141929,5.600285497757189,0.055278386849380405,0.3488906348440972,4.340574784708769
9,297,0.5,463040.6942435567,-1.3016675296504325,10.442235162439866,-6.522785110870364,-6.522785110870366,1.7763568394002505e-15,0.020207335559493167,-3.729136612103342,2.9482396679187866,5.587296997534046,0.0561326636755007,0.3480461650886584,4.329646325015554
9,298,0.5,444700.16637250915,-1.2697175133135001,10.46572052399474,-6.502577775310871,-6.50257777531087,8.881784197001252e-16,0.05385552888344236,-3.709684699269079,2.946728822468327,5.585786152083585,0.05644305779364091,0.34727935902016077,4.317798476987026
9,299,0.5,399290.4966946462,-1.204414047620753,10.48861639761335,-6.448722246427429,-6.448722246427428,8.881784197001252e-16,0.01706991601882457,-3.659325503516419,2.9397361562067603,5.57879348582202,0.05709010850222193,0.3461805825402578,4.301950071447533
9,300,0.5,385888.8527801935,-1.1647525809702062,10.533799498876794,-6.431652330408604,-6.431652330408603,8.881784197001252e-16,-0.1096054331449654,-3.644026072132079,2.936195186937792,5.575252516553051,0.057730792346296,0.34525466660674636,4.2911128137314485
9,301,0.5,480467.8170507157,-1.3188132385871918,10.444889049932758,-6.54125776355357,-6.5412577635535705,8.881784197001252e-16,-0.09584034673044872,-3.75931120143258,2.924835794626721,5.56389312424198,0.05736298084589718,0.34342299120546266,4.264704397023713
9,302,0.5,581982.8276766422,-1.4484562667098817,10.377283687148273,-6.637098110284018,-6.637098110284018,0.0,-0.1224475045750566,-3.8597579412226546,2.915623008507468,5.5546803381227265,0.056990077399598306,0.3425618948624265,4.249169299020155
9,303,0.5,743475.6023257283,-1.6419810644303516,10.235129100857446,-6.759545614859075,-6.759545614859075,0.0,0.09775176170952093,-3.9768791983156673,2.926275503471556,5.565332833086815,0.05687734133850707,0.3417610531354022,4.242963391324854
9,304,0.5,611449.5363263851,-1.495440318650597,10.332707068997914,-6.661793853149554,-6.661793853149554,0.0,-0.0333484556630399,-3.8843168145830407,2.915896747517768,5.554954077133026,0.05661456591698434,0.3408520778052319,4.232888278130267
9,305,0.5,653622.0888488132,-1.5171810956535725,10.355922426318044,-6.695142308812594,-6.695142308812594,0.0,-0.061088760498980044,-3.91019688818708,2.9308335116357704,5.569890841251028,0.05743037982114377,0.3403689752057858,4.235235470295654
9,306,0.5,738563.3347546638,-1.6018285080541852,10.30880512251478,-6.756231069311574,-6.756231069311575,8.881784197001252e-16,-0.01132697304935082,-3.965766264096724,2.9418722808144406,5.5809296104297,0.05758915512199328,0.33951002943229225,4.232745332648984
9,307,0.5,755485.6637883591,-1.6086527151700116,10.317810654381827,-6.767558042360925,-6.767558042360925,0.0,-0.029513456550264827,-3.9721924829538677,2.9516737891988547,5.590731118814113,0.0590242554093344,0.33862074147285803,4.226347112973434
9,308,0.5,801422.0553429394,-1.6665610258723391,10.2610209460777,-6.79707149891119,-6.797071498911189,8.881784197001252e-16,-0.05449242964992962,-4.000238445693418,2.954608776820287,5.593666106435546,0.05847924799541006,0.3377454154548209,4.221680959724856
9,309,0.5,893702.1714726759,-1.7525843706721065,10.197959115778026,-6.851563928561119,-6.85156392856112,8.881784197001252e-16,0.10381074322897632,-4.048291653111323,2.9674872212843346,5.606544550899593,0.05878725434232191,0.33711140111345295,4.222929753517362
9,310,0.5,726145.996476202,-1.6099569532887918,10.2755924640867,-6.747753185332143,-6.747753185332142,8.881784197001252e-16,0.04009766574792284,-3.9582403194696254,2.9399684021097747,5.579025731725033,0.0587385031847754,0.33556366042966146,4.196275653808208
9,311,0.5,670186.3179283105,-1.5218451725182733,10.371620694131893,-6.70765551958422,-6.70765551958422,0.0,-0.016142953948673266,-3.9331148371715807,2.91002403521002,5.549081364825279,0.05933494724328173,0.334286856707878,4.166210411387704
9,312,0.5,692176.9756529343,-1.5470994861364056,10.353397974792978,-6.723798473532893,-6.723798473532895,1.7763568394002505e-15,-0.03460412550271741,-3.959959513057704,2.8886205913351213,5.52767792095038,0.05909409764160264,0.3327358892587473,4.13698118201981
9,313,0.5,741777.934770298,-1.5795548684187397,10.357695461233746,-6.758402599035611,-6.7584025990356125,1.7763568394002505e-15,0.05148622434451866,-3.9967707095824636,2.884206449291036,5.523263778906293,0.05958245963478958,0.33163279785404554,4.120756391933044
9,314,0.5,669196.3202716301,-1.5459507341812302,10.321931281019726,-6.706916374691092,-6.706916374691093,8.881784197001252e-16,0.034038429172266405,-3.948216269779317,2.8783428802082924,5.517400209823551,0.060768689762709105,0.3303700680399256,4.110522941634717
9,315,0.5,625155.6208205019,-1.49793230673809,10.349891277561474,-6.672877945518826,-6.672877945518827,1.7763568394002505e-15,-0.1509270872389772,-3.9109285242430185,2.884841512936355,5.523898842551615,0.06152138428684004,0.3298592245130317,4.107024978055301
9,316,0.5,845437.9579601379,-1.7399891984125604,10.167631668690483,-6.823805032757803,-6.823805032757802,8.881784197001252e-16,-0.0767302968949295,-4.056566891277055,2.8954189533462364,5.534476282961495,0.06139245591289903,0.3289796386985092,4.097684602612501
9,317,0.5,985663.8566719743,-1.8459504791274706,10.109169701050526,-6.900535329652732,-6.900535329652733,8.881784197001252e-16,-0.020309977732754447,-4.135258154810562,2.8914970200690817,5.5305543496843415,0.061148920482234255,0.32757116333957115,4.0762053549716155
9,318,0.5,1026525.7647854264,-1.8320189914537952,10.177652631863385,-6.920845307385487,-6.920845307385488,8.881784197001252e-16,-0.16773701341860647,-4.1635933710463116,2.875446543063092,5.514503872678351,0.0610887607545802,0.3262935128139031,4.05554275044785
9,319,0.5,1435702.2231722628,-2.0831425425187544,10.010879556570677,-7.088582320804093,-7.088582320804093,0.0,0.020379409394521097,-4.308927437695023,2.9202524366028806,5.55930976621814,0.06228903583180603,0.32588733302604317,4.071707880480022
9,320,0.5,1378361.210472136,-2.087595776003819,9.961214270811503,-7.068202911409572,-7.06820291140957,1.7763568394002505e-15,-0.054223415978005285,-4.291621410928367,2.9141056713471505,5.553163000962409,0.062215490301611574,0.3248622670008864,4.053660818889176
9,321,0.5,1536246.48953876,-2.147607960837665,9.949636733099824,-7.122426327387577,-7.122426327387577,0.0,0.054620866847921334,-4.361780790851574,2.8822337434567484,5.521291073072008,0.0620865975029912,0.32326238937361956,4.021775734841719
9,322,0.5,1377265.9841041593,-2.0585884149491602,10.018434091180993,-7.067805460539656,-7.067805460539656,0.0,0.09510175453286607,-4.321348353850256,2.85385688376354,5.492914213378798,0.06208245866247662,0.32206221843983535,3.9976839745589854
9,323,0.5,1138710.9238461857,-1.9104844736266107,10.124438464760358,-6.97270370600679,-6.97270370600679,0.0,-0.0019059063189326153,-4.2358765861585495,2.8345969100812227,5.47365423969648,0.061819767482170274,0.32127299280851673,3.9822614000420713
9,324,0.5,1143059.759744713,-1.9662891986281932,10.01664082739506,-6.974609612325723,-6.9746096123257235,8.881784197001252e-16,0.010507721375001111,-4.21078913878801,2.8885836174601667,5.527640947075425,0.06295450908864761,0.32099295799341476,3.998168646135539
9,325,0.5,1119288.5093521383,-1.901716899027409,10.124769983846623,-6.9641018909507215,-6.964101890950721,8.881784197001252e-16,-0.05820061133033949,-4.232811218507409,2.823524015271364,5.4625813448866225,0.06262055431187435,0.3190714734089559,3.9548931202693436
9,326,0.5,1257460.7962957784,-1.9880144945608298,10.068576015440462,-7.022302502281061,-7.022302502281061,0.0,-0.03765941264655481,-4.289027980657897,2.8274917136310687,5.466549043246326,0.06302291022730457,0.3181823137453665,3.9440037285343172
9,327,0.5,1355829.2664468624,-2.020171582099848,10.079580665655536,-7.059961914927616,-7.059961914927616,0.0,0.1278713724939795,-4.338902010436333,2.8030624793673087,5.442119808982569,0.06324406393581747,0.31739110369527124,3.92597612140985
9,328,0.5,1049874.3883843103,-1.844928986431571,10.17432311200413,-6.932090542433636,-6.932090542433636,0.0,-0.12683682313474787,-4.221701991483499,2.7817197722850158,5.420777101900275,0.06371285708474368,0.3160958368346262,3.906568797795883
9,329,0.5,1353026.822116,-2.060071235637464,9.99771225986184,-7.058927365568384,-7.058927365568384,0.0,-0.05758202561667858,-4.3402048440372765,2.7983877134469557,5.437445043062214,0.06406904708269832,0.31534630352457477,3.9032834839169266
9,330,0.5,1518173.8899253602,-2.1411007392324284,9.950817303905268,-7.116509391185063,-7.116509391185062,8.881784197001252e-16,0.019545584991458753,-4.3961193603902515,2.801722731974363,5.440780061589622,0.06444354167822204,0.3144257120112136,3.891999655934677
9,331,0.5,1459971.7035801378,-2.0850812462508586,10.023765119885491,-7.096963806193604,-7.096963806193604,0.0,0.1781210039243195,-4.384034276747966,2.786801729276019,5.4258590588912785,0.06492709639105806,0.3131288938340759,3.875127883811583
9,332,0.5,1022422.7404053584,-1.8246902224628827,10.188305159612801,-6.9188428022692845,-6.918842802269284,8.881784197001252e-16,-0.11745677956724787,-4.212654741974059,2.7733187909751917,5.412376120590451,0.0659046532854808,0.3118982895510307,3.8602727619179626
9,333,0.5,1293159.7030152883,-2.008149866805949,10.056299430061165,-7.036299581836532,-7.0362995818365315,8.881784197001252e-16,-0.012960868259780156,-4.324166493597695,2.7852088468624165,5.424266176477677,0.0662714520749244,0.3111485467094068,3.851927002238287
9,334,0.5,1327118.8871127607,-2.020934600534665,10.056651699123297,-7.0492604500963125,-7.049260450096313,8.881784197001252e-16,-0.19077004668031883,-4.340947016575043,2.7775695374272815,5.416626867042541,0.0662681367567037,0.31062765488288097,3.8442232930785636
9,335,0.5,1943616.5440701465,-2.3364211601610885,9.807218673231086,-7.240030496776631,-7.240030496776631,0.0,0.12283322052898882,-4.489299839798796,2.8624039843404137,5.501461313955672,0.06798367334737776,0.3105476177611706,3.867022019513839
9,336,0.5,1520263.9856238598,-2.1026659424416208,10.029062667612042,-7.1171972762476425,-7.117197276247642,8.881784197001252e-16,0.07348016727781737,-4.403180203602845,2.7889768156743378,5.428034145289597,0.06692288933319612,0.3087789269348188,3.829189058741824
9,337,0.5,1312486.8022117564,-2.034193117793151,10.019047982353348,-7.043717108969825,-7.043717108969824,8.881784197001252e-16,-0.1686616065795068,-4.327735544733266,2.792905798857858,5.431963128473116,0.06814341902067794,0.30845672761132165,3.8270769401028404
9,338,0.5,1839045.8422663112,-2.270584452048223,9.88358852700222,-7.212378715549332,-7.212378715549333,8.881784197001252e-16,-0.05275707052984302,-4.495647663631602,2.7944047742201996,5.433462103835459,0.06807338506018282,0.30718707981593135,3.8072734627418634
9,339,0.5,2043698.2090282473,-2.3159141598704225,9.898443252417504,-7.265135786079175,-7.265135786079174,8.881784197001252e-16,0.052509769594781375,-4.561703262733688,2.7678077170757156,5.406865046690974,0.06780322398694952,0.30607468680933353,3.7832724416428087
9,340,0.5,1839955.6627600484,-2.1929182723943104,10.039415488180168,-7.212626016484394,-7.2126260164843945,8.881784197001252e-16,-0.055324839095900025,-4.523152817052091,2.739889069249346,5.3789463988646045,0.06784475593775464,0.30485356226743676,3.7631428085015592
9,341,0.5,2055236.9659463246,-2.3009886527743557,9.933924405611876,-7.267950855580294,-7.267950855580294,0.0,-0.05189557337009543,-4.576254648497389,2.7443350845505514,5.38339241416581,0.06847276471054145,0.30383924427566855,3.750029347861045
9,342,0.5,2280015.633945555,-2.3721850385383045,9.89532278082417,-7.319846428950389,-7.31984642895039,8.881784197001252e-16,0.08486043049728131,-4.629873910044657,2.7408877081962055,5.379945037811464,0.06865490110873206,0.30269575717782415,3.7352336052954165
9,343,0.5,1924105.9897270594,-2.2787778482668135,9.912416300372588,-7.234985998453108,-7.234985998453107,8.881784197001252e-16,0.0062097150632558495,-4.538803658666966,2.753307349957027,5.392364679572286,0.07034493900869451,0.30162810369773746,3.7393148959547173
9,344,0.5,1900357.4666444978,-2.217964739145517,10.02162308848867,-7.228776283389852,-7.228776283389852,0.0,-0.011091695279451308,-4.5471233042771475,2.7242486286101504,5.36330595822541,0.06924060840653475,0.30054641337225146,3.7121579653932786
9,345,0.5,1942984.9009649202,-2.228989416514255,10.021757124310094,-7.239867978669303,-7.239867978669302,8.881784197001252e-16,0.07099338985869164,-4.558573244080285,2.723532139562775,5.362589469178033,0.07003109236411807,0.29979070151361753,3.702695959321719
9,346,0.5,1685797.2876776054,-2.156202098296106,10.025344981029013,-7.168874588810612,-7.1688745888106125,8.881784197001252e-16,-0.027815115835601922,-4.482645511950826,2.7334008241043124,5.372458153719571,0.0715462180880788,0.29946877717115333,3.709197085468304
9,347,0.5,1782236.1703507025,-2.1978423302187142,9.997694748854999,-7.1966897046462135,-7.1966897046462135,0.0,-0.0036970316572739748,-4.515595372232471,2.723131335212226,5.362188664827486,0.0719883310575491,0.29813627356654876,3.6883149137685582
9,348,0.5,1795462.977097554,-2.1832400701207644,10.034293332365447,-7.2003867363034875,-7.2003867363034875,0.0,-0.04869083254169748,-4.517672014071442,2.726372114848832,5.365429444464091,0.07277317552266824,0.2976980218992724,3.6830066880147627
9,349,0.5,1979104.7178065632,-2.2373907049256063,10.023373727839157,-7.249077568845185,-7.249077568845185,0.0,0.0053116667857660005,-4.566381135348694,2.7263355373777225,5.365392866992981,0.0724179283644507,0.29688318332964625,3.672134197547416
9,350,0.5,1958191.3099520835,-2.2416618226091924,10.004208158900454,-7.243765902059419,-7.243765902059419,0.0,-0.11667810149462898,-4.549203735628798,2.750067003245981,5.389124332861239,0.0739417464344395,0.2961663529282169,3.6698967533567415
9,351,0.5,2472865.127752994,-2.424616418681056,9.871655169745988,-7.360444003554048,-7.360444003554051,2.6645352591003757e-15,-0.04957083445092625,-4.657359531034119,2.7671116154245996,5.406168945039859,0.07367118348636788,0.2957122988433029,3.670399705353865
9,352,0.5,2730593.863740208,-2.4870088981100418,9.846011879789863,-7.410014838004974,-7.410014838004973,8.881784197001252e-16,0.07695917512563444,-4.719076465019124,2.742819416356442,5.3818767459717005,0.07340403862099931,0.2940631614888186,3.6401749447351146
9,353,0.5,2341052.858704416,-2.36965862929134,9.926794067176003,-7.33305566287934,-7.3330556628793415,1.7763568394002505e-15,-0.050458643630980404,-4.653139507798256,2.720774980546909,5.359832310162168,0.07439447226497828,0.2928809304660638,3.620387134832843
9,354,0.5,2589637.8898191736,-2.400283267838559,9.966462077343525,-7.38351430651032,-7.383514306510321,8.881784197001252e-16,-0.002232385258591485,-4.725271353889414,2.677428575626553,5.316485905241811,0.07353082344561573,0.29073210680018285,3.582906526428027
9,355,0.5,2601225.878324792,-2.390812373182651,9.989868637172524,-7.385746691768912,-7.385746691768913,1.7763568394002505e-15,0.07590392064610718,-4.737387794108258,2.6576604657060474,5.296717795321306,0.07371243593667476,0.2894154759045776,3.5629794077439505
9,356,0.5,2234851.950046067,-2.2841469542743753,10.051391633696857,-7.3098427711228045,-7.3098427711228045,0.0,0.013912160667761242,-4.659252050888533,2.662124110853284,5.301181440468542,0.07548641441823667,0.2883595856991173,3.5510323214516872
9,357,0.5,2173525.8463269765,-2.2879476766255875,10.015965867658917,-7.295930610455043,-7.295930610455046,2.6645352591003757e-15,-0.012466753042206236,-4.6335522480746985,2.685699395145432,5.324756724760691,0.07583533992569783,0.2879509701361444,3.5525384780383633
9,358,0.5,2228400.7350728502,-2.324021072848134,9.968752581298233,-7.308397363497249,-7.30839736349725,8.881784197001252e-16,-0.02657808805453321,-4.638266703891126,2.7012039895969884,5.340261319212249,0.07614763884831532,0.2871262102339005,3.5483695149740813
9,359,0.5,2350058.7906459537,-2.3723807323430752,9.925189438417412,-7.334975451551783,-7.334975451551781,1.7763568394002505e-15,0.07214635381464873,-4.6527817439743675,2.7253300855395723,5.36438741515483,0.0767232929909935,0.28727068281264634,3.5562948526400584
9,360,0.5,2034291.574219901,-2.2608969376221273,10.003864320230011,-7.262829097737134,-7.262829097737133,8.881784197001252e-16,-0.039582163848200125,-4.603511072948078,2.6795787199628527,5.318636049578112,0.07612019668710884,0.2858959113053286,3.5296773435636197
9,361,0.5,2201880.934265961,-2.3350312723119,9.934759978546866,-7.302411261585334,-7.302411261585333,8.881784197001252e-16,0.02139850432913537,-4.648318091570421,2.669129010414568,5.308186340029827,0.07696483911403046,0.2843717298040616,3.5097075295085784
9,362,0.5,2109635.02068688,-2.283519779653261,9.994985955205875,-7.281012757256199,-7.281012757256199,0.0,-0.09849742661407923,-4.647578230657023,2.6278117235830942,5.266869053198354,0.07799884097785759,0.2828765665959408,3.4823944826565665
9,363,0.5,2568982.252506391,-2.4027050800341723,9.953610207672213,-7.379510183870278,-7.379510183870279,8.881784197001252e-16,0.036877127993700576,-4.758317687126691,2.603327663871917,5.2423849934871765,0.07841497884338645,0.2812645082709682,3.455534665224454
9,364,0.5,2386327.4535177182,-2.3387110389045938,10.007844033943968,-7.342633055876577,-7.342633055876577,0.0,-0.0596470944063352,-4.722849670646356,2.6005094408451837,5.239566770460442,0.07864953919799096,0.2804409631201797,3.447295648957106
9,365,0.5,2688678.321573893,-2.442143927690569,9.920272445184686,-7.4022801502829125,-7.4022801502829125,0.0,-0.011816128790417046,-4.778299481474321,2.608904008001924,5.247961337617182,0.07892542125549533,0.27967094288648975,3.4381325684069237
9,366,0.5,2752974.6009994945,-2.4384276597959564,9.951337238554748,-7.41409627907333,-7.4140962790733305,8.881784197001252e-16,-0.13914612877516586,-4.794034695030715,2.6010658384699736,5.240123168085232,0.0783253195872384,0.27878921380756727,3.4257447369891905
9,367,0.5,3636327.5507868696,-2.658837416034758,9.788809983627475,-7.553242407848495,-7.553242407848495,0.0,-0.09542922855796299,-4.9353344045542675,2.596758676973195,5.235816006588455,0.07888215770978835,0.2772010098306952,3.4003091691499976
9,368,0.5,4401004.079815541,-2.8067020675212904,9.683939137770334,-7.648671636406458,-7.6486716364064575,8.881784197001252e-16,-0.09490207125402605,-5.021360977103582,2.6155639889904956,5.254621318605755,0.07950622360372153,0.27609102828982257,3.3934427172666566
9,369,0.5,5320870.178455361,-2.9777017097855984,9.531743995749775,-7.7435737076604845,-7.743573707660486,1.7763568394002505e-15,-0.11104891574061515,-5.089853158610511,2.668383768484684,5.307441098099941,0.0805744120125738,0.2759214229081552,3.402180000105736
9,370,0.5,6644136.184040895,-3.1882010950974884,9.332843056607224,-7.8546226234011,-7.8546226234011005,8.881784197001252e-16,-0.07640691279433742,-5.15947445893223,2.7512389993224815,5.390296328937741,0.08297202750025119,0.2757929674270889,3.4208679289053032
9,371,0.5,7741136.5230592135,-3.2762428918993782,9.309573288592116,-7.931029536195437,-7.931029536195436,8.881784197001252e-16,0.01453563492355947,-5.236251811300113,2.750498120175391,5.389555449790651,0.08331193720281188,0.2747903333108801,3.4059010439759496
9,372,0.5,7519331.55147611,-3.235524284575437,9.361939233392878,-7.916493901271878,-7.916493901271876,1.7763568394002505e-15,-0.042979003110098724,-5.235561164782615,2.7228081433632676,5.361865472978527,0.08258855767958437,0.2731566346232753,3.3821820409776415
9,373,0.5,8194270.993786024,-3.280457631246765,9.358030546270424,-7.959472904381976,-7.959472904381977,8.881784197001252e-16,0.149117644557891,-5.2948565775035545,2.6901753241415833,5.329232653756842,0.08400012628258946,0.271691544685107,3.3558584631341537
9,374,0.5,6081187.331410173,-3.0982010554298496,9.42430840878847,-7.810355259824085,-7.810355259824084,8.881784197001252e-16,0.08703861690298886,-5.148381688381524,2.6848898132698635,5.323947142885123,0.08433664849724563,0.27109366151572906,3.3504753903783895
9,375,0.5,5109608.198935509,-2.907679752143082,9.631273781556025,-7.723316642921096,-7.723316642921095,1.7763568394002505e-15,0.06470635148554482,-5.10188627013575,2.603803415955435,5.2428607455706935,0.08261694806687238,0.26901735910105257,3.3096055400597244
9,376,0.5,4489359.426654054,-2.7991547800790526,9.718911022713002,-7.658610291435552,-7.658610291435553,1.7763568394002505e-15,-0.07357241123699243,-5.052546305487193,2.573070642281459,5.212127971896718,0.08353359846454345,0.2678101018717019,3.2849302469140667
9,377,0.5,5201020.453440174,-2.8657885008333857,9.732788403678315,-7.732182702672544,-7.732182702672543,8.881784197001252e-16,-0.08591913099787973,-5.147744591751251,2.5298188922273264,5.168876221842586,0.08432278897900415,0.2659013857780119,3.252875162567583
9,378,0.5,6176137.7056708895,-3.026487854578887,9.583227958183071,-7.818101833670424,-7.818101833670423,8.881784197001252e-16,-0.06445758490974463,-5.214684588294345,2.5677771611368962,5.206834490752155,0.08518119128147648,0.2655375175097271,3.259473836535135
9,379,0.5,7025934.836628339,-3.1132108636123323,9.538697109935672,-7.882559418580168,-7.882559418580168,0.0,-0.04567532741920832,-5.281229167028323,2.5636031734884313,5.202660503103689,0.08470139861712433,0.2650144619343158,3.2489944666803607
9,380,0.5,7697987.522883289,-3.174120422125702,9.508228647747346,-7.928234745999377,-7.928234745999375,1.7763568394002505e-15,-0.01306051668575936,-5.324413728769143,2.5685847048452115,5.20764203446047,0.08508862400445688,0.2644956148625787,3.2448075602064863
9,381,0.5,7901716.1290425435,-3.1654902472108333,9.551610030948606,-7.941295262685136,-7.941295262685136,0.0,0.018822281795004336,-5.349323251341405,2.5448866930722036,5.183944022687462,0.08590498050310193,0.26249104269183404,3.2148714988922023
9,382,0.5,7609788.6880154945,-3.117720137949921,9.609505685880425,-7.922472980890132,-7.9224729808901335,1.7763568394002505e-15,-0.1421108253171104,-5.343389797224678,2.5191090377156464,5.158166367330905,0.08539519597677889,0.2610319190427928,3.1924952506050626
9,383,0.5,10111334.82464505,-3.319657999519023,9.48985161337644,-8.064583806207242,-8.064583806207242,0.0,0.018538605954510956,-5.475524301135741,2.539061680527745,5.178119010143004,0.0870417365474587,0.2599428330850928,3.1799339911933773
9,384,0.5,9743299.739217224,-3.295993496110553,9.500103408284357,-8.046045200252731,-8.046045200252731,0.0,-0.01787553945773901,-5.453292704164533,2.5464476625611363,5.185504992176396,0.08744152310280788,0.2593500445716355,3.176879736262458
9,385,0.5,10097934.737038273,-3.3439476052187707,9.439946268983398,-8.06392073971047,-8.06392073971047,0.0,0.04597585165741869,-5.468811141300106,2.551161867205469,5.190219196820727,0.08636845236461545,0.2586791194625303,3.174139827080315
9,386,0.5,9210823.114904672,-3.251659957738316,9.532569860629472,-8.017944888053051,-8.017944888053051,0.0,-0.0023316309009810965,-5.441251933628263,2.5143285792343186,5.153385908849578,0.0878380700870367,0.2569291278668014,3.1407452161491016
9,387,0.5,9253875.899685543,-3.242890349856479,9.554772338195102,-8.020276518954033,-8.02027651895403,1.7763568394002505e-15,0.10296125313730542,-5.450376215826445,2.500743276639913,5.139800606255172,0.08833984302654407,0.25602836908115995,3.1280657220008536
9,388,0.5,7531693.927388027,-3.109094256712651,9.616442018208152,-7.917315265816727,-7.917315265816727,0.0,0.017981236280252944,-5.360248153146137,2.4750768957259237,5.114134225341182,0.08920219450558173,0.2548569809643609,3.1084584229317245
9,389,0.5,7265648.0965939015,-3.1003087887961454,9.598050481480659,-7.899334029536474,-7.899334029536474,0.0,-0.027166532823885703,-5.338619469140072,2.482371791177543,5.121429120792802,0.08927092322566946,0.2546666847747147,3.1071138810682273
9,390,0.5,7671334.323114057,-3.2099421081179216,9.433116908484878,-7.92650056236036,-7.926500562360361,8.881784197001252e-16,0.014425612647689157,-5.331346605685674,2.5512505837341126,5.190307913349372,0.09196752246869841,0.25465446727831176,3.1210143340107854
9,391,0.5,7453169.226471126,-3.178711226026675,9.466727447371989,-7.912074949712671,-7.91207494971267,8.881784197001252e-16,-0.07461936988451878,-5.326484558817432,2.532123452175218,5.171180781790477,0.09096097074497983,0.2534192082926149,3.099074874984576
9,392,0.5,8652757.715978466,-3.2469080566492954,9.479572525895788,-7.98669431959719,-7.98669431959719,0.0,0.018384751444211034,-5.425327932771681,2.483675444035761,5.122732773651019,0.0908036738041714,0.2517527421245601,3.0687331426094375
9,393,0.5,8340378.327419141,-3.2340232757459826,9.468572584813987,-7.9683095681529785,-7.968309568152977,1.7763568394002505e-15,0.06935544787333559,-5.404182230496089,2.489197345698521,5.128254675313778,0.09249949003404007,0.2513820926051027,3.065696844402744
9,394,0.5,7260129.619442405,-3.0837744026280705,9.630359435303145,-7.898954120279643,-7.898954120279643,0.0,-0.04884591904829083,-5.363869188590644,2.431112533762737,5.070169863377997,0.09215852914637401,0.2501823950109126,3.0370591145104435
9,395,0.5,8005185.511964078,-3.134991176799989,9.62561772505589,-7.947800039327934,-7.947800039327934,0.0,-0.013755266706459324,-5.416980658454479,2.4225814321316514,5.061638761746911,0.09202890090851319,0.24943803039531004,3.0241070306963556
9,396,0.5,8228469.686683231,-3.161537769068075,9.600035073932634,-7.961555306034393,-7.961555306034392,8.881784197001252e-16,-0.018458567949350524,-5.425986896739715,2.432079488974097,5.071136818589356,0.0928120089248113,0.24920254773056205,3.0254866736735146
9,397,0.5,8537918.049829915,-3.162071337104395,9.635885073758697,-7.980013873983744,-7.980013873983744,0.0,-0.0021118489892266723,-5.45601596923574,2.4089384798807485,5.047995809496007,0.0933205351158409,0.24760023291724684,2.998742940273025
9,398,0.5,8574055.90099786,-3.2021342455322745,9.559982954881395,-7.98212572297297,-7.982125722972972,1.7763568394002505e-15,-0.08098150000889959,-5.431391286117981,2.46241154409472,5.101468873709979,0.09401679880707334,0.24717230953458819,3.0061040062735556
9,399,0.5,10081518.417944165,-3.2634798311478908,9.599254783667956,-8.06310722298187,-8.063107222981868,1.7763568394002505e-15,0.08289853130283209,-5.530914826498879,2.4253274633507225,5.064384792965981,0.09342456120772186,0.2456713015439285,2.983364538607586
9,400,0.5,8541245.373043425,-3.1372272378086237,9.685962907740828,-7.980208691679038,-7.980208691679038,0.0,-0.01101254198948709,-5.4620587250673385,2.3972426036081407,5.0362999332233995,0.09529807006272685,0.24450023671722076,2.9654381939348307
9,401,0.5,8731454.011092434,-3.1428145762413133,9.69681331485442,-7.991221233668525,-7.991221233668524,8.881784197001252e-16,-0.07366821547893831,-5.4820497897458695,2.3792855582300523,5.01834288784531,0.0962574942772005,0.24357641150537668,2.9483839405499563
9,402,0.5,10117517.63039418,-3.2300779393964065,9.669623019502115,-8.064889449147463,-8.064889449147465,1.7763568394002505e-15,-0.13576431476308137,-5.554588439690559,2.3815446892985497,5.0206020189138085,0.09738109480046517,0.24233149659693715,2.9350342784581422
9,403,0.5,13273863.744855834,-3.417222350940842,9.566862825939404,-8.200653763910545,-8.200653763910545,0.0,-0.02993806766324525,-5.679144168934882,2.403961860336067,5.043019189951325,0.09934577830042146,0.24105676093487988,2.9275353087430127
9,404,0.5,14092927.914121954,-3.4671742751120664,9.526835112923445,-8.23059183157379,-8.23059183157379,0.0,0.055022630192286925,-5.709044364314884,2.4040376049025545,5.043094934517812,0.09931562449361808,0.24019478261237545,2.9111271461907964
9,405,0.5,12624354.49567361,-3.39595252335201,9.559233356058986,-8.175569201381503,-8.175569201381503,0.0,-0.041956313442790716,-5.655587591393254,2.4009058903612392,5.039963219976498,0.10118282601200475,0.239526544193977,2.9044568379553053
9,406,0.5,13729413.081192771,-3.457360490251294,9.520330049145997,-8.217525514824294,-8.217525514824292,1.7763568394002505e-15,0.029643791343159975,-5.695875607497163,2.404242485039,5.04329981465426,0.1032646756504841,0.23856499121107475,2.8922696302683284
9,407,0.5,12939089.05509825,-3.4031649852886123,9.569433476385042,-8.187881723481134,-8.187881723481134,0.0,-0.02989355696123397,-5.679130969439855,2.3784441784672947,5.017501508082554,0.10232838564906196,0.23754838621850025,2.8761364978978974
9,408,0.5,13736273.065126311,-3.4299431950094967,9.57566417086574,-8.217775280442368,-8.217775280442368,0.0,-0.0010136285993560534,-5.710527768336396,2.375437694596685,5.014495024211945,0.10174067810558707,0.23684783591901323,2.8702006755344067
9,409,0.5,13764148.26913835,-3.4641587266295666,9.509260364824318,-8.218788909041724,-8.218788909041725,1.7763568394002505e-15,-0.13596489681919444,-5.717362441423933,2.363795605620323,5.002852935235581,0.10126840395605434,0.2360264571110701,2.8538795846419873
9,410,0.5,18065373.753504857,-3.6441860773986936,9.421135456924448,-8.354753805860918,-8.354753805860918,0.0,0.013708486491401217,-5.844505165929108,2.381439950248366,5.0204972798636245,0.10234588131888565,0.23510649751976703,2.846903108025485
9,411,0.5,17576804.04468119,-3.6217951234267054,9.438500391885627,-8.341045319369517,-8.341045319369519,1.7763568394002505e-15,-0.06418685892803566,-5.844475846408594,2.3540816163065847,4.993138945921844,0.10550661020908618,0.23295879661483376,2.814153590549022
9,412,0.5,19984436.560196552,-3.7267133013872646,9.35703775382057,-8.405232178297553,-8.405232178297549,3.552713678800501e-15,-0.06967169562318176,-5.8960485404603515,2.3793099460591414,5.018367275674399,0.10679675369003983,0.23233579366904167,2.8108338003048448
9,413,0.5,22972484.872252844,-3.810824227210873,9.32815929341972,-8.474903873920734,-8.474903873920733,1.7763568394002505e-15,0.03160403641836673,-5.96821999516584,2.3743104278945295,5.013367757509789,0.10825140974853822,0.23089757574250752,2.790631470182405
9,414,0.5,21565377.109172422,-3.7771349102726925,9.332329854459351,-8.443299837502368,-8.443299837502368,0.0,-0.011574186476389414,-5.934255564837788,2.3790312157139,5.018088545329158,0.10912008987575272,0.23020430037177778,2.7873058299877056
9,415,0.5,22070403.21650513,-3.793866406953673,9.322015234050166,-8.454874023978757,-8.454874023978757,0.0,-0.07276009322684374,-5.941603283305365,2.387484151731524,5.026541481346783,0.11173899952819069,0.2291685154397761,2.7792007039583715
9,416,0.5,25527535.074793078,-3.8651749333532797,9.324918367704644,-8.5276341172056,-8.5276341172056,0.0,-0.08507252789038056,-6.030573247182177,2.3550644104315874,4.994121740046846,0.11016329059322338,0.22797564543451093,2.7569532048153422
9,417,0.5,30262300.569677908,-3.9662112532849414,9.292990783622077,-8.612706645095981,-8.61270664509598,1.7763568394002505e-15,0.029656698374983748,-6.1194932476358,2.347369465305103,4.986426794920361,0.1114321327054024,0.22675919749178133,2.74348580546309
9,418,0.5,28519536.26662013,-3.9143804357812524,9.33733902187949,-8.583049946720998,-8.583049946720998,0.0,-0.046033696098850996,-6.109905447601672,2.307231668623394,4.946288998238653,0.10915606064206092,0.2251954490253928,2.7123435135435137
9,419,0.5,31269923.582644716,-3.9725297267158663,9.313107832207958,-8.629083642819849,-8.629083642819845,3.552713678800501e-15,0.046966068931563854,-6.156118728235976,2.306872499552482,4.94592982916774,0.11024263255879667,0.22417953835723534,2.703190112545101
9,420,0.5,28466404.139335286,-3.9424654507906984,9.279304246195174,-8.582117573888285,-8.582117573888286,1.7763568394002505e-15,0.008009228313706984,-6.100660042255554,2.3238577336502027,4.962915063265462,0.11011765506430429,0.2242396012926225,2.7043836193161566
9,421,0.5,28014048.967619043,-3.932181720805694,9.283853249537765,-8.574108345574578,-8.574108345574576,1.7763568394002505e-15,-0.0639815738766849,-6.097408599709006,2.3143421621158815,4.953399491731141,0.11088818832064637,0.22352791124092602,2.6926755302541587
9,422,0.5,31838278.138151888,-4.035021704805696,9.206136429291137,-8.638089919451263,-8.638089919451264,1.7763568394002505e-15,0.041984681734945184,-6.1447048067423635,2.3477128958025384,4.986770225417797,0.11449751205635837,0.2232066852164522,2.6976677092281642
9,423,0.5,29274004.900661375,-3.9830810622525012,9.22604835092763,-8.596105237716317,-8.596105237716316,1.7763568394002505e-15,-0.12447752922640909,-6.104850462601445,2.343452220614484,4.982509550229743,0.11337098453044431,0.2228271506823687,2.690713035439124
9,424,0.5,37549309.00040734,-4.167717512546225,9.105730508793004,-8.720582766942726,-8.720582766942726,0.0,-0.08245614883718133,-6.211717943462774,2.378672317344645,5.017729646959904,0.11375221800858681,0.22231300310294244,2.68775120798933
9,425,0.5,44281512.8854804,-4.299130236943214,9.007817357673392,-8.803038915779908,-8.803038915779911,3.552713678800501e-15,0.06283064344307476,-6.262373883367459,2.442272735209637,5.081330064824897,0.11704934427587972,0.2225451000557154,2.709534427463774
9,426,0.5,39052464.53981362,-4.133075719501306,9.214265105671055,-8.740208272336833,-8.740208272336833,0.0,0.12645764605754373,-6.273826496006461,2.2937062230454868,4.932763552660746,0.11308101140649268,0.21951114825868423,2.6432120419332046
9,427,0.5,30325553.125893492,-3.9718921921982693,9.283716868162042,-8.61375062627929,-8.613750626279291,1.7763568394002505e-15,-0.0570685288149555,-6.163358559392952,2.2617268041574166,4.900784133772675,0.11385141158677213,0.21850220978351456,2.6245578523824102
9,428,0.5,33992086.659713104,-4.055227534401762,9.231183241384969,-8.670819155094245,-8.670819155094247,1.7763568394002505e-15,-0.03487782313436938,-6.219533757213901,2.2635134661454295,4.902570795760689,0.11345285146031035,0.21790910533313787,2.6176755823712905
9,429,0.5,36447883.775830075,-4.119921478992698,9.171550998471831,-8.705696978228614,-8.705696978228612,1.7763568394002505e-15,0.014602808736704276,-6.257332355914719,2.25767191501253,4.896729244627788,0.11614703637106766,0.21647690610931117,2.5975589000198362
9,430,0.5,35398795.0356536,-4.113248570992444,9.15569119699893,-8.69109416949191,-8.691094169491908,1.7763568394002505e-15,0.08077919818772727,-6.239595287020421,2.263940435327719,4.902997764942978,0.11605932610337334,0.21633162383723645,2.595784098738748
9,431,0.5,30117891.123008326,-3.982376759280004,9.25587642404836,-8.610314971304183,-8.610314971304184,1.7763568394002505e-15,0.05324589695480597,-6.184053794512047,2.213465023969016,4.852522353584275,0.11586556163186057,0.21438191577180632,2.561550684099764
9,432,0.5,27075454.80553891,-3.899751325010855,9.314635498677044,-8.557069074349377,-8.557069074349377,0.0,0.015173899688928572,-6.1399502645800785,2.195180289923336,4.834237619538595,0.11698883504891545,0.21302471558197997,2.54178819516829
9,433,0.5,26266117.256772216,-3.8675779571392956,9.348634435042303,-8.541895174660448,-8.541895174660446,1.7763568394002505e-15,0.005990726896719423,-6.12976882465931,2.185195370387015,4.824252700002274,0.11829496617004072,0.21186080916470884,2.5254387835445877
9,434,0.5,25953288.79872284,-3.8932560421825086,9.285296811162441,-8.535904447763729,-8.535904447763729,0.0,-0.036731076450296385,-6.105826936065446,2.221097693781305,4.860155023396564,0.1186089548489948,0.21180220002790634,2.531537856225632
9,435,0.5,27931651.005247295,-3.9349784444748988,9.275314159478254,-8.572635524214025,-8.572635524214025,0.0,-0.05517823110900011,-6.162059482913745,2.1820947529853,4.821152082600558,0.11893967486482361,0.21032377225214577,2.5108010108267536
9,436,0.5,31190605.779998567,-4.008264070957007,9.239099368732036,-8.627813755323025,-8.627813755323025,0.0,-0.08171277046656122,-6.216499534559352,2.1835711119120877,4.822628441527347,0.11985079048284976,0.20891891998821502,2.4938876304094113
9,437,0.5,36728113.3673165,-4.11018745798993,9.198678135599314,-8.709526525789586,-8.709526525789588,1.7763568394002505e-15,-0.07956288460200334,-6.286437408432931,2.2071209050980523,4.846178234713312,0.12013946090446713,0.20840742548513475,2.4929792952594383
9,438,0.5,43063176.69138083,-4.231412784158759,9.115353252465663,-8.78908941039159,-8.78908941039159,0.0,0.010224440414173586,-6.355808552066383,2.2275043870351547,4.866561716650414,0.12114714473332108,0.20737829446031025,2.483410195387965
9,439,0.5,42191525.443070024,-4.186593824839681,9.18454229027547,-8.778864969977416,-8.778864969977416,0.0,0.011070259727548049,-6.3793479784771465,2.159976653385281,4.799033983000539,0.12208737606258083,0.20539914640255688,2.4473016091519146
9,440,0.5,41267648.45167568,-4.178059075361103,9.179471269777531,-8.767794710249868,-8.76779471024987,1.7763568394002505e-15,0.014128753428323648,-6.369737208132279,2.15705767461992,4.796115004235178,0.12250626635838464,0.20505438898909537,2.4421155078455064
9,441,0.5,40117849.32815984,-4.181684290588673,9.143963332465741,-8.753665956821544,-8.753665956821543,1.7763568394002505e-15,-0.08774742388247425,-6.351789677699072,2.1646952286296823,4.803752558244942,0.124279183964017,0.20440905927965705,2.431979752476029
9,442,0.5,47813890.974646166,-4.260462048896882,9.161902663614276,-8.841413380704019,-8.841413380704019,0.0,0.06069231657151697,-6.452449373806224,2.13887068418033,4.777928013795588,0.1251657183217542,0.20247169244096283,2.4048807958268794
9,443,0.5,42348439.39748783,-4.189208175657712,9.18302577694958,-8.780721064132502,-8.780721064132504,1.7763568394002505e-15,-0.06425379396761421,-6.401005811836911,2.1203731749759216,4.75943050459118,0.1267176286747906,0.20190357205961643,2.3939344174210695
9,444,0.5,48155682.99795332,-4.26712776657932,9.15569418304159,-8.844974858100116,-8.844974858100116,0.0,0.0214881018425217,-6.463988919248121,2.122914548088733,4.761971877703991,0.12646176109917784,0.2012546213303665,2.3857681962236876
9,445,0.5,46129974.95054884,-4.247208244740739,9.15255702303371,-8.823486756257594,-8.823486756257594,0.0,0.13775300783968802,-6.4425177477155255,2.1228806874688773,4.761938017084136,0.12883650203815467,0.20081925909380619,2.3820044201337747
9,446,0.5,35021317.19749548,-4.096211591988627,9.179044312858556,-8.685733748417906,-8.685733748417906,0.0,-0.08944099967418495,-6.30938157191009,2.1136470234003712,4.75270435301563,0.13094690849141427,0.20065283409117218,2.378970415991499
9,447,0.5,41881279.546418324,-4.216310234772805,9.117729026638573,-8.775174748092091,-8.775174748092091,0.0,-0.12517360070029682,-6.394066234953981,2.1231596966609607,4.762217026276219,0.13173723229409218,0.19980268757745073,2.369486108161321
9,448,0.5,53795301.983094715,-4.386842513373253,9.027011670838267,-8.900348348792388,-8.900348348792386,1.7763568394002505e-15,0.046673567116139125,-6.504658255827992,2.152322856313533,4.791380185928793,0.1335919941452053,0.19933749805009987,2.3696494741966085
9,449,0.5,49000916.665176444,-4.2822942476564885,9.142761068039519,-8.853674781676249,-8.853674781676247,1.7763568394002505e-15,-0.02540908527561747,-6.483745324294104,2.1008015851490316,4.739858914764291,0.12940976813833346,0.19806621417883952,2.346311403754297
9,450,0.5,51555411.2543056,-4.307747953800787,9.142671826302161,-8.879083866951866,-8.879083866951866,0.0,0.0463762006342332,-6.5169244990958335,2.08526140609681,4.724318735712069,0.12966266692667594,0.19694900614861752,2.3299389692450494
9,451,0.5,46988588.51472859,-4.250565017917829,9.164285296799608,-8.832707666317633,-8.832707666317633,0.0,-0.0845193705523215,-6.469197197162717,2.087963608694575,4.727020938309833,0.13262313479596657,0.1963002394192409,2.319926611023091
9,452,0.5,55642289.56190854,-4.3667732848379845,9.100907504063935,-8.917227036869955,-8.917227036869953,1.7763568394002505e-15,0.004099671614921974,-6.549611623818871,2.096173496486903,4.735230826102162,0.13338871504473268,0.1953315822612956,2.309617269212206
9,453,0.5,55187924.62428129,-4.364699017309439,9.096856695891184,-8.913127365255033,-8.913127365255031,1.7763568394002505e-15,-0.028534836171269617,-6.54051905400189,2.1061592928910273,4.745216622506286,0.1344297235038317,0.1951244281676214,2.308141952585385
9,454,0.5,58429087.816773966,-4.4462761436733915,8.99077211550582,-8.941662201426302,-8.9416622014263,1.7763568394002505e-15,-0.18750724551244424,-6.535458629373251,2.173349814490847,4.812407144106106,0.1382392000182848,0.19522895165714677,2.317420002781881
9,455,0.5,85015053.08370292,-4.683348544593982,8.891641804689531,-9.129169446938747,-9.129169446938747,0.0,0.010230997131690955,-6.712955285741231,2.1933709927797724,4.832428322395032,0.13997997012023597,0.19412983191678088,2.3095467944910624
9,456,0.5,83293152.39480361,-4.660306784124703,8.917263331364705,-9.118938449807056,-9.118938449807056,0.0,0.07860792195162603,-6.709751461203117,2.1793166475926196,4.818373977207878,0.1413894551060288,0.1929357578205068,2.293428504243732
9,457,0.5,71175630.93945478,-4.537881169716597,9.004898716277669,-9.04033052785543,-9.040330527855431,1.7763568394002505e-15,-0.027851368449995917,-6.669231350377707,2.103141025340185,4.742198354955444,0.13991249168136496,0.19124992135521238,2.263062576242288
9,458,0.5,75252809.21150875,-4.577954485327718,8.980454821955416,-9.068181896305425,-9.068181896305425,0.0,0.02483397344862226,-6.705032214870407,2.0872420332547774,4.726299362870036,0.1376919082293481,0.19088846773192067,2.2591177839333363
9,459,0.5,71606459.59821174,-4.541565207997188,9.003565429719231,-9.043347922856803,-9.043347922856803,0.0,-0.1851972111682798,-6.691894502964115,2.063849510170119,4.702906839785378,0.14126239314002814,0.18937449882612717,2.236587507012242
9,460,0.5,103708046.8981823,-4.839423445868152,8.778243376313858,-9.228545134025083,-9.228545134025081,1.7763568394002505e-15,0.0703365482392595,-6.836013721478005,2.146005495478897,4.7850628250941565,0.14496292698928742,0.1890064220028939,2.243877726799916
9,461,0.5,90098779.06254907,-4.744171394753225,8.828074382065198,-9.158208585785824,-9.158208585785825,1.7763568394002505e-15,-0.10746100041589024,-6.775303409505974,2.1267530229444387,4.765810352559698,0.1467651730904286,0.1882790481163215,2.233160636583362
9,462,0.5,111701330.17217875,-4.908750379828605,8.713838412746219,-9.265669586201714,-9.265669586201714,0.0,-0.0539764443884696,-6.868861467315162,2.1545589081578465,4.793616237773106,0.1512992184607568,0.1867390838087459,2.2160237730579966
9,463,0.5,124434752.623506,-4.933486870117671,8.772318320945022,-9.319646030590183,-9.319646030590182,1.7763568394002505e-15,-0.07014777722285004,-6.9522511992260965,2.095732333112918,4.7347896627281765,0.14843289542090118,0.18500271039493613,2.1880147866716286
9,464,0.5,143176345.76282418,-5.01495832552198,8.749670964582108,-9.389793807813033,-9.389793807813035,1.7763568394002505e-15,-0.04808817819898614,-7.017676013442615,2.1051782591255814,4.744235588740841,0.15152396838870105,0.18458442779659764,2.1865209572501283
9,465,0.5,157630457.0364444,-5.091823723264167,8.692116525495706,-9.43788198601202,-9.43788198601202,0.0,-0.05054939832952776,-7.054230082948524,2.128246476511733,4.767303806126992,0.150605145484597,0.18431448426089617,2.1850226695268553
9,466,0.5,174400121.948186,-5.158308260577041,8.660246247529015,-9.488431384341547,-9.488431384341549,1.7763568394002505e-15,-0.036354080819164025,-7.109669675700027,2.1184660876677794,4.757523417283039,0.1541123775603415,0.18299272932087282,2.1691996834813243
9,467,0.5,187552793.73358375,-5.1593768006758856,8.730817328969652,-9.524785465160711,-9.524785465160711,0.0,-0.0690517512235651,-7.1706288733557475,2.069255853994666,4.708313183609924,0.1515000869030998,0.18145058348237994,2.144692407872547
9,468,0.5,215328307.44518706,-5.232080325270676,8.723513782227199,-9.593837216384276,-9.593837216384276,0.0,0.047676131947165246,-7.244584032156424,2.059449038840446,4.698506368455705,0.1510157224663894,0.18032737414998837,2.131340900938009
9,469,0.5,195744768.8545403,-5.174654349406682,8.74301347006086,-9.546161084437111,-9.546161084437113,1.7763568394002505e-15,0.0215745280821249,-7.208242457477603,2.036779924303757,4.675837253919016,0.14935399017007756,0.17952251980378597,2.1196536210376586
9,470,0.5,187478196.76813713,-5.1739482388688,8.701276634972375,-9.524586556354986,-9.524586556354986,0.0,0.024582686135925513,-7.1792095849440765,2.051696613206559,4.690753942821819,0.15207661399836467,0.17912290513705456,2.114062093278062
9,471,0.5,178483682.49974048,-5.143525227115019,8.712957286208084,-9.50000387021906,-9.50000387021906,0.0,0.028726769127880303,-7.164392161103785,2.0321660886152935,4.671223418230552,0.15352312545148664,0.17794406105197008,2.0986223381092555
9,472,0.5,168518181.19153273,-5.174480541532335,8.59359311911769,-9.47127710109118,-9.47127710109118,0.0,-0.008627997382166797,-7.095902035527475,2.111692801512153,4.750750131127412,0.15856340358226087,0.17891541833900623,2.1223257396993715
9,473,0.5,171451364.7600319,-5.172141619992271,8.615526956962151,-9.479905098473347,-9.479905098473346,1.7763568394002505e-15,0.11207641182927475,-7.111504756345545,2.097743354640346,4.736800684255605,0.1601772281863601,0.17795354404283192,2.1082669203378566
9,474,0.5,137022728.74609524,-5.024926396191161,8.685804580905819,-9.367828686644073,-9.36782868664407,1.7763568394002505e-15,0.01718355678152861,-7.018324361708037,2.0599513202568143,4.699008649872073,0.15980333428600718,0.17718965578540932,2.0983921822870046
9,475,0.5,132393652.66549891,-4.975991266311343,8.749307727102398,-9.350645129862544,-9.350645129862542,1.7763568394002505e-15,0.021346762607645786,-7.016137287010933,2.0299583560879593,4.669015685703218,0.15687836470370123,0.1762051724120878,2.088174024744071
9,476,0.5,126860261.37497272,-4.962385140534993,8.733826453439809,-9.329298367254898,-9.329298367254896,1.7763568394002505e-15,-0.06620583766051524,-7.00334752171314,2.0128443614682574,4.651901691083516,0.15908047306200152,0.1753918275078831,2.073520435125309
9,477,0.5,144820906.56240672,-4.9813509262087345,8.828306557413358,-9.395504204915413,-9.395504204915413,0.0,0.10941324279098374,-7.106987655273177,1.9379757696692148,4.577033099284473,0.1571881653303158,0.17294664069764992,2.033587954024109
9,478,0.5,116357967.51778772,-4.858278586129021,8.855624751990815,-9.28609096212443,-9.28609096212443,0.0,-0.10190325612562567,-6.988769246547847,1.9555861015379072,4.594643431153165,0.15880311530665833,0.17353377249172497,2.0424455521445726
9,479,0.5,142661954.69590822,-5.013293855653179,8.749400725193752,-9.387994218250055,-9.387994218250055,0.0,-0.004431471859051683,-7.067252609294032,2.0024258882967882,4.641483217912047,0.16100335228582055,0.17309032879469316,2.040850144434646
9,480,0.5,143931979.33599928,-4.987271661135726,8.810308057946761,-9.392425690109107,-9.392425690109107,0.0,0.07917134196918596,-7.096515893182277,1.9527622642384013,4.591819593853659,0.16101543590623352,0.17215042431553643,2.025119755046389
9,481,0.5,122854181.80512117,-4.906859508258863,8.812789679762119,-9.313254348139921,-9.313254348139923,1.7763568394002505e-15,-0.11591921159934238,-7.007262720613049,1.9729259254384865,4.611983255053746,0.15953751895347698,0.17294367961730317,2.0383370372882035
9,482,0.5,154908800.75276324,-5.0859371600639935,8.686472799350542,-9.429173559739263,-9.429173559739265,1.7763568394002505e-15,-0.13638130965483697,-7.09341224351737,2.0324653028285264,4.671522632443785,0.16286005199933332,0.1725971716104005,2.0382685159607496
9,483,0.5,203486401.7583995,-5.305635667794314,8.51983840319957,-9.5655548693941,-9.565554869394099,1.7763568394002505e-15,0.06812649841768881,-7.187774086083576,2.1165042370057874,4.755561566621046,0.1673231070660936,0.17291508535815034,2.0496388989571566
9,484,0.5,177566677.095815,-5.220818421770672,8.553219898411474,-9.497428370976412,-9.497428370976408,3.552713678800501e-15,-0.08103690682490594,-7.109643976859473,2.1365114586186205,4.775568788233881,0.17063555259842653,0.1729187082904644,2.051364470977981
9,485,0.5,208809008.1666308,-5.344240951226224,8.46844865315019,-9.578465277801318,-9.57846527780132,1.7763568394002505e-15,-0.019109030513833503,-7.17918808735777,2.159497051271835,4.7985543808870945,0.17098875718082968,0.17220121639067168,2.045218118490367
9,486,0.5,216943740.30648828,-5.317409820819287,8.560328974991723,-9.597574308315151,-9.59757430831515,1.7763568394002505e-15,-0.03105715736065484,-7.248176853338009,2.05973758033902,4.6987949099542785,0.1724634196362383,0.16943940902367563,1.9993815955338312
9,487,0.5,230846358.239393,-5.364673758578285,8.527915414195043,-9.628631465675806,-9.628631465675806,0.0,-0.0804439304242468,-7.292819230274794,2.032567141186766,4.6716244708020245,0.17322405786609985,0.16797451141598302,1.9785609147324947
9,488,0.5,271141339.86455595,-5.439344824872512,8.539461142455082,-9.709075396100053,-9.709075396100053,0.0,0.10042780252987704,-7.401326887440738,1.9764396877033679,4.615497017318629,0.17279891033498856,0.16590400527396307,1.9481870231931513
9,489,0.5,221801897.34294143,-5.2804101520372795,8.656474883065792,-9.608647593570176,-9.608647593570176,0.0,-0.07280119246834538,-7.334275131001742,1.9096875955216066,4.548744925136865,0.17255823765723807,0.1647071296073934,1.9247313464806317
9,490,0.5,256566275.20796368,-5.356011513691272,8.650874544694501,-9.681448786038521,-9.681448786038523,1.7763568394002505e-15,0.014836009326455013,-7.417936372812071,1.8879674968376394,4.527024826452899,0.17403368298825828,0.16342738505410453,1.9079766745721065
9,491,0.5,249065271.20317692,-5.331451600503376,8.670322352417383,-9.666612776712066,-9.666612776712068,1.7763568394002505e-15,-0.0012061955711804018,-7.408913205987271,1.8763418118343307,4.515399141449589,0.17503953210070383,0.1629358402675363,1.89988011483914
9,492,0.5,249666839.3744191,-5.3358979500989845,8.663842044368522,-9.667818972283246,-9.667818972283246,0.0,-0.05162899768696683,-7.411919214865064,1.8727421852211066,4.511799514836366,0.1728665921370219,0.16268969749157103,1.8973564852361025
9,493,0.5,276824956.9238131,-5.409600694559932,8.619694550820563,-9.719447969970213,-9.719447969970215,1.7763568394002505e-15,0.029841430208213282,-7.466802899159663,1.8662328120058416,4.5052901416211,0.17377676107715584,0.16131964819922257,1.8812127654315434
9,494,0.5,260786619.08836505,-5.376446767893628,8.626319543736743,-9.689606539762,-9.689606539762,0.0,-0.06841392873452534,-7.432564542453004,1.875026665002734,4.514083994617994,0.17333005579257824,0.16162630660016628,1.8881410488764516
9,495,0.5,299025956.0123371,-5.493642377780535,8.52875618143198,-9.758020468496525,-9.758020468496525,0.0,-0.1339128776577958,-7.4758844050593085,1.9252147972591778,4.564272126874436,0.17882342005348936,0.1610856175186394,1.8844436172858496
9,496,0.5,390862616.71578765,-5.697670625274158,8.388525441760327,-9.891933346154321,-9.891933346154321,0.0,0.16026985564383267,-7.587025604818708,1.9707581530559681,4.609815482671228,0.181243101691476,0.16049275353891426,1.8800037664633444
9,497,0.5,283671370.79296213,-5.473980990138338,8.515365000744296,-9.731663490510488,-9.731663490510485,3.552713678800501e-15,-0.03984394299166105,-7.466354592282966,1.8915604668397867,4.530617796455046,0.18013838868196294,0.1593884778203069,1.8579167294502346
9,498,0.5,307201630.55019814,-5.503443808320714,8.536127250362869,-9.77150743350215,-9.771507433502148,1.7763568394002505e-15,0.009023663739160526,-7.517625232156683,1.8687070730756736,4.507764402690932,0.18173807441072395,0.15799957086829655,1.841042388940115
9,499,0.5,301707191.2248831,-5.502207313225605,8.520552913074766,-9.762483769762989,-9.762483769762987,1.7763568394002505e-15,0.005567834738442912,-7.506466097108799,1.8729780156931213,4.512035345308381,0.1831187835277292,0.1575085708407036,1.8356010935158538
9,500,0.5,298366116.74042,-5.491518836168979,8.530794197711137,-9.756915935024546,-9.756915935024548,1.7763568394002505e-15,,-7.5072468358305215,1.860280868772794,4.4993381983880525,0.18529338243905263,0.15646530707661574,1.8199893936999505
