seed,epoch,temperature,Z,E,S,F,F_check,err,delta_F,F_data,KL,NLL,data_mass,recon_sq,recon_ce
40,1,1.0,62.74154477595375,0.009181418531983468,4.148205242858692,-4.139023824326708,-4.139023824326709,8.881784197001252e-16,-0.0013844289625559725,-1.3640295095260893,0.9832348455725638,2.774994314800619,0.37550505122115113,0.4991787622353742,2.7717018257528903
40,2,1.0,62.8284661420423,0.006756749174339098,4.147165002463603,-4.140408253289264,-4.140408253289264,0.0,0.03337296721887206,-1.3645492366112706,0.9840995474499383,2.7758590166779933,0.3756456288894781,0.49909723720460725,2.7722315131218065
40,3,1.0,60.76629556904086,0.038347855868302604,4.145383141938694,-4.107035286070392,-4.107035286070392,0.0,0.004140475433144886,-1.3297703895293884,0.9855054273129488,2.777264896541004,0.3756771790802089,0.4990242962413016,2.7733307539982994
40,4,1.0,60.515214371540516,0.04468187094482119,4.147576681582068,-4.102894810637247,-4.102894810637247,0.0,-0.01611338432034337,-1.327819763266648,0.9833155781425442,2.775075047370599,0.37557686366335824,0.49907228275463017,2.7713427073177024
40,5,1.0,61.49821776474934,0.02925061134220092,4.148258806299792,-4.1190081949575905,-4.1190081949575905,0.0,0.0006238583210436133,-1.3445778333343232,0.9826708923952124,2.7744303616232675,0.3754995851859181,0.49909690626640413,2.7708049310999936
40,6,1.0,61.45986355490791,0.028845803867782877,4.14723014050433,-4.118384336636547,-4.118384336636548,8.881784197001252e-16,-0.015193562099648616,-1.3432289688968497,0.9833958985116422,2.7751553677396967,0.3752188483340566,0.4990915206956563,2.7715085332795564
40,7,1.0,62.40078770268648,0.015388612820377248,4.148966511556573,-4.1335778987361955,-4.1335778987361955,0.0,0.09010728121654576,-1.3599060701503083,0.9819123593578323,2.7736718285858877,0.3751516765722832,0.4991738016946196,2.770363197427246
40,8,1.0,57.02390794459485,0.10395686858023548,4.147427486099886,-4.04347061751965,-4.043470617519651,8.881784197001252e-16,-0.0344387194179987,-1.2693768673545964,0.9823342809369983,2.774093750165053,0.3753456891904424,0.49912798095146743,2.7705988186940247
40,9,1.0,59.02194576937021,0.07093588821759877,4.148845225155247,-4.0779093369376485,-4.0779093369376485,0.0,-0.018252495133972424,-1.3046215490807034,0.98152831862889,2.7732877878569453,0.3752439363237432,0.49919179723201673,2.7700540680237946
40,10,1.0,60.10913532510444,0.05308354298205921,4.149245375053679,-4.096161832071621,-4.09616183207162,8.881784197001252e-16,0.018804261087350227,-1.3229967777660043,0.9814055850775616,2.7731650543056166,0.37529674336668206,0.49917136315093674,2.769847022127586
40,11,1.0,58.98938845202822,0.07155482056027458,4.148912391544545,-4.077357570984271,-4.077357570984271,0.0,-0.0371161496181891,-1.3042616572782066,0.98133644447801,2.7730959137060647,0.3753085717501311,0.49915814174951684,2.769725687660063
40,12,1.0,61.21998696535693,0.032629631373268464,4.147103351975728,-4.11447372060246,-4.11447372060246,0.0,-0.10556549859336162,-1.3394102451556158,0.9833040062187891,2.775063475446844,0.3751869909343307,0.4991273645881494,2.771562011237243
40,13,1.0,68.0361525602858,-0.07185067372086676,4.148188545474953,-4.220039219195821,-4.2200392191958205,8.881784197001252e-16,4.244938857578262e-05,-1.4454382925468467,0.9828414574209194,2.7746009266489744,0.3750907234512489,0.4992064269860296,2.7714230515040943
40,14,1.0,68.03326452850658,-0.07234308476036364,4.147653685046883,-4.219996769807246,-4.2199967698072465,8.881784197001252e-16,-0.05675019596614472,-1.4450266090187158,0.9832106915604749,2.7749701607885293,0.37467568195982276,0.49920780255048625,2.77179690728668
40,15,1.0,72.00582120183759,-0.1321957301533808,4.1445512356200105,-4.27674696577339,-4.276746965773391,8.881784197001252e-16,-0.02084538494046484,-1.498802655511792,0.9861848410335433,2.777944310261599,0.37399212291107536,0.49924262430290617,2.774900700883
40,16,1.0,73.5225638831399,-0.15487389812895316,4.1427184525849015,-4.297592350713855,-4.297592350713854,8.881784197001252e-16,0.0034054520234469976,-1.5178768823308453,0.9879559991549538,2.7797154683830088,0.3737909876429114,0.49922544554488946,2.7765996842398266
40,17,1.0,73.27261216005525,-0.14949438316432176,4.144692515526086,-4.294186898690408,-4.294186898690407,8.881784197001252e-16,0.037383821446985266,-1.5164543713625518,0.9859730580998015,2.7777325273278564,0.37435415785550524,0.49925387852229064,2.7747315985294456
40,18,1.0,70.58397087165638,-0.11033237462143522,4.146470702621988,-4.256803077243423,-4.256803077243423,0.0,0.05286358664171953,-1.4807246137065058,0.984318994308862,2.776078463536917,0.3748191812335253,0.4992050229059531,2.7728936635054926
40,19,1.0,66.94955936764975,-0.0579421555531352,4.145997335048569,-4.203939490601703,-4.203939490601704,8.881784197001252e-16,0.055562587298014776,-1.4274970789607417,0.9846829424129065,2.776442411640961,0.37461152145139,0.4991270143659534,2.7729475200447187
40,20,1.0,63.331124293242546,-0.0009429326944668942,4.147433970609222,-4.148376903303689,-4.148376903303689,0.0,0.05661245677732385,-1.373531330081301,0.9830861039943324,2.774845573222388,0.37520175331318734,0.49907323465551895,2.771131181812003
40,21,1.0,59.84539259651844,0.05589825867801304,4.147662705204377,-4.091764446526365,-4.091764446526364,8.881784197001252e-16,-0.0007703033464583342,-1.3178974229205644,0.9821075543777456,2.7738670236058005,0.37524021319347417,0.499075674306446,2.770164163503756
40,22,1.0,59.891509462413374,0.05282862196511706,4.14536337183794,-4.092534749872823,-4.092534749872822,8.881784197001252e-16,0.053841200980940584,-1.3166830582860474,0.9840922223587208,2.775851691586776,0.37456165462786356,0.499088685286804,2.7722042655858314
40,23,1.0,56.752150441841096,0.10628276971399922,4.144976318605881,-4.0386935488918825,-4.038693548891882,8.881784197001252e-16,-0.03353025189257064,-1.2629970500403662,0.9839370296234612,2.7756964988515165,0.3748689631019192,0.49902951942252466,2.7717999372659006
40,24,1.0,58.68732650920626,0.07373393374112804,4.145957734525581,-4.072223800784453,-4.072223800784453,0.0,-0.01614122348511593,-1.2972113149861284,0.9832530165702696,2.7750124857983245,0.37476203511839373,0.49905905770733366,2.771242124812438
40,25,1.0,59.642298234287836,0.05757633930783718,4.145941363577407,-4.088365024269569,-4.08836502426957,8.881784197001252e-16,0.0018552520395562766,-1.3133614365858777,0.9832441184556364,2.7750035876836914,0.37445370627876645,0.4990858898786359,2.7713429804262115
40,26,1.0,59.53174931860421,0.05929403436260427,4.145803806592617,-4.086509772230013,-4.086509772230013,0.0,-0.08651465804377168,-1.3116115869623073,0.9831387160396504,2.7748981852677055,0.3744355443378239,0.49910529759103645,2.7713154904721384
40,27,1.0,64.91147576045172,-0.026712150712244073,4.146312279561541,-4.1730244302737844,-4.173024430273785,8.881784197001252e-16,-0.00043209233279917214,-1.398094747748659,0.9831702132970704,2.774929682525126,0.37466793844300705,0.49922848949512993,2.7718354922285013
40,28,1.0,64.93952957192045,-0.02790861165661533,4.145547910949968,-4.173456522606584,-4.173456522606584,0.0,0.00128624226921481,-1.3979562371635643,0.9837408162149641,2.7755002854430195,0.37474674213924275,0.4992096137605242,2.772331648661553
40,29,1.0,64.85605529961926,-0.02490288318041166,4.1472673971569565,-4.172170280337369,-4.172170280337368,8.881784197001252e-16,0.017595692667134344,-1.3981851557309506,0.9822256553783634,2.7739851246064178,0.37531387264705024,0.49921306613603483,2.7708332438914307
40,30,1.0,63.72484944400618,-0.00862638395109129,4.1459482037191435,-4.1545745876702345,-4.1545745876702345,0.0,-0.000630393584476252,-1.3797161054626645,0.9830990129795151,2.77485848220757,0.37494137414810835,0.4991685660465124,2.7715305062063043
40,31,1.0,63.765033844930926,-0.009934196868221924,4.14527078438649,-4.155204981254711,-4.155204981254712,8.881784197001252e-16,-0.10897264298807485,-1.379746925650611,0.983698586376045,2.7754580556040995,0.37560457473400677,0.4991607351536252,2.7720955364771065
40,32,1.0,71.10641972633422,-0.12004098582094455,4.144136638421842,-4.264177624242786,-4.2641776242427865,8.881784197001252e-16,-0.05474341530714266,-1.4871050891662119,0.9853130658485189,2.7770725350765737,0.37580749593304263,0.49921253945919447,2.7738987439272864
40,33,1.0,75.10754648569795,-0.17603545243343025,4.142885587116498,-4.318921039549928,-4.318921039549928,0.0,0.0392829476779637,-1.5406934609025447,0.9864681094193285,2.778227578647383,0.375941055933648,0.4992490335888715,2.7751840849758858
40,34,1.0,72.21430033527908,-0.135331332095308,4.144306759776657,-4.2796380918719645,-4.2796380918719645,0.0,-0.03865955368630569,-1.5029856211606853,0.9848930014832243,2.7766524707112796,0.3753364806000602,0.4992216621778443,2.7735127829968715
40,35,1.0,75.06073948360836,-0.17716600774366065,4.14113163781461,-4.31829764555827,-4.31829764555827,0.0,-0.09875367689795933,-1.5387657451560355,0.9877724311741796,2.7795319004022345,0.3752060013757128,0.49924188771296496,2.77645172857298
40,36,1.0,82.85162210153518,-0.28243936591075824,4.134611956545471,-4.41705132245623,-4.41705132245623,0.0,0.04068683927304306,-1.6316512021518765,0.9936406510762978,2.785400120304353,0.37489895552115177,0.4991966762096604,2.782110969960526
40,37,1.0,79.54830786216881,-0.23986215355255963,4.136502329630627,-4.3763644831831865,-4.3763644831831865,0.0,-0.039169541620713844,-1.592728333209677,0.9918766807454545,2.78363614997351,0.37541610939791437,0.4992304668759582,2.780481559080832
40,38,1.0,82.72600685178986,-0.2813668859614379,4.134167138842463,-4.4155340248039,-4.4155340248039,0.0,-0.004369992466185302,-1.6299711745743461,0.9938033810014995,2.7855628502295544,0.37567373728476017,0.499214738848799,2.782328069920773
40,39,1.0,83.08830993278704,-0.2907407377163625,4.129163279553723,-4.419904017270086,-4.419904017270086,0.0,0.04489508912138174,-1.6299585285126508,0.9981860195293798,2.7899454887574353,0.3762057658457642,0.499187354923581,2.786566064726344
40,40,1.0,79.44054880612799,-0.23809495361379115,4.136913974534913,-4.375008928148704,-4.375008928148704,0.0,-0.02273202827252696,-1.5919314214624685,0.9913180374581797,2.7830775066862343,0.37593957876971335,0.4992013726738192,2.779808118808818
40,41,1.0,81.26707527992087,-0.2654978671460417,4.132243089275189,-4.397740956421231,-4.397740956421231,0.0,0.02027119970327451,-1.6105388322490217,0.9954426549441542,2.787202124172209,0.37552462634559103,0.4991829468159246,2.7838357251537107
40,42,1.0,79.63627910877423,-0.2434076708924562,4.1340620858255,-4.377469756717956,-4.377469756717956,0.0,-0.0032554605907009204,-1.5918826119609182,0.9938276755289825,2.7855871447570375,0.37625630142525723,0.4991790435447884,2.7822121883759805
40,43,1.0,79.89595432888873,-0.24870611025353145,4.132019107055126,-4.380725217308657,-4.380725217308657,0.0,0.06326386514461824,-1.5933406531101018,0.9956250949705012,2.787384564198556,0.3771063256252661,0.4991140027668606,2.783740145125353
40,44,1.0,74.99799292393584,-0.17917085435360677,4.1382904978104325,-4.317461352164039,-4.317461352164039,0.0,0.02179601085343652,-1.5358767535297673,0.9898251294062176,2.781584598634273,0.37629534235942214,0.49915479742414676,2.778144159615221
40,45,1.0,73.38102163161051,-0.15639379462050385,4.1392715466900984,-4.2956653413106025,-4.2956653413106025,0.0,0.018487450519650395,-1.5152178763804647,0.9886879957020831,2.780447464930138,0.37562931115116915,0.4991824568451344,2.777120970218165
40,46,1.0,72.03685699817385,-0.13748491859400033,4.139692972196952,-4.277177890790952,-4.277177890790953,8.881784197001252e-16,-0.01871072424625453,-1.497244739957206,0.9881736816056922,2.7799331508337475,0.37609103629443896,0.4991618519183975,2.7765281781537836
40,47,1.0,73.3974075149728,-0.15599662030516193,4.139891994732046,-4.295888615037207,-4.2958886150372075,8.881784197001252e-16,-0.07546654494215854,-1.5160906369978182,0.9880385088113336,2.7797979780393884,0.3761952628155594,0.49915126807630594,2.77634966366328
40,48,1.0,79.15082107884183,-0.23453323766220502,4.136821922317159,-4.371355159979365,-4.371355159979364,8.881784197001252e-16,-6.53691331642392e-05,-1.5887379475297525,0.9908577432215577,2.7826172124496122,0.37650653334099965,0.4991681511733088,2.779206812068143
40,49,1.0,79.15599526851928,-0.23456362160080513,4.136856907511724,-4.371420529112529,-4.371420529112529,0.0,0.037484566512515194,-1.5888042737241852,0.9908567861602893,2.7826162553883442,0.3765062447470987,0.49916739763820805,2.7792027062510023
40,50,1.0,76.2437894702638,-0.19650032062889694,4.137435641971116,-4.333935962600014,-4.333935962600013,8.881784197001252e-16,-0.04063172461587783,-1.551711654175615,0.9904648391963434,2.7822243084243983,0.37649547555227425,0.49917082471438484,2.7788326739119866
40,51,1.0,79.40550411641408,-0.24200410072626433,4.132563586489627,-4.374567687215892,-4.374567687215891,8.881784197001252e-16,0.0387052050659058,-1.5881709302275604,0.9946372877602766,2.7863967569883314,0.37698632687988864,0.4991440054226765,2.782861961415867
40,52,1.0,76.39081620070365,-0.20157352377872673,4.134288958371259,-4.335862482149986,-4.335862482149986,0.0,0.057119706633868894,-1.550983879804052,0.9931191331178795,2.784878602345934,0.376803528902901,0.499133964409548,2.7813237811022837
40,53,1.0,72.14967462560719,-0.1423449749600926,4.136397800556025,-4.278742775516117,-4.278742775516117,0.0,-0.016409976224943,-1.4958087459750438,0.9911745603130185,2.782934029541073,0.37648999668913186,0.49910837531730534,2.779304596700456
40,54,1.0,73.34341692403365,-0.15715227114071254,4.138000480600348,-4.29515275174106,-4.29515275174106,0.0,-0.016912264865752924,-1.513698499822053,0.9896947826909525,2.781454251919007,0.376176483756249,0.49910034019834665,2.777800013989877
40,55,1.0,74.59436861358455,-0.17359377893342579,4.138471237673388,-4.312065016606813,-4.312065016606813,0.0,-0.020909014432233697,-1.5309770426775529,0.9893285047012045,2.7810879739292598,0.3748003779819317,0.4990871807613368,2.777387437026279
40,56,1.0,76.17048342619591,-0.197253035182209,4.135720995856838,-4.332974031039047,-4.332974031039047,0.0,-0.018215573587377243,-1.5493776870754805,0.9918368747355114,2.7835963439635663,0.37606267756693773,0.49906784239672897,2.779801916675203
40,57,1.0,77.57068650712893,-0.21702708983217156,4.134162514794254,-4.351189604626424,-4.351189604626426,1.7763568394002505e-15,0.026342923840775967,-1.5667125798640311,0.9927175555343389,2.784477024762394,0.3763870672215435,0.4990813084528041,2.780713954672152
40,58,1.0,75.55392810276851,-0.18383145022246528,4.141015230563184,-4.324846680785648,-4.324846680785649,8.881784197001252e-16,-0.11965751303845273,-1.5468164227674885,0.9862707887901054,2.7780302580181604,0.375756598212892,0.4990910283514178,2.774347334589009
40,59,1.0,85.15764568205185,-0.3132342878424994,4.131269905981602,-4.444504193824101,-4.444504193824102,8.881784197001252e-16,-0.08181492048708972,-1.6576550362284344,0.9950896883676129,2.786849157595668,0.3768774516236155,0.4990616921348097,2.7829860018364307
40,60,1.0,92.41775504094588,-0.4020967417709791,4.124222372540212,-4.526319114311191,-4.526319114311191,0.0,-0.021844483389184433,-1.7336286047424372,1.0009310403406986,2.7926905095687538,0.3772522565338636,0.49899674982593695,2.788526992509768
40,61,1.0,94.45878461295197,-0.42659585463371896,4.121567743066657,-4.548163597700375,-4.548163597700376,8.881784197001252e-16,0.016347524695170534,-1.753309341705112,1.003094786767208,2.794854255995263,0.37660527596964555,0.49894729065702403,2.7904914014350894
40,62,1.0,92.92717045802141,-0.41413031640372244,4.117685756601482,-4.531816073005205,-4.531816073005205,0.0,0.08620195233005923,-1.7332540860456034,1.0068025177315463,2.798561986959601,0.375657276549956,0.4989861353656275,2.794300604084699
40,63,1.0,85.25221691343177,-0.31706093602772484,4.128553184647421,-4.445614120675145,-4.445614120675146,8.881784197001252e-16,-0.06153941183314071,-1.6564965871380337,0.9973580643090569,2.789117533537112,0.37543912350488173,0.4990221898320753,2.785088779394479
40,64,1.0,90.66338050204352,-0.38518430872234544,4.121969223785941,-4.507153532508286,-4.507153532508286,0.0,-0.04651303739429746,-1.7127998478760595,1.0025942154041718,2.794353684632227,0.37651125934827834,0.49899600721233495,2.7901543911384064
40,65,1.0,94.98002153971953,-0.4399634970704408,4.113703072832143,-4.553666569902584,-4.553666569902584,0.0,0.03968256000367987,-1.7519556307354112,1.0099514699391177,2.8017109391671724,0.3774621217366254,0.49893186540965884,2.7971828712021267
40,66,1.0,91.2847744654808,-0.3976475553160076,4.116336454582896,-4.513984009898904,-4.513984009898904,0.0,0.04286559557302727,-1.7142020984542856,1.0080224422165636,2.7997819114446183,0.37721149933857556,0.4989272701837164,2.795264288821811
40,67,1.0,87.45447867939964,-0.35058996742720905,4.120528446898667,-4.471118414325876,-4.4711184143258755,8.881784197001252e-16,-0.018970019550321737,-1.6753326483242972,1.0040262967735243,2.795785766001579,0.3773689307690505,0.49896013968704994,2.791426368600788
40,68,1.0,89.12932758206973,-0.3708453561291609,4.119243077747036,-4.490088433876198,-4.490088433876197,8.881784197001252e-16,0.021803032824428747,-1.6933867342134263,1.004942230434717,2.7967016996627723,0.375455649325499,0.4989684495021656,2.792373579889038
40,69,1.0,87.20706960249497,-0.3455821844394701,4.122703216612299,-4.468285401051769,-4.468285401051769,0.0,0.06213436268752304,-1.6745952138865243,1.0019307179371901,2.793690187165245,0.37454332265667584,0.4989719199012808,2.7894191763494867
40,70,1.0,81.95342010500812,-0.27737981243335186,4.128771225930894,-4.406151038364246,-4.4061510383642455,8.881784197001252e-16,0.023194611060884718,-1.6177634560729064,0.9966281130632851,2.7883875822913393,0.3744443935354006,0.4989747666520176,2.7841768529646433
40,71,1.0,80.07441800165182,-0.250554289526328,4.132402137777033,-4.382956427303362,-4.382956427303362,0.0,0.012785356078182986,-1.5983016271876893,0.9928953308876173,2.7846548001156726,0.37533221650651605,0.4989725204060449,2.7804497016928518
40,72,1.0,79.05715494716819,-0.24350925888468825,4.12666181234049,-4.370171071225179,-4.370171071225179,0.0,0.03573222853775615,-1.5802680825291355,0.9981435194679896,2.7899029886960443,0.37467093464099,0.498941887740829,2.785542234166226
40,73,1.0,76.28214059597747,-0.20768223731304505,4.126756605374378,-4.3344388426874225,-4.3344388426874225,0.0,0.05925431035181372,-1.5442907062327917,0.9983886672265756,2.790148136454631,0.37362189450353284,0.4989199767559287,2.7857186725142533
40,74,1.0,71.89340474356284,-0.1450908634729927,4.130093668862616,-4.275184532335609,-4.275184532335609,0.0,0.06007174424665873,-1.4883833439739185,0.9950417191336354,2.7868011883616908,0.3737979615864181,0.49891879333432404,2.782394335618617
40,75,1.0,67.70180139712365,-0.07922697584230451,4.135885812246645,-4.21511278808895,-4.215112788088949,8.881784197001252e-16,-0.0612936974779652,-1.433723395126816,0.989629923734079,2.7813893929621343,0.37459708245172346,0.4988868521452557,2.776894793062708
40,76,1.0,71.98130881819493,-0.14661753670252836,4.129788948864387,-4.276406485566915,-4.276406485566915,0.0,-0.01244245460478588,-1.4890440821644242,0.995602934174436,2.7873624034024904,0.3757775596057112,0.4988185194338654,2.7825606112926455
40,77,1.0,72.88252804843872,-0.1554097585249682,4.133439181646733,-4.288848940171701,-4.288848940171701,0.0,0.05858284138495673,-1.5053368127774764,0.9917526581661699,2.783512127394225,0.37563037028054347,0.4988544332314407,2.7788702631575912
40,78,1.0,68.73552017905642,-0.09228376245486522,4.137982336331879,-4.230266098786744,-4.230266098786744,0.0,-0.03752082057803641,-1.451005394443029,0.9875012351156606,2.779260704343715,0.3754180232651594,0.4988337265189333,2.774565301481873
40,79,1.0,71.36352748998152,-0.13006055785558468,4.137726361509197,-4.267786919364781,-4.267786919364781,0.0,-0.016201420515982612,-1.487811781130478,0.9882156690062477,2.779975138234303,0.37487509647525225,0.4987924085207558,2.7751158537178244
40,80,1.0,72.52913475892068,-0.144775844735384,4.139212495145379,-4.283988339880763,-4.2839883398807626,8.881784197001252e-16,-8.715815133442106e-05,-1.5056314554185122,0.9865974152341961,2.778356884462251,0.3755974429469036,0.49877381413161626,2.7734351012833582
40,81,1.0,72.5354565397175,-0.14553196430221266,4.1385435337298855,-4.284075498032098,-4.284075498032098,0.0,0.03496469124568247,-1.5050386766865482,0.987277352117494,2.779036821345549,0.37508307220044346,0.49882179029783885,2.7742990292957934
40,82,1.0,70.04310279651371,-0.11231088277704339,4.136799924009372,-4.249110806786415,-4.249110806786415,0.0,0.020669076470902326,-1.4684813501128786,0.988869987445482,2.780629456673537,0.3745363901152657,0.4988221383327998,2.7758811522883633
40,83,1.0,68.61023558057272,-0.08982389773571137,4.1386178325798015,-4.228441730315513,-4.228441730315513,0.0,-0.05780151870037109,-1.449807777220191,0.9868744838672674,2.778633953095323,0.37470549789250457,0.4987935011864042,2.7737809433478606
40,84,1.0,72.69286589749522,-0.14957645133737082,4.136666797678513,-4.286243249015884,-4.286243249015884,0.0,0.033426223414973144,-1.5053741503780025,0.9891096294098266,2.7808690986378815,0.37536343321851595,0.49873899848423003,2.77579411809957
40,85,1.0,70.3031795148348,-0.12012204933231088,4.132694976268601,-4.252817025600911,-4.252817025600912,8.881784197001252e-16,0.0053357785482939235,-1.4684777958575135,0.9925797605153424,2.7843392297433973,0.3750730643104717,0.4987190847572777,2.779157147461566
40,86,1.0,69.92905632457266,-0.1114615958233325,4.136019651229285,-4.247481247052617,-4.247481247052617,0.0,-0.03201918101304191,-1.4667609203897651,0.9889608574347969,2.780720326662852,0.37536469287944124,0.4987254146841871,2.7755842926655725
40,87,1.0,72.20435972407206,-0.1411627933568334,4.138337634708825,-4.279500428065659,-4.279500428065658,8.881784197001252e-16,-0.015380416088699,-1.501322235878603,0.9864187229590003,2.7781781921870548,0.37599306461776927,0.49873885222544256,2.7731117637699767
40,88,1.0,73.323477003568,-0.15479441579363631,4.140086428360721,-4.294880844154358,-4.294880844154358,0.0,-0.005388688325969504,-1.518463943292124,0.9846574316341788,2.776416900862234,0.37600181757594076,0.498783710463929,2.7715344889637024
40,89,1.0,73.7196608650942,-0.16351179863329574,4.136757733847032,-4.3002695324803275,-4.300269532480328,8.881784197001252e-16,0.037286430191361575,-1.5204698769698768,0.9880401862823959,2.7797996555104514,0.37616489095593103,0.49872708983526554,2.77468965798929
40,90,1.0,71.02153225698021,-0.12662831306483815,4.136354789224128,-4.262983102288966,-4.262983102288966,0.0,0.0029870564882443773,-1.48318167298716,0.9880419600737508,2.779801429301806,0.3764842010220716,0.4986617552024824,2.7744257326723
40,91,1.0,70.80970345804468,-0.12203447631658662,4.137961569484135,-4.2599960458007216,-4.2599960458007216,0.0,0.033947592586626385,-1.4820069152792348,0.9862296612934317,2.7779891305214868,0.37620436818792136,0.4986745304398584,2.7726745407250166
40,92,1.0,68.44622861018112,-0.08899216603863176,4.137056287175463,-4.226048453214095,-4.226048453214095,0.0,-0.06171713437535509,-1.4470880664493597,0.9872009175366806,2.7789603867647354,0.37635566641016627,0.49862782951561146,2.7734569768180406
40,93,1.0,72.80361332742805,-0.15630702406071212,4.131458563528738,-4.28776558758945,-4.28776558758945,0.0,0.09228228323051457,-1.5031410649324937,0.9928650534289017,2.784624522656957,0.3771249797520934,0.4984923938961683,2.7785454933780174
40,94,1.0,66.38580837580167,-0.06088426710616549,4.13459903725277,-4.195483304358936,-4.195483304358936,0.0,0.036021333720123394,-1.413617949118333,0.9901058860125476,2.7818653552406025,0.3767236092897509,0.4984164699946363,2.7754659674217343
40,95,1.0,64.03705951146998,-0.025485497135914727,4.133976473502898,-4.159461970638812,-4.159461970638812,0.0,0.10944352489917453,-1.3773238129553536,0.9903786884554046,2.7821381576834594,0.37646833059982965,0.4983870616800195,2.7755988263395786
40,96,1.0,57.3985157937594,0.08404145410475139,4.134059899844389,-4.050018445739638,-4.050018445739638,0.0,0.036539754660291024,-1.2691373440571496,0.9891216324544333,2.7808811016824886,0.3758566610858481,0.49836363464545563,2.7742189578119585
40,97,1.0,55.33904355158147,0.12048401179845297,4.1339627028778,-4.013478691079347,-4.013478691079347,0.0,0.010172346428621637,-1.233117375777369,0.9886018460739227,2.7803613153019775,0.3751624111002287,0.49835714238374557,2.7736732926570107
40,98,1.0,54.77896909478958,0.12413268866121657,4.127439033311942,-4.003306344650725,-4.003306344650726,8.881784197001252e-16,-0.07913466148854464,-1.2165752413741717,0.9949716340484983,2.786731103276553,0.3736880649382598,0.4982912621882893,2.779694151498447
40,99,1.0,59.290020657824996,0.04989055480184501,4.132331560941115,-4.08244100613927,-4.08244100613927,0.0,-0.019949618101572142,-1.3000965945076908,0.9905849424035239,2.7823444116315788,0.3736152972819465,0.4983986247319902,2.775833122960492
40,100,1.0,60.4847111139888,0.02845030528093128,4.130840929521773,-4.102390624240842,-4.102390624240842,0.0,0.09452127712666858,-1.318335916839861,0.9922952381729262,2.784054707400981,0.37330761802284196,0.49835519008931234,2.777364068675919
40,101,1.0,55.02949681031967,0.1251710759201842,4.133040423034357,-4.007869347114173,-4.007869347114173,0.0,0.010723181866360676,-1.2276832338140966,0.9884266440720216,2.780186113300077,0.3743939308544635,0.49831659280419505,2.7733622071244075
40,102,1.0,54.442558057667796,0.13257528240168576,4.1297214476495,-3.9971461652478126,-3.997146165247814,1.3322676295501878e-15,0.04434025985726597,-1.2134490247756353,0.9919376712441222,2.7836971404721775,0.37533454524787296,0.49817007353387294,2.7762118266109987
40,103,1.0,52.08129719824623,0.1703860418962877,4.123191947286834,-3.9528059053905467,-3.952805905390546,4.440892098500626e-16,-0.0008678952560825515,-1.1632195994757308,0.9978268366867606,2.7895863059148156,0.3747941594955362,0.4980560369948095,2.7815330054700023
40,104,1.0,52.126517929605825,0.16966367267341595,4.123337473320046,-3.953673800646629,-3.9536738006466297,4.440892098500626e-16,-0.03276061473022951,-1.1640689140475364,0.997845417371038,2.7896048865990934,0.37479915923508783,0.4980579589220138,2.7815588404700478
40,105,1.0,53.862495283525135,0.13865307388926817,4.125087489266127,-3.9864344153768587,-3.9864344153768587,0.0,-0.024221881557739966,-1.198041951479561,0.9966329946692426,2.7883924638972974,0.3746466574165408,0.49809216072482726,2.780504199012629
40,106,1.0,55.18307516475224,0.11904482189532505,4.129701118829924,-4.010656296934599,-4.0106562969346,8.881784197001252e-16,-0.01105740380182585,-1.2273073162359043,0.9915895114706403,2.7833489806986953,0.3739441825190332,0.4982204854290466,2.776097002740125
40,107,1.0,55.7966426902865,0.11091239964602774,4.132626100382452,-4.0217137007364245,-4.021713700736424,8.881784197001252e-16,-0.04783837425549464,-1.241626192797218,0.9883280387111517,2.780087507939206,0.3740173135139394,0.4982799831936009,2.773120776592259
40,108,1.0,58.530739337414374,0.0666508950077616,4.136202969999681,-4.069552074991919,-4.06955207499192,8.881784197001252e-16,0.030300560678291788,-1.2926040328999941,0.9851885728638701,2.776948042091925,0.3748385700130641,0.4983051441449971,2.7701272019305434
40,109,1.0,56.783825015233916,0.09344082723516675,4.132692341548794,-4.039251514313627,-4.039251514313627,0.0,-0.03180583986492991,-1.2592817379010786,0.9882103071844938,2.7799697764125484,0.3752708673485912,0.4981861062114938,2.772641960865857
40,110,1.0,58.618910785791854,0.06310274030348406,4.134160094482041,-4.071057354178557,-4.071057354178557,0.0,-0.013871975501829503,-1.2923839263752936,0.9869139585752086,2.778673427803263,0.37509839997227706,0.4982060150042716,2.7714402879118047
40,111,1.0,59.437737118936354,0.05000322192087213,4.13493255160126,-4.084929329680387,-4.084929329680388,8.881784197001252e-16,-0.06042391236917144,-1.3073125407870172,0.9858573196653158,2.7776167888933707,0.3745360695323118,0.49828489035855195,2.770731472004318
40,112,1.0,63.13992163823931,-0.015642713006237055,4.129710529043321,-4.145353242049558,-4.145353242049558,0.0,0.03783005124641825,-1.3619719722139818,0.9916218006075214,2.7833812698355764,0.3739112436552401,0.49821940888130817,2.77622139919681
40,113,1.0,60.79595096615655,0.023452142986202615,4.130975333789342,-4.10752319080314,-4.10752319080314,0.0,0.03797032396192357,-1.325955240249551,0.9898084813255341,2.781567950553589,0.3746787536140036,0.4981612090215259,2.774167928643578
40,114,1.0,58.53078568495757,0.061537512809056324,4.131090379650273,-4.069552866841216,-4.069552866841217,8.881784197001252e-16,-0.014027812322821909,-1.2889751732303003,0.9888182243828622,2.7805776936109172,0.37456494458670964,0.4981511768493947,2.7731404023517467
40,115,1.0,59.357630414196564,0.05014833090301298,4.133729010067052,-4.083580679164038,-4.083580679164039,8.881784197001252e-16,0.020347802820922745,-1.3052581429065422,0.986563067029441,2.778322536257496,0.37470253243233603,0.4981625780860419,2.770923479134572
40,116,1.0,58.16203814344551,0.07231146961437104,4.135544345957487,-4.063232876343116,-4.063232876343116,0.0,0.030068568531173234,-1.2870864169988472,0.9843869901162146,2.7761464593442695,0.37542920786317635,0.4981617750110115,2.768754576255646
40,117,1.0,56.4392200512836,0.10054024753367574,4.133704555345618,-4.033164307811942,-4.033164307811942,0.0,0.01369654697605771,-1.2551529982948681,0.9862518402890191,2.7780113095170744,0.3761596259586548,0.4980705508058542,2.7702138853495004
40,118,1.0,55.6714674048542,0.11198146093625702,4.131449221772142,-4.019467760835885,-4.019467760835885,0.0,-0.006285034557600433,-1.2393656090708873,0.9883426825369434,2.780102151764998,0.37682267600020686,0.49799210907534824,2.7719472560113623
40,119,1.0,56.022466366247656,0.1020911068077999,4.127843902201285,-4.025752795393485,-4.025752795393485,0.0,-0.05463062519373718,-1.2417009209235874,0.9922924052418424,2.784051874469897,0.37737060157237207,0.4978836187479984,2.7753886211318637
40,120,1.0,59.168151788746925,0.0470748569541599,4.127458277541382,-4.080383420587222,-4.080383420587222,0.0,0.02455512345829547,-1.2950246564971015,0.993599294862066,2.785358764090121,0.37748776669279815,0.49786564787698867,2.7766284554647185
40,121,1.0,57.73296324472591,0.07523582624094627,4.131064123369873,-4.055828297128927,-4.055828297128927,0.0,-0.03342250903633914,-1.2746141525413757,0.989454675359496,2.7812141445875516,0.3770420150697365,0.4979344967575822,2.7727974262527884
40,122,1.0,59.6951517071504,0.04338416956140804,4.132634975726674,-4.089250806165266,-4.089250806165266,0.0,0.019974494756263006,-1.3090345596884059,0.9884567772488051,2.78021624647686,0.3767562593992925,0.49799174802353735,2.772059128727699
40,123,1.0,58.51460091632067,0.06335078746614747,4.132627098875151,-4.069276311409003,-4.069276311409004,8.881784197001252e-16,-0.0290006001763361,-1.2896268146809775,0.9878900274999705,2.779649496728025,0.37657032587666567,0.49796205436849106,2.7713680815918345
40,124,1.0,60.23640547161177,0.028540419614422052,4.126817331199761,-4.098276911585339,-4.098276911585339,0.0,-0.019440612558795145,-1.3120284361632573,0.9944890061940269,2.786248475422082,0.377327192251108,0.4978215822011758,2.77731132424797
40,125,1.0,61.41889501079402,0.007658361878676238,4.125375886022811,-4.117717524144134,-4.117717524144134,0.0,-0.04014997116143704,-1.3297651609575298,0.9961928939585492,2.7879523631866046,0.37673505425646603,0.4978305944404961,2.7790548437246194
40,126,1.0,63.935035358778144,-0.03518548607006068,4.12268200923551,-4.157867495305571,-4.157867495305571,0.0,0.02054117312489545,-1.3669071427012145,0.999200883376302,2.790960352604357,0.3771692677223731,0.49776643761236405,2.7817819736928313
40,127,1.0,62.63513121322938,-0.013632711172800363,4.123693611007875,-4.137326322180676,-4.137326322180675,8.881784197001252e-16,-0.028302669590298812,-1.347916683279367,0.9976501696732537,2.7894096389013083,0.3778030320940574,0.4977190069686643,2.7800345084119518
40,128,1.0,64.43319765136076,-0.048344605204497196,4.117284386566478,-4.165628991770975,-4.1656289917709755,8.881784197001252e-16,0.019410663410232232,-1.3695104330487504,1.0043590894941692,2.796118558722224,0.37850803677098144,0.49757986403435694,2.78608325856874
40,129,1.0,63.19456675310027,-0.028014940572592545,4.11820338778815,-4.146218328360742,-4.146218328360743,8.881784197001252e-16,0.10413197151230857,-1.3510850247224182,1.0033738344102694,2.7951333036383246,0.3780907740454675,0.4976043117122118,2.785197931994103
40,130,1.0,56.94502660027531,0.07468290626682067,4.116769263115254,-4.042086356848434,-4.042086356848433,8.881784197001252e-16,0.03605972176020167,-1.2463819087874946,1.0039449788328842,2.7957044480609388,0.37865277483709925,0.4975152041711008,2.785271863543418
40,131,1.0,54.92818666614359,0.109825006023592,4.115851641111823,-4.006026635088232,-4.006026635088231,8.881784197001252e-16,0.039258936822174295,-1.2100607894579174,1.0042063764022597,2.795965845630315,0.3786329971456552,0.49748034635594424,2.7853531618731893
40,132,1.0,52.81354533600909,0.15006734777233738,4.116835046038395,-3.966767698266058,-3.966767698266058,0.0,0.04310238647312925,-1.1727007380509666,1.0023074909870364,2.794066960215091,0.37837975780239996,0.49751131379419794,2.783598435580407
40,133,1.0,50.58551708934564,0.19596432923805626,4.1196296410309845,-3.9236653117929285,-3.923665311792928,4.440892098500626e-16,-0.004298478367796843,-1.1337103295048976,0.9981955130599763,2.7899549822880316,0.3781380069833675,0.4975757076291282,2.779819857357436
40,134,1.0,50.80342584278603,0.1895321693261816,4.117495959486907,-3.9279637901607254,-3.927963790160725,4.440892098500626e-16,-0.08020956828540537,-1.1355613110704894,1.0006430098621808,2.7924024790902355,0.3777743941774887,0.4975341151263874,2.782050797094431
40,135,1.0,55.04622894419221,0.11387072731813035,4.122044085764261,-4.008173358446131,-4.008173358446131,0.0,0.06681827285532904,-1.2192154044078982,0.9971984848101773,2.788957954038232,0.3775713924911634,0.4976225789863844,2.7790905320494494
40,136,1.0,51.488325136461896,0.17841207268716697,4.119767158277968,-3.9413550855908017,-3.941355085590801,8.881784197001252e-16,0.04949888980574757,-1.151144903811582,0.9984507125511649,2.7902101817792198,0.3781376147701745,0.49754721083297043,2.779943151968268
40,137,1.0,49.00175901761908,0.22531162243289266,4.117167818217947,-3.891856195785054,-3.891856195785054,0.0,-0.025428454166350978,-1.099964499361955,1.0001322271950441,2.791891696423099,0.378465269348223,0.49750615715178476,2.781390023718311
40,138,1.0,50.26377556423964,0.20430195018665837,4.121586600138064,-3.917284649951405,-3.917284649951406,8.881784197001252e-16,-0.05305823268223131,-1.12985043161897,0.9956747491043805,2.7874342183324354,0.3778686170568712,0.4976111226620949,2.7774884054352285
40,139,1.0,53.00270143016441,0.1517559793009281,4.122098861934565,-3.9703428826336364,-3.970342882633637,4.440892098500626e-16,-0.02848093168981336,-1.1822845037489509,0.9962989096566313,2.788058378884686,0.377818359656721,0.49762463179233674,2.7781909243047394
40,140,1.0,54.53397022219523,0.12728771114090012,4.12611152546435,-3.99882381432345,-3.99882381432345,0.0,-0.023050627442018357,-1.2144739758751337,0.9925903692202608,2.784349838448316,0.3773137763565107,0.4977502873811934,2.775095986998926
40,141,1.0,55.8056122209162,0.10979219622509935,4.131666637990568,-4.021874441765468,-4.021874441765469,8.881784197001252e-16,0.05454756407006078,-1.2434923637812716,0.9866226087561415,2.778382077984197,0.37652236170043063,0.49790320975666064,2.769872586695167
40,142,1.0,52.8430858426041,0.1629272767519974,4.130254154447405,-3.9673268776954074,-3.9673268776954074,0.0,-0.017864307575333527,-1.188977032865788,0.9865903756015649,2.77834984482962,0.37671989174939224,0.49788620388605614,2.769758234503675
40,143,1.0,53.79557341605788,0.14429837257224412,4.129489557842985,-3.985191185270741,-3.9851911852707405,4.440892098500626e-16,-0.0327752177974987,-1.205874644266197,0.9875570717764889,2.779316541004544,0.37667016200396486,0.4978561764589326,2.7705800171523354
40,144,1.0,55.58794732727668,0.11309976500629475,4.131066168074534,-4.01796640306824,-4.01796640306824,0.0,-0.03082367362237992,-1.2398282119931006,0.9863787218470842,2.7781381910751395,0.3766959562176072,0.49783887477296257,2.7693565824880007
40,145,1.0,57.32805251981125,0.08353937897133523,4.132329455661955,-4.0487900766906195,-4.0487900766906195,0.0,-0.03965204966581126,-1.2718618638258155,0.985168743636749,2.7769282128648043,0.37600950911454256,0.4979306432075828,2.768553021472844
40,146,1.0,59.6468969572302,0.040846334740478406,4.12928846109691,-4.088442126356431,-4.088442126356432,8.881784197001252e-16,0.013844819896625893,-1.3079086458524727,0.9887740112759031,2.780533480503957,0.3760175951104921,0.49783575922415374,2.7717315905893627
40,147,1.0,58.82678665099504,0.051778826178322225,4.126376132638127,-4.074597306459805,-4.074597306459805,0.0,-0.015597347255054572,-1.2912485829963711,0.9915892542353788,2.7833487234634333,0.37533554947243264,0.49779403837050706,2.774329822582125
40,148,1.0,59.751521427838455,0.03692164371370284,4.127116297428563,-4.0901946537148595,-4.0901946537148595,0.0,0.011065103171439716,-1.3078034445029376,0.9906317399838667,2.7823912092119216,0.3756398823724821,0.497762678540782,2.7732819388698915
40,149,1.0,59.0940091080289,0.044479049020832565,4.123608599564252,-4.07912955054342,-4.07912955054342,0.0,0.06771482741722679,-1.2929258806268655,0.9944442006884993,2.786203669916554,0.3748434443934821,0.4977327145631385,2.7769194726004476
40,150,1.0,55.22494332923924,0.10940287861715471,4.120817601743347,-4.011414723126193,-4.011414723126193,0.0,-0.037817718276582646,-1.2236045408869511,0.9960507130111869,2.7878101822392423,0.37509996608988005,0.4976236562952517,2.7780383122371073
40,151,1.0,57.353418037253945,0.0687399791383663,4.117972420541142,-4.049232441402776,-4.049232441402776,0.0,0.036721096829296584,-1.2579313734132536,0.9995415987614669,2.7913010679895223,0.37325257345314505,0.49766393432537254,2.7816684843433825
40,152,1.0,55.285537404828275,0.10563325593448748,4.118144600507967,-4.012511344573479,-4.012511344573479,0.0,-0.0033155320226292417,-1.2219725358548639,0.9987793394905603,2.7905388087186154,0.3732287230634393,0.4976551955009784,2.7808195146455303
40,153,1.0,55.469142580708485,0.09753750030228388,4.113364376898392,-4.015826876596108,-4.015826876596108,0.0,0.016405384652554034,-1.220631421239835,1.0034359861282185,2.795195455356273,0.3708963922302244,0.49770176594775845,2.7856052712060815
40,154,1.0,54.56657369794581,0.11254471701042805,4.111966208953982,-3.9994214919435542,-3.999421491943554,4.440892098500626e-16,-0.004078715814051392,-1.203297830181332,1.0043641925341673,2.796123661762222,0.37026451399024324,0.4976853259839705,2.7864641161908335
40,155,1.0,54.78958974537291,0.10633481975666215,4.1098350275142685,-4.003500207757606,-4.0035002077576065,8.881784197001252e-16,-0.007127225392342673,-1.204836944549027,1.0069037939805237,2.7986632632085793,0.37065245519596407,0.4976185534443062,2.788635755486773
40,156,1.0,55.18148239534112,0.10442056343493063,4.115047996584879,-4.010627433149948,-4.010627433149948,0.0,0.05228007782851174,-1.2178320168937071,1.0010359470281864,2.7927954162562414,0.3722289832298352,0.4976750983057829,2.7831022065682287
40,157,1.0,52.37070422569808,0.1566500115610691,4.1149973668825055,-3.9583473553214366,-3.9583473553214366,0.0,-0.00020309760164316515,-1.166426153959771,1.000161732133611,2.791921201361666,0.3729136245231631,0.4976201232203525,2.7819953506471347
40,158,1.0,52.38134167030586,0.1565195010754938,4.115069953998574,-3.9585504529230797,-3.9585504529230797,0.0,-0.007901999989238018,-1.1666089881421364,1.000181995552888,2.7919414647809426,0.37290282673034414,0.49762523661177044,2.7820359032792155
40,159,1.0,52.79689873524701,0.1445946737119841,4.111047126624301,-3.9664524529123177,-3.9664524529123173,4.440892098500626e-16,0.05074682317849799,-1.1697780226620875,1.0049149610221753,2.79667443025023,0.3721791802731178,0.4975293316188365,2.7862668301776323
40,160,1.0,50.184470674900936,0.19307738598837332,4.108783015722193,-3.9157056297338197,-3.9157056297338197,0.0,0.039854365351747134,-1.1178050100164032,1.0061411504893616,2.797900619717416,0.37155307320814734,0.4975402933863531,2.7875352635607276
40,161,1.0,48.22373196876238,0.23595147002514488,4.111802734407217,-3.8758512643820726,-3.8758512643820717,8.881784197001252e-16,-0.010555587686921442,-1.0823116739889513,1.0017801211650663,2.7935395903931215,0.3739246119895632,0.4974569336970757,2.7828927235929872
40,162,1.0,48.73545783237756,0.22802007396203372,4.114426926031028,-3.886406852068994,-3.886406852068994,0.0,0.0581276457542641,-1.0959961225817636,0.9986512602591754,2.79041072948723,0.37410603019983624,0.4974840342959057,2.779961414526691
40,163,1.0,45.983342268794594,0.27833161574010173,4.106610822054831,-3.82827920631473,-3.8282792063147295,4.440892098500626e-16,-0.1406558650245029,-1.0309743564906466,1.0055453805960282,2.7973048498240836,0.3738158006358826,0.49737430529589405,2.7862809589419477
40,164,1.0,52.928136127709884,0.14837017558310042,4.117305246922333,-3.968935071339233,-3.968935071339233,0.0,0.002958269360878063,-1.1797642273683995,0.9974113747427783,2.789170843970833,0.37189223372106894,0.4976606996800222,2.7795498788824644
40,165,1.0,52.77179181259221,0.15124979418709633,4.117226596165452,-3.965976801978355,-3.9659768019783552,4.440892098500626e-16,0.022163189630382885,-1.177416448478538,0.9968008842717623,2.788560353499817,0.3718650555330353,0.49765768566388435,2.778935200652773
40,166,1.0,51.61506629591862,0.1734378742584664,4.117251486606438,-3.943813612347972,-3.943813612347972,0.0,-0.040694682800512805,-1.156742836404875,0.9953113067150415,2.7870707759430964,0.3724008371685611,0.4976936467420023,2.7776545351639874
40,167,1.0,53.75884949098093,0.1410457409134769,4.125554036061962,-3.9845082951484847,-3.9845082951484847,0.0,0.029500271381434295,-1.2054630309104983,0.9872857950099307,2.779045264237986,0.374225667315762,0.49772584067494147,2.7698531481230604
40,168,1.0,52.19611275220112,0.16714408028853994,4.122152104055591,-3.9550080237670504,-3.955008023767051,4.440892098500626e-16,-0.014997646311922352,-1.1727084215811017,0.9905401329578941,2.782299602185949,0.37366324933396555,0.49765675964022216,2.772778645932012
40,169,1.0,52.98483126700208,0.15359370412358145,4.123599374202554,-3.9700056700789728,-3.9700056700789723,4.440892098500626e-16,-0.07815146529059591,-1.1889999032929148,0.9892462975580031,2.7810057667860577,0.37405450721547817,0.4976484335127957,2.7714517354286046
40,170,1.0,57.29177870732449,0.0796804761160081,4.127837611485576,-4.048157135369569,-4.048157135369569,0.0,-0.032446371696774,-1.2709702844284336,0.98542738171308,2.777186850941135,0.373979509290792,0.49775918413249,2.7681653086673212
40,171,1.0,59.181175332050515,0.04836081120387318,4.128964318270215,-4.080603507066343,-4.080603507066342,8.881784197001252e-16,-0.03295245816610848,-1.3044016745612557,0.984442363277032,2.776201832505087,0.37473183193784876,0.4977391297351838,2.7670974533819614
40,172,1.0,61.16382776771203,0.017363177721852793,4.130919142954304,-4.113555965232451,-4.113555965232451,0.0,0.08725695046603832,-1.3388734163095435,0.9829230796948538,2.7746825489229088,0.3752028917474838,0.4977811875820648,2.7657726611315407
40,173,1.0,56.05307528152632,0.10472898930985386,4.131028004076266,-4.026299014766413,-4.026299014766412,8.881784197001252e-16,0.012208791652312811,-1.2527115148948413,0.9818280306435166,2.773587499871572,0.3758264475643192,0.49770754638410386,2.764376235250142
40,174,1.0,55.372895499206095,0.11351533702467148,4.127605560138771,-4.0140902231141,-4.014090223114099,8.881784197001252e-16,0.030208236015278,-1.236925373746936,0.9854053801391092,2.777164849367164,0.37560937455950744,0.4976338713158997,2.7675912911619878
40,175,1.0,53.72519043237408,0.14207105867819617,4.125953045777019,-3.983881987098822,-3.9838819870988225,4.440892098500626e-16,-0.017208440558654114,-1.2049760260276958,0.9871464918430718,2.7789059610711266,0.3758753067241716,0.49755234635809736,2.7689458634973145
40,176,1.0,54.65771783727565,0.12447398212582053,4.125564409783297,-4.001090427657476,-4.001090427657476,0.0,0.02420710506390744,-1.2216357584658721,0.9876951999635487,2.7794546691916033,0.3748795248686569,0.4975572442896523,2.7695209701317904
40,177,1.0,53.3504985498532,0.14373346878738638,4.1206167913809555,-3.9768833225935687,-3.976883322593569,4.440892098500626e-16,-0.08248667752739713,-1.1918362722961817,0.9932875810693321,2.7850470502973868,0.3747525996019215,0.4974392093306259,2.774495187500244
40,178,1.0,57.937798772574425,0.06420061575429162,4.123570615875259,-4.059370000120966,-4.059370000120968,1.7763568394002505e-15,-0.018368998741982168,-1.2762746425614067,0.9913358883315041,2.7830953575595596,0.3749739433577152,0.49747542649740045,2.772766722368125
40,179,1.0,59.01189294097683,0.04470102107422227,4.12244001993717,-4.077738998862948,-4.077738998862948,0.0,-0.04009975482507944,-1.293397781139155,0.9925817484957378,2.7843412177237927,0.3746544561101599,0.4974535420259483,2.77392233197056
40,180,1.0,61.4263412467654,-0.000214578375213742,4.117624175312814,-4.117838753688027,-4.117838753688028,8.881784197001252e-16,-0.049218704131499535,-1.3282045126801432,0.9978747717798294,2.7896342410078847,0.3730131702140268,0.497467627357121,2.779216145142705
40,181,1.0,64.52530405637953,-0.04970619961938852,4.117351258200138,-4.167057457819527,-4.167057457819526,8.881784197001252e-16,0.032721813708129766,-1.3774519211841734,0.9978460674072979,2.789605536635353,0.3722860891074722,0.4975215786835811,2.7794731893919304
40,182,1.0,62.448089530084296,-0.009069784928399077,4.125265859182997,-4.134335644111397,-4.134335644111396,8.881784197001252e-16,0.054561188032926644,-1.354105334297163,0.9884708405861792,2.7802303098142342,0.37411467359239076,0.4976008830920316,2.7705254713040315
40,183,1.0,59.13213145292532,0.04731707949379943,4.12709153557227,-4.079774456078471,-4.079774456078471,0.0,-0.010235297592980253,-1.3019746579910045,0.9860403288594112,2.7777997980874662,0.3751729566472985,0.4975063898100925,2.767709926607235
40,184,1.0,59.740474390263074,0.04023131087591633,4.130241064547367,-4.090009753671451,-4.090009753671451,0.0,-0.05107710920866193,-1.316083570196654,0.9821667142467421,2.773926183474797,0.375576609408533,0.49757571822208585,2.7641869995300716
40,185,1.0,62.87111661161671,-0.01016240393879557,4.130924458941317,-4.141086862880113,-4.141086862880113,0.0,0.05320506335742081,-1.3674423891808456,0.981885004471213,2.773644473699268,0.37573402108481707,0.49763347091651866,2.7641592033159483
40,186,1.0,59.6134845621208,0.04260919318405498,4.130490992706747,-4.087881799522692,-4.087881799522692,0.0,-0.016427315815148447,-1.31461638421111,0.9815059460835278,2.7732654153115828,0.37586747839972495,0.4976312861485918,2.7637709207140038
40,187,1.0,60.60086187524071,0.026058248171705517,4.130367363509546,-4.10430911533784,-4.10430911533784,0.0,0.03666747323989483,-1.331135054909302,0.9814145912004824,2.7731740604285378,0.37615959609843697,0.4976264602526091,2.7636755962915545
40,188,1.0,58.419027031084795,0.0638583625047339,4.131500004602679,-4.0676416420979455,-4.0676416420979455,0.0,0.02966064093851095,-1.2961004595507883,0.9797817133191025,2.7715411825471574,0.3759897965074968,0.4975603504813831,2.7617790165768334
40,189,1.0,56.711726229533,0.0909570286125865,4.128938029772021,-4.037981001159435,-4.037981001159435,0.0,-0.06349735001703216,-1.2637085003365176,0.9825130315948621,2.774272500822917,0.37616067236992734,0.4975365728839001,2.7644016740899637
40,190,1.0,60.42955770254389,0.030952614013303556,4.132430965189769,-4.101478351176467,-4.101478351176466,8.881784197001252e-16,-0.0555622541218872,-1.3301268169749096,0.979592064973502,2.771351534201557,0.3759286956692375,0.4976325446964453,2.7618911882249897
40,191,1.0,63.88218996860253,-0.02700181592019643,4.130038789378158,-4.157040605298354,-4.157040605298355,8.881784197001252e-16,0.05223151817042471,-1.3826720297943191,0.9826091062759806,2.774368575504036,0.37635143146526717,0.49757793212281626,2.7646723093656616
40,192,1.0,60.63116817214889,0.02444832692056398,4.129257414048492,-4.104809087127929,-4.104809087127928,8.881784197001252e-16,0.10333089291469211,-1.3300548274193325,0.9829947904805417,2.774754259708597,0.37590496608295626,0.4975281463844476,2.764816979742985
40,193,1.0,54.678916382044854,0.12500745913661568,4.126485653349853,-4.001478194213237,-4.001478194213237,0.0,0.02714304959561442,-1.2257481511570272,0.9839705738281541,2.775730043056209,0.375580026038,0.4974530822464979,2.765457226182912
40,194,1.0,53.21472504543672,0.14900627467794897,4.123341419295572,-3.9743351446176227,-3.9743351446176236,8.881784197001252e-16,0.0033490291952502638,-1.1948571415025422,0.9877185338870255,2.7794780031150808,0.37548056023873777,0.49730871250262915,2.7685064613847366
40,195,1.0,53.03680547285924,0.15355723179704317,4.124543347219415,-3.9709861154223725,-3.970986115422372,4.440892098500626e-16,0.06572233027084451,-1.193326691833718,0.9858999543605999,2.777659423588655,0.3759200731480974,0.4972787951362007,2.7666053006573676
40,196,1.0,49.66317859357302,0.21600092993943695,4.121264715090965,-3.905263785151528,-3.9052637851515284,4.440892098500626e-16,-0.012911266020731116,-1.1258113758250097,0.9876929400984635,2.7794524093265185,0.3761785381370249,0.4972150969769415,2.768117613163341
40,197,1.0,50.30855042220268,0.2031726386238817,4.12134768979614,-3.918175051172259,-3.9181750511722586,4.440892098500626e-16,-0.0036997102247084968,-1.1397289977991345,0.9866865841450695,2.778446053373125,0.3763121515761905,0.4972007313199069,2.76712265200457
40,198,1.0,50.49502221368688,0.19830350041277536,4.120178261809743,-3.9218747613969676,-3.9218747613969676,0.0,0.031398813298693984,-1.1417229839522005,0.9883923082167122,2.780151777444767,0.37652310398421185,0.4971693856060724,2.7686705006083616
40,199,1.0,48.93417110784494,0.22516432017598328,4.115640268274257,-3.8904759480982736,-3.8904759480982736,0.0,-0.029605228556353946,-1.1071365918059772,0.9915798870642415,2.783339356292297,0.37637423701609235,0.49710770440998164,2.771601410129122
40,200,1.0,50.40453628362943,0.1994866800754978,4.119567856730125,-3.9200811766546275,-3.920081176654627,4.440892098500626e-16,-0.013324676166926341,-1.139942080875759,0.9883796265508137,2.780139095778869,0.37654736814958417,0.4971268288196143,2.7684849413439294
40,201,1.0,51.080654934449214,0.18625575464523098,4.119661607466784,-3.933405852821554,-3.9334058528215534,4.440892098500626e-16,-0.033867646384017736,-1.1537686039261854,0.9878777796673136,2.779637248895369,0.37556521229918427,0.4971392971165048,2.7680471437777983
40,202,1.0,52.84026523376414,0.15095015080761184,4.118223650013183,-3.9672734992055716,-3.9672734992055716,0.0,-0.009545307056586072,-1.185835557195305,0.9896784727822115,2.781437942010266,0.37399059297440573,0.49718114845499484,2.770005862511312
40,203,1.0,53.34705668243735,0.14266760551954905,4.119486411781708,-3.9768188062621577,-3.9768188062621586,8.881784197001252e-16,-0.08621007898448463,-1.1981443718290423,0.9869149652050604,2.7786744344331153,0.3741223518366281,0.49725780323751945,2.767650625789216
40,204,1.0,58.150174815559254,0.05669922871297979,4.1197281139596225,-4.063028885246642,-4.063028885246642,0.0,0.05181331563482949,-1.2830375005100345,0.9882319155085528,2.779991384736608,0.37256194323122355,0.4973651574366979,2.769402732774346
40,205,1.0,55.213946182790295,0.10825883156575322,4.119474401177565,-4.011215569611813,-4.011215569611812,8.881784197001252e-16,0.04904190562258792,-1.2315766674422268,0.987879432941531,2.779638902169586,0.3731679816420287,0.4973082491552854,2.7687867915285875
40,206,1.0,52.571474564909195,0.15299597283764615,4.115169636826872,-3.962173663989225,-3.9621736639892258,8.881784197001252e-16,0.0177271306021205,-1.179751335298616,0.990662859462554,2.782422328690609,0.37299764609804575,0.49726641638541214,2.771399333527557
40,207,1.0,51.647744897709934,0.17371067166607043,4.1181572050531745,-3.9444465333871044,-3.944446533387104,4.440892098500626e-16,0.04782478213693153,-1.1642702103858662,0.9884168537731833,2.7801763230012377,0.37437537976210883,0.4972043333353489,2.7688514516221496
40,208,1.0,49.23583693074259,0.22052772238079452,4.117149473630967,-3.896621751250173,-3.8966217512501724,4.440892098500626e-16,0.04660446959138609,-1.1156722461405684,0.9891900358815495,2.780949505109605,0.37582101328379486,0.4970568694599236,2.7689352980877096
40,209,1.0,46.9938753566808,0.26565369439542497,4.115670976054211,-3.8500172816587868,-3.8500172816587863,4.440892098500626e-16,-0.016181900477080458,-1.0679247250569983,0.9903330873737334,2.7820925566017887,0.3773267448163278,0.4969497061891342,2.769575210260706
40,210,1.0,47.76051165808133,0.2502824560169963,4.116481638152863,-3.866199182135867,-3.866199182135867,0.0,-0.01969876425894812,-1.0845773903965559,0.9898623225112567,2.781621791739312,0.3775742579748395,0.49694358822841306,2.769113804950964
40,211,1.0,48.710662391158465,0.22996107266679836,4.115859019061614,-3.8858979463948153,-3.885897946394816,4.440892098500626e-16,-0.07460856555217399,-1.1027472933719382,0.9913911837948222,2.783150653022877,0.3774876496832371,0.4968748454883692,2.7703075313415915
40,212,1.0,52.483902941613295,0.16054450136303017,4.121051013310019,-3.9605065119469893,-3.9605065119469893,0.0,0.004034031105792035,-1.1820904370899132,0.986656605629021,2.7784160748570765,0.3761888550789438,0.4970647936373866,2.7665402121214306
40,213,1.0,52.272607716889,0.16526653858467563,4.121739019425873,-3.9564724808411973,-3.9564724808411977,4.440892098500626e-16,6.0791384546732274e-05,-1.1796652649129489,0.9850477467001936,2.776807215928249,0.3760048046556679,0.497092274909893,2.7650858921877024
40,214,1.0,52.2694300892792,0.16523859040644345,4.121650279863093,-3.9564116894566506,-3.95641168945665,4.440892098500626e-16,-0.048238535289707674,-1.1795561745547833,0.9850960456738124,2.7768555149018668,0.376008431257784,0.4970746275963835,2.765061212758812
40,215,1.0,54.85263494896612,0.11803016156742678,4.122680386313785,-4.004650224746358,-4.004650224746358,0.0,-0.0655725253941446,-1.228565570685641,0.9843251848326622,2.7760846540607176,0.3756316465005059,0.4971356581933309,2.7645847075243335
40,216,1.0,58.57000761637369,0.0524499026764601,4.122672652816963,-4.070222750140503,-4.070222750140503,0.0,-0.02660740757718827,-1.2940089431840696,0.9844543377283775,2.776213806956432,0.37559494890575734,0.49721812403468535,2.765085009067274
40,217,1.0,60.14932122894463,0.03003611653895548,4.126866274256647,-4.096830157717691,-4.096830157717692,8.881784197001252e-16,-0.01905229566598088,-1.3250015155342634,0.9800691729553727,2.771828642183428,0.3759533876038092,0.49726207000181316,2.7608941818758557
40,218,1.0,61.30629034278623,0.011133281195999753,4.127015734579672,-4.115882453383672,-4.115882453383672,0.0,0.0464206409627792,-1.3435323309578175,0.9805906531977996,2.772350122425854,0.37587979518908865,0.4972138830506078,2.7612162026612452
40,219,1.0,58.52545644082522,0.05599860796506122,4.125460420385954,-4.069461812420893,-4.069461812420893,0.0,-0.07442954379568878,-1.2950873480734164,0.9826149951194214,2.7743744643474764,0.3763854817150001,0.49705596535076874,2.762531128816511
40,220,1.0,63.04768571692096,-0.021852183431813457,4.122039172784769,-4.143891356216582,-4.1438913562165824,8.881784197001252e-16,0.04924824498982705,-1.364894474667399,0.9872374123211275,2.778996881549182,0.37697335596542547,0.49698426734958634,2.7668412796719437
40,221,1.0,60.01791561449062,0.018109506393713448,4.112752617620468,-4.0946431112267545,-4.0946431112267545,0.0,0.0416517674601069,-1.3049003354111266,0.9979833065875727,2.7897427758156277,0.37802423619484454,0.49673836333622007,2.776325811310984
40,222,1.0,57.569409627221106,0.06175911299567895,4.1147504567623265,-4.052991343766648,-4.052991343766648,0.0,-0.03415538524032158,-1.2667464166375053,0.9944854579010883,2.786244927129143,0.37639598116542605,0.49675583916049576,2.772980063735693
40,223,1.0,59.56968054877139,0.026280695320127737,4.113427424327097,-4.087146729006969,-4.087146729006969,0.0,-0.008060791598942352,-1.2995961700034,0.9957910897755141,2.7875505590035696,0.374717480296499,0.4968189564108057,2.774616570331973
40,224,1.0,60.05179985037161,0.02018713212747565,4.115394652733387,-4.0952075206059115,-4.095207520605911,8.881784197001252e-16,0.01665800403947859,-1.3110165167162957,0.9924315346615596,2.7841910038896143,0.3737159254231218,0.4969772080867128,2.7720114756693213
40,225,1.0,59.05974251376503,0.03725880741756181,4.115808323983995,-4.078549516566433,-4.078549516566433,0.0,-0.05249363813656682,-1.2947741401376869,0.9920159072006912,2.7837753764287463,0.3753176474958415,0.49683812991627074,2.7709776873411105
40,226,1.0,62.242817969388504,-0.01730294004316127,4.113740214659839,-4.131043154703,-4.131043154703001,8.881784197001252e-16,0.019497041423724326,-1.3451058824363866,0.9941778030385581,2.785937272266613,0.3739932943988784,0.49692146356037253,2.773539431043865
40,227,1.0,61.041020982078244,0.00010582348085734494,4.111651936760132,-4.111546113279275,-4.1115461132792746,8.881784197001252e-16,0.015967491332717465,-1.324871830174901,0.9949148138763194,2.7866742831043747,0.3746631832649923,0.49692195219682217,2.774292139997158
40,228,1.0,60.07408928936889,0.015643618082702995,4.111222240029261,-4.095578621946558,-4.095578621946558,0.0,-0.006344076861895864,-1.3084041156242483,0.9954150370942548,2.78717450632231,0.3752743204075052,0.4968344929184596,2.774406485618688
40,229,1.0,60.45641540004627,0.00500409110543569,4.1069267899138895,-4.101922698808454,-4.101922698808454,0.0,0.05490476376266429,-1.3101991362802377,0.9999640933001611,2.7917235625282166,0.37359063876143234,0.4968121557530414,2.7788380423666506
40,230,1.0,57.226549056345426,0.06278890274310851,4.1098068377888985,-4.0470179350457895,-4.04701793504579,8.881784197001252e-16,-0.006407425471327777,-1.2585757388669818,0.9966827269507528,2.7884421961788077,0.3750095914758006,0.49669094073199954,2.775007658415299
40,231,1.0,57.59440113828887,0.0617077228371063,4.115133083354224,-4.053425360517117,-4.053425360517118,8.881784197001252e-16,0.014403519474925908,-1.2712035884115143,0.9904623028775482,2.782221772105603,0.37481022278969384,0.4967521921149305,2.769113254626412
40,232,1.0,56.7707847859314,0.07538333151066397,4.114405172552855,-4.039021841042191,-4.039021841042191,0.0,0.019923036765456814,-1.2558779371862407,0.9913844346278955,2.783143903855951,0.37448465429748956,0.4967276518242887,2.7699050672600847
40,233,1.0,55.65093084058067,0.09697591223195898,4.1160747165086935,-4.019098804276735,-4.019098804276735,0.0,0.004812644545064693,-1.2379945738923706,0.9893447611563091,2.7811042303843636,0.37477041396629307,0.4967312442370259,2.7678702348792066
40,234,1.0,55.38374614003951,0.1042711056489082,4.118557265380579,-4.01428615973167,-4.014286159731671,8.881784197001252e-16,-0.03380954580519102,-1.2360860679519932,0.9864406225516227,2.7782000917796776,0.37661086428746315,0.4966544310417187,2.7646300371556567
40,235,1.0,57.28825939103959,0.06957398499467292,4.1176696905315335,-4.048095705536861,-4.048095705536861,0.0,-0.05065816158656222,-1.2689340165050766,0.9874022198037293,2.7791616890317847,0.37544901169754763,0.49668072973764144,2.7657440412768963
40,236,1.0,60.26514241137226,0.017807594444732372,4.116561461568155,-4.098753867123423,-4.098753867123423,0.0,0.0038458436883228586,-1.3185023273062622,0.988492070589106,2.7802515398171614,0.374216590107174,0.49674204621764934,2.7671339529176673
40,237,1.0,60.033817199225304,0.02234213325256386,4.117250156687664,-4.0949080234351,-4.0949080234351,0.0,-0.04604112350937495,-1.316072479884723,0.9870760743223225,2.7788355435503775,0.3750187832865872,0.49672168402937505,2.765665655123076
40,238,1.0,62.86245885313727,-0.023170223327461575,4.1177789236170135,-4.140949146944475,-4.140949146944475,0.0,-0.016150228923391907,-1.3635146898319175,0.9856749878845027,2.777434457112557,0.37523768740859903,0.496787860090405,2.764590128048361
40,239,1.0,63.885944471614756,-0.04006630420566863,4.117033071662199,-4.157099375867867,-4.157099375867868,8.881784197001252e-16,0.004467412094810719,-1.3794177687063254,0.9859221379334869,2.7776816071615418,0.3763009443349303,0.4967338006641224,2.7646156631150745
40,240,1.0,63.60117619283182,-0.033450522387865195,4.119181441385191,-4.152631963773056,-4.152631963773056,0.0,0.043765745014662016,-1.3775852892596692,0.9832872052853325,2.7750466745133875,0.3764360129005789,0.49675889639296095,2.7620916036879066
40,241,1.0,60.8776564819851,0.008553318615630592,4.117419537374024,-4.108866218758394,-4.1088662187583935,8.881784197001252e-16,-0.07520362953462634,-1.3306692183919768,0.9864375311383617,2.7781970003664167,0.3761240546732878,0.49665952691011944,2.764782878222155
40,242,1.0,65.63242440433723,-0.06407273446193862,4.119997113831082,-4.184069848293021,-4.184069848293021,0.0,-0.03298844932909084,-1.4099142720222326,0.9823961070427334,2.7741555762707883,0.37632327852112774,0.49684535545295955,2.7615632024995542
40,243,1.0,67.83364410619217,-0.09752706646715167,4.11953123115496,-4.217058297622112,-4.217058297622112,0.0,-0.09197923084787352,-1.443008178706713,0.9822906496873435,2.7740501189153988,0.375853647584553,0.4968801218220267,2.761602253569484
40,244,1.0,74.36887655702823,-0.19434190785892147,4.114695620611064,-4.309037528469985,-4.309037528469986,8.881784197001252e-16,-0.013919201850448815,-1.5302253682639664,0.987052690977964,2.778812160206019,0.37616913945557057,0.4968783297090627,2.766331694736172
40,245,1.0,75.41126977225454,-0.20861710627742594,4.114339624043008,-4.322956730320434,-4.322956730320434,0.0,0.034853703175752315,-1.5449696137469298,0.9862276473454492,2.777987116573504,0.37679871384115665,0.4969366494744249,2.7657124923072423
40,246,1.0,72.82818429170298,-0.17115906256925828,4.116943964575423,-4.288103027144682,-4.288103027144682,0.0,0.0350357596578581,-1.5115764813481214,0.984767076568505,2.7765265457965604,0.3766444936765577,0.49691217247115943,2.7641861147323787
40,247,1.0,70.3207745164736,-0.1362155771226602,4.116851690364164,-4.2530672674868235,-4.2530672674868235,0.0,-0.09359973252014342,-1.4767908940418506,0.9845169042169181,2.7762763734449725,0.3755993223001778,0.4968663322645219,2.76376212252873
40,248,1.0,77.22065708097068,-0.2349276799989407,4.1117393200080254,-4.346667000006967,-4.346667000006966,8.881784197001252e-16,0.07711807629133727,-1.565082953062947,0.9898245777159644,2.7815840469440194,0.37660200880034733,0.49684682804730507,2.7689599249154875
40,249,1.0,71.48938118072508,-0.15397328760931034,4.115575636106319,-4.26954892371563,-4.26954892371563,0.0,0.05801761710087838,-1.4923824102214847,0.985407044266091,2.777166513494146,0.37534687916792353,0.4968908876886781,2.764733250557237
40,250,1.0,67.45976233757355,-0.09230488033479961,4.119226426279951,-4.211531306614751,-4.21153130661475,8.881784197001252e-16,0.009498279214722238,-1.4385966614863548,0.9811751759003418,2.7729346451283967,0.3758169581496459,0.49687951438509276,2.7604761055558793
40,251,1.0,66.8220440865648,-0.0833820551514029,4.118650972248626,-4.202033027400029,-4.202033027400029,0.0,-0.014468111885917345,-1.426191869131766,0.9840816890402081,2.7758411582682627,0.375997356378879,0.4967250361883422,2.7627600803201333
40,252,1.0,67.79586055259429,-0.09740985358866514,4.119091285697282,-4.216501139285946,-4.216501139285947,8.881784197001252e-16,0.030843851867647487,-1.4417250601034564,0.983016609954435,2.7747760791824905,0.37611712555919086,0.49679207637658074,2.7619683902580174
40,253,1.0,65.73669462213874,-0.06824479742448632,4.1174124899938125,-4.185657287418299,-4.185657287418299,0.0,-0.033476267590475395,-1.4089561093173621,0.9849417088728819,2.776701178100937,0.37507067737334127,0.49677242921279313,2.7637849183427576
40,254,1.0,67.97456254763165,-0.10166335240613078,4.117470202602643,-4.219133555008774,-4.219133555008774,0.0,0.016479009056173943,-1.4425161633384311,0.9848579224422873,2.7766173916703423,0.37502430666502373,0.4968835490708419,2.7641489070954623
40,255,1.0,66.86358813554665,-0.08685753131060192,4.115797014641998,-4.2026545459526,-4.2026545459526,0.0,-0.011815403075829956,-1.4244472232914227,0.9864478534331237,2.7782073226611783,0.37380081228009776,0.49692978782635705,2.7659323958032833
40,256,1.0,67.65829402033688,-0.09688027306188496,4.117589675966546,-4.21446994902843,-4.21446994902843,0.0,0.08867731706546866,-1.4390762854366883,0.9836341943636869,2.7753936635917413,0.37489794790341663,0.4969466401344607,2.7631904030712544
40,257,1.0,61.91686709329686,-0.009670236520459036,4.116122395442503,-4.125792631962962,-4.125792631962962,0.0,0.02110419309023559,-1.351026084137433,0.9830070785974737,2.7747665478255286,0.37446701565530816,0.4968833898826211,2.7622900890097135
40,258,1.0,60.623853568753894,0.011191593985517806,4.115880032858243,-4.104688438872726,-4.104688438872725,8.881784197001252e-16,-0.07097344657536375,-1.3313122407803328,0.9816167288643385,2.773376198092393,0.3754414213707452,0.49687800410979194,2.7608842274118053
40,259,1.0,65.08290283430645,-0.0628209184833231,4.112840966964766,-4.17566188544809,-4.17566188544809,0.0,-0.03357464437328517,-1.3992967918762818,0.984605624343753,2.7763650935718083,0.37510708043792873,0.49694395780027184,2.7640677987273783
40,260,1.0,67.30513472625739,-0.09946729585073387,4.10976923397064,-4.209236529821375,-4.209236529821374,8.881784197001252e-16,0.10703584365724428,-1.4314387957995212,0.9860382647937979,2.7777977340218527,0.37598918485841737,0.49695634946423145,2.765489390193635
40,261,1.0,60.47322385525779,0.013477842697496495,4.115678528861626,-4.102200686164131,-4.10220068616413,8.881784197001252e-16,0.019404819992053568,-1.3288840074009567,0.9815572095351189,2.7733166787631736,0.375484225024572,0.4968857384657344,2.7608565218942336
40,262,1.0,59.31106405000937,0.03379279435632988,4.116588660528406,-4.082795866172077,-4.082795866172076,8.881784197001252e-16,0.011418263093836423,-1.3110223821530835,0.9800140147909376,2.771773484018993,0.3760793464924176,0.4967981302979234,2.758983400146272
40,263,1.0,58.63768643375151,0.0399660884021345,4.111343691480375,-4.071377603078241,-4.071377603078241,0.0,-0.03851612134051674,-1.2949922831883927,0.9846258506617938,2.7763853198898487,0.37530901777849046,0.49676148466172226,2.7633915028659746
40,264,1.0,60.940240765956815,-0.0033877551722748533,4.106505969246483,-4.109893724418757,-4.109893724418758,8.881784197001252e-16,0.020279339877443903,-1.3290900260485756,0.989044229142127,2.780803698370182,0.3740302885613254,0.4967933748280114,2.7678692470201853
40,265,1.0,59.716859519472465,0.01878475713262992,4.108399141673944,-4.0896143845413135,-4.089614384541314,8.881784197001252e-16,0.018476956108336218,-1.3108820061747766,0.986972909138482,2.7787323783665365,0.37432486736336534,0.49678474911319587,2.765811980070385
40,266,1.0,58.62360483930184,0.039521232224273825,4.110658660657251,-4.071137428432977,-4.071137428432976,8.881784197001252e-16,0.06577295495225943,-1.2942520970343503,0.9851258621705714,2.7768853313986264,0.3746050909983374,0.49675788213895494,2.7638894040430757
40,267,1.0,54.891827368956754,0.10684138730869455,4.1122058607894125,-4.005364473480718,-4.005364473480718,0.0,0.014086066406709286,-1.2289714640905312,0.9846335401621317,2.7763930093901865,0.37462320679115185,0.4966437585442436,2.76294415057079
40,268,1.0,54.12403770672152,0.11926323842100137,4.11054164549501,-3.9912784070740086,-3.9912784070740086,0.0,-0.05139702532061374,-1.213179799723366,0.9863391381225878,2.7780986073506426,0.3753342303520836,0.49655222243768277,2.7642219961228114
40,269,1.0,56.97858140510973,0.07006388340490631,4.112739315799528,-4.042675432394622,-4.042675432394622,0.0,0.05451521337578491,-1.2649890187377524,0.9859269444288149,2.77768641365687,0.37484377010415704,0.4965971000054427,2.7639886529331466
40,270,1.0,53.95553163219459,0.12318622552826762,4.111346444547105,-3.9881602190188374,-3.9881602190188374,0.0,-0.06539879524102599,-1.2114151825564854,0.9849855672342972,2.776745036462352,0.3759147280742341,0.49659754139445783,2.763087216198255
40,271,1.0,57.60209935999883,0.058862875801879794,4.112421890061745,-4.053559014259863,-4.053559014259865,1.7763568394002505e-15,-0.0688172858952143,-1.2769444583089775,0.9848550867228308,2.7766145559508857,0.3742090938482259,0.4967013798793054,2.7633860057283606
40,272,1.0,61.705699445561194,-0.008237263542269516,4.1141390366128086,-4.122376300155078,-4.122376300155078,0.0,0.0037786437436073683,-1.3457805949742971,0.9848362359527266,2.7765957051807817,0.37418812042665905,0.49672473056585026,2.7634579345318357
40,273,1.0,61.472975557643295,-0.004233584510045477,4.114364071901425,-4.11859765641147,-4.118597656411471,8.881784197001252e-16,0.015616852938183712,-1.343064999149961,0.9837731880334544,2.7755326572615093,0.37401665710419896,0.49678087351942607,2.7626511224702184
40,274,1.0,60.520418470202294,0.0098323466382748,4.1128131501115615,-4.102980803473287,-4.102980803473287,0.0,-0.032395412516275535,-1.3259178097053115,0.9853035245399203,2.7770629937679754,0.37372585995431695,0.4967293975975006,2.7639962814350016
40,275,1.0,62.51310507670263,-0.020683151486134088,4.114693064503428,-4.135376215989562,-4.135376215989562,0.0,0.0364535568733686,-1.3596545374922115,0.9839622092692956,2.77572167849735,0.37456298595810444,0.4966825680141799,2.762484230193907
40,276,1.0,60.275315543401945,0.01818192796393217,4.117104587080126,-4.098922659116194,-4.098922659116194,0.0,0.002432731250739728,-1.3257464713019225,0.981416718586216,2.7731761878142716,0.3751203016934064,0.4965939206937919,2.7595838235987915
40,277,1.0,60.12886011520893,0.022109283421362202,4.118599211286816,-4.096489927865454,-4.096489927865454,0.0,-0.01969379225909229,-1.3250477510791074,0.9796827075582915,2.7714421767863464,0.37555745613881036,0.4966102651697529,2.7579177765052045
40,278,1.0,61.32476267148231,0.0020775688951198412,4.1182612890196655,-4.116183720124546,-4.116183720124545,8.881784197001252e-16,-0.0014534345235235335,-1.3435029911830172,0.9809212597134741,2.7726807289415287,0.37543739783665087,0.49655686209246114,2.7589297013990177
40,279,1.0,61.413959003508026,-1.4722112511175722e-05,4.117622432535558,-4.11763715464807,-4.11763715464807,0.0,0.0014722258885475625,-1.3441527278064163,0.9817249576135986,2.7734844268416534,0.3755848501023127,0.49650185917194034,2.7594956538894473
40,280,1.0,61.32361030630922,0.0023178689571142497,4.118482797716636,-4.116164928759522,-4.116164928759522,0.0,-0.004332302858977677,-1.3435296947625213,0.9808757647689461,2.7726352339970006,0.3754564064463866,0.4965627361649747,2.758907513705116
40,281,1.0,61.589859077286164,-0.004931717050964596,4.115565514567535,-4.1204972316185,-4.1204972316185,0.0,-0.031598290127734074,-1.3447221561743943,0.9840156062160504,2.7757750754441055,0.3742903411152254,0.49654151472336094,2.7619429202294916
40,282,1.0,63.56706699858726,-0.03793522875146049,4.114160292994773,-4.152095521746234,-4.152095521746234,0.0,-0.03443578378618284,-1.3762142709791594,0.9841217815390205,2.775881250767075,0.374303607257299,0.49661606939848113,2.7623301183478635
40,283,1.0,65.79417479969982,-0.07238960615585131,4.114141699376566,-4.186531305532417,-4.186531305532417,0.0,0.09746861615202729,-1.4103695409815487,0.984402295322813,2.7761617645508676,0.37434842367677096,0.4966386246114276,2.7627115178565522
40,284,1.0,59.683923103316076,0.023749768725387616,4.112812458105777,-4.089062689380389,-4.089062689380389,0.0,-0.03211088501373727,-1.3111053703195763,0.9861978498327582,2.7779573190608127,0.3736470424567111,0.49651506258519024,2.7639647457007137
40,285,1.0,61.63152902352007,-0.006199515645757575,4.114974058748369,-4.121173574394127,-4.121173574394127,0.0,-0.011192358304471739,-1.3447173697237698,0.9846967354423019,2.7764562046703567,0.3744975790676234,0.49650241822093816,2.7624456685959076
40,286,1.0,62.32520587782554,-0.01580458603652496,4.116561346662074,-4.132365932698598,-4.132365932698599,8.881784197001252e-16,0.06159880339747037,-1.3586367985185845,0.9819696649519587,2.7737291341800137,0.37539205411605714,0.49651667691576457,2.759802985199063
40,287,1.0,58.601900588104684,0.04486346991349546,4.115630599214623,-4.070767129301128,-4.070767129301128,0.0,0.06431948764014894,-1.2946636803364264,0.9843439797366468,2.7761034489647023,0.3749672916149283,0.49642983287653975,2.761778466103993
40,288,1.0,54.95131666235772,0.10662926056016052,4.11307690222114,-4.006447641660979,-4.006447641660979,0.0,0.01899010139568036,-1.2285165783525305,0.9861715940803947,2.7779310633084493,0.37432854744344823,0.4963788967254043,2.763357238809771
40,289,1.0,53.91763154383362,0.12644185573528974,4.113899396000588,-3.9874575402652987,-3.9874575402652983,4.440892098500626e-16,-0.0012246141259599774,-1.2110726857208567,0.9846253853163867,2.776384854544441,0.37552402226414994,0.4963215695146809,2.7615530638952674
40,290,1.0,53.98370028315942,0.12488537454261055,4.113567528933869,-3.9886821543912587,-3.9886821543912583,4.440892098500626e-16,0.0324295879494958,-1.2114983913260267,0.9854242938371772,2.777183763065232,0.3756600792433809,0.496262486215502,2.762080570926399
40,291,1.0,52.26111348167631,0.15233351469474973,4.1085860811365125,-3.956252566441763,-3.956252566441763,0.0,-0.050550828576373164,-1.1761241537148086,0.9883689434988994,2.7801284127269543,0.3742634923970337,0.4962437350169895,2.764939296106217
40,292,1.0,54.97086925548466,0.10434050639486062,4.111143901412997,-4.006803395018136,-4.006803395018136,0.0,0.040195030085571126,-1.227521746115712,0.9875221796743693,2.7792816489024244,0.37464476755655457,0.49629218817525533,2.764295423537691
40,293,1.0,52.80513104813319,0.13790356950176424,4.1045119344343295,-3.966608364932565,-3.9666083649325654,4.440892098500626e-16,-0.028027792048601174,-1.1808979050769814,0.9939509906275285,2.7857104598555833,0.3760402913518595,0.4960902606049092,2.769695817153908
40,294,1.0,54.30607814139826,0.11035141034012236,4.104987567321288,-3.994636156981166,-3.9946361569811657,4.440892098500626e-16,-0.06604037929735407,-1.2106147577705886,0.9922619299825222,2.784021399210577,0.37479844020738695,0.49620030981691365,2.768560611582538
40,295,1.0,58.01354607407875,0.04734420288565963,4.10802073916418,-4.06067653627852,-4.060676536278521,8.881784197001252e-16,0.10482405863027333,-1.27793362559287,0.9909834414575952,2.7827429106856503,0.37464155600718196,0.496175670152929,2.7672371756107434
40,296,1.0,52.240208578023314,0.15288238254767095,4.108734860195917,-3.955852477648247,-3.9558524776482464,4.440892098500626e-16,0.03363617247190831,-1.1759053363409844,0.9881876720792074,2.7799471413072623,0.3762069500269048,0.49604336811349037,2.7638745464450842
40,297,1.0,50.51227141992503,0.18487626419646508,4.107092569372803,-3.9222163051763386,-3.9222163051763377,8.881784197001252e-16,-0.0358414331265724,-1.1414468111482565,0.989010024800027,2.780769494028082,0.375557197545931,0.496058786383621,2.7647520520150732
40,298,1.0,52.355538974645526,0.14670435980612928,4.10476209810904,-3.958057738302911,-3.9580577383029105,4.440892098500626e-16,-0.00814691516623256,-1.1747164535957044,0.9915818154791515,2.7833412847072068,0.37496889157019925,0.49609050874291394,2.7674251439958426
40,299,1.0,52.78381731399047,0.14225557641514028,4.108460229884284,-3.9662046534691435,-3.966204653469144,4.440892098500626e-16,-0.016664453763917564,-1.1873055047502603,0.9871396794908284,2.7788991487188834,0.37488372285066296,0.49609305479471516,2.7631062054257285
40,300,1.0,53.670800818423345,0.12449532360857418,4.107364430841635,-3.982869107233061,-3.9828691072330606,4.440892098500626e-16,0.06578447461834358,-1.2028358110999806,0.9882738269050257,2.7800332961330807,0.37335082813888354,0.49620642855358194,2.76475341376606
40,301,1.0,50.25372294310218,0.18939646234483062,4.106481094959548,-3.9170846326147175,-3.9170846326147175,0.0,-0.06132041325273807,-1.1371875259189983,0.9881376374676646,2.7798971066957194,0.3745173989756956,0.49615458455492906,2.764392898999365
40,302,1.0,53.431745046834514,0.13318039173807195,4.111585437605528,-3.9784050458674556,-3.9784050458674556,0.0,0.02018017512313497,-1.2022517420336887,0.984393834605712,2.7761533038337673,0.37491854379950806,0.4961769290690268,2.7608019418788694
40,303,1.0,52.36429001496668,0.15378535398289153,4.112010224727212,-3.9582248707443206,-3.95822487074432,4.440892098500626e-16,-0.014569106069294513,-1.1838062018199098,0.9826591996963558,2.7744186689244112,0.37588841066605516,0.4960876587338084,2.7587147085147774
40,304,1.0,53.132775389803534,0.14062516535511796,4.113419142168732,-3.972793976813615,-3.9727939768136142,8.881784197001252e-16,0.015415867457195365,-1.199591512895313,0.9814429946902475,2.7732024639183024,0.37604924007344764,0.4961177681942061,2.7576272086814364
40,305,1.0,52.319968723504516,0.15386186619260211,4.111239975549021,-3.9573781093564198,-3.9573781093564193,4.440892098500626e-16,-0.027422528507493382,-1.1825078593519853,0.9831107807763791,2.7748702500044344,0.37595260343563264,0.4961415665051287,2.7594045444764888
40,306,1.0,53.77456779647355,0.12801403577735476,4.112814673641267,-3.984800637863913,-3.9848006378639127,4.440892098500626e-16,0.04871195435649911,-1.212591056594239,0.9804501120416192,2.7722095812696743,0.3761641466700818,0.4961958637886433,2.757016074356105
40,307,1.0,51.217879676027806,0.17462789207093563,4.1107165755783495,-3.936088683507414,-3.936088683507414,0.0,-0.04606550658333797,-1.1630649293209452,0.981264284958414,2.7730237541864695,0.3765376486503594,0.49611507846641123,2.7574920036298907
40,308,1.0,53.63244435535697,0.12351841960588858,4.10567260969664,-3.982154190090752,-3.9821541900907516,4.440892098500626e-16,0.015411834216306097,-1.2068461965298598,0.9835485243328369,2.7753079935608915,0.3765508943938103,0.4962380749214455,2.7602997216092366
40,309,1.0,52.81220693142004,0.13665422897546228,4.103396584849909,-3.966742355874446,-3.966742355874447,8.881784197001252e-16,0.016761208700332375,-1.189676036920465,0.985306849725926,2.777066318953981,0.37654800831333624,0.4962176142297014,2.7619726319712963
40,310,1.0,51.93438771563275,0.1543192366293507,4.104300383803464,-3.9499811471741135,-3.949981147174113,4.440892098500626e-16,0.03016090458317766,-1.1736201139097158,0.9846015640363426,2.7763610332643975,0.3767344778125237,0.49616644380367586,2.761069615181366
40,311,1.0,50.391385738935604,0.18196441348085196,4.101784656071787,-3.919820242590936,-3.9198202425909354,4.440892098500626e-16,0.026815391398974153,-1.1411702823501533,0.9868904910127277,2.7786499602407826,0.3765427200379112,0.49611513341935587,2.7631366914437643
40,312,1.0,49.05807749213052,0.19896748476449289,4.091972335956455,-3.8930048511919617,-3.8930048511919617,0.0,-0.045341179627868655,-1.1072150416124924,0.9940303403514141,2.7857898095794695,0.37751785580526676,0.4960260114984974,2.7698915955549133
40,313,1.0,51.333626810653534,0.15437676039026113,4.092722791210091,-3.9383460308198304,-3.9383460308198304,0.0,-0.023934543916964035,-1.1541373604801823,0.992449201111593,2.784208670339648,0.377582339393657,0.49606315542740376,2.768462529094359
40,314,1.0,52.57709532101002,0.12474410255135002,4.087024677288145,-3.9622805747367944,-3.9622805747367953,8.881784197001252e-16,-0.028440580382665726,-1.1718452736953786,0.9986758318133608,2.790435301041416,0.3756093570810475,0.4960795070501957,2.7746739166853662
40,315,1.0,54.093885382922345,0.09569047505972679,4.086411630179187,-3.99072115511946,-3.99072115511946,0.0,0.03761191801984154,-1.2019111702454326,0.9970505156459728,2.7888099848740278,0.37724523369850005,0.4960787353363449,2.773019439603472
40,316,1.0,52.097097503381704,0.1393489289842353,4.092458166083854,-3.9531092370996186,-3.9531092370996186,0.0,0.0001114007713458598,-1.1689163043559991,0.9924334635155647,2.7841929327436197,0.3767007093778679,0.4960374859070549,2.7683278609042277
40,317,1.0,52.09129416978885,0.14078516873314162,4.093783005061414,-3.9529978363282727,-3.9529978363282723,4.440892098500626e-16,-0.06388055246898494,-1.1689627056196974,0.9922756614805207,2.7840351307085753,0.3758865636881461,0.4960200005888196,2.7681140986951163
40,318,1.0,55.5274997371734,0.07988190471842888,4.096760293515686,-4.016878388797258,-4.016878388797258,0.0,0.015439995975260246,-1.234469501799581,0.9906494177696216,2.782408886997677,0.3746285258945174,0.4961369788025638,2.76694606273405
40,319,1.0,54.67674012841065,0.095534373218713,4.096972766040711,-4.001438392821997,-4.001438392821998,8.881784197001252e-16,0.005750842256432964,-1.2187046503152266,0.9909742732787157,2.7827337425067706,0.37414738781584533,0.4961273338344192,2.767229800100145
40,320,1.0,54.36320522981461,0.10463461982000155,4.1003221703855655,-3.9956875505655645,-3.995687550565564,4.440892098500626e-16,0.014896327409786636,-1.2168487820589118,0.9870792992785976,2.7788387685066525,0.3756275470080259,0.4961116720852292,2.763306685432706
40,321,1.0,53.5593949003632,0.12138646566702521,4.1021776888228025,-3.980791223155778,-3.9807912231557774,4.440892098500626e-16,0.03314080273230191,-1.2017596402273247,0.987272113700398,2.7790315829284524,0.37430928638368643,0.49609299139435575,2.763418877724893
40,322,1.0,51.81348380063249,0.1552796863912375,4.102930106814712,-3.947650420423476,-3.947650420423475,8.881784197001252e-16,0.033687142697856665,-1.1695446927367241,0.9863462584586967,2.778105727686752,0.37518013663512734,0.49602477647450477,2.7622193214847948
40,323,1.0,50.097107792188396,0.19042715880062977,4.104390436526249,-3.9139632777256192,-3.9139632777256197,4.440892098500626e-16,-0.0015714000077893253,-1.1372766247649866,0.9849271837325775,2.776686652960633,0.375846912995641,0.495944542082514,2.7604542304388904
40,324,1.0,50.1758922725179,0.1856954000889198,4.101230077822329,-3.9155346777334086,-3.9155346777334095,8.881784197001252e-16,-0.011979783033061242,-1.1365517060982053,0.9872235024071484,2.7789829716352035,0.37535425408192047,0.4959400270867708,2.762735772389211
40,325,1.0,50.780603497985155,0.17705861125499517,4.1045730720214655,-3.92751446076647,-3.9275144607664703,4.440892098500626e-16,0.030911011136761868,-1.1517803663583486,0.9839746251800662,2.7757340944081217,0.3761063459566079,0.4959222887664778,2.759437768944707
40,326,1.0,49.23493584338752,0.20637066613804386,4.1029741157677515,-3.896603449629708,-3.8966034496297075,4.440892098500626e-16,-0.01463375053468674,-1.1196804080440883,0.9851635723575649,2.77692304158562,0.37629484458427476,0.49588414637696027,2.760450314180082
40,327,1.0,49.96072517001748,0.19414088529736068,4.105378085461756,-3.9112372001643947,-3.911237200164395,4.440892098500626e-16,-0.002870590732098055,-1.1358695926444842,0.9836081382918556,2.7753676075199105,0.3768903911749431,0.4958556015134746,2.7587709493070176
40,328,1.0,50.10434800722764,0.19221369392287738,4.10632148481937,-3.9141077908964927,-3.9141077908964923,4.440892098500626e-16,-0.1263125165297181,-1.1382089734220113,0.9841393482464263,2.775898817474481,0.3769467571061964,0.4958412450342942,2.759198486085994
40,329,1.0,56.85023235948134,0.06865653836019853,4.109076845786409,-4.040420307426211,-4.04042030742621,8.881784197001252e-16,0.04685914839657013,-1.266599412256724,0.9820614259414319,2.773820895169487,0.3760556793068513,0.49605781477561317,2.758097167705437
40,330,1.0,54.24773058601112,0.1134129158511026,4.106974074880743,-3.9935611590296407,-3.99356115902964,8.881784197001252e-16,0.052011065341857954,-1.2179617054102991,0.9838399843912867,2.7755994536193414,0.3770186309719176,0.49594204516976315,2.759369472175173
40,331,1.0,51.49836675583022,0.16600569389702086,4.107555787584804,-3.9415500936877828,-3.941550093687783,4.440892098500626e-16,0.029720090577821434,-1.1674957550827567,0.9822948693769712,2.7740543386050263,0.37722427617758675,0.49586948554194166,2.757504438901396
40,332,1.0,49.99035081527822,0.19405894001394644,4.105888943123908,-3.9118300031099613,-3.9118300031099618,4.440892098500626e-16,-0.0168007906591372,-1.136081656095546,0.9839888777863605,2.7757483470144155,0.37726730688796384,0.4958323572248588,2.7590270456263304
40,333,1.0,50.837323214718865,0.17719140376873746,4.105822197537837,-3.9286307937690985,-3.928630793769099,4.440892098500626e-16,-0.015210111570227447,-1.1522060587147551,0.9846652658262883,2.7764247350543436,0.377552924730329,0.4958013718201972,2.759498606311205
40,334,1.0,51.61647504470118,0.1647120137905025,4.10855291912983,-3.943840905339326,-3.943840905339327,8.881784197001252e-16,0.0292007267058918,-1.169183713099591,0.9828977230116805,2.774657192239736,0.3773693530452526,0.4957908333217677,2.7576841517343103
40,335,1.0,50.13103004964002,0.19121496826733467,4.105855146900769,-3.914640178633434,-3.914640178633434,0.0,0.0016436419443608408,-1.1375367283825504,0.9853439810228289,2.777103450250884,0.3771312070989711,0.49571394030504834,2.7598229194426414
40,336,1.0,50.04870026481512,0.19382673363233782,4.106823270321412,-3.9129965366890733,-3.912996536689074,8.881784197001252e-16,-0.049131395129111244,-1.1369337839647302,0.9843032834962887,2.776062752724344,0.37702285711063344,0.4956661766349266,2.7585716210319737
40,337,1.0,52.569070412216526,0.14606286792409515,4.10819079974228,-3.9621279318181846,-3.962127931818185,4.440892098500626e-16,-0.07354185477563346,-1.1860752517625512,0.9842932108275785,2.776052680055633,0.37678375801396646,0.49565047563824277,2.758494856114027
40,338,1.0,56.58080461408114,0.0751571119578161,4.110826898551634,-4.035669786593818,-4.035669786593818,0.0,-0.015264146624832442,-1.2632996881673753,0.9806106291983877,2.7723700984264426,0.37598390289116534,0.49582741942956665,2.7556954293410443
40,339,1.0,57.45108747696957,0.06086929546687214,4.111803228685522,-4.0509339332186505,-4.05093393321865,8.881784197001252e-16,-0.06620207444764858,-1.2794493739297457,0.9797250900608496,2.7714845592889046,0.37614363997389655,0.4958258608632098,2.7548068560829915
40,340,1.0,61.38318929403233,-0.004829283523936051,4.112306724142362,-4.117136007666299,-4.117136007666298,8.881784197001252e-16,0.005740869037517804,-1.345583338109049,0.979793200329194,2.771552669557249,0.37656532411639926,0.49584474556185376,2.754968060808167
40,341,1.0,61.03180603089916,0.0001505865337679685,4.111545725162549,-4.111395138628781,-4.111395138628781,0.0,-0.0337864216922199,-1.3416482105068257,0.9779874588939005,2.7697469281219553,0.3765992226799957,0.4958783572363017,2.753311839219757
40,342,1.0,63.129082597810694,-0.03380038233688594,4.111381177984115,-4.145181560321001,-4.145181560321001,0.0,-0.018998808093827257,-1.3750545612735916,0.9783675298193545,2.7701269990474096,0.37640071296883737,0.49584919117482834,2.7535800065134883
40,343,1.0,64.3399257905408,-0.054061612870727485,4.110118755544101,-4.164180368414828,-4.164180368414828,0.0,-0.020632531222278594,-1.3923936688291594,0.9800272303576142,2.7717866995856695,0.3759197681707898,0.49584938700306935,2.7552349261788613
40,344,1.0,65.68121078865605,-0.07513390518493343,4.109678994452173,-4.184812899637107,-4.184812899637106,8.881784197001252e-16,-0.06886286241536954,-1.4112944355777477,0.9817589948313042,2.773518464059359,0.37587076586718177,0.4958055252704159,2.756785968142291
40,345,1.0,70.36357734694354,-0.14936843506947078,4.104307326983006,-4.2536757620524765,-4.253675762052477,8.881784197001252e-16,-0.0158179584346394,-1.4766440455669858,0.9852722472574359,2.777031716485491,0.37555029417626284,0.49587084437634193,2.7604822107477496
40,346,1.0,71.48543484500564,-0.16529150126274406,4.104202219224371,-4.269493720487116,-4.269493720487115,8.881784197001252e-16,-0.03815002353932151,-1.49290903878029,0.984825212478771,2.776584681706826,0.3758965344250015,0.495872582419155,2.7600363926206946
40,347,1.0,74.26529457604431,-0.20481121954994586,4.102832524476492,-4.3076437440264375,-4.3076437440264375,0.0,-0.013755648362479,-1.5287714035758553,0.9871128712225273,2.7788723404505817,0.3762134698952408,0.4958545247694404,2.7622485805788997
40,348,1.0,75.29392034145155,-0.21979461674013595,4.101604775648781,-4.3213993923889165,-4.3213993923889165,0.0,-0.0032710207288078053,-1.5430755654434745,0.986564357717388,2.7783238269454436,0.37648031646919566,0.49586557884323684,2.7617179329096175
40,349,1.0,75.54061156173162,-0.2226259495756087,4.102044463542116,-4.324670413117724,-4.324670413117725,8.881784197001252e-16,-0.015658605628283695,-1.5454235949322666,0.9874873489574029,2.7792468181854577,0.3766714960774078,0.4957385349294152,2.7621940063643926
40,350,1.0,76.73278170907695,-0.24193348909548285,4.098395529650525,-4.340329018746008,-4.340329018746008,0.0,0.09232518800177214,-1.5600762715790575,0.9884932779388956,2.78025274716695,0.37644844910203606,0.4957652310180567,2.76320452360749
40,351,1.0,69.96560965923459,-0.14478660077958613,4.103217229964651,-4.248003830744236,-4.248003830744237,8.881784197001252e-16,0.018273502802190755,-1.4731101999673257,0.9831341615488549,2.77489363077691,0.37614663572237367,0.49568985646294106,2.757617422844677
40,352,1.0,68.6987035548669,-0.1256778312574456,4.1040524966846,-4.229730327942045,-4.229730327942046,8.881784197001252e-16,-0.07090443725251117,-1.4559219203971594,0.982048938316832,2.773808407544887,0.37632284286035855,0.4957051056720654,2.756589928935537
40,353,1.0,73.74659061443735,-0.20047783338933547,4.100156931805221,-4.300634765194556,-4.300634765194556,0.0,0.020375127041142527,-1.5237555908524048,0.9851197051140964,2.776879174342152,0.3771874719100646,0.4957193956871106,2.7596317480365813
40,354,1.0,72.2591988169166,-0.18303720455010675,4.0972224336033065,-4.280259638153414,-4.280259638153414,0.0,0.01751004472193074,-1.503457064805622,0.985043104119737,2.776802573347792,0.3769416397062566,0.495732036276153,2.759518501247984
40,355,1.0,71.00495003624924,-0.16224124614010793,4.100508347291376,-4.262749593431483,-4.262749593431484,8.881784197001252e-16,-0.02087713715486128,-1.487427334434776,0.983562789768652,2.7753222589967073,0.3765200258933589,0.4956965421090973,2.757997903088563
40,356,1.0,72.50291229110546,-0.18620177579433028,4.0974249547920145,-4.283626730586344,-4.283626730586345,8.881784197001252e-16,0.08762590663639447,-1.5052043704272169,0.9866628909310725,2.778422360159128,0.37592192923261497,0.49566979189757493,2.760947489837379
40,357,1.0,66.42017322367552,-0.09485119300039115,4.101149630949559,-4.19600082394995,-4.19600082394995,0.0,0.002272470475571886,-1.4205258452889054,0.9837155094329894,2.7754749786610446,0.3751511358397016,0.49563163377484115,2.7579337157183965
40,358,1.0,66.26940671214682,-0.0884269405526031,4.105301412921775,-4.193728353474378,-4.193728353474378,0.0,0.015544696630722221,-1.421063276185311,0.9809056080610118,2.772665077289067,0.376270986577314,0.4955595915377802,2.7549132580428353
40,359,1.0,65.2472341529373,-0.0753357077460331,4.102847949097622,-4.178183656843656,-4.178183656843656,0.0,-0.029669379905554294,-1.403824545562956,0.9825996420526447,2.7743591112806993,0.37551282279260095,0.49553624428045123,2.75647972517056
40,360,1.0,67.2120829217481,-0.10326817540620176,4.104584861343008,-4.20785303674921,-4.207853036749209,8.881784197001252e-16,0.05179126283895208,-1.435689505316377,0.980404062204777,2.7721635314328323,0.3764989754794935,0.4955328423166973,2.754302453337887
40,361,1.0,63.819690669049066,-0.04980599005743193,4.106255783852825,-4.156061773910258,-4.156061773910257,8.881784197001252e-16,-0.0002472731892577684,-1.3852528031434257,0.9790495015387773,2.7708089707668324,0.376089660026276,0.49548404605033197,2.752791194682162
40,362,1.0,63.835473518755656,-0.050158042072362574,4.1061510050271535,-4.156309047099516,-4.156309047099516,0.0,-0.012834858164344709,-1.3856139028322387,0.9789356750392217,2.7706951442672767,0.3765856387816217,0.4954225064301254,2.752424712171233
40,363,1.0,64.66007325766016,-0.06266160625439224,4.1064822990094685,-4.16914390526386,-4.16914390526386,0.0,0.032685695327785425,-1.3997739286296753,0.9776105074061309,2.7693699766341857,0.376813348554049,0.49543481784075416,2.751157410748925
40,364,1.0,62.58078048356125,-0.028345304604582774,4.108112905331493,-4.136458209936075,-4.136458209936076,8.881784197001252e-16,0.032694202880706236,-1.3676544556713044,0.9770442850367154,2.7688037542647703,0.376871837897662,0.49533187459683375,2.7501916720769053
40,365,1.0,60.56783684543403,0.004701336470335618,4.108465343525705,-4.103764007055369,-4.103764007055369,0.0,0.04565453486171833,-1.335127307130019,0.9768772306972947,2.76863669992535,0.37682610605873706,0.4952298754825623,2.7496173865203417
40,366,1.0,57.86481256941226,0.049793264270419024,4.1079027364640694,-4.05810947219365,-4.05810947219365,0.0,0.01194574081567179,-1.287477697811229,0.9788723051543663,2.7706317743824216,0.3767068908327716,0.4951488107385227,2.7512247131674172
40,367,1.0,57.177686800375575,0.057993713101607336,4.104157444479586,-4.046163731377979,-4.046163731377979,0.0,0.018369474037983835,-1.2713471731844048,0.9830570889655187,2.774816558193574,0.37575911364425735,0.49512165547944226,2.7552804637083494
40,368,1.0,56.136950917651404,0.07704836218745767,4.104842619527452,-4.027794257339995,-4.027794257339995,0.0,-0.02783085940419472,-1.254296060620045,0.9817387274918946,2.7734981967199492,0.3760134017549787,0.49507748150340697,2.7537628631648876
40,369,1.0,57.72123423063494,0.0520394546969595,4.107664571441148,-4.0556251167441895,-4.055625116744189,8.881784197001252e-16,-0.032335983353288356,-1.2852603595824632,0.9786052879336703,2.7703647571617256,0.3770117175238885,0.4951047068774328,2.750762343673958
40,370,1.0,59.61821213315862,0.0200614809426162,4.108022581040094,-4.087961100097478,-4.087961100097478,0.0,0.028077120070187256,-1.3180338453470237,0.9781677855223991,2.769927254750454,0.3769385814707595,0.49513442504869515,2.7504863241875626
40,371,1.0,57.96758529114047,0.04711509672386108,4.106999076751151,-4.059883980027291,-4.059883980027291,0.0,0.0021431945144101405,-1.287855305934966,0.9802692048642693,2.772028674092324,0.3774516073923332,0.49498228607881517,2.7518589885955453
40,372,1.0,57.84348251602758,0.04809036624409031,4.105831151756971,-4.05774078551288,-4.05774078551288,0.0,-0.021178027009040257,-1.2860923641713835,0.9798889521134418,2.771648421341497,0.37695880905487433,0.4949594411515932,2.7514215877385393
40,373,1.0,59.0815570655725,0.02584711851150985,4.104765931033431,-4.078918812521921,-4.078918812521922,8.881784197001252e-16,-0.002554483670142993,-1.3047731453705442,0.9823861979233216,2.7741456671513767,0.37711237760730876,0.49488975831058074,2.753565951453068
40,374,1.0,59.23267286755324,0.021887354307768947,4.103360650499832,-4.081473296192064,-4.081473296192063,8.881784197001252e-16,0.0380016123590714,-1.3060319367686606,0.9836818901953471,2.775441359423402,0.3767759369932748,0.4948654693465511,2.7547670621591553
40,375,1.0,57.02396874998112,0.05892785722581004,4.1023995410588014,-4.043471683832992,-4.043471683832991,8.881784197001252e-16,-0.035642867375857534,-1.2694246257152608,0.9822875888896764,2.774047058117731,0.37589887994872284,0.49490112626154364,2.7535468502392324
40,376,1.0,59.09312274386265,0.017686347751357107,4.096800898960207,-4.07911455120885,-4.07911455120885,0.0,0.009657952365289546,-1.30105993516033,0.9862951468204647,2.7780546160485198,0.3745259541506464,0.49491828240536523,2.7576914968573703
40,377,1.0,58.525151314627536,0.026299223647582762,4.095755822491142,-4.06945659884356,-4.069456598843559,8.881784197001252e-16,-0.05298780861367636,-1.2946551747345816,0.9830419548809237,2.7748014241089787,0.3751313521305856,0.49495873159929565,2.754680011232582
40,378,1.0,61.70990219739565,-0.03285167159073349,4.089592735866503,-4.122444407457237,-4.122444407457237,0.0,0.06680239127615639,-1.3433366153075295,0.987348322921652,2.779107792149707,0.3741153013688753,0.49500614291554257,2.7591438163294217
40,379,1.0,57.7222096952325,0.03743774776281092,4.093079763943892,-4.05564201618108,-4.055642016181081,8.881784197001252e-16,-0.017918817910567597,-1.278289278073788,0.9855932688792373,2.7773527381072927,0.3740037662843516,0.4949256343642554,2.757064726605705
40,380,1.0,58.76584589928202,0.018802659268742028,4.09236349336039,-4.073560834091648,-4.073560834091648,0.0,-0.062067683082765335,-1.2955456331888395,0.9862557316747532,2.7780152009028085,0.37356624522156573,0.49495953909978807,2.7578498218092427
40,381,1.0,62.52887919701318,-0.04015284823261156,4.095475668941802,-4.135628517174413,-4.135628517174413,0.0,-0.015702350270053955,-1.3606641167020899,0.9832049312442684,2.774964400472323,0.3752474239541218,0.4949542542089489,2.754819580730573
40,382,1.0,63.51847874633156,-0.05399181056697255,4.097339056877495,-4.151330867444467,-4.151330867444467,0.0,-0.05013250115262036,-1.3774054306387729,0.9821659675776392,2.773925436805694,0.3755457624982104,0.4949683505745212,2.753839456095301
40,383,1.0,66.78398916111108,-0.10819386752029103,4.093269501076796,-4.2014633685970875,-4.2014633685970875,0.0,0.031885511520091114,-1.4255753682461716,0.9841285311228608,2.775888000350916,0.3753381584010019,0.495016144758514,2.75593127203361
40,384,1.0,64.68813870277279,-0.07688486510697394,4.092692991970023,-4.169577857076996,-4.169577857076997,8.881784197001252e-16,-0.0048748038046255715,-1.392771460695278,0.9850469271536634,2.7768063963817187,0.37453204836087295,0.4949784634462218,2.756713708568149
40,385,1.0,65.00425055306141,-0.08912856428112259,4.0853240966005,-4.174452660881622,-4.174452660881623,8.881784197001252e-16,0.03009026349172128,-1.3928741553716784,0.9898190362818887,2.7815785055099433,0.3740511466421805,0.49488859982474426,2.761092435911333
40,386,1.0,63.07739076837799,-0.05995720540017768,4.084405191989723,-4.144362397389901,-4.144362397389901,0.0,-0.03905235191296619,-1.361014430743622,0.9915884974182235,2.7833479666462786,0.37306342910554025,0.49485339034829234,2.7627331963982336
40,387,1.0,65.58944274954501,-0.1020283083735202,4.081386440929346,-4.183414749302867,-4.183414749302866,8.881784197001252e-16,0.01686272908853237,-1.3966158675928513,0.9950394124819599,2.786798881710015,0.3721016266064182,0.49488544773657744,2.7662622551088396
40,388,1.0,64.49269878188304,-0.08802278178924726,4.078529238425087,-4.1665520202143345,-4.1665520202143345,0.0,-0.01558152148847558,-1.3778314432419236,0.996961107744356,2.788720576972411,0.3715541965519099,0.4949567743034134,2.768434229159704
40,389,1.0,65.50546286633087,-0.10542265888447586,4.076710882818334,-4.18213354170281,-4.18213354170281,0.0,0.03104195900788209,-1.3934638490451567,0.9969102234295993,2.788669692657654,0.3723759764560643,0.49491691425984463,2.7681950377783537
40,390,1.0,63.50328156135348,-0.07723063856218397,4.073860944132743,-4.151091582694928,-4.151091582694927,8.881784197001252e-16,0.043565522748649776,-1.3598849009433593,0.9994472125235134,2.7912066817515684,0.37121561179365037,0.4948930585452526,2.770617936373822
40,391,1.0,60.79612539869232,-0.025101518073537832,4.082424541872738,-4.107526059946278,-4.107526059946276,1.7763568394002505e-15,-0.02533134720093244,-1.3242688717993956,0.9914977189188269,2.7832571881468815,0.3732829681293037,0.4948469799188258,2.762596733901406
40,392,1.0,62.35584465248971,-0.045749865609340135,4.087107541537871,-4.132857407147211,-4.1328574071472115,8.881784197001252e-16,-0.060770630661336256,-1.354856955623695,0.9862409822954618,2.7780004515235164,0.3749635572238917,0.4948562720970437,2.7573800242375213
40,393,1.0,66.2627591859193,-0.11264070850190598,4.080987329306641,-4.193628037808547,-4.193628037808547,0.0,-0.0297077860969317,-1.4075864709696244,0.9942820976108666,2.7860415668389216,0.3715431786693322,0.49485509860786214,2.765341415627043
40,394,1.0,68.26081096275868,-0.15492846862974124,4.068407355275737,-4.223335823905479,-4.223335823905479,0.0,-0.028956564347526026,-1.4261020344105368,1.0054743202668865,2.7972337894949413,0.36861793407590715,0.4948876442281816,2.776523899679786
40,395,1.0,70.26630551476931,-0.1825505274183087,4.069741860834695,-4.252292388253005,-4.252292388253004,8.881784197001252e-16,-0.00207965689188061,-1.457578229202405,1.0029546898225445,2.7947141590505993,0.37014276550118624,0.49488650120782623,2.773992877490889
40,396,1.0,70.41258737661909,-0.18368531952486045,4.070686725620025,-4.254372045144885,-4.254372045144885,0.0,-0.010155941130083335,-1.4582027806796274,1.0044097952372029,2.7961692644652576,0.36856075079329464,0.49491216256538983,2.775534981855579
40,397,1.0,71.13133708084337,-0.1945994003021357,4.069928585972833,-4.2645279862749685,-4.2645279862749685,0.0,0.0015343687766256053,-1.4713233274053306,1.001445189641583,2.7932046588696378,0.37095712902879546,0.4948566371866067,2.772323974157572
40,398,1.0,71.02227906718855,-0.18521393927582047,4.077779678222522,-4.262993617498343,-4.262993617498343,0.0,0.015090400426734263,-1.4732637323430253,0.9979704159272629,2.7897298851553174,0.37061673439749526,0.49479456356931845,2.7687379630152837
40,399,1.0,69.9585705164121,-0.17004976541000885,4.0778534516616,-4.247903217071609,-4.247903217071609,0.0,-0.0897075825403002,-1.4575681397053797,0.9985756081381743,2.790335077366229,0.3699543216509569,0.4947461803388434,2.7691339396231545
40,400,1.0,76.52448841528263,-0.26878248436524177,4.068828315246667,-4.337610799611909,-4.337610799611909,0.0,-0.04233080731454031,-1.5405938888398623,1.0052574415439917,2.797016910772047,0.3698597348885309,0.49481761079424724,2.7759384849984063
40,401,1.0,79.833371553039,-0.3165294877919473,4.063412119134501,-4.379941606926449,-4.379941606926448,8.881784197001252e-16,-0.010652705338157986,-1.5766437418049728,1.0115383958934216,2.803297865121477,0.3686763414819568,0.4948636044729597,2.7823177657246596
40,402,1.0,80.6883588147048,-0.329398979725111,4.061195332539495,-4.390594312264607,-4.390594312264606,8.881784197001252e-16,0.029899895956719824,-1.5893441317523775,1.0094907112841744,2.80125018051223,0.37126712134535533,0.49489076800543047,2.780267102074412
40,403,1.0,78.3114963261477,-0.30287665672543207,4.0578177595824565,-4.360694416307887,-4.360694416307888,8.881784197001252e-16,0.02230618518852623,-1.5564885836684683,1.0124463634113638,2.804205832639419,0.36996712248635105,0.49480991639277266,2.7828499670128246
40,404,1.0,76.58400409535317,-0.27632866970633696,4.062059561413024,-4.338388231119361,-4.338388231119361,0.0,0.015293242494568204,-1.5386516784551059,1.0079770834362005,2.7997365526642555,0.37051644496104674,0.49472707160309115,2.7781393168011164
40,405,1.0,75.42169672733277,-0.26717474228092614,4.0559202463438675,-4.323094988624793,-4.323094988624794,8.881784197001252e-16,0.026584877607300328,-1.5205294454897447,1.0108060739069942,2.8025655431350494,0.36998576513526815,0.49465729538851694,2.780624982511314
40,406,1.0,73.44303788678431,-0.2491641022933564,4.047346008724135,-4.296510111017493,-4.296510111017492,8.881784197001252e-16,0.06479004009096645,-1.4875683808228501,1.0171822609665873,2.808941730194643,0.3689907819580855,0.4945910779352145,2.786622682380788
40,407,1.0,68.83553240028274,-0.1701151815558713,4.061604889370655,-4.231720070926526,-4.231720070926527,8.881784197001252e-16,0.0006630584690423547,-1.434490517382726,1.0054700843157451,2.7972295535438003,0.37051632314141436,0.49456083359607605,2.775055972212242
40,408,1.0,68.78990554586143,-0.1650786471173999,4.065978365340084,-4.231057012457484,-4.231057012457484,0.0,-0.028236582130308996,-1.4354463194116462,1.0038512238177824,2.7956106930458375,0.3703439623845609,0.49460545443360004,2.7736468485407335
40,409,1.0,70.75998056196235,-0.1869407314846958,4.072352863103097,-4.259293594587793,-4.259293594587793,0.0,0.00930338530940844,-1.4688090756330043,0.9987250497267336,2.790484518954788,0.3714608865326662,0.4945761450727329,2.768477980627394
40,410,1.0,70.1047259674719,-0.17387673751968752,4.076113471758697,-4.249990209278384,-4.249990209278385,8.881784197001252e-16,0.05697006955992645,-1.46616846148775,0.9920622785625796,2.7838217477906344,0.3736633846085693,0.49444871902504267,2.7613965642511658
40,411,1.0,66.22249042205856,-0.11245821957570358,4.080561920142754,-4.193020139718458,-4.193020139718458,0.0,0.016930377553534548,-1.4142724058675957,0.9869882646228071,2.778747733850862,0.37490507944054063,0.4943539258206,2.7560260232314415
40,412,1.0,65.11075625158259,-0.09295694093647719,4.083132821228446,-4.176089762164923,-4.176089762164923,0.0,0.00652328161261817,-1.398438469490091,0.9858918234467771,2.777651292674832,0.37428779434789206,0.49428057036834394,2.7546983778153193
40,413,1.0,64.68740278075171,-0.08167794655424594,4.087888533998059,-4.169566480552305,-4.169566480552304,8.881784197001252e-16,-0.0007789458300582197,-1.3975183639206559,0.9802886474035946,2.7720481166316495,0.3763852552285466,0.494144965543073,2.7486454036381147
40,414,1.0,64.7378103932561,-0.08158777955180051,4.0887576468305635,-4.170345426382363,-4.170345426382364,8.881784197001252e-16,0.031056648473557047,-1.3982556326298845,0.9803303245244237,2.7720897937524787,0.37636842384751457,0.4941929239697355,2.7488764269418127
40,415,1.0,62.75817057542379,-0.04741955381521881,4.091869224093587,-4.139288777908806,-4.139288777908806,0.0,-0.0028780679841249324,-1.3675977043214615,0.9799316043592897,2.7716910735873443,0.37636327368437966,0.49412792721795956,2.7482744802124457
40,416,1.0,62.93905302803878,-0.05359609145472927,4.0885707544382015,-4.142166845892931,-4.14216684589293,8.881784197001252e-16,-0.08806508720533479,-1.367990809200621,0.9824165674642543,2.774176036692309,0.3766510474315603,0.49409741841082155,2.750632653800075
40,417,1.0,68.73317182280347,-0.14372114346581433,4.086510789632452,-4.230231933098266,-4.230231933098267,8.881784197001252e-16,0.022861494963541062,-1.4529767179108426,0.9854957459593683,2.7772552151874232,0.37737309097783983,0.49406387802262924,2.753547773903351
40,418,1.0,67.17965428928935,-0.11625157045224734,4.091118867682477,-4.207370438134725,-4.207370438134724,8.881784197001252e-16,-0.023080925470901903,-1.4346805118491694,0.9809304570574996,2.7726899262855547,0.37756194062071574,0.4940492849727316,2.7489454440409133
40,419,1.0,68.74825563243252,-0.14161654299904675,4.08883482060658,-4.230451363605627,-4.230451363605627,0.0,0.04856643206213729,-1.454096282870329,0.9845956115072428,2.776355080735298,0.3773534037668038,0.4939554598995328,2.7522464247711533
40,420,1.0,65.48917956695199,-0.09199187752517766,4.089893054018312,-4.18188493154349,-4.18188493154349,0.0,-0.052871558263076324,-1.4052646132836522,0.9848608490317824,2.7766203182598375,0.3763787221319323,0.4938674975858531,2.752155433525443
40,421,1.0,69.04486355818727,-0.15076050927199514,4.083995980534571,-4.234756489806566,-4.234756489806566,0.0,-0.046700041685128646,-1.454112227937002,0.988884792641509,2.7806442618695635,0.37537522182834254,0.4939639309596307,2.7565352786486916
40,422,1.0,72.34573714885573,-0.20552675550924648,4.075929775982448,-4.281456531491695,-4.281456531491695,0.0,-0.04931890420971374,-1.4919842846408866,0.9977127776227538,2.789472246850808,0.3754471028417832,0.49375885259320085,2.7645234576348194
40,423,1.0,76.00319931888372,-0.2546029534408575,4.07617248226055,-4.330775435701408,-4.330775435701407,8.881784197001252e-16,0.027169284198256705,-1.5423534134592185,0.9966625530141346,2.7884220222421896,0.37707656433686504,0.4937109241417299,2.763276012317585
40,424,1.0,73.96604610614952,-0.22325227336849265,4.08035387813466,-4.303606151503152,-4.3036061515031525,8.881784197001252e-16,0.028994286138722458,-1.5206595719942628,0.991187110280834,2.7829465795088892,0.3758613266704547,0.49380831066176256,2.7581869061877264
40,425,1.0,71.8522455516003,-0.1936638393785038,4.080948025985926,-4.274611865364429,-4.274611865364429,0.0,-0.07440138850648914,-1.4891815054649278,0.9936708906714462,2.7854303598995016,0.3738558382612453,0.49375401916588996,2.760389941264615
40,426,1.0,77.40204905862583,-0.2720307773727245,4.076982476498194,-4.349013253870918,-4.349013253870918,0.0,-0.0377590422632883,-1.558766704310818,0.9984870803320453,2.7902465495601003,0.3745422034537512,0.49369652295799593,2.764941291709509
40,427,1.0,80.38055519567251,-0.3115694428232295,4.0752028533109765,-4.386772296134207,-4.386772296134206,8.881784197001252e-16,0.0004595648542551345,-1.594115445527781,1.0008973813783697,2.792656850606425,0.3748643996502148,0.4937094883886912,2.7673694391710364
40,428,1.0,80.34362360441976,-0.30883432812798717,4.077478403151965,-4.3863127312799515,-4.386312731279952,8.881784197001252e-16,0.08739838708894965,-1.5945473427713113,1.0000059192805864,2.7917653885086415,0.376085698785921,0.4936846816148295,2.7663123391587745
40,429,1.0,73.61982450780727,-0.2148635470356432,4.084050797155357,-4.298914344191002,-4.298914344191,1.7763568394002505e-15,0.0617286979570304,-1.510850083298705,0.9963047916642408,2.788064260892296,0.37624321392113985,0.49363125174265216,2.7622699390846748
40,430,1.0,69.2127882073252,-0.1458131285303514,4.09137251770362,-4.237185646233971,-4.237185646233971,0.0,0.060669228655092056,-1.4576451499279885,0.987781027077928,2.7795404963059833,0.37754252046022285,0.493551871966966,2.7535611889782303
40,431,1.0,65.1385420353001,-0.08492292963198877,4.09159348794689,-4.176516417578879,-4.1765164175788785,8.881784197001252e-16,-0.05859475962515148,-1.3947094333533097,0.9900475149975149,2.78180698422557,0.3771471786550638,0.4934479943005323,2.755165918298982
40,432,1.0,69.06935724469524,-0.1501251434911861,4.084986033712845,-4.235111177204031,-4.235111177204031,0.0,0.030315444675456327,-1.4460547743297756,0.9972969336462002,2.7890564028742553,0.3766546449793197,0.49337662166415147,2.7619736472180456
40,433,1.0,67.0069089364147,-0.11966204141190535,4.085133691116669,-4.2047957325285745,-4.204795732528574,8.881784197001252e-16,-0.048666033256366426,-1.4145473524844832,0.9984889108160365,2.790248380044092,0.3786908659537179,0.4932700753309329,2.7624996170917413
40,434,1.0,70.34852141503495,-0.1693297041336523,4.08413206165129,-4.253461765784941,-4.253461765784942,8.881784197001252e-16,0.021969254433738428,-1.4630568197998564,0.9986454767570304,2.790404945985086,0.37822915656506384,0.4933452861671505,2.7631502102185888
40,435,1.0,68.81986999789494,-0.14448248669887637,4.087010024652326,-4.2314925113512025,-4.2314925113512025,0.0,-0.007739723297524037,-1.4449591461114626,0.9947738960116848,2.7865333652397397,0.3794527074943942,0.4932356334070052,2.7589652963435825
40,436,1.0,69.35458334647507,-0.14977700743501723,4.089455227213709,-4.239232234648727,-4.239232234648727,0.0,-0.000383709975278812,-1.4575888331362263,0.9898839322844454,2.7816434015125004,0.379366871490914,0.4932426787140192,2.754378096691859
40,437,1.0,69.38120049824319,-0.14999848763862972,4.089617456985376,-4.239615944624005,-4.239615944624006,8.881784197001252e-16,-0.003217718742478226,-1.4579385720406206,0.9899179033553297,2.7816773725833848,0.37936506578597984,0.49325056299945663,2.754442916675629
40,438,1.0,69.6048092495653,-0.15200372002151463,4.090829943344968,-4.242833663366484,-4.242833663366483,8.881784197001252e-16,-0.0642941529411738,-1.4671885967080522,0.9838855974303765,2.7756450666584307,0.37805016344217324,0.49334638727189545,2.749013398202767
40,439,1.0,74.22698893435,-0.21995747549592887,4.087170340811729,-4.307127816307657,-4.307127816307657,0.0,-0.024013589208916386,-1.5314064522712056,0.983961894808397,2.775721364036452,0.3784468034660822,0.49336650311880986,2.7492688632116273
40,440,1.0,76.03101928601407,-0.24540670087853095,4.085734704638043,-4.331141405516574,-4.331141405516574,0.0,0.049449592747585314,-1.5517162180294959,0.9876657182590227,2.779425187487078,0.37880591946420933,0.49326510304668664,2.752554072339983
40,441,1.0,72.3627607488875,-0.19573134010718074,4.085960472661808,-4.2816918127689885,-4.281691812768989,8.881784197001252e-16,0.02919802260823534,-1.5015972448537236,0.9883350986872098,2.780094567915265,0.3774293719501851,0.4932350779355157,2.7530143985450617
40,442,1.0,70.28045870794264,-0.16528794775806757,4.087205842402685,-4.252493790160753,-4.252493790160753,0.0,-0.034800654922224616,-1.4707655110419815,0.9899688098907168,2.781728279118772,0.3776900583937175,0.493177092718392,2.7542390321654637
40,443,1.0,72.7693205295964,-0.19993518314879058,4.087359261934186,-4.287294445082978,-4.287294445082976,1.7763568394002505e-15,-0.004601478546440774,-1.5053321483023137,0.990202827552609,2.781962296780664,0.37900449019330523,0.4931027225120534,2.754252809655192
40,444,1.0,73.10493857428185,-0.20468672390455608,4.087209199724863,-4.2918959236294185,-4.291895923629419,8.881784197001252e-16,0.07469743401085349,-1.5082560299809804,0.9918804244203834,2.783639893648438,0.37967059435288797,0.4930058563875179,2.755519431562536
40,445,1.0,67.84315450681156,-0.1271365248716642,4.0900619647469005,-4.217198489618565,-4.217198489618565,0.0,0.05417681316682632,-1.4379310052873049,0.9875080151032053,2.7792674843312604,0.37817019932959006,0.49302740642701365,2.7511612765321254
40,446,1.0,64.26541880927763,-0.07114640145567898,4.0918752749960605,-4.163021676451739,-4.16302167645174,8.881784197001252e-16,0.07004516411882111,-1.3864634606898958,0.9847987465337891,2.776558215761844,0.3774557075109681,0.4930792861619306,2.748664812682072
40,447,1.0,59.91797312786888,-0.00012714896701129796,4.092849363365906,-4.092976512332918,-4.092976512332918,0.0,-0.04731405099609454,-1.3184607053101272,0.9827563377947364,2.774515807022791,0.37719992061690505,0.4930621332164791,2.746429899248406
40,448,1.0,62.82107229745849,-0.04859301473329086,4.09169754859572,-4.140290563329012,-4.14029056332901,1.7763568394002505e-15,-0.04111534944338047,-1.3657311364014928,0.9827999576994645,2.774559426927519,0.37678559501974224,0.4931282498511759,2.746880384280709
40,449,1.0,65.45781653297638,-0.09078497691270566,4.090620935859686,-4.181405912772393,-4.181405912772392,8.881784197001252e-16,-0.018395282973137306,-1.409368692407756,0.9802777511365814,2.7720372203646364,0.3773815502582289,0.4932540937507906,2.745018390525917
40,450,1.0,66.67307483233817,-0.11056068942997585,4.089240506315553,-4.19980119574553,-4.199801195745529,8.881784197001252e-16,0.014510027921870616,-1.4261477937974887,0.9818939327199855,2.7736534019480406,0.37782378719274223,0.4932694460939526,2.746673487189922
40,451,1.0,65.71263153540335,-0.09628398277827531,4.089007185045384,-4.185291167823659,-4.185291167823659,0.0,0.008432411122432093,-1.410574537501941,0.9829571610936642,2.7747166303217194,0.37774191273874846,0.4932155103405606,2.747449393374744
40,452,1.0,65.16084532403785,-0.08627317681337349,4.090585579887854,-4.176858756701227,-4.176858756701227,0.0,0.02915133651140156,-1.4067863179241396,0.9783129695490329,2.770072438777088,0.37764190961211247,0.49317959655643523,2.7428264148912462
40,453,1.0,63.28873936452636,-0.05610683574890894,4.091600584440916,-4.147707420189826,-4.147707420189825,8.881784197001252e-16,0.0007936709519213991,-1.3764249620419202,0.9795229889198506,2.771282458147905,0.37738919231748314,0.4931129930318274,2.743718217853461
40,454,1.0,63.23852885845478,-0.05916564935565334,4.087748099882251,-4.146913749237904,-4.146913749237904,0.0,0.04731450719085828,-1.3741194308697289,0.9810348491401202,2.772794318368175,0.3761767850497646,0.49313040079330933,2.7453027874268336
40,455,1.0,60.31611059211097,-0.012077713541271462,4.087521528505775,-4.099599242047046,-4.099599242047046,0.0,0.019926779045126075,-1.3259795099193223,0.9818602628996697,2.7736197321277243,0.3759047965836222,0.4930304206390586,2.7456517402522493
40,456,1.0,59.126100692468604,0.005991542989142978,4.085664005991063,-4.07967246300192,-4.07967246300192,0.0,0.04443891487932827,-1.3067529006135705,0.9811600931602946,2.7729195623883496,0.3753726529814083,0.4929894043223329,2.7447948002879765
40,457,1.0,56.55612727336957,0.05118996108739213,4.086423509209984,-4.035233548122592,-4.0352335481225925,8.881784197001252e-16,-0.010956608717076932,-1.2605637248780228,0.9829103540165139,2.774669823244569,0.375153005450631,0.4929554967245682,2.746193273756266
40,458,1.0,57.17919776711156,0.044010444782124514,4.0902006016217936,-4.0461901568396685,-4.046190156839669,8.881784197001252e-16,-0.026233361190159954,-1.2753521143537616,0.9790785732578519,2.770838042485907,0.3768514623261213,0.4929197968385564,2.7423150440402275
40,459,1.0,58.69904855090311,0.01767705468002939,4.090100572709859,-4.0724235180298285,-4.072423518029829,8.881784197001252e-16,-0.015147392531683401,-1.297101226093979,0.9835628227077956,2.7753222919358507,0.377825025960699,0.49281763109529253,2.7461846158666265
40,460,1.0,59.594954268414085,0.0021048125339429707,4.089675723095455,-4.087570910561512,-4.087570910561512,0.0,-0.013554222776125613,-1.312457742476154,0.9833536988573028,2.775113168085358,0.37749163068697467,0.49281327064483066,2.745991404812052
40,461,1.0,60.40821667400864,-0.009533373129686662,4.09159176020795,-4.1011251333376375,-4.101125133337637,8.881784197001252e-16,0.03339359932168673,-1.3281946914453242,0.9811709726642576,2.772930441892312,0.37843742453244966,0.49275133147076405,2.7436639666009035
40,462,1.0,58.42427866550885,0.02304530065302747,4.090776834668978,-4.067731534015951,-4.067731534015951,0.0,0.0005261077119893542,-1.2946817525334036,0.9812903122544924,2.773049781482547,0.3780885000671098,0.49272415194811353,2.7435621270298403
40,463,1.0,58.39354928612603,0.022746705039286497,4.089952131343248,-4.067205426303961,-4.067205426303961,0.0,0.008442494070588502,-1.2942319141767575,0.981214042899149,2.7729735121272037,0.37814822415545096,0.49259853036689893,2.7429745784522814
40,464,1.0,57.90263726925136,0.031165333844818385,4.089928266078191,-4.058762932233373,-4.058762932233373,0.0,0.046766739365426524,-1.28954603804814,0.9774574249571778,2.7692168941852326,0.37766366527716216,0.4926125860506391,2.739536997724535
40,465,1.0,55.25706430055666,0.07867687692102993,4.090673069788976,-4.011996192867946,-4.011996192867946,0.0,-0.03615318320620453,-1.2427173679302321,0.9775193557096591,2.769278824937714,0.3783718132007252,0.492455924921621,2.738877999692337
40,466,1.0,57.29133416521316,0.04176913099047426,4.089918507064625,-4.048149376074151,-4.048149376074151,0.0,-0.0005015906992236197,-1.276203011069232,0.980186895776864,2.771946365004919,0.3787020738317988,0.49244100528000995,2.7413681323922194
40,467,1.0,57.32007817383758,0.040501004174300914,4.089151970947675,-4.0486509667733745,-4.0486509667733745,0.0,-0.02436564268440211,-1.2758800777083366,0.9810114198369831,2.7727708890650375,0.37839511358044126,0.4924550589907432,2.742151773448697
40,468,1.0,58.73387277938226,0.014706727587569718,4.087723337045347,-4.073016609457777,-4.073016609457777,0.0,0.04727187862971771,-1.295839600246607,0.9854175399831145,2.777177009211169,0.37912684639084426,0.4924135103417233,2.7461728279337265
40,469,1.0,56.022014571224084,0.05915976547593901,4.084904496303998,-4.025744730828059,-4.025744730828059,0.0,-0.03585529448894409,-1.2464842612839098,0.9875010003160943,2.7792604695441487,0.37948453174639735,0.49234038677655895,2.74776103246025
40,470,1.0,58.06714569348285,0.02236020930345005,4.083960234620453,-4.061600025317003,-4.061600025317003,0.0,0.01876454759816948,-1.2802847221352063,0.9895558339537418,2.7813153031817968,0.3797176681072346,0.49237002403125,2.7499424465006026
40,471,1.0,56.98770129042188,0.04281329330643932,4.085648771025274,-4.042835477718834,-4.0428354777188344,8.881784197001252e-16,0.026375057269444113,-1.263659460948362,0.9874165475424167,2.779176016770472,0.37938054735539356,0.49232420561218415,2.747608371823942
40,472,1.0,55.504295849430136,0.0716264033313446,4.088086823780735,-4.0164604204493894,-4.01646042044939,8.881784197001252e-16,0.0036392429405456284,-1.242882209552184,0.9818187416691503,2.7735782108972047,0.3789618187449521,0.49229333307058365,2.742216332518685
40,473,1.0,55.3026693390473,0.07595868170180813,4.088779859210653,-4.012821177508844,-4.012821177508845,8.881784197001252e-16,0.019156562775841657,-1.2414464595368948,0.9796152487438937,2.7713747179719483,0.37873532962108264,0.49225224250904737,2.739984041209509
40,474,1.0,54.25334311345364,0.0944458452996372,4.088110460032639,-3.993664614733002,-3.9936646147330017,4.440892098500626e-16,-0.020270098466250275,-1.2235600091658139,0.9783451363391332,2.770104605567188,0.37849801625069746,0.49220079384656606,2.7386321755202587
40,475,1.0,55.364285134458044,0.07421712134529809,4.088151834544551,-4.013934713199252,-4.013934713199252,0.0,-0.0761702152843382,-1.2414649746066038,0.9807102693645929,2.7724697385926476,0.37890172680816747,0.4922274988115058,2.7409239922214774
40,476,1.0,59.74616044927082,-0.005527989823673959,4.084576938659917,-4.090104928483591,-4.090104928483591,0.0,0.07767187606718551,-1.3109494120473044,0.9873960472082312,2.7791555164362864,0.3798954647346308,0.49202953241781416,2.7466773256647627
40,477,1.0,55.281209150286244,0.07048150100872792,4.082914553425133,-4.012433052416405,-4.012433052416405,0.0,-0.0501326930684165,-1.2314805053762126,0.9891930778121374,2.7809525470401923,0.38017808776419937,0.49196729763921354,2.747886764855315
40,478,1.0,58.12324939304351,0.019456486878017057,4.082022232362839,-4.062565745484822,-4.062565745484822,0.0,-0.04542210044154782,-1.2803498774229904,0.9904563988337762,2.7822158680618307,0.38018805659299915,0.4919059837099738,2.7490368076646554
40,479,1.0,60.824206680317396,-0.025503259445206053,4.082484586481163,-4.1079878459263695,-4.1079878459263695,0.0,0.03344496750498216,-1.3270793880854888,0.9891489886128256,2.7809084578408805,0.3798502182383024,0.4919460316149191,2.7481459137146067
40,480,1.0,58.82358491152419,0.008732473362566759,4.083275351783954,-4.074542878421387,-4.074542878421387,0.0,-0.07064879605562879,-1.29451057104321,0.9882728381501223,2.780032307378177,0.3800796111963053,0.4919719568237359,2.7472608386931285
40,481,1.0,63.1297210984301,-0.06622450132377317,4.078967173153242,-4.145191674477016,-4.145191674477015,8.881784197001252e-16,0.011514171753956859,-1.3611656024598198,0.9922666027891412,2.784026072017196,0.38064086988289636,0.4918283503248466,2.7508633921187005
40,482,1.0,62.407003379473075,-0.05419270212613714,4.079484800596922,-4.133677502723059,-4.133677502723059,0.0,-0.005779917945067048,-1.347976850214586,0.9939411832804183,2.785700652508473,0.3807666635382182,0.49179905678397207,2.7522230268097823
40,483,1.0,62.76875517896281,-0.058226115081198127,4.081231305586929,-4.139457420668126,-4.139457420668127,8.881784197001252e-16,-0.015985393534021064,-1.3588648277983004,0.988833123641772,2.780592592869827,0.38016876659799737,0.4918208601493928,2.7474913040125273
40,484,1.0,63.78020107443561,-0.07133283568697751,4.08410997851517,-4.155442814202147,-4.155442814202147,0.0,-0.10209410047234169,-1.3824759401428037,0.9812074048312897,2.7729668740593443,0.3791280817080154,0.49201481258131974,2.7409812639401445
40,485,1.0,70.63578704151242,-0.17744137650456762,4.080095538169921,-4.257536914674489,-4.257536914674489,0.0,0.017282136090011946,-1.481059472289105,0.9847179731573291,2.7764774423853837,0.37956395183021335,0.49205116135456795,2.744755830425843
40,486,1.0,69.42553772589523,-0.1600752501155748,4.080179528468902,-4.240254778584477,-4.240254778584476,8.881784197001252e-16,0.04065559517165607,-1.4637381040727149,0.9847572052837071,2.7765166745117624,0.3791379517869499,0.49199415585369355,2.744430706120472
40,487,1.0,66.659607409301,-0.11838869801748039,4.08121048539534,-4.199599183412821,-4.199599183412821,0.0,-0.024530617581981495,-1.4272853332436313,0.9805543809411347,2.7723138501691893,0.37860649439332694,0.49197335066391207,2.7402429100345382
40,488,1.0,68.31503000425185,-0.14644510733082736,4.077684693663976,-4.2241298009948025,-4.224129800994803,8.881784197001252e-16,0.030817934888263565,-1.4541723309980057,0.978198000768742,2.769957469996797,0.3782153384683299,0.4920816315262322,2.738393517524587
40,489,1.0,66.24181208818206,-0.1171600658175764,4.076151800288963,-4.193311866106539,-4.19331186610654,8.881784197001252e-16,-0.019046682600897924,-1.4223044903773057,0.979247906501179,2.771007375729234,0.37797748563891054,0.49192635075971075,2.738843553169742
40,490,1.0,67.51559098126003,-0.13847938176148508,4.073879166945952,-4.212358548707437,-4.212358548707437,0.0,0.011816850305443438,-1.4392789678971478,0.9813201115822343,2.7730795808102897,0.3779729786178924,0.49188222490680644,2.7407357830282586
40,491,1.0,66.72246470577547,-0.1270821392753692,4.073459559126624,-4.200541698401993,-4.200541698401993,0.0,-0.07020613762195183,-1.4249698871921843,0.9838123419817538,2.7755718112098093,0.37802674037242223,0.4918080029011875,2.74288996132333
40,492,1.0,71.5751420793623,-0.20666419024295313,4.064083645780992,-4.270747836023945,-4.270747836023945,0.0,0.05520977251877568,-1.4892717545349565,0.989716612260934,2.781476081488989,0.3769863314674191,0.4919085371340324,2.749174454604334
40,493,1.0,67.73059943200568,-0.1433643108472907,4.0721737526578785,-4.21553806350517,-4.21553806350517,0.0,0.05178157870899813,-1.438807425139086,0.9849711691380284,2.7767306383660837,0.37693844067200716,0.4918897557299678,2.744317441703755
40,494,1.0,64.31265892936874,-0.08756991432145936,4.076186570474711,-4.163756484796171,-4.1637564847961706,8.881784197001252e-16,-0.012845684693398418,-1.3899011102955336,0.982095905272582,2.7738553745006373,0.3778122688949882,0.4918267949445058,2.7411887233037624
40,495,1.0,65.14412802924065,-0.09960167467951578,4.077000494810054,-4.17660216948957,-4.17660216948957,0.0,0.04927745760325575,-1.4051766139418378,0.9796660863196771,2.7714255555477325,0.37873666704837206,0.491784235754281,2.738687931473678
40,496,1.0,62.01180138718056,-0.04681147023358101,4.080513241652733,-4.127324711886314,-4.127324711886314,0.0,0.03615254562826031,-1.3566440168112364,0.9789212258470229,2.7706806950750775,0.37847726565177,0.49179749556439406,2.7378732779165307
40,497,1.0,59.80995784602187,-0.010683482510316672,4.080488683747738,-4.091172166258054,-4.091172166258055,8.881784197001252e-16,0.08280895138728983,-1.3217087413246167,0.9777039557053833,2.7694634249334382,0.37787056579568035,0.49178592582397584,2.7365442387401333
40,498,1.0,55.056680816555264,0.07177291659896722,4.0801361314697315,-4.008363214870764,-4.008363214870764,0.0,0.05860100472007845,-1.2397734024554552,0.9768303431872539,2.7685898124153088,0.37753323130406097,0.49171952739562713,2.7352954291447347
40,499,1.0,51.92301859997831,0.12648358696086096,4.076245797111547,-3.9497622101506855,-3.9497622101506855,0.0,0.022643032143764952,-1.176871013743775,0.9811317271788554,2.7728911964069103,0.37670839819959906,0.49162135660250855,2.738909896861149
40,500,1.0,50.760534767575756,0.14773760399071825,4.074856781997639,-3.9271191780069206,-3.9271191780069206,0.0,,-1.1567766421071148,0.9785830666717507,2.7703425358998057,0.37751263781214245,0.49158977923157926,2.7365032902904325
