seed,epoch,temperature,Z,E,S,F,F_check,err,delta_F,F_data,KL,NLL,data_mass,recon_sq,recon_ce
6,1,1.0,65.50994767286022,-0.024605399748442943,4.157596604229342,-4.1822020039777845,-4.1822020039777845,0.0,0.039254999348277586,-1.4090249379550919,0.9814175967946378,2.773177066022692,0.374930499646435,0.49985274176250133,2.77258794393966
6,2,1.0,62.98817463896589,0.015144446138270696,4.158091450767777,-4.142947004629507,-4.142947004629506,8.881784197001252e-16,-0.020188084879412926,-1.3703268720186494,0.9808606633828019,2.772620132610857,0.37503714646933695,0.4998727956411717,2.7721113782839057
6,3,1.0,64.2727077602191,-0.006642616936166671,4.156492472572753,-4.16313508950892,-4.163135089508919,8.881784197001252e-16,0.02045225827454722,-1.3887432796933321,0.9826323405875329,2.774391809815588,0.37446438369674756,0.49989310193669784,2.773963696405754
6,4,1.0,62.97153703672089,0.015132608806796947,4.157815440041169,-4.142682831234373,-4.142682831234372,8.881784197001252e-16,-0.03592933015537181,-1.3699347433617532,0.9809886186445645,2.7727480878726194,0.37507504035107686,0.49983818281570436,2.7721008453600997
6,5,1.0,65.27519888047013,-0.020614320722286784,4.157997840667457,-4.1786121613897445,-4.1786121613897445,0.0,0.019145824037042125,-1.4057671621213028,0.9810855300403878,2.7728449992684427,0.37506885766154324,0.4998780781346246,2.772357363322847
6,6,1.0,64.0373391435977,-0.0016295994633476665,4.157836737889355,-4.159466337352702,-4.159466337352702,0.0,0.03616886000634967,-1.386497753470443,0.9812091146542041,2.772968583882259,0.37499194056677365,0.49988614400631287,2.7725131044084446
6,7,1.0,61.76256751722596,0.034297780024920003,4.1575952573712724,-4.123297477346353,-4.123297477346353,0.0,0.055530990180126416,-1.3504255344928102,0.9811124736254876,2.7728719428535427,0.375002843910021,0.4998429145238852,2.7722436737098985
6,8,1.0,58.4263208137903,0.08833571039555745,4.156102197561783,-4.067766487166226,-4.067766487166225,8.881784197001252e-16,-0.0003322180967080257,-1.2937847944467349,0.9822222234914365,2.7739816927194916,0.3752125112095234,0.4998502569154921,2.7733822321240225
6,9,1.0,58.445734319469125,0.08719307262570838,4.1552917778886425,-4.068098705262934,-4.068098705262934,0.0,0.05190134497142118,-1.2932615037710797,0.9830777322637996,2.7748372014918545,0.37531291834245895,0.4998626387720977,2.774286715235483
6,10,1.0,55.48969680089934,0.1363309638958529,4.152528324187365,-4.016197360291513,-4.016197360291512,8.881784197001252e-16,0.015546069793275663,-1.23931296786217,0.9851249232012883,2.776884392429343,0.37524404451215554,0.49980319058470357,2.7760936127258766
6,11,1.0,54.6337208716994,0.15051876950289333,4.151170060001132,-4.000651290498237,-4.000651290498238,8.881784197001252e-16,-0.003460992334118451,-1.2227273486492776,0.9861644726209059,2.777923941848961,0.37555964471287717,0.4997521949193386,2.7769252270863745
6,12,1.0,54.82313535277961,0.144446075130723,4.148558357963078,-4.004112282832356,-4.004112282832355,8.881784197001252e-16,-0.06714894673772953,-1.2236718538509814,0.9886809597533194,2.780440428981374,0.3749981298714789,0.49970205453287836,2.779229825138779
6,13,1.0,58.630862957514715,0.08142470211386771,4.152685931683953,-4.071261229570085,-4.071261229570085,0.0,0.02375807274367059,-1.2941848133098817,0.9853169470321488,2.7770764162602037,0.37455465291566453,0.4997524097276302,2.7760771984474903
6,14,1.0,57.25432336218172,0.10761977320450458,4.1551229300309185,-4.047503156826415,-4.047503156826414,8.881784197001252e-16,-0.016591455812297262,-1.273068870623753,0.9826748169746059,2.7744342862026605,0.3752420189891059,0.49977489937068337,2.7735316401792076
6,15,1.0,58.2121800842018,0.092072821233145,4.156167433871857,-4.064094612638712,-4.064094612638711,8.881784197001252e-16,0.03525777752273651,-1.2905421194663305,0.9817930239443268,2.7735524931723816,0.37519828237471875,0.4997818199401136,2.7726788030981844
6,16,1.0,56.19550857524146,0.12590568491637014,4.154742520032346,-4.028836835115976,-4.028836835115976,0.0,-0.0015269132419444276,-1.2543135723567982,0.9827637935311214,2.7745232627591765,0.37534094129177936,0.4997508113283906,2.7735238759076686
6,17,1.0,56.28137978368166,0.1240315258690598,4.154395274226981,-4.03036374835792,-4.030363748357921,8.881784197001252e-16,-0.016675957987055234,-1.255589488831543,0.983014790298323,2.774774259526378,0.3753831531570485,0.49971455254238606,2.773628249091811
6,18,1.0,57.22779496622883,0.1080057580029466,4.155045464347922,-4.047039706344975,-4.047039706344975,0.0,-0.05211435195912273,-1.272688579154882,0.9825916579620383,2.774351127190093,0.3753455548547012,0.49973640373750855,2.7732936823990104
6,19,1.0,60.289264816332334,0.05786237474738465,4.157016433051482,-4.099154058304098,-4.099154058304098,0.0,0.05171956307904768,-1.3261264465974032,0.9812681424786396,2.773027611706695,0.3751235181415647,0.4997969853826259,2.7722151047755723
6,20,1.0,57.25039232361189,0.10518236931591626,4.152616864540966,-4.04743449522505,-4.047434495225049,8.881784197001252e-16,0.017452962350864354,-1.2705963886712002,0.9850786373257953,2.77683810655385,0.3752711784881485,0.4997589663437408,2.7758678706292934
6,21,1.0,56.25987227939484,0.12202080766138326,4.152002340535569,-4.029981532874186,-4.029981532874186,0.0,-0.033965315243075445,-1.252861321649612,0.9853607419965197,2.7771202112245743,0.3756743466314092,0.4997151085577207,2.7759725029225666
6,22,1.0,58.20357902475043,0.08944494418097482,4.153391792298237,-4.063946848117261,-4.063946848117262,8.881784197001252e-16,-0.014425688170090822,-1.2878074290769372,0.98437994981227,2.776139419040325,0.37554722087653075,0.49974239886650934,2.7751041785026014
6,23,1.0,59.049291028933155,0.076507107598472,4.154879643885824,-4.078372536287352,-4.078372536287352,0.0,0.012904212147994087,-1.3033349606318414,0.983278106427456,2.7750375756555106,0.37530960334328745,0.4998249817186225,2.7743357659782295
6,24,1.0,58.29220177623651,0.08666717446182659,4.152135498601185,-4.065468324139358,-4.065468324139358,0.0,-0.09611330891019865,-1.2882083943338218,0.9855004605774814,2.7772599298055365,0.3746862212412197,0.49969682136849114,2.7760387607692016
6,25,1.0,64.17294041936168,-0.011439020379557489,4.150142612669999,-4.161581633049557,-4.161581633049557,0.0,-0.051159598497817704,-1.381993370761503,0.9878287930599976,2.779588262288053,0.3746745919584137,0.4996207664963825,2.7780498234888977
6,26,1.0,67.5414329836869,-0.060445483516468376,4.152295748030907,-4.2127412315473745,-4.212741231547375,8.881784197001252e-16,0.0026576080627336296,-1.4352887253067064,0.9856930370126141,2.777452506240669,0.37578734117207313,0.4996067509913819,2.7758645893511793
6,27,1.0,67.36217263420379,-0.05630794529247454,4.153775678192166,-4.210083623484641,-4.210083623484641,0.0,-0.06385307289557396,-1.43389553206866,0.9844286221879258,2.7761880914159804,0.37557686176912397,0.4996616656275436,2.7748260397896627
6,28,1.0,71.80374951730909,-0.1254869192783019,4.148449777101913,-4.273936696380215,-4.273936696380215,0.0,-0.037990825761791136,-1.4930785743678456,0.9890986527843136,2.780858122012369,0.3762715803541543,0.4995130306864978,2.7788786535443144
6,29,1.0,74.58411300585519,-0.16419576999384664,4.147731752148159,-4.311927522142006,-4.311927522142006,0.0,0.07208558318599767,-1.5304660705535937,0.9897019823603564,2.7814614515884113,0.3763431383998325,0.4995185007315122,2.7795023228103255
6,30,1.0,69.39688202820503,-0.093041831475208,4.1468001074808,-4.239841938956008,-4.239841938956008,0.0,-0.01930862860832061,-1.4576113781508768,0.9904710915770765,2.782230560805131,0.37648762594997287,0.49943594838250766,2.7799315192995677
6,31,1.0,70.74986069628662,-0.11373124793000008,4.145419319634328,-4.259150567564329,-4.259150567564328,8.881784197001252e-16,0.00014678380869348473,-1.4755466679644356,0.9918444303718382,2.783603899599893,0.376394482548655,0.49943910343395587,2.781310535876258
6,32,1.0,70.73947652440185,-0.1147369078625679,4.144266875893068,-4.259003783755635,-4.259003783755636,8.881784197001252e-16,-0.018593845066725123,-1.473943319001424,0.9933009955261562,2.7850604647542117,0.3747908592977551,0.49951024661072646,2.7830530610691793
6,33,1.0,72.0670999533343,-0.1345667048257723,4.143030923996588,-4.2775976288223605,-4.2775976288223605,0.0,-0.007211562903814972,-1.4911442183359391,0.9946939412583662,2.786453410486421,0.3744932479199323,0.49955137150395285,2.7846125254644547
6,34,1.0,72.58869487470488,-0.14590742214079647,4.138901769585378,-4.2848091917261755,-4.284809191726175,8.881784197001252e-16,-0.015618001627868416,-1.4948538192800767,0.998195903218044,2.7899553724460993,0.3749908657942092,0.49941598045262103,2.787536159655541
6,35,1.0,73.7312844875074,-0.17200810976973463,4.128419083584308,-4.300427193354044,-4.300427193354043,8.881784197001252e-16,0.07594767531526081,-1.501121350882216,1.007546373243772,2.7993058424718265,0.37624754711395025,0.4991718573966261,2.7957976336803427
6,36,1.0,68.33892511262417,-0.0948089660587353,4.129670551980047,-4.224479518038783,-4.224479518038783,0.0,0.030094342039618915,-1.4262918788837358,1.0064281699269924,2.7981876391550475,0.37623035858521,0.499123257695598,2.794468544740557
6,37,1.0,66.31294824914534,-0.05779039851963447,4.13659477747953,-4.194385175999164,-4.194385175999165,8.881784197001252e-16,0.021313684368055696,-1.4025726265487395,1.0000530802223695,2.7918125494504245,0.37584979556364484,0.49925905136570287,2.788713151523821
6,38,1.0,64.9145306544901,-0.035052284603340325,4.138019207027768,-4.1730714916311085,-4.1730714916311085,0.0,0.10000044742464276,-1.382340943690795,0.9989710787122595,2.790730547940315,0.37423171457772614,0.4993513196644917,2.788018876179093
6,39,1.0,58.73707003000649,0.0686957922189291,4.141766836425394,-4.073071044206466,-4.073071044206465,8.881784197001252e-16,0.0005241900633476959,-1.28636901024355,0.9949425647348606,2.7867020339629156,0.3742629996380575,0.49941695290661814,2.7842767464606997
6,40,1.0,58.70628870988254,0.06937639835964308,4.141923252502761,-4.072546854143118,-4.072546854143118,0.0,0.003601653155588025,-1.2861710200703569,0.9946163648447071,2.786375834072762,0.375168203982243,0.49937671658780075,2.783786614914607
6,41,1.0,58.49522932939306,0.07481741766623487,4.143762618653765,-4.06894520098753,-4.06894520098753,0.0,0.03943791675221586,-1.2846370031991958,0.9925487285602793,2.7843081977883344,0.3756713160139186,0.49935111410503713,2.7816355842843055
6,42,1.0,56.233197437296965,0.10428874509522526,4.13379602933054,-4.029507284235314,-4.029507284235315,8.881784197001252e-16,-0.043727381573938295,-1.2360209183854907,1.0017268966217685,2.793486365849823,0.3758095335961429,0.49915191082518756,2.7898954346241567
6,43,1.0,58.74668146984595,0.06764432134521957,4.140878987154472,-4.073234665809252,-4.073234665809252,0.0,-0.05461871690622555,-1.2862020295685177,0.9952731670126798,2.7870326362407347,0.37606897630085934,0.49927968279208196,2.7840410571824976
6,44,1.0,62.04459388509261,0.012276344709257883,4.1401297274247355,-4.127853382715478,-4.127853382715478,0.0,0.08038087058829024,-1.3395237816308159,0.9965701318566076,2.7883296010846625,0.3750745732282589,0.49933031616048734,2.7855420844701393
6,45,1.0,57.252568847546264,0.09616964475107166,4.1436421568782595,-4.047472512127188,-4.047472512127188,0.0,-0.009759248708237855,-1.263376410528575,0.9923366323705579,2.7840961015986125,0.3764188447675922,0.4993297881796643,2.7813353975825668
6,46,1.0,57.81404624852586,0.09011280532485735,4.1473445661602835,-4.057231760835426,-4.0572317608354265,8.881784197001252e-16,-0.016584638881430358,-1.2763963674092769,0.9890759241980938,2.7808353934261483,0.3762677419349066,0.4994644960229824,2.7786550139305164
6,47,1.0,58.78086634870368,0.07490965535730616,4.148726055074162,-4.073816399716856,-4.073816399716856,0.0,-0.019761418266917907,-1.2942427879284748,0.9878141425603264,2.779573611788381,0.3760485163578362,0.49945929809502054,2.777374593424042
6,48,1.0,59.95401297809542,0.05415101047843918,4.147728828462213,-4.093577817983774,-4.093577817983774,0.0,-0.053844099825539615,-1.3129487657614427,0.9888695829942771,2.780629052222332,0.37626021862358877,0.4994253123494246,2.7782877429448494
6,49,1.0,63.27067285791624,0.0009781303626991648,4.148400048172013,-4.1474219178093135,-4.1474219178093135,0.0,0.01121052544162815,-1.3669547908269848,0.9887076577542736,2.7804671269823285,0.37545095696218994,0.49946607686533734,2.778293856114125
6,50,1.0,62.56533635351412,0.006692455186600544,4.142903847554287,-4.136211392367685,-4.136211392367686,8.881784197001252e-16,-0.02704891111490859,-1.350462711430317,0.9939892117093135,2.7857486809373686,0.37513065551798613,0.49940221242489385,2.7832799565994932
6,51,1.0,64.28075610522863,-0.015482747695937145,4.147777555786657,-4.163260303482594,-4.163260303482594,0.0,0.05126434993785445,-1.3816938320485586,0.9898070022059803,2.7815664714340347,0.3736300071028982,0.49957270625295985,2.7798249725916944
6,52,1.0,61.0684858681037,0.03401628831703683,4.146012241861776,-4.1119959535447395,-4.111995953544739,8.881784197001252e-16,0.02851824070196507,-1.3293949546328143,0.9908415296838703,2.7826009989119256,0.3742915646751345,0.4994577509062008,2.780380160707144
6,53,1.0,59.35151889199972,0.0565475562906755,4.140025269133449,-4.083477712842774,-4.0834777128427735,8.881784197001252e-16,-0.03710464663812374,-1.2951450083623541,0.9965732352523654,2.7883327044804207,0.37294309062256054,0.49941180632662213,2.785878502494963
6,54,1.0,61.59510231350444,0.018913351132356718,4.1394957106132555,-4.120582359480898,-4.120582359480899,8.881784197001252e-16,-0.04669734727748143,-1.3314739901592334,0.9973489000936097,2.789108369321665,0.37307440881811016,0.4994037125249328,2.7866188927545057
6,55,1.0,64.53964633045376,-0.024011277046075353,4.143268429712306,-4.1672797067583796,-4.167279706758381,1.7763568394002505e-15,0.0544913828425031,-1.3810686997874662,0.9944515377428585,2.786211006970914,0.37198198461000237,0.4995922191570234,2.784530703234521
6,56,1.0,61.11689390292925,0.030623537592673805,4.14341186150855,-4.1127883239158765,-4.1127883239158765,0.0,-0.07956167885102428,-1.3275630084128596,0.993465846274962,2.7852253155030176,0.3737405179116418,0.49945805576987423,2.782987684952308
6,57,1.0,66.17812715059657,-0.05313152620311838,4.139218476563781,-4.192350002766901,-4.192350002766899,1.7763568394002505e-15,0.005225286430888154,-1.4027771407515806,0.9978133927872642,2.7895728620153193,0.3731714248679618,0.4993859691400375,2.787022725437975
6,58,1.0,65.83322936039268,-0.04463123188155593,4.142493484454457,-4.187124716336013,-4.187124716336013,0.0,0.020924266617607046,-1.4008696631711695,0.9944955839367884,2.7862550531648433,0.3739436782086142,0.4993938804000428,2.7837611635180632
6,59,1.0,64.47002903702872,-0.021721624480845535,4.144478825237561,-4.1662004497184055,-4.166200449718406,8.881784197001252e-16,0.024407742887355255,-1.382102559473812,0.9923384210165382,2.784097890244593,0.37506136604158247,0.4993759699643194,2.781538772806043
6,60,1.0,62.91550947433937,0.006006583023671807,4.147799289854722,-4.14179270683105,-4.141792706831049,8.881784197001252e-16,0.05387253590370644,-1.36100155869424,0.9890316789087544,2.7807911481368097,0.37499882033381765,0.4994307710664121,2.7784747460032015
6,61,1.0,59.61577205914656,0.05868644479602471,4.1466066157233685,-4.087920170927344,-4.087920170927344,0.0,-0.02014871156426068,-1.3064889081773872,0.9896717935219016,2.781431262749957,0.37541572428502135,0.499389638780443,2.778936567149801
6,62,1.0,60.82913586482929,0.037762189733065284,4.14583107222467,-4.1080688824916045,-4.1080688824916045,0.0,-0.012550812436091796,-1.3258314875471642,0.9904779257163856,2.7822373949444406,0.3758181070219086,0.4993474831733395,2.7795671997911366
6,63,1.0,61.597402037100196,0.028420587172062414,4.149040282099759,-4.120619694927696,-4.120619694927696,0.0,0.021155990062562857,-1.3413998916536325,0.9874603340460087,2.7792198032740636,0.37611299694243217,0.49939352656247277,2.776759029145948
6,64,1.0,60.307936070445685,0.0507370549724536,4.1502007598375865,-4.0994637048651335,-4.099463704865133,8.881784197001252e-16,-0.00024823918864136374,-1.3215959345597457,0.9861083010773329,2.777867770305388,0.375949269917739,0.4994040339352161,2.775457561926379
6,65,1.0,60.32290872188698,0.04949943101309309,4.1492113750668675,-4.099711944053775,-4.099711944053775,0.0,0.022312017733402634,-1.320976710709081,0.9869757641166389,2.778735233344694,0.37601816331710586,0.49937330370048255,2.7761945980806586
6,66,1.0,58.991887020315964,0.07313032683401065,4.150530253154383,-4.077399926320372,-4.077399926320372,0.0,-0.031246847509553533,-1.3000041277827794,0.9856363293095377,2.7773957985375923,0.3757215045821547,0.49944212857319475,2.7751390505832085
6,67,1.0,60.864298654720415,0.04387742411786691,4.152524197947792,-4.108646773829926,-4.108646773829925,8.881784197001252e-16,0.021467625929686207,-1.3325856132541374,0.9843016913477335,2.776061160575788,0.3755992230437648,0.49955392831502765,2.774266248952504
6,68,1.0,59.571611763191015,0.06481945314732214,4.151998601047562,-4.0871791479002395,-4.0871791479002395,0.0,-0.016878842388004855,-1.310632378141305,0.9847873005308795,2.776546769758935,0.3756174684459317,0.4996285596208239,2.775053569000585
6,69,1.0,60.585645391496826,0.04964844962582044,4.153706439914064,-4.104057990288244,-4.1040579902882435,8.881784197001252e-16,-0.01843357243267274,-1.3292346764614285,0.9830638445987603,2.774823313826815,0.3754735251268056,0.499577427071219,2.773125652876605
6,70,1.0,61.7128122127162,0.031196913826138872,4.153688476547056,-4.122491562720917,-4.122491562720917,0.0,-0.056852901618738905,-1.3473906347819635,0.9833414587108985,2.775100927938954,0.3754528080705019,0.4995972352909361,2.773482962203097
6,71,1.0,65.32301760792697,-0.027321641363021384,4.152022822976635,-4.179344464339656,-4.179344464339656,0.0,-0.02290703442732589,-1.402095703846582,0.9854892912650198,2.7772487604930745,0.3757270612799427,0.4995968212956379,2.775626309354226
6,72,1.0,66.83664438469447,-0.05353132288659558,4.148720175880387,-4.202251498766982,-4.202251498766982,0.0,-0.05846062566958832,-1.4216941323147765,0.9887978972241506,2.7805573664522054,0.3760770221112378,0.49955288319235497,2.7787500023026808
6,73,1.0,70.86042693273257,-0.1150996989207425,4.145612425515827,-4.26071212443657,-4.260712124436569,8.881784197001252e-16,-0.0179569271495712,-1.4766091814704474,0.9923434737380677,2.7841029429661224,0.37596683635951705,0.4995978951191809,2.7824691989066728
6,74,1.0,72.1443556641171,-0.13291768643854884,4.145751365147593,-4.278669051586141,-4.278669051586141,0.0,-0.06165894728947752,-1.4944956340738385,0.992413948284248,2.784173417512303,0.37568981653089156,0.49964104601954434,2.782714658931997
6,75,1.0,76.73270345162487,-0.19856453050514206,4.141763468370476,-4.340327998875619,-4.340327998875618,8.881784197001252e-16,0.1208647768310982,-1.5525293294436222,0.9960392002039417,2.787798669431997,0.3758689424139136,0.4995504220683349,2.7859473385519373
6,76,1.0,67.99697521432861,-0.07187301217036135,4.147590209874158,-4.219463222044521,-4.21946322204452,8.881784197001252e-16,-0.09508514142224289,-1.4375419006260144,0.9901618521904512,2.781921321418506,0.3751406453590489,0.4995895625101561,2.7802561048293577
6,77,1.0,74.7798425073386,-0.1708593905793722,4.143688972887391,-4.314548363466764,-4.314548363466764,0.0,0.01558573688600795,-1.5281333870941305,0.9946555071445773,2.786414976372632,0.3744250871202236,0.4996734941573921,2.7850758554567707
6,78,1.0,73.62337913468005,-0.15663997232907761,4.142322654251678,-4.298962626580756,-4.298962626580756,0.0,-0.07790667922601902,-1.5113127905745307,0.9958903667781701,2.7876498360062247,0.3730107437410795,0.49963794641085424,2.7861508645724045
6,79,1.0,79.58847578563098,-0.23798662515591612,4.138882680650857,-4.376869305806775,-4.376869305806773,1.7763568394002505e-15,-0.02254000591614158,-1.5861173993904194,0.9989924371883002,2.790751906416355,0.3745168746297023,0.49957869184587694,2.7889936109801297
6,80,1.0,81.40277079851083,-0.2624065507901536,4.137002760932763,-4.399409311722916,-4.399409311722916,0.0,-0.012693082085164065,-1.6071153618941356,1.0005344806007257,2.7922939498287804,0.37423408744353637,0.4995202451503851,2.79027180772844
6,81,1.0,82.44260826032274,-0.2823301371790241,4.129772256629057,-4.41210239380808,-4.41210239380808,0.0,-0.056854249764162645,-1.6132821883214674,1.0070607362585582,2.798820205486613,0.37396201466048157,0.49935555666275233,2.79603556923801
6,82,1.0,87.26562634638763,-0.34039781111495315,4.12855883245729,-4.468956643572243,-4.468956643572243,0.0,0.011492257341019219,-1.6693205252322156,1.0078766491119726,2.799636118340027,0.37470382685944037,0.49937440669554906,2.7969291455582876
6,83,1.0,86.26848797127442,-0.32202540465594665,4.135438981575277,-4.457464386231224,-4.457464386231224,0.0,-0.0851837742116004,-1.6639237107965006,1.0017812062066673,2.793540675434722,0.37388104398697775,0.4995483632268815,2.7916312135236083
6,84,1.0,93.93923719564006,-0.4151349952783795,4.127513165164444,-4.542648160442824,-4.542648160442824,0.0,0.0006345266384304438,-1.7426334179094347,1.0082552733053338,2.8000147425333886,0.3747174878835888,0.4994413953827667,2.797617913154428
6,85,1.0,93.87964915434466,-0.4142635420179559,4.127750091786437,-4.542013633804394,-4.542013633804393,8.881784197001252e-16,0.05085687707953124,-1.7420274609026822,1.0082267036736565,2.7999861729017113,0.3747245437807955,0.4994757071595442,2.79773366074288
6,86,1.0,89.22459735959076,-0.35361325418307543,4.137543502541787,-4.4911567567248625,-4.4911567567248625,0.0,0.03623449610562357,-1.700423076841269,0.9989742106555388,2.790733679883594,0.376437485529051,0.49947056063105855,2.7885331262788795
6,87,1.0,86.04946115329062,-0.3169777881682688,4.13794447245097,-4.454922260619239,-4.454922260619239,0.0,-0.03211760502991723,-1.6647561319116981,0.9984066594794863,2.790166128707541,0.37641098267758905,0.49937409986130504,2.787567037550042
6,88,1.0,88.85802449900382,-0.3474292851983531,4.139610580450803,-4.487039865649156,-4.487039865649156,0.0,0.022123935186968424,-1.6982089515557732,0.9970714448653277,2.788830914093383,0.3767345544823264,0.4995040260565113,2.7867933930692614
6,89,1.0,86.9137224361295,-0.3231369259607449,4.141779004501442,-4.464915930462188,-4.464915930462188,0.0,-0.0027533448240095737,-1.6778263815554426,0.9953300796786904,2.7870895489067458,0.3762712605095255,0.4995480186714894,2.7852385803276793
6,90,1.0,87.15335562895362,-0.3275433026887239,4.140125972597473,-4.467669275286197,-4.467669275286197,0.0,0.08764825902855389,-1.67897437284668,0.9969354332114623,2.788694902439518,0.3758363349991094,0.4995492065411968,2.7868449295096513
6,91,1.0,79.839711319396,-0.2314914326442037,4.148529583613439,-4.380021016257643,-4.380021016257643,0.0,0.0006547512731582827,-1.598714602996622,0.9895469440329663,2.7813064132610212,0.37552248099249697,0.4996552456077563,2.779913819783154
6,92,1.0,79.78745327663795,-0.23062715968372938,4.148739105300756,-4.379366264984485,-4.379366264984485,0.0,0.04190832436903591,-1.5983062544987723,0.9893005412576578,2.7810600104857124,0.375924699741267,0.49964608103270186,2.779632209568268
6,93,1.0,76.51279185276408,-0.18588922837752425,4.151568712237926,-4.337457940615449,-4.33745794061545,8.881784197001252e-16,0.01951315225061645,-1.558877021346751,0.9868214500406433,2.7785809192686983,0.37559337593759423,0.4997120738650804,2.7774248419105745
6,94,1.0,75.03425843402604,-0.16517001949142157,4.152774768873411,-4.317944788364833,-4.317944788364833,0.0,0.03473237246222993,-1.540681391702928,0.9855039274338502,2.7772633966619047,0.37558381405863195,0.4996894088104275,2.7760168420962077
6,95,1.0,72.4728794918737,-0.13132416371625297,4.151888252186349,-4.283212415902603,-4.283212415902602,8.881784197001252e-16,0.019133169221303703,-1.5053624347128798,0.986090511961668,2.777849981189723,0.3753530215036332,0.499629978731363,2.776362843865735
6,96,1.0,71.09942479423331,-0.11157559601999188,4.152503650661307,-4.264079246681299,-4.264079246681299,0.0,-0.04060303194942172,-1.486999802405796,0.9853199750474482,2.7770794442755027,0.3750458173846537,0.49960450614170765,2.7754894487134507
6,97,1.0,74.04568581842521,-0.15461921192629152,4.150063066704429,-4.304682278630721,-4.304682278630721,0.0,0.07765809136269564,-1.5250681313501702,0.9878546780524958,2.779614147280551,0.3747580313364505,0.4996053171441151,2.778021287193868
6,98,1.0,68.51304651925261,-0.07669794637600388,4.150326240892021,-4.227024187268025,-4.227024187268024,8.881784197001252e-16,0.019004494955016327,-1.447475001368175,0.987789716671795,2.77954918589985,0.37300468938063125,0.49971154280632196,2.778386807768078
6,99,1.0,67.22328512275017,-0.05652931827625857,4.15149037403675,-4.208019692313009,-4.208019692313009,0.0,0.07244793276730999,-1.4298786427451968,0.986381580339757,2.7781410495678123,0.3733753614169564,0.4996797438571671,2.7768520936671925
6,100,1.0,62.525330306818034,0.014603078827907928,4.150174838373607,-4.135571759545699,-4.135571759545699,0.0,-0.018745170611976114,-1.3568397039791205,0.9869725863385233,2.778732055566578,0.37349527652689424,0.4996405860127579,2.7772807356994353
6,101,1.0,63.70843237289189,-0.005581720091883645,4.148735210065792,-4.154316930157675,-4.154316930157675,0.0,-0.060229540593119246,-1.3736296406412976,0.9889278202883224,2.7806872895163774,0.37212362736738924,0.4997288730541722,2.779591804936606
6,102,1.0,67.66347154762164,-0.06856305999739243,4.145983410753402,-4.214546470750794,-4.214546470750794,0.0,-0.036828432077302686,-1.431013707201493,0.9917732943212462,2.7835327635493012,0.37188942013583876,0.4996284037514493,2.782019242791779
6,103,1.0,70.20186676892271,-0.10553708767649085,4.145837815151605,-4.251374902828097,-4.251374902828096,8.881784197001252e-16,-0.0023425573184958637,-1.467518703501665,0.9920967300983768,2.7838561993264315,0.37194605743341047,0.49962980522706335,2.7823478849513545
6,104,1.0,70.36651143518665,-0.10806814690530968,4.145649313241283,-4.253717460146593,-4.253717460146593,0.0,-0.022798306941724356,-1.4702178915072441,0.9917400994112935,2.7834995686393484,0.37320650923678705,0.4994907036182609,2.781421065390033
6,105,1.0,71.98917547496737,-0.13450585112358873,4.142009915964728,-4.276515767088317,-4.276515767088316,8.881784197001252e-16,0.014597531593429025,-1.4891375085167908,0.9956187893434715,2.7873782585715268,0.37182254030128015,0.49953180964931043,2.785453540430225
6,106,1.0,70.94594403844988,-0.12286488677534527,4.139053348719543,-4.261918235494888,-4.261918235494888,0.0,0.06004201635751549,-1.4714537728412977,0.9987049934255358,2.7904644626535906,0.3699787867629825,0.49955836137190895,2.788628705944125
6,107,1.0,66.81156665941947,-0.06186388322104559,4.140012335916326,-4.201876219137373,-4.201876219137372,8.881784197001252e-16,-0.0013857845100346822,-1.4122103283820797,0.9979064215272379,2.7896658907552934,0.36908968606422676,0.499667535050132,2.7882889773612214
6,108,1.0,66.90421727565447,-0.06284718513756216,4.140414818509845,-4.203262003647407,-4.203262003647406,8.881784197001252e-16,0.04687659585550641,-1.4146922699346787,0.9968102644846729,2.7885697337127273,0.3706971824778943,0.4994874943774846,2.7864509939993756
6,109,1.0,63.84034822582791,-0.01084776746513566,4.145537640326765,-4.156385407791901,-4.156385407791901,0.0,0.007049634058081011,-1.3730002079049466,0.9916257306588996,2.783385199886954,0.37150870912149325,0.49959268318822464,2.781727557438977
6,110,1.0,63.39187975928919,0.0005519505022642986,4.149887724236084,-4.14933577373382,-4.14933577373382,0.0,0.015456650331876709,-1.3703752395158224,0.9872010649899424,2.7789605342179975,0.37329963576319025,0.49961834794208765,2.7774228240202423
6,111,1.0,62.41958719039716,0.013178672750113139,4.1470577961520565,-4.133879123401943,-4.133879123401943,0.0,-0.11384811622434299,-1.3521085447195589,0.9900111094543291,2.781770578682384,0.3720023834944079,0.4996435747357775,2.780328144439578
6,112,1.0,69.94626046907129,-0.10442121653024529,4.143306023096041,-4.247727239626286,-4.247727239626286,0.0,0.05209462195927195,-1.4610519818620638,0.994915788536168,2.786675257764223,0.371249582536964,0.4997069523697591,2.785475085791871
6,113,1.0,66.39572140051459,-0.056222336028013666,4.139410281639001,-4.195632617667014,-4.195632617667014,0.0,0.01274901885294799,-1.4051501686379282,0.9987229798010309,2.7904824490290863,0.3694505923817062,0.49975494719992836,2.7894696672779378
6,114,1.0,65.55461413540499,-0.04743749164733796,4.135446107166729,-4.182883598814066,-4.182883598814067,8.881784197001252e-16,0.04719162061917537,-1.3884490636601405,1.0026750659258707,2.7944345351539255,0.3672791145192479,0.4997589704864935,2.7934225786843316
6,115,1.0,62.5328474694103,0.006713363080910105,4.142405341275801,-4.135691978194891,-4.135691978194891,0.0,0.07520268898201721,-1.348875236183562,0.9950572727832738,2.786816742011329,0.3699416111011034,0.4997467757443264,2.785782138251816
6,116,1.0,58.002684224765034,0.08176704236939658,4.142256331582271,-4.060489289212874,-4.0604892892128746,8.881784197001252e-16,-0.006520352144846697,-1.274663071156007,0.9940667488288116,2.7858262180568665,0.3713679801795513,0.4997202160717024,2.7846851432216906
6,117,1.0,58.382117827308505,0.0692846621686772,4.136294303526397,-4.06700964135772,-4.06700964135772,0.0,0.07000344078780119,-1.2751362856738921,1.0001138864557733,2.791873355683828,0.3707197019794884,0.49968704535071157,2.790575616083595
6,118,1.0,54.43493855580857,0.13648147068393587,4.133487671253855,-3.997006200569919,-3.997006200569919,0.0,0.0005883792913108365,-1.2035686346516072,1.001678096690257,2.793437565918312,0.3710233576607078,0.4996458849492378,2.7919648869806117
6,119,1.0,54.40291958581172,0.1370484853478093,4.133466306626417,-3.9964178212786083,-3.996417821278608,4.440892098500626e-16,-0.019538607744890246,-1.202999120720178,1.0016592313303754,2.79341870055843,0.3710500459761074,0.4996450523629247,2.7919427782127926
6,120,1.0,55.47632920828755,0.11639959604153709,4.132356025065035,-4.015956429023499,-4.015956429023498,8.881784197001252e-16,0.0470529394313699,-1.2212163708221107,1.002980588973333,2.7947400582013877,0.37197362827083186,0.499604218440163,2.793089052620784
6,121,1.0,52.92646459109517,0.15791755945276026,4.1268210490448896,-3.9689034895921287,-3.968903489592129,4.440892098500626e-16,-0.031807176911271995,-1.1696982779369673,1.007445742427107,2.799205211655162,0.3733313721095328,0.49950019410301144,2.7971018922850885
6,122,1.0,54.63696490009974,0.12747993173126032,4.128190598234662,-4.000710666503401,-4.000710666503402,8.881784197001252e-16,0.03657554483299741,-1.202117080552784,1.0068341167225616,2.798593585950617,0.3731811870105136,0.4996053161206568,2.7969475540534314
6,123,1.0,52.674692483202065,0.16387901583684863,4.128014137507252,-3.9641351216704033,-3.9641351216704033,0.0,0.07253911563843651,-1.1664223668910716,1.0059532855512765,2.7977127547793317,0.3754353348319636,0.4995194586186906,2.795717053716977
6,124,1.0,48.98901092057346,0.22396910838208006,4.115565114414046,-3.8915960060319668,-3.8915960060319663,4.440892098500626e-16,-0.06777374342305764,-1.0831145157639765,1.0167220210399355,2.80848149026799,0.3763278413173476,0.4993366821333112,2.8056583330606877
6,125,1.0,52.424275107081286,0.15975733892691646,4.119127088381941,-3.9593697494550244,-3.959369749455024,4.440892098500626e-16,-0.018231546723301406,-1.1529517499208144,1.0146585303061546,2.8064179995342093,0.37501044149164015,0.49937357710193303,2.803748449538274
6,126,1.0,53.38881655255646,0.13985993253860365,4.1174612287169285,-3.977601296178326,-3.977601296178325,8.881784197001252e-16,0.04263162268410037,-1.1692018115855165,1.0166400153647546,2.8083994845928095,0.37583610533836265,0.4993921429613764,2.8058169919310125
6,127,1.0,51.160598410947856,0.18671023287489324,4.121679906369118,-3.9349696734942254,-3.9349696734942246,8.881784197001252e-16,0.035592694562391,-1.131893526431265,1.0113166778349054,2.80307614706296,0.3762871052906127,0.49936499774892584,2.8004007619611984
6,128,1.0,49.371679924837636,0.22361709314685793,4.122994072078693,-3.8993769789318344,-3.899376978931835,4.440892098500626e-16,-0.025969929884997356,-1.0985919844073557,1.009025525296424,2.800784994524479,0.37697845991594264,0.4992671245207498,2.7976945137863485
6,129,1.0,50.67065310651015,0.20522928736248808,4.1305761961793195,-3.925346908816832,-3.9253469088168313,4.440892098500626e-16,-0.034080600648587644,-1.1316493031526076,1.0019381364361692,2.7936976056642244,0.37680651880322313,0.49932409003402184,2.7908886768522154
6,130,1.0,52.42730322120754,0.17226480483179446,4.131692314297213,-3.9594275094654194,-3.959427509465419,4.440892098500626e-16,-0.02724572532359515,-1.166046526329996,1.001621513907368,2.793380983135423,0.3760516270473094,0.4993715072248624,2.7907699074016747
6,131,1.0,53.875360229124226,0.15037231157906478,4.13704554636808,-3.9866732347890146,-3.9866732347890155,8.881784197001252e-16,-0.0027495968043131924,-1.1979851324478725,0.9969286331130878,2.7886881023411427,0.37456644876254036,0.49947799461943815,2.786540404056914
6,132,1.0,54.02369959070143,0.1456318729668462,4.135054704560174,-3.989422831593328,-3.989422831593328,0.0,-0.039136102463983136,-1.1988668111823932,0.9987965511828794,2.7905560204109343,0.37486076241952826,0.49940432891378417,2.788088469978869
6,133,1.0,56.17989395367665,0.10341412360412856,4.1319730576614395,-4.028558934057311,-4.028558934057311,0.0,0.041608378096025245,-1.234035197124116,1.00276426770514,2.794523736933195,0.37428148897005586,0.4994500928915501,2.792234489259034
6,134,1.0,53.89030307906804,0.14730734196063225,4.134257897921918,-3.9869505559612857,-3.9869505559612857,0.0,0.03892038373071394,-1.1954552708391086,0.9997358158941214,2.7914952851221764,0.3738697647095087,0.499503438316863,2.7894445224018365
6,135,1.0,51.83316380125909,0.18852565540538102,4.136555827635952,-3.9480301722305717,-3.9480301722305713,4.440892098500626e-16,0.051576662065787815,-1.1598806253475442,0.9963900776549721,2.788149546883027,0.3745679660909957,0.4994409666431286,2.7858514027515855
6,136,1.0,49.22755413687,0.23713964099342383,4.133593151158207,-3.896453510164784,-3.8964535101647835,4.440892098500626e-16,0.03576528249493638,-1.1066092380903672,0.9980848028463619,2.7898442720744168,0.3743688148974658,0.4993972276392626,2.7873618580694655
6,137,1.0,47.49802958075958,0.2731983141037326,4.133886541773579,-3.8606882276698475,-3.8606882276698467,8.881784197001252e-16,-0.035930214927329285,-1.0722651699332657,0.996663588508527,2.7884230577365816,0.3752028019530368,0.4993103423918752,2.7855901205089135
6,138,1.0,49.23567402671272,0.23668758472252058,4.133306027319698,-3.896618442597177,-3.8966184425971773,4.440892098500626e-16,-0.06172739873487254,-1.1066219947014475,0.9982369786676738,2.7899964478957284,0.3733820293295971,0.4993350754521986,2.787244297994972
6,139,1.0,52.370624937067696,0.18251091696179247,4.140856758293841,-3.9583458413320494,-3.958345841332049,4.440892098500626e-16,-0.046447464875497335,-1.1746953172172434,0.991891054886751,2.783650524114806,0.3745727513510962,0.4993809591827647,2.781118454295914
6,140,1.0,54.86048390563139,0.1387093395372779,4.1435026457448245,-4.004793306207547,-4.004793306207547,0.0,-0.11796996896186673,-1.2226598039512482,0.9903740330282437,2.7821335022562983,0.3747158011042772,0.4995351231398326,2.7802489307804255
6,141,1.0,61.729582630288554,0.025227754493383898,4.147991029662797,-4.122763275169413,-4.1227632751694125,8.881784197001252e-16,0.012929666978991783,-1.3426439753699917,0.9883598305713668,2.7801192997994217,0.3739392305317203,0.49973409146258135,2.77905080808345
6,142,1.0,60.93657737864371,0.03390806776965573,4.143741675960078,-4.109833608190422,-4.109833608190422,0.0,-0.003985436554613919,-1.3256012335267449,0.9924729054356218,2.784232374663677,0.3730172518349077,0.49972318575865143,2.7831146519734613
6,143,1.0,61.1799208344942,0.02642522030819077,4.1402442650532265,-4.113819044745036,-4.113819044745036,0.0,-0.019233154822629217,-1.3258779363647932,0.9961816391521875,2.787941108380242,0.37228026130657244,0.49974458114809917,2.7869051699422527
6,144,1.0,62.36799228149363,0.005719861879210177,4.1387720614468755,-4.133052199567665,-4.133052199567666,8.881784197001252e-16,0.01752273088896228,-1.3433907783530898,0.9979019519865199,2.789661421214575,0.37313661229875095,0.49973411584906424,2.788582777738304
6,145,1.0,61.28465397885425,0.023358986008540257,4.138888454687243,-4.1155294686787025,-4.1155294686787025,0.0,0.042075540074384854,-1.3262649183352608,0.9975050811153867,2.7892645503434417,0.37113542199256966,0.49971926325591554,2.7881206640020424
6,146,1.0,58.7595638436869,0.06791019745512318,4.1413641260594405,-4.073453928604318,-4.073453928604318,0.0,0.0010323581436528784,-1.2875948412864737,0.9940996180897891,2.785859087317844,0.37328381091588514,0.4996999192308023,2.7846444714250365
6,147,1.0,58.698934230557526,0.06841393235645678,4.140835502817121,-4.072421570460665,-4.072421570460665,0.0,0.006103693310627101,-1.286016189529396,0.9946459117032136,2.7864053809312685,0.37335640673584636,0.499726826573581,2.785299093249806
6,148,1.0,58.341745133629075,0.0802070487520945,4.146524925902132,-4.066317877150038,-4.066317877150038,0.0,-0.03643889055868588,-1.2860409168417275,0.9885174910802551,2.78027696030831,0.37365359814697696,0.499658475711327,2.7789016231199946
6,149,1.0,60.506861250686356,0.04290246178525374,4.145659229493978,-4.1027567677087236,-4.102756767708724,8.881784197001252e-16,0.0015737493102800926,-1.3208952103327631,0.9901020881479056,2.78186155737596,0.37283579691592444,0.4996914506528685,2.7806180105554126
6,150,1.0,60.41171350851028,0.04726210471194905,4.148445123110394,-4.1011830183984435,-4.101183018398444,8.881784197001252e-16,-0.00011513392634832087,-1.3225417450310208,0.9868818041393679,2.778641273367423,0.37352038890642547,0.49957702913544083,2.7769370958518635
6,151,1.0,60.41866934670273,0.04717953619628884,4.148477688521081,-4.101298152324792,-4.101298152324792,0.0,-0.037595067179203134,-1.3226864855871074,0.9868521975096293,2.778611666737685,0.3735367267567351,0.49957594804811084,2.7769032418660253
6,152,1.0,62.73335096270895,0.00725112572532418,4.146144345229319,-4.138893219503995,-4.138893219503995,0.0,-0.01822804383896859,-1.3571842876878675,0.9899494625880726,2.781708931816128,0.37289986310883316,0.4996349849758303,2.7802356322013897
6,153,1.0,63.88734278893618,-0.010337073944663495,4.146784189398301,-4.1571212633429635,-4.157121263342964,8.881784197001252e-16,0.059756851654616305,-1.3759655324734645,0.9893962616414447,2.7811557308695,0.3742935193525845,0.49959316966321277,2.7795151312713755
6,154,1.0,60.181464828301685,0.05122567662545321,4.1485900883138,-4.097364411688347,-4.097364411688347,0.0,0.030347554586566794,-1.3188592249014244,0.9867457175588678,2.7785051867869224,0.3743369422391598,0.49963747082389326,2.77704790929371
6,155,1.0,58.382539099248305,0.07757873441387171,4.144595591515651,-4.06701685710178,-4.0670168571017795,8.881784197001252e-16,-0.03464770121990135,-1.2853226647112763,0.9899347231624492,2.7816941923905034,0.3748001840145089,0.4995203251229737,2.779751902113137
6,156,1.0,60.44081116567541,0.042801610211650506,4.144466168533332,-4.101664558321682,-4.101664558321681,8.881784197001252e-16,-0.04964355034707957,-1.3192157848884423,0.9906893042051844,2.7824487734332393,0.37552264086695164,0.4995582501733555,2.7806653372000825
6,157,1.0,63.51703315997058,-0.003320034428098903,4.147988074240662,-4.151308108668761,-4.151308108668761,0.0,0.0684560697438199,-1.3714861817408688,0.9880624576998375,2.7798219269278928,0.3748520416534436,0.49962589081066217,2.778318190208697
6,158,1.0,59.31439580932857,0.06125967559489805,4.144111714519839,-4.082852038924941,-4.082852038924941,0.0,-0.13053992590693309,-1.3003694847611504,0.9907230849357359,2.7824825541637908,0.37523007283586235,0.49956516573223286,2.7807265616631924
6,159,1.0,67.5853987456531,-0.07279504438919648,4.140596920442677,-4.2133919648318745,-4.213391964831874,8.881784197001252e-16,0.11351737016221097,-1.425294701609998,0.9963377939938214,2.788097263221877,0.37373929631621794,0.49962489948768907,2.7865790764516194
6,160,1.0,60.33272107811407,0.04383185863739985,4.143706453307063,-4.0998745946696635,-4.099874594669663,8.881784197001252e-16,0.003415517440619631,-1.3167543256945178,0.9913607997470909,2.783120268975146,0.37318524931252395,0.49955868820860094,2.781331306949207
6,161,1.0,60.127005130221676,0.048827375505494874,4.145286452734538,-4.096459077229044,-4.096459077229044,0.0,-0.0008382837331541992,-1.3149610381880261,0.989738569812963,2.781498039041018,0.37395589406454344,0.49959180216318505,2.779850764083267
6,162,1.0,60.177429752663144,0.04759299939545912,4.144890360357658,-4.097297360962198,-4.097297360962199,8.881784197001252e-16,-0.014830425967025107,-1.3153024622397724,0.9902354294943715,2.781994898722427,0.3730498447811737,0.4996085943542849,2.780414519482536
6,163,1.0,61.07653726399069,0.03450276095337873,4.146630547882602,-4.112127786929223,-4.112127786929224,8.881784197001252e-16,0.038039949057235845,-1.3315763960885991,0.9887919216125693,2.7805513908406243,0.37337200743225923,0.49964808390206183,2.7791352266589087
6,164,1.0,58.7968238842664,0.07329932336619642,4.147387161238184,-4.074087837871987,-4.074087837871987,0.0,0.03652898845428609,-1.2952100439589282,0.9871183246850043,2.7788777939130593,0.37480320461782196,0.4995918680581149,2.777236485707345
6,165,1.0,56.68779032817518,0.10930225905895585,4.1468611084766565,-4.037558849417701,-4.0375588494177,8.881784197001252e-16,0.03659382522660337,-1.2589351403116797,0.9868642398779658,2.77862370910602,0.37408374841111014,0.49957370347783364,2.7769090020042957
6,166,1.0,54.650863999750975,0.1458192564681537,4.146784280659251,-4.000965024191098,-4.000965024191097,8.881784197001252e-16,0.0016932774246547488,-1.2231222179535697,0.9860833370094734,2.7778428062375284,0.3752566827047609,0.4995566234067607,2.7760615349439575
6,167,1.0,54.55840322846255,0.14975723012848727,4.149028976894931,-3.999271746766443,-3.9992717467664436,4.440892098500626e-16,-0.1027690893144535,-1.2239399630525647,0.9835723144858234,2.7753317837138787,0.375551255764319,0.49948189244140834,2.77325406239269
6,168,1.0,60.46355797795735,0.051089432498556915,4.153130268579454,-4.102040836080897,-4.102040836080897,0.0,-0.05296368168678267,-1.328700974155389,0.9815803926974525,2.773339861925507,0.3752668391893441,0.4995547430559286,2.7715583512707886
6,169,1.0,63.75225256502843,-0.0007288575247651613,4.154275660242914,-4.155004517767679,-4.155004517767679,0.0,-0.017799651515721493,-1.3819379155385862,0.9813071330010379,2.7730666022290933,0.37525858550396435,0.4995752096706197,2.771367843370413
6,170,1.0,64.89717986898489,-0.018043927075488228,4.154760242207913,-4.172804169283401,-4.172804169283401,0.0,-0.05327006083244523,-1.4000326244403496,0.9810120756149964,2.7727715448430517,0.37522249377798217,0.49955901292203536,2.7710083862263732
6,171,1.0,68.44799296463091,-0.0713938747549665,4.154680355360879,-4.226074230115846,-4.226074230115846,0.0,-0.03944377128970533,-1.4524270393552061,0.9818877215325852,2.77364719076064,0.37531430499455465,0.4996095645128356,2.772085440697546
6,172,1.0,71.20179305129574,-0.11231708562262269,4.153200915782929,-4.265518001405551,-4.265518001405551,0.0,-0.020257567327982784,-1.4901325508425565,0.9836259813349398,2.7753854505629945,0.3754929248356875,0.4995647298701085,2.7736420531574346
6,173,1.0,72.65887682607624,-0.13360616763266953,4.152169401100865,-4.285775568733534,-4.285775568733535,8.881784197001252e-16,0.03266778379157298,-1.5092935017261055,0.9847225977793738,2.7764820670074286,0.3756970954192485,0.4995357878791073,2.7746203024338922
6,174,1.0,70.32362379302268,-0.10254518934305847,4.1505625955989025,-4.253107784941961,-4.253107784941961,0.0,0.00829695784663631,-1.4758341891602456,0.9855141265536617,2.7772735957817165,0.3758406249776492,0.4993876345075936,2.7748113290406806
6,175,1.0,69.74256549221357,-0.09992793079651213,4.144882896298813,-4.244810827095325,-4.244810827095325,0.0,-0.06300294336747303,-1.4626476909702093,0.9904036668970605,2.7821631361251153,0.3761881047163778,0.4991784987573496,2.778829967421499
6,176,1.0,74.27792271295446,-0.1681266699060411,4.139687100556758,-4.307813770462798,-4.307813770462799,8.881784197001252e-16,0.04327842535909454,-1.5205301759879066,0.9955241252468362,2.787283594474891,0.37706989470518487,0.49905209186669514,2.7834026044491726
6,177,1.0,71.13186052609659,-0.12055412809198678,4.143981217011717,-4.264535345103703,-4.264535345103704,8.881784197001252e-16,-0.03769576378489248,-1.4813990155369015,0.9913768603387468,2.7831363295668017,0.3764935112082398,0.49916260283343633,2.779733383467496
6,178,1.0,73.86440953404632,-0.15910928058713547,4.14312182830146,-4.302231108888596,-4.302231108888596,0.0,0.012816314810338625,-1.5180241876073577,0.992447452053182,2.7842069212812373,0.37683119639155443,0.49915808996629085,2.7807797170328996
6,179,1.0,72.92378058200754,-0.14954473056162315,4.139870063516635,-4.289414794078257,-4.289414794078258,8.881784197001252e-16,0.01592843796548138,-1.5024171145412584,0.9952382103089447,2.786997679537,0.3772640170108282,0.49904491542578916,2.783083275577637
6,180,1.0,71.77142067758388,-0.13445657072015876,4.1390297853926175,-4.273486356112776,-4.273486356112776,0.0,0.04941531482900707,-1.485981315580421,0.9957455713042999,2.787505040532355,0.37720668832347787,0.49898876826176175,2.783354262487029
6,181,1.0,68.31101595076302,-0.07869232883052368,4.145378712453246,-4.224071041283769,-4.22407104128377,8.881784197001252e-16,-0.002960224345028628,-1.4427636230076117,0.9895479490481032,2.781307418276158,0.3765009515445083,0.4991471493766147,2.7778473622637248
6,182,1.0,68.51353148102984,-0.08271524886282443,4.144316016765973,-4.227031265628797,-4.227031265628797,0.0,0.08436607202369117,-1.4448340910027635,0.9904377053979788,2.782197174626034,0.3765113103452976,0.49909615227521087,2.778524704130257
6,183,1.0,62.97042637789102,0.006740266771868161,4.149405460376974,-4.142665193605106,-4.142665193605105,8.881784197001252e-16,0.07379114036444889,-1.36621174298962,0.9846939813874312,2.7764534506154863,0.37586738354004734,0.49921860702956256,2.7733077303891434
6,184,1.0,58.49106767367143,0.0803374391240078,4.149211492364665,-4.068874053240657,-4.068874053240657,0.0,0.018279425164734242,-1.29340467488148,0.9837099091311222,2.7754693783591775,0.3756108718965724,0.49922086651673614,2.772332246132432
6,185,1.0,57.43159733427321,0.09868855237241467,4.1492831804483385,-4.050594628075923,-4.050594628075924,8.881784197001252e-16,0.033270617717333195,-1.275527858349572,0.9833073004982973,2.7750667697263522,0.37564785582861526,0.49922472839762966,2.7719467956293387
6,186,1.0,55.55224950240809,0.1300855440491926,4.1474095544077825,-4.01732401035859,-4.01732401035859,0.0,0.0029883973657289786,-1.2411116142555996,0.9844529268749355,2.77621239610299,0.375619434408367,0.4991767055062775,2.772888682292539
6,187,1.0,55.38648511462816,0.13307009134668504,4.147405704339546,-4.014335612992861,-4.014335612992861,0.0,-0.08510595693815848,-1.2383964458790604,0.9841796978857452,2.7759391671138007,0.37568088546963935,0.4991646638312912,2.772573990228565
6,188,1.0,60.30660117302823,0.05101846423991302,4.1504600341709335,-4.099441569931019,-4.09944156993102,8.881784197001252e-16,-0.012985784821202273,-1.3246979336868294,0.9829841670161361,2.774743636244191,0.37533885552752394,0.4992816423840119,2.7718612418463784
6,189,1.0,61.094836570099936,0.03868567120304478,4.151113025955266,-4.112427354752222,-4.112427354752221,8.881784197001252e-16,0.07034790391327128,-1.337800284632304,0.9828676008918625,2.7746270701199176,0.3750755775221224,0.49941745210434557,2.7722945518548983
6,190,1.0,56.9446333387395,0.10773770833832556,4.1498171591772754,-4.04207945083895,-4.0420794508389495,8.881784197001252e-16,-0.025291991344770004,-1.2676997786321897,0.9826202029787057,2.7743796722067606,0.375537878132717,0.4993375467725363,2.771722230570774
6,191,1.0,58.403244347327785,0.07952748337117084,4.146898925554892,-4.06737144218372,-4.06737144218372,0.0,0.037251110027662904,-1.2899369912373049,0.9856749817183607,2.7774344509464157,0.37600786347847853,0.4991705385491512,2.774083168461121
6,192,1.0,56.26768165122046,0.11627428252548297,4.146394614681541,-4.0301203321560575,-4.030120332156058,8.881784197001252e-16,-0.028326586294844525,-1.2529124694478406,0.985448393480162,2.7772078627082166,0.37597409011891086,0.4991814283405674,2.7739022916179574
6,193,1.0,57.88434212874343,0.09096242179701446,4.149409340247917,-4.058446918450902,-4.058446918450903,8.881784197001252e-16,-0.07522889721853776,-1.2835423516042928,0.9831450976185554,2.7749045668466104,0.3755692845019315,0.49930352854072163,2.7721092754965
6,194,1.0,62.40689809560094,0.013921720861410417,4.147597536530851,-4.13367581566944,-4.133675815669441,8.881784197001252e-16,0.04335348870685696,-1.3559115764979144,0.9860047699434705,2.7777642391715247,0.3757426261902196,0.4992104004586135,2.774583442871309
6,195,1.0,59.75915058564489,0.05948444179996168,4.149806768762545,-4.090322326962583,-4.090322326962584,8.881784197001252e-16,0.02456466744129049,-1.3152935263620347,0.983269331372493,2.7750288006005484,0.375339890356449,0.499329985500183,2.772342718198638
6,196,1.0,58.30907021290132,0.08408611169849972,4.149843771219793,-4.065757659521292,-4.065757659521293,8.881784197001252e-16,0.0003174317069909449,-1.2910526154692468,0.9829455748239907,2.774705044052046,0.37456462131864204,0.49947862033487594,2.772618039280436
6,197,1.0,58.29056400259497,0.08436172269028994,4.149801950504592,-4.065440227814301,-4.065440227814302,8.881784197001252e-16,-0.06653948298053525,-1.2907395165605975,0.9829412420256486,2.7747007112537037,0.37456643373841336,0.49947197460665577,2.7725871395364354
6,198,1.0,62.30113916600383,0.020058976760583425,4.15203868755542,-4.131979710794837,-4.131979710794837,0.0,-0.0010914341416503603,-1.3579936021866965,0.982226639380085,2.77398610860814,0.3749085493971154,0.4995966365889837,2.7723707287568344
6,199,1.0,62.369173877302956,0.013803030726731117,4.146874175663218,-4.133071144936487,-4.133071144936487,0.0,-0.054374574556029565,-1.353641183493389,0.987670492215043,2.779429961443098,0.3755344835887418,0.49971395103166394,2.7782766104124654
6,200,1.0,65.85436542701079,-0.04148727901183061,4.145958440480686,-4.1874457194925165,-4.1874457194925165,0.0,-0.019413562739926782,-1.4060375220815942,0.9896487281828673,2.7814081974109226,0.3749771972809688,0.49974132931685805,2.7803671784227286
6,201,1.0,67.14532378735301,-0.06374433668217395,4.14311494555027,-4.206859282232443,-4.206859282232444,8.881784197001252e-16,-0.05518335588973411,-1.4222036098559319,0.9928962031484564,2.7846556723765112,0.3756762520210335,0.49977235463190484,2.78373698928398
6,202,1.0,70.95477044928677,-0.11891680233797078,4.143125835784208,-4.262042638122177,-4.262042638122178,8.881784197001252e-16,-0.05730689710075154,-1.4765896979925213,0.9936934709016013,2.7854529401296566,0.375473996935718,0.4997559662842293,2.7844732330705995
6,203,1.0,75.13973664055531,-0.17830818949275612,4.141041345730173,-4.319349535222929,-4.319349535222929,0.0,0.039867562676613844,-1.5310636373110877,0.9965264286837862,2.7882858979118414,0.37547402951975994,0.4997535533758899,2.7872978791160947
6,204,1.0,72.20302716741105,-0.1360722683436652,4.14340970420265,-4.279481972546315,-4.279481972546315,0.0,-0.051256193447018816,-1.4941688400144801,0.9935536633037799,2.7853131325318348,0.37577569635628416,0.4997402523080463,2.7842712563308467
6,205,1.0,76.00036675461713,-0.1848824249287606,4.145855741064572,-4.330738165993334,-4.330738165993333,8.881784197001252e-16,-0.07526428989933542,-1.547249411024928,0.9917292857403508,2.783488754968406,0.3757947185049167,0.4997760681044598,2.7825894540427214
6,206,1.0,81.94124416788256,-0.26074931593751427,4.145253139955154,-4.406002455892669,-4.4060024558926685,8.881784197001252e-16,-0.04174353672915654,-1.6215825079080541,0.9926604787565602,2.7844199479846155,0.3765663725867137,0.4997072063811793,2.78324454468782
6,207,1.0,85.43415759126715,-0.30499326888223266,4.1427527237395925,-4.447745992621826,-4.447745992621825,8.881784197001252e-16,-0.044573168920297945,-1.6610189164770421,0.9949676069167289,2.786727076144784,0.3766862715205232,0.4996091974452265,2.7851531847621445
6,208,1.0,89.32837276420989,-0.3548510324784075,4.137468129063716,-4.492319161542124,-4.492319161542124,0.0,-0.008015942581655722,-1.7005505513672592,1.0000091409468097,2.7917686101748647,0.37695237024993017,0.4995204235222867,2.789825300984473
6,209,1.0,90.04730146722272,-0.3686869724156521,4.131648131708127,-4.50033510412378,-4.50033510412378,0.0,0.0032438965996730573,-1.7032448461572167,1.005330788738508,2.7970902579665626,0.37764912422929037,0.4993870020758007,2.794583131553773
6,210,1.0,89.75567059810845,-0.36261643764750595,4.1344747698766,-4.4970912075241065,-4.497091207524106,8.881784197001252e-16,0.12718312025668865,-1.7027601596766446,1.002571578619406,2.794331047847461,0.3777115379060656,0.49941542200886824,2.7919448418643147
6,211,1.0,79.03636691724986,-0.22369222003881956,4.1462158672286,-4.369908087267418,-4.36990808726742,1.7763568394002505e-15,0.07642960757030348,-1.5876579420800827,0.9904906759592812,2.782250145187336,0.37641132067512006,0.4994785236566755,2.780150472540116
6,212,1.0,73.22072283177575,-0.14408166051084811,4.149396819186267,-4.293478479697114,-4.293478479697114,0.0,-0.03863170563974361,-1.5154239338810458,0.9862950765880122,2.7780545458160675,0.37593120325352486,0.49940092693932997,2.775649884180732
6,213,1.0,76.10471229359972,-0.18453492679036015,4.147575258546498,-4.332110185336858,-4.332110185336858,0.0,-0.019116167174401788,-1.5518428850797843,0.9885078310290196,2.7802673002570746,0.37599832292012314,0.4994057831458753,2.7778780558287206
6,214,1.0,77.57353711815993,-0.2040384468147981,4.1471879056964625,-4.35122635251126,-4.351226352511261,8.881784197001252e-16,0.05916928542363209,-1.5705391719012833,0.9889277113819217,2.7806871806099767,0.37619543671624456,0.49937386808911893,2.77816620173256
6,215,1.0,73.11671990611265,-0.14197325305498348,4.150083814032644,-4.292057067087628,-4.292057067087628,0.0,-0.024101947661171685,-1.514717737832649,0.9855798600269239,2.7773393292549784,0.37586761423447523,0.4994076010519157,2.7749624762853173
6,216,1.0,74.90038380548268,-0.16903610540519748,4.147122909343601,-4.316159014748799,-4.3161590147487985,8.881784197001252e-16,0.024759300908076654,-1.5360157535531649,0.9883837919675793,2.7801432611956343,0.3762835257961151,0.4992902531497485,2.777284086988731
6,217,1.0,73.06867218677166,-0.1411924385072065,4.150207275333516,-4.291399713840723,-4.291399713840723,0.0,0.04278160981565371,-1.5142769128576905,0.9853633317549774,2.7771228009830318,0.3758219023519171,0.49939360518287695,2.7746904915757082
6,218,1.0,70.00860086664864,-0.09641638434431407,4.152201719680756,-4.248618104025069,-4.24861810402507,8.881784197001252e-16,-0.05365622309011009,-1.4737082312724727,0.9831504035245412,2.7749098727525965,0.3754893764419081,0.4995043525115781,2.7729260821254655
6,219,1.0,73.86760189181757,-0.1510974657545467,4.151176861360632,-4.302274327115179,-4.302274327115179,0.0,0.0005595940749341111,-1.5253046332865479,0.9852102246005762,2.7769696938286312,0.3757285427297764,0.49961170793506277,2.7754131847048282
6,220,1.0,73.82627758296687,-0.15249326247322495,4.149221470567021,-4.301714733040245,-4.301714733040246,8.881784197001252e-16,-0.01814899888228183,-1.522571473601585,0.9873837902106061,2.7791432594386607,0.3755478385621553,0.49968244447442894,2.7778676246165603
6,221,1.0,75.17838318025458,-0.17042415030000937,4.149439581622517,-4.319863731922527,-4.319863731922527,0.0,0.03632316844128258,-1.540831152040189,0.9872731106542831,2.779032579882338,0.3759253587380489,0.4996544114307504,2.7776458868895015
6,222,1.0,72.49666519419301,-0.13384879689726525,4.149691766583978,-4.283540563481244,-4.283540563481243,8.881784197001252e-16,-0.055834356345392244,-1.5052889503173363,0.9864921439358528,2.7782516131639077,0.37573057455271175,0.49962060522812823,2.7767322182892293
6,223,1.0,76.659605958971,-0.19077744630878027,4.148597473517857,-4.3393749198266365,-4.3393749198266365,0.0,-0.018525006755465867,-1.5593918457460525,0.9882236048525289,2.7799830740805835,0.37604101089247627,0.4996220810507248,2.778468329757595
6,224,1.0,78.09296114362945,-0.2096227868272273,4.1482771397548746,-4.357899926582102,-4.3578999265821015,8.881784197001252e-16,0.03977844486983084,-1.5774969586490373,0.9886434987050103,2.7804029679330653,0.37612216160500683,0.4996071733992631,2.7788264318603324
6,225,1.0,75.04751765969529,-0.1687083590041531,4.149413122708118,-4.3181214817122715,-4.3181214817122715,0.0,-0.04366697386407736,-1.5391280030980463,0.98723400938617,2.778993478614225,0.37570971098205436,0.4996585022274402,2.777622387763046
6,226,1.0,78.39721906176963,-0.21555666456694197,4.146231791009407,-4.361788455576349,-4.361788455576349,0.0,0.09548393833461422,-1.5798811596474607,0.990147826700833,2.7819072959288875,0.37638234735771303,0.49944947816919266,2.7796918858044637
6,227,1.0,71.25781641783966,-0.11738892942804953,4.1489155878136845,-4.266304517241735,-4.266304517241734,8.881784197001252e-16,0.057124235686229596,-1.4882230975034176,0.9863219505102618,2.7780814197383172,0.3758334028718643,0.4994312890347589,2.7758007111343628
6,228,1.0,67.3013490356152,-0.06060078190400915,4.148579499651495,-4.209180281555505,-4.209180281555504,8.881784197001252e-16,0.021501099866076068,-1.4315672158648411,0.9858535964626087,2.7776130656906637,0.3756301000249855,0.4994644246252499,2.7754673404824914
6,229,1.0,65.86974172666217,-0.03769863036248377,4.149980551326944,-4.187679181689429,-4.187679181689428,8.881784197001252e-16,-0.054438660067104294,-1.4117529984353034,0.9841667140260704,2.775926183254125,0.37522514535579543,0.49951658812406335,2.7739900082623166
6,230,1.0,69.55500245146598,-0.09228033190011715,4.149837509856416,-4.242117841756533,-4.242117841756533,0.0,-0.03822345782432812,-1.4650798224760353,0.9852785500524431,2.777038019280498,0.3751434342893661,0.4995404114335171,2.7751957821437796
6,231,1.0,72.26509984717826,-0.13303184214513472,4.1473094574357265,-4.280341299580861,-4.280341299580861,0.0,0.03822420978036423,-1.5001221994059994,0.9884596309468078,2.780219100174863,0.3742481318788138,0.49957050735838204,2.77849408922329
6,232,1.0,69.55495014918168,-0.09226231109933086,4.149854778701166,-4.242117089800497,-4.242117089800497,0.0,0.07466966866111058,-1.4654240065174413,0.9849336140550008,2.7766930832830554,0.37459745384110743,0.4994602634639412,2.7745308640767767
6,233,1.0,64.55047146502852,-0.017372573518205012,4.15007484762118,-4.167447421139387,-4.167447421139386,8.881784197001252e-16,0.03197420343046087,-1.392299749986602,0.9833882019247294,2.775147671152785,0.3744025094936907,0.4994608867488477,2.7729894184638
6,234,1.0,62.51916924949068,0.013013814576806441,4.148487032285733,-4.135473217708926,-4.135473217708926,0.0,-0.07623929819164488,-1.359544861378658,0.9841688871022125,2.7759283563302675,0.3738428267123112,0.49936491453521237,2.7733843290396574
6,235,1.0,67.47198778057674,-0.06560518465528303,4.146107331245287,-4.211712515900571,-4.21171251590057,8.881784197001252e-16,-0.0325043106352636,-1.4320590209771489,0.9878940256953666,2.7796534949234215,0.37343813504833817,0.49933600713585635,2.7769849782449056
6,236,1.0,69.70115067072217,-0.09641140027882436,4.14780542625701,-4.244216826535834,-4.244216826535834,0.0,0.034351326982855035,-1.465752990355561,0.9867043669522181,2.7784638361802725,0.3741596785322232,0.49937497265412145,2.7759559477372746
6,237,1.0,67.34748093462741,-0.06333761015327187,4.1465278893997075,-4.209865499552979,-4.209865499552979,0.0,0.012818988203099124,-1.4307045396929,0.9874014906320244,2.779160959860079,0.3733989087577679,0.49934709586932086,2.7765391562526474
6,238,1.0,66.48966428855,-0.05393588191762698,4.143110629432253,-4.19704651134988,-4.19704651134988,0.0,0.024541600409816233,-1.4147411239386372,0.9905459181831882,2.782305387411243,0.3722053047118281,0.4992958639952709,2.7794666067431577
6,239,1.0,64.87776175211171,-0.037813125943854345,4.1346917849962095,-4.172504910940064,-4.172504910940064,0.0,-0.009030889977773349,-1.382017629882304,0.998727811829705,2.7904872810577603,0.3689130046378557,0.4992667322646915,2.7874945714645443
6,240,1.0,65.46631927956173,-0.04059815571661349,4.140937645201223,-4.181535800917837,-4.181535800917836,8.881784197001252e-16,-0.038110730927259695,-1.3976023489972453,0.9921739826925368,2.7839334519205923,0.3719001855981152,0.4992066818201663,2.7807265916294193
6,241,1.0,68.00944086879832,-0.081074437908389,4.138572093936707,-4.219646531845097,-4.219646531845096,8.881784197001252e-16,0.010303206235766638,-1.4325628734594087,0.9953241891576322,2.787083658385687,0.37087657824224984,0.49925317166345096,2.7840530745085936
6,242,1.0,67.31232301498659,-0.06494764609404671,4.144395679515283,-4.20934332560933,-4.20934332560933,0.0,0.00015397084041079978,-1.4283424343700422,0.9892414220112332,2.781000891239288,0.3727547434974023,0.49929879243325703,2.7781802695648654
6,243,1.0,67.30195967788828,-0.0665735993537667,4.142615755415152,-4.209189354768919,-4.2091893547689185,8.881784197001252e-16,-0.03790472071240547,-1.426235436173358,0.9911944493675066,2.7829539185955614,0.3717797824467598,0.4993590779357137,2.780373469925012
6,244,1.0,69.90198702252674,-0.10764484716968258,4.139449228311642,-4.247094075481325,-4.247094075481325,0.0,0.04038330012451574,-1.4601090541092745,0.9952255521439954,2.7869850213720504,0.37087123008084144,0.49942867922370465,2.7846768894188156
6,245,1.0,67.13535298548851,-0.06428466827710393,4.142426107079704,-4.206710775356809,-4.206710775356807,1.7763568394002505e-15,0.01592602506351959,-1.4235766698878454,0.9913746362409078,2.7831341054689633,0.3718124138409639,0.49939511582135304,2.7807001865633265
6,246,1.0,66.07462269980624,-0.049856028752625625,4.140928721540663,-4.19078475029329,-4.190784750293289,8.881784197001252e-16,0.08479466631787691,-1.406375164106593,0.9926501169586407,2.7844095861866958,0.3713427447368141,0.49939198658924133,2.7819608405972485
6,247,1.0,60.702815690038236,0.03394676898530269,4.139936852960715,-4.105990083975413,-4.105990083975413,0.0,-0.06826449201286433,-1.3229207351693464,0.9913098795780112,2.7830693488060665,0.3719886622629707,0.4991336133830783,2.779574948801931
6,248,1.0,64.99137546824565,-0.030766039105527863,4.1434885368827485,-4.174254575988277,-4.174254575988276,8.881784197001252e-16,0.001539786534575427,-1.3939282601902334,0.9885668465699885,2.780326315798044,0.3747363975273155,0.49902108913761806,2.7763801145191347
6,249,1.0,64.89137962931629,-0.029400015869713705,4.143314773583988,-4.172714789453702,-4.172714789453702,0.0,-0.029724056154774914,-1.392146373965965,0.9888089462596819,2.780568415487737,0.3747576306971423,0.49906354795019164,2.7767955104468673
6,250,1.0,66.84916719193359,-0.057078500892843866,4.145360344715632,-4.2024388456084765,-4.2024388456084765,0.0,-0.015717310749674418,-1.423127209283952,0.9875521670964694,2.779311636324524,0.3757187663293461,0.499196899306541,2.776085638699788
6,251,1.0,67.90815675967116,-0.07121581280096068,4.1469403435571905,-4.218156156358151,-4.218156156358151,0.0,0.07383360040309572,-1.4401393574071564,0.9862573297229394,2.7780167989509947,0.37532159571809465,0.49922149006327654,2.77489274805296
6,252,1.0,63.074877724685464,0.0025372868516964006,4.146859842806752,-4.144322555955055,-4.144322555955055,0.0,0.07815540620395467,-1.367791108298446,0.9847719784285545,2.776531447656609,0.37581247986895067,0.4991765216825799,2.773229826853095
6,253,1.0,58.33295209682808,0.07435629404629714,4.140523443797398,-4.0661671497511005,-4.0661671497511005,0.0,0.0836269578597153,-1.2854970598965203,0.9889106206265253,2.78067008985458,0.3760331473870968,0.4989152388560636,2.776289695108416
6,254,1.0,53.653150571511766,0.15398352225262527,4.13652371414401,-3.982540191891385,-3.9825401918913848,4.440892098500626e-16,-0.029407425131404263,-1.2000973782586943,0.9906833444046353,2.78244281363269,0.37672933882226217,0.4987933125598636,2.7775377067972085
6,255,1.0,55.25438020714897,0.1295332813823258,4.141480898405115,-4.0119476170227895,-4.0119476170227895,0.0,0.013944863125805451,-1.2337055844454665,0.9864825633492691,2.778242032577324,0.37618131696347107,0.4988532046972339,2.7736085753741686
6,256,1.0,54.48921291408936,0.14142259162807383,4.1394253455250585,-3.998002753896984,-3.9980027538969845,4.440892098500626e-16,0.04899604047822237,-1.2181998597975934,0.9880434248713357,2.7798028940993906,0.3764739383343306,0.4987654984253838,2.774793562447048
6,257,1.0,51.883805743572,0.18607295649447061,4.135079669913233,-3.9490067134187616,-3.949006713418762,4.440892098500626e-16,0.008272646851796406,-1.1663716452800148,0.990875598910692,2.782635068138747,0.37656377827603876,0.49867502172911804,2.7772445067891067
6,258,1.0,51.456359833604594,0.19846270676859618,4.139196773335561,-3.9407340665669652,-3.940734066566965,4.440892098500626e-16,-0.015504249482882315,-1.1623614822882569,0.9866131150506536,2.7783725842787086,0.37622086455660814,0.4988128347681881,2.7735749838606494
6,259,1.0,52.26036874563367,0.1835357104053591,4.139774026455206,-3.9562383160498475,-3.956238316049847,4.440892098500626e-16,0.0219461450486369,-1.178039569731052,0.9864392770907404,2.7781987463187954,0.37623708791865507,0.4988448013935896,2.7735322869953625
6,260,1.0,51.12594871693275,0.2053730236029488,4.139665194604159,-3.9342921710012106,-3.9342921710012106,0.0,0.014157845680228043,-1.156596938486483,0.9859357632866729,2.7776952325147275,0.3758234655971354,0.49893468296726445,2.7733941201156793
6,261,1.0,50.4072152887033,0.2164473401739147,4.136581665494898,-3.9201343253209826,-3.920134325320983,4.440892098500626e-16,0.016288023423280062,-1.139673302523934,0.9887015535689935,2.7804610227970485,0.375499817621265,0.4989228681794416,2.776089962898895
6,262,1.0,49.59283173910774,0.23349504304484142,4.137341344942544,-3.9038463018977025,-3.9038463018977025,0.0,-0.021825782381609926,-1.124729089861626,0.9873577428080216,2.7791172120360765,0.37564352505035464,0.4988427581673908,2.7744252867278405
6,263,1.0,50.68713263879282,0.2119375881610212,4.137609672440334,-3.9256720842793125,-3.925672084279313,4.440892098500626e-16,-0.026735015875137602,-1.146031195846475,0.9878814192047827,2.7796408884328376,0.37547574016578544,0.4987795908290287,2.7746723167499154
6,264,1.0,52.060531045321355,0.18931361235101962,4.141720712505469,-3.95240710015445,-3.9524071001544496,4.440892098500626e-16,-0.05210695692784739,-1.1761634865721033,0.9844841443542919,2.7762436135823467,0.37546385150363976,0.4989125459907123,2.771857243235681
6,265,1.0,54.845166302303205,0.138802815441125,4.143316872523423,-4.0045140570822975,-4.0045140570822975,0.0,-0.05280871029805301,-1.2282848449440429,0.9844697429102006,2.7762292121382557,0.3746426672398351,0.49896389318592815,2.7720507975682622
6,266,1.0,57.819307944543816,0.08705932503696948,4.144382092417319,-4.0573227673803505,-4.05732276738035,8.881784197001252e-16,0.01856401625606452,-1.2807958636871513,0.9847674344651433,2.7765269036931977,0.374332869652463,0.4989864736575223,2.772439028049091
6,267,1.0,56.75585092938232,0.10459052136782851,4.143349272492114,-4.038758751124286,-4.038758751124285,8.881784197001252e-16,-0.024696804651022752,-1.2615035514186446,0.9854957304775865,2.777255199705641,0.37401159432145153,0.4990464394271242,2.7734080172849858
6,268,1.0,58.174991075196715,0.07633426261316162,4.13978981838847,-4.063455555775309,-4.063455555775309,0.0,0.005131460905501761,-1.2822687400872477,0.9894273464600057,2.7811868156880606,0.37415695827542256,0.4988987015081825,2.7766979741348954
6,269,1.0,57.87723300314688,0.08342020698493256,4.1417443018547395,-4.058324094869807,-4.058324094869807,0.0,-0.08630279702022925,-1.2792812417274535,0.9872833839142986,2.7790428531423537,0.37469154160846807,0.49895271397389324,2.774799232060525
6,270,1.0,63.09407659787692,-0.0011993472528526936,4.143427544637182,-4.144626891890036,-4.144626891890035,8.881784197001252e-16,0.0926038008525838,-1.3652906306595576,0.9875767920024235,2.7793362612304784,0.37427909982641633,0.49902590001189395,2.7754020406456488
6,271,1.0,57.51369486656867,0.0908824727152051,4.142905563752658,-4.052023091037452,-4.052023091037452,0.0,-0.048685915554432135,-1.274514274129646,0.9857493476797515,2.7775088169078064,0.37514434326745927,0.498995049416281,2.7734546906440447
6,272,1.0,60.38308442884971,0.04489213936167312,4.145601145953557,-4.1007090065918845,-4.100709006591884,8.881784197001252e-16,-0.0297275597749298,-1.3246772626787295,0.984272274685099,2.7760317439131543,0.3746126190567402,0.4990703528501846,2.7722945976674205
6,273,1.0,62.20507365078601,0.017825350212418253,4.148261916579234,-4.130436566366814,-4.130436566366815,8.881784197001252e-16,0.05135806750675531,-1.3562874522732578,0.9823896448655013,2.774149114093556,0.3748902814549331,0.49918569801306534,2.770889445781894
6,274,1.0,59.09099233639367,0.06546830263847306,4.144546801498532,-4.079078498860059,-4.079078498860058,8.881784197001252e-16,-0.00284860679263943,-1.3023666653307104,0.9849523643012938,2.776711833529349,0.37432061636635605,0.4991935130730593,2.7734745391487388
6,275,1.0,59.25955931507997,0.061520302641725616,4.143447408294424,-4.0819271056526985,-4.0819271056526985,0.0,0.026973583401250778,-1.3040894387122757,0.9860781977123679,2.777837666940423,0.3737062090710447,0.49913177550990667,2.7743440979538914
6,276,1.0,57.68248198196635,0.08546550269350976,4.140419024944957,-4.054953522251448,-4.054953522251447,8.881784197001252e-16,0.01013812951406301,-1.2750454528013566,0.9881486002220363,2.7799080694500913,0.3731423893884977,0.4989127888094366,2.775498547919939
6,277,1.0,57.10064386753665,0.09137723609955295,4.1361926288369375,-4.044815392737385,-4.044815392737385,0.0,0.05291491631750134,-1.2611683204328241,0.9918876030765066,2.783647072304561,0.3731929834373081,0.4987443847554342,2.7784944651081838
6,278,1.0,54.15771708582244,0.13509718668203435,4.126997663101918,-3.9919004764198833,-3.9919004764198833,0.0,0.0926647260446174,-1.2004315652275055,0.9997094419643228,2.791468911192378,0.3732036670880402,0.49845972966699154,2.784990946557972
6,279,1.0,49.364707726094856,0.22762122311640548,4.126856973491671,-3.899235750375266,-3.899235750375266,0.0,-0.02034620411478194,-1.1107494692047857,0.9967268119424252,2.78848628117048,0.374619578725549,0.4983689240371698,2.7816956341630443
6,280,1.0,50.37937950185527,0.20711360213585733,4.126695556625904,-3.919581954490048,-3.919581954490047,8.881784197001252e-16,-0.03664374619962807,-1.1305328795743956,0.9972896056875973,2.7890490749156527,0.37521924599436596,0.49828482223053805,2.7819008854008707
6,281,1.0,52.259709466417775,0.17056219183365023,4.126787892523327,-3.956225700689676,-3.9562257006896764,4.440892098500626e-16,0.04864879195203686,-1.166390264996781,0.9980759664648398,2.789835435692895,0.3753043571447553,0.4982492837435908,2.782530853165262
6,282,1.0,49.77818862827054,0.2231920362516148,4.130768944989254,-3.907576908737639,-3.907576908737639,0.0,0.02589442520888774,-1.1235299370375367,0.9922875024720472,2.784046971700102,0.37611300168668327,0.4983372012617679,2.777210656409064
6,283,1.0,48.50575659249323,0.2504986711272179,4.132181154655969,-3.8816824835287513,-3.881682483528751,4.440892098500626e-16,0.0049787386524178245,-1.1002291835406601,0.9896938307600358,2.7814532999880908,0.3765030110540111,0.49839092203435237,2.7748790746304377
6,284,1.0,48.26485928725393,0.25654473476636086,4.133248479642694,-3.8767037448763335,-3.8767037448763326,8.881784197001252e-16,0.0028973279994573,-1.0966586323447052,0.988285643303573,2.7800451125316283,0.3765715237947153,0.49845965719068075,2.773788099534221
6,285,1.0,48.12522254345671,0.25952977611225675,4.133336192989133,-3.873806416876876,-3.873806416876876,0.0,0.02645789209555449,-1.0940318544801508,0.9880150931686705,2.779774562396725,0.37652024633267417,0.498518442358149,2.773771557002757
6,286,1.0,46.868627331226044,0.28126700410682026,4.128615528888142,-3.8473485247813217,-3.8473485247813217,0.0,0.00971187386768424,-1.0639262902212818,0.9916627653319853,2.78342223456004,0.3771900752339247,0.4983010906918373,2.776471677476278
6,287,1.0,46.415648332113705,0.2917300252682078,4.129366676181844,-3.8376366509136375,-3.837636650913636,1.3322676295501878e-15,0.04596111019655824,-1.0555378867925858,0.9903392948929968,2.7820987641210517,0.3769362725462202,0.4984918073777487,2.7759739216281516
6,288,1.0,44.33061583486956,0.33287030021030417,4.124545840927383,-3.7916755407170792,-3.791675540717079,4.440892098500626e-16,-0.029974663903312493,-1.006531608574146,0.9933844629148781,2.785143932142933,0.3770181754819699,0.498342677864869,2.778371643389329
6,289,1.0,45.67952672442579,0.30409476261742796,4.12574496723782,-3.8216502046203917,-3.8216502046203917,0.0,0.009955851904345892,-1.0369060933063967,0.9929846420859395,2.7847441113139944,0.37651818032213946,0.49838999519878713,2.7781648895847866
6,290,1.0,45.22700448130413,0.30918537696755444,4.1208797296836,-3.811694352716046,-3.811694352716046,0.0,-0.039160697238614706,-1.0224261079486934,0.9975087755392972,2.7892682447673516,0.3762402707228987,0.4982434459403426,2.7820058766896545
6,291,1.0,47.03326183162123,0.26673421283173737,4.117589262786398,-3.8508550499546605,-3.85085504995466,4.440892098500626e-16,0.040183098728546085,-1.0567767084620663,1.0023188722645393,2.7940783414925945,0.37512676804914247,0.4982199570341563,2.7866167402515813
6,292,1.0,45.180787954486114,0.30636624195832574,4.117038193184439,-3.8106719512261145,-3.810671951226113,1.3322676295501878e-15,-0.016479391866480064,-1.0179412670762418,1.000971214921818,2.792730684149873,0.37594988581014327,0.4982447359305629,2.78542497437809
6,293,1.0,45.93150858436662,0.29185909415176714,4.119010437244361,-3.8271513430925945,-3.827151343092594,4.440892098500626e-16,-0.01561134920799434,-1.035908769731362,0.9994831041331774,2.7912425733612323,0.37618557446486095,0.4981934765096508,2.78372677568661
6,294,1.0,46.65418772554035,0.27705523907458096,4.11981793137517,-3.842762692300589,-3.8427626923005893,4.440892098500626e-16,-0.06414326439332463,-1.052018972018492,0.9989842510540413,2.790743720282096,0.3764913541259447,0.49816565473202096,2.783113103365082
6,295,1.0,49.74480105286094,0.21790921360556265,4.124815170299476,-3.9069059566939135,-3.906905956693913,4.440892098500626e-16,-0.011831017981863479,-1.1194785309470225,0.9956679565188362,2.787427425746891,0.37675796985782656,0.4981294440345558,2.7796923627365118
6,296,1.0,50.336827923264984,0.20894771221794184,4.127684686893719,-3.918736974675777,-3.9187369746757774,4.440892098500626e-16,-0.02542437188380564,-1.1343551815868105,0.9926223238609116,2.7843817930889667,0.3773265955948944,0.49807760074757557,2.77648512530248
6,297,1.0,51.63301774128924,0.18735260161572612,4.131513948175309,-3.9441613465595826,-3.9441613465595826,0.0,0.016887869003812117,-1.162989397127438,0.9894124802040896,2.7811719494321445,0.3768843568654217,0.49820676169985595,2.7738634264582847
6,298,1.0,50.768367699483164,0.20310879993347042,4.130382277489241,-3.9272734775557705,-3.927273477555771,4.440892098500626e-16,0.03485342586267004,-1.1455326659782397,0.9899813423494758,2.78174081157753,0.3768650453315345,0.4981901282299424,2.7743604522211047
6,299,1.0,49.029396740060115,0.23654595971052222,4.128966011403622,-3.8924200516931005,-3.8924200516931,4.440892098500626e-16,0.005087179132882369,-1.110713365755229,0.9899472167098159,2.781706685937871,0.37706357681326447,0.4980966727361465,2.7739283111476154
6,300,1.0,48.78060876709844,0.24298142492155436,4.130314297481773,-3.887332872560218,-3.8873328725602185,4.440892098500626e-16,-0.039825937821996504,-1.1073034155677786,0.9882699877643845,2.7800294569924393,0.37682910008132614,0.49816289791876356,2.7725487877061785
6,301,1.0,50.762546568005746,0.20266443224336536,4.129823242625579,-3.9271588103822146,-3.9271588103822137,8.881784197001252e-16,-0.04407352727669078,-1.1452497655392118,0.9901495756149474,2.7819090448430024,0.37697036634703224,0.4980776972992372,2.7740432917305466
6,302,1.0,53.04986592154178,0.16225745000119204,4.133489787660098,-3.9712323376589054,-3.971232337658906,4.440892098500626e-16,0.006313031439413752,-1.1917133499243642,0.9877595185064862,2.7795189877345408,0.37668387656147445,0.49822106069906047,2.7722905412126106
6,303,1.0,52.71601536343989,0.16994496423440852,4.1348642704539005,-3.9649193062194916,-3.964919306219492,4.440892098500626e-16,-0.042195887470537485,-1.1871247561075722,0.9860350808838643,2.7777945501119192,0.37648737660255405,0.49830350512809635,2.770924838819477
6,304,1.0,54.98801177187936,0.13167956351027293,4.138794757200302,-4.007115193690029,-4.007115193690029,0.0,0.0314598446726726,-1.2320256052972338,0.9833301191647404,2.7750895883927953,0.37602587721465214,0.4984971142143156,2.7690440291741454
6,305,1.0,53.28502575501456,0.16035712792464904,4.136012476942006,-3.9756553490173565,-3.975655349017357,4.440892098500626e-16,-0.07642865301810753,-1.198867575277532,0.9850283045117698,2.7767877737398248,0.37627505713323506,0.49841707745774366,2.7704002190340824
6,306,1.0,57.517198189816696,0.08952334844340049,4.141607350478864,-4.052084002035464,-4.052084002035464,0.0,0.002171942062664911,-1.2783742137001186,0.9819503191072902,2.7737097883353456,0.37571396292801673,0.4986761637032057,2.7684076690944774
6,307,1.0,57.39240973344599,0.0915568730408547,4.141468933013654,-4.049912059972799,-4.049912059972799,0.0,-0.005431245765532999,-1.276391079260781,0.9817615114839632,2.773520980712018,0.37542911238786175,0.4986635539519766,2.768166181299165
6,308,1.0,57.70497004337825,0.0828474580504154,4.138190763788748,-4.055343305738332,-4.055343305738332,0.0,-0.02690703492608204,-1.2784616580578583,0.9851221784524196,2.7768816476804745,0.3754799291028321,0.49856981200604267,2.7711211055799025
6,309,1.0,59.27871717550826,0.05940434451354706,4.141654685177961,-4.082250340664414,-4.082250340664414,0.0,-0.01695331777815845,-1.3081306252147524,0.9823602462216069,2.7741197154496615,0.3754856769138489,0.49869230613017473,2.7688795208057724
6,310,1.0,60.292255246378005,0.042372853361936566,4.141576511804509,-4.099203658442573,-4.099203658442572,8.881784197001252e-16,-0.0007842842277039352,-1.3243637394334948,0.9830804497810227,2.7748399190090782,0.3748566188373505,0.49876414765723326,2.7698873090782175
6,311,1.0,60.3395600590049,0.04128774440333269,4.141275687073609,-4.0999879426702766,-4.0999879426702766,0.0,-0.036695008634784365,-1.3251020226826276,0.9831264507595939,2.7748859199876494,0.3749183168965343,0.4986701712663737,2.7695557323161544
6,312,1.0,62.59484655439417,0.00454308140797019,4.141226032713032,-4.136682951305061,-4.136682951305062,8.881784197001252e-16,-0.02925251303277765,-1.3608255735684749,0.9840979085085312,2.775857377736586,0.3750677505743531,0.4986303732102859,2.770367636266636
6,313,1.0,64.4529476851034,-0.0220561197006241,4.143879344637215,-4.165935464337839,-4.165935464337839,0.0,0.018967585010728705,-1.3918673240076247,0.982308671102159,2.7740681403302134,0.3756075131738874,0.4987581730506407,2.7691005765855246
6,314,1.0,63.24195205831135,-0.0029046512833329763,4.144063228043777,-4.14696787932711,-4.14696787932711,0.0,0.019306141770111473,-1.3735304128937542,0.9816779972053006,2.7734374664333554,0.37537652834512,0.4987947631391318,2.7686180961495435
6,315,1.0,62.032704478374725,0.016060466854668727,4.143722204411667,-4.127661737556998,-4.1276617375569975,8.881784197001252e-16,0.016167184382761768,-1.3545227210751116,0.981379547253832,2.773139016481887,0.37516027368520904,0.49879792080039204,2.768333145130711
6,316,1.0,61.03787378176038,0.031934076356030794,4.143428629530267,-4.111494553174237,-4.111494553174237,0.0,-0.029590480781566342,-1.338653287422557,0.9810817965236236,2.7728412657516786,0.3753517741637717,0.4987238268065893,2.767738845941579
6,317,1.0,62.87100162520827,0.0035307157363545505,4.144615749692157,-4.141085033955803,-4.141085033955803,0.0,0.014872005941403366,-1.3683665691979456,0.9809589955298025,2.7727184647578578,0.3754714619325117,0.4989176641303124,2.7683919046204486
6,318,1.0,61.942902171879,0.017623485244583056,4.143836513258982,-4.1262130280144,-4.1262130280144,0.0,-0.005193660439950065,-1.353416905204354,0.9810366535819904,2.772796122810045,0.37545551642375324,0.4987785041656359,2.7679129030330887
6,319,1.0,62.26544944790341,0.01067468125218577,4.142081369706535,-4.13140668845435,-4.131406688454349,8.881784197001252e-16,0.019624748692120164,-1.3569823570395083,0.9826648621867865,2.7744243314148416,0.37574860875197746,0.4986111178960189,2.7688606934984645
6,320,1.0,61.05541776887746,0.030269683763945655,4.142051623526176,-4.1117819397622295,-4.11178193976223,8.881784197001252e-16,-0.03251850542162327,-1.3379790278572496,0.9820434426769257,2.7738029119049803,0.37575919174582023,0.4986149884172619,2.7682567439830024
6,321,1.0,63.07348310591357,-0.0013704326703236486,4.1429300125135295,-4.144300445183853,-4.144300445183853,0.0,0.026390475663898627,-1.3705269392787078,0.9820140366770899,2.773773505905145,0.37572311308515915,0.4986378626655472,2.768320587415257
6,322,1.0,61.430715930531,0.021453917120735994,4.139363886640689,-4.117909969519954,-4.117909969519953,8.881784197001252e-16,-0.004030317570979491,-1.3415639958610521,0.9845865044308472,2.776345973658902,0.3761628221093962,0.4984185804119967,2.769981330927193
6,323,1.0,61.678800818973215,0.02116149359782018,4.143101780688754,-4.121940287090934,-4.121940287090934,0.0,-0.0025269430126293457,-1.3491897299037838,0.9809910879590958,2.7727505571871505,0.3756542869290236,0.49867004993016817,2.76743231003009
6,324,1.0,61.83485672287754,0.01658421106054439,4.141051441164107,-4.124467230103563,-4.124467230103563,0.0,0.05344390341826788,-1.3498276666194122,0.982880094256096,2.774639563484151,0.3754565118611682,0.49859151324174666,2.768996957837618
6,325,1.0,58.61691616513623,0.07009376479182394,4.141117091477119,-4.071023326685295,-4.071023326685295,0.0,0.024091577399620867,-1.2981452483447153,0.9811186091125248,2.7728780783405793,0.37575596509847825,0.4985354715431001,2.767012625480344
6,326,1.0,57.22161715524911,0.09356294403008843,4.1404946933157625,-4.046931749285674,-4.046931749285674,0.0,0.01676994767869644,-1.2743175717995416,0.9808547082580775,2.772614177486132,0.3751438703686878,0.4986873038916034,2.767365419053041
6,327,1.0,56.27001508946596,0.11029228894495803,4.140454090551936,-4.030161801606978,-4.030161801606978,0.0,-0.06265452406684258,-1.258169340740958,0.980232991637965,2.77199246086602,0.37560316895677925,0.49861118022739775,2.7664361410024596
6,328,1.0,59.90837583663314,0.04981533130858966,4.1426316569824095,-4.09281632567382,-4.0928163256738195,8.881784197001252e-16,-0.014539977882264132,-1.3210652553335418,0.9799916011122228,2.771751070340278,0.37540585644004865,0.49878744606702696,2.7669064749893715
6,329,1.0,60.785805743845344,0.035387348466730785,4.142743652022815,-4.1073563035560845,-4.107356303556084,8.881784197001252e-16,-0.033499936107598494,-1.3354171498563365,0.9801796844716932,2.7719391536997477,0.37530863903335776,0.4988328472461663,2.7672751608541972
6,330,1.0,62.856618744319846,0.002157644588957855,4.143013884252641,-4.140856239663683,-4.140856239663683,0.0,0.002596176505867298,-1.3682267051954435,0.9808700652401846,2.7726295344682392,0.3753760397816497,0.49886934684680995,2.768109960139744
6,331,1.0,62.69364351526748,0.004707227488496016,4.142967290646311,-4.138260063157816,-4.138260063157815,8.881784197001252e-16,-0.0678211746995343,-1.3657303636323201,0.9807702302974407,2.7725296995254958,0.37549882565747517,0.49891410651158363,2.768186515254795
6,332,1.0,67.09310206390991,-0.06377511781611488,4.142306120041235,-4.20608123785735,-4.20608123785735,0.0,0.05230570701942572,-1.4307977159046865,0.9835240527246087,2.7752835219526637,0.37577228154497605,0.49905151883317744,2.7714804554546206
6,333,1.0,63.673950006150015,-0.01193088163845095,4.141844649199473,-4.153775530837924,-4.153775530837923,8.881784197001252e-16,-0.06893588477504853,-1.3798792537465845,0.9821368078632849,2.7738962770913402,0.37534686107594023,0.4989399997027569,2.7696529909105934
6,334,1.0,68.21820165052873,-0.08204776536506816,4.140663650247905,-4.222711415612973,-4.222711415612974,8.881784197001252e-16,0.03681085827181363,-1.445457309828228,0.98549463655669,2.777254105784745,0.37528033459049676,0.4990851154622769,2.7735795210237018
6,335,1.0,65.75268832808351,-0.044604300644845885,4.141296256696314,-4.185900557341159,-4.185900557341159,0.0,0.01756895684726345,-1.4106065143671251,0.9835345737459793,2.7752940429740343,0.3754781414822387,0.49901854812744845,2.7713571560640298
6,336,1.0,64.60757089857198,-0.02699807864739058,4.141333521846505,-4.168331600493896,-4.168331600493896,0.0,0.036764927991789875,-1.3938252603196453,0.9827468709461954,2.7745063401742507,0.37556074757404984,0.4989382270279627,2.7702531991362522
6,337,1.0,62.27541172342274,0.007543353119823189,4.139110025621928,-4.131566672502106,-4.131566672502105,8.881784197001252e-16,0.01564987825605435,-1.3562260445679237,0.9835811587061262,2.775340627934181,0.37483906784898613,0.4989478508706168,2.7711213474977083
6,338,1.0,61.30839568981541,0.02308360168456946,4.139000395930621,-4.1159167942460515,-4.1159167942460515,0.0,0.017807407683256393,-1.341171952418348,0.9829853725996484,2.774744841827703,0.3745199862356744,0.49881736999008064,2.7700119420500386
6,339,1.0,60.2263152116363,0.039842363073340305,4.1379517496361355,-4.098109386562795,-4.098109386562795,0.0,0.01734359398018892,-1.3230620031543088,0.9832879141804316,2.7750473834084866,0.3748875752764621,0.4987868630723824,2.7701923708215355
6,340,1.0,59.19078035899967,0.05506856107774637,4.135834353660353,-4.080765792582606,-4.080765792582606,0.0,-0.0023843896393280772,-1.3041568161770123,0.9848495071775392,2.776608976405594,0.37475320816292435,0.49884673858435225,2.771985370774084
6,341,1.0,59.33208263532761,0.05098838505816396,4.1341385672800985,-4.083150182221934,-4.083150182221934,0.0,0.005680397094091738,-1.3048163681687508,0.9865743448251294,2.7783338140531844,0.3750040059334424,0.4987956279208434,2.7735038479844376
6,342,1.0,58.99600826714469,0.059678348694384487,4.137148133822227,-4.0774697851278425,-4.0774697851278425,0.0,0.05025988037656326,-1.3026388858851232,0.9830714300146642,2.774830899242719,0.3757773395805386,0.4987992764208236,2.7700201943146148
6,343,1.0,56.10415672767816,0.10738179926541533,4.134591704016695,-4.027209904751279,-4.02720990475128,8.881784197001252e-16,-0.07976430597177053,-1.25177791195362,0.9836725235696043,2.775431992797659,0.37579002143756446,0.49871854635289553,2.7702968632231997
6,344,1.0,60.76258435976511,0.03152201729341198,4.1384962280164626,-4.10697421072305,-4.106974210723051,8.881784197001252e-16,0.09799630837063678,-1.3328049461989948,0.9824097952959999,2.7741692645240548,0.37542116890337235,0.49885853119401347,2.769593460147517
6,345,1.0,55.09053387249327,0.12474165621845426,4.133719558570867,-4.008977902352413,-4.008977902352413,0.0,0.029950796859438356,-1.2336743697657873,0.9835440633585707,2.7753035325866264,0.3752522468156657,0.4986627567483777,2.76994631438728
6,346,1.0,53.464993118218466,0.15230857585515972,4.131335681348134,-3.9790271054929747,-3.9790271054929747,0.0,-0.030166021241008423,-1.2024655261147421,0.9848021101501772,2.776561579378232,0.3749122206495198,0.4985353538287501,2.770687325047358
6,347,1.0,55.10239197460694,0.12464291140479472,4.133836038138778,-4.009193126733983,-4.009193126733983,0.0,-0.039139071910963,-1.2343367803000214,0.9830968772059077,2.7748563464339626,0.3752613954020501,0.49852781774383964,2.768957482925748
6,348,1.0,57.301809271723286,0.08556975268526318,4.133901951330209,-4.048332198644946,-4.048332198644946,0.0,0.09742273431894644,-1.2723690405275447,0.9842036888893464,2.775963158117401,0.37495027739174175,0.4983188888655424,2.769205707945927
6,349,1.0,51.98262168326771,0.17823730151851463,4.129146765844514,-3.9509094643259997,-3.9509094643259988,8.881784197001252e-16,0.020730473221018286,-1.1735858786595668,0.9855641164383778,2.777323585666433,0.37518211179738065,0.49817955860455637,2.76998266852706
6,350,1.0,50.91609038090855,0.1977978103462888,4.12797680145127,-3.9301789911049814,-3.9301789911049814,0.0,0.032541653015056404,-1.1527462970623932,0.9856732248145329,2.777432694042588,0.374848756751222,0.4982371942279305,2.7703393217914343
6,351,1.0,49.285865598702,0.22743876390950657,4.125076101999432,-3.897637338089925,-3.8976373380899254,4.440892098500626e-16,-0.013632624172405183,-1.118675618893868,0.9872022499680021,2.7789617191960567,0.3750771034230457,0.49820505161486034,2.771731271786869
6,352,1.0,49.96236201500151,0.21771048118400124,4.128980443446331,-3.91126996226233,-3.9112699622623293,8.881784197001252e-16,0.013824348881462445,-1.135940533712001,0.9835699593222739,2.7753294285503287,0.37592463640011237,0.4981284839554132,2.767808842017168
6,353,1.0,49.276417186235456,0.23001973691911107,4.127465350299978,-3.8974456133808677,-3.8974456133808673,4.440892098500626e-16,-0.020719448623350623,-1.1213110717442234,0.9843750724085893,2.7761345416366443,0.3762526859083397,0.4979584293013917,2.767904494136227
6,354,1.0,50.3080478841486,0.20873773164766285,4.126902793651881,-3.9181650620042183,-3.9181650620042188,4.440892098500626e-16,-0.043968394414280354,-1.1408440674627152,0.9855615253134484,2.7773209945415034,0.37668726857968915,0.49779243625121766,2.768378482359853
6,355,1.0,52.56936083612166,0.16847567948818445,4.130609135906683,-3.9621334564184987,-3.9621334564184987,0.0,0.004181032056878475,-1.187081394908128,0.9832925922823152,2.77505206151037,0.3762998285718844,0.49793755502272335,2.7667402849846767
6,356,1.0,52.35002549681586,0.17282293212413025,4.130775356485751,-3.95795242436162,-3.9579524243616206,4.440892098500626e-16,0.04488817857335947,-1.183488028557936,0.9827049265756296,2.774464395803685,0.3760135857502097,0.49800139329070775,2.7664257392663445
6,357,1.0,50.05208913195281,0.213476484184276,4.126540729972536,-3.9130642457882607,-3.9130642457882603,4.440892098500626e-16,0.030097805046085835,-1.1361374949024998,0.9851672816577057,2.7769267508857607,0.3762547834851879,0.4978208527217228,2.7681195129959426
6,358,1.0,48.5680759076685,0.24086936851990204,4.1238358092620775,-3.882966440742175,-3.8829664407421753,4.440892098500626e-16,0.004712180236637664,-1.1044579597114799,0.9867490118026403,2.778508481030695,0.3764895130488767,0.497734048718877,2.7693208561856917
6,359,1.0,48.33975275266019,0.2457815642698562,4.124035824775393,-3.8782542605055372,-3.878254260505537,4.440892098500626e-16,0.05919505146796489,-1.1002997497479188,0.9861950415295633,2.7779545107576187,0.3759300005958927,0.49786695598452796,2.769342245881147
6,360,1.0,45.561324469344775,0.3000636023077441,4.119122811345316,-3.8190592090375723,-3.8190592090375723,0.0,0.027158497383565017,-1.0382253763081748,0.9890743635013427,2.7808338327293978,0.3767956335687664,0.4977286718940414,2.7716130784993958
6,361,1.0,44.3405989250804,0.32411609579076883,4.116016807444777,-3.7919007116540073,-3.791900711654008,8.881784197001252e-16,0.04742348030862775,-1.0089771072653553,0.9911641351605976,2.7829236043886527,0.3774158406099516,0.4975447676133324,2.7728992755654005
6,362,1.0,42.28689517630063,0.36621393363896504,4.1106911649843445,-3.7444772313453796,-3.7444772313453796,0.0,-0.012328142606654158,-0.9583445937510678,0.994373168366257,2.7861326375943123,0.3778916078882062,0.49749285782282066,2.7758644275520563
6,363,1.0,42.81144074321471,0.35519231917913163,4.1119976931311655,-3.7568053739520337,-3.7568053739520337,0.0,-0.0021574680160911797,-0.9716185412849141,0.9934273634390646,2.78518683266712,0.3776000715074145,0.49761755552803894,2.7754645949665346
6,364,1.0,42.90390476556064,0.3528433747412497,4.111806216709375,-3.758962841968125,-3.758962841968126,8.881784197001252e-16,0.041567656489817306,-0.9733828618083548,0.9938205109317156,2.785579980159771,0.3776698220932268,0.49755040749584617,2.7755494319438054
6,365,1.0,41.15704788480501,0.38806866378163496,4.105463849259942,-3.7173951854783076,-3.7173951854783067,8.881784197001252e-16,-0.0009050276225326392,-0.9270640456473567,0.998571670602896,2.790331139830951,0.3778548320276919,0.4973765972539686,2.779497238321482
6,366,1.0,41.19431301044311,0.38671184070238057,4.10501205380322,-3.7183002131008402,-3.7183002131008394,8.881784197001252e-16,-0.0915161381622176,-0.9276078166588881,0.9989329272138973,2.7906923964419525,0.37793180730395154,0.49730095127280727,2.779524147558483
6,367,1.0,45.142147806593165,0.3038283902816147,4.113644741544673,-3.809816351263058,-3.809816351263058,0.0,-0.05642173736026468,-1.0242074301516508,0.993849451883352,2.7856089211114075,0.37664282968022184,0.49740963498823043,2.774945301295565
6,368,1.0,47.76236988797737,0.25412505219901005,4.120363140822333,-3.8662380886233225,-3.8662380886233225,0.0,-0.01890888977787375,-1.0856070668249502,0.9888715525703176,2.7806310217983725,0.37650804638382257,0.497557496478334,2.7706614057734953
6,369,1.0,48.674095974577455,0.23923766054991538,4.124384638951112,-3.8851469784011963,-3.8851469784011963,0.0,-0.04426547860603103,-1.108505715327468,0.9848817938456733,2.776641263073728,0.3762710524457539,0.49783374515346973,2.7678930554711614
6,370,1.0,50.877076416184664,0.19847351304335312,4.12788597005058,-3.9294124570072273,-3.9294124570072273,0.0,0.015850646717832984,-1.1546943281495743,0.9829586596295986,2.7747181288576535,0.3757781859630971,0.49798697689931365,2.766622434125695
6,371,1.0,50.07699947144886,0.21327960185465336,4.126841412144048,-3.9135618102893943,-3.913561810289395,8.881784197001252e-16,-0.11063151893723955,-1.1384088788205877,0.9833934622407515,2.7751529314688064,0.3760120343661993,0.49797173253103283,2.766993174064129
6,372,1.0,55.93516931145938,0.10899767467343949,4.133191003900073,-4.024193329226634,-4.024193329226634,0.0,0.05147583791450705,-1.2515458181050338,0.980888041893545,2.7726475111216,0.3757739295697056,0.49809551835680493,2.7650134304364378
6,373,1.0,53.128711658242636,0.1578979641673603,4.130615455479487,-3.972717491312127,-3.9727174913121264,4.440892098500626e-16,0.00018812410587321082,-1.199590258917415,0.981367763166657,2.773127232394712,0.3757161960793038,0.49807906951981495,2.7654246878974456
6,374,1.0,53.11871780693738,0.15809246474434793,4.130621831950601,-3.9725293672062536,-3.9725293672062536,0.0,-0.04615513987823494,-1.1993794395215611,0.9813904584566373,2.7731499276846923,0.3757099181786647,0.498096894295131,2.7655188112737346
6,375,1.0,55.62787959155113,0.11427835205588344,4.132962859140372,-4.0186845070844885,-4.0186845070844885,0.0,0.0308173670674603,-1.246169952403726,0.9807550854527077,2.772514554680763,0.37535037311863934,0.49825921611622914,2.7655474257178447
6,376,1.0,53.9397207158787,0.1438201848392533,4.131687324856282,-3.9878671400170282,-3.9878671400170287,4.440892098500626e-16,0.0028593519946364943,-1.2151070065302414,0.9810006642587319,2.7727601334867873,0.37542209645330693,0.49818929956528274,2.7655118838385917
6,377,1.0,53.78570836055967,0.14590675010580284,4.130914538128194,-3.9850077880223918,-3.9850077880223913,4.440892098500626e-16,0.04412326719688098,-1.2118978198481591,0.9813504989461773,2.773109968174232,0.37544910741443754,0.4982309710386456,2.766033272736891
6,378,1.0,51.46410224449555,0.18784917268862641,4.128733693514137,-3.9408845208255108,-3.9408845208255108,0.0,-0.014164227419278141,-1.1672326707256921,0.9818923808717637,2.773651850099819,0.37581158119315633,0.4979940732016142,2.7656038865911987
6,379,1.0,52.19823845491672,0.1745902745124967,4.129639022757286,-3.955048748244789,-3.9550487482447894,4.440892098500626e-16,-0.06018706769872706,-1.1820998366454645,0.9811894423712699,2.7729489115993253,0.3758733697332238,0.4979854409868578,2.7648764944162996
6,380,1.0,55.43636664033453,0.11712924575802147,4.132365061701537,-4.015235815943516,-4.015235815943516,0.0,0.019396066469759443,-1.2429549767107504,0.9805213700047105,2.7722808392327654,0.37536944509707004,0.49819051497178113,2.7650462483600147
6,381,1.0,54.37147987997679,0.13438554708271683,4.130225296556474,-3.9958397494737565,-3.995839749473757,4.440892098500626e-16,-0.012902756400852144,-1.2224748159091743,0.9816054643365278,2.773364933564583,0.375285043506446,0.4982257949268993,2.7662668017946968
6,382,1.0,55.0775672810642,0.12067152548299045,4.1294140313576,-4.008742505874609,-4.00874250587461,8.881784197001252e-16,-0.000858764280699198,-1.2344608602408276,0.9825221764057263,2.7742816456337813,0.37586420377207036,0.4983343829761546,2.7676179894436657
6,383,1.0,55.1248862435223,0.12221178744200845,4.131813057597316,-4.009601270155308,-4.009601270155308,0.0,-0.03181499758435535,-1.2375066485095445,0.9803351524177083,2.7720946216457634,0.3757750251793631,0.49827682374228327,2.7652074418116968
6,384,1.0,56.90688114000786,0.09208647085653182,4.133502738596194,-4.041416267739663,-4.041416267739662,8.881784197001252e-16,-0.015433378935680864,-1.2700392876735418,0.9796175108380657,2.7713769800661208,0.3756969336369914,0.49824839022601,2.7643778829576413
6,385,1.0,57.7919589030152,0.0775264072734966,4.134376053948841,-4.056849646675344,-4.056849646675344,0.0,-0.01495014742691314,-1.285907245340377,0.979182932106912,2.7709424013349673,0.37565984695230553,0.4982611036113444,2.7639975974583524
6,386,1.0,58.66244796531329,0.06282146391193029,4.134621258014187,-4.071799794102257,-4.071799794102256,8.881784197001252e-16,0.08478280970466923,-1.3006617660789626,0.9793785587952396,2.7711380280232945,0.3756304153665502,0.4983144229418482,2.7644043369616793
6,387,1.0,53.893883046537965,0.141217968632588,4.1282349530301765,-3.987016984397588,-3.9870169843975884,4.440892098500626e-16,0.01630341915733169,-1.2133269907703534,0.9819305243991799,2.773689993627235,0.37594599850568494,0.4982547693763661,2.7667066090774015
6,388,1.0,53.02235225157226,0.15393656245860604,4.124650127698863,-3.9707135652402563,-3.9707135652402568,4.440892098500626e-16,-0.04614491419344979,-1.1943346337395708,0.9846194622726304,2.7763789315006853,0.37631929835224903,0.4982840371545298,2.7695003331994017
6,389,1.0,55.526394230998996,0.10784954813556058,4.124708027569266,-4.016858479433706,-4.016858479433705,8.881784197001252e-16,-0.03148264287754721,-1.2389455330780486,0.9861534771276017,2.777912946355657,0.3764352872715329,0.4984605314308896,2.7717258892150145
6,390,1.0,57.30232061622956,0.07475172499135806,4.123092847302611,-4.048341122311253,-4.048341122311253,0.0,0.04515551835232845,-1.267942672783749,0.9886389802994492,2.7803984495275045,0.37664229402484106,0.4985506934493397,2.7745564196319257
6,391,1.0,54.77235544344142,0.11360276578519289,4.116788369744118,-4.003185603958925,-4.003185603958925,0.0,0.00026064519101431927,-1.2183189353388417,0.9931071993920281,2.784866668620083,0.3772769110919584,0.49849229202960954,2.7787740210348613
6,392,1.0,54.75808115273798,0.11384651352889728,4.116771472296808,-4.0029249587679105,-4.0029249587679105,0.0,-0.026215751019114997,-1.218122485292836,0.9930430042470203,2.784802473475075,0.3772741236253843,0.49848225965937926,2.7786696644583855
6,393,1.0,56.21258756172856,0.09600561660845809,4.125146326395484,-4.0291407097870255,-4.0291407097870255,0.0,-0.01648663735860101,-1.251824783840627,0.9855564567183436,2.7773159259463984,0.37622824332205546,0.49843507772353135,2.7710294928843506
6,394,1.0,57.14702581450329,0.07995211131220528,4.125579458457832,-4.0456273471456266,-4.0456273471456266,0.0,-0.02960265665503492,-1.268320038044581,0.9855478398729907,2.7773073091010456,0.3761331192903508,0.49835847729411714,2.7707207072490014
6,395,1.0,58.8640179793195,0.05239729003292,4.127627293833582,-4.0752300038006615,-4.0752300038006615,0.0,-0.06465295255587655,-1.299061864657194,0.9844086699154125,2.776168139143467,0.3759722805345016,0.4984225334282833,2.7698381407656325
6,396,1.0,62.79547120831744,-0.008430421747173303,4.131452534609364,-4.139882956356538,-4.139882956356537,8.881784197001252e-16,0.01834156604326065,-1.3652351346183862,0.982888352510097,2.7746478217381525,0.3754197057076423,0.4984346403258755,2.7683726186719095
6,397,1.0,61.65420225054783,0.010357018168685353,4.1318984084819625,-4.121541390313277,-4.121541390313277,0.0,-0.03155781848005024,-1.3483078741510248,0.9814740469341977,2.7732335161622523,0.37548563664142787,0.4983495578618115,2.7666259602492715
6,398,1.0,63.630900469410605,-0.021493190299122694,4.131606018494205,-4.153099208793328,-4.153099208793328,0.0,0.002957153157296055,-1.3784807989175378,0.9828589406477347,2.774618409875789,0.3756053574007891,0.49847520700834025,2.7685006269312606
6,399,1.0,63.443012095454854,-0.021290383242988625,4.1288516723930435,-4.150142055636032,-4.1501420556360324,8.881784197001252e-16,0.033207992283156074,-1.3731963501708326,0.9851862362371441,2.7769457054651987,0.3758461578559839,0.49858013928936024,2.771229225513231
6,400,1.0,61.370794559579814,0.009492081893283724,4.126426145246159,-4.1169340633528755,-4.116934063352875,8.881784197001252e-16,-0.03072706813941295,-1.3389434544691314,0.986231139655689,2.7779906088837443,0.37598259245688326,0.4985631310700846,2.7722023706068293
6,401,1.0,63.285809879014,-0.017278952086421898,4.130382179405867,-4.147661131492288,-4.147661131492289,8.881784197001252e-16,-0.03322578938022325,-1.3726798464497867,0.9832218158144467,2.7749812850425015,0.37590962323900157,0.4985026555481595,2.7689656526058273
6,402,1.0,65.42385327050324,-0.05277369103679819,4.128113229835713,-4.180886920872512,-4.180886920872512,0.0,0.0011827023233044187,-1.402522819902403,0.9866046317420537,2.7783641009701086,0.37600120466193104,0.4986075238463144,2.7727511722606804
6,403,1.0,65.3465220661524,-0.05040192975100318,4.129302288798204,-4.179704218549207,-4.179704218549207,0.0,0.047384147022125234,-1.4026114915329877,0.9853332577881648,2.77709272701622,0.3761142650944687,0.498607304717866,2.77147846340482
6,404,1.0,62.32234763641061,-0.0073990565115093915,4.124921015015573,-4.132320071527082,-4.132320071527083,8.881784197001252e-16,0.03390392087692007,-1.352624032589235,0.987936569709792,2.7796960389378476,0.375974236832121,0.4985775439786981,2.7739568407030237
6,405,1.0,60.24479331632224,0.026078369944068022,4.124494520594229,-4.098416150650162,-4.098416150650161,8.881784197001252e-16,-0.002883295531591834,-1.319823241192709,0.986833440229398,2.778592909457453,0.37588558638663144,0.49848824022274824,2.772501772480736
6,406,1.0,60.418747519869285,0.022186208588684406,4.1234856547704375,-4.101299446181754,-4.101299446181753,8.881784197001252e-16,0.06695244453446492,-1.3213767121594973,0.9881632647942018,2.7799227340222568,0.37604847193032037,0.4984805811648443,2.773800808588214
6,407,1.0,56.506009857070545,0.08984864201663814,4.124195643663928,-4.034347001647289,-4.03434700164729,8.881784197001252e-16,0.0012014349981841477,-1.2579699271624822,0.9846176052567515,2.7763770744848064,0.3757180591136944,0.4982744440246207,2.769451238774007
6,408,1.0,56.43816232458175,0.09354505528006153,4.126690621929166,-4.033145566649105,-4.033145566649105,0.0,-0.047091680752417986,-1.2593631907945346,0.9820229066265159,2.773782375854571,0.3759892237690406,0.49819996557624596,2.766572636681419
6,409,1.0,59.159503623588336,0.04513690034847105,4.125374147749994,-4.080237247401523,-4.080237247401524,8.881784197001252e-16,-0.03228859685163066,-1.3035807655128695,0.9848970126605981,2.776656481888653,0.37617662058355456,0.49838524778469045,2.7701632770296984
6,410,1.0,61.100854066388465,0.012083430357008776,4.124609274610162,-4.112525844253153,-4.1125258442531525,8.881784197001252e-16,0.015992702780235568,-1.3338713126463546,0.9868950623787436,2.778654531606799,0.3764673313628376,0.4985044677874005,2.772621971332761
6,411,1.0,60.131458556310804,0.027304750918708043,4.1238378923916255,-4.096533141472918,-4.096533141472918,0.0,-0.00027513859688976794,-1.3179041602156454,0.9868695120292176,2.778628981257272,0.37648536923502096,0.498424040035055,2.7722826930919413
6,412,1.0,60.14800531766889,0.027025173969326965,4.123833454039135,-4.096808280069808,-4.096808280069808,0.0,0.03254910179043069,-1.3181743059751512,0.9868745048666012,2.778633974094656,0.37649433462048454,0.49841504929809144,2.772251790634819
6,413,1.0,58.22176059720187,0.061732847489813815,4.125992025769191,-4.064259178279377,-4.064259178279378,8.881784197001252e-16,0.002263643770991308,-1.2890425044780827,0.9834572045732394,2.775216673801294,0.37620139347608017,0.49823308587268694,2.7681340961488434
6,414,1.0,58.090116325570584,0.06607555474061212,4.128071089248997,-4.061995534508386,-4.061995534508385,8.881784197001252e-16,-0.014192178103164643,-1.2891748543185517,0.981061210961779,2.772820680189834,0.37583263760029256,0.4981549699242797,2.7654383608860282
6,415,1.0,58.92041957182266,0.051538205290631856,4.127725917902183,-4.07618771261155,-4.076187712611551,8.881784197001252e-16,-0.04738498051293494,-1.3027307316961234,0.9816975116873726,2.773456980915428,0.3757797076878103,0.49821068768249416,2.7662907493477404
6,416,1.0,61.779567889582765,0.0056210561443482965,4.1291937492688335,-4.123572693124485,-4.123572693124485,0.0,-0.016005127959151544,-1.3499224750223806,0.9818907488740497,2.7736502181021048,0.37562384449497643,0.49828046118869973,2.766759438390895
6,417,1.0,62.77631301814177,-0.010039233983172996,4.129538587100464,-4.139577821083637,-4.139577821083638,8.881784197001252e-16,0.036052631712228944,-1.36586351883866,0.9819548330169218,2.773714302244977,0.37577670373074024,0.4982751492888582,2.7668038133334405
6,418,1.0,60.55337390198811,0.024309825872986857,4.127835015244394,-4.103525189371408,-4.103525189371408,0.0,0.0313803616193411,-1.3300012258621816,0.9817644942811704,2.7735239635092253,0.3758570164630615,0.4982412380859455,2.766472348854229
6,419,1.0,58.68269197607314,0.05423728417253635,4.1263821119246025,-4.072144827752067,-4.072144827752066,8.881784197001252e-16,-0.014783342877152883,-1.2983757838598524,0.9820095746641592,2.7737690438922145,0.3756499754284151,0.4981623984723713,2.76640632345613
6,420,1.0,59.556662518679175,0.039614052673949116,4.1265422233031686,-4.0869281706292195,-4.0869281706292195,0.0,0.03244628905920344,-1.312877810164627,0.9822908912365375,2.7740503604645927,0.3758115670754291,0.4982186565006101,2.7669061503997265
6,421,1.0,57.65528299143713,0.07208155175369899,4.126563433323716,-4.054481881570016,-4.054481881570017,8.881784197001252e-16,0.016782987976266206,-1.2819096154043372,0.980812796937624,2.7725722661656786,0.37590833169150184,0.49806302250156814,2.764821793860788
6,422,1.0,56.69572967898067,0.08855133386860216,4.126250227462352,-4.03769889359375,-4.03769889359375,0.0,0.03125362604256132,-1.2657443937184454,0.9801950306472498,2.7719544998753047,0.37580270911065006,0.49795807564744665,2.7637910379333803
6,423,1.0,54.95118620205369,0.11865899191935064,4.12510425947054,-4.006445267551189,-4.006445267551189,0.0,-0.03056505545233623,-1.2347203964272209,0.979965401895913,2.7717248711239684,0.3757930757449211,0.4977939628395785,2.7629115876386456
6,424,1.0,56.65670410440577,0.08871467004326344,4.125724993046788,-4.037010323003525,-4.037010323003525,0.0,0.048483931834848004,-1.2649162758696113,0.9803345779058587,2.7720940471339137,0.3754868338900324,0.4978465331884229,2.7634901239044503
6,425,1.0,53.97529226288359,0.13546742231342862,4.123993813482105,-3.988526391168677,-3.988526391168677,0.0,-0.04248477082539681,-1.217069173433245,0.9796977485073773,2.7714572177354326,0.37603456521064876,0.4976413462911224,2.762030806417465
6,426,1.0,56.317828913974026,0.09388948075654005,4.124900642750614,-4.031011161994074,-4.031011161994074,0.0,0.002208671601877654,-1.2592886296816619,0.9799630630843567,2.7717225323124115,0.3759531630853925,0.4978531061057779,2.763141280706671
6,427,1.0,56.19357858916442,0.09342097059544778,4.122223460987643,-4.028802490392196,-4.028802490392195,8.881784197001252e-16,0.030188666932590813,-1.254828563793931,0.9822144573702101,2.773973926598265,0.3761771107176167,0.4979720967768828,2.7658497385682406
6,428,1.0,54.522519788964644,0.12353395268103025,4.122147776140635,-3.998613823459605,-3.998613823459605,0.0,-0.04551872906036891,-1.2256720244263366,0.9811823298052135,2.7729417990332688,0.3761262410302047,0.4978166281647188,2.76420805572226
6,429,1.0,57.06166656061472,0.08053527682750705,4.124667829347482,-4.044132552519974,-4.044132552519975,8.881784197001252e-16,0.013963356511598413,-1.2720781879991014,0.9802948952928187,2.772054364520873,0.37592556529111987,0.49790357882969544,2.76367040877196
6,430,1.0,56.27043117408252,0.09448499377871393,4.124654189787089,-4.030169196008376,-4.030169196008375,8.881784197001252e-16,-0.06263658425320884,-1.258374182405808,0.9800355443745126,2.7717950136025675,0.37583803235479607,0.4978504237470142,2.763203237172178
6,431,1.0,59.90774408144464,0.03183540974770849,4.124641190009292,-4.0928057802615845,-4.092805780261584,8.881784197001252e-16,-0.015482487840833947,-1.3187690562581544,0.9822772547753752,2.7740367240034303,0.3757397762289046,0.4980360637291517,2.766168342442855
6,432,1.0,60.84248236591789,0.01779409198267229,4.126082360085091,-4.108288268102418,-4.108288268102418,0.0,0.03139507189921531,-1.3351579033874985,0.9813708954868648,2.7731303647149197,0.3757932326364583,0.4980406975359302,2.7652832972148063
6,433,1.0,58.96200162704804,0.049413781670478205,4.126306977873681,-4.076893196203203,-4.076893196203203,0.0,0.00041469646592595666,-1.3054493739560165,0.979684353019131,2.771443822247186,0.37568622643522886,0.4978231408980625,2.7627456457503947
6,434,1.0,58.9375553625895,0.05013196856572729,4.126610468303005,-4.076478499737277,-4.076478499737277,0.0,-0.015875158480024076,-1.3055434553889782,0.979175575120244,2.770935044348299,0.375662195680834,0.49774522851324443,2.761931464874134
6,435,1.0,59.88066459180054,0.03515830898104033,4.127511967198341,-4.092353658217301,-4.0923536582173,8.881784197001252e-16,0.08999128202054951,-1.3218183266405397,0.9787758623487065,2.7705353315767614,0.37586319960807113,0.49773340992860043,2.761487448878159
6,436,1.0,54.72728387446962,0.12063439991818883,4.12299677611494,-4.002362376196752,-4.002362376196751,8.881784197001252e-16,-0.0009578551129667545,-1.2304946954474558,0.980108211521241,2.7718676807492955,0.37571434298260825,0.4974188396496773,2.761542540282617
6,437,1.0,54.779729796935214,0.11840167289899692,4.121721904208716,-4.0033202313097185,-4.003320231309719,8.881784197001252e-16,-0.05055052270716143,-1.2301214404931775,0.9814393215884868,2.773198790816542,0.3754112567529471,0.4974214429241939,2.7628790250301343
6,438,1.0,57.62005902368212,0.06837801085950793,4.122248764876388,-4.05387075401688,-4.05387075401688,0.0,-0.02719268445669165,-1.2791330611739948,0.9829782236148302,2.7747376928428853,0.37529926680863823,0.4974791306638932,2.7646525815347758
6,439,1.0,59.20840087376333,0.041195660979148035,4.122259099452719,-4.081063438473572,-4.081063438473571,8.881784197001252e-16,-0.03258040076491486,-1.305558503663855,0.9837454655816614,2.775504934809716,0.37528481137858005,0.49771209308780945,2.766361084682172
6,440,1.0,61.169202714438015,0.009174446595636557,4.122818285834123,-4.113643839238486,-4.113643839238486,0.0,0.01551280159347801,-1.3377368563185759,0.9841475136918566,2.7759069829199117,0.37534516731633566,0.49768124821257986,2.7666383285320606
6,441,1.0,60.22761919065459,0.023131783584899646,4.121262821229909,-4.098131037645008,-4.098131037645009,8.881784197001252e-16,-0.001037805177839246,-1.3212141861572482,0.9851573822597052,2.7769168514877602,0.3751569686676346,0.497676314829903,2.7676258283065285
6,442,1.0,60.29015617068752,0.023118348180280676,4.122287191003128,-4.099168842822848,-4.099168842822848,0.0,-0.04424531248089636,-1.3233342069932743,0.9840751666015185,2.7758346358295736,0.37569693728744646,0.49758480752624545,2.7661776871453445
6,443,1.0,63.017606481234694,-0.01915145393696055,4.124262701366783,-4.143414155303744,-4.143414155303744,0.0,-0.06080459790118198,-1.3681310470746835,0.9835236390010058,2.7752831082290608,0.3752786795652203,0.49773191485423657,2.766218663585825
6,444,1.0,66.96825848674419,-0.07867951797961725,4.125539235225309,-4.204218753204926,-4.204218753204927,8.881784197001252e-16,-0.011910725770463593,-1.4281761527141426,0.9842831312627286,2.776042600490784,0.3757870673559948,0.4979690690085858,2.7679132787222245
6,445,1.0,67.7706682037949,-0.08983948755038576,4.126289991425004,-4.21612947897539,-4.21612947897539,0.0,-0.05525943151408619,-1.4409258589336515,0.9834441508136829,2.775203620041738,0.37616587249489014,0.49800649306171874,2.7672172564219575
6,446,1.0,71.62104178630915,-0.14637084078958154,4.125018069699893,-4.271388910489476,-4.271388910489474,1.7763568394002505e-15,0.025465211567436974,-1.4931249167360414,0.9865045245253787,2.7782639937534337,0.37670764299640225,0.4978731174139794,2.769741670673392
6,447,1.0,69.82022323201313,-0.12010037711903027,4.125823321803008,-4.245923698922039,-4.245923698922038,8.881784197001252e-16,-0.0188948678940708,-1.4696488209212741,0.9845154087727096,2.7762748780007644,0.37641804945629487,0.49805371416683036,2.7684670301845427
6,448,1.0,71.15200946661547,-0.1383452240104175,4.126473342805692,-4.26481856681611,-4.26481856681611,0.0,0.011499746280813739,-1.488577752704389,0.9844813448836657,2.7762408141117203,0.3764814987653321,0.4979568975130491,2.7680539291184565
6,449,1.0,70.33846614677265,-0.12744646150705172,4.125872359028245,-4.253318820535296,-4.253318820535297,8.881784197001252e-16,0.016669443861332844,-1.4768341522833508,0.9847251990238902,2.776484668251945,0.3765872233710887,0.4977833420507334,2.767612598055433
6,450,1.0,69.1756814463488,-0.11142615293937139,4.125223223734592,-4.236649376673963,-4.236649376673963,0.0,0.04773398297677112,-1.4604584526843636,0.9844314547615447,2.7761909239895997,0.37630277800503914,0.49766468937025704,2.7668485225791195
6,451,1.0,65.95122104481213,-0.06532715077558593,4.123588242921606,-4.188915393697192,-4.188915393697192,0.0,0.051694239637628314,-1.4128706870727183,0.9842852373964188,2.776044706624474,0.37571220348805273,0.4975273479835272,2.7661488393723084
6,452,1.0,62.62854434053463,-0.013602052591267552,4.123619101468296,-4.137221154059564,-4.137221154059564,0.0,-0.06430148237705158,-1.3632835625915334,0.9821781222399751,2.77393759146803,0.37575353890541785,0.4974339320491495,2.7636830167300257
6,453,1.0,66.7879474211613,-0.07647354631147837,4.1250490901251355,-4.201522636436615,-4.201522636436614,8.881784197001252e-16,-0.06433763472438603,-1.4267583579367689,0.9830048092717906,2.774764278499846,0.376183350009992,0.4975738644391681,2.765066652476053
6,454,1.0,71.22616744266152,-0.14108280413050292,4.124777467030498,-4.265860271161001,-4.265860271161,8.881784197001252e-16,-0.05306308415465111,-1.4886091218785025,0.9854916800544439,2.777251149282499,0.37640753185149434,0.49776290805527856,2.768295757013037
6,455,1.0,75.10772041738112,-0.1956607262458121,4.12326262906984,-4.318923355315652,-4.318923355315652,0.0,0.02021925156490223,-1.5383831190831196,0.9887807670044778,2.7805402362325324,0.37693899207795684,0.4977826335715118,2.77164885716491
6,456,1.0,73.60434827041402,-0.17438346209864708,4.124320641652103,-4.29870410375075,-4.29870410375075,0.0,0.00843004571644368,-1.5200560160726757,0.9868886184500196,2.7786480876780737,0.3767835087462219,0.4978060528748413,2.7698557238957933
6,457,1.0,72.98646828698611,-0.16524712856667811,4.1250269294676265,-4.290274058034306,-4.290274058034305,1.7763568394002505e-15,0.05349303051261067,-1.512870499475505,0.9856440893307464,2.777403558558801,0.37660106330018783,0.4980073902739443,2.7694034137403563
6,458,1.0,69.18478908295461,-0.11132724910163125,4.125453778420065,-4.236781027521696,-4.236781027521696,0.0,0.019430658250802146,-1.4620490743607606,0.9829724839328802,2.7747319531609347,0.37627722647687206,0.49794782854886127,2.766504391727544
6,459,1.0,67.85345928405414,-0.09280856327119613,4.124541805999698,-4.217350369270894,-4.2173503692708945,8.881784197001252e-16,-0.024505178607360456,-1.4429717884597741,0.9826191115830651,2.7743785808111205,0.3761934113013483,0.49791053863576984,2.766001003827045
6,460,1.0,69.53676099253536,-0.119973676182665,4.12188187169559,-4.241855547878254,-4.241855547878255,8.881784197001252e-16,0.030988724842503146,-1.4639329460881847,0.986163132562015,2.77792260179007,0.3758997274740833,0.4977137890629802,2.768758114615212
6,461,1.0,67.4149513229975,-0.08822347711144711,4.122643345924304,-4.210866823035751,-4.210866823035752,8.881784197001252e-16,-0.0063635201509884,-1.4351333172592498,0.983974036548446,2.775733505776501,0.3765175824150624,0.4974570031144545,2.7655582947919375
6,462,1.0,67.84531558777769,-0.0932853204427503,4.123945022743989,-4.217230343186739,-4.217230343186739,0.0,-0.005154175381612447,-1.4430098756589465,0.9824609982997377,2.7742204675277926,0.37628886085646185,0.49770293105291863,2.765028924610718
6,463,1.0,68.19590496657835,-0.0995582953326292,4.122826223235721,-4.222384518568352,-4.222384518568351,8.881784197001252e-16,-0.012787861264254019,-1.4469774684045966,0.9836475809357,2.7754070501637553,0.37652550425802217,0.4975016466719051,2.7654147274235004
6,464,1.0,69.07358460027393,-0.11228836325906473,4.122884016573542,-4.235172379832606,-4.235172379832607,8.881784197001252e-16,0.048024019889258085,-1.4598284691737733,0.9835844414307774,2.7753439106588327,0.3765672323945872,0.4975396668939623,2.765502019728047
6,465,1.0,65.8347859138185,-0.06439572887932968,4.122752631064017,-4.187148359943348,-4.187148359943347,8.881784197001252e-16,0.056879102740730936,-1.4134732438120017,0.9819156469032911,2.7736751161313458,0.37646944369248003,0.49735235887352075,2.763095683582718
6,466,1.0,62.19466704248939,-0.007961701816167954,4.122307555386449,-4.130269257202617,-4.130269257202617,0.0,-0.000391014885305907,-1.3587657476957344,0.9797440402788274,2.771503509506882,0.3761322979208709,0.49743180860102765,2.761248574464076
6,467,1.0,62.218990838262854,-0.010152566471724953,4.120507705616198,-4.130660272087923,-4.1306602720879235,8.881784197001252e-16,0.031796960466207835,-1.3576014082285788,0.981299394631289,2.773058863859344,0.3759043061134937,0.49736954780530657,2.7625386841452055
6,468,1.0,60.271738460592005,0.020662108278229743,4.1195254198999445,-4.098863311621715,-4.098863311621715,0.0,-0.024775012297204135,-1.3262962472679811,0.980807595125678,2.772567064353733,0.3763547799987699,0.4972433770201758,2.7615478986084017
6,469,1.0,61.783622664760735,-0.0029554455807467156,4.120682878338172,-4.123638323918919,-4.123638323918919,0.0,-0.00016367424733676472,-1.351696501460733,0.9801823532301309,2.7719418224581864,0.3759856642292183,0.4975174320945706,2.7620154217806547
6,470,1.0,61.793735880312,-0.0061167734446499755,4.1176852247216065,-4.123801998166256,-4.123801998166257,8.881784197001252e-16,-0.0038315837918050377,-1.3491127882054936,0.982929740732707,2.774689209960762,0.3760351565727851,0.4975240006545474,2.7647706916838266
6,471,1.0,62.03095793501399,-0.012486412841399563,4.1151471691166615,-4.127633581958061,-4.127633581958061,0.0,-0.015974671512757332,-1.350191940772671,0.9856821719573349,2.7774416411853893,0.3764258139747184,0.4974478796906607,2.7672060669360654
6,472,1.0,63.02983927028866,-0.028677919676276267,4.1149303337945415,-4.143608253470818,-4.143608253470818,0.0,0.015739975132823325,-1.3656015073410928,0.9862472769016701,2.7780067461297246,0.3766889236310443,0.4974079844967181,2.767612276457216
6,473,1.0,62.04551808482556,-0.01744868769850054,4.110419590639494,-4.127868278337995,-4.127868278337995,0.0,0.00040641430137622336,-1.3463254629407075,0.9897833461692324,2.781542815397287,0.37725629552775714,0.49740905387175854,2.771134751802063
6,474,1.0,62.0203070223548,-0.018664502836132593,4.1087973612004856,-4.1274618640366185,-4.1274618640366185,0.0,-0.03011537094194594,-1.3445173323689559,0.9911850624396076,2.782944531667662,0.37674065375044924,0.4973911108698387,2.7724492255646833
6,475,1.0,63.916480247544314,-0.04850370984105684,4.109073525137507,-4.1575772349785645,-4.1575772349785645,0.0,-0.010238237180252518,-1.373680354552622,0.9921374111978875,2.7838968804259423,0.37615545950793955,0.49758558809570613,2.7741818544398336
6,476,1.0,64.57423370444587,-0.05517540613326169,4.112640066025555,-4.167815472158817,-4.167815472158816,8.881784197001252e-16,0.004714979508425365,-1.3875643374546567,0.9884916654761042,2.780251134704159,0.3753473720414501,0.49763948058938956,2.7707642461370035
6,477,1.0,64.27048416490639,-0.046900564721276766,4.116199927929114,-4.163100492650392,-4.163100492650391,8.881784197001252e-16,-0.02864788146305397,-1.3871730143155576,0.9841680091067785,2.7759274783348338,0.37550481249719325,0.4975811142397166,2.76622549460866
6,478,1.0,66.1383244674887,-0.07739417582779588,4.11435419828565,-4.191748374113446,-4.191748374113446,0.0,0.027715727021815795,-1.4132459252346858,0.9867429796507056,2.77850244887876,0.3757147219650264,0.4978001288776969,2.7696425823747304
6,479,1.0,64.33042211353369,-0.04812513122733342,4.115907515864296,-4.16403264709163,-4.16403264709163,0.0,0.016553359565610215,-1.3879355461523657,0.9843376317112088,2.7760971009392637,0.37556882147389126,0.4974759446863433,2.765979247665166
6,480,1.0,63.274302782616765,-0.030499452503017915,4.116979835023001,-4.14747928752602,-4.147479287526019,8.881784197001252e-16,-0.01732053027495528,-1.3733164511924436,0.9824033671055208,2.7741628363335757,0.37508602620481696,0.49735364596191656,2.763575050828772
6,481,1.0,64.37979346480483,-0.04672123228053615,4.118078585520438,-4.164799817800975,-4.164799817800974,8.881784197001252e-16,0.030998404742715202,-1.3910255222483372,0.9820148263245825,2.773774295552638,0.3758673709931775,0.49731923757270197,2.763049871443903
6,482,1.0,62.41473673129185,-0.017875908076533248,4.115925504981725,-4.13380141305826,-4.133801413058258,1.7763568394002505e-15,-0.08273176159958062,-1.3589189723507495,0.9831229714794544,2.7748824407075094,0.37548035251036116,0.497304267452581,2.764086287225927
6,483,1.0,67.7980324529886,-0.09911101442401189,4.117422160233829,-4.21653317465784,-4.216533174657841,8.881784197001252e-16,0.03543346771415745,-1.4400240459417297,0.9847496594880555,2.77650912871611,0.3759512971755911,0.49735623021492675,2.7659198909373166
6,484,1.0,65.4377760364344,-0.06428421752479044,4.116815489418894,-4.181099706943683,-4.181099706943685,1.7763568394002505e-15,-0.013197669333036899,-1.405514115897842,0.9838261218177867,2.775585591045841,0.3752362025743792,0.49738173730093455,2.7651007050562004
6,485,1.0,66.30712624628345,-0.07706792635177151,4.117229449924949,-4.19429737627672,-4.194297376276721,8.881784197001252e-16,0.051522499488998896,-1.418992865858863,0.9835450411898025,2.7753045104178575,0.3754795011378099,0.49744422993701853,2.7650678567863896
6,486,1.0,62.97733355346035,-0.02582184175363242,4.116953035034088,-4.142774876787721,-4.142774876787721,0.0,0.06360304592730692,-1.3697288563189707,0.9812865512406953,2.7730460204687497,0.3755471743831623,0.4973277116290445,2.76235650782163
6,487,1.0,59.09650767428616,0.03358476645223754,4.112756597312652,-4.079171830860414,-4.079171830860414,0.0,0.017840952898688478,-1.3044695626382403,0.9829427989941184,2.7747022682221734,0.3752223616528223,0.4973047647575859,2.7639066385022897
6,488,1.0,58.05151917780297,0.052127812628151735,4.113458690589878,-4.061330877961725,-4.061330877961726,8.881784197001252e-16,-0.012417420546579905,-1.2884586959221298,0.9811127128115418,2.7728721820395967,0.375371165959932,0.49722431205663503,2.761774638094891
6,489,1.0,58.776863436968775,0.04060453604138066,4.1143528345496865,-4.073748298508305,-4.073748298508306,8.881784197001252e-16,-0.049182497308646766,-1.301718029526662,0.9802707997535886,2.7720302689816436,0.37590489306356434,0.4972819249539319,2.761158952913959
6,490,1.0,61.739924476155224,-0.00698778014747542,4.115943015669476,-4.122930795816952,-4.122930795816951,8.881784197001252e-16,-0.0013724032222057758,-1.350129936750618,0.9810413898382793,2.7728008590663342,0.37576025050705136,0.497383575618563,2.762327218470787
6,491,1.0,61.82471471733668,-0.007951410766013647,4.116351788273144,-4.124303199039158,-4.124303199039158,0.0,-0.049451677810266936,-1.3517630389135988,0.9807806908975033,2.7725401601255584,0.3757423781245411,0.49731028317039533,2.761780983845758
6,492,1.0,64.95890744668819,-0.05720560966340077,4.116549267186025,-4.173754876849425,-4.173754876849426,8.881784197001252e-16,-0.031221756074924834,-1.3994060536043547,0.9825893540170151,2.77434882324507,0.37570046388380063,0.49737368009988064,2.76383242605502
6,493,1.0,67.01903160922603,-0.08779133169935102,4.117185301224998,-4.20497663292435,-4.204976632924349,8.881784197001252e-16,-0.08111173839037544,-1.4303270335598182,0.9828901301364764,2.7746495993645315,0.3761533160559844,0.49741880494676877,2.7643075205084724
6,494,1.0,72.68160826533494,-0.1691968486269162,4.116891522687809,-4.286088371314725,-4.286088371314726,8.881784197001252e-16,0.0008589553385025539,-1.508386707252089,0.9859421948345822,2.777701664062637,0.3766302213309515,0.49754421227236206,2.7678355179223857
6,495,1.0,72.61920481462982,-0.17024788757960957,4.114981528396614,-4.2852294159762225,-4.285229415976223,8.881784197001252e-16,-0.023646330665149762,-1.5057328835197203,0.9877370632284471,2.7794965324565024,0.37646513332462966,0.49759718575441675,2.7698317571806155
6,496,1.0,74.3568459973762,-0.19778074052697614,4.111095006114397,-4.308875746641372,-4.308875746641373,8.881784197001252e-16,0.017272483290618368,-1.5241195153802591,0.9929967620330592,2.7847562312611145,0.37563399384380075,0.4975493086238367,2.7748967037963723
6,497,1.0,73.083546793002,-0.1796484581206197,4.111954805230135,-4.291603263350754,-4.291603263350755,8.881784197001252e-16,0.012718251897070765,-1.5086364688788365,0.9912073252438626,2.782966794471917,0.375085110412252,0.4974733292104834,2.7728109504307095
6,498,1.0,72.15993763208954,-0.16371190450265372,4.11517310695103,-4.278885011453683,-4.278885011453683,0.0,0.0019827963196883402,-1.5010226244001832,0.9861029178254451,2.7778623870535006,0.37668550727998323,0.49752397781263796,2.767904673427976
6,499,1.0,72.01700092733915,-0.16286406469077594,4.1140381504432195,-4.276902215133995,-4.276902215133996,8.881784197001252e-16,-0.03566717798080443,-1.498256385403142,0.9868863605027984,2.7786458297308534,0.3764188246482079,0.4975955502726097,2.768957593045133
6,500,1.0,74.6320017505786,-0.19783065936562738,4.1147387337491725,-4.312569393114799,-4.3125693931148,8.881784197001252e-16,,-1.533427475201809,0.9873824486849353,2.7791419179129897,0.3770501410533188,0.4974816266349988,2.769009488943269
