seed,epoch,temperature,Z,E,S,F,F_check,err,delta_F,F_data,KL,NLL,data_mass,recon_sq,recon_ce
9,1,1.0,78.92064636558395,-0.22191742563866812,4.146525445618852,-4.368442871257519,-4.368442871257519,0.0,0.019863841870997767,-1.5894126547282632,0.9872707473012011,2.779030216529256,0.3757053577521401,0.4994963819676423,2.7769923911664716
9,2,1.0,77.36844648983919,-0.20110737401532158,4.1474716553712,-4.348579029386522,-4.348579029386522,0.0,0.03991510396054032,-1.5704849810108357,0.9863345791476311,2.7780940483756864,0.37579857667287836,0.49947025555702457,2.7759506515038463
9,3,1.0,74.34109730789652,-0.1600090168273868,4.148654908598594,-4.308663925425981,-4.308663925425981,0.0,-0.02416079524882253,-1.5313846803404578,0.9855197758574684,2.7772792450855235,0.3752745423491769,0.4994973429751452,2.7752435666807824
9,4,1.0,76.15911123258529,-0.18749019755134133,4.145334523123463,-4.332824720674804,-4.332824720674804,0.0,0.0011363381047084786,-1.5530593591139368,0.988005892332812,2.7797653615608664,0.37581764619618624,0.4993816959626005,2.777253157571653
9,5,1.0,76.07261788462165,-0.18581158297129446,4.145876799598799,-4.331688382570095,-4.331688382570094,1.7763568394002505e-15,-0.021929537474540517,-1.5521736915793964,0.9877552217626434,2.7795146909906983,0.3759872749752291,0.4993966494401665,2.777071647294204
9,6,1.0,77.75928149255665,-0.2109615438266334,4.142656376218002,-4.353617920044636,-4.353617920044636,0.0,-0.020018335056933623,-1.5714120515553451,0.9904463992612357,2.7822058684892905,0.3754559809535916,0.499383370720707,2.779699903738314
9,7,1.0,79.33157771388346,-0.23287448785591308,4.140761767245657,-4.3736362551015695,-4.3736362551015695,0.0,-0.08326983617823203,-1.5900595294685367,0.991817256404978,2.783576725633033,0.3745279864391586,0.4994004186340053,2.781112130371774
9,8,1.0,86.2203381521244,-0.32327134291838167,4.13363474836142,-4.4569060912798015,-4.4569060912798015,0.0,0.10604007164941187,-1.66796762183381,0.9971790002179368,2.7889384694459918,0.3752323502566909,0.4993275731713389,2.786124752842877
9,9,1.0,77.54558985751169,-0.20916663039618222,4.141699389234207,-4.35086601963039,-4.350866019630389,8.881784197001252e-16,-0.06316275820307382,-1.5677179894326312,0.9913885609697036,2.7831480301977582,0.3749135707062969,0.49942989936833265,2.780794811945006
9,10,1.0,82.60157745258198,-0.2797216481541779,4.134307129679286,-4.4140287778334635,-4.4140287778334635,0.0,0.10555880050970856,-1.6242590095748835,0.998010299030525,2.78976976825858,0.3743525152754435,0.4994546168485134,2.7874829293712655
9,11,1.0,74.3266803912682,-0.16571414463612869,4.142755832687627,-4.308469977323755,-4.308469977323755,0.0,0.042012770007231914,-1.525281052986009,0.991429455109691,2.7831889243377463,0.3740256174499036,0.49955394600142294,2.7813577113302066
9,12,1.0,71.26869760986163,-0.11983445689264663,4.146622750423876,-4.266457207316523,-4.266457207316522,8.881784197001252e-16,-0.0026692061254962596,-1.486966668246282,0.9877310698421861,2.7794905390702414,0.373594492338703,0.4995260727608106,2.7775617622429363
9,13,1.0,71.45918256278458,-0.12301862152781337,4.146107791914206,-4.269126413442019,-4.269126413442019,0.0,-0.07316926600208085,-1.4897006978418454,0.9876662463721191,2.779425715600174,0.3745019859840874,0.4994174332251955,2.777056808325923
9,14,1.0,76.88383754421932,-0.19621886473804218,4.146076814706058,-4.3422956794441,-4.3422956794441,0.0,-0.04406368843380726,-1.5632803886957793,0.9872558215202657,2.7790152907483208,0.3755855229618778,0.49943334800344813,2.776709405844547
9,15,1.0,80.34737064506606,-0.24520281668361635,4.141156551194292,-4.386359367877907,-4.386359367877908,8.881784197001252e-16,0.0017598841221451167,-1.6035347199026662,0.9910651787471864,2.7828246479752416,0.37562500311117564,0.49934332991438435,2.7801298546260207
9,16,1.0,80.20609293587395,-0.24272937132395844,4.141870112431803,-4.384599483755762,-4.384599483755762,0.0,0.01867107604807483,-1.6023718075716467,0.9904682069560611,2.782227676184116,0.37632554572454213,0.49934074808857315,2.7795259443504245
9,17,1.0,78.72245255694608,-0.22398089646860697,4.141947511239081,-4.365928407707687,-4.365928407707688,8.881784197001252e-16,-0.0011815471612912631,-1.5836380214953751,0.9905309169842574,2.782290386212312,0.3764133138660796,0.4993180272481745,2.77949736723281
9,18,1.0,78.81552181932857,-0.22558925106866098,4.1415207038003174,-4.367109954868979,-4.367109954868979,0.0,0.031501179945260915,-1.5843483583887732,0.991002127252151,2.7827615964802064,0.3762658212295514,0.49931217566896885,2.779952823782685
9,19,1.0,76.37143775694253,-0.197804155572678,4.13780461935104,-4.335608774923718,-4.335608774923718,0.0,0.03437769979498562,-1.549544119198923,0.9943051864967399,2.7860646557247946,0.37674184276173345,0.4991775770969788,2.7826847309566642
9,20,1.0,73.79057955324946,-0.16572964916326938,4.135501425965462,-4.301231075128732,-4.301231075128731,8.881784197001252e-16,-0.04026550706920862,-1.513015622041322,0.996455983859355,2.7882154530874104,0.3772550783434924,0.49909263022539,2.7844671917474515
9,21,1.0,76.82242442215988,-0.2081201702796003,4.1333764119183405,-4.341496582197941,-4.341496582197941,0.0,-0.03616742852867105,-1.5518419011769875,0.9978952117928982,2.7896546810209535,0.3774514363666317,0.4990708124281003,2.7857922447334396
9,22,1.0,79.65175027784522,-0.2559625425361225,4.12170146819049,-4.377664010726612,-4.377664010726612,0.0,-0.09210656087070568,-1.5782592186975009,1.007645322801056,2.7994047920291116,0.3787241013915844,0.4988187054155015,2.7943863994710427
9,23,1.0,87.33668319895567,-0.360587870700785,4.1091827008965325,-4.4697705715973175,-4.4697705715973175,0.0,0.11054737097222755,-1.66092185102179,1.0170892513474727,2.8088487205755275,0.38002417045584497,0.4985871400157018,2.8027263726043468
9,24,1.0,78.1963679347229,-0.2505925681468374,4.108630632478253,-4.35922320062509,-4.35922320062509,0.0,0.0556838101490289,-1.548489981119676,1.01897375027736,2.810733219505414,0.3804647072206929,0.4984451523098153,2.8040375681524865
9,25,1.0,73.9611082217726,-0.18263107943260787,4.120908311043453,-4.303539390476061,-4.303539390476061,0.0,-0.025271457933977892,-1.503027439341374,1.008752481906632,2.800511951134687,0.3787538778118411,0.49869383859972566,2.794995915413606
9,26,1.0,75.85403097449279,-0.21282400397642856,4.115986844433609,-4.328810848410039,-4.328810848410037,1.7763568394002505e-15,0.022330009946723628,-1.5241294030951755,1.0129219760868073,2.8046814453148627,0.37856425782453085,0.4986195607417849,2.7987917094777224
9,27,1.0,74.17898124868636,-0.17612368857687732,4.130357149886438,-4.306480838463315,-4.306480838463315,0.0,0.04284828438326027,-1.514147242932446,1.000574126302814,2.7923335955308697,0.37679929268487045,0.49894456729389053,2.78793639446643
9,28,1.0,71.06767229955526,-0.12937848449620082,4.134254069583855,-4.263632554080055,-4.263632554080056,8.881784197001252e-16,-0.055882761315128704,-1.474522680076645,0.9973504047753553,2.78910987400341,0.3775082015146302,0.49894773954026633,2.7847720101362103
9,29,1.0,75.15219435163092,-0.1869484785484368,4.132566836846747,-4.319515315395184,-4.319515315395184,0.0,0.08559499710630014,-1.529201958998506,0.9985538871686227,2.7903133563966773,0.3772959290062285,0.4989458594839962,2.785950687672804
9,30,1.0,68.98715434060215,-0.09413790091028901,4.139782417378595,-4.233920318288884,-4.2339203182888845,8.881784197001252e-16,-0.047352739176869996,-1.4493662827164557,0.992794566344373,2.784554035572428,0.3767941441301731,0.4990657180484875,2.780738450396068
9,31,1.0,72.33246480280397,-0.13776275194863266,4.14351030551712,-4.281273057465754,-4.281273057465753,8.881784197001252e-16,0.02384378570122525,-1.4999239109376818,0.9895896773000167,2.7813491465280715,0.3757983213181343,0.4992393986042039,2.778256400590614
9,32,1.0,70.62818400906151,-0.11088374951974031,4.1465455222447885,-4.257429271764528,-4.257429271764528,0.0,-0.03854353080970796,-1.4787276124385922,0.9869421900978814,2.7787016593259364,0.3756653009474881,0.4993008532224139,2.775870364839309
9,33,1.0,73.4035869220467,-0.15038256798577276,4.1455902345884645,-4.295972802574236,-4.295972802574237,8.881784197001252e-16,0.019514839191904443,-1.5166621920652272,0.987551141280954,2.7793106105090093,0.37601604612927875,0.49928551511985075,2.776412525832418
9,34,1.0,71.98501435409935,-0.130216812382362,4.146241150999971,-4.276457963382332,-4.276457963382333,8.881784197001252e-16,-0.013743216306008499,-1.497613360672208,0.9870851334820688,2.7788446027101235,0.3758400214234109,0.49929162292361906,2.775978243994358
9,35,1.0,72.98114934771957,-0.14140672904749896,4.148794450640842,-4.29020117968834,-4.29020117968834,0.0,0.0019251440828425004,-1.5134678627824094,0.9849738476778761,2.776733316905931,0.3757337290868892,0.4993829094241898,2.774245632026611
9,36,1.0,72.84078527377817,-0.13850956025347383,4.149766475352024,-4.288276035605498,-4.288276035605498,0.0,0.03927496561613264,-1.5122370647470496,0.9842795016303931,2.776038970858448,0.3755268724549878,0.49942880045148347,2.773740976583093
9,37,1.0,70.03541691247722,-0.09748012890336963,4.151520941085996,-4.249001069989365,-4.249001069989366,8.881784197001252e-16,0.05696218612697734,-1.4744683046178704,0.9827732961434399,2.7745327653714944,0.3753344842863602,0.49945078768332013,2.7723282162027263
9,38,1.0,66.15754108669766,-0.03965248576423609,4.152386398098153,-4.192038883862388,-4.192038883862389,8.881784197001252e-16,0.019458824114154893,-1.4183050447794596,0.9819743698548732,2.773733839082928,0.37531566246619,0.4994330172630592,2.7714609081512216
9,39,1.0,64.88263742178216,-0.019957634199734366,4.152622425548499,-4.172580059748233,-4.172580059748233,0.0,0.05645214418635902,-1.3990116833038622,0.9818089072163159,2.7735683764443713,0.37531776068166045,0.49943698426189176,2.7713129092130626
9,40,1.0,61.321340565405904,0.03599674529465753,4.152124660856532,-4.116127915561874,-4.116127915561874,0.0,0.014444154254261043,-1.341949919565809,0.98241852676801,2.7741779959960655,0.3753615949571387,0.4994601637668894,2.7720144604408445
9,41,1.0,60.44197182086589,0.04655453447248423,4.148238295780097,-4.101683761307613,-4.101683761307613,0.0,-0.053424508993109576,-1.323860620182763,0.9860636718967948,2.7778231411248497,0.3750535025406991,0.4994217914128021,2.775497678159087
9,42,1.0,63.7588673658645,-0.005386245318872211,4.14972202498185,-4.1551082703007225,-4.1551082703007225,0.0,0.03802590025753627,-1.3787154738755527,0.9846333271971147,2.7763927964251702,0.37511830514513206,0.49942675557645405,2.774092644657747
9,43,1.0,61.3798969339575,0.03263379969267206,4.149716169735859,-4.117082370043186,-4.117082370043187,8.881784197001252e-16,0.003638141716482579,-1.3406091575615644,0.9847137432535668,2.7764732124816214,0.3751203244583992,0.499454759547783,2.774285069975388
9,44,1.0,61.1569938926587,0.038333002698436085,4.1517772310251395,-4.113444228326704,-4.113444228326704,0.0,0.019548658709625855,-1.3389316626193175,0.9827530964793313,2.7745125657073864,0.3752241805039631,0.4994850215193843,2.772448910998611
9,45,1.0,59.97306649062436,0.058376081409440575,4.152271651026518,-4.093895569617078,-4.093895569617077,8.881784197001252e-16,-0.04298296513024358,-1.3203217977679869,0.9818143026210361,2.7735737718490907,0.3749670239894251,0.49945857770774515,2.771405841164011
9,46,1.0,62.607090267245745,0.011397234017236892,4.148275768764558,-4.136878534747321,-4.1368785347473205,8.881784197001252e-16,-0.02046801157616418,-1.3596791236768109,0.9854399418424545,2.777199411070509,0.37441502623256334,0.49935391484956465,2.774597874210682
9,47,1.0,63.90173714127768,-0.009928453606900103,4.147418092716585,-4.1573465463234855,-4.157346546323485,8.881784197001252e-16,0.057563540463664964,-1.3796371875247448,0.9859498895706857,2.7777093587987403,0.3754046227430877,0.49925616526007155,2.7747100417808563
9,48,1.0,60.32719552903905,0.04883953700192553,4.148622542861746,-4.099783005859821,-4.099783005859821,0.0,0.0406661257817138,-1.323211390552686,0.9848121460790793,2.7765716153071343,0.3754486831430657,0.4992786332860517,2.773668802769579
9,49,1.0,57.92313541033966,0.09101143959330378,4.15012831967141,-4.059116880078107,-4.059116880078106,8.881784197001252e-16,0.017995411698198183,-1.2840290309114177,0.9833283799386341,2.7750878491666895,0.3754974404962061,0.4993311785725065,2.772403365173884
9,50,1.0,56.89010750043278,0.10840607800736225,4.1495275463872705,-4.041121468379909,-4.041121468379909,0.0,-0.0002211862949828003,-1.2654817483165994,0.9838802508352552,2.7756397200633103,0.37562659272679966,0.4993194363246429,2.772904535461756
9,51,1.0,56.90269220426265,0.10767101584796385,4.149013670522855,-4.041342654674891,-4.041342654674891,0.0,-0.019492574094736703,-1.2653818672639259,0.9842013181829108,2.7759607874109657,0.37550881732072994,0.49930893142312877,2.7731822097468606
9,52,1.0,58.02275311874833,0.08784844909913608,4.148683677868764,-4.060835228769628,-4.060835228769628,0.0,0.02442464680692691,-1.2846873757678487,0.9843883837737244,2.7761478530017794,0.37575533877182177,0.49925264156011906,2.7731436507975213
9,53,1.0,56.622734941085426,0.11430676068997972,4.150717342652681,-4.036410581962701,-4.036410581962701,0.0,-0.005704648224775788,-1.2619815098422358,0.9826696028924106,2.7744290721204656,0.37545708234443487,0.499368349226226,2.771894945691427
9,54,1.0,56.946670817072075,0.10478220154612015,4.146897431733597,-4.042115230187477,-4.042115230187477,0.0,0.03518012697929773,-1.2647141731101872,0.9856415878492357,2.777401057077291,0.3759174801337626,0.49920521375177684,2.774200809313061
9,55,1.0,54.97810984599147,0.13856531196273647,4.1455004151709165,-4.006935103208179,-4.00693510320818,8.881784197001252e-16,0.029011914592911747,-1.228493759807784,0.9866818741723401,2.778441343400395,0.37607100452602177,0.49916279282544335,2.775063457348249
9,56,1.0,53.406004775053006,0.16324496668763988,4.141168155302908,-3.9779231886152675,-3.977923188615268,4.440892098500626e-16,-0.018198553599888978,-1.1956545492544548,0.9905091701327576,2.782268639360813,0.3766048006872408,0.4990394735659862,2.7783630301836317
9,57,1.0,54.38681440465282,0.14566206209759863,4.141783804312755,-3.9961217422151565,-3.9961217422151565,0.0,0.007640752268453621,-1.2140794006492672,0.9902828723378342,2.782042341565889,0.3765806745265765,0.49905881268744023,2.7782155894240916
9,58,1.0,53.97284177428645,0.15634540445801814,4.1448263944047214,-3.988480989946703,-3.9884809899467033,4.440892098500626e-16,0.011837358730111713,-1.2092939015133728,0.9874276192052749,2.7791870884333303,0.37582764635895366,0.4991700144972711,2.7758330501790307
9,59,1.0,53.33771242781616,0.16408224290482792,4.140725874121419,-3.976643631216591,-3.9766436312165907,4.440892098500626e-16,0.004779129267027837,-1.1938683090173638,0.9910158529711722,2.782775322199227,0.3761513563528971,0.4990572039399816,2.7789405745124047
9,60,1.0,53.08341275483941,0.1707682143303732,4.142632716279937,-3.9718645019495633,-3.9718645019495633,0.0,0.03387839156223116,-1.1908743518650498,0.9892306808564587,2.7809901500845133,0.3758944741135328,0.49911974394588277,2.7774211690295707
9,61,1.0,51.315154114040034,0.20174932805350815,4.13973543844084,-3.937986110387332,-3.9379861103873317,4.440892098500626e-16,-0.03345667256747431,-1.1541990713588206,0.9920275698004563,2.783787039028511,0.37503988808648264,0.49914338173501543,2.7802923122711083
9,62,1.0,53.06103119107117,0.16865615951691965,4.1400989424717265,-3.9714427829548065,-3.971442782954807,4.440892098500626e-16,-0.04772771422961952,-1.187048116629236,0.9926351970975156,2.78439466632557,0.37313361659442956,0.49927822488809087,2.7814443052075233
9,63,1.0,55.65492076065116,0.12504164054778416,4.14421213773221,-4.019170497184426,-4.019170497184426,0.0,-0.05269226440843067,-1.238326160476771,0.9890848674796008,2.7808443367076556,0.37321683318646764,0.4993494546304911,2.778206000460972
9,64,1.0,58.66614190875207,0.07299632102724589,4.144859082620102,-4.071862761592857,-4.071862761592857,0.0,0.03358741270354937,-1.2908500849446338,0.9892532074201679,2.781012676648223,0.3726515857168913,0.49943095353327127,2.778703476839256
9,65,1.0,56.72842165441547,0.10370013365921872,4.141975482548526,-4.038275348889307,-4.038275348889307,0.0,0.09049349831729314,-1.2544365000318356,0.9920793796294168,2.783838848857472,0.37185449516324404,0.49945968901109145,2.7816304497959874
9,66,1.0,51.82029410203434,0.19316223451679712,4.140944085088811,-3.947781850572014,-3.9477818505720137,4.440892098500626e-16,-0.012835107112929123,-1.1643540623563322,0.9916683189876269,2.7834277882156813,0.3736533326598546,0.4993565465120433,2.7807976889851584
9,67,1.0,52.48969988512233,0.18423419774220096,4.144851155427144,-3.9606169576849433,-3.9606169576849433,0.0,-0.013009275730593295,-1.1816964389858613,0.9871610494710265,2.7789205186990813,0.3751340238180503,0.4992583969413718,2.7759225500834703
9,68,1.0,53.17701389924238,0.17326932273677828,4.146895556152315,-3.9736262334155366,-3.973626233415537,4.440892098500626e-16,-0.03256006247888932,-1.1964821699457993,0.9853845942416823,2.7771440634697373,0.3751540261464986,0.49933755642315986,2.774473696678706
9,69,1.0,54.936957244849665,0.14225838495489193,4.148444680849318,-4.006186295894426,-4.006186295894426,0.0,-0.05117216084187426,-1.2298244386399946,0.9846023880263762,2.776361857254431,0.37501229458727586,0.4994349206654117,2.774083219598905
9,70,1.0,57.82137151522935,0.09339694273980165,4.150755399476102,-4.0573584567363,-4.0573584567363,0.0,-0.01711729345185553,-1.2826669457055135,0.9829320418027315,2.7746915110307864,0.3750097604935757,0.49949383119398716,2.7726575728545515
9,71,1.0,58.819636320729174,0.0774235572240114,4.151899307412167,-4.074475750188156,-4.074475750188156,0.0,0.07166561933858429,-1.3011152998176845,0.9816009811424163,2.7733604503704714,0.37504669899981774,0.49944593631688283,2.77113969163934
9,72,1.0,54.75179375725813,0.14535625810725855,4.148166388956829,-4.002810130849571,-4.0028101308495705,8.881784197001252e-16,-0.08714918807457295,-1.2264325670641834,0.9846180945573334,2.7763775637853882,0.3755866202946604,0.4994347993646584,2.774102092080456
9,73,1.0,59.737461470511775,0.06197764571971349,4.151936964643857,-4.089959318924144,-4.089959318924143,8.881784197001252e-16,-0.03611341522555289,-1.316520920187717,0.9816789295083721,2.773438398736427,0.375333765217173,0.49944765933343743,2.7712244809613593
9,74,1.0,61.93421257230541,0.026648794250229892,4.152721528399928,-4.126072734149697,-4.126072734149698,8.881784197001252e-16,0.036495410968997,-1.3535583426609605,0.9807549222606816,2.7725143914887362,0.37524293760686467,0.4993973466110402,2.770103144604487
9,75,1.0,59.71464637241849,0.06286543391635194,4.152442757097052,-4.0895773231807,-4.0895773231807,0.0,0.053263752547289656,-1.3170389140303653,0.9807789399222798,2.7725384091503344,0.3752516926036923,0.4993897929270461,2.7700968501880214
9,76,1.0,56.617242160736,0.11400344351810598,4.150317014151517,-4.036313570633411,-4.036313570633411,0.0,-0.034623039960407276,-1.2618210521725304,0.9827330492328251,2.7744925184608804,0.3752217849524765,0.49940047555403133,2.7720839751909523
9,77,1.0,58.611833355655826,0.08029689885210413,4.151233509445922,-4.070936610593818,-4.070936610593818,0.0,-0.01735208208059902,-1.2968238163691952,0.9823533249965676,2.7741127942246226,0.37515195411299224,0.4994562322526022,2.7719293373471174
9,78,1.0,59.63774581627392,0.0630280070746997,4.151316699749117,-4.088288692674417,-4.088288692674417,0.0,-0.016698619267483394,-1.3140498243300038,0.9824793991163583,2.7742388683444132,0.37529230300312094,0.49947225255516664,2.772119724236854
9,79,1.0,60.6419751138212,0.04726698611907719,4.152254298060978,-4.1049873119419,-4.1049873119419,0.0,-0.05456159581625997,-1.3317567684055807,0.9814710743082654,2.7732305435363203,0.3752617895097744,0.49946666855187233,2.7710933618784583
9,80,1.0,64.04262695096047,-0.007048459469944167,4.152500448288217,-4.15954890775816,-4.159548907758161,8.881784197001252e-16,0.019277129703434426,-1.3863624252957338,0.9814270132343724,2.7731864824624277,0.3753041551943309,0.4994567925537477,2.7710124959353375
9,81,1.0,62.81989219746875,0.012411499454079405,4.152683277508805,-4.140271778054726,-4.140271778054726,0.0,-0.01973108157828296,-1.3674923508520995,0.9810199579745712,2.7727794272026256,0.37498939388715863,0.49945091484494536,2.7705821094921634
9,82,1.0,64.07170582123955,-0.008385224255382608,4.151617635377626,-4.160002859633009,-4.160002859633009,0.0,0.0007244501766257017,-1.3859631768114031,0.9822802135935506,2.7740396828216056,0.3749738680975716,0.4994477247933688,2.7718268887388233
9,83,1.0,64.0253058718957,-0.007175282813107572,4.152103126643276,-4.159278409456383,-4.159278409456383,0.0,-0.020138789708307847,-1.3859813911762673,0.9815375490520614,2.773297018280116,0.37489313792646073,0.49942361650669587,2.7709898371595525
9,84,1.0,65.32776903897856,-0.028288906385323637,4.151128292779367,-4.179417199164691,-4.179417199164691,0.0,-1.2434021327223377e-05,-1.4053294678981756,0.9823282620384605,2.7740877312665155,0.3752018485721749,0.49936748985299867,2.771553906961239
9,85,1.0,65.32858133090207,-0.030117684933380004,4.149311948252638,-4.179429633186018,-4.179429633186018,0.0,0.03942601939007773,-1.4030293025358354,0.9846408614221277,2.776400330650182,0.37447437933017685,0.49944775325623825,2.774182544703925
9,86,1.0,62.803048406192985,0.011358049522290047,4.151361663318231,-4.14000361379594,-4.140003613795941,8.881784197001252e-16,0.014417655468303536,-1.3661168894094171,0.9821272551584693,2.7738867243865246,0.3751678225965615,0.49939633502347136,2.771467843226068
9,87,1.0,61.904071831553935,0.02415136515135112,4.149737323478988,-4.125585958327637,-4.125585958327637,0.0,-0.02224257998667767,-1.3508613663751932,0.9829651227243886,2.774724591952444,0.3754806028701288,0.49924903991423614,2.771712119569345
9,88,1.0,63.29640524216844,-0.00041667990919991293,4.147411858405114,-4.1478285383143145,-4.147828538314314,8.881784197001252e-16,0.006339539417803408,-1.3708986328523232,0.9851704362339365,2.776929905461991,0.3758782925248202,0.49917619203696467,2.7736156849182216
9,89,1.0,62.896404436229176,-0.0010034008703295391,4.140485598026181,-4.141488998896511,-4.141488998896511,0.0,0.04254791202155772,-1.3585450720841752,0.9911844575842812,2.782943926812336,0.37665854831729717,0.498943887179837,2.7786500132654
9,90,1.0,60.27642629261022,0.032377096874956504,4.131318183749911,-4.098941086874953,-4.098941086874954,8.881784197001252e-16,-0.05030230940268332,-1.3073455577879187,0.9998360598589796,2.7915955290870347,0.37794094527080513,0.49876337989150565,2.7864843859125634
9,91,1.0,63.38602404916632,-0.015146421790993667,4.134096974486644,-4.149243396277637,-4.149243396277638,8.881784197001252e-16,0.03250030748012822,-1.360148943843713,0.9973349832058688,2.7890944524339236,0.37754064476856986,0.4988401148328401,2.7843323510896547
9,92,1.0,61.35907541844079,0.015182545680691814,4.1319256344782005,-4.1167430887975085,-4.1167430887975085,0.0,0.022231286837768316,-1.3258552123773548,0.9991284071920988,2.790887876420154,0.3777499302921823,0.4987508027096017,2.7857349775250895
9,93,1.0,60.01003522337903,0.03962790559229363,4.134139707552032,-4.09451180195974,-4.094511801959738,1.7763568394002505e-15,-0.017133130031748323,-1.3058719670694983,0.9968803656621871,2.7886398348902417,0.3775297066003296,0.49879445145148377,2.7836862544621748
9,94,1.0,61.04705327521066,0.021052499764784575,4.132697431756274,-4.1116449319914885,-4.111644931991489,8.881784197001252e-16,-0.02879883961866536,-1.3211104302529773,0.9987750325104562,2.7905345017385113,0.37772913243572587,0.4988606968327891,2.785852126843906
9,95,1.0,62.830697743294884,-0.003221608765619881,4.137222162844534,-4.140443771610154,-4.140443771610154,0.0,-0.08849071830544641,-1.3539578339774057,0.9947264684046931,2.7864859376327478,0.3772297196858594,0.4989821543560788,2.7823394530115664
9,96,1.0,68.64405226388271,-0.09153797835410844,4.137396511561493,-4.2289344899156,-4.228934489915601,8.881784197001252e-16,-0.00048483471340876605,-1.4421838840222858,0.9949911366652594,2.786750605893314,0.3766816733164363,0.4990904190141243,2.783066791432809
9,97,1.0,68.67734135249009,-0.09167374174393983,4.137745582885069,-4.229419324629009,-4.229419324629009,0.0,-0.05192381986820749,-1.4433191430961283,0.9943407123048268,2.786100181532882,0.3769691380238125,0.4990380359670982,2.782199687113353
9,98,1.0,72.33753454819998,-0.14179855017113385,4.139544594326083,-4.2813431444972165,-4.281343144497217,8.881784197001252e-16,0.058849782983322996,-1.497272545785748,0.9923111294834136,2.7840705987114682,0.3765323531448304,0.4990746985693475,2.780328642933456
9,99,1.0,68.20332801371465,-0.08108649936455847,4.141406862149336,-4.2224933615138935,-4.222493361513894,8.881784197001252e-16,0.016806701282321868,-1.4398865655851305,0.9908473267007079,2.782606795928763,0.37560741057233515,0.49913389663894314,2.779112938930917
9,100,1.0,67.06663384921745,-0.06467289950057412,4.141013760730997,-4.205686660231572,-4.205686660231572,0.0,-0.05607248765386963,-1.4231544989204554,0.9907726920830605,2.782532161311115,0.3753006697922565,0.4990684744556853,2.778764477098416
9,101,1.0,70.934658315546,-0.12282767897931447,4.138931468906128,-4.261759147885441,-4.261759147885442,8.881784197001252e-16,-0.046658975804010794,-1.4768583168612375,0.9931413617961491,2.7849008310242045,0.3752077810556708,0.4991181302717033,2.781336904995842
9,102,1.0,74.3228263826873,-0.17624463184443925,4.132173491845013,-4.308418123689452,-4.308418123689452,0.0,-0.0054460785745247264,-1.5175142949192655,0.9991443595421309,2.7909038287701855,0.3751127090767286,0.4990016677237417,2.786832949965629
9,103,1.0,74.7286985376994,-0.18516703084416924,4.128697171419808,-4.313864202263977,-4.313864202263977,0.0,0.007510637847004453,-1.5199479802207394,1.0021567528151827,2.793916222043238,0.3744465891305767,0.4989332417283781,2.7895379305036934
9,104,1.0,74.16954079036464,-0.18506221431497225,4.121291350102,-4.306353564416972,-4.306353564416972,0.0,-0.006403640481155826,-1.505558816450093,1.0090352787388241,2.8007947479668798,0.37188466803510883,0.49885759029793936,2.796029179079774
9,105,1.0,74.64601983626045,-0.1840525304691278,4.128704674429001,-4.312757204898128,-4.312757204898128,0.0,0.04087908114534322,-1.5188324930480797,1.0021652426219936,2.7939247118500483,0.37324442533320606,0.4989687634007604,2.789690485580106
9,106,1.0,71.65608832179907,-0.1396303129944598,4.132247810758325,-4.271878123752785,-4.271878123752785,0.0,0.012860937986672205,-1.481368170915027,0.9987504836097031,2.7905099528377577,0.3751802532972488,0.49891335268085873,2.786069435554996
9,107,1.0,70.74042458196035,-0.12022869246237565,4.138788493303737,-4.259017185766113,-4.259017185766113,0.0,-0.043353495733968295,-1.474172324073467,0.9930853924645907,2.784844861692646,0.3733064097543071,0.4991675101198676,2.781480088719644
9,108,1.0,73.87471970207262,-0.16881762111358917,4.133553060386492,-4.302370681500081,-4.302370681500081,0.0,0.10100513582893544,-1.5124344874860747,0.9981767247859512,2.789936194014006,0.37395676788001964,0.49911430546036323,2.786344364668297
9,109,1.0,66.7774564754137,-0.06315038332610787,4.138215162345037,-4.201365545671146,-4.201365545671145,8.881784197001252e-16,0.06456898191569582,-1.415436875974539,0.9941692004685508,2.785928669696606,0.37501070497823147,0.499166550864025,2.7825657386108293
9,110,1.0,62.60195851228876,0.006891933973491519,4.143688497728942,-4.13679656375545,-4.13679656375545,0.0,-0.0509321356363861,-1.3564553981869985,0.9885816963403963,2.7803411655684513,0.375378065299668,0.49923544818860915,2.777267497923369
9,111,1.0,65.87300352568833,-0.042249117801318244,4.145479581590518,-4.187728699391836,-4.187728699391836,0.0,-0.061179027503710515,-1.4088592095550678,0.987110020608713,2.7788694898367683,0.375846909979535,0.49927977754790587,2.7759815330656283
9,112,1.0,70.02887989508316,-0.10849680752590557,4.140410919369641,-4.248907726895546,-4.248907726895546,0.0,0.003017715228073925,-1.4650335568187378,0.9921147008487526,2.7838741700768073,0.3763260183087815,0.49921706980094704,2.7807278114581955
9,113,1.0,69.81787121999588,-0.10432619874188159,4.141563812925591,-4.2458900116674725,-4.245890011667473,8.881784197001252e-16,0.031054913403774975,-1.4629242758570233,0.9912062665823941,2.7829657358104485,0.3761782557190443,0.499285208618157,2.7800973735265653
9,114,1.0,67.68300390578122,-0.06641933043622006,4.148415767827477,-4.2148350982636975,-4.2148350982636975,0.0,-0.09534166097416374,-1.438854475113158,0.9842211539224843,2.7759806231505393,0.3754308690420688,0.49940681806796894,2.7736075283385078
9,115,1.0,74.45364814740802,-0.16443132397943222,4.145745435258429,-4.310176759237861,-4.310176759237861,0.0,-0.000455279679156817,-1.531754342711218,0.9866629472985883,2.7784224165266433,0.3758917515846925,0.49936456551528163,2.775877173511716
9,116,1.0,74.48755309798045,-0.164993368267627,4.145638670649391,-4.310632038917018,-4.310632038917018,0.0,0.041039759014699584,-1.5321939677964538,0.9866786018925096,2.778438071120565,0.37589550588586634,0.4993580381870217,2.7758666272764194
9,117,1.0,71.49248075487418,-0.12155013322865511,4.148042146673664,-4.2695922799023185,-4.2695922799023185,0.0,-0.001041429497478319,-1.4934834391047624,0.9843493715695013,2.7761088407975563,0.37572101063117114,0.49939430553509895,2.7736833289091085
9,118,1.0,71.56697391613517,-0.1243806714326512,4.146253037967146,-4.270633709399797,-4.270633709399797,0.0,-0.07783012214381024,-1.4925064200784972,0.9863678200932448,2.7781272893213003,0.3756813361181075,0.4994279280494986,2.775836673652183
9,119,1.0,77.35953432503486,-0.20550952012782914,4.142954311415778,-4.348463831543607,-4.348463831543607,0.0,0.03957230257876798,-1.5677237976739262,0.9889805646416265,2.7807400338696815,0.3760386285310216,0.49936677812439706,2.7781955246467365
9,120,1.0,74.35801953043216,-0.16475867228560215,4.144132856679237,-4.308891528964839,-4.308891528964839,0.0,-0.059809374668831516,-1.528799143086091,0.9883329166506932,2.780092385878748,0.3759377238467334,0.4994137946628093,2.777742537130061
9,121,1.0,78.94101307501523,-0.22870040995108998,4.14000049368258,-4.368700903633671,-4.36870090363367,8.881784197001252e-16,-0.08472799846408297,-1.584876671295506,0.9920647631101097,2.7838242323381643,0.3765521033054297,0.4993903783567577,2.7813737131036045
9,122,1.0,85.92105435976134,-0.3229938585275204,4.130435043570234,-4.4534289020977536,-4.453428902097754,8.881784197001252e-16,0.015412556550955081,-1.6606685334906037,1.001000899379096,2.792760368607151,0.3776792830408385,0.4993506895799123,2.7901365289318747
9,123,1.0,84.60694416284979,-0.310653851868151,4.127362493678648,-4.4380163455467985,-4.438016345546799,8.881784197001252e-16,0.06390520693260004,-1.642279662088752,1.0039772142299916,2.795736683458047,0.37812924237435935,0.49932029446518794,2.792977898553444
9,124,1.0,79.36925991879139,-0.24038357564234314,4.133727562971854,-4.374111138614198,-4.3741111386141975,8.881784197001252e-16,-0.023439530238124284,-1.583968765873582,0.9983829035125616,2.790142372740617,0.37733318435911556,0.49937687903331907,2.7876309443463096
9,125,1.0,81.2516126369546,-0.268174573673416,4.129376095178907,-4.397550668852323,-4.397550668852324,8.881784197001252e-16,-0.017197106614025515,-1.6029876463844648,1.0028035532398027,2.7945630224678575,0.37774917145962583,0.4993731162382848,2.792031219185937
9,126,1.0,82.66098914711736,-0.2844393482138977,4.130308427252451,-4.414747775466348,-4.414747775466348,0.0,-0.06038028414782737,-1.621507742472035,1.0014805637662583,2.7932400329943134,0.37785214775477394,0.49936171894619336,2.790664006130305
9,127,1.0,87.80584407232413,-0.34797394791500935,4.127154111699166,-4.475128059614176,-4.475128059614176,0.0,7.062367454579999e-05,-1.67988642080918,1.0034821695769411,2.795241638804996,0.37788414416726507,0.49928951710083397,2.792353207155442
9,128,1.0,87.79964311993878,-0.34789490360455483,4.127162532335075,-4.47505743593963,-4.47505743593963,0.0,-0.024095305462607186,-1.6798403386703653,1.0034576280412095,2.7952170972692643,0.37788576981655475,0.4992860213044574,2.7923151317819337
9,129,1.0,89.94089581222838,-0.37574685072458347,4.123405890677654,-4.499152741402237,-4.499152741402238,8.881784197001252e-16,-0.010451984925345492,-1.7010790061727843,1.0063142660013982,2.798073735229453,0.37760076127019226,0.4992017552604821,2.794802213200871
9,130,1.0,90.88588661135873,-0.39424494108538677,4.1153597852421955,-4.5096047263275825,-4.5096047263275825,0.0,-0.053525008794848894,-1.7036701017719984,1.0141751553275293,2.8059346245555843,0.37790465147375407,0.4991428014105434,2.802380276957473
9,131,1.0,95.88309942442805,-0.4469007966671293,4.116228938455302,-4.563129735122431,-4.563129735122431,0.0,0.020185952557691955,-1.7587875694611868,1.0125826964331885,2.804342165661243,0.3780993449989284,0.4991741162683101,2.800937536919425
9,132,1.0,93.96701181746502,-0.4267302800619053,4.116213502502834,-4.542943782564739,-4.542943782564739,0.0,-0.0037144191006666105,-1.7379209614357443,1.01326335190094,2.805022821128995,0.3789717267383699,0.49920191276553033,2.801739065555292
9,133,1.0,94.31669371150154,-0.4326312961053447,4.114026905560062,-4.546658201665406,-4.546658201665406,0.0,0.05962575176578788,-1.739853822217231,1.015044910220121,2.806804379448176,0.378071629675439,0.499158249911972,2.803318462231449
9,134,1.0,88.857365552593,-0.37003864416119886,4.116993805738419,-4.487032449899618,-4.487032449899618,0.0,0.008424839145648733,-1.682335447869496,1.0129375328020673,2.8046970020301223,0.37740224607612305,0.49916949507802255,2.801268016752632
9,135,1.0,88.11190115899586,-0.3543459304113046,4.124261680342665,-4.478607610753969,-4.478607610753969,0.0,0.08777129500406389,-1.6816417138318434,1.0052064276940709,2.796965896922126,0.3764527505467541,0.4991806927881581,2.7936155765626083
9,136,1.0,80.7078880417362,-0.25652481126213755,4.134311504487768,-4.3908363157499055,-4.3908363157499055,0.0,0.020064381031655643,-1.602487619750974,0.9965892267708761,2.788348695998931,0.37535045254753097,0.4992873485350664,2.7854742248819284
9,137,1.0,79.1046717795773,-0.2359627323332946,4.134809202384956,-4.37077193471825,-4.37077193471825,0.0,-0.026148739248369246,-1.582462363084059,0.996550102406136,2.788309571634191,0.37573246309647795,0.4993284363726616,2.7856080598002984
9,138,1.0,81.20044065727342,-0.2687475747531551,4.128173099213464,-4.396920673966619,-4.396920673966619,0.0,0.04114315789404266,-1.6023002000477877,1.0028610046907767,2.7946204739188314,0.3761453026627565,0.49927843028080937,2.791697061967934
9,139,1.0,77.92739158761349,-0.22415554589503273,4.131621970177544,-4.3557775160725765,-4.3557775160725765,0.0,-0.07400074992095629,-1.5648672147248348,0.9991508321196868,2.7909103013477417,0.37572422617326695,0.49924092523487423,2.787841445021863
9,140,1.0,83.91280852406112,-0.29843791940746267,4.13134034658607,-4.429778265993533,-4.429778265993533,0.0,0.022134337930693526,-1.6398478511465306,0.9981709456189473,2.7899304148470025,0.37694640464959955,0.4991786329863654,2.786590915372287
9,141,1.0,82.07585889270965,-0.27313539413827564,4.1345085339245635,-4.407643928062839,-4.407643928062839,0.0,0.00406485395154732,-1.6208059437649258,0.9950785150698582,2.786837984297913,0.37678262841949284,0.4991794749675793,2.783509881318498
9,142,1.0,81.74290966679555,-0.266920378075324,4.136658696035967,-4.403579074111292,-4.403579074111291,8.881784197001252e-16,0.039315074259103966,-1.6188816477233985,0.9929379571598386,2.7846974263878934,0.3768113865677739,0.4992012975145362,2.781455705002808
9,143,1.0,78.59153526861051,-0.22622902734206835,4.13803497251012,-4.364263999852188,-4.364263999852188,0.0,0.03762116686276684,-1.5805147487082003,0.9919897819159328,2.7837492511439876,0.37667713064349984,0.49921704521850313,2.780576315166042
9,144,1.0,75.689756404869,-0.18818069333592335,4.138462139653497,-4.326642832989421,-4.326642832989421,0.0,-0.0012003177400314868,-1.5431128053602772,0.9917705584010889,2.7835300276291437,0.3766534280909747,0.4992096578309808,2.7803310665452194
9,145,1.0,75.78066270953101,-0.19085780411035586,4.136985346619097,-4.327843150729453,-4.327843150729453,0.0,-0.10150827116220995,-1.5427761059641945,0.9933075755372031,2.7850670447652583,0.3765648098850894,0.4992287491931197,2.78194521370269
9,146,1.0,83.87699847986804,-0.30040158582508314,4.12894983606658,-4.4293514218916625,-4.429351421891663,8.881784197001252e-16,0.048480321205255805,-1.6372503164925007,1.0003416361711068,2.792101105399162,0.3776162865632149,0.4991613959406502,2.7886742851273056
9,147,1.0,79.90761067078728,-0.2573642005042175,4.123506900182189,-4.380871100686407,-4.380871100686407,0.0,-0.005125100917483749,-1.5837023178010072,1.0054093136573437,2.7971687828853984,0.37842382405160285,0.49902826748453966,2.793173736285485
9,148,1.0,80.31819648769746,-0.26688689845525676,4.119109303148633,-4.3859962016038905,-4.38599620160389,8.881784197001252e-16,0.04016189546747384,-1.5847240721268216,1.0095126602490128,2.8012721294770677,0.37868705365645033,0.49897395533140637,2.7970230648884815
9,149,1.0,77.15638267730434,-0.2251997464244855,4.120634559711931,-4.345834306136417,-4.345834306136417,0.0,0.029571034415387665,-1.545295994974734,1.0087788419336279,2.8005383111616826,0.37858050474512006,0.49902063086835863,2.7965079520712877
9,150,1.0,74.90819309979672,-0.18855357517357912,4.127709696547449,-4.316263271721029,-4.316263271721028,8.881784197001252e-16,0.043014440219558026,-1.521738291803703,1.0027655106892708,2.7945249799173255,0.3775371250239318,0.49918774823764456,2.7912238505133744
9,151,1.0,71.75437522322218,-0.14057119516111638,4.132677636340355,-4.273248831501471,-4.273248831501471,0.0,0.03726164303572688,-1.483616991384606,0.9978723708888099,2.789631840116865,0.37639748737875545,0.49922312086385306,2.7864849912433933
9,152,1.0,69.12988928898613,-0.10263127899534942,4.133355909470394,-4.235987188465744,-4.235987188465743,8.881784197001252e-16,0.0395291645608582,-1.447468531840375,0.996759187397314,2.788518656625369,0.37685175320075004,0.49915430287976265,2.7850956785940206
9,153,1.0,66.45054746690242,-0.06259314663577462,4.133864877269112,-4.196458023904886,-4.196458023904886,0.0,0.07662281391320214,-1.4080087333323557,0.9966898213444751,2.78844929057253,0.376803241669076,0.4992283058166164,2.785337527393784
9,154,1.0,61.54909875218152,0.016164904518764393,4.136000114510448,-4.119835209991684,-4.119835209991684,0.0,-0.053443593038599246,-1.3336860341881962,0.9943897065754328,2.7861491758034878,0.3753007529390254,0.4992727420585868,2.783216531250362
9,155,1.0,64.92798957171208,-0.036250176716886434,4.137028626313397,-4.173278803030283,-4.173278803030283,0.0,-0.07835189313495494,-1.387829163663784,0.9936901701384441,2.785449639366499,0.37478477624611817,0.49929449978658386,2.782608441497434
9,156,1.0,70.2198262355551,-0.1195996653133031,4.132031030851935,-4.251630696165238,-4.251630696165238,0.0,0.05743401225373468,-1.4607401281412367,0.9991310987959462,2.790890568024001,0.37447292020635975,0.49931452386811054,2.788120334169514
9,157,1.0,66.30044996104206,-0.05914631674515667,4.135050367166346,-4.194196683911503,-4.194196683911502,8.881784197001252e-16,0.024139419754704683,-1.4070595141391136,0.9953777005443339,2.787137169772389,0.3735394876796199,0.49924749977706756,2.7840925419471696
9,158,1.0,64.71915808930873,-0.02963103536829506,4.1404262287885025,-4.170057264156799,-4.170057264156798,8.881784197001252e-16,-0.01496077686238717,-1.3889314227066547,0.9893663722220879,2.781125841450143,0.3733882566833555,0.4991875034877325,2.7778503391254845
9,159,1.0,65.6946861051391,-0.043618128396357994,4.141399912622829,-4.185018041019186,-4.185018041019187,8.881784197001252e-16,-0.017165260037388386,-1.4045821684367146,0.9886764033544164,2.7804358725824714,0.37465227878083907,0.49923183431190976,2.777346372185787
9,160,1.0,66.83208643399875,-0.061549727623425296,4.140633573433148,-4.202183301056574,-4.202183301056573,8.881784197001252e-16,-0.03857470269966612,-1.4207328196129312,0.9896910122155882,2.781450481443643,0.3757286537770441,0.4992588226806354,2.7784733113143125
9,161,1.0,69.46048319602477,-0.10119605046980766,4.139561953286433,-4.24075800375624,-4.240758003756241,8.881784197001252e-16,-0.07821392982468378,-1.458911093223124,0.9900874413050621,2.781846910533117,0.3758222422856507,0.49917016568457995,2.7784978311249167
9,162,1.0,75.11136910877033,-0.1843905251932734,4.134581408387651,-4.318971933580924,-4.318971933580924,0.0,-0.0015862182198151942,-1.5320876436775042,0.9951248206753647,2.7868842899034196,0.37582455104516155,0.4991858686358877,2.783578214403231
9,163,1.0,75.23060667436445,-0.18606389644592014,4.13449425535482,-4.320558151800739,-4.32055815180074,8.881784197001252e-16,-0.016937018318579966,-1.5343388266845759,0.9944598558881085,2.7862193251161638,0.37641131627291907,0.4990799143348165,2.782466342479497
9,164,1.0,76.51564043906984,-0.2027745895436456,4.1347205805756735,-4.337495170119319,-4.337495170119319,0.0,0.004307048795492818,-1.5512684236273049,0.9944672772639596,2.786226746492014,0.3754091117467779,0.49913743103348857,2.7827074657900344
9,165,1.0,76.18679253243272,-0.19529585707244904,4.137892264251377,-4.333188121323826,-4.333188121323826,0.0,-0.0015790370290647004,-1.5500914956400236,0.9913371564557476,2.7830966256838026,0.3757235519906188,0.49915125187444326,2.7796517225218946
9,166,1.0,76.30718932945139,-0.19690982614567548,4.137857332207216,-4.334767158352891,-4.334767158352891,0.0,0.005045478492614386,-1.5522691055306754,0.9907385835941609,2.7824980528222163,0.37569766660500226,0.4990605070584723,2.7786682636741613
9,167,1.0,75.92315268586731,-0.18795702740358933,4.141764652456688,-4.329721679860277,-4.329721679860278,8.881784197001252e-16,0.09557808264900025,-1.5513623634811673,0.9865998471510542,2.7783593163791096,0.37619671023563156,0.49901789082771747,2.7743841288737396
9,168,1.0,69.00255943783498,-0.08923133337374466,4.144912263837532,-4.234143597211276,-4.234143597211276,0.0,0.05494107489742639,-1.4588951448791203,0.983488983104101,2.7752484523321557,0.3758191675515358,0.49899704245955584,2.7712131499667136
9,169,1.0,65.31374618449382,-0.03619074659977817,4.143011775714072,-4.17920252231385,-4.17920252231385,0.0,0.042885140421613066,-1.402104283534574,0.9853387695512219,2.7770982387792764,0.37603547464386944,0.4990203595535359,2.7731603329386547
9,170,1.0,62.571967975202625,0.011033778323032248,4.147351160215269,-4.136317381892237,-4.136317381892237,0.0,0.017531194595076904,-1.3635633354759047,0.9809945771882775,2.7727540464163325,0.3754768943438356,0.49905426338621667,2.7689694245313663
9,171,1.0,61.484566204734264,0.02851744152711945,4.147303628824279,-4.11878618729716,-4.118786187297159,8.881784197001252e-16,0.032664760712987295,-1.3460712572169664,0.9809554608521388,2.7727149300801934,0.37507352534849975,0.4990238856460201,2.7688109111888064
9,172,1.0,59.508634911447274,0.0592181690281047,4.145339595612278,-4.086121426584173,-4.086121426584173,0.0,0.015290382119250268,-1.3126792921552168,0.9816826652009011,2.773442134428956,0.3756645669974557,0.4988634301756725,2.76888983688751
9,173,1.0,58.60564625788072,0.07282094353729947,4.1436519880022225,-4.0708310444649225,-4.070831044464923,8.881784197001252e-16,0.013690046972580028,-1.2960961282938128,0.9829754469430547,2.7747349161711097,0.3757077171783077,0.4988037354499397,2.76993597553345
9,174,1.0,57.80879909053961,0.08447992449143321,4.141620921983776,-4.0571409974923425,-4.0571409974923425,0.0,-0.008675028918494476,-1.2809161209533746,0.9844654073109128,2.7762248765389685,0.37581807563690495,0.49868876753218183,2.770953097979367
9,175,1.0,58.31247363128438,0.07993137218811443,4.145747398598951,-4.065816026410837,-4.065816026410837,0.0,-0.05067671155409137,-1.2929076355008113,0.9811489216819697,2.772908390910025,0.3754464511467642,0.4988727841224377,2.7683963005582135
9,176,1.0,61.34371604551952,0.030284082581744073,4.146776820546672,-4.116492737964928,-4.116492737964928,0.0,-0.020765471279760916,-1.344189823911801,0.9805434448250722,2.772302914053127,0.37543452955384243,0.4989308097075639,2.7680246006425957
9,177,1.0,62.630865095837095,0.007067650143119879,4.144325859387809,-4.137258209244689,-4.137258209244689,0.0,-0.04108461059272628,-1.36290864710507,0.9825900929115642,2.7743495621396193,0.37530410237489875,0.49887999164329183,2.7698544067601265
9,178,1.0,65.25761992455297,-0.03648048629814896,4.141862333539267,-4.1783428198374155,-4.178342819837416,8.881784197001252e-16,0.009387375724773328,-1.4022037564942205,0.9843795941151402,2.776139063343195,0.3759209544799595,0.49874085423848635,2.7710643100302463
9,179,1.0,64.64788849402949,-0.023320608640832657,4.14563483547181,-4.168955444112642,-4.168955444112643,8.881784197001252e-16,0.03541909331894022,-1.3957122918410558,0.9814836830435314,2.7732431522715864,0.37559876875122117,0.49893725127291627,2.768983503894592
9,180,1.0,62.39819513220583,0.012069818255296863,4.145606169049,-4.133536350793702,-4.133536350793703,8.881784197001252e-16,0.019331204495387055,-1.3607215865938909,0.9810552949717563,2.7728147641998113,0.37554864062084325,0.4988642245634735,2.7682671514223576
9,181,1.0,61.20354705772515,0.03055246971568988,4.1447576160140045,-4.114205146298315,-4.114205146298315,0.0,0.02325056820215199,-1.340509030827538,0.9819366462427229,2.7736961154707775,0.3753803895382668,0.49892568199377507,2.7693929704960536
9,182,1.0,59.79694532296817,0.055446109128501904,4.146400687224665,-4.090954578096163,-4.090954578096163,0.0,0.10441973034911589,-1.3183481919286943,0.9808469169394126,2.7726063861674675,0.3754636381933564,0.4990493339620079,2.768804452111647
9,183,1.0,53.867905093246165,0.15612703259239738,4.142661880339444,-3.986534847747047,-3.986534847747047,0.0,0.016637321498548463,-1.2112511520224856,0.9835242264965066,2.775283695724562,0.3758168297933804,0.4990144728847849,2.7713272040981884
9,184,1.0,52.97910159421181,0.16995852397077924,4.139856050219278,-3.9698975262484986,-3.9698975262484986,0.0,-0.002549490766142082,-1.191942623094455,0.9861954339259885,2.7779549031540434,0.37614430953154027,0.4990348016259183,2.774066682085223
9,185,1.0,53.11434365045653,0.16355085570724331,4.135997872721884,-3.9724470170146406,-3.9724470170146406,0.0,-0.05430948800257207,-1.1907935268177041,0.9898940209688813,2.7816534901969363,0.3764927211888697,0.49901617351355476,2.7776819889410613
9,186,1.0,56.0787248837691,0.10795256644943668,4.13470907146665,-4.026756505017213,-4.026756505017214,8.881784197001252e-16,0.0006805776548954867,-1.2435314073766268,0.991465628412531,2.7832250976405857,0.37681413061486524,0.4989783320824513,2.779112574058035
9,187,1.0,56.04057194119093,0.10943583023459465,4.1355117575969125,-4.026075927362317,-4.026075927362318,8.881784197001252e-16,0.06887163173444666,-1.243972472893677,0.9903439852405853,2.7821034544686403,0.3765580641332965,0.498943482560336,2.7778538315404435
9,188,1.0,52.31087558494217,0.17645351211681942,4.13365780774469,-3.9572042956278706,-3.9572042956278706,0.0,-0.05016524990088733,-1.1744125648611075,0.9910322615387083,2.7827917307667627,0.3759130271797253,0.4988684542530124,2.778228630510299
9,189,1.0,55.0019998526532,0.12841288433377543,4.135782429862534,-4.007369545528758,-4.007369545528759,8.881784197001252e-16,0.032447694584373465,-1.226289085525073,0.9893209907756301,2.7810804600036847,0.37594760795464305,0.4988764071309691,2.7765611991200188
9,190,1.0,53.245955621990326,0.15636687348341435,4.131288724427797,-3.9749218509443844,-3.974921850944383,1.3322676295501878e-15,-0.04682089584693294,-1.1894290896060613,0.9937332921102682,2.785492761338323,0.3759401622231835,0.4989033294249133,2.7810580491176355
9,191,1.0,55.798263386170234,0.1144412768531641,4.136184023644482,-4.021742746791317,-4.021742746791318,8.881784197001252e-16,-0.10826326409333031,-1.2409948192897158,0.9889884582735465,2.780747927501602,0.3756402337447194,0.498911061756256,2.776370106506098
9,192,1.0,62.178296680206444,0.005829188799464591,4.135835199684113,-4.130006010884648,-4.130006010884649,8.881784197001252e-16,0.02754711215138972,-1.3489444981721794,0.9893020434844134,2.7810615127124687,0.37651505985453604,0.49878598793236506,2.7761680923985423
9,193,1.0,60.488840817914166,0.03998473022473132,4.14244362895799,-4.102458898733258,-4.102458898733259,8.881784197001252e-16,-0.07207579511091211,-1.3281401314384254,0.9825592980667786,2.7743187672948335,0.3757376777698114,0.49883269835563065,2.7696426741478377
9,194,1.0,65.00958326303855,-0.03164031747954027,4.142894376364631,-4.17453469384417,-4.174534693844171,8.881784197001252e-16,0.07626101076022707,-1.4004243690148541,0.982350855601262,2.774110324829317,0.3757216344292178,0.4988133498717713,2.76934682023894
9,195,1.0,60.23621099860656,0.04705063306210668,4.145324316146049,-4.098273683083943,-4.098273683083943,0.0,0.0033155061103107286,-1.3265209447057198,0.9799932691501683,2.7717527383782232,0.375451884953631,0.49886309104757265,2.767208137490229
9,196,1.0,60.03682818309453,0.05072770071308607,4.145685877686718,-4.094958176973632,-4.094958176973632,0.0,0.05159714668813198,-1.3229627295461828,0.9802359781993945,2.7719954474274497,0.3754339408328369,0.49895860293656796,2.767831047779005
9,197,1.0,57.01765919464064,0.100321788861031,4.14368281914653,-4.0433610302855,-4.043361030285499,8.881784197001252e-16,0.0022524742011453824,-1.2697426465797605,0.9818589144776849,2.7736183837057395,0.37561351041013175,0.49892842218880046,2.769321025332983
9,198,1.0,56.88937292329317,0.10157205495507665,4.142680611039431,-4.041108556084355,-4.041108556084354,8.881784197001252e-16,0.05097783193960215,-1.26629722662159,0.9830518602347099,2.7748113294627643,0.37575767688544914,0.499008446208485,2.7708295944006607
9,199,1.0,54.0619561043951,0.1495435069329968,4.139674231077749,-3.990130724144753,-3.9901307241447523,4.440892098500626e-16,0.030881099291478087,-1.2131298409841287,0.9852414139325694,2.7770008831606243,0.375782499601477,0.4989775554673064,2.7728844610987173
9,200,1.0,52.41797804013593,0.17616654882860217,4.135416173681877,-3.9592496248532747,-3.9592496248532747,0.0,-0.06455668130543657,-1.1783161592735094,0.9891739963517105,2.7809334655797655,0.37629096270543183,0.49893252701817464,2.7766052244167
9,201,1.0,55.91352529926384,0.11587881842667516,4.139685124585386,-4.023806306158711,-4.02380630615871,8.881784197001252e-16,-0.03499842885770921,-1.2461055115426054,0.9859413253880499,2.7777007946161043,0.3760688400901529,0.4990146714661316,2.773728479495263
9,202,1.0,57.905057811227344,0.080098554342665,4.138903289359085,-4.0588047350164205,-4.0588047350164205,0.0,0.014743657038425617,-1.279824605216957,0.9872206605714083,2.778980129799464,0.37621242242354525,0.49904617309320515,2.7751346183511814
9,203,1.0,57.05758824988216,0.09055377505780385,4.1346148530357985,-4.044061077977995,-4.044061077977995,0.0,-0.035829087358007605,-1.2609457266672592,0.9913558820826806,2.7831153513107356,0.3763361496758531,0.4990486744181956,2.779267052345784
9,204,1.0,59.13897398381647,0.05478072731973902,4.134670892655741,-4.0798901653360025,-4.0798901653360025,0.0,-0.10643976590077742,-1.2962696163944194,0.991861079713528,2.783620548941583,0.3759176948721915,0.4990783403188673,2.7799038002812
9,205,1.0,65.78092687803272,-0.05088462316714671,4.135445308069633,-4.18632993123678,-4.18632993123678,0.0,0.05869229024914535,-1.4026093066134537,0.9919611553952711,2.7837206246233257,0.3752811439131351,0.49909470730177796,2.780094757177064
9,206,1.0,62.03120972101773,0.01082473930094012,4.138462380288575,-4.1276376409876345,-4.127637640987635,8.881784197001252e-16,0.0016858757627700172,-1.3477988734183504,0.9880792983412291,2.779838767569284,0.3757187874593702,0.499061949234098,2.7760753230657436
9,207,1.0,61.926720910338446,0.012830596555894802,4.138782361780759,-4.1259517652248645,-4.1259517652248645,0.0,-0.03481601214557006,-1.3467291678459257,0.987463128150884,2.7792225973789386,0.3756420372440325,0.4990715531572179,2.775499249912579
9,208,1.0,64.12073415441964,-0.02021934988234103,4.140548427488094,-4.160767777370435,-4.160767777370435,0.0,0.019120766818151225,-1.3835391924310547,0.9854691157113251,2.77722858493938,0.3748615714028205,0.49903006966474556,2.7733472226667293
9,209,1.0,62.906343586466335,-4.279881260627061e-05,4.141604211739677,-4.141647010552283,-4.141647010552283,0.0,-0.016189244504589695,-1.3658243452282424,0.9840631960959851,2.7758226653240397,0.37499473232697306,0.49900804785994274,2.771853268801023
9,210,1.0,63.93303804357148,-0.014723546070498313,4.143112708986375,-4.157836255056873,-4.157836255056873,0.0,0.07218190996180418,-1.3835839866054307,0.9824927992233876,2.7742522684514426,0.37545612265494055,0.49897600865313674,2.7701571751782765
9,211,1.0,59.48084601998191,0.057771838832991904,4.143426183928061,-4.085654345095069,-4.085654345095069,0.0,0.0009378541773257254,-1.3128419857734148,0.9810528900935989,2.772812359321654,0.3753207214683545,0.49889839615701775,2.7684067158593493
9,212,1.0,59.4250878106929,0.0591487519790484,4.143865242896792,-4.084716490917743,-4.084716490917744,8.881784197001252e-16,0.12011998331507412,-1.312393591116326,0.9805634305733619,2.772322899801417,0.3755070589196197,0.4988966813541187,2.7679098388873924
9,213,1.0,52.69900145277731,0.1747695762050846,4.1393660838077535,-3.964596507602669,-3.964596507602669,0.0,-0.05181215974557274,-1.1893799868052841,0.98345705156933,2.7752165207973847,0.37587030008078637,0.4988134529032866,2.770447293686187
9,214,1.0,55.5014234043225,0.12380020089150202,4.140208868239744,-4.016408667348242,-4.016408667348243,8.881784197001252e-16,0.020112479503078706,-1.2412778671864984,0.9833713309336884,2.7751308001617434,0.37500323289381887,0.4988403367651241,2.7704779970809583
9,215,1.0,54.39630277433396,0.14502438948995802,4.141320577335122,-3.996296187845163,-3.9962961878451644,1.3322676295501878e-15,-0.002052413594553215,-1.2228851281021407,0.9816515905149679,2.7734110597430224,0.3756535123972633,0.49879818198899456,2.7685946538098194
9,216,1.0,54.508061133598424,0.1416713033442295,4.140019904783946,-3.9983486014397163,-3.9983486014397167,4.440892098500626e-16,-0.01529500244813109,-1.2239040428592376,0.9826850893524236,2.7744445585804787,0.37522786781784556,0.49874123992359515,2.769399242181146
9,217,1.0,55.34817042122148,0.1276856665319577,4.141329270419805,-4.013643603887847,-4.0136436038878465,8.881784197001252e-16,-0.01692639836949006,-1.2400379274572473,0.9818462072025452,2.7736056764306003,0.37530681663958415,0.4987916140001749,2.7687653764691924
9,218,1.0,56.29298923493275,0.11036632018478144,4.140936322442118,-4.030570002257337,-4.0305700022573365,8.881784197001252e-16,-0.03395262521323428,-1.2564479913332898,0.9823625416959919,2.774122010924047,0.37514810223759093,0.49881172039059374,2.7693624427904187
9,219,1.0,58.237101093573095,0.07514776501956406,4.139670392490135,-4.064522627470572,-4.064522627470571,8.881784197001252e-16,0.05271591712297319,-1.2884706788484714,0.9842924793940453,2.7760519486221003,0.3753470061368961,0.4989006470946992,2.7716464389941255
9,220,1.0,55.246595044647776,0.1275974030324447,4.139404113380044,-4.0118067103475985,-4.011806710347599,8.881784197001252e-16,-0.033193583754320244,-1.2369872548414451,0.9830599862780985,2.774819455506153,0.3757622405444909,0.49877061285208324,2.7698948302952684
9,221,1.0,57.111202830656794,0.09519472678748825,4.140195020889408,-4.045000294101919,-4.04500029410192,8.881784197001252e-16,0.016702723577433076,-1.2701413092086846,0.9830995156651792,2.774858984893234,0.3754391556355072,0.498847665293676,2.770241794001897
9,222,1.0,56.165212496801445,0.11168589216015766,4.139983462684643,-4.028297570524486,-4.028297570524485,8.881784197001252e-16,0.01709512426855131,-1.2536494269210405,0.9828886743753902,2.774648143603445,0.37527268316047396,0.4987368244204398,2.7695753440047195
9,223,1.0,55.21322159527962,0.12816872451787328,4.139371170773808,-4.011202446255934,-4.011202446255935,8.881784197001252e-16,0.05002792169186554,-1.236466558898758,0.9829764181291214,2.7747358873571764,0.3755253572948673,0.4986777968859699,2.7694242432456675
9,224,1.0,52.51897456381073,0.17462849112875956,4.135803015692829,-3.961174524564069,-3.9611745245640697,8.881784197001252e-16,0.03342841032135002,-1.1836293257345754,0.9857857296014391,2.7775451988294946,0.3762647119705093,0.49861756477870073,2.7719625506997283
9,225,1.0,50.79236836394492,0.20520478071936155,4.132950894962081,-3.927746114242719,-3.9277461142427192,4.440892098500626e-16,-0.04715368792083474,-1.1479215970059977,0.9880650480086658,2.7798245172367206,0.37644557706900994,0.4986101655350181,2.774192571780445
9,226,1.0,53.24478162652733,0.16094818226833651,4.135847984431891,-3.9748998021635535,-3.974899802163554,4.440892098500626e-16,-0.051610614173732916,-1.1972263355249566,0.9859139974105421,2.7776734666385967,0.37561555793126805,0.4987124023655191,2.772486695717762
9,227,1.0,56.06492624230488,0.11127920529107505,4.137789621628361,-4.0265104163372865,-4.026510416337286,8.881784197001252e-16,-0.03253591080677598,-1.250726874395501,0.9840240727137305,2.775783541941786,0.37516291433926235,0.4986346562812116,2.7703045919297407
9,228,1.0,57.9190489073465,0.08033429542976325,4.139380622573826,-4.059046327144062,-4.059046327144063,8.881784197001252e-16,0.035605689203266344,-1.28468822522642,0.9825986326895876,2.774358101917642,0.3749600279208106,0.49866557434499953,2.7690155082190615
9,229,1.0,55.893083237844195,0.11470074185553415,4.1381413797963305,-4.023440637940796,-4.023440637940796,0.0,0.01575330538356834,-1.2481779741394794,0.9835031945732616,2.7752626638013163,0.3750677771072367,0.49868184772967245,2.769977545262383
9,230,1.0,55.01948155232782,0.13044640116776812,4.138133733724996,-4.007687332557228,-4.007687332557228,0.0,0.016604496607035113,-1.2333723697063592,0.9825554936228134,2.7743149628508683,0.3756768229258191,0.4985224847176679,2.7683887528728874
9,231,1.0,54.113453642844135,0.14699191012282914,4.138074746073022,-3.9910828359501926,-3.9910828359501926,0.0,-0.06683580386386678,-1.2168575214761255,0.9824658452460122,2.774225314474067,0.37581351064493695,0.49849430231094116,2.7681846599122064
9,232,1.0,57.853771143099365,0.08185602220082319,4.139774662014883,-4.057918639814059,-4.057918639814059,0.0,-0.035462774417037934,-1.2842600944781506,0.981899076107854,2.773658545335909,0.37569400039010176,0.49858588119344577,2.7679950720534467
9,233,1.0,59.94223894122885,0.046367008306615186,4.139748422537712,-4.093381414231097,-4.093381414231097,0.0,0.054025218569584865,-1.3193055451340279,0.9823163998690146,2.7740758690970693,0.3754399446496578,0.4986018163638956,2.76847867578852
9,234,1.0,56.78976953370925,0.10008639089005782,4.13944258655157,-4.0393561956615125,-4.039356195661512,8.881784197001252e-16,0.03162233918535229,-1.2661453193255274,0.9814514071079302,2.7732108763359853,0.3751582840372778,0.498548402263266,2.7674010290070044
9,235,1.0,55.022041333772336,0.12996524402826812,4.137699100504428,-4.00773385647616,-4.00773385647616,0.0,-0.01768185949639367,-1.233471190109175,0.9825031971389301,2.7742626663669854,0.3753389290863073,0.4984642373359842,2.768109790844452
9,236,1.0,56.003585528075575,0.11262541681642184,4.138041132788976,-4.025415715972554,-4.025415715972554,0.0,0.052749640629870864,-1.2514246350455736,0.9822316116989253,2.77399108092698,0.3755333272947359,0.49842055138120256,2.767660540917381
9,237,1.0,53.125980064251806,0.16344660096496486,4.136112676307649,-3.972666075342683,-3.972666075342684,8.881784197001252e-16,0.027258523644302812,-1.1976581786603016,0.9832484274543262,2.775007896682381,0.37546956847476104,0.4984059663398301,2.7686130276404834
9,238,1.0,51.69740318373197,0.18675405097099193,4.132161602669372,-3.94540755169838,-3.94540755169838,0.0,-0.04523335168663101,-1.1673248640590834,0.9863232184112413,2.7780826876392966,0.37594759394896515,0.4982338691188988,2.7709690254937662
9,239,1.0,54.08954442898416,0.14505284525680323,4.135693748641815,-3.990640903385011,-3.9906409033850117,4.440892098500626e-16,0.0029052185844382628,-1.2152996228805737,0.9835818112763824,2.775341280504437,0.37529726342465464,0.4983690925139861,2.7687980082015664
9,240,1.0,53.932630524248,0.14958618807271173,4.137321872873285,-3.987735684800573,-3.987735684800573,0.0,0.05601539000669398,-1.213890619679772,0.9820855958927458,2.773845065120801,0.375536200551662,0.49842294484634947,2.7675282112249597
9,241,1.0,50.994628048487314,0.2041206204500986,4.1358409152439775,-3.931720294793879,-3.931720294793879,0.0,0.07785639034159564,-1.1568897553989637,0.9830710701668602,2.7748305393949155,0.3759959319098862,0.4984934183755394,2.768780136658036
9,242,1.0,47.17499118760089,0.27421413122961585,4.1280780356819005,-3.8538639044522833,-3.8538639044522847,1.3322676295501878e-15,-0.002782245976916453,-1.07321365346875,0.988890781755479,2.7806502509835336,0.37646485073626385,0.49833250889976505,2.7739163171517807
9,243,1.0,47.306426374768556,0.27066067793351967,4.12730682836272,-3.8566461504292,-3.8566461504292002,4.440892098500626e-16,-0.014825702951942077,-1.0752545462690597,0.9896321349320853,2.7813916041601403,0.3761488726274018,0.4982867173093613,2.7744701358033748
9,244,1.0,48.013002199410494,0.2575848470409598,4.129056700422102,-3.871471853381142,-3.8714718533811423,4.440892098500626e-16,-0.012646223980486315,-1.0918295979405683,0.9878827862125187,2.779642255440574,0.37618784645733866,0.4982671266368581,2.772653568319105
9,245,1.0,48.62404090190317,0.24513167605851,4.129249753420138,-3.884118077361628,-3.8841180773616277,4.440892098500626e-16,-0.0595852006178581,-1.1038836591815022,0.9884749489520711,2.7802344181801257,0.375363035838985,0.4984215948937678,2.7738626662365324
9,246,1.0,51.60937169433544,0.19022992834283953,4.133933206322325,-3.9437032779794863,-3.943703277979486,4.440892098500626e-16,-0.0009545125302237167,-1.1669493353723321,0.9849944733790993,2.7767539426071544,0.3758615999714851,0.49857930176389303,2.7710389706418113
9,247,1.0,51.65865700427564,0.18856055629469426,4.133218346804404,-3.94465779050971,-3.94465779050971,0.0,-0.11652799566692762,-1.167060322755314,0.9858379985263411,2.7775974677543958,0.3755470509148111,0.4985748516887618,2.7718600809796445
9,248,1.0,58.04309699026828,0.07627629121065249,4.1374620773872905,-4.061185786176638,-4.0611857861766385,8.881784197001252e-16,-0.021628575711766018,-1.2862248758823769,0.983201441066206,2.774960910294261,0.3748774604939629,0.4986784765296021,2.7696716289046552
9,249,1.0,59.31216106077006,0.05369194860379347,4.136506310492198,-4.082814361888404,-4.0828143618884045,8.881784197001252e-16,0.0003864406402565024,-1.3072835709448654,0.9837713217154832,2.775530790943538,0.3739336744727755,0.49855978573421095,2.769763274053259
9,250,1.0,59.28924485943567,0.05393707677014824,4.136364998018296,-4.082427921248147,-4.082427921248148,8.881784197001252e-16,0.018840242281097375,-1.3069580785546793,0.9837103734654128,2.7754698426934676,0.3739561556827712,0.4985426650302594,2.7696339967401884
9,251,1.0,58.1826778484864,0.07334476255368787,4.136932441520738,-4.06358767896705,-4.06358767896705,0.0,-0.03645998481245272,-1.288772291337508,0.9830559184014867,2.7748153876295416,0.3742817115507431,0.4985514632188955,2.7690179432742625
9,252,1.0,60.34316371206785,0.03566334695241756,4.135711010731921,-4.1000476637795025,-4.100047663779503,8.881784197001252e-16,0.05380596651546998,-1.3230248887587617,0.9852633057926861,2.777022775020741,0.3736809626007582,0.4986250104634216,2.771517918167578
9,253,1.0,57.182144883176385,0.08922576570848331,4.135467462972515,-4.0462416972640325,-4.046241697264032,8.881784197001252e-16,0.03337082128938995,-1.269663705065833,0.9848185229701443,2.7765779921981992,0.37410156019390844,0.49860234048164037,2.770978565641391
9,254,1.0,55.30541786516622,0.12268656623793711,4.13555744221258,-4.0128708759746425,-4.0128708759746425,0.0,-0.05341281396321218,-1.2374189241026747,0.9836924826439128,2.775451951871968,0.37538204151150745,0.49840948801552415,2.7690688069806604
9,255,1.0,58.33975062610261,0.06883438149617065,4.135118071434026,-4.066283689937855,-4.066283689937856,8.881784197001252e-16,-0.06565277678193748,-1.2900198426929386,0.9845043780168613,2.776263847244916,0.3757454622117326,0.49836221626311145,2.769692746945729
9,256,1.0,62.298445069118685,0.0035807570655830012,4.135517223785376,-4.131936466719792,-4.131936466719793,8.881784197001252e-16,-0.10663925020225662,-1.355209771195441,0.9849672262962971,2.7767266955243515,0.37451963013085987,0.49854244415031923,2.770896015127496
9,257,1.0,69.30906577626249,-0.10429866966132818,4.134277047260721,-4.238575716922049,-4.238575716922049,0.0,0.07498041478197504,-1.460238541924804,0.9865777057691899,2.778337174997245,0.37469534358127843,0.4985818890128906,2.7726567916171994
9,258,1.0,64.30229367955354,-0.02776881926844671,4.135826482871628,-4.163595302140074,-4.163595302140075,8.881784197001252e-16,0.036546960980098575,-1.3869685424851326,0.9848672904268864,2.7766267596549405,0.37447031308154904,0.49862303596906504,2.7711191628348737
9,259,1.0,61.99466550862626,0.010136169476281695,4.137184510636256,-4.127048341159975,-4.127048341159974,8.881784197001252e-16,0.019391368469510617,-1.3525539499330288,0.9827349219988916,2.7744943912269466,0.3749320859836436,0.49853112440503483,2.7686219385762683
9,260,1.0,60.80408490729337,0.029485957614334243,4.137142930304799,-4.107656972690465,-4.1076569726904655,8.881784197001252e-16,0.0358041840926866,-1.3328563829599982,0.9830411205024113,2.774800589730466,0.3752061184230634,0.49860222101590185,2.769209517990116
9,261,1.0,58.66555683452499,0.06562346644702914,4.137476255044807,-4.071852788597778,-4.071852788597778,0.0,0.05272489822403159,-1.297780365740935,0.9823129536287878,2.7740724228568427,0.3758151187250377,0.4985568535658749,2.7682910656955
9,262,1.0,55.652549532494476,0.1169392033619841,4.136067093735731,-4.019127890373746,-4.019127890373746,0.0,0.0479431479622483,-1.244554380217802,0.9828140409278895,2.774573510155944,0.37578064488284957,0.4985411173088288,2.7687201723051005
9,263,1.0,53.047341060134514,0.1589633794493998,4.130148121860898,-3.971184742411498,-3.9711847424114985,4.440892098500626e-16,0.0014583909863907785,-1.1908114669499648,0.9886138062334782,2.7803732754615336,0.37633814373130325,0.49856965565040046,2.774585697253394
9,264,1.0,52.97003368197427,0.1622329868915163,4.131959338316624,-3.9697263514251073,-3.9697263514251073,0.0,-0.033866106604281576,-1.1915384741941926,0.9864284080028599,2.7781878772309145,0.37608735533138404,0.4985438606837274,2.7723150885949344
9,265,1.0,54.79464433305777,0.12903307024693184,4.132625528276321,-4.003592458029389,-4.00359245802939,8.881784197001252e-16,0.03104683686573484,-1.2255212672719458,0.9863117215293883,2.778071190757443,0.37565236100240107,0.498573327619122,2.772329847775986
9,266,1.0,53.119581203330554,0.15684746829532045,4.129393089458974,-3.972545621163654,-3.9725456211636536,4.440892098500626e-16,-0.06335870121968767,-1.1923096338616743,0.9884765180739249,2.78023598730198,0.3746809467491553,0.4984882935196245,2.7741503448595046
9,267,1.0,56.59407639405606,0.09811554242384482,4.134019864807187,-4.035904322383342,-4.035904322383343,8.881784197001252e-16,-0.05258713927513359,-1.259865180700095,0.9842796724551919,2.776039141683247,0.3748717965104447,0.4985059774739434,2.770053175362085
9,268,1.0,59.64983972749822,0.04508479962502062,4.133576261283496,-4.088491461658475,-4.088491461658475,0.0,0.017035958064237633,-1.3118783931409699,0.9848535992894494,2.7766130685175043,0.3752564013952659,0.4984989036176282,2.7705993206352137
9,269,1.0,58.642254517707265,0.06062174394324033,4.132077247537477,-4.071455503594238,-4.071455503594237,8.881784197001252e-16,-0.014842721939706927,-1.2930865947395533,0.9866094396266285,2.778368908854683,0.3751550215065972,0.49854947903393615,2.7725521129133868
9,270,1.0,59.519156905713366,0.047311929839664695,4.13361015537361,-4.086298225533945,-4.0862982255339455,8.881784197001252e-16,0.019119757623074385,-1.3090606321389069,0.9854781241669829,2.777237593395038,0.3752927788573701,0.49859000065463316,2.771587404859023
9,271,1.0,58.39197511108911,0.06621753468139632,4.133396002592266,-4.06717846791087,-4.06717846791087,0.0,-0.05093384523556743,-1.2901457413585926,0.9852732573242227,2.777032726552278,0.3759498962438893,0.49857277253175974,2.771310017428602
9,272,1.0,61.44314730203186,0.016724687964995516,4.134837001111433,-4.118112313146438,-4.118112313146438,0.0,-0.03480746567974524,-1.3415301555001975,0.984822688418185,2.77658215764624,0.3761633256366717,0.49863192639803594,2.7710995502613476
9,273,1.0,63.61948420327079,-0.017366335274233133,4.13555344355195,-4.152919778826183,-4.152919778826183,0.0,0.0012434035656072595,-1.377162632526211,0.9839976770719172,2.775757146299972,0.3760599242378151,0.4986064160787142,2.7701801062050095
9,274,1.0,63.54042866892228,-0.013929523104684954,4.137746852155891,-4.151676375260576,-4.151676375260576,0.0,-0.01864665248589592,-1.3787663057782804,0.9811506002542395,2.7729100694822946,0.37576000769722306,0.4985206432921318,2.7669951130060517
9,275,1.0,64.73636037085198,-0.032833612298845155,4.137489415447627,-4.170323027746472,-4.1703230277464725,8.881784197001252e-16,-0.03559857983342951,-1.3979090803842429,0.9806544781341738,2.7724139473622285,0.3757606199584421,0.49842522761144087,2.7661147665766173
9,276,1.0,67.08239282819441,-0.07030921505490675,4.135612392524994,-4.205921607579901,-4.205921607579901,0.0,-0.09272577741669874,-1.4314425555975596,0.9827195827542866,2.7744790519823415,0.37568267827485763,0.4984696638557177,2.7683492146658826
9,277,1.0,73.60017364187107,-0.16673679917560608,4.131910585820994,-4.2986473849966,-4.2986473849966,0.0,0.07424607372051728,-1.51993820940792,0.9869497063606248,2.77870917558868,0.3760139984778853,0.49850094065362444,2.7726826209445403
9,278,1.0,68.33358075550984,-0.09108558873164785,4.133315722544435,-4.2244013112760825,-4.2244013112760825,0.0,0.016796988354001563,-1.4476388941398184,0.9850029479082091,2.7767624171362644,0.3757849923060335,0.49847183207381224,2.7706291187208603
9,279,1.0,67.19536842602463,-0.07592956555288514,4.131674757369197,-4.207604322922081,-4.207604322922082,8.881784197001252e-16,0.002647709664985065,-1.4295718826905484,0.9862729710034784,2.778032440231533,0.3761364192681117,0.49845296286013974,2.77182273689977
9,280,1.0,67.01768992394369,-0.07279936982330913,4.132157243433787,-4.204956613257096,-4.204956613257096,0.0,-0.018181990645780743,-1.426614411905522,0.9865827321235193,2.778342201351574,0.37514827352729957,0.49853276990566103,2.772464057695276
9,281,1.0,68.24734989288274,-0.09160513209712937,4.131533471805747,-4.223138603902877,-4.223138603902876,8.881784197001252e-16,0.019324721407190104,-1.4439007735109273,0.9874783611638943,2.7792378303919496,0.37556170234096176,0.4985546730620836,2.773444657171965
9,282,1.0,66.9411504884217,-0.07178578700519428,4.132028095490493,-4.2038138824956865,-4.203813882495687,8.881784197001252e-16,-0.0538204094183925,-1.425395054476006,0.9866593587916265,2.7784188280196815,0.37614540122150464,0.4985415243097003,2.772576857401553
9,283,1.0,70.64266569437748,-0.12538286630158907,4.132251425612489,-4.257634291914079,-4.257634291914078,8.881784197001252e-16,-0.09473410107237701,-1.480034151348308,0.9858406713377162,2.7776001405657706,0.3762242566561156,0.4984755819767381,2.7714854957299786
9,284,1.0,77.66217984450928,-0.22416982579090322,4.128198567195553,-4.352368392986456,-4.352368392986456,0.0,0.0961456135432659,-1.5708169756970394,0.9897919480613626,2.7815514172894176,0.37680237395048677,0.49843690794747664,2.7752547115801174
9,285,1.0,70.54302303074793,-0.12247728631325525,4.133745493129936,-4.25622277944319,-4.256222779443191,8.881784197001252e-16,-0.020695199474694448,-1.4803740933515794,0.9840892168635555,2.7758486860916105,0.37616769243521553,0.49841545389284486,2.76949685566589
9,286,1.0,72.01813619672623,-0.14615271454322426,4.13076526437466,-4.276917978917885,-4.276917978917885,0.0,-0.00564506599638559,-1.4980274980899908,0.9871310115998387,2.7788904808278936,0.37573989123186957,0.4984310697773011,2.772596890535889
9,287,1.0,72.42583298346283,-0.15654611850724973,4.12601692640702,-4.28256304491427,-4.28256304491427,0.0,-0.018472607097177907,-1.4993311804099332,0.9914723952762822,2.7832318645043372,0.37490144116398544,0.4983947830560727,2.776785651675987
9,288,1.0,73.77616057711346,-0.17589608498440545,4.125139567027043,-4.301035652011448,-4.301035652011448,0.0,0.038114253371110074,-1.5167876523647683,0.9924885304186247,2.7842479996466794,0.37457438369140156,0.49841075197077317,2.7778629739054446
9,289,1.0,71.01715010450756,-0.1348594409310764,4.128061957709261,-4.262921398640338,-4.262921398640337,8.881784197001252e-16,-0.05659459300867642,-1.4833413606910628,0.9878205687212201,2.779580037949275,0.37495134225439386,0.4982305176622304,2.772465411463097
9,290,1.0,75.15224517360743,-0.1953395914089611,4.124176400240053,-4.3195159916490145,-4.3195159916490145,0.0,0.015905067568180442,-1.535234491445804,0.9925220309751553,2.7842815002032104,0.3741315584588906,0.49831252881435634,2.7774823999905003
9,291,1.0,73.96639911569284,-0.18036920071908275,4.123241723361753,-4.303610924080834,-4.303610924080836,1.7763568394002505e-15,0.055516525487216306,-1.519264011099138,0.9925874437536414,2.7843469129816962,0.3736386724629428,0.4982217337281525,2.7771722317617304
9,292,1.0,69.97194658098843,-0.12366660143333066,4.124427797160285,-4.248094398593618,-4.248094398593616,1.7763568394002505e-15,0.029166768181545066,-1.4647136199700432,0.9916213093955185,2.7833807786235734,0.3729801359877728,0.4982458188498798,2.776326324429542
9,293,1.0,67.96056635438276,-0.08906616380465811,4.129861466607414,-4.218927630412073,-4.218927630412072,8.881784197001252e-16,-0.05377593488119903,-1.4408156638868121,0.9863524972972056,2.7781119665252607,0.37479306745998997,0.49832607054021844,2.7714061540030808
9,294,1.0,71.71526065201863,-0.1436787325572372,4.129024832736034,-4.272703565293272,-4.272703565293272,0.0,-0.008021791022224889,-1.4933071811844767,0.9876369148807402,2.779396384108795,0.37531522050096766,0.4983535364054729,2.77279079191537
9,295,1.0,72.29285907567174,-0.15659781178758203,4.124127544527915,-4.2807253563154966,-4.2807253563154966,0.0,0.029476839661742638,-1.4965061176859926,0.992459769401449,2.784219238629504,0.3731565235262654,0.49830293233917433,2.777389473902916
9,296,1.0,70.19299478421,-0.1310899526332264,4.120158564020528,-4.251248516653754,-4.251248516653755,8.881784197001252e-16,0.010891585488895572,-1.462898867893941,0.9965901795317579,2.7883496487598127,0.3710155159289798,0.498293072969392,2.781470232303357
9,297,1.0,69.43263008596358,-0.114139114735613,4.126217816429245,-4.240356931164858,-4.2403569311648575,8.881784197001252e-16,-0.03253267466906706,-1.4592431965945176,0.9893542653422859,2.7811137345703405,0.3739816510441387,0.4982403766608761,2.7740526917804758
9,298,1.0,71.7286038390318,-0.1458637417665298,4.127025864067396,-4.272889605833925,-4.272889605833925,0.0,-0.040873274683716154,-1.4920453207145827,0.9890848158912876,2.780844285119342,0.37486884960176553,0.4983042483376739,2.7740385943108596
9,299,1.0,74.7211272790353,-0.18977876413321748,4.123984116384425,-4.313762880517642,-4.3137628805176425,8.881784197001252e-16,-0.08369454504578577,-1.5302845653094241,0.9917188459801626,2.7834783152082174,0.374327542918562,0.498240892402481,2.77639334081459
9,300,1.0,81.2440368225667,-0.2832683042227739,4.114189121340654,-4.397457425563427,-4.397457425563427,0.0,0.004255828881912116,-1.6045380070324997,1.0011599493028729,2.792919418530928,0.37319892779304153,0.4982118365245694,2.7856554039578563
9,301,1.0,80.89901081076849,-0.2767587828587056,4.116442813822809,-4.393201596681515,-4.393201596681515,0.0,-0.11752287447773746,-1.601864123260423,0.9995780041930376,2.7913374734210925,0.37428237585485846,0.4982488442006998,2.784242346677789
9,302,1.0,90.98771261209319,-0.40330065174864016,4.107423819410613,-4.510724471159253,-4.510724471159254,8.881784197001252e-16,-0.025952026709227027,-1.7119100086085928,1.007054993322604,2.798814462550659,0.37636561848954847,0.49815959736443843,2.7912831005283585
9,303,1.0,93.37993541147512,-0.4349001234096449,4.101776374458835,-4.53667649786848,-4.53667649786848,0.0,0.12094684528098565,-1.732981702931659,1.0119353257087658,2.8036947949368205,0.3752913098752695,0.4981072325726519,2.795894696512086
9,304,1.0,82.74219194023067,-0.3022084475787358,4.113521205008757,-4.415729652587494,-4.415729652587493,8.881784197001252e-16,-0.061421251024455614,-1.6227798522422698,1.0011903311171693,2.7929498003452244,0.3739904709122363,0.4980739981124486,2.7850854931275872
9,305,1.0,87.98364136444059,-0.36905344350226926,4.10809746010968,-4.47715090361195,-4.47715090361195,0.0,-0.01420116189947418,-1.6805894396842913,1.0048019946996034,2.796561463927659,0.37512612635736126,0.49792403856413237,2.7879967721972925
9,306,1.0,89.24202540930271,-0.3818303425431629,4.10952172296826,-4.491352065511424,-4.491352065511423,8.881784197001252e-16,0.028307049131657713,-1.6967254087335981,1.0028671875497708,2.794626656777826,0.3765041164951169,0.4979336295482916,2.786116987205471
9,307,1.0,86.75126634694794,-0.35621677084399117,4.106828245535775,-4.463045016379766,-4.463045016379766,0.0,0.05583818272547525,-1.6668973559966245,1.004388191155087,2.796147660383142,0.37583252983688265,0.49770676090767507,2.7866347427413753
9,308,1.0,82.03999183292753,-0.2971321595884444,4.110074674065847,-4.407206833654291,-4.407206833654291,0.0,0.02403472148654462,-1.6135220717867134,1.0019252926395223,2.7936847618675777,0.37500792598606036,0.4976839115166647,2.7841245798787533
9,309,1.0,80.0916907043025,-0.26950565384622016,4.113666458321526,-4.383172112167746,-4.383172112167746,0.0,-0.029543120917259635,-1.5919503871615834,0.9994622557781078,2.7912217250061624,0.3740753128788067,0.49784280936050046,2.782381218615713
9,310,1.0,82.49314781348669,-0.30700467984298846,4.105710553242018,-4.412715233085006,-4.412715233085006,0.0,0.00431334040510567,-1.6160236120855511,1.0049321517714,2.796691620999455,0.3742156709408222,0.4976061183061063,2.786762880449587
9,311,1.0,82.13809307233875,-0.3014089000829406,4.106992992596959,-4.4084018926799,-4.4084018926799,0.0,0.06510957544657803,-1.6114644093546964,1.005178014097149,2.7969374833252036,0.3727674405231546,0.4977724108403674,2.7877384853615133
9,312,1.0,76.96050107863827,-0.22932231671745495,4.113970000515867,-4.343292317233322,-4.343292317233321,8.881784197001252e-16,-0.019033163948536824,-1.552789228781415,0.9987436192238522,2.7905030884519078,0.3727134180786954,0.4978435296933265,2.7816991301262743
9,313,1.0,78.4393316825724,-0.24960668469581404,4.112718796486046,-4.362325481181859,-4.36232548118186,8.881784197001252e-16,-0.03952522285609561,-1.571414283782002,0.999151728171802,2.7909111973998564,0.37344614784963104,0.49777076046487534,2.7817868788490068
9,314,1.0,81.60174969149855,-0.29256929318513064,4.109281410852824,-4.401850704037955,-4.401850704037955,0.0,0.019463876842946704,-1.6091877848431881,1.0009034499667113,2.7926629191947665,0.37495430793850204,0.49763587439540613,2.782921630669099
9,315,1.0,80.02882059185931,-0.2715283096882856,4.110858517506721,-4.382386827195008,-4.382386827195007,8.881784197001252e-16,0.04070035164361574,-1.5916623579171467,0.9989650000498064,2.7907244692778614,0.37535203622442614,0.49756848052203767,2.7807228458427233
9,316,1.0,76.83701387512991,-0.22764179748287197,4.11404467806852,-4.341686475551392,-4.341686475551392,0.0,0.08654075915803539,-1.5528975673179544,0.9970294390053825,2.788788908233437,0.3739900771399107,0.4976716300748379,2.7792754109188014
9,317,1.0,70.46708464977117,-0.13093313130885148,4.124212585084505,-4.255145716393357,-4.255145716393357,0.0,0.0692863619892723,-1.4753904378043214,0.9879958093609803,2.7797552785890356,0.3749132937192565,0.49776824823787985,2.7707495395026283
9,318,1.0,65.74997918001662,-0.061273687287483,4.124585667116602,-4.1858593544040845,-4.1858593544040845,0.0,0.07176874640438058,-1.407892645373196,0.9862072398028339,2.777966709030889,0.3755420938378313,0.497579493884819,2.768214212025766
9,319,1.0,61.196537309026176,0.010468556291559239,4.124559164291262,-4.114090607999704,-4.114090607999703,8.881784197001252e-16,-0.0015039364225284402,-1.3368895626679171,0.9854415761037316,2.7772010453317866,0.37545539398722183,0.4975404369531095,2.7673124533503644
9,320,1.0,61.28864225304744,0.007818530864722367,4.123413075286955,-4.115594544422232,-4.115594544422232,0.0,0.004616803409364323,-1.3372916505816097,0.9865434246125676,2.7783028938406225,0.3748704109584954,0.4975100604938441,2.7682871389975343
9,321,1.0,61.00633681633152,0.01397477570240234,4.12495251671527,-4.110977741012868,-4.110977741012868,0.0,-0.016816246132578705,-1.333333163144675,0.9858851086401383,2.7776445778681933,0.3738145008911494,0.4976681833477639,2.7682856965376756
9,322,1.0,62.040908820510765,-0.0036969169897926313,4.124097070155653,-4.127793987145447,-4.127793987145445,1.7763568394002505e-15,-0.03854833902898136,-1.3493479445866596,0.9866865733307323,2.7784460425587874,0.3734009773627582,0.4976948797321516,2.769191393802215
9,323,1.0,64.47917646515515,-0.04574163234866496,4.120600693825763,-4.166342326174428,-4.166342326174427,8.881784197001252e-16,0.03473916277836686,-1.3856209050696726,0.9889619518767008,2.7807214211047557,0.3737315474764753,0.4975887135821191,2.771009612203169
9,324,1.0,62.27768425033099,-0.011802781727815764,4.119800381668245,-4.131603163396061,-4.131603163396061,0.0,-0.03696596747669467,-1.350669446522376,0.9891742476456301,2.7809337168736854,0.37381629999982763,0.4975459048829438,2.7710531088695127
9,325,1.0,64.62291898211062,-0.04992051778376237,4.118648613088993,-4.168569130872756,-4.168569130872756,0.0,-0.018126432902305645,-1.386169289188622,0.9906403724560789,2.782399841684134,0.372844320935084,0.4975505840914883,2.7725241339293087
9,326,1.0,65.80498292286605,-0.06857965767526597,4.118115906099796,-4.186695563775062,-4.186695563775062,0.0,0.013135792595716289,-1.404332922025449,0.9906031725215577,2.7823626417496126,0.37351624519145865,0.4974887708343605,2.7722255694695517
9,327,1.0,64.94623483181286,-0.04907522319853401,4.124484547980812,-4.173559771179345,-4.173559771179345,0.0,-0.013794692572359324,-1.397098592120159,0.984701709831131,2.7764611790591864,0.3746997269418635,0.4976454247946413,2.7670129259625065
9,328,1.0,65.84835611230443,-0.06055348776549166,4.126800975986212,-4.187354463751705,-4.187354463751704,8.881784197001252e-16,-0.016454474471495395,-1.413685352484957,0.9819096420386918,2.7736691112667464,0.37589302522049667,0.49759234080716297,2.764011175050421
9,329,1.0,66.94081951395131,-0.07685236251031421,4.126956575712885,-4.2038089382232,-4.203808938223199,8.881784197001252e-16,-0.04014182120906096,-1.4296343266652303,0.9824151423299149,2.7741746115579695,0.37612189453514744,0.49761042525807025,2.764590476560169
9,330,1.0,69.68260795436031,-0.12040601962532192,4.123544739806939,-4.243950759432261,-4.243950759432261,0.0,-0.07248356942832768,-1.4671617677597986,0.9850295224444073,2.7767889916724626,0.3766627111060025,0.497481057750852,2.7666501446391667
9,331,1.0,74.92100777702771,-0.1964270969184093,4.120007231942179,-4.316434328860589,-4.316434328860589,0.0,0.03886721357191014,-1.536272821279261,0.9884020383532729,2.780161507581328,0.376769388060412,0.4975418751492306,2.770232232678877
9,332,1.0,72.06490096500215,-0.1552226435745882,4.122344471714091,-4.2775671152886785,-4.277567115288679,8.881784197001252e-16,0.05386628583415476,-1.4997782491467782,0.9860293969138457,2.7777888661419006,0.375995350996659,0.497573748296619,2.7679989158828833
9,333,1.0,68.28573108525723,-0.10022407543385524,4.123476754020668,-4.223700829454524,-4.223700829454524,0.0,-0.004310023849785516,-1.447492685277848,0.984448674948621,2.776208144176676,0.37554711264996055,0.497518318738998,2.7662159047944175
9,334,1.0,68.58067937532972,-0.10616497115320453,4.121845882151105,-4.228010853304309,-4.228010853304309,0.0,0.012812625953843693,-1.4514103981677753,0.9848409859084791,2.7766004551365335,0.3768085505893757,0.4973082958313268,2.765743451546875
9,335,1.0,67.70758603615236,-0.09630428726366219,4.118893940086803,-4.215198227350466,-4.215198227350466,0.0,0.0015897349630682456,-1.436890845166168,0.9865479129562417,2.778307382184297,0.37710165422149566,0.4971378630401378,2.7667355031420207
9,336,1.0,67.60003443128991,-0.09400745789165266,4.119601034495744,-4.213608492387397,-4.213608492387397,0.0,0.035488743572100745,-1.4353247242788374,0.986524298880504,2.7782837681085586,0.37685991258366425,0.49718373051073844,2.766920597089257
9,337,1.0,65.24306446408642,-0.05848714694778491,4.119632601867512,-4.178119748815297,-4.178119748815297,0.0,0.029080763267570475,-1.4000878533997827,0.9862724261874591,2.778031895415514,0.37647818947826106,0.4971334053158613,2.7664817937491986
9,338,1.0,63.37306858988685,-0.024707240648468895,4.1243317448992585,-4.149038985547726,-4.149038985547727,8.881784197001252e-16,0.024577809928102212,-1.3750449541993703,0.9822345621203009,2.7739940313483555,0.3755987312610646,0.49736235969236514,2.763425825556483
9,339,1.0,61.83448234586401,0.0020869614500415024,4.1265481370696655,-4.124461175619624,-4.124461175619624,0.0,0.020289675128893236,-1.3525305756261574,0.9801711307654122,2.771930599993467,0.3755450416734718,0.49747872642574115,2.7618520136991305
9,340,1.0,60.59252287069764,0.023784130593259956,4.12795563108399,-4.104171500490731,-4.104171500490731,0.0,-0.06642571136638953,-1.3335381617280875,0.9788738695345881,2.770633338762643,0.375883394663437,0.49749289575692407,2.7606208504580643
9,341,1.0,64.75411248580961,-0.04310704786197592,4.1274901639951445,-4.17059721185712,-4.17059721185712,0.0,0.01783061253591267,-1.3987722134155447,0.9800655292135206,2.7718249984415757,0.3760832052898977,0.4976446941439601,2.762408609189531
9,342,1.0,63.60973974851815,-0.025405350664351498,4.127361248656856,-4.1527665993212075,-4.1527665993212075,0.0,-0.020107263937155118,-1.3809003583191999,0.9801067717739526,2.7718662410020074,0.3759655149847529,0.49764189838695616,2.7624447164299597
9,343,1.0,64.90170296902832,-0.04678717415235624,4.126086689106007,-4.172873863258363,-4.1728738632583635,8.881784197001252e-16,0.02974405337277286,-1.3998326061791444,0.9812817878511632,2.773041257079218,0.3756480381552982,0.49759512029890657,2.763426462947931
9,344,1.0,62.999690260887014,-0.018384968435136817,4.124744841450453,-4.14312980988559,-4.14312980988559,0.0,0.0001551765096650115,-1.3691919078933878,0.9821784327641471,2.773937901992202,0.37585676136028556,0.49738633583100594,2.7634841016970277
9,345,1.0,62.98991494731151,-0.018638055489406002,4.124336577886519,-4.142974633375925,-4.142974633375925,0.0,0.126976510739647,-1.367839758192469,0.9833754059554008,2.775134875183456,0.375978215252086,0.49743398059109795,2.7648731150237644
9,346,1.0,55.47864226509545,0.11025571093088483,4.126253833567162,-4.015998122636278,-4.015998122636277,8.881784197001252e-16,0.0033480500645586275,-1.2437872154661098,0.9804514379421132,2.772210907170168,0.37612379702444143,0.4974218532059393,2.761891820323181
9,347,1.0,55.29320758878637,0.11370139571221917,4.1263514682839375,-4.012650072571719,-4.012650072571718,8.881784197001252e-16,-0.013139406655836794,-1.24077154922237,0.9801190541212943,2.7718785233493493,0.37606211256487776,0.4974751944494858,2.7617747246038937
9,348,1.0,56.0245215228034,0.09922968342699523,4.125019162654551,-4.025789479227556,-4.025789479227556,0.0,-0.016642880089042578,-1.2520302513833717,0.9819997586161292,2.7737592278441845,0.3762966305975036,0.4976247123490805,2.764233927847373
9,349,1.0,56.9647331290859,0.0845007833042691,4.126933142620868,-4.0424323593165985,-4.042432359316599,8.881784197001252e-16,0.06846163544532047,-1.2717734626265471,0.9788994274619963,2.770658896690051,0.37600916189764505,0.4975026438141148,2.76068398341509
9,350,1.0,53.19533602871369,0.1491538963759138,4.123124620247192,-3.973970723871278,-3.973970723871278,0.0,0.03098475873265283,-1.1988231353130467,0.9833881193301762,2.7751475885582315,0.3765068570081689,0.49762926537239194,2.7656097987398813
9,351,1.0,51.57236490362018,0.1776717621076614,4.120657727246287,-3.942985965138625,-3.942985965138625,0.0,0.0012676228989776384,-1.1656648461187826,0.9855616497917872,2.7773211190198417,0.37643394596200486,0.49757351187148974,2.767531758093631
9,352,1.0,51.507032010398135,0.17868102233926092,4.120399364578908,-3.9417183422396476,-3.9417183422396476,0.0,-0.05031544139853894,-1.1644355982486607,0.9855232747629316,2.777282743990986,0.3764446740622972,0.49755207119508515,2.7674072025261895
9,353,1.0,54.16493718167154,0.12837339950819882,4.120407183146385,-3.9920337836381865,-3.9920337836381865,0.0,-0.015004477058412569,-1.2136140533862354,0.986660261023896,2.778419730251951,0.37636107202594365,0.4975976165802148,2.768735168224065
9,354,1.0,54.98378154225519,0.11258703265106437,4.119625293347664,-4.007038260696599,-4.007038260696599,0.0,-0.015893410230987115,-1.2274916317504563,0.987787159718088,2.779546628946143,0.3769147844687178,0.4976777367327297,2.770165575966622
9,355,1.0,55.86464274046099,0.09626224619662689,4.119193917124214,-4.022931670927586,-4.022931670927587,8.881784197001252e-16,-0.017445513915007815,-1.2430942168721935,0.9880779848273379,2.7798374540553925,0.3770209070361617,0.49769030052804436,2.770509440069669
9,356,1.0,56.84778088344016,0.07749226709622924,4.117869451938823,-4.040377184842594,-4.040377184842594,0.0,-0.030812625713870112,-1.2590273919841322,0.989590323630407,2.781349792858462,0.3771359633295844,0.497683498973087,2.7719917617892698
9,357,1.0,58.626675748639485,0.048873485847717585,4.120063296404182,-4.071189810556464,-4.071189810556464,0.0,0.05164788436964152,-1.2925769997948653,0.986853341533544,2.7786128107615986,0.37655234450895064,0.49766770913268066,2.769245044381034
9,358,1.0,55.67559645188571,0.09992675642281221,4.119468682609634,-4.019541926186823,-4.019541926186822,8.881784197001252e-16,-0.0019727008735994644,-1.241569509293302,0.9862129476654654,2.7779724168935203,0.3763329402121301,0.497582420562769,2.7682502139657026
9,359,1.0,55.78553615306382,0.09577357534665093,4.117288202407073,-4.021514627060422,-4.021514627060422,0.0,8.481863160358927e-05,-1.240810361447402,0.9889447963849651,2.78070426561302,0.3766695911995937,0.4975947327490007,2.7710015440240614
9,360,1.0,55.780804700884545,0.09651035384126408,4.117940162270083,-4.0214298084288185,-4.0214298084288185,0.0,0.0028698169105441096,-1.2418879510399017,0.9877823881608618,2.779541857388917,0.3760736686641947,0.49753137880427406,2.769606666151619
9,361,1.0,55.620953485839436,0.10080755636990649,4.1193675478881815,-4.018559991518274,-4.018559991518275,8.881784197001252e-16,-0.03236287200423327,-1.2415645479325772,0.9852359743576423,2.7769954435856974,0.3758130349717762,0.49745887668406147,2.766794390049182
9,362,1.0,57.4504515144081,0.06973838197725793,4.120661245499765,-4.050922863522508,-4.050922863522507,8.881784197001252e-16,-0.00035599234103678157,-1.2757081330220896,0.983455261272363,2.7752147305004176,0.3756084847229724,0.4974202155309067,2.7648878178947722
9,363,1.0,57.47090707593195,0.06677185236452776,4.118050708228073,-4.051278855863544,-4.051278855863545,8.881784197001252e-16,0.08111203951449308,-1.2727533791586974,0.9867660074767931,2.778525476704848,0.37597906479838755,0.49751223617656154,2.76854157308601
9,364,1.0,52.99337026292669,0.14643880594208794,4.116605622291139,-3.9701668163490513,-3.9701668163490513,0.0,-0.03605030578821733,-1.19124503060804,0.9871623165129565,2.778921785741012,0.3758070386449769,0.49734469785579094,2.768219338740582
9,365,1.0,54.938650770937166,0.10796150983725056,4.11417863197452,-4.006217122137269,-4.0062171221372695,8.881784197001252e-16,0.05166488061306085,-1.2238930389651494,0.9905646139440641,2.7823240831721194,0.3754870991810198,0.4973933654480797,2.771813100351192
9,366,1.0,52.17232811158343,0.1570014274571136,4.111553668981322,-3.954552241524208,-3.9545522415242083,4.440892098500626e-16,0.01792909558544986,-1.1702947889341717,0.9924979833619814,2.7842574525900368,0.3761006191612196,0.49742020867043585,2.7737978930128615
9,367,1.0,51.245261025027126,0.17603192747949042,4.1126550734182485,-3.936623145938758,-3.936623145938758,0.0,-0.0032586802388112623,-1.154495724214034,0.9903679524966688,2.7821274217247236,0.37552315649097784,0.4973275411952971,2.771317647467145
9,368,1.0,51.412525326884776,0.17049238135467049,4.1103742075322405,-3.939881826177569,-3.93988182617757,8.881784197001252e-16,0.0822697754521382,-1.1552001184963778,0.9929222384531364,2.7846817076811914,0.3749554536313419,0.4973029629332761,2.7737515121721934
9,369,1.0,47.352141740706095,0.24953277922176653,4.107144829947198,-3.857612050725431,-3.8576120507254315,4.440892098500626e-16,0.06488488648274737,-1.0712211233227007,0.9946314581746755,2.78639092740273,0.3765032658597787,0.4972105708229935,2.7749901352078505
9,370,1.0,44.377259474861965,0.31200964993772173,4.104736814180406,-3.7927271642426836,-3.792727164242684,4.440892098500626e-16,-0.030624670875421867,-1.0062581448286847,0.9947095501859441,2.7864690194139983,0.3772772160525273,0.49704979904801655,2.7743960757529393
9,371,1.0,45.75732257134228,0.28226684652207834,4.105618681640184,-3.8233518351181055,-3.823351835118106,4.440892098500626e-16,0.07261109893683182,-1.0377538966471282,0.9938384692429221,2.785597938470977,0.37653539008459647,0.4970777628830878,2.7737078817642917
9,372,1.0,42.55259057229617,0.3462688591988758,4.0970095953801495,-3.7507407361812737,-3.7507407361812737,0.0,0.03018203763438443,-0.9573587694586593,1.001622497494559,2.7933819667226136,0.37723486544348617,0.49697802407169633,2.780948327248664
9,373,1.0,41.287454907054965,0.3729217245018248,4.093480423048714,-3.7205586985468893,-3.7205586985468893,0.0,0.0009620085339445694,-0.9240938613252013,1.0047053679936333,2.796464837221688,0.37834244256418964,0.4969495596351108,2.7838092522738336
9,374,1.0,41.247755121917294,0.3769825144155626,4.096579204428508,-3.7195966900129447,-3.7195966900129456,8.881784197001252e-16,0.0013417695590955958,-0.9265563837392928,1.0012808370455968,2.7930403062736517,0.37795703237806744,0.49683928849483094,2.77995872474165
9,375,1.0,41.192447253218745,0.37642953072152496,4.0946844511753735,-3.718254920453849,-3.7182549204538486,4.440892098500626e-16,-0.05770148919619711,-0.9237571467827598,1.002738304443034,2.794497773671089,0.3781473238985441,0.4968466639520595,2.7814342746790195
9,376,1.0,43.63922533949672,0.3244691243093346,4.10042553395938,-3.775956409650046,-3.7759564096500458,4.440892098500626e-16,0.01825533032905824,-0.986598438078007,0.9975985023439842,2.789357971572039,0.37743388710894776,0.49694015393988505,2.776831366681023
9,377,1.0,42.849804359224606,0.342877445333004,4.100578524653992,-3.757701079320988,-3.757701079320988,0.0,-0.015367774370908194,-0.9696217992186048,0.996319810874328,2.7880792801023833,0.3780894988716931,0.4968421449238591,2.7751453007245996
9,378,1.0,43.51339639085372,0.33066767152775933,4.103736525219656,-3.773068853691896,-3.7730688536918966,4.440892098500626e-16,-0.0444738802735305,-0.9889414524492484,0.9923679320145933,2.7841274012426482,0.3774774617742188,0.4967076332163171,2.770746238029702
9,379,1.0,45.492284218673596,0.29034253003108623,4.107885263996513,-3.8175427339654266,-3.8175427339654266,0.0,-0.046572838447274556,-1.0374117910060705,0.9883714737313012,2.780130942959356,0.3771515667648904,0.4967263195165493,2.7669105792897883
9,380,1.0,47.66110099408558,0.24800410277109136,4.112119675183793,-3.864115572412701,-3.8641155724127016,4.440892098500626e-16,-0.07696688451765565,-1.0879008912940782,0.9844552118905687,2.776214681118624,0.3764637006770521,0.4966883161210762,2.7628976000991385
9,381,1.0,51.47428985664811,0.17545288685313049,4.116535343783488,-3.941082456930357,-3.9410824569303573,4.440892098500626e-16,-0.011967108277981975,-1.1684364392353757,0.9808865484669266,2.7726460176949814,0.37644154981932576,0.49682597104122905,2.7599530418506766
9,382,1.0,52.0939888637936,0.16408719086136073,4.1171367560697,-3.953049565208339,-3.953049565208339,0.0,-0.06607811509373551,-1.1797040021215504,0.9815860938587333,2.7733455630867883,0.3765193342038277,0.4970165454718476,2.7613863335812763
9,383,1.0,55.65253784147156,0.09989601595724083,4.119023696259315,-4.019127680302074,-4.019127680302074,0.0,0.0025524148222961784,-1.2477166146080947,0.9796515964659248,2.77141106569398,0.3762802059347212,0.4970082114513114,2.759461997311273
9,384,1.0,55.51067060802133,0.10144559934150399,4.118020864821283,-4.016575265479778,-4.016575265479778,0.0,0.032352233659362906,-1.2434277050273688,0.9813880912243546,2.7731475604524096,0.37651393334271666,0.4971110114667055,2.761579723960624
9,385,1.0,53.74351624977164,0.13088704469704704,4.115110076517462,-3.9842230318204153,-3.9842230318204153,0.0,-0.06715480563390086,-1.2093449574652786,0.983118605127081,2.774878074355136,0.3766702561547998,0.49705257394920027,2.7630718736195994
9,386,1.0,57.47659591927814,0.06308469773345332,4.114462535187769,-4.051377837454316,-4.051377837454316,0.0,-0.06633639138758429,-1.275840759208224,0.9837776090180373,2.775537078246092,0.37648140867768876,0.49707734941475223,2.7638490915133205
9,387,1.0,61.41869261730556,-0.000828517340131979,4.1168857115017685,-4.1177142288419,-4.1177142288419,0.0,-0.03440654826214207,-1.345433078030015,0.9805216815838306,2.7722811508118856,0.3763704404198313,0.4969848012046323,2.7602365058603424
9,388,1.0,63.568672427881914,-0.03592982842161402,4.116190948682428,-4.1521207771040425,-4.1521207771040425,0.0,-0.05224344106471435,-1.3793950489564797,0.980966258919508,2.772725728147563,0.37652777849578584,0.4969724903937482,2.760620334303074
9,389,1.0,66.97800073060317,-0.08950314022027515,4.114861077948481,-4.204364218168757,-4.204364218168756,8.881784197001252e-16,0.01448329742159693,-1.4297622040556393,0.9828425448850627,2.7746020141131176,0.3765815824700821,0.49702664577648664,2.7626912017065806
9,390,1.0,66.01492948387059,-0.07625418446767804,4.113626736279482,-4.18988092074716,-4.18988092074716,0.0,-0.018916416961467064,-1.4157116398039185,0.9824098117151863,2.7741692809432412,0.37669857165143916,0.4968684340330241,2.76160787562686
9,391,1.0,67.275581332222,-0.09733710978957932,4.111460227919046,-4.208797337708627,-4.208797337708626,8.881784197001252e-16,0.01836551332105163,-1.4334438131529792,0.9835940553275928,2.7753535245556473,0.3767931016414518,0.49679360860683647,2.7624605296419076
9,392,1.0,66.0513073682795,-0.0791285002778923,4.1113033241096835,-4.190431824387575,-4.190431824387575,0.0,-0.0506606131233287,-1.4151280567096836,0.9835442984498369,2.7753037676778916,0.37693331774743577,0.49679262479577885,2.7624281608553987
9,393,1.0,69.48371701109019,-0.1285536475283179,4.112538789982586,-4.241092437510904,-4.241092437510904,0.0,0.05207089437408552,-1.4665978297106381,0.9827351385722111,2.7744946078002664,0.3768269535320942,0.49681008558894063,2.761675380686373
9,394,1.0,65.95822210154125,-0.07732029565995858,4.11170124747686,-4.1890215431368185,-4.189021543136819,8.881784197001252e-16,0.04702556754220222,-1.4137636414969315,0.9834984324118321,2.7752579016398866,0.3762638350748295,0.496797849952853,2.7623996157664217
9,395,1.0,62.928299532024965,-0.03329675184851194,4.108699223746105,-4.141995975594616,-4.141995975594617,8.881784197001252e-16,0.017087334072360072,-1.3645746961347893,0.9856618102317719,2.7774212794598268,0.3757423492737764,0.4966866608215013,2.764102314274153
9,396,1.0,61.86215735967143,-0.01742218693667459,4.107486454585581,-4.124908641522256,-4.124908641522256,0.0,-0.026000692814562854,-1.3460213455365633,0.9871278267576381,2.7788872959856925,0.37472651099067417,0.4966877114164243,2.7655772971260433
9,397,1.0,63.491709247104055,-0.0489931482096156,4.1019161861272035,-4.150909334336819,-4.150909334336819,0.0,-0.0586692892620011,-1.367180633054204,0.9919692320545602,2.7837287012826155,0.37264967230288637,0.4965474360912212,2.7697721781011766
9,398,1.0,67.32816333278429,-0.11446692862080846,4.095111694978012,-4.20957862359882,-4.209578623598821,8.881784197001252e-16,-0.0019191076485860492,-1.4206654182509355,0.9971537361198299,2.7889132053478853,0.3726727510611137,0.49645009232858417,2.7744282006276753
9,399,1.0,67.45749738929555,-0.11667171295140233,4.094826018296003,-4.211497731247406,-4.211497731247405,8.881784197001252e-16,-0.05936829978346836,-1.4222022404679897,0.9975360215513623,2.7892954907794167,0.3712858942993889,0.4963959990626594,2.7745911271745363
9,400,1.0,71.58360240375053,-0.1807517093649442,4.090114321665931,-4.270866031030875,-4.2708660310308755,8.881784197001252e-16,0.032096384500786,-1.478052483058108,1.0010540787447118,2.7928135479727665,0.3710608873408965,0.49624881571117996,2.7773980019518727
9,401,1.0,69.32250815961807,-0.14972586875624472,4.089043777773844,-4.238769646530089,-4.238769646530089,0.0,-0.0019741040088812056,-1.44431780364886,1.0026923736531737,2.7944518428812284,0.3697002112362423,0.49622503972642446,2.778944763281864
9,402,1.0,69.4594931677216,-0.1539557216766722,4.086788028862297,-4.24074375053897,-4.240743750538969,8.881784197001252e-16,0.0006136766519322379,-1.4436340170585726,1.005350264252342,2.797109733480397,0.3682269749222796,0.4963082899785829,2.7819486324749896
9,403,1.0,69.41688057502344,-0.15345465027539767,4.08667542361164,-4.2401300738870376,-4.2401300738870376,0.0,0.061886932724094734,-1.4433175208623397,1.005053083796643,2.7968125530246977,0.36835490440723884,0.49626035442820315,2.7814581578187645
9,404,1.0,65.25111545568345,-0.08911014315834531,4.089132998004597,-4.178243141162943,-4.178243141162943,0.0,0.012846084276282532,-1.3833807557412083,1.0031029161936795,2.7948623854217343,0.36906329961255446,0.4964056322886135,2.780201694743892
9,405,1.0,64.41825507803647,-0.06805410501377454,4.097342951872886,-4.16539705688666,-4.16539705688666,0.0,-0.011817459804857933,-1.3785797991520283,0.9950577885065771,2.7868172577346324,0.37143095434012846,0.4964803023489816,2.772592860467251
9,406,1.0,65.18403106977348,-0.07774954768797396,4.099464969003544,-4.177214516691518,-4.177214516691518,0.0,0.024746005046199393,-1.394748774188442,0.9907062732750215,2.7824657425030765,0.37425504417368327,0.4963778207873923,2.767826047201309
9,407,1.0,63.59078129481372,-0.05120367699158146,4.101264834653738,-4.152468511645319,-4.152468511645319,0.0,-0.0029200282337518146,-1.371174830509612,0.9895342119076519,2.781293681135707,0.3755296261433151,0.4965131614289926,2.7672720319101014
9,408,1.0,63.77673954113364,-0.05404790992454854,4.101340629954523,-4.155388539879071,-4.1553885398790715,8.881784197001252e-16,-0.016969969583819022,-1.3755097143323232,0.9881193563186935,2.779878825546749,0.37545641769499083,0.49635074353251474,2.7651762829808817
9,409,1.0,64.86826424719678,-0.07379055362461838,4.098567955838272,-4.17235850946289,-4.17235850946289,0.0,0.023434781155775575,-1.3893483659387271,0.9912506742961075,2.7830101435241623,0.3753529340687721,0.49644214494450845,2.768661009582303
9,410,1.0,63.36576480578715,-0.04744473616557131,4.101478992141542,-4.148923728307114,-4.148923728307114,0.0,-0.0018627747776793768,-1.3695470307852309,0.9876172282938281,2.779376697521883,0.37720154285027435,0.4964087332330842,2.7649535583362037
9,411,1.0,63.483910959910496,-0.05246886819823879,4.0983176348865555,-4.1507865030847935,-4.150786503084794,8.881784197001252e-16,0.03441640784675304,-1.368152982028878,0.9908740518278604,2.7826335210559154,0.3775955869887093,0.4964239387095623,2.768256681084583
9,412,1.0,61.33619314623015,-0.016108752163927945,4.100261343074113,-4.11637009523804,-4.11637009523804,0.0,-0.0035183317127831515,-1.3354341174980773,0.9891765085119083,2.780935977739963,0.37740566418230503,0.49638722271939034,2.7664252692018203
9,413,1.0,61.55237429521134,-0.021444481642668656,4.098443945308155,-4.119888426950824,-4.119888426950824,0.0,0.10261667610848857,-1.3380851440763593,0.9900438136464094,2.781803282874464,0.37799218620194064,0.49626534970530783,2.766785318177566
9,414,1.0,55.54934644457911,0.08080716966116384,4.098078920503499,-4.017271750842335,-4.017271750842336,8.881784197001252e-16,0.005392506938593833,-1.234036453584442,0.9914758280298382,2.7832352972578924,0.3777497724237904,0.49627801204803895,2.76829697048908
9,415,1.0,55.25060242198407,0.09050015992550894,4.10237940382925,-4.011879243903741,-4.011879243903741,0.0,-0.002630708357035161,-1.2332678561089452,0.9868519185667411,2.7786113877947956,0.3767469878741602,0.49624489051096626,2.7635696423832274
9,416,1.0,55.396141995657786,0.08651915825175269,4.101029110512529,-4.014509952260776,-4.014509952260776,0.0,0.04718806952567478,-1.235323271224926,0.9874272118077965,2.7791866810358514,0.37628431176326227,0.49615078024623394,2.763749850458563
9,417,1.0,52.84282189414707,0.13262067153788648,4.099942554272989,-3.9673218827351016,-3.9673218827351024,8.881784197001252e-16,0.024073820525873924,-1.1877789434445218,0.9877834700625243,2.7795429392905793,0.37605073699690883,0.49599959760232987,2.763489411366855
9,418,1.0,51.585883640918794,0.1514741559722646,4.094722218181492,-3.9432480622092276,-3.9432480622092276,0.0,0.023851438575420048,-1.1590872375922763,0.9924013553888962,2.784160824616951,0.3758955543972243,0.49584721454059305,2.7674280164194314
9,419,1.0,50.37004351346544,0.17668921087413267,4.0960858345079405,-3.9193966236338076,-3.919396623633808,4.440892098500626e-16,0.017275084533608265,-1.1372905970419285,0.9903465573638245,2.7821060265918796,0.3774106063643694,0.49587104768612605,2.7655207284221235
9,420,1.0,49.507369590055035,0.19491109620580307,4.097032635306003,-3.9021215391001993,-3.9021215391001998,4.440892098500626e-16,-0.04914242366226107,-1.1206076143189136,0.9897544555532306,2.7815139247812852,0.3764132880080847,0.4958730463491888,2.7649337997036483
9,421,1.0,52.00105270806929,0.14770070147786316,4.098964664240324,-3.9512639627624604,-3.9512639627624604,0.0,0.05527016059544598,-1.173186840170784,0.9863176533636221,2.778077122591677,0.3769953647933139,0.4957088941849814,2.7608463558061405
9,422,1.0,49.20492903739068,0.2066980722069603,4.102691874373975,-3.8959938021670144,-3.895993802167015,4.440892098500626e-16,-0.07760104231955145,-1.1210647822032802,0.9831695507356791,2.774929019963734,0.37719562382003535,0.49573733518989677,2.757852404656822
9,423,1.0,53.175344755926695,0.13182462913331838,4.105419473619884,-3.973594844486566,-3.973594844486566,0.0,-0.06097806525276139,-1.2011193938679885,0.980715981390523,2.7724754506185776,0.3769194108626722,0.4958820595108486,2.7560177440963507
9,424,1.0,56.518776463931644,0.07479983649799701,4.109372746237325,-4.034572909739327,-4.034572909739328,8.881784197001252e-16,-0.014882028451990159,-1.2652046041520477,0.9776088363592246,2.7693683055872795,0.37658680136403416,0.49601437118624503,2.7534701511071815
9,425,1.0,57.36618040831975,0.060953798831425085,4.110408737022742,-4.049454938191317,-4.0494549381913165,8.881784197001252e-16,0.017540043692954477,-1.2807158222116117,0.9769796467516508,2.768739115979706,0.3764982996327213,0.49603678564497705,2.7529361688340916
9,426,1.0,56.368748171763166,0.07477769609368072,4.106692590592044,-4.031914894498363,-4.031914894498364,8.881784197001252e-16,0.00042565985428488773,-1.2602858027997428,0.9798696224705661,2.771629091698621,0.3766079822597489,0.49607670780554497,2.755974352776345
9,427,1.0,56.344759364528414,0.07525565723249333,4.106744891876572,-4.031489234644078,-4.031489234644078,0.0,-0.031125713171816116,-1.2586860483516136,0.9810437170644096,2.7728031862924643,0.37586726231309436,0.496171513098935,2.7575149729447204
9,428,1.0,58.12610926275871,0.04507570255098481,4.107690650366878,-4.062614947815894,-4.062614947815893,8.881784197001252e-16,-0.020574847369194238,-1.292063536494308,0.9787919420935314,2.770551411321586,0.3764761438873689,0.4960760591166204,2.7548962949720583
9,429,1.0,59.33443300148308,0.022138010809603315,4.105327805994692,-4.083189795185088,-4.083189795185089,8.881784197001252e-16,-0.010892007315544738,-1.3110643275629459,0.9803659983940877,2.7721254676221427,0.3761392532880874,0.4960042277966495,2.7561693222727737
9,430,1.0,59.9842364878107,0.012544315122678784,4.106626117623311,-4.094081802500633,-4.094081802500632,8.881784197001252e-16,0.01835873415995337,-1.3228574288804174,0.9794649043921609,2.7712243736202162,0.3765609151740967,0.4961130341542657,2.7557098215801776
9,431,1.0,58.893048895737664,0.031293222132685705,4.107016290473366,-4.07572306834068,-4.075723068340681,8.881784197001252e-16,-0.035081996311738806,-1.3044517542276444,0.9795118448849806,2.771271314113035,0.37641909206252566,0.4961444480304076,2.7558851737587697
9,432,1.0,60.99580337359012,-0.007899642877525925,4.102905421774892,-4.110805064652419,-4.110805064652418,8.881784197001252e-16,0.020841556878645306,-1.3362710935083937,0.9827745019159689,2.7745339711440242,0.37681637974823107,0.4961578600500099,2.7591811122806313
9,433,1.0,59.737711702279164,0.015579077447254425,4.105542585221027,-4.089963507773773,-4.089963507773772,8.881784197001252e-16,0.0325645178675904,-1.317171694044756,0.9810323445009624,2.772791813729017,0.3764163246522001,0.4961950162191597,2.7575934056815448
9,434,1.0,57.82371524620295,0.04819633778441226,4.105595327690596,-4.057398989906183,-4.057398989906184,8.881784197001252e-16,-0.017516452842653685,-1.2858538257958096,0.9797856948823181,2.771545164110373,0.37665701404444074,0.496054419185102,2.755800519995917
9,435,1.0,58.84550456386165,0.029718770519533616,4.10463421326837,-4.0749154427488365,-4.0749154427488365,0.0,-0.00851377852551316,-1.3021838538095614,0.9809721197112201,2.772731588939275,0.3762493207934369,0.49607109634305696,2.7570423203898478
9,436,1.0,59.34864091353968,0.01422030873325017,4.097649530007601,-4.08342922127435,-4.083429221274351,8.881784197001252e-16,-0.05668795426481221,-1.3053551694976717,0.9863145825486237,2.7780740517766787,0.374857195496657,0.4959207719198671,2.761758237893099
9,437,1.0,62.81018083482745,-0.04777692383121465,4.092340251707947,-4.140117175539162,-4.140117175539162,0.0,-0.04074286507628244,-1.3570161906083504,0.9913415157027566,2.7831009849308113,0.37384919608587397,0.4959311461445452,2.766790776282054
9,438,1.0,65.42209468414477,-0.084215858959315,4.09664418165613,-4.180860040615444,-4.180860040615444,0.0,-0.014703172165902778,-1.403208096573007,0.9858924748143824,2.7776519440424376,0.3764084369566774,0.49593201115531854,2.7613597946992905
9,439,1.0,66.39111337297365,-0.09716917248918208,4.098394040292165,-4.195563212781347,-4.195563212781347,0.0,0.03955948868259096,-1.420102121898528,0.9837016216547642,2.7754610908828194,0.3764611654056827,0.49588534309596305,2.7589839468760995
9,440,1.0,63.815986055562746,-0.054020099085051676,4.1019836250137045,-4.156003724098756,-4.156003724098756,0.0,-0.0030606215650976765,-1.384102156371129,0.9801420984995722,2.771901567727627,0.3768285936485616,0.4958509267776814,2.7553245223523377
9,441,1.0,64.01160183892392,-0.058932464560267,4.100131881103587,-4.159064345663854,-4.159064345663854,0.0,-0.03222525965901468,-1.387783491066637,0.9795213853691621,2.7712808545972174,0.3770078691983133,0.49562961305729303,2.7537943271814833
9,442,1.0,66.10798922732471,-0.09265317790874972,4.098636427414119,-4.1912896053228685,-4.1912896053228685,0.0,0.03098266016937412,-1.4176221406632994,0.9819079954315143,2.773667464659569,0.3770795231233265,0.4957778497347456,2.7567647737033725
9,443,1.0,64.09119206184428,-0.06162031546067784,4.098686629692818,-4.160306945153494,-4.160306945153495,8.881784197001252e-16,-0.0023969892227224676,-1.3881388378533221,0.9804086380721175,2.7721681073001725,0.376679872628411,0.4955563920919728,2.754390074357429
9,444,1.0,64.2450022254965,-0.0668485153997971,4.095855418976421,-4.162703934376217,-4.162703934376218,8.881784197001252e-16,0.01553280339888019,-1.3886056140118794,0.9823388511362836,2.774098320364338,0.3764663368995203,0.49550659314365014,2.756104607638804
9,445,1.0,63.25480739582078,-0.053964538973339915,4.093206592003996,-4.147171130977337,-4.147171130977337,0.0,-0.02322919441879101,-1.3707967549094267,0.984614906839854,2.7763743760679094,0.3764753146314107,0.49549035762342086,2.7583097667906684
9,446,1.0,64.74136453275841,-0.0828499297225273,4.0875503956736,-4.170400325396128,-4.170400325396127,8.881784197001252e-16,0.018930941548705782,-1.3901840029349162,0.9884568532331555,2.780216322461211,0.37667887506885045,0.4953796724380979,2.761644143864176
9,447,1.0,63.52727770691479,-0.0627436709106875,4.088725712936734,-4.151469383847422,-4.151469383847421,8.881784197001252e-16,0.09962094939719002,-1.3719140167996222,0.987795897819745,2.7795553670478,0.37623062101165883,0.4954096225284503,2.7611410571845565
9,448,1.0,57.503650598079176,0.036566340035909584,4.088414774486141,-4.051848434450232,-4.051848434450232,0.0,-0.007852056477507752,-1.269438200046914,0.9906507651752632,2.782410234403318,0.3747735769468979,0.49547043839230515,2.7642644625751753
9,449,1.0,57.95694984688614,0.03362909190237533,4.0933295828301155,-4.05970049092774,-4.0597004909277405,8.881784197001252e-16,0.02343273863054751,-1.2819278615494931,0.9860131601501916,2.7777726293782465,0.3747279502475004,0.49553148809585146,2.7599022726413627
9,450,1.0,56.61464811232687,0.050187374145320526,4.086455126442512,-4.036267752297192,-4.036267752297192,0.0,0.01770926650898197,-1.2513062622572952,0.9932020208118418,2.784961490039897,0.3720925185050629,0.4954712512823547,2.766770807111001
9,451,1.0,55.62086973576062,0.06589356314714032,4.084452048935351,-4.01855848578821,-4.01855848578821,0.0,0.029166868363738274,-1.2295765755325405,0.9972224410276156,2.788981910255671,0.37178980119409344,0.495669864266502,2.771512995538328
9,452,1.0,54.02201331213823,0.103932236063257,4.093323853487729,-3.989391617424472,-3.9893916174244723,4.440892098500626e-16,-0.0667056377416726,-1.2092367101860957,0.988395438010321,2.780154907238376,0.3740427610694308,0.49565780846547797,2.7626696368091888
9,453,1.0,57.74849307754604,0.03553114071459462,4.09162839588074,-4.0560972551661445,-4.056097255166145,8.881784197001252e-16,-0.025012504490544707,-1.2754096406534545,0.988928145284635,2.78068761451269,0.3740760029614726,0.4956447270112407,2.763223256214426
9,454,1.0,59.211143540463596,0.0013972586662148179,4.082507018322905,-4.081109759656689,-4.08110975965669,8.881784197001252e-16,0.05219438861265413,-1.2913857786907037,0.9979645117379295,2.7897239809659844,0.37338983815404714,0.495673121417507,2.7723344386704567
9,455,1.0,56.199922114968686,0.05512016343144219,4.084035534475477,-4.028915371044035,-4.028915371044035,0.0,-0.013951041174628642,-1.2403218764177304,0.9968340253982496,2.788593494626305,0.3739561681892522,0.49566517944826555,2.771143629520012
9,456,1.0,56.989464203725035,0.042898548902681355,4.0857649611213445,-4.042866412218664,-4.042866412218663,8.881784197001252e-16,0.015085785634401105,-1.2553882835947685,0.9957186593958403,2.787478128623895,0.37445028411233416,0.49572480883889525,2.770272826404874
9,457,1.0,56.1361857338009,0.05635017248015983,4.084130799064422,-4.027780626584263,-4.027780626584262,8.881784197001252e-16,0.06648570132441245,-1.2393247757302752,0.9966963816259314,2.7884558508539867,0.37402376615318633,0.4956702104251806,2.77102700022407
9,458,1.0,52.525298265571344,0.12221641428564275,4.083511339545493,-3.96129492525985,-3.96129492525985,0.0,0.025353745513080117,-1.1709444780658453,0.9985909779659492,2.7903504471940046,0.37430047357271035,0.4957332310801929,2.773057376218023
9,459,1.0,51.210325403318905,0.15251118124849633,4.088452360995266,-3.93594117974677,-3.9359411797467696,4.440892098500626e-16,-0.060531575995250275,-1.1520079557254739,0.9921737547932413,2.7839332240212964,0.37618285416258573,0.49565225767166793,2.766367657287623
9,460,1.0,54.40590826309714,0.09576004906223409,4.092232804804254,-3.9964727557420203,-3.9964727557420203,0.0,0.028676833248327593,-1.2174984912246498,0.9872147952893151,2.77897426451737,0.37635668772747244,0.49561489356203997,2.7613785510460356
9,461,1.0,52.867877430872156,0.11981062319885596,4.087606545692549,-3.9677959224936927,-3.967795922493693,4.440892098500626e-16,-0.0029854960139252817,-1.183626459330658,0.99240999393498,2.784169463163035,0.3762399962852168,0.4956438530942715,2.7666247491360827
9,462,1.0,53.0259501134777,0.11493796708595903,4.085719385593576,-3.970781418507618,-3.9707814185076167,1.3322676295501878e-15,-0.08262269847701331,-1.187197052867121,0.991824896412442,2.783584365640497,0.37625140271704643,0.4954172383559892,2.7651971853212785
9,463,1.0,57.59317764275299,0.031976672490473146,4.085380789475105,-4.053404116984631,-4.053404116984631,0.0,-0.060715456396098766,-1.270746333925979,0.9908983138305976,2.7826577830586516,0.37570088282439773,0.4953765411813227,2.7641455368236216
9,464,1.0,61.1983099157188,-0.0260625474967347,4.0880570258839946,-4.11411957338073,-4.114119573380729,8.881784197001252e-16,0.0801911337896346,-1.3345185092225351,0.987841594930139,2.7796010641581943,0.37615312152277974,0.4954488277595405,2.7613882731993864
9,465,1.0,56.4823635344694,0.053590191101050344,4.087518630692146,-4.0339284395910955,-4.0339284395910955,0.0,0.01703768106100778,-1.2553020108652306,0.9868669594978098,2.7786264287258646,0.3771581386421245,0.4951850759293925,2.7593665090009716
9,466,1.0,55.52818660175801,0.07002993610744099,4.086920694637529,-4.016890758530088,-4.016890758530088,0.0,-0.04766561605832731,-1.238699974068203,0.9864313152338298,2.7781907844618843,0.37783519172986035,0.495076764970293,2.7584921735428964
9,467,1.0,58.23906646104909,0.02049236762196255,4.085048742210377,-4.064556374588415,-4.064556374588415,0.0,-0.011726578907464535,-1.2847943066166083,0.9880025987437516,2.7797620679718062,0.3782884455556828,0.4951639392569136,2.760391700647608
9,468,1.0,58.92603147192463,0.0008477365852810059,4.077130690081161,-4.0762829534958795,-4.0762829534958795,0.0,0.022013544988049638,-1.2911614045448567,0.9933620797229681,2.785121548951023,0.37861425688053996,0.49486917908283284,2.7644690594883348
9,469,1.0,57.64303409823474,0.02582067506009289,4.080090083567923,-4.05426940850783,-4.05426940850783,0.0,-0.040258846002847015,-1.271417515986159,0.9910924232936162,2.782851892521671,0.3787338066065346,0.4949275106456863,2.7624736480843755
9,470,1.0,60.01102254966226,-0.008752809769360104,4.085775444741316,-4.094528254510677,-4.094528254510676,8.881784197001252e-16,0.020195260992529995,-1.3172761569772349,0.9854926283053871,2.777252097533442,0.37786897718724405,0.49505164605097396,2.7574346874041757
9,471,1.0,58.81124002464483,0.01336774918091993,4.0877007426990675,-4.074332993518147,-4.074332993518148,8.881784197001252e-16,0.04965874032225237,-1.2984010304782603,0.9841724938118315,2.7759319630398864,0.3778783461589159,0.49508276031710324,2.756259469387643
9,472,1.0,55.96207634470593,0.06481675576183188,4.089491008957726,-4.024674253195895,-4.024674253195894,8.881784197001252e-16,0.07091798387595238,-1.2498339770896212,0.9830808068782185,2.774840276106273,0.37760688989634894,0.4950311941620104,2.7549782463883967
9,473,1.0,52.130816911647145,0.1385973999000578,4.09235366922,-3.953756269319942,-3.9537562693199426,4.440892098500626e-16,-0.013297113619232359,-1.1798372090144305,0.9821595910774574,2.773919060305513,0.37714010897362127,0.495135652911169,2.7544870068636946
9,474,1.0,52.82863551185788,0.12706812619422894,4.0941215091334024,-3.9670533829391745,-3.9670533829391736,8.881784197001252e-16,-0.010810453906201278,-1.1954823261150067,0.9798115875961132,2.7715710568241683,0.377351090340652,0.4950963724436206,2.752004066650952
9,475,1.0,53.40283512820975,0.11624443159622715,4.094108268441602,-3.977863836845376,-3.9778638368453745,1.3322676295501878e-15,-0.04658019278716763,-1.204873454448323,0.9812309131689974,2.7729903823970528,0.3772357680230226,0.49531454982034506,2.7542601809612974
9,476,1.0,55.94919403903938,0.06897835379861586,4.093422383431159,-4.024444029632543,-4.024444029632543,0.0,-0.05061731265462566,-1.2501718721997805,0.9825126882047078,2.774272157432763,0.37750894447971106,0.49543625509381695,2.756008099976501
9,477,1.0,58.854090722153494,0.01799217065534897,4.093053512942518,-4.075061342287169,-4.075061342287169,0.0,0.017582987614657597,-1.3012166377331484,0.9820852353259658,2.773844704554021,0.3774555430748341,0.49539977132725493,2.7554600111991885
9,478,1.0,57.82830459396554,0.036565314151661754,4.094043668824173,-4.0574783546725115,-4.0574783546725115,0.0,0.033896149537632425,-1.284954309025503,0.9807645764189538,2.7725240456470086,0.37733721250486196,0.49534102575703276,2.7539134634298
9,479,1.0,55.900996424917466,0.07194159960871296,4.095523804743593,-4.023582205134879,-4.02358220513488,8.881784197001252e-16,0.03243991043909178,-1.25159006075525,0.9802326751515741,2.7719921443796296,0.3771910612505089,0.49533313271111057,2.7533293452831136
9,480,1.0,54.11667125657422,0.10299185546896263,4.09413415016475,-3.9911422946957873,-3.9911422946957877,4.440892098500626e-16,-0.04973370813118594,-1.216562774509688,0.9828200509580444,2.774579520186099,0.3772442285800061,0.4953978422997856,2.756114313117788
9,481,1.0,56.876144652507826,0.05447041226903632,4.09534641509601,-4.040876002826973,-4.040876002826974,8.881784197001252e-16,-0.03377278113940907,-1.2701103760703223,0.9790061575285959,2.770765626756651,0.376690179188755,0.49521564749213215,2.7516749148874076
9,482,1.0,58.82981498523668,0.019438468432731615,4.094087252399114,-4.074648783966382,-4.074648783966382,0.0,0.0660618244917961,-1.3034749870787368,0.9794143276595907,2.771173796887645,0.37676323551440916,0.49519623520652867,2.752005743841402
9,483,1.0,55.06900083000917,0.08443499851506829,4.093021957989654,-4.008586959474586,-4.008586959474586,0.0,0.0005722734143986941,-1.235669475334504,0.9811580149120273,2.7729174841400823,0.37698484332367016,0.49520323349366646,2.753755863222492
9,484,1.0,55.037495320619215,0.08522689995558651,4.0932415860157745,-4.0080146860601875,-4.008014686060188,8.881784197001252e-16,-0.03148453657877415,-1.2335668355083518,0.9826883813237807,2.7744478505518355,0.37667059588505253,0.4953105413501943,2.755681822987004
9,485,1.0,56.79789258368949,0.05507233509530761,4.09457155773427,-4.039499222638962,-4.039499222638962,0.0,-0.03394945204612565,-1.2665896619691612,0.9811500914417456,2.772909560669801,0.37650907961089186,0.49524103914253875,2.7538892001280995
9,486,1.0,58.75925512649542,0.020922836477874504,4.0943715111629615,-4.073448674685087,-4.073448674685087,0.0,-0.015574375640417415,-1.299944586387526,0.9817446190695062,2.7735040882975617,0.37659707314357815,0.49523078837488005,2.7544469632970388
9,487,1.0,59.681557335901175,0.00519355872198049,4.094216609047486,-4.089023050325505,-4.089023050325505,0.0,-0.05138421295019402,-1.3155122814485793,0.9817512996488702,2.773510768876925,0.3768385177326677,0.4952542432352148,2.7545472277465426
9,488,1.0,62.82840394103932,-0.04667180267894713,4.093735460596752,-4.140407263275699,-4.1404072632757,8.881784197001252e-16,0.050894009204416335,-1.3673328887360796,0.9813149053115641,2.7730743745396187,0.37702455336810636,0.4952058812038121,2.753929488751282
9,489,1.0,59.71082063076346,0.00433259698914229,4.093845851060426,-4.089513254071282,-4.089513254071283,8.881784197001252e-16,0.03211303673514809,-1.3178537096358187,0.9799000752074088,2.771659544435464,0.3766944767604431,0.4951145918214836,2.7521561179309746
9,490,1.0,57.823786220806475,0.03757963915565392,4.094979856491788,-4.057400217336134,-4.057400217336134,0.0,0.01238658210651522,-1.2870908924178441,0.9785498556902352,2.7703093249182906,0.37657012139318824,0.4950198016975927,2.750438390873333
9,491,1.0,57.11196476358935,0.050037641258383836,4.095051276488003,-4.045013635229619,-4.045013635229619,0.0,-0.02047764468143143,-1.2755332240400816,0.9777209419614824,2.7694804111895373,0.3763415612658887,0.49477436732451624,2.74863405551789
9,492,1.0,58.29353993407109,0.026681986072240454,4.09217326598329,-4.0654912799110505,-4.06549127991105,8.881784197001252e-16,-0.00437627501626725,-1.2939145841348287,0.9798172265481669,2.771576695776222,0.3756976681270388,0.4946593139214172,2.7502480633703583
9,493,1.0,58.54920752429741,0.02176333627391419,4.091630891201232,-4.069867554927318,-4.069867554927318,0.0,-0.02212812483715254,-1.2994105556324196,0.9786975300668432,2.770456999294898,0.37634935495008043,0.4944522649082142,2.7482798475257106
9,494,1.0,59.85923244048853,-0.0033603057904660893,4.088635373974004,-4.09199567976447,-4.091995679764469,8.881784197001252e-16,0.10386739964904512,-1.320755018833046,0.9794811917033694,2.7712406609314244,0.3768565242625473,0.49423383049182906,2.748136951828292
9,495,1.0,53.95380837920078,0.10359671052788105,4.091724990643307,-3.988128280115425,-3.988128280115426,8.881784197001252e-16,-0.0014300428909126417,-1.2178952543348154,0.9784735565525553,2.7702330257806103,0.37671934972196575,0.4943017606886016,2.7474623720335707
9,496,1.0,54.031019833998876,0.1010031701643415,4.09056149317068,-3.989558323006338,-3.9895583230063387,8.881784197001252e-16,-0.033937804062610155,-1.2199085827480178,0.9778902710302649,2.76964974025832,0.37745543286510475,0.49414332430727353,2.746251285879682
9,497,1.0,55.89618478235296,0.0665656816245562,4.090061808693504,-4.023496127068948,-4.023496127068947,8.881784197001252e-16,-0.012292936943359756,-1.25345910239279,0.978277555448103,2.7700370246761583,0.37721581667112275,0.4941403160889639,2.7466047804358475
9,498,1.0,56.58755382889804,0.05468321238862721,4.090472276400935,-4.035789064012308,-4.035789064012308,0.0,0.0451325762945598,-1.2669906336335794,0.9770389611506732,2.7687984303787285,0.37748619163309727,0.49413196850195246,2.745365838606918
9,499,1.0,54.09038738501056,0.09759688363576455,4.088253371353513,-3.990656487717748,-3.990656487717749,8.881784197001252e-16,0.10832983497279347,-1.2202450717697402,0.9786519467199533,2.770411415948008,0.3777292862930581,0.4939943542243315,2.7464084760324803
9,500,1.0,48.5370125736884,0.20370955148152575,4.08603620422648,-3.8823266527449545,-3.8823266527449545,0.0,,-1.1085760603636907,0.9819911231532088,2.7737505923812638,0.37819794107844934,0.4938283273317037,2.749012212460949
