seed,epoch,temperature,Z,E,S,F,F_check,err,delta_F,F_data,KL,NLL,data_mass,recon_sq,recon_ce
4,1,2.0,274926.5754634912,-0.10228064690637349,12.473119019230547,-25.04851868536747,-25.048518685367466,3.552713678800501e-15,-0.03134873235099889,-12.567348128080708,3.601527949028121,6.240585278643381,0.02736328034327446,0.4999285326547782,6.239941081991775
4,2,2.0,279269.82519954053,-0.1334287047956138,12.473219356461424,-25.079867417718468,-25.07986741771846,7.105427357601002e-15,0.05181671518199238,-12.598767961393818,3.6014923985470637,6.240549728162323,0.027357681904890362,0.49992942385764855,6.239913492836629
4,3,2.0,272127.32742198237,-0.08197481969551731,12.47303794142048,-25.028050702536476,-25.02805070253648,3.552713678800501e-15,-0.23614914381610674,-12.546894493043173,3.6015207751313922,6.2405781047466515,0.027341273631484614,0.49992776548120255,6.239926807781147
4,4,2.0,306232.5082147098,-0.329191210988989,12.467504317681797,-25.264199846352582,-25.264199846352582,0.0,-0.1306085474652825,-12.771485172579789,3.6073000072711365,6.246357336886396,0.02728441777184841,0.4999288410107574,6.245708439708589
4,5,2.0,326898.23611663753,-0.46570624893381546,12.464551072442028,-25.394808393817865,-25.394808393817872,7.105427357601002e-15,-0.14109829247133376,-12.896647355572041,3.610023189507656,6.249080519122914,0.027272517557850054,0.499926011500027,6.248400598658701
4,6,2.0,350793.6167835595,-0.6214788675210439,12.457213909384077,-25.5359066862892,-25.5359066862892,0.0,0.04293861067466764,-13.024515441999654,3.6166382925295153,6.255695622144775,0.02724941728151667,0.4999030785787527,6.254789631589296
4,7,2.0,343342.5918773813,-0.5737341089666576,12.459616983323937,-25.49296807561453,-25.49296807561453,0.0,-0.009553069392826075,-12.986319808966556,3.614266803708728,6.253324133323987,0.027374336972905196,0.4998866745991149,6.252279117225006
4,8,2.0,344986.50265314593,-0.5913665510802986,12.455577296963527,-25.502521145007357,-25.502521145007353,3.552713678800501e-15,0.2336773950669766,-12.988242947489406,3.6180817691437146,6.257139098758975,0.02735565410844833,0.49986566247317965,6.2558897045374495
4,9,2.0,306944.3914959994,-0.3530820093745544,12.457880870282912,-25.26884374994038,-25.268843749940377,3.552713678800501e-15,0.09978307391365249,-12.757729361182472,3.6164998647636954,6.255557194378953,0.02723114363058034,0.4998810959798857,6.254451641305789
4,10,2.0,292006.2070407505,-0.25654663351329177,12.456257021256718,-25.169060676026728,-25.169060676026728,0.0,0.010288475014434084,-12.654947506425385,3.617999255185413,6.257056584800672,0.02722322620320701,0.4998629871555289,6.255779750118705
4,11,2.0,290507.91484772915,-0.2508689423162615,12.453951629348015,-25.158772201012294,-25.158772201012294,0.0,0.05303918561567755,-12.639819732318042,3.6204189047318645,6.259476234347125,0.027089514974927772,0.49987507944189463,6.258296955345777
4,12,2.0,282905.0216351747,-0.18751501481292795,12.459109000291846,-25.105733015396616,-25.10573301539662,3.552713678800501e-15,-0.09482184336030741,-12.597167567899632,3.6152253941332346,6.254282723748493,0.027174600310474452,0.49988125747429935,6.253181498091637
4,13,2.0,296640.85077032715,-0.2806843011760573,12.459935278790434,-25.200554858756924,-25.200554858756924,0.0,-0.18857101107549568,-12.693526871681241,3.6144566639225824,6.253513993537843,0.02723580321556597,0.4998820527766738,6.252424154811972
4,14,2.0,325970.75082117826,-0.46886475417915324,12.460130557826632,-25.38912586983242,-25.38912586983242,0.0,-0.08060475618993479,-12.882542106067067,3.614234552267417,6.253291881882676,0.027248566351227382,0.499901026338368,6.252375122782394
4,15,2.0,339376.474024499,-0.5571871443946133,12.456271740813872,-25.469730626022354,-25.469730626022358,3.552713678800501e-15,0.2319671875766538,-12.956095650957808,3.6177601579170138,6.256817487532273,0.02721356581622044,0.49989323033271965,6.2558192074044445
4,16,2.0,302211.29959075333,-0.32116052834127345,12.458301455052212,-25.2377634384457,-25.237763438445697,3.552713678800501e-15,-0.1234384009256928,-12.727413387786433,3.616117695714375,6.255175025329635,0.027171779774063737,0.49988624072893434,6.254117856371762
4,17,2.0,321451.1669028622,-0.44900310183689385,12.456099368767248,-25.361201839371393,-25.36120183937139,3.552713678800501e-15,-0.035296253762815866,-12.846701516371635,3.618192831884619,6.257250161499877,0.027155690780068763,0.49988871156428893,6.256209282157647
4,18,2.0,327174.53267777065,-0.4757718181016343,12.460363137516286,-25.39649809313421,-25.396498093134205,3.552713678800501e-15,0.29450490914985394,-12.890420817985657,3.613981307959016,6.253038637574275,0.027240448594843272,0.4999001156279915,6.2521170402586534
4,19,2.0,282376.5073844249,-0.17110305709014606,12.465445063447103,-25.101993183984355,-25.10199318398435,3.552713678800501e-15,-0.08155306077460622,-12.605904319358428,3.608987102697705,6.248044432312965,0.027247842969126353,0.4998982041459661,6.247115737404478
4,20,2.0,294128.8225762297,-0.2623636612528913,12.460591291753037,-25.18354624475896,-25.183546244758965,3.552713678800501e-15,0.06368404701124675,-12.677868112637453,3.613781736445495,6.252839066060753,0.027217356171639673,0.49988266888930843,6.251757246497223
4,21,2.0,284910.7062838617,-0.19341977195122562,12.463221212898242,-25.119862197747715,-25.11986219774771,3.552713678800501e-15,-0.06774707260261792,-12.619245466239194,3.611251036139001,6.25030836575426,0.027171429777896425,0.4999018462968601,6.24940746570473
4,22,2.0,294726.9563954165,-0.2619384612716438,12.462835404539346,-25.187609270350332,-25.187609270350336,3.552713678800501e-15,0.0900806718823084,-12.686002556142885,3.6117460274884654,6.250803357103725,0.027164382601364837,0.4999072910223566,6.249951238033664
4,23,2.0,281746.8633882476,-0.16095339760843524,12.468287600429797,-25.097528598468024,-25.097528598468028,3.552713678800501e-15,0.0607539339135279,-12.606885254465633,3.6062643423859373,6.245321672001197,0.027232543154770413,0.49991835856568406,6.244580871476791
4,24,2.0,273316.93429130776,-0.10623929232934648,12.465267686112572,-25.036774664554496,-25.03677466455449,7.105427357601002e-15,-0.04612029019601138,-12.540670594416085,3.6089947054539455,6.248052035069203,0.027212087606434184,0.49989829556606225,6.247123856728458
4,25,2.0,279692.895202639,-0.1502721594991718,12.466311397625672,-25.082894954750508,-25.082894954750515,7.105427357601002e-15,-0.005439875216016077,-12.58854774741985,3.608116274050069,6.2471736036653285,0.027222334970903234,0.4999076458856001,6.246332352056951
4,26,2.0,280454.67795813316,-0.150036773987492,12.469149027989515,-25.088334829966524,-25.08833482996652,3.552713678800501e-15,0.07690861153921347,-12.599541787325105,3.605339191705451,6.244396521320709,0.027263258681492333,0.49991631145802695,6.243638575313546
4,27,2.0,269874.71430954436,-0.07009698360334565,12.470664617411984,-25.01142621842731,-25.011426218427314,3.552713678800501e-15,-0.0449640789369532,-12.526142771658003,3.603584393769396,6.242641723384656,0.027295646260617357,0.4999123600770087,6.241850159392191
4,28,2.0,276010.7653092086,-0.1128834224372451,12.471753437463505,-25.056390297364263,-25.056390297364256,7.105427357601002e-15,-0.06613507608184577,-12.57285913470693,3.6027082517134077,6.241765581328666,0.02729370704511464,0.4999243034475995,6.2410829745374174
4,29,2.0,285290.3426219277,-0.17901638960332686,12.471754491921388,-25.12252537344611,-25.122525373446102,7.105427357601002e-15,0.07276217536359653,-12.638733067622523,3.6028388232965325,6.241896152911791,0.02732151535745594,0.49992641373268515,6.241232530624744
4,30,2.0,275097.70351016073,-0.10535675772173665,12.472203220180388,-25.049763198082513,-25.049763198082513,0.0,-0.027727515579226036,-12.567228739457722,3.6022098996971375,6.241267229312397,0.02731316863873606,0.4999248041018221,6.240589213227447
4,31,2.0,278938.1514479236,-0.1305497466619702,12.47347048349988,-25.07749071366174,-25.07749071366173,7.105427357601002e-15,-0.018737721912959415,-12.59734705898218,3.60101449772452,6.240071827339778,0.02734094381183122,0.49992719595405666,6.239416198948552
4,32,2.0,281563.76450074645,-0.1514201365721387,12.472404149501276,-25.096228435574698,-25.09622843557469,7.105427357601002e-15,-0.17288327591786157,-12.614097821123304,3.602007977610441,6.241065307225701,0.027369368032743133,0.4999165732262933,6.240313477891033
4,33,2.0,306985.51889886794,-0.3260080431171586,12.471551834187702,-25.26911171149256,-25.269111711492563,3.552713678800501e-15,0.03559616862214554,-12.784977956006811,3.6030095481276154,6.242066877742874,0.027422179303748805,0.499916408167685,6.24131286467455
4,34,2.0,301570.09974812646,-0.2898846144892071,12.471815464190604,-25.233515542870414,-25.233515542870414,0.0,0.12461463005579887,-12.749900344972927,3.602750269333484,6.241807598948742,0.027391608178019354,0.4999186766757756,6.24107405026283
4,35,2.0,283353.48375570006,-0.16432561904604714,12.472287646884283,-25.108900912814615,-25.10890091281461,3.552713678800501e-15,-0.03165036548483258,-12.626581605558368,3.602102324012867,6.2411596536281255,0.027364849817182457,0.4999150136725597,6.240393352422706
4,36,2.0,287873.2733386255,-0.1956883105431051,12.472431483878172,-25.140551278299448,-25.140551278299448,0.0,0.1526509533123246,-12.658377540992348,3.6020295390382913,6.241086868653552,0.027363935671648607,0.49991825978519566,6.240349900617112
4,37,2.0,266718.79029656784,-0.044575461366295394,12.471662431810412,-24.987900324987123,-24.98790032498712,3.552713678800501e-15,-0.06640192923225641,-12.505371802485103,3.602206931635751,6.2412642612510085,0.027376565443915465,0.49989660193831625,6.240331752972698
4,38,2.0,275722.7544869162,-0.11120742072904345,12.471547416745171,-25.05430225421938,-25.054302254219387,7.105427357601002e-15,-0.10528759782544839,-12.571178435763956,3.6025045796124537,6.241561909227713,0.027412407092079087,0.4998946664292691,6.240611600638182
4,39,2.0,290626.7061768052,-0.2195369621001911,12.470026444972317,-25.159589852044828,-25.159589852044824,3.552713678800501e-15,0.03386208901677179,-12.673028057998492,3.60422356740791,6.243280897023169,0.027430924337471647,0.49989222117930804,6.2423070538374485
4,40,2.0,285747.5139449439,-0.185973918828078,12.469876922099989,-25.125727763028056,-25.125727763028056,0.0,0.057994803854491295,-12.63914020533893,3.6042364492293046,6.243293778844564,0.027443829224962538,0.49988431776875597,6.242248735832925
4,41,2.0,277580.5609000751,-0.1255595405441817,12.47108670931469,-25.067732959173565,-25.06773295917356,3.552713678800501e-15,0.1938146023813765,-12.583575595392734,3.603021352275156,6.242078681890414,0.027380551711030616,0.4998974921239182,6.241153157382795
4,42,2.0,251943.25898837837,0.06967451376832277,12.471796435280256,-24.87391835679219,-24.87391835679219,0.0,0.050955592644228886,-12.392886710459232,3.6014584935512177,6.240515823166477,0.027367172930415587,0.499888726062873,6.239512431561356
4,43,2.0,245605.3803736443,0.1181987863204599,12.470580775234207,-24.82296276414796,-24.822962764147956,3.552713678800501e-15,-0.05056200575044656,-12.340140718462857,3.6023536932272924,6.241411022842551,0.02733547002555372,0.4998837412007418,6.24036190259268
4,44,2.0,251893.68308428788,0.06629650281263422,12.469910636355522,-24.873524769898406,-24.87352476989841,3.552713678800501e-15,0.01737946272374913,-12.388701368075349,3.6033543712962692,6.242411700911528,0.027303020318771645,0.4998894318561212,6.241412589026463
4,45,2.0,249714.27758484337,0.08268171003421124,12.469413508604434,-24.856145307174657,-24.856145307174657,0.0,0.17282128527422103,-12.370592646645107,3.6037190006495163,6.242776330264775,0.027301935628063444,0.49988432542496575,6.241730770659865
4,46,2.0,229042.3067142754,0.25406635422956814,12.468695188065002,-24.683324021900436,-24.683324021900436,0.0,-0.10507326117041771,-12.199358358759275,3.6029255019553217,6.2419828315705805,0.027416720612073304,0.4998433170385256,6.240568003515953
4,47,2.0,241397.11622623698,0.15408291317397804,12.471240098122417,-24.788397283070854,-24.788397283070857,3.552713678800501e-15,-0.015655765419150924,-12.307452917534574,3.601414853152881,6.24047218276814,0.027338069206472936,0.4998822178365721,6.239410463285638
4,48,2.0,243294.15976877185,0.13769459416333896,12.470873821326673,-24.804053048490005,-24.804053048490008,3.552713678800501e-15,-0.0020928569368621197,-12.32220684809302,3.601865770583234,6.240923100198493,0.027334613270168867,0.49988028806249685,6.239843383246133
4,49,2.0,243548.88295531014,0.13287479436674057,12.469510349896805,-24.806145905426867,-24.806145905426867,0.0,-0.1583057078018122,-12.321841630162426,3.6030948080169614,6.24215213763222,0.02737788743957996,0.4998628911342845,6.240913689804314
4,50,2.0,263609.94449859177,-0.029802447879898962,12.46732458267439,-24.96445161322868,-24.96445161322868,0.0,0.11576090500861724,-12.474125167433328,3.606105893282416,6.245163222897674,0.027379773962190573,0.4998624509765577,6.243916872769921
4,51,2.0,248785.25014583438,0.08258388657127319,12.46563729739567,-24.84869070822006,-24.848690708220065,3.552713678800501e-15,-0.15037039232649718,-12.35646494019639,3.6070555543965765,6.246112884011835,0.02740075028082787,0.4998384324747501,6.2446468204741405
4,52,2.0,268211.345218916,-0.06770501444886963,12.465678043048847,-24.99906110054656,-24.999061100546562,3.552713678800501e-15,0.08798831953482633,-12.505582572025915,3.6076819346450644,6.2467392642603246,0.027459273922301568,0.4998386363279991,6.245275088240295
4,53,2.0,256667.40723938972,0.020360221583939266,12.465716501297834,-24.911072781011733,-24.91107278101173,3.552713678800501e-15,-0.007982190546240275,-12.418630318266585,3.607163901757314,6.246221231372573,0.02747147777551903,0.4998278844338034,6.244660436088068
4,54,2.0,257693.8382446658,0.015522212024359692,12.467288591791167,-24.919054971557973,-24.919054971557973,0.0,-0.09761355268075533,-12.429227626198621,3.6058563430644166,6.244913672679674,0.027372661161213514,0.49985738065244584,6.243621443974474
4,55,2.0,270583.0250910318,-0.08096483800336197,12.467851843117685,-25.016668524238728,-25.01666852423873,3.552713678800501e-15,-0.058295918383830525,-12.526843851778066,3.6058550066150743,6.244912336230334,0.027326260818369526,0.49987874830486395,6.243814586370264
4,56,2.0,278586.03719188954,-0.13461139827922744,12.470176522171666,-25.07496444262256,-25.07496444262256,0.0,0.055491172670247835,-12.589367140958217,3.603741321216911,6.242798650832169,0.027383782554581515,0.49988819920708233,6.241789249669546
4,57,2.0,270962.74957635114,-0.07732845746508372,12.471072406243612,-25.01947326995231,-25.019473269952307,3.552713678800501e-15,0.11829064433911896,-12.535836411776161,3.602761099472814,6.241818429088071,0.02731661185744275,0.4999008519637079,6.240924148193313
4,58,2.0,255401.30004703408,0.0387011173054156,12.469941871459303,-24.901182625613192,-24.901182625613192,0.0,-0.13199848341286824,-12.416437451210722,3.6033152575859737,6.242372587201233,0.027271303498657404,0.499892568669922,6.241402598081739
4,59,2.0,272826.28542667505,-0.09179778362755381,12.470691662699252,-25.03318110902606,-25.03318110902606,0.0,0.09089880389940319,-12.548827466218567,3.6031194917884894,6.2421768214037465,0.02731308978339894,0.49989777288783255,6.241254291904561
4,60,2.0,260704.05460523014,-0.008982439256359158,12.46664993293515,-24.942282305126657,-24.94228230512666,3.552713678800501e-15,0.029463188095117943,-12.45102911221311,3.6065692668415132,6.2456265964567725,0.02728933360125048,0.49986760501747396,6.244426327577015
4,61,2.0,256891.61888154718,0.026132903097417594,12.469476010064476,-24.91281911703154,-24.912819117031535,3.552713678800501e-15,0.11002165089033156,-12.427486468655124,3.6036089945729457,6.242666324188204,0.02732606707558396,0.49987384250669115,6.241527237929907
4,62,2.0,243141.46977621602,0.13667251009374515,12.469734988117477,-24.802797466141207,-24.802797466141207,0.0,-0.0440980122243495,-12.31938314086865,3.6026498330210197,6.2417071626362794,0.027322374246023993,0.4998665587211527,6.240502968296167
4,63,2.0,248562.0369863423,0.09321016532670791,12.470052821846133,-24.846895478365557,-24.846895478365557,0.0,-0.06553021984564467,-12.363338064867909,3.6027213771335647,6.241778706748824,0.02726904687438927,0.49988310683612985,6.240723710634858
4,64,2.0,256841.09085255215,0.028272596731545377,12.470349147471374,-24.9124256982112,-24.9124256982112,0.0,-0.044181434080098114,-12.428684478926417,3.602813280027133,6.241870609642391,0.027276616434905716,0.49988801922673537,6.240860293433762
4,65,2.0,262578.0279416845,-0.01286061915323943,12.471873256569028,-24.9566071322913,-24.956607132291296,3.552713678800501e-15,0.09975995422711037,-12.47552678825134,3.601482842404721,6.240540172019979,0.02732207666113963,0.49989053219267177,6.239553715291345
4,66,2.0,249801.9265545773,0.08381488087052243,12.470331029467355,-24.85684717806419,-24.856847178064186,3.552713678800501e-15,0.1728306573528755,-12.373920359464304,3.602406079684683,6.241463409299941,0.027302482701729285,0.4998782611237985,6.240365401058271
4,67,2.0,229121.62620816694,0.2559601186917963,12.469988319701557,-24.684016520711314,-24.684016520711317,3.552713678800501e-15,-0.08546174762492598,-12.203321360946633,3.601290250267081,6.240347579882339,0.02736783279093342,0.4998489664572635,6.238986202883475
4,68,2.0,239124.3848339297,0.16820498952124757,12.468841628928745,-24.76947826833624,-24.769478268336243,3.552713678800501e-15,-0.10201548123391291,-12.285142631358324,3.6031104888736993,6.242167818488958,0.027334513587386394,0.4998522301825039,6.240833752279306
4,69,2.0,251638.01232893346,0.06402533072990842,12.467759540150027,-24.871493749570153,-24.871493749570146,7.105427357601002e-15,-0.11853536323426184,-12.383556408006783,3.6049113411664244,6.243968670781683,0.027300196439961576,0.4998610583143618,6.242712270351307
4,70,2.0,267002.8352933462,-0.05591398975932071,12.467057561522548,-24.990029112804415,-24.990029112804418,3.552713678800501e-15,0.015069996297977895,-12.499739254897682,3.606087599338108,6.245144928953366,0.027373360038798263,0.4998512493242406,6.24379828097824
4,71,2.0,264998.5301245642,-0.04258062280649009,12.466189246849973,-24.974959116506437,-24.974959116506437,0.0,-0.20653505621828572,-12.48346050938143,3.6066919739472447,6.245749303562502,0.02744779829548338,0.4998265654137437,6.244178433421512
4,72,2.0,293827.19057970174,-0.25158266066502516,12.464955756029854,-25.181494172724722,-25.181494172724733,1.0658141036401503e-14,0.1198509821129079,-12.68623827443842,3.6085706195278924,6.24762794914315,0.02746629676487049,0.49983597690812326,6.246139933715114
4,73,2.0,276736.6456776287,-0.13203177905232055,12.46480570577975,-25.061643190611814,-25.061643190611818,3.552713678800501e-15,-0.16660182084025266,-12.566798739297292,3.608364896042002,6.247422225657261,0.027445813676726476,0.4998252945952757,6.245837122043824
4,74,2.0,300776.4286317994,-0.29922383234830685,12.46451058955188,-25.228245011452067,-25.228245011452067,0.0,0.09236715120634642,-12.731962093934696,3.609084129143426,6.248141458758686,0.027450218027404053,0.49983842601120787,6.246674133428793
4,75,2.0,287201.3825745511,-0.21496142773647883,12.460458216254622,-25.13587786024572,-25.135877860245724,3.552713678800501e-15,-0.10351053679482192,-12.632236919909658,3.6127631405527723,6.251820470168032,0.027427673943741977,0.4998092263699309,6.250076915948341
4,76,2.0,302456.93979039363,-0.3100319906858189,12.46467820317736,-25.239388397040543,-25.23938839704054,3.552713678800501e-15,0.055924565597383236,-12.743325348926229,3.6089741944419,6.248031524057159,0.027408231191029562,0.49984839943624654,6.246655270221552
4,77,2.0,294116.7027601691,-0.2637063790497719,12.459878726196695,-25.18346383144316,-25.183463831443163,3.552713678800501e-15,0.05990607106831547,-12.678201671289658,3.6135737504614918,6.2526310800767515,0.027329632150486886,0.4998288322926543,6.251062186379222
4,78,2.0,285437.6456473949,-0.2006204508200377,12.461468654777402,-25.123557760374844,-25.12355776037484,3.552713678800501e-15,-0.13645289348972156,-12.621253881307622,3.6120946099183517,6.251151939533611,0.027209449470140305,0.4998564385052394,6.249835561027389
4,79,2.0,305591.74605648505,-0.3379812357021667,12.461014709081201,-25.260010653864565,-25.26001065386457,3.552713678800501e-15,0.08894831432350259,-12.756445431872864,3.612725281380594,6.251782610995853,0.027250099882624113,0.4998589306451474,6.250490136928513
4,80,2.0,292298.602420931,-0.247085813448643,12.461988263046212,-25.171062339541063,-25.171062339541066,3.552713678800501e-15,0.1004792952014526,-12.669889598823902,3.6115290407433185,6.250586370358579,0.02729035310051011,0.49984400332542134,6.249158092144412
4,81,2.0,277976.4070013636,-0.14972761893897915,12.460427712700316,-25.07058304433961,-25.07058304433961,0.0,0.18684910218575013,-12.567432985207986,3.6125176999505526,6.251575029565812,0.027348548010303377,0.49980955342563055,6.249831752955425
4,82,2.0,253182.7834473861,0.03470122964845006,12.459217585901154,-24.88373394215386,-24.883733942153857,3.552713678800501e-15,0.08920063647727972,-12.380154744150856,3.6127322693862447,6.251789599001504,0.0273625265632058,0.4997802451069491,6.249773795931161
4,83,2.0,242138.86256855968,0.12316935397154397,12.458851329824062,-24.79453330567658,-24.79453330567658,0.0,0.050059203001804775,-12.291809801081675,3.612304422682196,6.251361752297454,0.02742574523067629,0.49975556722007664,6.24912229259484
4,84,2.0,236153.44215058585,0.17241570040327628,12.458444901539028,-24.744474102674776,-24.74447410267478,3.552713678800501e-15,-0.07661499644093439,-12.241787850681106,3.612285796381577,6.251343125996837,0.02744063765077944,0.49974470781786795,6.249001683712806
4,85,2.0,245375.39701194127,0.09841539212857678,12.459752245622145,-24.82108909911571,-24.821089099115714,3.552713678800501e-15,0.06110106757620315,-12.319274497486889,3.61184997119915,6.2509073008144105,0.027291866202017408,0.49979180630792164,6.249001125637718
4,86,2.0,237992.39914301608,0.1549440755744824,12.457466053556995,-24.759988031539507,-24.759988031539507,0.0,0.04940452824587638,-12.254469027331234,3.6137021724888787,6.252759502104138,0.02724238856624795,0.4997833595540524,6.250768535704879
4,87,2.0,232185.4655245951,0.20165351366471762,12.456118508479173,-24.71058350329363,-24.71058350329363,0.0,-0.09790855112069252,-12.203696231711719,3.614386306175697,6.253443635790957,0.02735147184770669,0.4997474948119958,6.251122718208983
4,88,2.0,243834.75157769345,0.10369325585905315,12.456092655136686,-24.808492054414323,-24.80849205441432,3.552713678800501e-15,-0.04662626735329667,-12.29969002372432,3.6153436857297403,6.2544010153450005,0.02724664311251625,0.49977817933506263,6.252357396753659
4,89,2.0,249586.08404138024,0.05834577157428088,12.45673204667095,-24.85511832176762,-24.85511832176762,0.0,-0.03141362922044166,-12.347012354366111,3.6149956540854933,6.254052983700753,0.027246317347812195,0.4997844056658297,6.252068415511203
4,90,2.0,253537.23516170832,0.016015591662258088,12.451273771325159,-24.88653195098806,-24.88653195098806,0.0,-0.009332804533151773,-12.367347601940798,3.6205348449083714,6.259592174523631,0.02719738075105515,0.49976544295358594,6.2574108522484835
4,91,2.0,254723.1066152549,0.01873056046290815,12.457297657992061,-24.895864755521213,-24.895864755521213,0.0,-0.02935936867641331,-12.388685765518847,3.6145321653859246,6.253589495001182,0.027297227601012122,0.49978095593258415,6.251580280704284
4,92,2.0,258489.9417456666,-0.009910857538417524,12.457656633329604,-24.925224124197626,-24.925224124197626,0.0,0.1319066683709167,-12.418790553487957,3.614159455739575,6.253216785354835,0.027381665423461102,0.4997670872637111,6.2510843896953645
4,93,2.0,241991.70505360112,0.1272139406604456,12.460265698243578,-24.79331745582671,-24.79331745582671,0.0,0.0412153565784763,-12.293829332654385,3.6106867319709033,6.249744061586162,0.027415719102111755,0.4997622834375257,6.247579583195169
4,94,2.0,237055.85077290988,0.1597195814702305,12.45591084035923,-24.752102099248233,-24.75210209924823,3.552713678800501e-15,-0.02534173927830352,-12.24570308775824,3.614142176129737,6.2531995057449965,0.027598447908757665,0.4996918497895446,6.2503837276697265
4,95,2.0,240078.66495460863,0.13760873229330198,12.45752628540992,-24.777443838526537,-24.777443838526537,0.0,0.07814789036286385,-12.273715426584468,3.6128068763557755,6.251864205971034,0.02757800234365557,0.4997103256102658,6.249222132071045
4,96,2.0,230878.75326848333,0.20969242920703568,12.454494188685358,-24.699295948163673,-24.69929594816368,7.105427357601002e-15,0.08671132784019164,-12.191209877859754,3.6149857055367,6.25404303515196,0.027606693029904837,0.4996768424791501,6.251084970078755
4,97,2.0,221082.74234075926,0.2957438777854314,12.454164249054461,-24.61258462032348,-24.612584620323492,1.0658141036401503e-14,-0.028917576761703145,-12.104984225456224,3.6147428678183693,6.253800197433629,0.027480547239901957,0.4996926772238007,6.2509865296981015
4,98,2.0,224302.5521076107,0.266971805468856,12.45423700127702,-24.641502197085185,-24.641502197085185,0.0,0.021093847602504212,-12.133283036345139,3.615052250754764,6.254109580370022,0.027403965435901213,0.49970926074912864,6.251443527871038
4,99,2.0,221949.28187731106,0.28808912279248,12.454248736137576,-24.62040834948268,-24.62040834948267,1.0658141036401503e-14,-0.0013836559156352735,-12.112794914250765,3.6147493880007,6.253806717615959,0.027431598457004977,0.4996990338823716,6.251044894449463
4,100,2.0,222102.88572332214,0.2932556476157729,12.457523826507046,-24.621792005398316,-24.62179200539832,3.552713678800501e-15,-0.10342710851364245,-12.120341220633543,3.611668062767126,6.2507253923823844,0.027375768812516788,0.4997326209596885,6.248284392078928
4,101,2.0,233890.78554685536,0.19646670444353062,12.460842909177748,-24.725219113911958,-24.725219113911965,7.105427357601002e-15,-0.15123583215004643,-12.227991421117466,3.6095565167819905,6.248613846397248,0.027282935921473225,0.4997804976169054,6.246614784231106
4,102,2.0,252262.99999209418,0.04399310901467676,12.460224027538343,-24.876454946062005,-24.87645494606201,7.105427357601002e-15,-0.04795919660817205,-12.37573988102628,3.6113002029026036,6.250357532517862,0.02726246650017756,0.49979272289793103,6.248465694418184
4,103,2.0,258385.2769023215,-0.00454279381256907,12.459935674428802,-24.924414142670177,-24.924414142670173,3.552713678800501e-15,-0.08391694503398028,-12.422288050353204,3.6120057165432278,6.251063046158487,0.027196053317561374,0.49980880661532684,6.249312544653568
4,104,2.0,269457.3885524462,-0.09875794609233036,12.454786570805913,-25.008331087704157,-25.008331087704157,0.0,0.0004656986486288872,-12.495235409604186,3.617490509434728,6.256547839049986,0.027132194082490735,0.4997988908535644,6.254689484799682
4,105,2.0,269394.65288585273,-0.10999216946169668,12.448936609796917,-25.007865389055528,-25.00786538905553,3.552713678800501e-15,0.01750487219174346,-12.483174372356485,3.6232881787342657,6.262345508349524,0.02703901561162949,0.49978081909431044,6.260289297438113
4,106,2.0,267047.0818708585,-0.09360021400931909,12.448380151427234,-24.990360516863785,-24.990360516863788,3.552713678800501e-15,0.043199131015352776,-12.464891915695095,3.6236769709690866,6.262734300584346,0.027044596793839772,0.4997739327801436,6.260615343327901
4,107,2.0,261340.8290713863,-0.04606859222197193,12.450546396813232,-24.947161385848432,-24.947161385848435,3.552713678800501e-15,-0.060149342653165405,-12.426438456295655,3.6213041351611293,6.2603614647763886,0.027060130782160186,0.49977883463181993,6.258298298752975
4,108,2.0,269319.9519510491,-0.09397719359086937,12.456666767455363,-25.007310728501597,-25.007310728501597,0.0,-0.037000407374520705,-12.49777040847963,3.615712830395726,6.254770160010985,0.027076036243277916,0.4998190438342846,6.253099911116985
4,109,2.0,274348.7998450899,-0.12432874827876264,12.459991193798679,-25.044311135876118,-25.04431113587612,3.552713678800501e-15,0.01282717548782486,-12.541134177495215,3.612531149575193,6.251588479190451,0.027153216462586012,0.49982609922705273,6.249994597676249
4,110,2.0,272594.8702477211,-0.10444951301523142,12.463517223686534,-25.031483960388293,-25.0314839603883,7.105427357601002e-15,-0.11370948755434895,-12.535747311345684,3.608810994906045,6.2478683245213045,0.02727070182598281,0.4998192735034856,6.246225045453545
4,111,2.0,288542.22767346236,-0.2263678966159545,12.459412775663344,-25.145193447942642,-25.145193447942642,0.0,0.08455732847862407,-12.640399471523617,3.6133396585942554,6.252396988209513,0.027199304918589715,0.4998220815835171,6.250767649788787
4,112,2.0,276597.3340090625,-0.13482774264870973,12.462904188407654,-25.060636119464018,-25.060636119464018,0.0,-0.022707517475581085,-12.563759764649967,3.6093808477917664,6.248438177407025,0.027328069525763055,0.4998065700406196,6.246681154682939
4,113,2.0,279755.6488517332,-0.16214236743921945,12.460600634750188,-25.0833436369396,-25.083343636939595,3.552713678800501e-15,0.07642995957646193,-12.58191982346763,3.611654577120727,6.250711906735986,0.027315769120934395,0.499795108736915,6.248844221213687
4,114,2.0,269266.49036120495,-0.08226150008504467,12.462326088639045,-25.006913677363137,-25.006913677363137,0.0,-0.0016779950140879407,-12.509602994288102,3.609598011922262,6.24865534153752,0.02733558624105449,0.49979192749878987,6.246763510705675
4,115,2.0,269492.4990724634,-0.08570405063393036,12.461443810871646,-25.008591672377225,-25.00859167237722,3.552713678800501e-15,-0.009531453891600705,-12.50962200422343,3.610427504461637,6.2494848340768945,0.02734906543694544,0.499783940268712,6.247518561359615
4,116,2.0,270779.89198190224,-0.09286260526699595,12.462630260500914,-25.018123126268826,-25.018123126268826,0.0,0.057811786285135724,-12.521028140574,3.6094901632321545,6.248547492847414,0.027260883031913274,0.4998128628692318,6.246846616440843
4,117,2.0,263064.80035454314,-0.032664968769423916,12.46382318560713,-24.96031133998369,-24.960311339983683,7.105427357601002e-15,0.20951624075248176,-12.466400341563675,3.607898169594747,6.246955499210006,0.027324975161865002,0.4997971083090484,6.245114496157505
4,118,2.0,236900.98538019072,0.17659375974674274,12.463694429488974,-24.75079509923121,-24.750795099231205,3.552713678800501e-15,-0.11483656439146728,-12.260145976180018,3.606267231910335,6.245324561525593,0.027406202318068198,0.4997575791878986,6.243129739847494
4,119,2.0,250901.53035838448,0.061068924143654585,12.463350293883163,-24.865631663622676,-24.865631663622672,3.552713678800501e-15,0.09716741532548667,-12.372349463437201,3.60758377047748,6.246641100092739,0.027344210992165358,0.49977697347024613,6.24461846263294
4,120,2.0,239003.1771042692,0.1538349168403651,12.461149582568778,-24.76846424829719,-24.768464248297192,3.552713678800501e-15,-0.13954071426259418,-12.272432223481047,3.6089586827928133,6.248016012408072,0.027327445386305507,0.49975929826696014,6.245830037714035
4,121,2.0,256274.00453457338,0.020304874319705592,12.464154918439744,-24.908004962559783,-24.908004962559783,0.0,0.035140941212048915,-12.415584851300862,3.607152726014203,6.246210055629462,0.027288605609562446,0.499799920559981,6.244397730761188
4,122,2.0,251810.4776365035,0.06350094398377408,12.468182482665755,-24.872864021347734,-24.872864021347738,3.552713678800501e-15,-0.07256068340365474,-12.388769797740139,3.6029897821885375,6.242047111803795,0.027303266029995436,0.49982022010156674,6.240425754585572
4,123,2.0,261113.9947315001,-0.014807686972456331,12.465308508889468,-24.94542470475139,-24.945424704751392,3.552713678800501e-15,0.11114291056683356,-12.4547176074948,3.606296219013037,6.245353548628295,0.02724325273300447,0.499822802564091,6.243750314944207
4,124,2.0,246999.32852700687,0.0903645538107515,12.462323173997651,-24.834281794184555,-24.83428179418455,3.552713678800501e-15,-0.0521226912888757,-12.33925885398495,3.6084541404845423,6.247511470099802,0.02720544048707724,0.4998036436688786,6.245728355758918
4,125,2.0,253521.07704953532,0.035741543812888486,12.46107301464316,-24.88640448547343,-24.88640448547343,0.0,0.006986377303640268,-12.388012137135593,3.610138844553659,6.249196174168918,0.027132509116508104,0.49981624206991326,6.247523256551154
4,126,2.0,252637.02507930406,0.03488864101672155,12.457153374593256,-24.87941810816979,-24.87941810816979,0.0,-0.08731180058692445,-12.373315680437864,3.6139938842507044,6.253051213865963,0.027048475334431693,0.4998115137892179,6.2513228412095865
4,127,2.0,263910.4062801325,-0.05655450970871535,12.455087699524,-24.966729908756715,-24.966729908756715,0.0,0.07749714346937608,-12.456112375859165,3.616251436833519,6.255308766448777,0.02717759883066368,0.49978375178289924,6.253319737430496
4,128,2.0,253879.8449360493,0.025857311188007118,12.45754503823767,-24.88923276528734,-24.889232765287336,3.552713678800501e-15,-0.04820790184866297,-12.384668768944959,3.6132246685559295,6.252281998171189,0.027231491089472343,0.4997763175481293,6.250235518196378
4,129,2.0,260073.7005720336,-0.022603543992516205,12.45741856157174,-24.937440667136002,-24.937440667136,3.552713678800501e-15,0.08508349482732669,-12.432204042142397,3.6135609828815443,6.252618312496803,0.027273450207726875,0.4997712719865832,6.250523995620717
4,130,2.0,249241.74954536837,0.06967451642876298,12.461015844368719,-24.852357172308675,-24.852357172308675,0.0,-0.0772088136212119,-12.355482033107194,3.609380239985484,6.248437569600742,0.027335403935378998,0.4997693283147807,6.246338876244374
4,131,2.0,259051.7151037142,-0.0049252457900235734,12.462320370069932,-24.929565985929887,-24.929565985929887,0.0,-0.11043775581222093,-12.434176669442378,3.6086373286284967,6.2476946582437565,0.027317639656488743,0.4997840924798064,6.245732903239556
4,132,2.0,273758.5714542477,-0.11107116752534305,12.464466287108383,-25.040003741742108,-25.040003741742108,0.0,0.023784078116854346,-12.54738927127983,3.6072499056158795,6.246307235231138,0.027282808345257023,0.4998149031182616,6.244629657878845
4,133,2.0,270522.3048736958,-0.08515834679566159,12.465530658414794,-25.016219663625254,-25.01621966362525,3.552713678800501e-15,0.1273659341835156,-12.525689634426907,3.606207684983915,6.245265014599175,0.027213814818440936,0.4998313133727366,6.243738721639817
4,134,2.0,253831.73471421495,0.04442423380108355,12.466638981621415,-24.88885372944174,-24.888853729441745,7.105427357601002e-15,-0.004939307441702567,-12.402081906126785,3.604328582042218,6.243385911657477,0.027214884316439904,0.49982166618233415,6.241775324968957
4,135,2.0,254459.385923881,0.035841967213446124,12.464817502048444,-24.89379303688344,-24.89379303688344,0.0,-0.05149976376524634,-12.40331200637165,3.6061831856406346,6.245240515255895,0.027184019738537752,0.4998146091423118,6.243563350145484
4,136,2.0,261096.77429577892,-0.017962105345655496,12.463665347651517,-24.945292800648687,-24.94529280064869,3.552713678800501e-15,-0.13080558959751443,-12.451791189780826,3.607693475818674,6.2467508054339325,0.027140944962978853,0.4998226304128647,6.245142600385486
4,137,2.0,278744.0329648168,-0.14780244680887702,12.464147971718656,-25.0760983902462,-25.07609839024619,1.0658141036401503e-14,-0.0892377900559218,-12.582288080507038,3.607847825254324,6.246905154869582,0.02720476388285814,0.4998281307233551,6.2453472872814615
4,138,2.0,291462.92512570956,-0.24127098340156156,12.462032598450282,-25.165336180302123,-25.165336180302127,3.552713678800501e-15,-0.04128643713048774,-12.667048866995502,3.6100863270380534,6.249143656653311,0.02727885860164947,0.49981018686168494,6.247416916887006
4,139,2.0,297542.18990396784,-0.2780271515146078,12.464297732959004,-25.20662261743261,-25.206622617432615,3.552713678800501e-15,0.036953544881882294,-12.712439057355212,3.6080344504234425,6.2470917800387005,0.02727824055583773,0.49982926117858034,6.245544769885186
4,140,2.0,292095.048333424,-0.24047043855561528,12.464599316997553,-25.16966907255073,-25.16966907255072,7.105427357601002e-15,0.12974232969907362,-12.676386790340885,3.60758381148966,6.246641141104918,0.027259592139377585,0.49982649647673594,6.245070085375998
4,141,2.0,273748.0321040017,-0.10635466613882721,12.466786038356416,-25.039926742851655,-25.03992674285166,3.552713678800501e-15,0.0871384219776914,-12.552092362229487,3.6048598606958246,6.243917190311085,0.027263836785741735,0.4998240735407089,6.242328705324056
4,142,2.0,262077.13830910355,-0.01993643156169327,12.466425944656134,-24.952788320873964,-24.95278832087396,3.552713678800501e-15,-0.07918463029704981,-12.465359408943995,3.6046571263497245,6.243714455964983,0.027259068302941673,0.49981247284153385,6.2420216544653595
4,143,2.0,272661.52658545633,-0.09645912823900782,12.467756911466001,-25.031972951171014,-25.03197295117101,3.552713678800501e-15,-0.20119022860034974,-12.546407060156952,3.603725615891772,6.242782945507031,0.027307529932016048,0.49981664186137337,6.241128570371491
4,144,2.0,301516.9733407464,-0.29763195981952006,12.467765609975922,-25.233163179771363,-25.233163179771363,0.0,-0.031019537363775385,-12.746032903721462,3.604507808409693,6.243565138024951,0.02733969167300686,0.49983257569744316,6.242053722558374
4,145,2.0,306229.8854643306,-0.3276073102858779,12.468287703424629,-25.26418271713514,-25.264182717135135,3.552713678800501e-15,0.1379579190767828,-12.778130481792337,3.6039687880561404,6.2430261176714,0.02738749032023872,0.4998289156921065,6.241481699759659
4,146,2.0,285818.53603182064,-0.18979722801898324,12.468213785019687,-25.126224798058356,-25.126224798058356,0.0,0.07070225360311966,-12.641241428243104,3.603434355292368,6.242491684907627,0.02740651204522997,0.49980124648194846,6.2406976904844695
4,147,2.0,275891.0367125364,-0.11916376281167324,12.468179390821783,-25.055522544455236,-25.05552254445524,3.552713678800501e-15,-0.11143437788654253,-12.571342764174778,3.60303256052497,6.242089890140229,0.02740415911075161,0.4997896872651778,6.240192434253065
4,148,2.0,291699.21396146715,-0.23856429770032042,12.464196312320727,-25.16695692234178,-25.166956922341775,3.552713678800501e-15,-0.123108081763597,-12.673995272681452,3.6074234952149062,6.246480824830165,0.02736692216679783,0.4997858714906274,6.24454177398716
4,149,2.0,310218.6039740368,-0.3761594402535997,12.456952781925887,-25.290065004105376,-25.290065004105372,3.552713678800501e-15,-0.07487552591625501,-12.782380202596809,3.614785071139025,6.253842400754283,0.02732810499909931,0.49976655034767437,6.251706508667285
4,150,2.0,322052.63213692873,-0.44619242052410446,12.459374054748762,-25.36494053002163,-25.36494053002163,0.0,-0.07912368370957168,-12.861957183188014,3.612434343801549,6.251491673416808,0.027450059834368063,0.49977047947198006,6.249399957019457
4,151,2.0,335049.0127646632,-0.5323181467253024,12.45587303350295,-25.444064213731203,-25.444064213731203,0.0,0.019888497762032387,-12.934594810981645,3.6156773717595208,6.2547347013747805,0.027516757385659903,0.49974511622949486,6.2524003307637885
4,152,2.0,331733.7133956683,-0.5196330266913332,12.452271344638918,-25.42417571596917,-25.42417571596917,0.0,0.03337967707980383,-12.90813869690355,3.6189611799175543,6.258018509532813,0.027567284966859385,0.4997062640922647,6.255314379134868
4,153,2.0,326243.0776440559,-0.4785126398953086,12.456141699497026,-25.390796038889366,-25.390796038889363,3.552713678800501e-15,0.04893345872981314,-12.881863711585169,3.6154088340368387,6.254466163652098,0.027473688462562113,0.4997450518769629,6.2521327789151355
4,154,2.0,318357.8329817902,-0.4217829248599243,12.460039827649814,-25.341862580159553,-25.341862580159553,0.0,0.08405574907914826,-12.840351913855315,3.6116980035368593,6.250755333152119,0.02740505557975737,0.4997744769762138,6.248704691198155
4,155,2.0,305255.19648813474,-0.3405471229891388,12.458629854045633,-25.257806831080405,-25.257806831080405,0.0,0.21905717999071328,-12.753410188338233,3.6131409917558273,6.252198321371087,0.02725585259528258,0.49978693226783855,6.250257856148582
4,156,2.0,273586.9662292576,-0.11446495856266445,12.462142346263509,-25.03874965108969,-25.03874965108968,1.0658141036401503e-14,-0.020589646185694477,-12.543001201856896,3.6088168950011377,6.247874224616396,0.02725810140190951,0.4997784333881028,6.245866457125621
4,157,2.0,276418.04336233705,-0.12816580067467356,12.465586748300355,-25.059339297275386,-25.059339297275383,3.552713678800501e-15,-0.19968997213545592,-12.570201901867373,3.6055113680887487,6.2445686977040085,0.027298707407923638,0.4997932102340257,6.242700838298932
4,158,2.0,305441.83134610165,-0.326623690799164,12.466202789305843,-25.259029269410842,-25.25902926941085,7.105427357601002e-15,-0.07880843765330425,-12.769948762931866,3.60548292362423,6.244540253239488,0.02742332457168562,0.4997944186506657,6.24268447789318
4,159,2.0,317717.8022700526,-0.4129588538619703,12.462439426601087,-25.337837707064146,-25.337837707064143,3.552713678800501e-15,0.034966180214674125,-12.841172851711661,3.6092750980609827,6.248332427676241,0.02738886657426741,0.4997879334324273,6.246411523217074
4,160,2.0,312211.3881276852,-0.3780097651345734,12.462430880857447,-25.302871526849472,-25.30287152684947,3.552713678800501e-15,0.014042320297221522,-12.806552185696773,3.609102340961091,6.248159670576349,0.027427881474606917,0.499774701385838,6.246119807914454
4,161,2.0,310026.9794865393,-0.35650294683522543,12.466163129858515,-25.28882920655225,-25.288829206552254,3.552713678800501e-15,0.004206134446921084,-12.79991516762482,3.605399689848457,6.244457019463717,0.027449337622747084,0.49979015773606655,6.242562869919999
4,162,2.0,309375.6570351033,-0.3508105884828343,12.466906241811246,-25.28462307210533,-25.284623072105326,3.552713678800501e-15,0.10332083087882893,-12.79718734320382,3.6046605348354963,6.2437178644507565,0.027433066975627182,0.49979826198002586,6.2418977792570285
4,163,2.0,293798.9945861948,-0.2471187486142754,12.46709174630611,-25.1813022412265,-25.181302241226497,3.552713678800501e-15,0.09810878278918622,-12.69498017513384,3.6041037034310714,6.24316103304633,0.027426703442657945,0.499782805863778,6.241202027174232
4,164,2.0,279734.6429982252,-0.15246221396800788,12.465365622234652,-25.083193458437314,-25.08319345843731,3.552713678800501e-15,-0.19019846815248798,-12.594558624656988,3.6052600872749045,6.244317416890164,0.027423256379309677,0.49975599961336825,6.242113876456767
4,165,2.0,307643.20443304896,-0.34758974591101477,12.462901090339393,-25.273391926589802,-25.273391926589802,0.0,-0.09118769574811836,-12.778695967570792,3.6082906498942457,6.247347979509504,0.027437924197751217,0.49976641417688167,6.245234292056168
4,166,2.0,321994.5217454594,-0.44370319954471593,12.460438211396603,-25.36457962233792,-25.36457962233792,0.0,0.09097548487356022,-12.8646359250781,3.610914519014653,6.2499718486299125,0.02738524247431757,0.4997748922521977,6.247930212172743
4,167,2.0,307675.848781622,-0.35259111334214016,12.460506512061109,-25.27360413746436,-25.273604137464357,3.552713678800501e-15,0.023287075327086626,-12.773869415688567,3.610810031272638,6.2498673608878965,0.027284707189311603,0.49977882165915316,6.247858963426454
4,168,2.0,304114.1888473119,-0.3261602663393321,12.46207839789897,-25.250317062137274,-25.250317062137274,0.0,0.13795986414522332,-12.754160782947068,3.6090208099798415,6.248078139595101,0.027376716957380694,0.49976273495252665,6.245928382380257
4,169,2.0,283843.58233678236,-0.1881574939197261,12.46209985203616,-25.11235719799205,-25.112357197992043,7.105427357601002e-15,0.0522976289477306,-12.617273150433478,3.608484694164026,6.2475420237792845,0.02733004657593499,0.4997526333352163,6.245300236784749
4,170,2.0,276517.6093464318,-0.13691448561114666,12.46157254171659,-25.06005956904432,-25.060059569044327,7.105427357601002e-15,0.1682222017521724,-12.564663387347508,3.6086407612331484,6.2476980908484085,0.027371407056619564,0.49973557484583536,6.245300386320897
4,171,2.0,254210.68829465963,0.029166482105554496,12.460501924698853,-24.891837367292148,-24.89183736729215,3.552713678800501e-15,0.20906691288911716,-12.396640945772747,3.60854088114444,6.247598210759699,0.027367077589301823,0.4997096981930002,6.244964686716395
4,172,2.0,228978.92029858095,0.2384620958157302,12.460616275109379,-24.68277045440303,-24.682770454403027,3.552713678800501e-15,0.026189426677060368,-12.191450270888314,3.606602762142099,6.245660091757357,0.027329331650049745,0.499694949493468,6.242895654634284
4,173,2.0,226000.0532475413,0.26722431249101125,12.461902670108492,-24.65658102772597,-24.656581027725974,3.552713678800501e-15,-0.09351598167119946,-12.168404261984465,3.6050310532554937,6.244088382870752,0.02730433037918454,0.4997013677425334,6.241384512678977
4,174,2.0,236818.31072483052,0.17610525472523547,12.463101132061203,-24.75009700939717,-24.75009700939717,0.0,0.18066696855584752,-12.262333126457287,3.6048246118546836,6.243881941469943,0.027264093629664338,0.49972438604272407,6.2413891641311405
4,175,2.0,216363.47356550416,0.3516540633047247,12.460542052073027,-24.569430040841322,-24.56943004084133,7.105427357601002e-15,0.04279168440761083,-12.080833759237915,3.605240811186448,6.244298140801705,0.02732805001128942,0.49967689304074253,6.241372177803332
4,176,2.0,211783.36716620752,0.3964775979996941,12.461557977216703,-24.52663835643371,-24.52663835643371,0.0,-0.18348443969537342,-12.041197031536399,3.6036633328333982,6.242720662448657,0.027346252345876385,0.49967757966540505,6.239806704175577
4,177,2.0,232131.98693058902,0.2206757000384315,12.46539924808376,-24.710122796129085,-24.710122796129088,3.552713678800501e-15,-0.06962463790790707,-12.227998512361626,3.602004812268469,6.241062141883728,0.027300899128101696,0.4997279445606989,6.238608865552266
4,178,2.0,240355.34633188802,0.14641316456861728,12.463080299302806,-24.77974743403699,-24.779747434036995,3.552713678800501e-15,-0.17058533652915742,-12.291670645220071,3.6049810647932006,6.24403839440846,0.02726416236163795,0.49972725487642583,6.241573041413687
4,179,2.0,261755.56396117387,-0.02618539595482986,12.462073687305658,-24.95033277056615,-24.950332770566146,3.552713678800501e-15,0.1274265424299692,-12.457554241850971,3.6073319347423296,6.246389264357589,0.0272455606053574,0.4997437982576892,6.244070956922414
4,180,2.0,245598.43769743346,0.10458964387767324,12.463747936006929,-24.82290622813618,-24.822906228136183,3.552713678800501e-15,0.015760769782133366,-12.335726258640873,3.604532655132393,6.243589984747652,0.02730414715487687,0.49972354226621274,6.241093588250956
4,181,2.0,243670.63337620778,0.11558258352966122,12.461364020941854,-24.807145458354046,-24.807145458354046,0.0,0.2087604168537318,-12.315752934207708,3.60663893245791,6.245696262073169,0.027299694026983453,0.49970472390928644,6.243023740556632
4,182,2.0,219518.6603241273,0.3159602397157632,12.457172640608038,-24.598385041500315,-24.59838504150031,3.552713678800501e-15,0.06665843350980083,-12.103503184620132,3.608383598824833,6.247440928440092,0.02738830625355432,0.49963591560873916,6.244133036685331
4,183,2.0,212322.85666363,0.3794553825221816,12.455590995256347,-24.531726607990514,-24.531726607990514,0.0,-0.10557378471915158,-12.03579697972515,3.6089074845174247,6.2479648141326845,0.027459643121981625,0.49959925052572146,6.244317879724546
4,184,2.0,223831.80905087362,0.2775828388355668,12.457441615772616,-24.637300392709665,-24.637300392709665,0.0,-0.012729173117410397,-12.14246920289581,3.6083582652916704,6.247415594906928,0.02740793211622216,0.49963098927637706,6.244061396310163
4,185,2.0,225260.94909262695,0.2637437513578339,12.456886658592458,-24.650029565827076,-24.650029565827083,7.105427357601002e-15,0.26550441205704445,-12.154081028062947,3.6089169392668063,6.247974268882066,0.027470366879694157,0.49962028057762375,6.244523956082114
4,186,2.0,197256.97057855548,0.5231351893921125,12.453830171581071,-24.38452515377003,-24.38452515377003,0.0,0.06659914801599598,-11.889812969994098,3.608298762272708,6.247356091887966,0.027559074287012205,0.4995581132293493,6.243340213793846
4,187,2.0,190796.55893026665,0.5879236132420426,12.452924809498041,-24.317926005754035,-24.31792600575404,3.552713678800501e-15,0.13005813334554972,-11.823612277769538,3.6080995343769886,6.247156863992248,0.02758167983160517,0.49954127350610616,6.24298662373422
4,188,2.0,178784.05076489568,0.7033260674864764,12.44559696994748,-24.187867872408486,-24.187867872408486,0.0,-0.15719161278577332,-11.683583224700769,3.6130849942386,6.2521423238538585,0.027628380055469113,0.4994760513132859,6.247351654612975
4,189,2.0,193402.68452585876,0.5372877784840281,12.441173631839144,-24.34505948519426,-24.34505948519426,0.0,0.013988260673208686,-11.826376547317848,3.6202841393229472,6.259341468938205,0.027382631747130633,0.49950756954903724,6.254793712806472
4,190,2.0,192054.72035633662,0.5478649052657729,12.439468064893408,-24.33107122452105,-24.331071224521043,7.105427357601002e-15,0.07897490328159762,-11.809770099567137,3.621593232861696,6.260650562476955,0.0274507525571371,0.4994799542485064,6.255848482587288
4,191,2.0,184618.7488484537,0.6197640760803849,12.435930198659918,-24.252096321239453,-24.25209632123945,3.552713678800501e-15,-0.01752151432566862,-11.726248143034468,3.6238667594872327,6.262924089102492,0.027389432386851164,0.49946519889562047,6.257974902527584
4,192,2.0,186243.2544341234,0.6005959050261106,12.435106870295614,-24.26961783556512,-24.269617835565118,3.552713678800501e-15,-0.05767701488289845,-11.741131515538813,3.625185830397894,6.264243160013153,0.02724815407645232,0.49949038472736207,6.259520145780667
4,193,2.0,191692.42726925237,0.5468377239825577,12.437066287215291,-24.32729485044802,-24.327294850448023,3.552713678800501e-15,-0.01888323901705391,-11.80116210347792,3.6240090438697914,6.263066373485051,0.027288149911607842,0.4994974693036896,6.2584125068368754
4,194,2.0,193510.88531595364,0.5250690510889472,12.435623570277011,-24.346178089465074,-24.346178089465074,0.0,0.07270140677070103,-11.816440496068605,3.625811467082976,6.264868796698235,0.027216949006046823,0.4995028106828908,6.260239219594783
4,195,2.0,186602.94344262165,0.5985706950870049,12.436023688890685,-24.273476682694373,-24.273476682694366,7.105427357601002e-15,0.03724883864546413,-11.74709873293167,3.624131645266093,6.263188974881352,0.027278215532161726,0.4994864710723913,6.258409275840852
4,196,2.0,183159.7353804079,0.6426481757724427,12.439438009910672,-24.23622784404891,-24.2362278440489,7.105427357601002e-15,-0.04432431892930211,-11.718348743636396,3.6198822205909984,6.258939550206257,0.02734066559431506,0.4994909712532393,6.254244783622975
4,197,2.0,187264.2652688878,0.607265890809534,12.443909026893873,-24.28055216297821,-24.280552162978214,3.552713678800501e-15,0.09271040824896915,-11.770356497832555,3.6160405029575675,6.255097832572828,0.0273366649172512,0.49951858261669346,6.250688483939607
4,198,2.0,178781.71606789407,0.6942334168887426,12.441037585808994,-24.18784175472924,-24.187841754729245,3.552713678800501e-15,-0.0884308525030626,-11.67547119209911,3.617127951699806,6.256185281315064,0.027424380691019656,0.49947220672052256,6.251344527282025
4,199,2.0,186863.98974075672,0.6177968096862845,12.447034708459297,-24.276272607232304,-24.276272607232308,3.552713678800501e-15,-0.13121109139533615,-11.77300077857976,3.6125785847110143,6.251635914326274,0.027390373290682526,0.49952031962361604,6.247260968674813
4,200,2.0,199534.38359599852,0.49392244786710754,12.450703073247373,-24.40748369862764,-24.40748369862764,0.0,-0.08268984336498164,-11.907405831601526,3.610981603897801,6.250038933513059,0.027304809779796158,0.49956673953984193,6.246097044724231
4,201,2.0,207957.0341993296,0.41827939224793836,12.45422646712028,-24.490173541992622,-24.490173541992622,0.0,-0.058804068026717005,-11.994666618476524,3.6086961321427893,6.247753461758049,0.027257120861428546,0.4996060757217242,6.2441794748585595
4,202,2.0,214162.16876977505,0.3628474766988668,12.455912543359101,-24.54897761001934,-24.548977610019335,3.552713678800501e-15,0.010766312197933559,-12.055497056071431,3.6076829473586947,6.246740276973954,0.02728719444734257,0.49961111338054137,6.243217286840024
4,203,2.0,213012.39785947744,0.3752400713291377,12.456725684575273,-24.538211297821405,-24.53821129782141,3.552713678800501e-15,-0.06817994830343466,-12.046961242894332,3.6065676978482775,6.245625027463537,0.02732142791166847,0.49960867410391147,6.242083918657136
4,204,2.0,220399.1772045918,0.30497874713122797,12.455684996628033,-24.60639124612484,-24.60639124612484,0.0,-0.15222620660059505,-12.111689318746366,3.6082936340739775,6.247350963689237,0.027362561981966325,0.4995953240677762,6.2436838507107595
4,205,2.0,237829.3613433474,0.15779322198678414,12.458205337356112,-24.758617452725435,-24.758617452725442,7.105427357601002e-15,-0.053284957007832645,-12.265332372442193,3.6075852105263606,6.246642540141621,0.027306952760987522,0.49964478461029654,6.243429016490666
4,206,2.0,244250.88784098544,0.10181377470112346,12.45685809221719,-24.811902409733268,-24.811902409733257,1.0658141036401503e-14,-0.04737768392287123,-12.314979054252936,3.609404348124908,6.248461677740166,0.02729242795858327,0.4996417378661167,6.245214185305575
4,207,2.0,250105.9849551956,0.051847152462540166,12.45556362305934,-24.85928009365614,-24.859280093656142,3.552713678800501e-15,-0.08419394952196768,-12.359671575478204,3.610746929473708,6.249804259088967,0.027444729533202112,0.4996045467232576,6.2462176436213515
4,208,2.0,260859.44636822183,-0.02540230178404404,12.45903587069703,-24.943474043178107,-24.943474043178103,3.552713678800501e-15,0.09648820703975503,-12.44914415378662,3.608107615080486,6.247164944695745,0.02738258714097507,0.49965095589204306,6.244008005894175
4,209,2.0,248573.2669960517,0.07536426992719063,12.46117505303277,-24.84698583613835,-24.846985836138348,3.552713678800501e-15,-0.03938804197591139,-12.358688326365789,3.605091425271024,6.244148754886282,0.027392540488219597,0.4996498562393681,6.240987593305315
4,210,2.0,253517.1972738917,0.04046517083456019,12.463419524474414,-24.886373878114263,-24.886373878114266,3.552713678800501e-15,0.024226572899355148,-12.401800154826436,3.6032295320286556,6.2422868616439136,0.027351299850878925,0.4996758427924498,6.2393646980364466
4,211,2.0,250464.795475651,0.06537654493695971,12.463761925075932,-24.862147305214908,-24.862147305214904,3.552713678800501e-15,0.16687875018781284,-12.379088470266042,3.602472087859174,6.241529417474434,0.027423140206096545,0.4996624610763663,6.238486489639883
4,212,2.0,230414.3013049434,0.22836536059865103,12.461816957812871,-24.695268555027095,-24.69526855502709,3.552713678800501e-15,0.03441910041383878,-12.211970610468887,3.6025916426638456,6.241648972279103,0.02742307619821,0.4996260145483911,6.238277296536234
4,213,2.0,226482.90066589668,0.2618960065812721,12.461372730597267,-24.660849454613256,-24.660849454613263,7.105427357601002e-15,-0.04684538691135387,-12.177700442445026,3.602517176468857,6.241574506084115,0.02742243136129983,0.4996169894762363,6.23812039295412
4,214,2.0,231850.35494933638,0.21490085634616385,12.461297848935384,-24.70769484152461,-24.707694841524606,3.552713678800501e-15,0.00624884689023375,-12.2234157829843,3.603082199654896,6.242139529270155,0.027389813778661322,0.4996290870631107,6.238794021740403
4,215,2.0,231127.08675101187,0.22153385472774548,12.461489924681063,-24.701445994634376,-24.70144599463438,3.552713678800501e-15,0.03645811548036093,-12.217946575392885,3.602692380005488,6.241749709620747,0.027396872570629435,0.4996264054137289,6.238381662607421
4,216,2.0,226952.02705664176,0.2580962402328164,12.461542059693416,-24.664987879154015,-24.664987879154015,0.0,-0.12807408064522008,-12.182475462141838,3.602198878890829,6.241256208506089,0.027385011439134164,0.4996207793289601,6.237837889489922
4,217,2.0,241960.7930684543,0.13132338466016913,12.462192672229701,-24.793061959799235,-24.793061959799232,3.552713678800501e-15,-0.16138950792453244,-12.309144579596877,3.6029013604859217,6.24195869010118,0.027365377122129386,0.4996410162793181,6.238722616009916
4,218,2.0,262295.1653327714,-0.02913643424252607,12.462657516740624,-24.954451467723768,-24.954451467723775,7.105427357601002e-15,0.0435102005594139,-12.468827718075557,3.603754545208847,6.242811874824105,0.027391655750833143,0.49966044952827376,6.239749533598586
4,219,2.0,256650.5301351779,0.018998509087426247,12.464969888125891,-24.910941267164354,-24.910941267164358,3.552713678800501e-15,-0.05316598113621751,-12.430596940728817,3.6011148336025087,6.2401721632177685,0.027378345453861155,0.4996644643603732,6.2371503486922775
4,220,2.0,263564.55939617055,-0.03687262307204812,12.46361731261426,-24.96410724830057,-24.96410724830057,0.0,0.07919078804571456,-12.480333860921911,3.602829364074071,6.24188669368933,0.027325412298879425,0.4996690200372468,6.2389024476994255
4,221,2.0,253332.52432299143,0.03753214389323338,12.461224302074045,-24.884916460254857,-24.884916460254857,0.0,0.14307631244870933,-12.398233621489236,3.6042840897675523,6.243341419382811,0.02739901851157713,0.49962604798122023,6.239964695738119
4,222,2.0,235842.63810211918,0.1730459392426836,12.457443043524414,-24.741840147806148,-24.741840147806144,3.552713678800501e-15,0.12469432288386173,-12.250928362517953,3.60639856302884,6.245455892644098,0.0274476340439585,0.4995714239432714,6.241575883133099
4,223,2.0,221587.51953052453,0.29094710215598313,12.454046463539136,-24.617145824922286,-24.61714582492229,3.552713678800501e-15,-0.03276433068017326,-12.122419706446848,3.608305729622462,6.24736305923772,0.027433883135137248,0.49953517502104794,6.243145982135708
4,224,2.0,225247.5002638486,0.26372578901210886,12.456817972307288,-24.64991015560246,-24.649910155602466,7.105427357601002e-15,-0.02857841142211015,-12.160397105694296,3.605699195338826,6.244756524954085,0.02750421115890848,0.49953780639810785,6.240573343809338
4,225,2.0,228489.2137283499,0.23615582983193123,12.45732219842825,-24.67848856702457,-24.67848856702457,0.0,-0.009085447068855501,-12.189531320607943,3.605421293593054,6.244478623208313,0.027496368238332902,0.49954395254203476,6.240352324976053
4,226,2.0,229529.538221155,0.21921410680298622,12.453394060448206,-24.687574014093425,-24.687574014093425,0.0,0.08610123103423106,-12.191063795378545,3.609197779742183,6.248255109357442,0.027527016591299917,0.4995025998934171,6.243734592061514
4,227,2.0,219857.83051945164,0.2951427497439227,12.448307766401559,-24.601472783059194,-24.601472783059194,0.0,-0.08801155324387366,-12.09751980559339,3.612919159117643,6.251976488732902,0.027649242791596213,0.49943178441304853,6.24678844227337
4,228,2.0,229748.88064547145,0.203015382423759,12.446249859363412,-24.689484336303067,-24.689484336303067,0.0,-0.1495220690110166,-12.179425825978555,3.6159719255469973,6.255029255162257,0.027622125250368574,0.4994340559665014,6.249833738297838
4,229,2.0,247583.50614663417,0.05244944647967588,12.44572792589688,-24.839006405314084,-24.839006405314084,0.0,0.030041211573646365,-12.325068764309227,3.61791149088717,6.256968820502428,0.027610685311459684,0.4994469652020225,6.251873621307874
4,230,2.0,243892.4423063849,0.08826695410025115,12.448616073920341,-24.808965193740438,-24.80896519374043,7.105427357601002e-15,-0.18726838842756877,-12.301400274089715,3.614725130210103,6.253782459825362,0.02762316092726226,0.49945906762099124,6.248823992241689
4,231,2.0,267832.42687770084,-0.09401106230722776,12.451111259930386,-24.996233582168006,-24.996233582168,7.105427357601002e-15,0.13850552765825697,-12.490934531639187,3.6135921956491512,6.25264952526441,0.02766355855863869,0.49948821018269235,6.247973435781121
4,232,2.0,249911.97310373036,0.04471782812957213,12.45122294131966,-24.85772805450975,-24.85772805450975,0.0,-0.02941685769000557,-12.354844953681482,3.612384220798873,6.251441550414133,0.02762750434390842,0.49947369580355655,6.2466335798388615
4,233,2.0,253614.95131578407,0.015505769388622841,12.451325340794192,-24.887144912199755,-24.887144912199762,7.105427357601002e-15,0.03322317029039823,-12.384134563171001,3.6124478448991195,6.251505174514379,0.027631330409386007,0.4994759005441853,6.246718567457978
4,234,2.0,249436.80386171423,0.04705295737335184,12.450487349641357,-24.853921741909357,-24.85392174190936,3.552713678800501e-15,-0.0612583175675141,-12.350110976232434,3.612848053223204,6.251905382838463,0.027645366974829045,0.4994578534568058,6.246951702942262
4,235,2.0,257195.05110624922,-0.004275971377239136,12.455452044049814,-24.91518005947687,-24.915180059476867,3.552713678800501e-15,-0.013861303606066855,-12.419769426222294,3.6086479870120276,6.247705316627287,0.027538763461864058,0.4995205319754345,6.243348826313407
4,236,2.0,258983.77179111482,-0.018630982590366982,12.455205190246286,-24.929041363082938,-24.929041363082938,0.0,0.004844832336694083,-12.433259411219085,3.6088336463166693,6.247890975931928,0.027552223157260396,0.4995114083031077,6.243456602542659
4,237,2.0,258357.16457313253,-0.013143593985816264,12.455526468380212,-24.924196530746244,-24.92419653074624,3.552713678800501e-15,0.1882318016748883,-12.429054459055072,3.6085137062303247,6.247571035845583,0.02750104676262877,0.49952100092021107,6.243227537260073
4,238,2.0,235150.81765617963,0.18152235829537233,12.458743543683365,-24.735964729071355,-24.73596472907136,3.552713678800501e-15,0.025239271799872398,-12.250506969842263,3.6036715499992864,6.242728879614545,0.027409701025390254,0.4995384104989356,6.238559808985334
4,239,2.0,232201.94593466836,0.20003293992801485,12.455379198599749,-24.710725457271483,-24.710725457271483,0.0,-0.10991194916860891,-12.21974479472738,3.606433001656792,6.245490331272052,0.02746706108955583,0.49949646017816984,6.240927609909602
4,240,2.0,245319.98613454468,0.09045937037214785,12.455548388406118,-24.820637406440092,-24.82063740644009,3.552713678800501e-15,-0.03590145453682325,-12.327979050271358,3.6072718484691078,6.246329178084367,0.027464306046855624,0.49951347014431613,6.241918219929084
4,241,2.0,249763.42042148317,0.051372045497235355,12.453955453237079,-24.856538860976915,-24.856538860976922,7.105427357601002e-15,0.04573646234252848,-12.360247129973269,3.6090885358865665,6.248145865501826,0.027487696471383865,0.4994971028285175,6.243577962088487
4,242,2.0,244116.58543413726,0.09206859142212272,12.451435495028255,-24.810802398634387,-24.810802398634387,0.0,0.05281003530513573,-12.311346221226827,3.6106707590885203,6.2497280887037805,0.0276051846803934,0.4994441613002922,6.2446741511694075
4,243,2.0,237755.04065228297,0.14336110743225974,12.450676735380757,-24.75799236332925,-24.757992363329254,3.552713678800501e-15,-0.013820277021956429,-12.257904431049594,3.61098663652457,6.25004396613983,0.02752579617029343,0.4994493520544512,6.245038734341427
4,244,2.0,239403.65041569146,0.12876656198875752,12.45028960116998,-24.771812640351207,-24.7718126403512,7.105427357601002e-15,-0.02128619618310168,-12.270768533757423,3.6114647236816304,6.250522053296889,0.027519340781226004,0.4994513625611032,6.245535227177208
4,245,2.0,241965.25447161685,0.10267132368594135,12.447885080110124,-24.79309883653431,-24.793098836534305,3.552713678800501e-15,-0.05595704703340232,-12.287555068244217,3.6137145545297895,6.252771884145048,0.027592047803259363,0.49942276272102865,6.247514359738256
4,246,2.0,248830.67941322608,0.05104808813078757,12.45005198584925,-24.84905588356771,-24.84905588356771,0.0,-0.07466193552733813,-12.346611339169575,3.612164942583806,6.251222272199065,0.027545734729318833,0.49945326774236787,6.246251624140713
4,247,2.0,258295.3326809145,-0.019981880365515958,12.451867969364768,-24.92371781909505,-24.923717819095053,3.552713678800501e-15,0.12677608579699395,-12.423279911906036,3.6111616239792474,6.250218953594506,0.027465156171264556,0.49948953265979834,6.245587370692128
4,248,2.0,242430.62516799883,0.1101608385610145,12.453551285929535,-24.796941733298056,-24.796941733298056,0.0,-0.04290820064656842,-12.302143006384938,3.6083420338413004,6.247399363456558,0.027447064754950967,0.49948284774462476,6.242715079445996
4,249,2.0,247687.9500583855,0.07009187698094575,12.454970905462787,-24.839849933944624,-24.839849933944627,3.552713678800501e-15,-0.019640979695793703,-12.34710109959335,3.6073170875603795,6.246374417175638,0.02743596267051758,0.4994946853892975,6.241802286296079
4,250,2.0,250132.3500146495,0.04732998847350263,12.453410451056955,-24.859490913640418,-24.859490913640407,1.0658141036401503e-14,0.0497650812634447,-12.363620082739587,3.608878085835155,6.247935415450414,0.027457676475662572,0.4994818203613432,6.243241163971494
4,251,2.0,243985.21695465068,0.09242883065654077,12.451077331516755,-24.809725832376973,-24.80972583237697,3.552713678800501e-15,-0.04217749442160468,-12.30947868656898,3.611066243288737,6.250123572903995,0.027226657250895375,0.49950972966083046,6.245673880216281
4,252,2.0,249185.19733762226,0.05282472393235545,12.452364025365469,-24.851903326798578,-24.85190332679858,3.552713678800501e-15,0.009956327945957355,-12.353380693347544,3.6102039871102583,6.249261316725517,0.0272031602970332,0.4995268818804565,6.244975110608155
4,253,2.0,247947.7951166677,0.06874609727169152,12.455346548062154,-24.84194699885262,-24.841946998852617,3.552713678800501e-15,0.058651870683473106,-12.350057476907462,3.6068874313573214,6.24594476097258,0.027317531338180507,0.499518244921295,6.2415909749384895
4,254,2.0,240782.07832454753,0.13002165609490832,12.456658392132027,-24.783295128169147,-24.783295128169147,0.0,0.09994006652659948,-12.2954842847938,3.6048480920724155,6.243905421687674,0.02734523538217501,0.49950960989353677,6.239479315348641
4,255,2.0,229045.8614489263,0.22795185029834103,12.455653455970445,-24.683355061642548,-24.68335506164255,3.552713678800501e-15,0.05429648548382815,-12.196172186221236,3.6045341080953968,6.2435914377106565,0.027372193705553875,0.4994785236732363,6.238882508605341
4,256,2.0,222911.31663169636,0.2809475247144562,12.45500305043659,-24.62905857615872,-24.629058576158723,3.552713678800501e-15,-0.012493966540748858,-12.142203747707873,3.6043700846101627,6.243427414225421,0.027373978963029715,0.49946290648276626,6.238575920829454
4,257,2.0,224308.19850356382,0.2689397163771174,12.455246129538294,-24.64155254269947,-24.64155254269947,0.0,-0.09305522817428269,-12.15545491120523,3.6039914861318607,6.243048815747119,0.02743621626790502,0.49944866830774454,6.238067649220754
4,258,2.0,234991.3268530399,0.17782667684628456,12.456217223860017,-24.73460777087375,-24.73460777087375,0.0,-0.08884997890901047,-12.248031680310637,3.604230715666298,6.243288045281558,0.027364077310220537,0.49947996181864723,6.238592864158051
4,259,2.0,245666.17346381774,0.09416643211100237,12.458812090946882,-24.82345774978276,-24.82345774978276,0.0,-0.03827535684253647,-12.340071695259528,3.602635697646357,6.241693027261617,0.027381566995822348,0.4995020865370584,6.237203397908104
4,260,2.0,250412.92976399604,0.052020841374723494,12.456876974000012,-24.861733106625298,-24.8617331066253,3.552713678800501e-15,-0.011382142990438382,-12.3742871485183,3.6046656494382416,6.2437229790535005,0.027444829486552736,0.49947372263567213,6.238971094992897
4,261,2.0,251842.110578315,0.04182605998208474,12.457470654798911,-24.873115249615736,-24.873115249615736,0.0,-0.06497412946570691,-12.386802654375137,3.6040989680050415,6.243156297620302,0.027445034821713038,0.4994767385969684,6.238433221217055
4,262,2.0,260158.07071240176,-0.024844487985620747,12.456622445547909,-24.938089379081443,-24.93808937908144,3.552713678800501e-15,0.02320807910886913,-12.449284316865826,3.6053452014925496,6.2444025311078075,0.02746289512056043,0.4994743441931312,6.239653208439889
4,263,2.0,257156.6342426838,-0.0002585436666646722,12.457311378152953,-24.914881299972574,-24.91488129997257,3.552713678800501e-15,-0.058064767273439344,-12.42815233223038,3.604307154255839,6.243364483871098,0.027458790348241436,0.4994737075446946,6.23861353375722
4,264,2.0,264731.93676592177,-0.0636244622086179,12.4546608025187,-24.972946067246014,-24.972946067246017,3.552713678800501e-15,0.08115168255987015,-12.480493218599374,3.6071690947080617,6.24622642432332,0.02750882255827634,0.4994487751399224,6.241238615757505
4,265,2.0,254205.22503443778,0.012737202842420779,12.452265793764282,-24.891794384686143,-24.891794384686143,0.0,0.006605265078388101,-12.396024406151133,3.608827659652246,6.247884989267504,0.027430622296635107,0.49943835868133574,6.242794009805682
4,266,2.0,253367.0634183648,0.020639815698040104,12.4529144676529,-24.885189119607755,-24.88518911960776,3.552713678800501e-15,0.07535042386765056,-12.391083087961887,3.6079956862076763,6.247053015822935,0.027433820098985547,0.4994405448789001,6.2419896208987025
4,267,2.0,243998.9858392179,0.0982504532453177,12.454044574492713,-24.809838695740105,-24.80983869574011,3.552713678800501e-15,-0.030102982349227148,-12.319448688679813,3.606137673914888,6.245195003530147,0.027375885059455818,0.499450639359479,6.240231701915327
4,268,2.0,247699.31227855379,0.0577088666731269,12.448825272381228,-24.839941678089332,-24.83994167808933,3.552713678800501e-15,-0.0328170322375847,-12.338542876529887,3.6116420711644635,6.250699400779722,0.027259593473511833,0.49944216582022616,6.245638259901136
4,269,2.0,251797.2187763565,0.030144953947476173,12.451451832137197,-24.872758710326917,-24.872758710326917,0.0,-0.059965930893159936,-12.375562159937507,3.6095409455794427,6.248598275194701,0.027143497316017243,0.4994917485861859,6.243995443914357
4,270,2.0,259461.16588224663,-0.02890534781598391,12.451909646702049,-24.932724641220076,-24.93272464122008,3.552713678800501e-15,-0.006928497170864745,-12.436086160933574,3.609261910527993,6.248319240143252,0.027221604629502315,0.49948221231418033,6.243634490246376
4,271,2.0,260361.56255761028,-0.03192015654922936,12.453866490920857,-24.93965313839094,-24.939653138390945,3.552713678800501e-15,-0.028879537630633223,-12.447347364994581,3.6070955570829217,6.246152886698179,0.02731078480969628,0.49947596527203136,6.241420316411807
4,272,2.0,264148.3980456084,-0.058629701689507645,12.454951487166035,-24.968532676021574,-24.968532676021578,3.552713678800501e-15,0.06512774925608866,-12.478333775364321,3.606042120713371,6.245099450328629,0.027396146216612925,0.4994647153475891,6.2402689550450665
4,273,2.0,255685.2470734663,0.0030754518406307003,12.45324018930306,-24.903404926765486,-24.90340492676549,3.552713678800501e-15,0.09549456127553313,-12.411778695941672,3.6067557857966484,6.245813115411908,0.02746978679024942,0.4994273349197565,6.240643096039298
4,274,2.0,243763.84390256077,0.10336101044099502,12.455635687965474,-24.807910365489953,-24.807910365489953,0.0,-0.016408395482102378,-12.322981089727577,3.603407308265929,6.24246463788119,0.027429153593366062,0.4994302405397357,6.237329111515797
4,275,2.0,245771.95689445513,0.08549637399570043,12.454907567483879,-24.824318760972055,-24.82431876097206,3.552713678800501e-15,-0.09218364408447499,-12.337815788512367,3.6041941566145868,6.243251486229846,0.027441666103469254,0.4994203763794495,6.2380251394663935
4,276,2.0,257365.15770445007,-0.004447719875264558,12.456027342590634,-24.91650240505653,-24.916502405056534,3.552713678800501e-15,0.07212201306472821,-12.430420115551481,3.6039838151372683,6.243041144752526,0.02740637210500935,0.49944824983872615,6.238068273852816
4,277,2.0,248249.65594770404,0.06809455011270457,12.456237471052253,-24.844380391991802,-24.844380391991802,0.0,-0.02515396955213589,-12.360414953741188,3.6029253895100486,6.241982719125308,0.027401197283894008,0.4994365113649173,6.236906331540661
4,278,2.0,251391.6047964853,0.04495988665602489,12.457247124099982,-24.869534361543938,-24.86953436154394,3.552713678800501e-15,0.004347182002625516,-12.387239766504523,3.60208996790445,6.241147297519708,0.027356018503093334,0.4994584446624682,6.236270180222413
4,279,2.0,250845.77568601276,0.051501052049243864,12.45834411579528,-24.865187179541312,-24.865187179541316,3.552713678800501e-15,0.11190906503223985,-12.385144356680318,3.6009640818152375,6.240021411430497,0.027362414379452808,0.4994587368084432,6.2351490494977115
4,280,2.0,237195.2824114159,0.15848845476428086,12.455883284636673,-24.753278114509072,-24.753278114509065,7.105427357601002e-15,0.052388248174732865,-12.270752602555683,3.6022054263614356,6.2412627559766936,0.02730637977099653,0.49943532471044566,6.236175705328591
4,281,2.0,231062.8275285953,0.2097465879606924,12.455318227147519,-24.70088986633434,-24.700889866334347,7.105427357601002e-15,0.026994298574614106,-12.218719959994564,3.6020276235546294,6.241084953169888,0.027312321997617284,0.49942445914119254,6.235899983658702
4,282,2.0,227965.090387888,0.2318031658105712,12.452849366785147,-24.673895567759725,-24.673895567759722,3.552713678800501e-15,-0.15074039293178387,-12.187395582976249,3.6041926627764806,6.243249992391738,0.027251536645426087,0.49941128626564674,6.23794006786128
4,283,2.0,245810.93938357022,0.08760636100622615,12.456121160848866,-24.82463596069151,-24.824635960691506,3.552713678800501e-15,0.03841819118152401,-12.341718461492487,3.6024014199842513,6.241458749599511,0.02726763921640482,0.49944835867062587,6.236489405234063
4,284,2.0,241134.19536796567,0.12692448771103193,12.456571128610507,-24.786217769509985,-24.78621776950998,3.552713678800501e-15,-0.07682271105178984,-12.305501672512689,3.6013007188833908,6.240358048498649,0.027312616149763103,0.49942653483343935,6.235194027262381
4,285,2.0,250576.67494607624,0.05147184327817477,12.457256161919975,-24.863040480561775,-24.863040480561775,0.0,0.20896536185105674,-12.382357440025473,3.6012841906528945,6.240341520268153,0.027307749702796813,0.49944159795715865,6.235313871884467
4,286,2.0,225717.06278621027,0.25372837444174323,12.453901746576232,-24.65407511871072,-24.654075118710722,3.552713678800501e-15,-0.0005574039712392675,-12.171835860548459,3.6020622994658704,6.241119629081129,0.027367222801501813,0.4993693521423524,6.235436317201647
4,287,2.0,225779.97934687516,0.24992584783182703,12.452279185256895,-24.654632522681958,-24.654632522681965,7.105427357601002e-15,0.04785420508816074,-12.16947152888235,3.6035231672845476,6.242580496899806,0.02735224991719521,0.4993584613057431,6.236794597448186
4,288,2.0,220441.83644914138,0.30350873552770347,12.455143526560754,-24.606778317593797,-24.606778317593804,7.105427357601002e-15,0.0641675640922017,-12.129079518596608,3.5997920698833363,6.238849399498596,0.027431602241927106,0.49935267855939464,6.233020845097987
4,289,2.0,213481.48290189682,0.36450639842627913,12.453558575963935,-24.542610753501595,-24.54261075350159,3.552713678800501e-15,-0.02812385686643637,-12.064095812106583,3.600200141082245,6.2392574706975035,0.027461948314367504,0.4993216399604342,6.233146827593729
4,290,2.0,216504.65020133593,0.33557108969936605,12.4531528500337,-24.57073461036803,-24.57073461036803,0.0,0.0035327093684429656,-12.090685097268345,3.6009674269345853,6.240024756549844,0.027402447439254757,0.4993311178056975,6.233996906678402
4,291,2.0,216122.56374773823,0.33777316401466445,12.452487532507124,-24.56720190099959,-24.567201900999585,3.552713678800501e-15,-0.06130451676188997,-12.08614331876795,3.6014719615005597,6.240529291115818,0.02739188254928275,0.4993285162684373,6.234478606820366
4,292,2.0,222849.78394837532,0.277085021565606,12.452795719663543,-24.62850641776148,-24.62850641776148,0.0,-0.0729146732120185,-12.146829343414561,3.601781207558203,6.2408385371734605,0.027370279416202948,0.4993411951358549,6.234902617807676
4,293,2.0,231124.20881363546,0.20671546642146943,12.454068278697486,-24.701421090973497,-24.701421090973504,7.105427357601002e-15,0.001036482006412598,-12.220555847667995,3.601375292037492,6.240432621652751,0.027335773986835253,0.4993663631723388,6.23472543262367
4,294,2.0,231004.46180338002,0.20722358694315873,12.453804097955121,-24.700384608967084,-24.700384608967084,0.0,-0.13128722246915103,-12.219355957050158,3.6014569963432046,6.240514325958464,0.02734131549176173,0.4993584313591806,6.234733508494185
4,295,2.0,246677.2092294048,0.08244116692599185,12.457056499181116,-24.831671831436235,-24.83167183143624,3.552713678800501e-15,0.13770008026895653,-12.354641675291507,3.5994577484571053,6.238515078072365,0.02736880773643397,0.4993918915961382,6.233042601385427
4,296,2.0,230264.94865280512,0.21961636767999065,12.456794059423634,-24.69397175116728,-24.69397175116728,0.0,0.14473233583942147,-12.219896141895507,3.5979804750206275,6.237037804635887,0.027388173367854915,0.49936181490914966,6.231297266378113
4,297,2.0,214190.20500107738,0.35733469306036886,12.453287054194115,-24.549239415327857,-24.54923941532786,3.552713678800501e-15,-0.0256500061496574,-12.072507412091156,3.599308672003093,6.238366001618351,0.02745585338209655,0.4993055042700881,6.232112141908993
4,298,2.0,216954.88566319624,0.3327858133255868,12.45383761740155,-24.574889421477515,-24.574889421477515,0.0,-0.165778078773819,-12.098471573322666,3.599151594462166,6.2382089240774246,0.02743154476717368,0.4993137038156344,6.232031588959913
4,299,2.0,235704.39848622086,0.17311882724395325,12.456893163747646,-24.740667500251334,-24.740667500251337,3.552713678800501e-15,0.0041781983358681885,-12.26651170364541,3.5980205686877036,6.237077898302962,0.02741255260070548,0.4993530341736517,6.231258757133999
4,300,2.0,235212.5026119957,0.17532094176270827,12.455905121839084,-24.736489301915466,-24.73648930191546,7.105427357601002e-15,0.13041923751688955,-12.261093333578438,3.598640654553254,6.237697984168513,0.02740308710964624,0.4993515489551443,6.23186417881696
4,301,2.0,220363.7859523225,0.30184784515822616,12.453958954778402,-24.606070064398576,-24.60607006439858,3.552713678800501e-15,-0.058845259664600746,-12.130716168456043,3.598619618356008,6.237676947971266,0.02745785686405498,0.49930245466558393,6.231399324412778
4,302,2.0,226943.79394351188,0.2429512838865747,12.453933303974875,-24.664915324063177,-24.664915324063173,3.552713678800501e-15,-0.03503520393748616,-12.188398393652006,3.599201135590327,6.238258465205585,0.027448626011534805,0.4993122000829825,6.232067946423669
4,303,2.0,230954.329923887,0.2048103112987642,12.452380419649714,-24.699950528000663,-24.699950528000663,0.0,-0.2262021690373679,-12.219882947149836,3.600976460810158,6.240033790425416,0.027434052995081212,0.49930555674540905,6.233778760102581
4,304,2.0,258609.982979979,-0.02200788644240835,12.452072405297812,-24.92615269703803,-24.926152697038034,3.552713678800501e-15,0.07341017304883835,-12.441248332173405,3.603394852817053,6.242452182432312,0.027418729575491577,0.4993363658668526,6.236469881601183
4,305,2.0,249289.77703560912,0.053296281383923845,12.453019402686557,-24.852742523989193,-24.85274252398919,3.552713678800501e-15,0.10557694924744254,-12.370919529076824,3.601854167840923,6.240911497456183,0.02739793978483237,0.4993283066765035,6.234863673257469
4,306,2.0,236471.45628066288,0.15907566479471505,12.453120619768235,-24.74716557474175,-24.747165574741754,3.552713678800501e-15,0.07758047253462408,-12.26835357583409,3.6003486698385676,6.239405999453827,0.02745893957656716,0.49930100740519007,6.233113311064754
4,307,2.0,227474.30162522302,0.2319613517951675,12.450773227001148,-24.669585102207126,-24.66958510220713,3.552713678800501e-15,0.02581571790572923,-12.188280035529406,3.6015952037236016,6.240652533338859,0.027480359112410147,0.49926789989769915,6.2340569543810025
4,308,2.0,224556.96421968986,0.26078275810239443,12.452276071201894,-24.643769384301397,-24.643769384301393,3.552713678800501e-15,0.025388818369890487,-12.166282351671232,3.599686186699824,6.238743516315084,0.027441060532610875,0.49927955008368935,6.232259513067858
4,309,2.0,221724.36336659998,0.28856511157167997,12.453472838751596,-24.618380565931506,-24.618380565931513,7.105427357601002e-15,-0.044176019591187554,-12.144399883531532,3.597933011584728,6.236990341199986,0.027443971661575188,0.49927198813894547,6.230442081652051
4,310,2.0,226676.30117424348,0.24361398640069673,12.453085285961697,-24.662556585522694,-24.662556585522697,3.552713678800501e-15,0.01907184367762227,-12.186927334529045,3.598757295881565,6.237814625496824,0.027420806882032994,0.4992781472062149,6.231320670073333
4,311,2.0,224525.00727087967,0.2618694663399525,12.452677104092512,-24.64348474184507,-24.64348474184507,0.0,-0.12270927288381728,-12.167868209498769,3.5987509365578916,6.237808266173151,0.0274429720975263,0.49926341488861414,6.23118067062255
4,312,2.0,238732.03450484455,0.14314905850922044,12.454671536619053,-24.76619401472889,-24.766194014728885,3.552713678800501e-15,-0.1602350063772171,-12.291967852175516,3.598055751661429,6.237113081276688,0.027430962570425557,0.4992903852010555,6.230730694793512
4,313,2.0,258645.71552963377,-0.015897909148068122,12.455265555979018,-24.926429021106106,-24.926429021106106,0.0,0.1427304385584094,-12.450351463264933,3.5989814493053287,6.238038778920587,0.027434100749652916,0.49931252850798497,6.23185241347882
4,314,2.0,240830.6555159411,0.12160640072137183,12.452652491634534,-24.783698582547697,-24.783698582547697,0.0,0.10016143706374692,-12.305325513429379,3.6001292049438995,6.239186534559159,0.027438809990011335,0.4992683347495368,6.232598877869961
4,315,2.0,229066.7151733484,0.2186016321707845,12.451069388827367,-24.68353714548395,-24.68353714548395,0.0,-0.044821373781800844,-12.204870238845913,3.6002761237037575,6.239333453319015,0.027401701471088058,0.4992482714373418,6.2325661128371435
4,316,2.0,234258.21283938765,0.1747010697588058,12.451529794512275,-24.72835851926575,-24.728358519265743,7.105427357601002e-15,0.004100835158034499,-12.249846637693713,3.6001986111707596,6.239255940786019,0.02742691578332321,0.49924764839537306,6.232482281813614
4,317,2.0,233778.3777809829,0.1771857564279487,12.45072172026783,-24.724257684107716,-24.724257684107712,3.552713678800501e-15,-0.026146862918881908,-12.244796254844744,3.600673385016227,6.239730714631484,0.027375757701554745,0.4992494378370513,6.232974498042532
4,318,2.0,236854.7287956833,0.15268016636846762,12.451542356697534,-24.750404547026598,-24.750404547026598,0.0,-0.0012547798735802473,-12.27231848448458,3.59998570165575,6.2390430312710095,0.027362762756101763,0.4992543024840875,6.232332961320482
4,319,2.0,237003.37569391888,0.14869543777194205,12.450177382336062,-24.751659326900178,-24.75165932690018,3.552713678800501e-15,0.00939380154647651,-12.270975867856368,3.6012843999066457,6.240341729521906,0.02730681579838381,0.4992552162159885,6.233637911175324
4,320,2.0,235892.80451834912,0.15924034486627425,12.45075293510999,-24.7422655253537,-24.74226552535371,7.105427357601002e-15,-0.06814074216735477,-12.263995530193538,3.600077667964823,6.239134997580082,0.02736511374788689,0.4992439402541756,6.2323321767492015
4,321,2.0,244068.23913477862,0.0863050673210319,12.448355667421046,-24.810406267521056,-24.81040626752106,3.552713678800501e-15,-0.020557915081319322,-12.326118351960607,3.6030866281649643,6.242143957780224,0.02737215809706469,0.4992369532706415,6.235270011061275
4,322,2.0,246589.94424882985,0.06120915200334536,12.446086667302861,-24.830964182602376,-24.830964182602376,0.0,-0.06577129508914226,-12.342024643368362,3.6054124400017487,6.244469769617007,0.027306814720833263,0.49923257803240223,6.237551116443293
4,323,2.0,254834.0272868846,-0.006708330710529898,12.445013573490492,-24.896735477691518,-24.896735477691514,3.552713678800501e-15,0.12712720645539477,-12.404606957240187,3.607006930610409,6.246064260225667,0.02724285799673706,0.49924288513672477,6.239235096875902
4,324,2.0,239139.92877084395,0.12379954865553051,12.446703909945825,-24.769608271236123,-24.76960827123612,3.552713678800501e-15,-0.07188908980155162,-12.284185901960594,3.6036538550225052,6.242711184637764,0.027304546449670366,0.49921242555415585,6.235616790468552
4,325,2.0,247892.05802986922,0.05513271898725011,12.448315040012464,-24.841497361037675,-24.84149736103768,3.552713678800501e-15,0.0059282701797904735,-12.358376491599254,3.6025031051039527,6.241560434719212,0.027296308592782068,0.499228348684479,6.2346118981395895
4,326,2.0,247158.36040878363,0.06198644627995526,12.448777768568917,-24.835569090857884,-24.835569090857877,7.105427357601002e-15,0.027804572017824825,-12.353913474076151,3.601770478775608,6.240827808390867,0.02731870649508573,0.49921790862907767,6.233787404715922
4,327,2.0,243746.06848069114,0.08476723936494514,12.446265879102501,-24.80776451884006,-24.807764518840056,3.552713678800501e-15,0.13935736932211995,-12.321795076287074,3.6039273916612333,6.242984721276493,0.027256203055517205,0.49920209066977633,6.235794862351851
4,328,2.0,227340.36408945458,0.22455475475104825,12.446480952134493,-24.66840714951794,-24.66840714951794,0.0,0.20201460850496034,-12.186846810327243,3.6017228399800887,6.2407801695953475,0.027300705513533183,0.49916860650145667,6.233295517912223
4,329,2.0,205498.96378695942,0.41650418517541987,12.4414483630942,-24.46639254101298,-24.46639254101298,0.0,0.04251779841944625,-11.98086188667531,3.6037079975535766,6.2427653271688355,0.027350057927156418,0.4990890240685616,6.234551541707573
4,330,2.0,201176.3913879301,0.4489449715547445,12.43640985707414,-24.423874742593533,-24.423874742593537,3.552713678800501e-15,0.09570122403106396,-11.929771893757486,3.6079940948027662,6.247051424418025,0.027247650502311104,0.49907311109638525,6.23867332603441
4,331,2.0,191776.66278347402,0.5372390847019984,12.432706301632233,-24.32817351856247,-24.32817351856247,0.0,0.04641238380830259,-11.830889628973173,3.609584615179389,6.248641944794648,0.027307839557645056,0.49902462521431706,6.23981310317665
4,332,2.0,187377.4980949402,0.5783608970745667,12.430061015914365,-24.281761134754166,-24.281761134754163,3.552713678800501e-15,0.003947003888534084,-11.78133000677436,3.611158234374643,6.250215563989902,0.027310583906296787,0.49899666525597053,6.241120773061813
4,333,2.0,187008.0728887196,0.5790397521592989,12.428426941512463,-24.277814130865632,-24.277814130865625,7.105427357601002e-15,-0.057453996627600645,-11.775593902090401,3.6120527847723554,6.251110114387615,0.02737503037507808,0.498962258921547,6.2416996958041
4,334,2.0,192458.16102196558,0.5324123736031564,12.433840250548194,-24.335268127493233,-24.33526812749323,3.552713678800501e-15,-0.18180735582413377,-11.842311047879976,3.6074212101913696,6.2464785398066285,0.02739253245939447,0.4989953130149124,6.237398469902152
4,335,2.0,210773.15548818294,0.3652783726379992,12.44117692797768,-24.517075483317367,-24.51707548331736,7.105427357601002e-15,-0.08350242728775115,-12.03387279247743,3.60254401580471,6.2416013454199675,0.027440834123233525,0.49905151683579024,6.233057045926445
4,336,2.0,219759.48016567557,0.27811505961678235,12.439346485110951,-24.600577910605118,-24.600577910605118,0.0,-0.0790101967510175,-12.111876984244466,3.6052931335650675,6.244350463180326,0.02746791336364598,0.49904211406229,6.235710026078806
4,337,2.0,228614.8648177061,0.19851414159024022,12.439051124473187,-24.679588107356135,-24.679588107356132,3.552713678800501e-15,-0.10600942130686875,-12.188675031815398,3.6063992081551097,6.245456537770368,0.027458693861639866,0.49905678194292713,6.236944246417397
4,338,2.0,241059.42632348326,0.096806809097473,12.441202168880242,-24.785597528663004,-24.78559752866301,7.105427357601002e-15,0.15132469847565133,-12.296898459124387,3.6052922051540497,6.2443495347693085,0.027464453901301877,0.49907814745107176,6.236034890356633
4,339,2.0,223493.23298239024,0.24649275081056327,12.440382790498958,-24.634272830187353,-24.634272830187353,0.0,0.06867379190162737,-12.147952005442617,3.6041030827571072,6.243160412372366,0.027484989270202893,0.49903920669637136,6.234498792301273
4,340,2.0,215949.4257365933,0.31353802534671016,12.439568531816219,-24.565599038285725,-24.56559903828573,3.552713678800501e-15,0.03867359806891102,-12.079628478292634,3.6039279503812867,6.242985279996545,0.027473191280669856,0.49902724964097045,6.234213219975873
4,341,2.0,211813.76913325547,0.35196204811805,12.439443744167434,-24.526925440216814,-24.526925440216818,3.552713678800501e-15,-0.27788755315824076,-12.042162869513062,3.603323955736618,6.242381285351876,0.02744769407752729,0.49902124611986365,6.233556634086815
4,342,2.0,243386.62241042644,0.08046547875916507,12.442639236067109,-24.804812993375055,-24.80481299337505,3.552713678800501e-15,-0.0024007345438370464,-12.320006162077812,3.603346086033363,6.24240341564862,0.02750515167913771,0.49907231436757976,6.234041367940127
4,343,2.0,243678.951162223,0.07409695591956962,12.440655341919229,-24.807213727918892,-24.80721372791889,3.552713678800501e-15,-0.003215612637657017,-12.318671512350178,3.6052137781690985,6.244271107784356,0.027565716716149886,0.49904067877532543,6.235617341020874
4,344,2.0,244071.05484859226,0.06747974857763499,12.43895454456709,-24.81042934055655,-24.810429340556546,3.552713678800501e-15,-0.12669937577030055,-12.318917316616522,3.606698682354753,6.2457560119700135,0.027595031493290158,0.4990242708295084,6.236946978659658
4,345,2.0,260033.138634782,-0.048557724995974806,12.444285495665437,-24.93712871632685,-24.937128716326846,3.552713678800501e-15,-0.04955395361034576,-12.454135858432036,3.6024390993321487,6.241496428947407,0.027575738039609415,0.49907368229726234,6.2331525030175845
4,346,2.0,266556.4539780341,-0.09955783432083885,12.443562417808177,-24.986682669937196,-24.986682669937192,3.552713678800501e-15,0.0024602103588904356,-12.501941869470484,3.603313070618095,6.242370400233354,0.027600080165640126,0.4990657043848088,6.233951297203284
4,347,2.0,266228.76309183025,-0.09817712910688262,12.443022665235713,-24.984222459578305,-24.98422245957831,3.552713678800501e-15,0.13748094354661333,-12.498385019018356,3.6038613906647163,6.242918720279975,0.02751200867854202,0.4990754280736829,6.234585327384848
4,348,2.0,248542.90312716257,0.03929734565450513,12.443019430843098,-24.846741516031692,-24.846741516031692,0.0,0.00845562152696644,-12.36412702525645,3.6022499157723646,6.241307245387623,0.027523784491940987,0.4990396469530037,6.232655466345004
4,349,2.0,247494.32891468974,0.04909372514032352,12.443689809822523,-24.838285894504725,-24.838285894504722,3.552713678800501e-15,0.09107162777721811,-12.35792362254267,3.6011238063657696,6.240181135981028,0.02749796959752865,0.49904306323645714,6.2315639414236825
4,350,2.0,236477.2134831356,0.1318338743664943,12.439524070546998,-24.747214266727507,-24.7472142667275,7.105427357601002e-15,0.046484334023283225,-12.261394292023521,3.6038526577367316,6.24290998735199,0.02747814217978824,0.49900583929854975,6.233946666004419
4,351,2.0,231044.35090896738,0.1735065888032678,12.437118260753746,-24.700729932704224,-24.700729932704224,0.0,0.10108767151086084,-12.211984687716624,3.6053152928785406,6.2443726224938,0.027546418259897034,0.4989659243728804,6.235039652354014
4,352,2.0,219656.69529602863,0.2739499183234917,12.436796089758428,-24.599642261193363,-24.599642261193363,0.0,0.15911040330774995,-12.112988111573083,3.6042697451948817,6.243327074810141,0.027529184929018877,0.4989414691238359,6.233778247506386
4,353,2.0,202858.89725863806,0.4279806587644852,12.434256258325052,-24.440531857885613,-24.440531857885617,3.552713678800501e-15,0.039907361323194834,-11.953764213393502,3.604326492630796,6.243383822246055,0.027589093328033137,0.49888408064497736,6.233309813037552
4,354,2.0,198851.23240560116,0.46781282808555225,12.434218662323984,-24.40062449656242,-24.400624496562415,3.552713678800501e-15,-0.13855295420772507,-11.915642176191103,3.603433830570397,6.242491160185657,0.027557151277653374,0.49887420866644083,6.2323331740233145
4,355,2.0,213115.32399622834,0.3406368795736299,12.439907165171888,-24.539177450770143,-24.539177450770147,3.552713678800501e-15,-0.06741504151134592,-12.061652117674345,3.5997053369326393,6.238762666547899,0.02753280506453875,0.4989204354868257,6.229044604031105
4,356,2.0,220421.355564071,0.27792373849521185,12.442258115388348,-24.60659249228149,-24.606592492281486,3.552713678800501e-15,-0.04564924165959283,-12.132603252562001,3.5979372902444853,6.236994619859744,0.027493974874855658,0.4989415525292162,6.227477555306069
4,357,2.0,225510.24448249553,0.22935837087951208,12.4408000524103,-24.652241733941082,-24.652241733941086,3.552713678800501e-15,0.005860819541751994,-12.175137287657739,3.5994948935264124,6.238552223141672,0.02744070496318842,0.4989464302264026,6.229075102984588
4,358,2.0,224850.3743757442,0.23635264840406647,12.441366781401697,-24.64638091439933,-24.64638091439933,0.0,0.11036540382645299,-12.171228051068423,3.5985191020501945,6.2375764316654525,0.027466846157557616,0.49893922033823185,6.228037807783472
4,359,2.0,212778.6612384295,0.342477181785375,12.439246346179129,-24.536015510572877,-24.53601551057288,3.552713678800501e-15,0.06191794480163537,-12.059813562829174,3.599043644256593,6.238100973871852,0.02746912795253462,0.49889671703941035,6.228176447563639
4,360,2.0,206292.1780416514,0.397482369384854,12.435789967578048,-24.474097565771242,-24.474097565771242,0.0,-0.20715793529017645,-11.993532646168754,3.6012251301859854,6.240282459801245,0.027428986662793357,0.4988607642863423,6.230020916596076
4,361,2.0,228805.53978248683,0.19929693816918367,12.440276219615304,-24.68125550106142,-24.681255501061425,7.105427357601002e-15,0.026590911657372374,-12.204843304692982,3.5991487685689596,6.238206098184219,0.02739514112855346,0.498920197408093,6.228493980515999
4,362,2.0,225783.59938782113,0.22655846180188488,12.440611525602966,-24.654664589404046,-24.654664589404046,0.0,0.02165437323942143,-12.18077576730775,3.5978870814328903,6.236944411048149,0.027430747567698314,0.4989041902506965,6.227092957052172
4,363,2.0,223352.18466449692,0.24832383317430043,12.44066702466946,-24.633010216164624,-24.63301021616462,3.552713678800501e-15,-0.02853837774636503,-12.16024645456885,3.5973245511826306,6.23638188079789,0.027441691399016824,0.49889276218768275,6.226430057878015
4,364,2.0,226562.08605355426,0.21926914143377346,12.440408867672382,-24.66154859391099,-24.66154859391099,0.0,0.052832686824590525,-12.188315326104407,3.597559304288032,6.2366166339032905,0.027451299395411553,0.4988926915643871,6.226663679695174
4,365,2.0,220655.50282487762,0.2712184414906761,12.439967174288538,-24.6087159070864,-24.608715907086403,3.552713678800501e-15,0.07949750906245256,-12.136557804336238,3.5970217217598184,6.236079051375078,0.027444514317684927,0.49887502587099664,6.225969651930632
4,366,2.0,212056.74840974403,0.34661327673725895,12.437915837380602,-24.529218398023946,-24.529218398023946,0.0,0.1847273805043308,-12.055751164797979,3.5976762869977255,6.236733616612983,0.027437738042357926,0.49884166142283215,6.226321610964628
4,367,2.0,193347.7207503401,0.5215034854226125,12.432997251471118,-24.344491017519616,-24.344491017519623,7.105427357601002e-15,-0.05433630458237815,-11.86736355404372,3.5995064021226892,6.238563731737948,0.02751479145113239,0.49876251713377046,6.227423405661382
4,368,2.0,198672.62748551794,0.46795238204650924,12.433389852074251,-24.398827322101994,-24.398827322101994,0.0,-0.026267051785922035,-11.922129115901901,3.5992917734847842,6.2383491031000435,0.027501771071314598,0.4987683115195814,6.227268189131982
4,369,2.0,201299.1093130964,0.44238195620377285,12.433738165045842,-24.425094373887916,-24.425094373887912,3.552713678800501e-15,0.1294887577213366,-11.948738929003891,3.599120392826753,6.238177722442012,0.027506761215354905,0.49876945004617246,6.227107823516748
4,370,2.0,188679.06993915548,0.5672478233164817,12.43142671974153,-24.29560561616658,-24.29560561616658,0.0,0.09303742257997882,-11.819434047660362,3.59902845463785,6.238085784253109,0.027575012375810264,0.4987172315012836,6.2265413429213305
4,371,2.0,180102.98349454004,0.652380803793148,12.427474498689875,-24.2025681935866,-24.202568193586604,3.552713678800501e-15,-0.0279814474378135,-11.723079422414767,3.600687055970659,6.239744385585918,0.02765692601234781,0.498655504457186,6.227633255774643
4,372,2.0,182640.46377989862,0.6240330917767838,12.427291366400599,-24.230549641024414,-24.230549641024414,0.0,-0.008481089168043354,-11.750187889111364,3.6011235463412636,6.240180875956523,0.02764948379172328,0.4986531366714559,6.228046804919322
4,373,2.0,183416.60327340793,0.6153878736697135,12.427209301931088,-24.239030730192457,-24.23903073019246,3.552713678800501e-15,0.08679363176056754,-11.75884918434332,3.60103344330931,6.240090772924568,0.027629227419325216,0.49864914551876893,6.227921399952779
4,374,2.0,175627.14793249045,0.6944851442496944,12.423361121340792,-24.15223709843189,-24.15223709843189,0.0,-0.0863377029063237,-11.668119128836986,3.6030016551821924,6.242058984797451,0.027687872097851573,0.4985986059978381,6.22942002962808
4,375,2.0,183374.7955780326,0.6100290986453857,12.424301949991797,-24.238574801338213,-24.23857480133821,3.552713678800501e-15,-0.0035666078760101527,-11.753485769387336,3.6034871863601805,6.242544515975438,0.027579930167798545,0.4986275540948717,6.230168552977614
4,376,2.0,183702.1003283025,0.6090148067942983,12.425578108004263,-24.242141409214224,-24.242141409214227,3.552713678800501e-15,-0.06858906993306846,-11.760628895564308,3.6016989272096986,6.240756256824957,0.02758504461069757,0.49862058805826703,6.22832901194859
4,377,2.0,190111.351418463,0.5430136720470411,12.426872075597164,-24.310730479147292,-24.310730479147285,7.105427357601002e-15,0.07898196546439351,-11.8298747681531,3.6013705258818383,6.2404278554970976,0.027489120986065735,0.4986480411363493,6.228253807181474
4,378,2.0,182749.97792917857,0.6158303034516864,12.423789408567291,-24.2317485136829,-24.231748513682895,3.552713678800501e-15,0.09407651777574699,-11.748737343961428,3.602448255245476,6.241505584860734,0.02760996292030398,0.4985883417051773,6.228781963561238
4,379,2.0,174352.780181075,0.705225848546681,12.421448922226917,-24.13767199590715,-24.13767199590715,0.0,-0.03860747664335307,-11.654123538575416,3.60271689905061,6.24177422866587,0.02764177333773254,0.49854325794993687,6.228637203369432
4,380,2.0,177751.1355790131,0.6671467694167752,12.42171312098364,-24.176279472550505,-24.176279472550505,0.0,0.051687973842373225,-11.69233155476937,3.6029166292753088,6.241973958890568,0.027550498858831346,0.49855185160296794,6.228915176118833
4,381,2.0,173216.1904956759,0.7165071759481694,12.420549337328149,-24.12459149870813,-24.124591498708128,3.552713678800501e-15,-0.04903743969092389,-11.641500827011482,3.6024880062330675,6.241545335848326,0.027626494707217564,0.49851179161807097,6.228124432797946
4,382,2.0,177515.72387750144,0.6704237629577758,12.422026350678413,-24.173628938399055,-24.17362893839905,3.552713678800501e-15,-0.022302413079255956,-11.692549328228761,3.6014824754698895,6.240539805085147,0.027592314656910113,0.4985212630931822,6.2272115872738505
4,383,2.0,179506.31650588365,0.649924354884049,12.422927853181179,-24.19593135147831,-24.195931351478308,3.552713678800501e-15,0.10422669292011122,-11.716280503868704,3.600768094189544,6.239825423804803,0.027542306746009406,0.4985271114235894,6.226552771678485
4,384,2.0,170391.21370418847,0.7472737305458524,12.419489194552025,-24.0917046585582,-24.091704658558196,3.552713678800501e-15,-0.014616020625439319,-11.6092764545027,3.602156772412488,6.2412141020277465,0.027637436368941816,0.4984616166213362,6.22732714880294
4,385,2.0,171640.9955983662,0.7278273520991948,12.417074015641415,-24.10632067918364,-24.106320679183636,3.552713678800501e-15,-0.08940582997345459,-11.619221430051198,3.6044922949509623,6.243549624566221,0.027561653081571914,0.49845238651828877,6.2295629750032555
4,386,2.0,179487.93220209735,0.6449498352575611,12.420338172207328,-24.195726509157094,-24.195726509157097,3.552713678800501e-15,0.015778581061390184,-11.713571190537257,3.6020203296946596,6.2410776593099175,0.027611074797541837,0.4984654915946191,6.2272329846557275
4,387,2.0,178077.4708436128,0.6573775386224245,12.418662733359064,-24.179947928095704,-24.179947928095704,0.0,-0.06154161046090678,-11.694999668173052,3.6034168003460665,6.242474129961324,0.027584913568446737,0.4984507514300068,6.228485761221159
4,388,2.0,183642.23508045892,0.6038878026799058,12.422688670618259,-24.24148953855661,-24.24148953855661,0.0,0.09093504360842886,-11.76305656640547,3.600159156460311,6.23921648607557,0.027553356160399965,0.4984875200988064,6.2255918436124675
4,389,2.0,175479.45464303996,0.6874072560932344,12.418980875520708,-24.15055449494818,-24.15055449494818,0.0,0.054975113292726974,-11.669244693149766,3.6015975712839468,6.240654900899207,0.027632701128915443,0.4984235308233752,6.226434229753649
4,390,2.0,170721.64306706205,0.740708135577947,12.4181437586167,-24.095579381655455,-24.095579381655455,0.0,0.07318341742494994,-11.616081078518855,3.6006918219530406,6.2397491515683,0.027662890327950152,0.49839613525811644,6.225289441188786
4,391,2.0,164587.55916109504,0.8082423196454708,12.415319141937989,-24.022395964230505,-24.02239596423051,3.552713678800501e-15,-0.06573949108289767,-11.540508456150835,3.601886424424575,6.240943754039834,0.027712713904574512,0.4983458681866992,6.22601369063242
4,392,2.0,170087.40443765552,0.7465566747660329,12.41734606503972,-24.088135455313402,-24.088135455313406,3.552713678800501e-15,0.07651873576350354,-11.608209178780301,3.6009058086512917,6.239963138266551,0.027638227024812532,0.49837620615346817,6.225324207507947
4,393,2.0,163702.88055859742,0.8168261485930369,12.414221434071468,-24.0116167195499,-24.0116167195499,0.0,-0.13773396903621915,-11.529499983011883,3.602001038653747,6.241058368269006,0.027708354407744367,0.4983212826652649,6.225907666442412
4,394,2.0,175373.86478170927,0.6870505044206804,12.418200596503402,-24.149350688586118,-24.149350688586125,7.105427357601002e-15,-0.03373504870681643,-11.670670006873536,3.6002830112410322,6.239340340856292,0.02760607623629799,0.4983746341616625,6.224695094982529
4,395,2.0,178357.0766866223,0.647565151725077,12.415325444509005,-24.183085737292934,-24.183085737292934,0.0,0.005999364651422923,-11.697882694765257,3.603544191648581,6.242601521263841,0.027527367686799618,0.49836488957278324,6.227843941448566
4,396,2.0,177822.8637511451,0.6538199390190922,12.415453155830305,-24.17708637264151,-24.17708637264152,7.105427357601002e-15,0.11646722403893506,-11.692859267783067,3.603056222813963,6.242113552429222,0.027508585632660575,0.4983654718936218,6.227368250322338
4,397,2.0,167763.33992103426,0.7599071978020422,12.410263173202308,-24.060619148602576,-24.060619148602573,3.552713678800501e-15,-0.06095979814227803,-11.571337020925098,3.6055837342234818,6.24464106383874,0.02757413585185981,0.4982906698866262,6.229187047713674
4,398,2.0,172955.4755119544,0.702717541866256,12.412148244305559,-24.121578946744854,-24.12157894674486,7.105427357601002e-15,-0.06844223573509822,-11.635094599024473,3.604184844244934,6.243242173860193,0.027537555654875746,0.4983140720929435,6.2280206555440385
4,399,2.0,178976.64317264938,0.6363367363789278,12.413178959429445,-24.190021182479953,-24.19002118247996,7.105427357601002e-15,-0.04383165257137733,-11.704164082529788,3.603871220359825,6.242928549975084,0.027489101566145938,0.4983301463203109,6.227865781223243
4,400,2.0,182942.36146244392,0.5918295630042245,12.412841199027778,-24.23385283505133,-24.23385283505133,0.0,-0.11240949266775857,-11.746729540031733,3.60450431789454,6.243561647509799,0.02746217633086612,0.4983306653126735,6.228502183271655
4,401,2.0,193519.03599715797,0.48449932735201406,12.415380827535552,-24.34626232771909,-24.34626232771909,0.0,-0.08219034283772686,-11.860871807857539,3.6036379303155157,6.242695259930775,0.027397251165514735,0.4983720002860445,6.228020107553078
4,402,2.0,201637.4043214893,0.40575632839140213,12.41710449947411,-24.428452670556815,-24.42845267055682,3.552713678800501e-15,-0.13093356025270353,-11.945459352337158,3.6024393294945694,6.241496659109828,0.027399165715604516,0.4983725420170948,6.226842962335547
4,403,2.0,215279.64048355512,0.2781631742771041,12.418774702543313,-24.55938623080952,-24.559386230809523,3.552713678800501e-15,-0.009060620574292244,-12.077496146881385,3.601887712348809,6.240945041964067,0.027484790441670348,0.4983784943623696,6.226349325274506
4,404,2.0,216257.13656190078,0.2710155463325124,12.419731198858162,-24.56844685138381,-24.56844685138381,0.0,-0.07227425096586515,-12.088792311817972,3.600769940167662,6.23982726978292,0.027472871159638087,0.49837887476267106,6.2252446431764685
4,405,2.0,224214.9684402033,0.20169311596416817,12.421207109156924,-24.640721102349676,-24.64072110234968,3.552713678800501e-15,-0.03299150585386812,-12.16246919095136,3.600068626083899,6.239125955699158,0.02747156983687352,0.4983898019251126,6.224648430226993
4,406,2.0,227944.23714584645,0.17268790478260274,12.423200256493072,-24.673712608203545,-24.67371260820354,3.552713678800501e-15,0.011729794081002609,-12.200214382049523,3.597691783461751,6.236749113077011,0.02746887944149784,0.49840069088868205,6.222382681864393
4,407,2.0,226611.28031211442,0.17753364697343593,12.41975823054799,-24.661982814122542,-24.661982814122542,0.0,0.051800699977814446,-12.183167721669937,3.600350216611043,6.239407546226303,0.027501750746642423,0.4983602622804369,6.2246623695303684
4,408,2.0,220817.3254618537,0.22665832593132829,12.418420220038026,-24.610182114144727,-24.610182114144724,3.552713678800501e-15,0.15482920673462885,-12.130665782827112,3.6007008360435506,6.239758165658809,0.0275341031386096,0.49832975132760765,6.224730533574705
4,409,2.0,204367.77201178297,0.37749527495285884,12.416424091181481,-24.4553529074101,-24.455352907410102,3.552713678800501e-15,-0.08512165278794726,-11.97593796681906,3.60065014068026,6.23970747029552,0.027604632140485936,0.498259190981669,6.224036548755514
4,410,2.0,213253.58577453898,0.29621231132566267,12.418343435761855,-24.540474560198046,-24.54047456019805,3.552713678800501e-15,-0.0057949304293529735,-12.06352020178451,3.59941984959151,6.238477179206769,0.027571779257275435,0.4982848220983716,6.223051588613267
4,411,2.0,213872.37665083373,0.29342136596371104,12.419845428295554,-24.5462694906274,-24.5462694906274,0.0,0.06784932760118423,-12.073085661289989,3.5975345850534466,6.236591914668707,0.027626656831750213,0.49828005320239654,6.221133005868569
4,412,2.0,206738.51920744238,0.3597708124034682,12.419095487714841,-24.478420163026215,-24.478420163026215,0.0,-0.03539012512232276,-12.006568799077941,3.5968683523588774,6.235925681974137,0.02760288877597858,0.49825576081295997,6.220252830902104
4,413,2.0,210429.3284856094,0.3268980119990949,12.420354150073816,-24.513810288148537,-24.513810288148537,0.0,0.03356220040588198,-12.044733126882132,3.5954812510179437,6.234538580633203,0.027606353554946426,0.4982622455331698,6.218933478230356
4,414,2.0,206927.55680545772,0.3577860875853012,12.419017087663978,-24.480248087742655,-24.480248087742655,0.0,-0.17558629359592004,-12.010598873277118,3.5957672776175107,6.234824607232769,0.027624938887425777,0.4982333616142266,6.218960607985302
4,415,2.0,225915.6979327647,0.18814301048008497,12.421988695909329,-24.655834381338575,-24.655834381338572,3.552713678800501e-15,0.03205327111430378,-12.189307047094342,3.5942063375068587,6.2332636671221175,0.027580266699165357,0.4982827197834953,6.217855266504956
4,416,2.0,222323.88856548592,0.21810787113008412,12.420944490677178,-24.62378111022427,-24.62378111022427,0.0,-0.08672007685141381,-12.156395932224159,3.594635259384796,6.233692589000055,0.027604009236562376,0.49825320067298823,6.218012931555161
4,417,2.0,232175.90940656053,0.13280145941363222,12.421651323244658,-24.710501187075685,-24.710501187075685,0.0,0.16213739265808869,-12.244263965863686,3.5940612809907395,6.233118610605998,0.027588599128779884,0.49826430730168003,6.217545354297296
4,418,2.0,214096.45081472048,0.2915453595613493,12.419954576989474,-24.548363794417597,-24.548363794417597,0.0,0.09604419627708438,-12.082904162106455,3.5936724865403127,6.232729816155573,0.02756769415264462,0.4982165720152129,6.21672788507099
4,419,2.0,204058.05161196808,0.37619262903502987,12.414256113587772,-24.452319598140512,-24.452319598140516,3.552713678800501e-15,-0.004699797810207684,-11.977707342190872,3.5982487983595597,6.237306127974818,0.027610457529672013,0.49815604538115,6.220719821112573
4,420,2.0,204538.13125242174,0.36637661267749816,12.411698004314106,-24.45701939595072,-24.457019395950713,7.105427357601002e-15,0.24060840431332053,-11.97770132188751,3.600601707416345,6.239659037031605,0.027634236631041142,0.4981271224373165,6.2227930879356235
4,421,2.0,181353.872064709,0.5954193763500185,12.40591518399371,-24.2164109916374,-24.2164109916374,0.0,0.033414721679463355,-11.732817287109908,3.602739522648489,6.2417968522637475,0.027720355266832374,0.4980248368464776,6.223968171307652
4,422,2.0,178349.09829891007,0.631496661755583,12.40724646585676,-24.182996269957936,-24.182996269957936,0.0,-0.053928673355372325,-11.705236717210084,3.599822446758666,6.238879776373925,0.027757981347268486,0.4980036926456451,6.2208870572072845
4,423,2.0,183223.58676585084,0.5803266596614148,12.40862580148736,-24.23692494331331,-24.236924943313305,3.552713678800501e-15,-0.04139073664008919,-11.760690255588708,3.599060014247042,6.2381173438623,0.027706903102180325,0.4980180009505968,6.220272088167535
4,424,2.0,187054.97563366216,0.5369792341663943,12.407647457059898,-24.278315679953398,-24.2783156799534,3.552713678800501e-15,0.09296282431996872,-11.800505938368783,3.5998475411770463,6.238904870792306,0.027728348091764412,0.49799548636258206,6.220852796087059
4,425,2.0,178559.36962032237,0.6248048210675694,12.4050788383505,-24.18535285563343,-24.18535285563343,0.0,0.01166381792634752,-11.70653902246075,3.6003495869710807,6.239406916586339,0.02782468222891919,0.4979334091957777,6.220777514974754
4,426,2.0,177521.0582437333,0.6355896608158988,12.404639349261489,-24.17368903770708,-24.173689037707078,3.552713678800501e-15,-0.016269803813500516,-11.693891133183472,3.6008416226465454,6.239898952261805,0.027825879088898605,0.49792111300700326,6.221149911374833
4,427,2.0,178971.06447177494,0.6150373537141721,12.402498097617377,-24.189958841520582,-24.189958841520582,0.0,0.0253744872961299,-11.70589821235003,3.6029729849700183,6.242030314585277,0.027776955751834698,0.49790741003874445,6.223139642497777
4,428,2.0,176714.75838903722,0.641228235012804,12.40290629461863,-24.164584354224452,-24.164584354224456,3.552713678800501e-15,-0.05472224517635027,-11.683376385566197,3.601546654713869,6.2406039843291286,0.027792429046398386,0.497888749223848,6.221556825383794
4,429,2.0,181616.62706760477,0.58714847903679,12.403227539218797,-24.219306599400802,-24.219306599400802,0.0,-0.003266072035522427,-11.738492190752007,3.6013498747091384,6.240407204324397,0.02781677418013417,0.4978756010089925,6.221249151693676
4,430,2.0,181913.45586112046,0.5782095152778134,12.400391093357067,-24.222572671436325,-24.22257267143632,3.552713678800501e-15,0.11269328529383671,-11.736775299999067,3.6038413561033695,6.242898685718629,0.027857115382546115,0.49783757208478074,6.22336803870657
4,431,2.0,171946.6774785029,0.6879565759795244,12.398917981061006,-24.109879386142488,-24.109879386142488,0.0,0.05311365191046846,-11.625783367839132,3.6029906795364197,6.24204800915168,0.027886576043093993,0.49779783278692524,6.222148722053656
4,432,2.0,167440.42027427928,0.73897364132728,12.397869687779654,-24.05676573423202,-24.056765734232027,7.105427357601002e-15,0.04879604275179261,-11.573534071215791,3.6025585018928545,6.241615831508113,0.027889435941490306,0.4977754794079365,6.221511893729379
4,433,2.0,163404.63806568467,0.7820108989343515,12.39499029520729,-24.007969691480227,-24.007969691480227,0.0,-0.05915239366134628,-11.522394336370905,3.603730347939402,6.24278767755466,0.027979346439697062,0.4977186684355431,6.222153982258073
4,434,2.0,168309.70486035492,0.7194196028655917,12.393270844003581,-24.067122085141573,-24.06712208514157,3.552713678800501e-15,-0.029617348017165313,-11.576680042730077,3.6061636915904893,6.245221021205748,0.027926698132793932,0.497711140442823,6.224492232042402
4,435,2.0,170820.694739887,0.6953521737909089,12.396045803474824,-24.09673943315874,-24.09673943315874,0.0,-0.01059778981028714,-11.61188164080366,3.6033715665622807,6.2424288961775405,0.027833174570963293,0.4977471185536993,6.222077029818985
4,436,2.0,171728.25806671404,0.6835623798884118,12.395449801428722,-24.107337222969026,-24.107337222969033,7.105427357601002e-15,-0.042659667325704476,-11.62211746019491,3.6035525517717986,6.2426098813870565,0.02781019863782034,0.49773140987651515,6.222113362824266
4,437,2.0,175430.53738223296,0.6469109869269803,12.398453938610857,-24.14999689029473,-24.149996890294734,3.552713678800501e-15,-0.06581848806092694,-11.671176001466344,3.600353114798935,6.239410444414195,0.027793242936905875,0.4977452323182169,6.219086524299442
4,438,2.0,181299.87171849032,0.5843751510872409,12.400095264721452,-24.215815378355657,-24.215815378355664,7.105427357601002e-15,-0.025626507080144023,-11.739472700692827,3.599114009216158,6.238171338831418,0.027717334579035746,0.4977658505303663,6.218049111376731
4,439,2.0,183637.85956977884,0.5595844515997402,12.40051316851777,-24.2414418854358,-24.2414418854358,0.0,-0.04059669728307469,-11.766302578810203,3.5985123236975385,6.237569653312797,0.027681628223529844,0.49776431131796856,6.217442920280127
4,440,2.0,187403.49365074164,0.5240647167110113,12.403051649714943,-24.282038582718876,-24.282038582718876,0.0,0.07587041971520847,-11.813196060713262,3.59536393138755,6.23442126100281,0.027668516738815464,0.4977764565265114,6.214441471689936
4,441,2.0,180427.4580478019,0.5945441515054111,12.400356157254539,-24.206168163003667,-24.206168163003667,0.0,0.12358220846373769,-11.73551868132597,3.59626741122359,6.235324740838848,0.027736181198685973,0.4977155739031397,6.2147771352673
4,442,2.0,169616.10851307245,0.7049716316662002,12.393778793103063,-24.08258595453993,-24.082585954539926,3.552713678800501e-15,0.00709317687318034,-11.603524259933314,3.6004735176880476,6.239530847303306,0.027812181669726266,0.49762260455680346,6.218074589051882
4,443,2.0,169015.61546424334,0.7170050296741757,12.396248903670463,-24.07549277766675,-24.07549277766675,0.0,0.08402163664786144,-11.60394443542708,3.5967168415045743,6.235774171119835,0.027825628895509165,0.4976248801821012,6.214388142317844
4,444,2.0,162062.21286252319,0.7959477752157709,12.393709458117328,-23.991471141018888,-23.991471141018884,3.552713678800501e-15,-0.1211834629000812,-11.520464592296454,3.5964459447459585,6.235503274361217,0.02786943451652966,0.49756929990124216,6.213623166604123
4,445,2.0,172185.43783115887,0.6793061204073324,12.39598036216315,-24.11265460391897,-24.11265460391897,0.0,-0.15174893766176112,-11.643628262223315,3.595455841232567,6.234513170847827,0.027771973390422654,0.49760333398617984,6.212971169148591
4,446,2.0,185758.32331154935,0.5335698801010801,12.398986710840903,-24.26440354158073,-24.264403541580727,3.552713678800501e-15,-0.08944255271280355,-11.79826307377421,3.594012904288003,6.233070233903262,0.027725751236535447,0.49764171611517294,6.211891953496996
4,447,2.0,194254.23060067138,0.44910107077070466,12.40147358253212,-24.353846094293534,-24.353846094293534,0.0,-0.10183713093722702,-11.892280293228378,3.5917255709173186,6.230782900532579,0.027687338560770266,0.4976718669546059,6.20991046117083
4,448,2.0,204401.52795778617,0.3477772290826617,12.40173022715671,-24.45568322523076,-24.455683225230757,3.552713678800501e-15,0.09068253923613412,-11.993752639623716,3.5919079631882664,6.230965292803526,0.027661097969334112,0.4976828662895873,6.210193288466503
4,449,2.0,195340.67079790027,0.43229436575137314,12.398647525873,-24.365000685994627,-24.365000685994627,0.0,0.019001313233808048,-11.900210488531252,3.593337769116431,6.232395098731689,0.027713436204870823,0.49761689968951767,6.211013285490937
4,450,2.0,193493.59427468377,0.4510070527218083,12.398503212741314,-24.34599937276082,-24.34599937276082,0.0,0.1601738168320921,-11.882259089200064,3.5928128121651173,6.231870141780376,0.02772703764009213,0.49760112846589266,6.210348265454509
4,451,2.0,178601.57714137656,0.6001698843921526,12.392997720160437,-24.185825555928727,-24.185825555928723,3.552713678800501e-15,-0.1264919957037236,-11.717161469398249,3.595274713649979,6.234332043265239,0.027812480504431716,0.4975070205128087,6.211919770022071
4,452,2.0,190262.27153831205,0.4775570057083532,12.394937278670401,-24.31231755163245,-24.31231755163245,0.0,0.023511729338885345,-11.84507806210816,3.5945624151468833,6.2336197447621435,0.02775908774331309,0.4975453433359253,6.211580976225429
4,453,2.0,188038.66981138373,0.5001498602300358,12.3944778412618,-24.288805822293565,-24.288805822293565,0.0,-0.034898322297451045,-11.823249537960175,3.593720812551438,6.232778142166696,0.02776194769535013,0.49751734826218497,6.210494600183435
4,454,2.0,191348.58046412692,0.46826670993831665,12.395985427264666,-24.323704144591016,-24.323704144591016,0.0,-0.0389018724400394,-11.861541168989811,3.592024158185343,6.231081487800602,0.02771844822113678,0.4975373485185273,6.20900482903217
4,455,2.0,195106.92264234734,0.42824025203367944,12.395423134532367,-24.362606017031055,-24.362606017031055,0.0,-0.13598221793019505,-11.900418342406313,3.592036507697112,6.231093837312371,0.027676770831103228,0.4975303205518558,6.208958417015752
4,456,2.0,208833.82468334207,0.29419967936130087,12.396393957161273,-24.49858823496125,-24.498588234961243,7.105427357601002e-15,-0.038449247230111894,-12.035634612799715,3.592419481465506,6.231476811080766,0.02765264322710918,0.49755212754464406,6.209534292898492
4,457,2.0,212887.41589850944,0.25631499352608056,12.39667623785872,-24.537037482191362,-24.537037482191362,0.0,0.022125287084300282,-12.074960897926333,3.5919809625172547,6.2310382921325145,0.02761255257346351,0.4975641294181436,6.209215579096119
4,458,2.0,210545.2972000272,0.2770256559048824,12.395968925505976,-24.514912195107062,-24.51491219510707,7.105427357601002e-15,0.019495103556280924,-12.053229284299105,3.5917841257887213,6.23084145540398,0.027627835108305365,0.4975467163535375,6.208866642633141
4,459,2.0,208502.96604918866,0.29279636048342567,12.394106726017103,-24.49541709155078,-24.49541709155078,0.0,-0.011131152179505222,-12.033351557224421,3.591975437547923,6.231032767163181,0.027650956787101725,0.4975098693004982,6.208727841208675
4,460,2.0,209666.64042702652,0.27760974307507713,12.392078993402684,-24.506548243730286,-24.50654824373029,3.552713678800501e-15,-0.163645015158,-12.043494623226296,3.5924694806367343,6.231526810251993,0.02767481371357282,0.4974720478950417,6.208882019160603
4,461,2.0,227543.48215100224,0.115415454858375,12.392804356873329,-24.670193258888286,-24.670193258888283,3.552713678800501e-15,0.019346772687235614,-12.207809336219865,3.592134631718951,6.231191961334209,0.027686693327575965,0.49749379421014,6.208734232742548
4,462,2.0,225352.97801581028,0.13204612791504902,12.39144630705805,-24.65084648620105,-24.65084648620105,0.0,-0.04391649474934667,-12.187766760021281,3.5924825334746244,6.231539863089884,0.02766378269436182,0.4974688446363498,6.208857593608814
4,463,2.0,230356.06291738822,0.08391621590016553,12.389339598425284,-24.694762980950397,-24.694762980950404,7.105427357601002e-15,-0.06094853365111419,-12.229774690888714,3.5934368154155827,6.2324941450308415,0.027715854481670858,0.49743535462970057,6.209496687693659
4,464,2.0,237484.05356080073,0.018782115733975743,12.387246815167746,-24.75571151460151,-24.755711514601515,3.552713678800501e-15,-0.0693248845355896,-12.28877703241292,3.5944099114790378,6.233467241094296,0.027745809160229652,0.4974113989889031,6.2102428834044625
4,465,2.0,245860.1603861395,-0.04830120839001914,12.388367595373541,-24.8250363991371,-24.8250363991371,0.0,-0.04579852397775497,-12.36063754335595,3.5931420982753184,6.232199427890577,0.02771666441113207,0.49742216191387,6.2090761565963755
4,466,2.0,251555.13309060168,-0.09545174829778504,12.387691587408536,-24.870834923114856,-24.870834923114856,0.0,0.05381316019942162,-12.40550577715497,3.593607243364683,6.2326645729799415,0.02773378848115026,0.49741788205371246,6.209493443760335
4,467,2.0,244876.89196319706,-0.04209177087412205,12.387464996020654,-24.817021762915434,-24.81702176291543,3.552713678800501e-15,-0.011439081953572128,-12.35318508781852,3.592861007933198,6.231918337548457,0.02772932135229523,0.497386981181968,6.208483070996128
4,468,2.0,246281.48837535366,-0.057380984458847734,12.38553993020508,-24.828460844869007,-24.82846084486901,3.552713678800501e-15,0.019332991352992934,-12.364212556225008,3.593066814706741,6.232124144321999,0.027782421991760432,0.4973440512024922,6.208299617870911
4,469,2.0,243912.27885799122,-0.05004498082153777,12.379541436347234,-24.809127853516014,-24.809127853516006,7.105427357601002e-15,-0.030753590271839215,-12.336554751355111,3.5972292214651906,6.236286551080449,0.027872702492185725,0.4972659110224211,6.211721240978553
4,470,2.0,247691.8523933637,-0.08540053363049571,12.37724045507868,-24.839881443787853,-24.839881443787853,0.0,-0.08364465632872609,-12.364829046205406,3.5984688691759645,6.237526198791223,0.027897693705056216,0.4972386518171447,6.212703656838713
4,471,2.0,258270.573808957,-0.1658036213828479,12.378861239366863,-24.92352610011658,-24.923526100116575,3.552713678800501e-15,-0.24855683606696743,-12.452479903001906,3.596465768942075,6.235523098557334,0.027824297380233926,0.4972586868264502,6.210893022702038
4,472,2.0,292447.79997144005,-0.4281448102522043,12.371969062965672,-25.172082936183546,-25.172082936183546,0.0,0.23256975527020174,-12.689867923803286,3.6020501765748736,6.241107506190133,0.027960100275093342,0.4972457958315583,6.216249610217141
4,473,2.0,260343.3434213145,-0.19091994363968964,12.374296618636826,-24.939513180913345,-24.93951318091334,3.552713678800501e-15,0.017802576316913843,-12.461793677002273,3.5998024223402774,6.238859751955537,0.027908698316900574,0.4972043949336623,6.21370202867184
4,474,2.0,258036.2356501495,-0.17569016525747355,12.373010219669476,-24.92171060459643,-24.921710604596427,3.552713678800501e-15,0.017630759299077425,-12.443147575064796,3.6002241851505565,6.239281514765816,0.02793333656153511,0.49717191507018627,6.213820623188914
4,475,2.0,255771.54498945086,-0.1704388376917924,12.366820503802783,-24.904079845297353,-24.90407984529736,7.105427357601002e-15,0.23318052427953972,-12.416574645527158,3.6046952702698403,6.243752599885099,0.027939250235485047,0.49710268208105146,6.217633073470094
4,476,2.0,227623.8262499331,0.06703935730689776,12.368969339162357,-24.670899321017814,-24.670899321017817,3.552713678800501e-15,-0.020875887543638783,-12.189562431937363,3.6016111149249666,6.2406684445402245,0.027914745461719646,0.4970555053918275,6.2141829700092055
4,477,2.0,230012.1940895808,0.048653513964313354,12.37021436126288,-24.691775208561452,-24.691775208561445,7.105427357601002e-15,0.0022527173819284485,-12.213843462507935,3.599908543411501,6.238965873026759,0.027827734409354415,0.4970632591551064,6.212572269569477
4,478,2.0,229753.26370735845,0.04753345354074519,12.368527972360134,-24.689522491179524,-24.689522491179524,0.0,-0.031369046012684976,-12.209960120021663,3.6007238559636696,6.239781185578927,0.027781890708972405,0.49704108196483165,6.213169299980552
4,479,2.0,233385.24252890114,0.020502247148916422,12.370696892170564,-24.72089153719221,-24.720891537192212,3.552713678800501e-15,0.03759929563833708,-12.247318330995483,3.597729273483107,6.236786603098365,0.02779357384026997,0.4970466338663497,6.2102676231136105
4,480,2.0,229038.66722124902,0.04969569393038106,12.366493967742125,-24.683292241553872,-24.68329224155387,3.552713678800501e-15,0.08195046927047045,-12.203614056498438,3.6007817629124586,6.239839092527717,0.027817664216421564,0.4969878859042584,6.212766254552456
4,481,2.0,219843.4291186713,0.12258799898104213,12.36196488563222,-24.6013417722834,-24.601341772283398,3.552713678800501e-15,0.17064377065098668,-12.114461265472213,3.6043829237903355,6.243440253405594,0.027772049521213323,0.49693027757256797,6.215814298972907
4,482,2.0,201863.902803683,0.29679743447799745,12.363747718055203,-24.430698001632415,-24.430698001632408,7.105427357601002e-15,0.06691783589867129,-11.950292882725106,3.601145229838397,6.240202559453656,0.027674665697526437,0.4969073545177,6.212429135746583
4,483,2.0,195221.4985413955,0.3693151571702865,12.366547661452016,-24.363780165733743,-24.363780165733743,0.0,0.12400191477282974,-11.891773157077026,3.596946174713099,6.236003504328359,0.027698195648122044,0.49689003883846977,6.208119428863106
4,484,2.0,183485.16994647606,0.488499906807108,12.364139078884008,-24.239778250960914,-24.23977825096091,3.552713678800501e-15,-0.11675883724046798,-11.767142147586531,3.5972607220719324,6.236318051687191,0.027864221530767543,0.4968092128758653,6.207691998329487
4,485,2.0,194515.77499036372,0.3796683911942853,12.368102739697832,-24.35653708820138,-24.356537088201378,3.552713678800501e-15,0.03252760447685077,-11.891726604819237,3.5933479120758136,6.232405241691073,0.027856911858533107,0.49683537054640153,6.204061264256205
4,486,2.0,191377.7957990958,0.40945015363553317,12.366729818680032,-24.32400948372453,-24.32400948372453,0.0,-0.02084581046915801,-11.858266474175194,3.59381417515941,6.232871504774669,0.027825128057457724,0.4968035039049365,6.204241980204215
4,487,2.0,193382.9399899568,0.3885585306959322,12.366706912444812,-24.34485529419369,-24.344855294193692,3.552713678800501e-15,-0.07350557132213353,-11.880528070237363,3.593106282362904,6.232163611978161,0.027834279212837657,0.4967857821816538,6.203376948328558
4,488,2.0,200622.52428100625,0.3118973047608435,12.365129085138332,-24.418360865515822,-24.41836086551582,3.552713678800501e-15,0.19523256053463456,-11.951835911541036,3.5942051473721355,6.233262476987393,0.02784826239980554,0.49676991475080545,6.20430354772531
4,489,2.0,181964.0014911765,0.5023094019594952,12.36271885347034,-24.223128304981188,-24.223128304981188,0.0,-0.11655014362916916,-11.755096343747994,3.594958651001338,6.234015980616596,0.02790072394272091,0.49669296776760846,6.204335044569342
4,490,2.0,192883.03044830647,0.3857994529867749,12.362738950798562,-24.339678448610357,-24.33967844861035,7.105427357601002e-15,-0.017698034939979124,-11.87143328361692,3.59506525288146,6.234122582496719,0.027871053390301756,0.496702078656925,6.20453959071763
4,491,2.0,194597.42994277462,0.3623185279685026,12.359847505759419,-24.357376483550336,-24.357376483550336,0.0,-0.010163927195698363,-11.88538973584073,3.596936044239544,6.235993373854802,0.027897057653975356,0.4966557626610543,6.2059696976425345
4,492,2.0,195588.88413122314,0.35979563900112793,12.363668024873585,-24.367540410746034,-24.36754041074604,7.105427357601002e-15,0.0025547308352322773,-11.904117767934148,3.5926539917906872,6.231711321405946,0.02783220823048565,0.496685307773757,6.202027669229914
4,493,2.0,195339.2051541584,0.3603623804622069,12.362674030186506,-24.364985679910802,-24.364985679910806,3.552713678800501e-15,0.16645911915263412,-11.901043941373937,3.5929135396531744,6.231970869268433,0.02783109778327057,0.4966652030717727,6.202112431510502
4,494,2.0,179739.39592484117,0.5201677609961952,12.35934716087718,-24.198526560758168,-24.198526560758165,3.552713678800501e-15,-0.14906481192013743,-11.731999936378017,3.594205982574816,6.233263312190075,0.027891235241208394,0.49659451983654834,6.202761184320068
4,495,2.0,193647.6764843241,0.36789294805635236,12.35774216036733,-24.347591372678306,-24.34759137267831,3.552713678800501e-15,0.03070947617525377,-11.876956373958848,3.596260169744468,6.235317499359726,0.02782005542892298,0.49660168154812345,6.204872670616804
4,496,2.0,190696.97869957093,0.4013360553010726,12.359108975902062,-24.31688189650305,-24.31688189650305,0.0,0.006889313823986498,-11.851879927885856,3.5934436546933393,6.232500984308598,0.027839975695247716,0.4965785291396317,6.201875976189976
4,497,2.0,190041.22310872583,0.4070371284655387,12.358514855572299,-24.309992582679065,-24.309992582679058,7.105427357601002e-15,-0.050158852500384654,-11.845852192988167,3.5930128652301896,6.232070194845449,0.027800485342526778,0.49655869628714255,6.201276883698166
4,498,2.0,194867.61656575307,0.3561818236996259,12.358166629439538,-24.36015143517945,-24.36015143517945,0.0,0.09123944138045559,-11.89711367174499,3.592461552101972,6.23151888171723,0.02780048391261993,0.49654911515398864,6.200646636192603
4,499,2.0,186177.5368975314,0.4498465693809913,12.359379281589993,-24.268911993798994,-24.268911993798994,0.0,0.11118521349696309,-11.811824522614284,3.589486405977094,6.228543735592353,0.027794745794994302,0.4965100028857205,6.1973403266373
4,500,2.0,176109.87872398313,0.5570307429387652,12.3573787616204,-24.15772678030203,-24.157726780302035,3.552713678800501e-15,,-11.701528482886207,3.589041819092651,6.22809914870791,0.027863980470275662,0.49643716414757433,6.196247297374255
