seed,epoch,temperature,Z,E,S,F,F_check,err,delta_F,F_data,KL,NLL,data_mass,recon_sq,recon_ce
28,1,1.0,9989.893832214357,-0.21065820214512637,8.998671042035031,-9.209329244180157,-9.209329244180157,0.0,0.013514788675141887,-2.963585872246515,3.6066860423183833,6.245743371933642,0.02743017148266645,0.49968078795468684,6.242856534466337
28,2,1.0,9855.790756696933,-0.19670718630886358,8.999107269196152,-9.195814455505015,-9.195814455505015,0.0,0.0010993985168568088,-2.950348910902804,3.606408214986955,6.245465544602213,0.027338905506569235,0.4997028193041941,6.242781240956661
28,3,1.0,9844.961269008694,-0.19499803875886157,8.999717018229298,-9.194715056988159,-9.194715056988159,0.0,0.07820082908629367,-2.9500782515275565,3.6055794758453428,6.244636805460603,0.027419121947626347,0.4996810765292084,6.241757545822275
28,4,1.0,9104.410340508757,-0.11505291561597122,9.001461312285894,-9.116514227901865,-9.116514227901865,0.0,0.015545834889751475,-2.8744823288449455,3.60297456944166,6.242031899056918,0.027438918535096512,0.4996550890860132,6.238922029833018
28,5,1.0,8963.969146783478,-0.09819679185807809,9.002771601154036,-9.100968393012113,-9.100968393012113,0.0,0.020356757639447665,-2.8603922515420415,3.6015188118548154,6.240576141470074,0.02741158026890424,0.49967162740524884,6.237618034078845
28,6,1.0,8783.336583793225,-0.07942627902806601,9.001185356344598,-9.080611635372666,-9.080611635372664,1.7763568394002505e-15,0.027767461406588367,-2.83878876513124,3.602765540626168,6.241822870241427,0.027416032788646693,0.49964334898471846,6.238608162091855
28,7,1.0,8542.800615664668,-0.0494789611519877,9.003365212814089,-9.052844173966077,-9.052844173966076,1.7763568394002505e-15,0.0621542542638327,-2.8137664013146093,3.600020443036212,6.239077772651471,0.027409628749156645,0.49964710291585995,6.235900554480489
28,8,1.0,8027.993656164645,0.010447351205657684,9.001137270907902,-8.990689919702245,-8.990689919702245,0.0,-0.022725184706722246,-2.7508838599229812,3.6007487301640047,6.239806059779263,0.027380606022612962,0.49960756126859235,6.236271229517208
28,9,1.0,8212.520051796706,-0.014059159043074053,8.999355945365894,-9.013415104408967,-9.013415104408967,0.0,-0.059255649365072216,-2.771435000109686,3.602922774684022,6.241980104299281,0.02739831446073262,0.4995889936775192,6.2382725803756545
28,10,1.0,8713.865344440641,-0.07284943526183443,8.999821318512204,-9.07267075377404,-9.07267075377404,0.0,0.05777164296284276,-2.830214578867069,3.6033988452917116,6.24245617490697,0.02737760847948933,0.4996133484454976,6.2389684668299585
28,11,1.0,8224.716531720822,-0.014703967266790935,9.000195143544405,-9.014899110811196,-9.014899110811195,1.7763568394002505e-15,0.038218380438497235,-2.774404287034024,3.6014374941619134,6.240494823777172,0.027418835908628963,0.49957489498168905,6.23666306228673
28,12,1.0,7916.31208376702,0.02008607642142326,8.996766806794122,-8.9766807303727,-8.9766807303727,0.0,0.011992678087644038,-2.7340132091108873,3.6036101916465535,6.242667521261813,0.027448923584822184,0.49952351731793865,6.238365609295664
28,13,1.0,7821.941311516353,0.03186116647127478,8.99654921875633,-8.964688052285055,-8.964688052285055,0.0,-0.0525252743469391,-2.7219592508260786,3.6036714718437173,6.242728801458976,0.02740348302831249,0.49953395065955714,6.238523103335263
28,14,1.0,8243.772341964286,-0.018378239749378557,8.998835086882615,-9.017213326631994,-9.017213326631992,1.7763568394002505e-15,-0.03087736348229697,-2.775277666681269,3.6028783303354657,6.241935659950725,0.027314747965152673,0.4996102701350498,6.238423415940583
28,15,1.0,8502.288913033393,-0.04989425680057326,8.99819643331372,-9.048090690114291,-9.048090690114293,1.7763568394002505e-15,0.018373253068169504,-2.8050935621910207,3.6039397983080117,6.24299712792327,0.027336801451303103,0.49960469884707337,6.23943274849933
28,16,1.0,8347.500544493356,-0.03403390089590303,8.995683536150219,-9.029717437046122,-9.029717437046122,0.0,0.05065309425895137,-2.784661837464025,3.6059982699668396,6.2450555995820975,0.02727235439986605,0.499583803905313,6.241298832088277
28,17,1.0,7935.204010097078,0.008598899523575204,8.987663242310749,-8.97906434278717,-8.979064342787174,3.552713678800501e-15,-0.040879841935462125,-2.7272408538200876,3.6127661593518243,6.251823488967084,0.027148611240548085,0.49953027978315995,6.247557518828347
28,18,1.0,8266.315681682641,-0.02852383645671961,8.991420348265912,-9.019944184722632,-9.01994418472263,1.7763568394002505e-15,0.01608083929194848,-2.7713679548806605,3.6095189002267127,6.248576229841971,0.027229032882425532,0.4995450179725287,6.244456933605268
28,19,1.0,8134.449488828258,-0.010937420397903339,8.99292592503278,-9.003863345430684,-9.003863345430684,0.0,0.019563578594057773,-2.757228182488237,3.6075778333271877,6.2466351629424475,0.027226644701968963,0.4995502581018775,6.242569015900442
28,20,1.0,7976.8571086845095,0.005208614662234018,8.989508381498862,-8.984299766836626,-8.984299766836628,1.7763568394002505e-15,-0.03899416065795691,-2.7346498455837684,3.6105925916375985,6.249649921252858,0.027119406852878832,0.4995442049123247,6.245521300749635
28,21,1.0,8294.052141956294,-0.028369169906697113,8.994924757587885,-9.023293927494583,-9.023293927494581,1.7763568394002505e-15,-0.02486925434188514,-2.7785812055795596,3.6056553922997643,6.244712721915024,0.027242779610249554,0.49954922459947343,6.2406432083187635
28,22,1.0,8502.905280939662,-0.05826929358552189,8.989893888250945,-9.048163181836468,-9.048163181836467,1.7763568394002505e-15,-0.06368302798564685,-2.7987750740513775,3.610330778169832,6.249388107785092,0.027254258061337217,0.49949940101855134,6.244850420967011
28,23,1.0,9062.0098286055,-0.12479302460327434,8.98705318521884,-9.111846209822115,-9.111846209822115,0.0,-0.02054130325059944,-2.85880998568164,3.6139788945252143,6.253036224140473,0.027271622689448362,0.4994923696676293,6.248422515495561
28,24,1.0,9250.080314086426,-0.14018200761440486,8.992205505458312,-9.132387513072715,-9.132387513072716,1.7763568394002505e-15,0.013885453028564143,-2.884393226757882,3.6089369566995737,6.2479942863148334,0.02739984938165658,0.49949637011106723,6.243436224197142
28,25,1.0,9122.526379877423,-0.12457726015723466,8.993924799886916,-9.11850206004415,-9.11850206004415,0.0,0.08982287051252058,-2.872400886520764,3.6070438439081256,6.2461011735233845,0.027341010872696317,0.49951578251250567,6.241723004983499
28,26,1.0,8338.838270371238,-0.03899767161399381,8.989681517917635,-9.02867918953163,-9.028679189531628,1.7763568394002505e-15,0.024913057704734953,-2.7798844666871547,3.6097373932292167,6.248794722844475,0.027176193242130657,0.4994943174575509,6.24420977551763
28,27,1.0,8133.6587481146025,-0.01292320274981805,8.990842929077075,-9.003766131826895,-9.003766131826893,1.7763568394002505e-15,0.033625320024027516,-2.7565984251686375,3.608110377042998,6.247167706658257,0.02716742307117341,0.4995031561957828,6.2426707877797
28,28,1.0,7864.708971366601,0.016088003552708008,8.986228815355577,-8.970140811802867,-8.97014081180287,1.7763568394002505e-15,0.03412762638625466,-2.7191659826133163,3.6119174995742926,6.250974829189552,0.027079115966821377,0.4994776175383018,6.246228600532104
28,29,1.0,7600.833455177801,0.049629836992198445,8.985643022408812,-8.936013185416613,-8.936013185416614,1.7763568394002505e-15,0.01771845615949097,-2.685204279023066,3.6117515767782864,6.250808906393547,0.027062158112968658,0.49947952356790787,6.246085370100198
28,30,1.0,7467.344522047102,0.06447351944729396,8.982768248704417,-8.918294729257122,-8.918294729257124,1.7763568394002505e-15,0.004604059256367421,-2.665707727979348,3.6135296716625147,6.252587001277774,0.027129316037754217,0.49942193935303564,6.247329153681723
28,31,1.0,7433.0434480594795,0.07426485867226454,8.98795552867302,-8.913690670000754,-8.913690670000754,0.0,0.041378401785296504,-2.666610549201613,3.6080227911838825,6.247080120799141,0.027200014236050573,0.49943844985953817,6.241997667141433
28,32,1.0,7131.752447102062,0.11333541830348218,8.985647686518938,-8.872312268215458,-8.872312268215456,1.7763568394002505e-15,0.023154547916183432,-2.6244567237731435,3.6087982148270537,6.247855544442314,0.027219739315315152,0.4994018646084393,6.242439663735963
28,33,1.0,6968.517057095051,0.13550770451991972,8.984665424819195,-8.849157720299274,-8.849157720299274,0.0,0.04475352783595987,-2.601523294893273,3.6085770957907437,6.247634425406003,0.027342829115574858,0.49936094344183357,6.24185095975963
28,34,1.0,6663.526930213403,0.1798008930157955,8.984205085479108,-8.804404192463315,-8.804404192463313,1.7763568394002505e-15,-0.049650675346557094,-2.5579177357232896,3.6074291271247665,6.246486456740025,0.027455447598549565,0.49933009456452376,6.240424876358249
28,35,1.0,7002.726609297541,0.1288191652765261,8.982874033086398,-8.854054867809872,-8.854054867809872,0.0,-0.13873827521726056,-2.6047829885144735,3.610214549680139,6.249271879295398,0.027387212729410425,0.4993382265465514,6.2432737580849045
28,36,1.0,8044.896088238295,-0.004227640437784581,8.98856550258935,-8.992793143027132,-8.992793143027134,1.7763568394002505e-15,0.09665327158299952,-2.7452705826797823,3.6084652307320906,6.247522560347349,0.027284725771792744,0.4994460882966861,6.242518771305057
28,37,1.0,7303.725733882266,0.09236126646523984,8.988501137909372,-8.896139871444133,-8.896139871444133,0.0,-0.06728156115702433,-2.651476530573252,3.6056060112556225,6.244663340870881,0.027349620482096784,0.4993894652029561,6.2391512451999125
28,38,1.0,7812.040158506253,0.024776789241368925,8.988198221842525,-8.963421432601157,-8.963421432601157,0.0,-0.01687677280589739,-2.716510458926972,3.6078536440589266,6.2469109736741855,0.027202643837026162,0.4994308998693907,6.241766963758024
28,39,1.0,7945.001004535971,0.007348200817988095,8.987646406225041,-8.980298205407054,-8.980298205407053,1.7763568394002505e-15,0.1066378185818504,-2.7327455380730035,3.6084953377187907,6.247552667334049,0.027249223279279984,0.49942452488711314,6.2423511563856175
28,40,1.0,7141.373378917614,0.10835248223878427,8.98201286906399,-8.873660386825204,-8.873660386825206,1.7763568394002505e-15,-0.030879682148123422,-2.623699713452438,3.6109033437575073,6.249960673372764,0.02729122836314998,0.49934721133706567,6.244044064183677
28,41,1.0,7365.336883368614,0.07561423275048589,8.980154301723811,-8.904540068973327,-8.904540068973326,1.7763568394002505e-15,-0.04196457154853661,-2.6521233792970826,3.613359360060986,6.252416689676245,0.02723533264816901,0.499341308362496,6.246430745662435
28,42,1.0,7680.997039153137,0.02996705044437297,8.976471690966235,-8.946504640521864,-8.946504640521862,1.7763568394002505e-15,-0.0034479038874248857,-2.6892200788872196,3.618227232019386,6.257284561634644,0.027261165644737875,0.4993299083453185,6.251162566415724
28,43,1.0,7707.526087226193,0.029624852192552054,8.979577396601844,-8.949952544409289,-8.949952544409292,3.552713678800501e-15,-0.05373366636612609,-2.6961310481159217,3.6147641666781074,6.253821496293368,0.027301875035718275,0.49932236925273915,6.24765191681101
28,44,1.0,8133.008723530751,-0.021846096117274248,8.98184011465814,-9.003686210775415,-9.003686210775415,0.0,-0.03144617012983808,-2.7512601370587606,3.6133687441013955,6.252426073716654,0.027400145529177956,0.4993228636450013,6.246270907834662
28,45,1.0,8392.824393607749,-0.050249890253103086,8.98488249065215,-9.035132380905253,-9.035132380905253,0.0,0.024337920905953325,-2.785017708429144,3.6110573428608506,6.250114672476109,0.027387707717541055,0.4993576869720243,6.24429436524303
28,46,1.0,8191.026133293662,-0.025275719617243946,8.985518740382057,-9.0107944599993,-9.010794459999302,1.7763568394002505e-15,-0.0026499313930710144,-2.7621784250524732,3.6095587053315676,6.248616034946827,0.027432602364271357,0.499328909493483,6.242540689067691
28,47,1.0,8212.760575257253,-0.026358413590532294,8.987085977801836,-9.01344439139237,-9.013444391392369,1.7763568394002505e-15,-0.036812596026724265,-2.7667594781674665,3.607627583609645,6.246684913224904,0.02748340730215828,0.49932175540243257,6.240551959119412
28,48,1.0,8520.727362961821,-0.0619063072424388,8.988350680176655,-9.050256987419095,-9.050256987419093,1.7763568394002505e-15,0.015494534414333572,-2.8039315134301477,3.6072681443736885,6.246325473988947,0.027459707187546332,0.4993467534296554,6.240421767605284
28,49,1.0,8389.720227894777,-0.0496516886983881,8.985110764306373,-9.034762453004761,-9.034762453004761,0.0,-0.04548365114030872,-2.785760435937757,3.6099446874517462,6.249002017067004,0.027450149182323233,0.49931363416599683,6.242783998142583
28,50,1.0,8780.126586702208,-0.10179648769256003,8.978449616452512,-9.08024610414507,-9.080246104145072,1.7763568394002505e-15,0.004262959641232911,-2.8240879322207886,3.617100842309024,6.256158171924283,0.027624443808051555,0.49926201968090145,6.249428356006644
28,51,1.0,8742.776928024337,-0.09601545304329794,8.97996769146054,-9.075983144503837,-9.075983144503839,1.7763568394002505e-15,-0.043017356561071196,-2.821738086548978,3.6151877283396026,6.254245057954861,0.027661832186880383,0.49924085128661094,6.247330824628462
28,52,1.0,9127.07455464238,-0.1381867425880383,8.980813758476872,-9.119000501064908,-9.11900050106491,1.7763568394002505e-15,0.047562484455790255,-2.8645757263547673,3.6153674450948827,6.25442477471014,0.027723274319658948,0.4992802571105754,6.247883358751094
28,53,1.0,8703.130057033795,-0.08912252085226041,8.982315495756858,-9.071438016609118,-9.071438016609118,0.0,0.053405372851829114,-2.819262106259442,3.613118580734419,6.252175910349678,0.02764470914402032,0.4992912182515862,6.245746967447156
28,54,1.0,8250.52937351893,-0.03165083059332999,8.986381813163959,-9.018032643757289,-9.018032643757289,0.0,0.024537849633116338,-2.771942709623692,3.6070326045183365,6.246089934133595,0.027471491882521973,0.4992928107670369,6.239704159119021
28,55,1.0,8050.542779175978,-0.006847259559306401,8.986647534564863,-8.993494794124173,-8.99349479412417,3.552713678800501e-15,-0.0070141746064678046,-2.7487273086546544,3.605710155854259,6.244767485469518,0.02746807961916268,0.49926184737680346,6.238107195916383
28,56,1.0,8107.2091936429415,-0.015177325437092035,8.985331643293549,-9.00050896873064,-9.00050896873064,0.0,0.07646845518902445,-2.7545210704188405,3.606930568696541,6.245987898311799,0.027533781990474068,0.49924843664906987,6.239199119477902
28,57,1.0,7510.373772864634,0.06181228924795267,8.98585280278957,-8.924040513541616,-8.924040513541616,0.0,0.044871610023935915,-2.6816678387950574,3.6033153451313007,6.2423726747465595,0.02748069905122823,0.4992002334242772,6.235153985220718
28,58,1.0,7180.820300648735,0.10615824157566311,8.985327145093343,-8.87916890351768,-8.87916890351768,0.0,-0.007377163441939061,-2.639099774413564,3.6010117994888575,6.240069129104115,0.027468710160740362,0.4991324461766104,6.232251534783957
28,59,1.0,7233.990266280309,0.10092821523409673,8.987474282193716,-8.88654606695962,-8.88654606695962,0.0,-0.04706665459955772,-2.6488531657091747,3.598635571635184,6.237692901250443,0.02743391083474074,0.4991606926292783,6.230142638139111
28,60,1.0,7582.609810533155,0.05351616442242847,8.987128885981605,-8.933612721559177,-8.933612721559177,0.0,-0.01794780753765224,-2.694575375762585,3.599980016181335,6.239037345796594,0.027446810043821143,0.49915215773031946,6.231405837675169
28,61,1.0,7719.9296408428445,0.03487410689793238,8.986434635994762,-8.95156052909683,-8.95156052909683,0.0,-0.005607564655109698,-2.711796097225212,3.6007071022563593,6.2397644318716186,0.027470519970543037,0.4991291922025669,6.23192193374484
28,62,1.0,7763.34124837914,0.029574303224094347,8.986742396976034,-8.957168093751939,-8.957168093751939,0.0,0.01665514802243173,-2.7181498652228835,3.599960898913796,6.239018228529055,0.02749286734158244,0.4991333776764515,6.231214369434174
28,63,1.0,7635.112449694251,0.043427130149861555,8.983940075879367,-8.940512945729507,-8.940512945729505,1.7763568394002505e-15,0.01614678091691779,-2.6999370553167448,3.6015185607975035,6.240575890412763,0.027518587564716705,0.49907244311665033,6.232211372876174
28,64,1.0,7512.819933905357,0.06051143470267667,8.984877599515265,-8.92436616481259,-8.924366164812588,1.7763568394002505e-15,0.020016163912107032,-2.685000477749825,3.6003083574475054,6.239365687062766,0.027486636998038452,0.4990990464336379,6.231249798621877
28,65,1.0,7363.937101012523,0.07764844877929872,8.981998449679782,-8.904350000900482,-8.904350000900484,1.7763568394002505e-15,0.0060246694669992,-2.6633477060538597,3.601944965231366,6.241002294846624,0.02755661220653456,0.4990420800388796,6.2323589357514075
28,66,1.0,7319.705189116754,0.0793866504191397,8.977711981852623,-8.898325331433483,-8.898325331433483,0.0,-0.024393579708219093,-2.6534410957417798,3.605826906076445,6.244884235691704,0.027472112433908447,0.4990202479552137,6.236018330461268
28,67,1.0,7500.454600906665,0.04962149583575126,8.972340406977455,-8.922718911141702,-8.922718911141704,1.7763568394002505e-15,0.0071816885791022855,-2.6720344509023315,3.6116271306241114,6.250684460239371,0.027421128484117378,0.498996222430205,6.241556462669985
28,68,1.0,7446.781633718114,0.0533163018023536,8.968853524364954,-8.9155372225626,-8.9155372225626,0.0,-0.03449489665802297,-2.661945001059545,3.6145348918877978,6.253592221503056,0.02744217897861333,0.4989496506131127,6.244014768973183
28,69,1.0,7708.139436563681,0.017386072527109754,8.967418191747733,-8.950032119220623,-8.950032119220623,0.0,0.04925581596002537,-2.6943624649836657,3.6166123246216975,6.255669654236956,0.027575081388169297,0.4989328230960227,6.245917426491504
28,70,1.0,7337.6675839878835,0.06918010233745028,8.969956405598047,-8.900776303260598,-8.900776303260598,0.0,0.062313753795475435,-2.649733227365078,3.61198574628026,6.251043075895518,0.027552874507359364,0.4989257124168614,6.2412743424371815
28,71,1.0,6894.384712398852,0.12621534762040088,8.964677897085522,-8.838462549465122,-8.838462549465122,0.0,-0.043044909369381656,-2.584434058812441,3.61497116103742,6.25402849065268,0.02744502723472728,0.4988713312446274,6.243730996140099
28,72,1.0,7197.632696839199,0.0830357660064347,8.964543224840941,-8.881507458834504,-8.881507458834507,3.552713678800501e-15,-0.0685996930953916,-2.6263533452132326,3.6160967840060136,6.2551541136212725,0.027613188131095926,0.4988476303576033,6.244617920357098
28,73,1.0,7708.717820847656,0.017232669373887163,8.967339821303781,-8.950107151929895,-8.950107151929894,1.7763568394002505e-15,-0.05529452781279964,-2.696182343636505,3.6148674786781307,6.253924808293389,0.027555551345280427,0.4988886144383598,6.243797439470177
28,74,1.0,8146.972621498936,-0.03866714281716831,8.966734536925525,-9.005401679742695,-9.005401679742693,1.7763568394002505e-15,-0.09757554507054422,-2.749753767495868,3.616590582631568,6.255647912246827,0.027605576364835082,0.49889187582048866,6.245547707905605
28,75,1.0,8981.994351810794,-0.13264290301659284,8.970334321796646,-9.10297722481324,-9.10297722481324,0.0,0.10800331875296543,-2.8496084629930456,3.6143114322049357,6.253368761820195,0.027561806685366858,0.49895087134517524,6.243835353023449
28,76,1.0,8062.459243812743,-0.01859687569216918,8.976377030368104,-8.994973906060274,-8.994973906060274,0.0,-0.023917971585238007,-2.750231397156454,3.6056851792885602,6.244742508903819,0.027500253652538165,0.49896809367395306,6.235428442131457
28,77,1.0,8257.621554437188,-0.03733577833786006,8.981556099307648,-9.018891877645512,-9.018891877645508,3.552713678800501e-15,0.05673709684911188,-2.7790052330473993,3.600829314982851,6.239886644598109,0.02747808204808952,0.4990176992687757,6.231049733857398
28,78,1.0,7802.151287940667,0.016007025671047937,8.978161806467448,-8.9621547807964,-8.9621547807964,0.0,-0.007359468442638573,-2.72084255486562,3.6022548963155216,6.24131222593078,0.027513488120423587,0.49895869519194785,6.231931049415493
28,79,1.0,7859.782782593623,0.01003609163849787,8.979550340877537,-8.969514249239039,-8.96951424923904,1.7763568394002505e-15,-0.006957853478393616,-2.7295638824077244,3.600893037216056,6.239950366831315,0.027465806669799288,0.49894558808590966,6.230462063283727
28,80,1.0,7914.660694407361,0.0021581314823270747,8.978630234199759,-8.976472102717432,-8.976472102717432,0.0,-0.052644563815993806,-2.735953589711253,3.6014611833909203,6.2405185130061795,0.02747621834015254,0.4989141855017342,6.230747580209376
28,81,1.0,8342.487118421579,-0.04980826985807015,8.979308396675357,-9.029116666533426,-9.029116666533428,1.7763568394002505e-15,-0.10521229230058893,-2.7880242895740475,3.60203504734412,6.241092376959379,0.027417397083769963,0.4989564780233519,6.231707727486752
28,82,1.0,9268.056287346171,-0.16033577217000575,8.97399318666401,-9.134328958834015,-9.134328958834017,1.7763568394002505e-15,0.058205414726851146,-2.8855632572472953,3.6097083719714607,6.248765701586719,0.027399376060777563,0.4989537340317305,6.239333318093082
28,83,1.0,8744.004496610063,-0.1005393043780465,8.97558423972912,-9.076123544107164,-9.076123544107165,1.7763568394002505e-15,0.032546043905430366,-2.831318095783768,3.605748118708139,6.2448054483233975,0.027514562688902473,0.4988826835060778,6.234746626878365
28,84,1.0,8464.002929421818,-0.06878212684017397,8.97479537336156,-9.043577500201733,-9.043577500201735,1.7763568394002505e-15,-0.00537355153618968,-2.7990050564267244,3.60551511415975,6.24457244377501,0.02750214821345844,0.49886718949037756,6.234374947697032
28,85,1.0,8509.607103821021,-0.0761227181497853,8.972828333588138,-9.048951051737923,-9.048951051737923,0.0,0.01596860137491163,-2.803451961099377,3.606441761023286,6.245499090638544,0.027316234313379845,0.4988796541534456,6.235402397720315
28,86,1.0,8374.799786877298,-0.05985124530229355,8.973131205060717,-9.032982450363011,-9.032982450363011,0.0,-0.011583357926429727,-2.789769883188368,3.6041552375593846,6.243212567174642,0.02729253901951156,0.49885049963095474,6.232859096178018
28,87,1.0,8472.372106953055,-0.06933447254077568,8.975231335748665,-9.044565808289441,-9.044565808289441,0.0,0.03221622468581309,-2.8035560271727498,3.6019524515014325,6.2410097811166905,0.027462949416961754,0.4988297872133704,6.2304802496626435
28,88,1.0,8203.774101140913,-0.03666783434280298,8.975681749260822,-9.012349583603628,-9.012349583603624,3.552713678800501e-15,0.09546959671915012,-2.773112155406635,3.6001800985817325,6.239237428196992,0.027496528673105855,0.49879439939162035,6.228395106216387
28,89,1.0,7456.787622747805,0.058346609269313815,8.975226596153792,-8.916879986884478,-8.916879986884478,0.0,-0.0905762435543025,-2.6813023583074695,3.596520298961749,6.2355776285770075,0.027444869242974228,0.4987466791446875,6.2243213898693535
28,90,1.0,8163.728196464506,-0.03139026436807892,8.976065966070701,-9.00745623043878,-9.00745623043878,0.0,0.04322768590030712,-2.7708047566684253,3.5975941441550945,6.236651473770354,0.027508366544383784,0.4987734049379084,6.225625431235774
28,91,1.0,7818.347894555094,0.006930097995014969,8.971158642533489,-8.964228544538473,-8.964228544538473,0.0,-0.07805737442398986,-2.72449636472495,3.600674850198264,6.239732179813524,0.027527427709225307,0.4986841708962592,6.227889016553678
28,92,1.0,8453.078038739704,-0.06938799389090214,8.972897925071562,-9.042285918962463,-9.042285918962465,1.7763568394002505e-15,0.11134491940952884,-2.8023548338929882,3.6008737554542165,6.2399310850694745,0.027520693470890863,0.49875621107573764,6.228735579592543
28,93,1.0,7562.37822366012,0.03732523948380427,8.968266239036737,-8.930940999552934,-8.930940999552933,1.7763568394002505e-15,0.019462873511983503,-2.689436264333183,3.6024474056044915,6.241504735219752,0.027514442514347495,0.498675873004686,6.229572859873166
28,94,1.0,7416.61569294234,0.055585434394860904,8.967063560435811,-8.91147812604095,-8.91147812604095,0.0,0.03279550627131478,-2.6694482104968946,3.6029725859287995,6.242029915544058,0.02752237683023148,0.49864313906879787,6.229806485022727
28,95,1.0,7177.329233332344,0.08716012874108348,8.965842748510717,-8.878682619769636,-8.878682619769634,1.7763568394002505e-15,-0.018024837741540622,-2.6373041870027785,3.602321103151597,6.241378432766855,0.027610013814042423,0.49859113182499826,6.228682509693672
28,96,1.0,7307.872403530964,0.06551003389191626,8.962217491403091,-8.896707457511177,-8.896707457511175,1.7763568394002505e-15,-0.015001561793082985,-2.6517172761033883,3.6059328517925295,6.244990181407788,0.027593368710725416,0.4985827523757336,6.232202855087064
28,97,1.0,7418.328337253801,0.04997695944079879,8.96168597874506,-8.91170901930426,-8.911709019304261,1.7763568394002505e-15,0.046115065774836594,-2.6662037306002806,3.6064479590887224,6.245505288703981,0.027453426897035504,0.4985951723902288,6.232842876406255
28,98,1.0,7083.999678575547,0.09216317112723718,8.957757124656661,-8.865593953529423,-8.865593953529423,0.0,-0.005822343237435135,-2.6190455549743104,3.6074910689398543,6.246548398555112,0.027476933930153363,0.49850698083675443,6.233074691090247
28,99,1.0,7125.365462236301,0.08608798879409002,8.957504285560947,-8.871416296766858,-8.871416296766858,0.0,0.026527422800139533,-2.6259505816721607,3.606408385479438,6.245465715094697,0.027460382145479564,0.4984839333465538,6.231788684034802
28,100,1.0,6938.832932174344,0.11185330594098512,8.956742179907703,-8.844888873966719,-8.844888873966719,0.0,0.01439878579304299,-2.6006786508250572,3.605152893526404,6.244210223141662,0.027518921746231398,0.4984507575404156,6.230239910481464
28,101,1.0,6839.638020068938,0.12595013557230508,8.956440223745982,-8.830490088173676,-8.830490088173677,1.7763568394002505e-15,0.009712445281946813,-2.5871410287487,3.6042917298097175,6.243349059424976,0.027528203681463085,0.49843534954503044,6.229250309966721
28,102,1.0,6773.529965156077,0.1324241793281187,8.953201822219848,-8.820777642891729,-8.820777642891729,0.0,-0.020708513957842456,-2.575568594073407,3.6061517192030625,6.245209048818323,0.02745032917942022,0.4983864313938652,6.230660732184525
28,103,1.0,6915.262171640965,0.1137405417054695,8.955226698555041,-8.841486156849571,-8.841486156849571,0.0,-0.05709155932525256,-2.5982725620665525,3.604156265167758,6.2432135947830165,0.027468838305069243,0.49836558627243,6.228486080206275
28,104,1.0,7321.552804162713,0.06020915439403303,8.958786870568854,-8.898577716174824,-8.898577716174822,1.7763568394002505e-15,-0.012611469077802084,-2.657410793342769,3.6021095932167966,6.241166922832056,0.02752339531306361,0.49838745628948355,6.226646722194198
28,105,1.0,7414.4730397221765,0.04712351122170538,8.95831269647433,-8.911189185252626,-8.911189185252624,1.7763568394002505e-15,0.028089700901594128,-2.6693709411072866,3.602760914530078,6.241818244145335,0.027502019406243663,0.498399704458045,6.2274095583683
28,106,1.0,7209.100637956428,0.07658163362363232,8.959681117974663,-8.883099484351032,-8.88309948435103,1.7763568394002505e-15,-0.025343989397070388,-2.6453693636379056,3.5986727910978664,6.237730120713125,0.027549430174179088,0.49834055599651245,6.222812341961036
28,107,1.0,7394.142958837775,0.051981569213822694,8.960425042961926,-8.908443473748102,-8.908443473748104,1.7763568394002505e-15,-0.06592903090670355,-2.6710445361156827,3.5983416080171606,6.23739893763242,0.027522212835252035,0.4983494968422306,6.2225680914624295
28,108,1.0,7898.060521091127,-0.012997193191671925,8.961375311463133,-8.974372504654806,-8.974372504654806,0.0,0.013752799207779276,-2.7367156146873897,3.598599560352156,6.237656889967414,0.027449451318381127,0.4984155700097227,6.223429239279594
28,109,1.0,7790.183585838826,-2.3190040404307694e-05,8.960596515406621,-8.960619705447026,-8.960619705447025,1.7763568394002505e-15,0.027309205748711207,-2.723766403412975,3.597795972418792,6.236853302034051,0.02745746098117435,0.4983725879155567,6.222247290056702
28,110,1.0,7580.318526341545,0.02494846587735869,8.95825896557567,-8.933310499698315,-8.933310499698312,3.552713678800501e-15,0.009530418904390103,-2.6952266906891045,3.599026479393952,6.23808380900921,0.027420526612923248,0.4983418778363424,6.2231938239974705
28,111,1.0,7508.418080261032,0.03744962499630624,8.96122970579023,-8.923780080793925,-8.923780080793923,1.7763568394002505e-15,-0.06307784156297913,-2.689949594253785,3.5947731569248793,6.233830486540137,0.02750252024652314,0.49831570158419697,6.218724221587356
28,112,1.0,7997.2892729158,-0.027139236564460774,8.959718685792442,-8.986857922356904,-8.986857922356903,1.7763568394002505e-15,-0.02540294088156614,-2.7510333309844386,3.5967672617572046,6.235824591372463,0.027519604167763674,0.4983303856865337,6.220824736688949
28,113,1.0,8203.04629159323,-0.05452542428613633,8.957735438952334,-9.01226086323847,-9.01226086323847,0.0,-0.02057780071709736,-2.7754160776461907,3.597787455977021,6.236844785592281,0.027512450397366866,0.49831117426416305,6.221664473049509
28,114,1.0,8373.595691071267,-0.075088543686116,8.957750120269452,-9.032838663955568,-9.032838663955568,0.0,0.0317976045772177,-2.7954838368677914,3.598297497472518,6.237354827087777,0.027558963655659744,0.4983361150937853,6.222396846442488
28,115,1.0,8111.524111695875,-0.04394434809584709,8.957096711282507,-9.00104105937835,-9.001041059378354,3.552713678800501e-15,0.029392905304248984,-2.7651192084053955,3.5968645213576957,6.235921850972955,0.027588343253170593,0.4982845044373373,6.220507060647489
28,116,1.0,7876.572718767789,-0.01640513173070654,8.955243022343396,-8.971648154074101,-8.971648154074103,1.7763568394002505e-15,-0.0011824751548150658,-2.734686608564963,3.5979042158938817,6.236961545509141,0.027505669861567533,0.4982575455093797,6.221310868077903
28,117,1.0,7885.8920791830005,-0.023023190904314143,8.949807438324603,-8.972830629228916,-8.972830629228918,1.7763568394002505e-15,-0.03128213753605458,-2.7320039883528713,3.601769311260786,6.240826640876046,0.027526462812235575,0.49820777068351574,6.224708377949552
28,118,1.0,8136.4786471206135,-0.052958315975371116,8.951154450789602,-9.00411276676497,-9.004112766764973,1.7763568394002505e-15,-0.006918335960767408,-2.764059490017336,3.6009959471323776,6.240053276747636,0.027599246707339684,0.4982190740801629,6.2240354023475035
28,119,1.0,8192.964709416092,-0.06152652350626298,8.949504579219475,-9.011031102725738,-9.011031102725738,0.0,-0.027289579240347805,-2.769969363414301,3.6020044096961783,6.241061739311435,0.02756748553348376,0.4982004494669342,6.224872754723102
28,120,1.0,8419.625947532946,-0.08867388391452213,8.949646798051564,-9.038320681966086,-9.038320681966086,0.0,-0.04145929782808899,-2.796041280983342,3.6032220713674867,6.242279400982746,0.027482601485893585,0.4982324293140827,6.226378317344723
28,121,1.0,8776.034909585453,-0.1294935972962316,8.950286382497943,-9.079779979794175,-9.079779979794175,0.0,0.010232090719600961,-2.838119758216956,3.60260289196196,6.241660221577219,0.0273966562356667,0.49823565851492896,6.225795068495889
28,122,1.0,8686.695567809362,-0.11948530306250975,8.950062586012063,-9.069547889074574,-9.069547889074572,1.7763568394002505e-15,0.03755920287923509,-2.8276597095373246,3.6028308499219897,6.2418881795372485,0.027363656705535817,0.4982266241362236,6.225951748818992
28,123,1.0,8366.481344907037,-0.08247123987648511,8.949517446318854,-9.031988686195339,-9.031988686195339,0.0,-0.03639641948584149,-2.79370015210264,3.59923120447744,6.238288534092699,0.02749764285301821,0.4981374415634653,6.221560000831438
28,124,1.0,8676.60069267365,-0.12171915386718812,8.946665951813994,-9.06838510568118,-9.068385105681182,1.7763568394002505e-15,0.06059375417362567,-2.827944055065785,3.601383721000137,6.240441050615395,0.027544280596870925,0.4981017470719772,6.223385361024969
28,125,1.0,8166.464492252478,-0.06301312512671986,8.944778226380837,-9.007791351507555,-9.007791351507556,1.7763568394002505e-15,-0.052606964965978165,-2.769723400057624,3.5990106218346725,6.238067951449932,0.027583796899782072,0.49799048962887316,6.220018849651983
28,126,1.0,8607.578511610865,-0.11602568730110796,8.944372629172426,-9.060398316473533,-9.060398316473533,0.0,-0.014284436869040462,-2.821494048634596,3.5998469382236786,6.238904267838936,0.027679196954053943,0.4979474712223548,6.2204621859734806
28,127,1.0,8731.415287072034,-0.129529150069632,8.94515360327294,-9.074682753342573,-9.074682753342572,1.7763568394002505e-15,-0.10221129849487198,-2.8370673524992536,3.5985580712280614,6.23761540084332,0.027620312589442454,0.4979325262986051,6.219047571547314
28,128,1.0,9671.068239981945,-0.23424297887947443,8.94265107295797,-9.176894051837445,-9.176894051837444,1.7763568394002505e-15,0.12814157832859685,-2.9360387838878537,3.6017979383343324,6.240855267949592,0.027661248434727385,0.49795759736837725,6.222474188818275
28,129,1.0,8507.917448882119,-0.10388527545758468,8.944867198051263,-9.048752473508848,-9.048752473508847,1.7763568394002505e-15,0.11385295335489687,-2.8130178731975133,3.5966772706960755,6.235734600311335,0.02765702291202195,0.4978454535965548,6.216389380895999
28,130,1.0,7592.373382710299,0.007023995105386746,8.94192351525934,-8.934899520153952,-8.934899520153953,1.7763568394002505e-15,-0.07727427833160405,-2.700236729703711,3.5956054608349812,6.23466279045024,0.027669656454555207,0.4977197590796621,6.214205419093751
28,131,1.0,8202.332126484464,-0.07172723950246082,8.940446558983098,-9.012173798485556,-9.01217379848556,3.552713678800501e-15,0.03418925237487613,-2.7764507396437232,3.5966657292265736,6.235723058841833,0.02765753487828961,0.4977354774836907,6.215391762144445
28,132,1.0,7926.640227583731,-0.04185216939435228,8.936132376716326,-8.97798454611068,-8.977984546110678,1.7763568394002505e-15,0.0013425885298552487,-2.7411784314339007,3.59774878506152,6.236806114676779,0.02767892550452427,0.49762149794377514,6.21543347007858
28,133,1.0,7916.00515219652,-0.041379103032937015,8.93526285454789,-8.976641957580824,-8.976641957580828,3.552713678800501e-15,-0.04883049835812514,-2.7398818616197045,3.5977027663458605,6.236760095961121,0.027759672442814756,0.4975666208892004,6.21489921048429
28,134,1.0,8312.140666495232,-0.09409110193700383,8.931381354001946,-9.02547245593895,-9.02547245593895,0.0,0.1249012881047129,-2.7853209196890125,3.601094206634678,6.240151536249938,0.027817067407063068,0.49751609886956266,6.217803889317471
28,135,1.0,7336.162522795512,0.02404529596836405,8.924616463802602,-8.900571167834237,-8.900571167834238,1.7763568394002505e-15,0.05435668776861036,-2.658526646135971,3.6029871920830066,6.242044521698267,0.027794512359847267,0.4973412543895585,6.218109701210368
28,136,1.0,6948.03719069131,0.07902825389044789,8.925242733956075,-8.846214480065626,-8.846214480065628,1.7763568394002505e-15,0.009952983345028699,-2.605207670006844,3.601949480443525,6.241006810058782,0.02773776020324891,0.4973312875016396,6.217003688091076
28,137,1.0,6879.226496142232,0.0853338922070378,8.921595388927635,-8.836261496720597,-8.836261496720597,0.0,0.06752650998456566,-2.5930086905309833,3.6041954765743554,6.243252806189615,0.02776749446266627,0.49726996200913665,6.218678130243737
28,138,1.0,6430.033239998997,0.14544486439201204,8.914179851128043,-8.768734986736032,-8.768734986736032,0.0,-0.05159493195992759,-2.5209826390368186,3.6086950180839543,6.247752347699213,0.027746869320175796,0.4971654129645009,6.222171029787115
28,139,1.0,6770.497970699196,0.09356823840605369,8.913898157102011,-8.82032991869596,-8.820329918695958,1.7763568394002505e-15,0.038458484515597746,-2.569238317940265,3.612034271140435,6.251091600755694,0.027786988632335016,0.49719328165061033,6.225705669961407
28,140,1.0,6515.058274469151,0.12910191832278867,8.910973352503154,-8.781871434180362,-8.781871434180365,3.552713678800501e-15,0.012168869516939296,-2.5318525516449983,3.610961552920106,6.250018882535365,0.027831782546332628,0.4970965032351903,6.22374164006819
28,141,1.0,6436.257809126632,0.13913860318509813,8.908841167848522,-8.769702564663422,-8.769702564663424,1.7763568394002505e-15,-0.011381791106074957,-2.518705475126074,3.611939759922089,6.250997089537348,0.027737572714320896,0.4970695221813174,6.224458812978909
28,142,1.0,6509.932430241073,0.12781759442052076,8.908901950190016,-8.781084355769497,-8.781084355769496,1.7763568394002505e-15,0.014092323335272994,-2.53151717041796,3.6105098557362783,6.2495671853515375,0.0277593677038027,0.4970445329929348,6.222832154656528
28,143,1.0,6418.835747096516,0.14308989616381865,8.910081928598043,-8.766992032434224,-8.766992032434224,0.0,-0.03995698849509033,-2.521459783808677,3.606474919010288,6.245532248625547,0.027686599422882555,0.497044624660989,6.218886705061173
28,144,1.0,6680.506058550641,0.10846379595621423,8.91541281688553,-8.806949020929315,-8.806949020929316,1.7763568394002505e-15,0.02838245238810977,-2.5689431980849777,3.5989484932290776,6.238005822844335,0.02765406752233273,0.49708358892685417,6.211820367951175
28,145,1.0,6493.562422257475,0.13810943574895124,8.916676004290153,-8.778566568541205,-8.778566568541201,3.552713678800501e-15,-0.042020808822696765,-2.5458151169449637,3.593694121980982,6.232751451596241,0.027742880958648346,0.4970086038249096,6.2059519751543295
28,146,1.0,6772.241318498412,0.09522356647327648,8.91581094383718,-8.820587377363902,-8.820587377363903,1.7763568394002505e-15,-0.016603078946651806,-2.58827048539561,3.5932595623530332,6.232316891968293,0.027769831211177227,0.4970050957385334,6.205501058769549
28,147,1.0,6885.61998875566,0.07674940311077574,8.91393985942133,-8.837190456310553,-8.837190456310553,0.0,-0.058541473312127223,-2.603969995341576,3.5941631313537186,6.233220460968979,0.0277662830150824,0.49694955001476315,6.205891894035219
28,148,1.0,7300.746846350712,0.017055712175326587,8.912787641798005,-8.89573192962268,-8.895731929622679,1.7763568394002505e-15,-0.04992861844782226,-2.6594597640193207,3.597214835988101,6.236272165603361,0.027687542583905524,0.4969820096350994,6.2092190635541
28,149,1.0,7674.516303088435,-0.03362071564619863,8.912039832424304,-8.945660548070503,-8.945660548070503,0.0,-0.021126536910266225,-2.7086458962498923,3.597957322205352,6.23701465182061,0.02774320935042099,0.49695312488275445,6.209702848787833
28,150,1.0,7838.377065631238,-0.05559136240596432,8.911195722574803,-8.96678708498077,-8.966787084980767,1.7763568394002505e-15,0.020846472519805204,-2.7312147974978696,3.596514957867641,6.2355722874829,0.027842946290902303,0.4968748726614053,6.2075697104856875
28,151,1.0,7676.665962826473,-0.03593192285762597,8.910008689603337,-8.945940612460964,-8.945940612460964,0.0,0.0697390015975703,-2.7096748193545466,3.597208463491158,6.236265793106417,0.027810299927633553,0.4968560726947561,6.208095628285724
28,152,1.0,7159.544287009326,0.03604337597835077,8.912244986841745,-8.876201610863394,-8.876201610863395,1.7763568394002505e-15,-0.0018694657303139905,-2.6469293155853046,3.59021496566283,6.229272295278088,0.027808475947853597,0.4967909973532979,6.20058499217609
28,153,1.0,7172.941328451709,0.03247704867805298,8.91054812527176,-8.878071076593708,-8.878071076593706,1.7763568394002505e-15,0.005528211049162124,-2.6496385254628367,3.589375221515612,6.2284325511308705,0.02771953164187091,0.49677474087602436,6.1996154170381965
28,154,1.0,7133.397199798583,0.03600583137199055,8.908548696916537,-8.872542865544546,-8.872542865544546,0.0,-0.011344897812916699,-2.6428894652630146,3.5905960706662725,6.2296534002815305,0.027767018337831684,0.4967202219116244,6.200336391562847
28,155,1.0,7214.785661042369,0.022145836743131496,8.906033600100592,-8.883887763357462,-8.88388776335746,1.7763568394002505e-15,-0.03487652466525759,-2.6548267037391566,3.590003730003047,6.229061059618306,0.02775048176848136,0.4966995692876727,6.199563165096824
28,156,1.0,7470.851702472389,-0.017609650170880668,8.901154637851842,-8.91876428802272,-8.918764288022723,3.552713678800501e-15,-0.027905999874299425,-2.6872975148131624,3.5924094435943004,6.231466773209559,0.02773039925275893,0.49664214676982227,6.201417579107777
28,157,1.0,7682.269481536703,-0.0465412343083898,8.900129053588628,-8.94667028789702,-8.946670287897017,1.7763568394002505e-15,0.03307825094322503,-2.715162418077861,3.5924505402038984,6.2315078698191595,0.027740399423841443,0.4966509344025212,6.201534791554766
28,158,1.0,7432.310340490925,-0.01524233107808936,8.898349705875702,-8.913592036953794,-8.913592036953792,1.7763568394002505e-15,0.07149651559080894,-2.6834541570534376,3.591080550285097,6.230137879900355,0.027811735027621007,0.4965759967033059,6.19951805828603
28,159,1.0,6919.4773711753905,0.05486611758719758,8.89696163895018,-8.842095521362985,-8.842095521362983,1.7763568394002505e-15,0.041594190889176375,-2.611747472324374,3.5912907194233528,6.230348049038612,0.027783426969824318,0.49653507836293526,6.199380753021501
28,160,1.0,6637.570788807975,0.09383502620676175,8.89433635668057,-8.800501330473809,-8.800501330473809,0.0,0.04677618439219522,-2.5705582403792073,3.590885760479344,6.229943090094603,0.027814449428821296,0.4964590315081473,6.1983173342872755
28,161,1.0,6334.240183392232,0.13613847873937007,8.889863624820984,-8.753725146081614,-8.753725146081614,0.0,0.01004551790830277,-2.5217661900120434,3.592901626454311,6.23195895606957,0.027895106544038366,0.49637951486525156,6.199621759065033
28,162,1.0,6270.927994472948,0.14757746471881517,8.891257092892126,-8.743679628173311,-8.743679628173311,0.0,-0.05801225253567566,-2.51624507289889,3.588377225659162,6.227434555274421,0.027893278076758933,0.49631605689132774,6.194573049363703
28,163,1.0,6645.477856218116,0.09311467290032491,8.89480655360931,-8.801691880708987,-8.801691880708985,1.7763568394002505e-15,0.03871300667556987,-2.5755797940342355,3.587054757059493,6.226112086674752,0.027798074397143598,0.4963859878342791,6.1938876363371005
28,164,1.0,6393.127562506591,0.13130656160620968,8.894285435639627,-8.762978874033417,-8.762978874033418,1.7763568394002505e-15,0.017440529277999772,-2.5364866522516136,3.5874348921665447,6.226492221781803,0.02783182305106338,0.49633503019409225,6.193795077040702
28,165,1.0,6282.594711522817,0.14379971938064168,8.88933806413606,-8.745538344755417,-8.745538344755419,1.7763568394002505e-15,-0.017624262754333486,-2.5134304277220694,3.593050587418091,6.2321079170333515,0.02783986883508256,0.4963041348486682,6.199096258444526
28,166,1.0,6394.302301974467,0.12326028180563518,8.886422889315387,-8.76316260750975,-8.763162607509752,1.7763568394002505e-15,0.025423237629228268,-2.52881959369519,3.5952856841993013,6.23434301381456,0.027778497441889868,0.4962801011353557,6.201113378676124
28,167,1.0,6233.787483777307,0.1475502764628911,8.885289646343415,-8.737739369880522,-8.737739369880524,1.7763568394002505e-15,-0.037114463313280055,-2.5058535013030854,3.5928285389621775,6.231885868577436,0.02783353303061976,0.4962013407808892,6.197967241281228
28,168,1.0,6469.498243128555,0.11113005282855089,8.885983886022354,-8.774853833193802,-8.774853833193802,0.0,0.0005265926573585489,-2.544233317087489,3.591563186491054,6.230620516106313,0.02781644356033914,0.4961849909762779,6.196585511327831
28,169,1.0,6466.092349694869,0.10923903122376685,8.883566271760209,-8.774327240536444,-8.774327240536442,1.7763568394002505e-15,-0.11960461745228024,-2.543053720910052,3.592216190011133,6.231273519626392,0.027744244546767466,0.49613475280846114,6.196779663576639
28,170,1.0,7287.616800103198,-0.009750537149136929,8.884181320839588,-8.893931857988724,-8.893931857988724,0.0,0.04083037143356805,-2.664908255450915,3.5899662729225517,6.22902360253781,0.027702899557951143,0.49617065225305557,6.1948900925381105
28,171,1.0,6996.053522519713,0.030120519904959182,8.883222006460116,-8.853101486555156,-8.853101486555158,1.7763568394002505e-15,-0.09975454309832799,-2.6266475258109843,3.587396631128913,6.2264539607441725,0.02774551546978151,0.49606423431431934,6.191367975159106
28,172,1.0,7729.937295051019,-0.07191072015026226,8.88094530950322,-8.952856029653484,-8.952856029653482,1.7763568394002505e-15,-0.022643512782043018,-2.726657979501503,3.587140720536721,6.2261980501519805,0.02780349542944659,0.4960594640188311,6.191015922162211
28,173,1.0,7906.966951691955,-0.09571228579977076,8.879787256635755,-8.975499542435527,-8.975499542435525,1.7763568394002505e-15,0.0028533442522036268,-2.7486283366793542,3.5878138761409133,6.226871205756171,0.027813419193286452,0.49604107759548693,6.191525081711978
28,174,1.0,7884.437809971715,-0.10267862608899202,8.86996757209433,-8.972646198183323,-8.972646198183321,1.7763568394002505e-15,-0.02085986816052099,-2.7417706726373248,3.591818195930739,6.230875525545998,0.027840905839985747,0.4959023360049669,6.194183082929688
28,175,1.0,8050.6335271741145,-0.12851200977862576,8.86499405656522,-8.993506066343844,-8.993506066343846,1.7763568394002505e-15,-0.011012417670885455,-2.759946196911298,3.5945025398172867,6.233559869432546,0.027792313550909938,0.4958116455796801,6.196011000467689
28,176,1.0,8139.780426609201,-0.14713610218770123,8.857382381827026,-9.00451848401473,-9.004518484014728,1.7763568394002505e-15,0.06772170664252819,-2.768397200261877,3.5970639541375946,6.236121283752853,0.0278172188395976,0.4957157827491578,6.197642656615794
28,177,1.0,7606.79174125669,-0.08360575931600124,8.853191018056197,-8.936796777372201,-8.936796777372198,3.552713678800501e-15,-0.049901706091294074,-2.6999612005855123,3.5977782471714304,6.23683557678669,0.02778984585934836,0.4955772404034771,6.197140550857566
28,178,1.0,7996.014295607043,-0.14121964077805116,8.845478842685443,-8.986698483463496,-8.986698483463494,1.7763568394002505e-15,0.053783113261546944,-2.7450884653926013,3.6025526884556354,6.241610018070895,0.027738614090255697,0.49550955365636185,6.201194126665215
28,179,1.0,7577.32391056941,-0.0887155353851852,8.844199834816763,-8.932915370201949,-8.932915370201949,0.0,0.03184590539394527,-2.6911504649469284,3.6027075756397613,6.24176490525502,0.027651533507535797,0.49543337467896587,6.200701456925856
28,180,1.0,7339.819021315096,-0.05191022528163371,8.849159239526369,-8.901069464808003,-8.901069464808003,0.0,-0.1291838687315856,-2.6641155257025013,3.597896609490244,6.236953939105502,0.02758505829681107,0.49545341320091274,6.196202139529878
28,181,1.0,8351.975139617201,-0.1892476736680254,8.841005659871563,-9.030253333539589,-9.030253333539589,0.0,0.004307034924552866,-2.7864047551136184,3.6047912488107126,6.243848578425969,0.02748513211373451,0.4954456396723923,6.202854574960762
28,182,1.0,8316.080246769565,-0.1800364644368735,8.84590983417816,-9.025946298615036,-9.025946298615034,1.7763568394002505e-15,0.017149962165250443,-2.787141194691663,3.5997477743081148,6.238805103923373,0.02758887862180428,0.4954486395876371,6.1979284792428135
28,183,1.0,8174.67579152339,-0.16617765403035994,8.842618682419426,-9.008796336449786,-9.008796336449786,0.0,-0.05352518164567677,-2.768077241456324,3.601661765378201,6.24071909499346,0.02763283517509129,0.49536634254656264,6.199073723383357
28,184,1.0,8624.148549219582,-0.22570937143278982,8.83661214666267,-9.062321518095462,-9.06232151809546,1.7763568394002505e-15,0.0782915323203568,-2.8187585721652875,3.604505616314918,6.243562945930177,0.02760217193830123,0.4953018051187864,6.201279494700408
28,185,1.0,7974.705393965116,-0.1435914866364483,8.840438499138656,-8.984029985775106,-8.984029985775106,0.0,0.0303187212419207,-2.744640819081028,3.600331837078819,6.239389166694077,0.02765473968382912,0.49521395227973414,6.196429164731245
28,186,1.0,7736.551034790977,-0.10956105608017,8.844150208453016,-8.953711264533185,-8.953711264533185,0.0,-0.0015239080293287799,-2.7187525142423183,3.595901420675608,6.2349587502908665,0.027683044365198074,0.4952091283383756,6.192066334011641
28,187,1.0,7748.349814876704,-0.10854365839708158,8.846691514165432,-8.955235172562514,-8.955235172562514,0.0,0.04576456451639288,-2.7253918163859328,3.590786026561322,6.229843356176581,0.027754660102353335,0.4951861375876661,6.186862854285619
28,188,1.0,7401.741638439416,-0.06724604066487612,8.842224567381244,-8.90947060804612,-8.90947060804612,0.0,0.023183030739620136,-2.677924898119222,3.59248838031164,6.231545709926898,0.02773546897496882,0.49505288958872734,6.1873546876841585
28,189,1.0,7232.120596301302,-0.04270300975345853,8.843584567553041,-8.8862875773065,-8.886287577306499,1.7763568394002505e-15,-0.04532605325916528,-2.660486446773646,3.5867438009175956,6.2258011305328536,0.027776326864769794,0.4949952134850648,6.181201405009062
28,190,1.0,7567.4666248997455,-0.09217112847665301,8.839442502089014,-8.931613630565666,-8.931613630565668,1.7763568394002505e-15,-0.0008094790577111155,-2.703335345026722,3.589220955923685,6.228278285538946,0.027757729021386224,0.49495791927215216,6.183287872661147
28,191,1.0,7573.594810636918,-0.09173154769824364,8.840691561925134,-8.932423109623377,-8.932423109623377,0.0,0.09592371925690024,-2.708569837265382,3.584795942742737,6.223853272357997,0.02786544647438434,0.49489204800903297,6.1783458926686565
28,192,1.0,6880.863215089027,0.0009762955440073273,8.837475685910483,-8.836499390366477,-8.836499390366477,0.0,0.0318089973009954,-2.614116206729759,3.583325854021458,6.222383183636717,0.027938845472767697,0.49471550324621116,6.175337559710158
28,193,1.0,6665.434308566773,0.030410507119407244,8.835100900184887,-8.804690393065481,-8.80469039306548,1.7763568394002505e-15,-0.00030811385058626684,-2.5828411964593108,3.5827918669909122,6.221849196606171,0.027912418413471245,0.4946383315510971,6.174151410271856
28,194,1.0,6667.488337618569,0.02814451834909168,8.833143025265159,-8.804998506916068,-8.804998506916068,0.0,0.03173640065031158,-2.583100456479284,3.582840720821525,6.221898050436784,0.02795768924212842,0.4945998848774253,6.173857942364834
28,195,1.0,6459.2087597603395,0.059092123312907426,8.832354229578662,-8.773262106265756,-8.773262106265754,1.7763568394002505e-15,0.00833371605876998,-2.553548230375083,3.580656546275413,6.219713875890673,0.028056657674502276,0.4945256256067732,6.171066550964328
28,196,1.0,6405.60322489092,0.06476198817227052,8.829690378379258,-8.764928390206986,-8.764928390206988,1.7763568394002505e-15,-0.011720712985249904,-2.543128286559523,3.5827427740322038,6.221800103647463,0.02804731283601955,0.4944791109954101,6.172715617565116
28,197,1.0,6481.123171049274,0.05395003618753834,8.830599139379773,-8.776649103192236,-8.776649103192234,1.7763568394002505e-15,0.07064799193418025,-2.556109405998451,3.581482367578528,6.220539697193787,0.028066748128257622,0.4944662933754635,6.1713617725124905
28,198,1.0,6039.044670347193,0.12209738780622542,8.828098499064279,-8.706001111258056,-8.706001111258054,1.7763568394002505e-15,0.03784318032582945,-2.483546271526993,3.5833975101158018,6.2224548397310615,0.02809438179219429,0.49441790056745355,6.172856099963634
28,199,1.0,5814.778254898612,0.1580827767156704,8.826240707647898,-8.668157930932226,-8.668157930932228,1.7763568394002505e-15,-0.07552481973221958,-2.4440030801142556,3.5850975212027114,6.224154850817972,0.02808473608109123,0.4944185450395413,6.174560137327114
28,200,1.0,6270.947575420585,0.08297371633430307,8.826656466998749,-8.743682750664446,-8.743682750664446,0.0,-0.04693879554864644,-2.521928460129096,3.5826969609200896,6.2217542905353485,0.028008825456854267,0.49442090237551173,6.172209014425853
28,201,1.0,6572.315904283828,0.031431105776302024,8.822052651989397,-8.790621546213092,-8.790621546213094,1.7763568394002505e-15,-0.0032153038825768476,-2.5702141004652965,3.581350116132537,6.220407445747797,0.027941913405844634,0.494303534418782,6.1698215069682885
28,202,1.0,6593.481906458057,0.02696732146970489,8.820804171565374,-8.79383685009567,-8.79383685009567,0.0,-0.0030559508579486305,-2.5738615144224277,3.5809180060579826,6.219975335673241,0.027974121289429884,0.4942740799924715,6.169168331184701
28,203,1.0,6613.66208225479,0.017105095529255904,8.813997896482874,-8.796892800953618,-8.796892800953618,0.0,-0.03401241666730215,-2.5737933660982644,3.584042105240095,6.223099434855354,0.027929775688135046,0.4941835099286703,6.17144361308178
28,204,1.0,6842.4779446469365,-0.02462790805846851,8.80627730956245,-8.83090521762092,-8.830905217620918,1.7763568394002505e-15,-0.007832068732039232,-2.6053365238262716,3.5865113641793904,6.225568693794649,0.02792978470338133,0.4940948756334901,6.173062594223489
28,205,1.0,6896.279114417432,-0.0358150259253575,8.802922260427602,-8.83873728635296,-8.83873728635296,0.0,-0.013110051971198189,-2.612716773226374,3.586963183511327,6.226020513126585,0.027941039379180264,0.4940157047934,6.172810737641159
28,206,1.0,6987.284934074646,-0.05313802140522493,8.798709316918933,-8.851847338324157,-8.851847338324157,0.0,0.03918544304144511,-2.623585670328087,3.5892043383808105,6.228261667996071,0.027956918539493912,0.4939955709364648,6.174868645228984
28,207,1.0,6718.780173790174,-0.009554562107525769,8.80310733317519,-8.812661895282712,-8.812661895282716,3.552713678800501e-15,-0.11123672772414572,-2.5911147075648837,3.5824898581025693,6.221547187717827,0.028072970075894918,0.49390052431157283,6.167402790843818
28,208,1.0,7509.308197513082,-0.12562569350199504,8.798272929504865,-8.923898623006858,-8.92389862300686,1.7763568394002505e-15,0.07266569746038698,-2.7034380070303157,3.5814032863612835,6.220460615976543,0.028100979665993984,0.49387306726084035,6.165998597330474
28,209,1.0,6982.993175520476,-0.049654251853403567,8.801578673693067,-8.851232925546471,-8.851232925546471,0.0,0.021216086515783772,-2.63261166230135,3.5795639336298626,6.218621263245121,0.028072544347278756,0.4938042054960638,6.163663820310774
28,210,1.0,6836.401933035695,-0.026545420027744362,8.803471419002943,-8.830016839030687,-8.830016839030687,0.0,-0.028057276820195653,-2.612554451395393,3.5784050580200355,6.217462387635295,0.0281392057589772,0.49376301854006244,6.162163861092776
28,211,1.0,7030.928942624324,-0.05915930761717801,8.798914808233707,-8.858074115850883,-8.858074115850885,1.7763568394002505e-15,0.08372505758414484,-2.6415328156561904,3.577483970579434,6.216541300194693,0.02817450072422293,0.49365669291275927,6.160288511946797
28,212,1.0,6466.233426692796,0.02335515902346652,8.797704217290203,-8.774349058266738,-8.774349058266736,1.7763568394002505e-15,-0.040513404484812554,-2.557960824523591,3.577330904127888,6.216388233743147,0.028183934880648177,0.4935380116971691,6.159119176649244
28,213,1.0,6733.581582647326,-0.018712848863955314,8.796149613887597,-8.81486246275155,-8.814862462751552,1.7763568394002505e-15,0.049021871984388454,-2.599993482144355,3.5758116509919384,6.214868980607197,0.02818162963050287,0.49353310463434436,6.157597980375334
28,214,1.0,6411.449085634284,0.02857917042151442,8.794419761188673,-8.765840590767162,-8.765840590767159,3.552713678800501e-15,-0.10200684420191664,-2.55096305522074,3.5758202059311643,6.214877535546422,0.028223492987825505,0.4934128598874982,6.156550972970697
28,215,1.0,7099.981340796194,-0.08456025630242427,8.783287178666656,-8.867847434969079,-8.86784743496908,1.7763568394002505e-15,-0.03694330597631357,-2.650568287061877,3.578221818291943,6.217279147907202,0.028228134545845177,0.49329130145700845,6.157732400060143
28,216,1.0,7367.183398315197,-0.12078149792441505,8.784009243020979,-8.904790740945392,-8.904790740945394,1.7763568394002505e-15,-0.03866599256732606,-2.6912276908070796,3.5745057205230535,6.213563050138311,0.028269244797747797,0.4932139033296289,6.153339663788901
28,217,1.0,7657.621715442636,-0.17011929190150002,8.773337441611218,-8.943456733512718,-8.943456733512718,0.0,0.017271995967531595,-2.7259991246440487,3.5784002792534104,6.217457608868669,0.02829904133331951,0.49308544017923844,6.155973815937847
28,218,1.0,7526.494974140878,-0.1497827054401675,8.776402032105016,-8.926184737545187,-8.926184737545183,3.552713678800501e-15,-0.017606820534249223,-2.712019175580752,3.5751082323491765,6.2141655619644345,0.02828424613768082,0.4930672375773974,6.1526401820114165
28,219,1.0,7660.186104601887,-0.1765193466890954,8.767272211390342,-8.943791558079436,-8.943791558079438,1.7763568394002505e-15,0.0066618964048981155,-2.7263690856717586,3.5783651427924186,6.2174224724076765,0.028353248709835854,0.4929134999365849,6.15437416831197
28,220,1.0,7609.324344327018,-0.1708782366690291,8.76625142500551,-8.937129661674538,-8.93712966167454,1.7763568394002505e-15,-0.024897935206102062,-2.7209895335122725,3.577082798547006,6.216140128162265,0.028368985393012233,0.4928602796347555,6.152651129878294
28,221,1.0,7801.159042888663,-0.19677898925003584,8.765248607630603,-8.96202759688064,-8.96202759688064,0.0,0.07006123240088691,-2.7460372812371494,3.5769329860282313,6.215990315643491,0.028348107377894276,0.49289158200490474,6.152819972125825
28,222,1.0,7273.30710400086,-0.1255835486656499,8.7663828158141,-8.891966364479753,-8.891966364479751,1.7763568394002505e-15,-0.0326931148076941,-2.6766658904378824,3.576243144426613,6.2153004740418725,0.028331842971186464,0.49283347284700674,6.151719111631126
28,223,1.0,7515.02387594723,-0.16101044431987968,8.763649034967568,-8.924659479287447,-8.924659479287447,0.0,0.046783887048158945,-2.7118681486494807,3.5737340010227068,6.212791330637967,0.028327840500807572,0.4927724110089522,6.14870099354949
28,224,1.0,7171.53926769176,-0.11204383621461081,8.765831756024678,-8.877875592239288,-8.877875592239288,0.0,-0.05096133109544532,-2.6661569528142275,3.572661309809802,6.21171863942506,0.02829210701478294,0.4927400360407842,6.14744107693601
28,225,1.0,7546.483131593415,-0.17143745322537718,8.757399470109355,-8.928836923334734,-8.928836923334732,1.7763568394002505e-15,0.05785446346759571,-2.716338851966005,3.5734407417534677,6.212498071368727,0.028261597678243437,0.4926079454645087,6.146950773377104
28,226,1.0,7122.274886226212,-0.11583999099782097,8.75514246886932,-8.870982459867138,-8.870982459867141,3.552713678800501e-15,0.003896429206173835,-2.6579318478424097,3.573993282409468,6.213050612024728,0.028272706238197085,0.49246017836398875,6.146224400250097
28,227,1.0,7094.577441952772,-0.11334649153227362,8.753739539128688,-8.867086030660964,-8.867086030660962,1.7763568394002505e-15,0.0426188618119383,-2.6548279449577143,3.5732007560879895,6.212258085703249,0.02832740909036771,0.4923692958207878,6.144660557238189
28,228,1.0,6798.5672392194665,-0.0721232192973991,8.752343949551626,-8.824467168849026,-8.824467168849026,0.0,0.018855059144005537,-2.6127186983512956,3.57269114088247,6.211748470497731,0.02830808403420689,0.49225820000327886,6.143227720943078
28,229,1.0,6671.580782497236,-0.05289570610634432,8.752716403598676,-8.80561210970502,-8.80561210970502,0.0,0.08482515628917042,-2.5918384786832074,3.5747163014065544,6.213773631021814,0.028172183298511688,0.4922690379272017,6.145385147876678
28,230,1.0,6129.000428601706,0.031136490937217494,8.751923444353068,-8.72078695341585,-8.72078695341585,0.0,0.025181706633262024,-2.5077862742271706,3.57394334957342,6.213000679188679,0.028209474750856882,0.49213040622474513,6.1434523419359355
28,231,1.0,5976.588784343364,0.056251784116275995,8.751857030898865,-8.695605246782588,-8.69560524678259,1.7763568394002505e-15,0.032590519919756034,-2.4830888402234215,3.5734590769439074,6.212516406559165,0.028236794698361312,0.4920453061635061,6.142235497946759
28,232,1.0,5784.94843988456,0.08479301757179167,8.74780774443462,-8.663014726862832,-8.663014726862828,3.552713678800501e-15,0.02096560211473175,-2.4491099099265656,3.574847487321007,6.2139048169362665,0.02830316767244182,0.4919451273440402,6.142722337774836
28,233,1.0,5664.926079517436,0.10210304144162384,8.744152166189725,-8.6420491247481,-8.642049124748102,1.7763568394002505e-15,-0.03817739010528243,-2.4297622397832166,3.573229555349624,6.212286884964883,0.028308328911917768,0.491816331734889,6.14005951750241
28,234,1.0,5885.379566250707,0.0587855758062755,8.739012090659656,-8.680226514853382,-8.68022651485338,1.7763568394002505e-15,0.013205954603179748,-2.4680579512029466,3.5731112340351774,6.212168563650436,0.028232755877777266,0.49173335355709374,6.139194216140376
28,235,1.0,5808.168456197196,0.06573137381665081,8.732751934066854,-8.667020560250203,-8.667020560250204,1.7763568394002505e-15,0.052879905802342364,-2.453582519707474,3.5743807109274703,6.213438040542728,0.02830134285567357,0.4915624774142656,6.138926341597779
28,236,1.0,5509.012433690094,0.12159843769338985,8.735739092141248,-8.61414065444786,-8.614140654447858,1.7763568394002505e-15,0.04100830522142118,-2.405067875199651,3.5700154496329506,6.20907277924821,0.028432749603008747,0.4914793003496653,6.133969887879404
28,237,1.0,5287.666695675298,0.15969001154884466,8.732822360775284,-8.573132349226439,-8.573132349226439,0.0,0.0649746418947359,-2.362392516359793,3.5716825032513877,6.210739832866646,0.02854063927634592,0.4913973550648312,6.134913350430574
28,238,1.0,4955.026066181097,0.22638627463078687,8.734543981962489,-8.508157707331703,-8.508157707331701,1.7763568394002505e-15,-0.07287665860918224,-2.2972711824582746,3.571829195258171,6.21088652487343,0.028657205690710997,0.49129375945815895,6.134106847450498
28,239,1.0,5329.615447875822,0.14549892114767385,8.72653328708856,-8.581034365940885,-8.581034365940887,1.7763568394002505e-15,0.05399671520825322,-2.368523495852266,3.5734535404733614,6.21251087008862,0.02859603568367524,0.4911921224222758,6.13480629055571
28,240,1.0,5049.465377040473,0.19806863477452946,8.725106285507163,-8.527037650732632,-8.527037650732634,1.7763568394002505e-15,0.0028408381856159792,-2.313749881812517,3.574230439304858,6.213287768920117,0.028635338064885416,0.4910782137284877,6.134587767349905
28,241,1.0,5035.141019205349,0.19729685228582566,8.72149366483284,-8.524196812547016,-8.524196812547014,1.7763568394002505e-15,0.017051391968895047,-2.310067814306926,3.57507166862483,6.214128998240089,0.02866135333847659,0.49101037400841363,6.134827837540972
28,242,1.0,4950.012696842443,0.20967907321043344,8.716824493788554,-8.507145420578121,-8.507145420578121,0.0,0.07508249358668628,-2.2924727127187032,3.5756153782441586,6.214672707859417,0.028732487256318363,0.49087193820228237,6.134135164885859
28,243,1.0,4591.963213598764,0.29063903797301593,8.72270196496445,-8.432062926991435,-8.432062926991435,0.0,0.003753688879905681,-2.2193116182745873,3.5736939791015883,6.2127513087168476,0.02879004754297759,0.4908801470881502,6.132326092437231
28,244,1.0,4574.758722701214,0.29142474899475,8.719733987106277,-8.42830923811153,-8.428309238111527,1.7763568394002505e-15,0.05950015690903321,-2.2163289060481666,3.572923002448104,6.211980332063362,0.028840640414754183,0.4907876285167533,6.130805782998267
28,245,1.0,4310.499549779143,0.3509672708969114,8.719776352099409,-8.368809081202496,-8.368809081202498,1.7763568394002505e-15,0.009297843761233437,-2.1562216123797096,3.5735301392075276,6.212587468822785,0.029009088868274028,0.4907142735214453,6.130694236604592
28,246,1.0,4270.606943435175,0.3604470497920388,8.719958287233302,-8.359511237441263,-8.359511237441263,0.0,0.051421239787044826,-2.1459568158763522,3.574497091949651,6.213554421564909,0.029018946619486327,0.49068485286041474,6.1312972350534105
28,247,1.0,4056.5575451833347,0.4056069920521935,8.713696989706413,-8.308089997654218,-8.30808999765422,1.7763568394002505e-15,-0.03376746611690251,-2.090231743523185,3.5788009245157753,6.217858254131033,0.029244725167167068,0.4905463762894017,6.134196728204474
28,248,1.0,4195.876195720172,0.36732264605755827,8.709180109828678,-8.34185746377112,-8.34185746377112,0.0,-0.06440866443208826,-2.1256382191308507,3.577161915025009,6.216219244640267,0.029215883350170873,0.4904374502739351,6.13172342235137
28,249,1.0,4475.020126332043,0.30123705862171474,8.707503186824926,-8.406266128203209,-8.406266128203212,3.552713678800501e-15,-0.054302747274412866,-2.1931104914216406,3.5740983071663104,6.21315563678157,0.02902255020440228,0.49038882694098,6.128360383507311
28,250,1.0,4724.745024852562,0.24492668849689936,8.705495563974523,-8.460568875477621,-8.460568875477623,1.7763568394002505e-15,-0.025247257410420332,-2.249316951622424,3.572194594239939,6.211251923855198,0.028924375897764594,0.49037042320783925,6.1263851507565255
28,251,1.0,4845.55046475675,0.2128595169634466,8.698675649851488,-8.485816132888042,-8.485816132888042,0.0,0.10840561850972286,-2.274810375163885,3.5719484281089,6.211005757724158,0.028891522930796106,0.49019092266623837,6.124534041554549
28,252,1.0,4347.735937183488,0.32474698632184507,8.702157500700162,-8.377410514378319,-8.377410514378317,1.7763568394002505e-15,0.001597699667172492,-2.166188691878158,3.5721644928849017,6.211221822500161,0.029035574634422794,0.49005690673430136,6.123489945634366
28,253,1.0,4340.795107081125,0.3252790192583452,8.701091833969496,-8.375812814711146,-8.375812814711152,5.329070518200751e-15,-0.024473026889539895,-2.1648502132764653,3.5719052718194226,6.21096260143468,0.028997476619557597,0.49004170564994926,6.12311220136008
28,254,1.0,4448.338086069421,0.29875434910585286,8.699040190706537,-8.400285841600686,-8.400285841600684,1.7763568394002505e-15,-0.03296863892974322,-2.1910849935706005,3.5701435184148274,6.209200848030085,0.028946847971708045,0.48994090999700385,6.120531000749624
28,255,1.0,4597.438044746305,0.2636017939082295,8.696856274438659,-8.43325448053043,-8.43325448053043,0.0,0.04629607397312441,-2.227798249687157,3.566398901228015,6.205456230843274,0.02890754304435041,0.4898192015048833,6.11585344026688
28,256,1.0,4389.446458044124,0.31004051967833146,8.696998926235636,-8.386958406557305,-8.386958406557305,0.0,-0.027569231476887168,-2.181738439464418,3.5661626374776287,6.205219967092888,0.02899628739436588,0.48977454707932594,6.11525000325922
28,257,1.0,4512.143686279433,0.2799247379993697,8.694452376033563,-8.414527638034192,-8.414527638034194,1.7763568394002505e-15,0.016187899093687008,-2.2090002439680267,3.566470064450907,6.2055273940661655,0.02889905073631029,0.48979100288432315,6.115705687852796
28,258,1.0,4439.689581655006,0.29541042234824016,8.693750161288746,-8.398339738940505,-8.398339738940505,0.0,-0.05586536412839216,-2.1936763140502817,3.565606095274962,6.204663424890222,0.02898435335703588,0.4897556005635581,6.114591691455131
28,259,1.0,4694.773290621357,0.2374744528205741,8.691679555889472,-8.454205103068897,-8.454205103068897,0.0,0.003618515461772276,-2.25261987280862,3.5625279006450192,6.201585230260278,0.028889044052710693,0.48966985841039,6.1108650714704345
28,260,1.0,4677.815879709382,0.24039460263454085,8.690981190241665,-8.450586587607125,-8.450586587607123,1.7763568394002505e-15,0.025879668146213675,-2.2491601877018,3.5623690702900643,6.201426399905323,0.028902612260351665,0.4896102884649927,6.110182534834416
28,261,1.0,4558.308631057304,0.26599943818424343,8.690706357645155,-8.424706919460911,-8.424706919460911,0.0,0.017313899163513113,-2.225255737372559,3.5603938524730916,6.199451182088351,0.02899832331901934,0.4894822427131328,6.107134225142214
28,262,1.0,4480.065833583595,0.2835365047068875,8.690929525004286,-8.407393020297398,-8.407393020297398,0.0,-0.059080649487611936,-2.208130631580176,3.5602050591019636,6.199262388717222,0.029031410212153518,0.48941183635041724,6.10632631335803
28,263,1.0,4752.726202628139,0.21997338090425483,8.686447050689264,-8.46647366978501,-8.466473669785008,1.7763568394002505e-15,0.06987668371557731,-2.269509230222163,3.557907109947588,6.196964439562848,0.028940636256547015,0.4893133551033658,6.103282901927612
28,264,1.0,4431.959038060024,0.2898312925184271,8.686428278587858,-8.396596986069433,-8.396596986069431,1.7763568394002505e-15,0.007063104770777429,-2.1979658155707122,3.559573840883462,6.198631170498721,0.02909361499065325,0.4891530632896245,6.103425356950716
28,265,1.0,4400.76593678421,0.29286535197539626,8.682399233274051,-8.389533881298656,-8.389533881298656,0.0,-0.027519268486321025,-2.1907615684558372,3.55971498322756,6.198772312842819,0.029126485394731224,0.4890032200507214,6.102226979921087
28,266,1.0,4523.553560000892,0.26009691855993977,8.677150068344913,-8.417053149784977,-8.417053149784973,3.552713678800501e-15,-0.13740868250012106,-2.21910074455634,3.558895075613377,6.197952405228635,0.0290554653355792,0.4889076368373751,6.100696505129939
28,267,1.0,5189.859125201547,0.11152762259071201,8.66598945487581,-8.554461832285098,-8.554461832285098,0.0,-0.022397589482569202,-2.358550807964115,3.556853694705724,6.195911024320982,0.02891652005666568,0.4887517175860623,6.097298217125854
28,268,1.0,5307.410984366263,0.08789486749741628,8.664754289265083,-8.576859421767667,-8.576859421767667,0.0,-0.09957571138226484,-2.382841885743404,3.554960206409004,6.194017536024263,0.028899382714119938,0.4887020187226848,6.095033791127073
28,269,1.0,5863.108092353257,-0.025500958440709445,8.65093417470922,-8.676435133149932,-8.67643513314993,1.7763568394002505e-15,0.0009083634068041135,-2.4816151634027883,3.5557626401318836,6.194819969747143,0.028917041039431404,0.48850149961076217,6.093905055784985
28,270,1.0,5857.784677675619,-0.02849713093116729,8.647029638811961,-8.675526769743128,-8.67552676974313,1.7763568394002505e-15,-0.089385225489643,-2.4810081981778493,3.55546124195002,6.194518571565278,0.028933120172172,0.48837866704135846,6.09254230658388
28,271,1.0,6405.498206052108,-0.12653285229905104,8.63837914293372,-8.76491199523277,-8.764911995232772,1.7763568394002505e-15,0.03794783697836657,-2.5707620500412522,3.5550926155762603,6.194149945191519,0.02886277774566607,0.4883850277028752,6.092100836936981
28,272,1.0,6166.977695622712,-0.09019504349972587,8.636769114754681,-8.726964158254404,-8.726964158254408,3.552713678800501e-15,0.04032205670019806,-2.5331235404622947,3.5547832881768504,6.193840617792111,0.0289165973125931,0.4882342029646039,6.090471741736222
28,273,1.0,5923.259108944449,-0.05003588539537068,8.636606216158835,-8.686642101554206,-8.686642101554206,0.0,0.03162806954023978,-2.493654002553383,3.553930769385565,6.192988099000823,0.029002915694650633,0.4880795964948116,6.088343997946718
28,274,1.0,5738.8494904179115,-0.017366306889574523,8.637647725124392,-8.655014032013966,-8.655014032013966,0.0,0.01030262741483945,-2.4628883682849354,3.553068334113772,6.192125663729031,0.02903442679392707,0.488002623708981,6.086924333076637
28,275,1.0,5680.027791648713,-0.008666032054751027,8.636045372544377,-8.644711404599127,-8.644711404599128,1.7763568394002505e-15,0.010143260765062223,-2.452940025096615,3.552714049887254,6.191771379502511,0.029012181884100686,0.48791102569193834,6.085797980485337
28,276,1.0,5622.705000090468,0.0062452604731064315,8.64081340430717,-8.634568143834064,-8.634568143834064,0.0,0.04667342962324916,-2.4455115380264694,3.549999276192337,6.189056605807595,0.028970340051841854,0.48793882667525507,6.083483486156595
28,277,1.0,5366.3041708072815,0.05521010873818645,8.643104822949002,-8.587894714210815,-8.587894714210815,0.0,0.03626748612921915,-2.397899425946458,3.5509379586490994,6.189995288264357,0.029006653707788706,0.48784654607152106,6.083649702786703
28,278,1.0,5175.168759232634,0.0916876978447125,8.643314925926308,-8.551627228081596,-8.551627228081596,0.0,-0.016458209247488753,-2.3612677556167996,3.5513021428495386,6.190359472464798,0.029077428361971826,0.48773388406011126,6.0830344319059595
28,279,1.0,5261.047536497299,0.06421534811791824,8.632300785447,-8.568085437329085,-8.568085437329083,1.7763568394002505e-15,0.013758806979968341,-2.376602498412709,3.5524256093011175,6.191482938916377,0.029072420358706667,0.4875642416110896,6.0825934873762515
28,280,1.0,5189.157493632398,0.07583923178332845,8.630165862132445,-8.554326630349117,-8.554326630349117,0.0,0.02775611882644924,-2.36284005540319,3.552429245330668,6.191486574945927,0.02910180871764939,0.48749056274752733,6.081993173809832
28,281,1.0,5047.107124632463,0.10376347325707702,8.630333984779744,-8.526570511522667,-8.526570511522667,0.0,-0.0233869328089078,-2.334298145706299,3.5532150362011095,6.192272365816367,0.02916765349618973,0.4873846608942348,6.081813695593861
28,282,1.0,5166.534557166142,0.07745890876943956,8.627416353101015,-8.549957444331575,-8.549957444331575,0.0,-0.02052791619778027,-2.3581945620709694,3.552705552645347,6.191762882260607,0.029168395118522424,0.48725774393344073,6.080181119844754
28,283,1.0,5273.688809512639,0.055408396644404445,8.62589375717376,-8.570485360529355,-8.570485360529355,0.0,0.0662765874495701,-2.380887110123892,3.5505409207902052,6.1895982504054645,0.02914674263444669,0.4872121277199829,6.077712063645663
28,284,1.0,4935.497577765001,0.1279338866333295,8.632142659713114,-8.504208773079785,-8.504208773079785,0.0,0.0413541422478545,-2.313296886245241,3.5518545572192854,6.190911886834543,0.0292469159189142,0.4871875883269732,6.078802679634845
28,285,1.0,4735.556988134929,0.17253755847967972,8.635392189311611,-8.46285463083193,-8.46285463083193,0.0,-0.08092451104410436,-2.2730024653768766,3.5507948358397954,6.189852165455053,0.02925675620422179,0.4872143923027619,6.078073322252323
28,286,1.0,5134.712548247107,0.07808472873976355,8.621863870615798,-8.543779141876035,-8.543779141876033,1.7763568394002505e-15,0.019398359582822877,-2.35506597887559,3.5496558333851858,6.188713163000444,0.029207133583913893,0.4869576067225275,6.07466961739492
28,287,1.0,5036.067418032784,0.09576695504357635,8.620147737336787,-8.524380782293212,-8.52438078229321,1.7763568394002505e-15,-0.017904955116318177,-2.3375267584311743,3.5477966942467796,6.186854023862039,0.02923866136432354,0.48683868042765815,6.071853755163239
28,288,1.0,5127.050068608106,0.07307237133450531,8.615358108744035,-8.54228573740953,-8.542285737409529,1.7763568394002505e-15,-0.01450359799952139,-2.3568775696062554,3.5463508381880153,6.185408167803273,0.029219304493131756,0.48675497273436963,6.0697032848563435
28,289,1.0,5201.952606877061,0.0545633199080231,8.611352655317074,-8.556789335409052,-8.55678933540905,1.7763568394002505e-15,0.021284992588277873,-2.370971750348773,3.546760255445022,6.1858175850602795,0.029190585497827985,0.48671574023465414,6.069793473742746
28,290,1.0,5092.399142609409,0.07629652927511635,8.61180087209589,-8.535504342820774,-8.535504342820772,1.7763568394002505e-15,0.038925080162231396,-2.352519132945371,3.5439278802601435,6.182985209875403,0.029226452737889434,0.4866725335783712,6.066792438149067
28,291,1.0,4897.985429188888,0.11957061054172591,8.616149873200268,-8.496579262658543,-8.496579262658543,0.0,-0.04581144750314792,-2.310765919280878,3.5467560137624052,6.185813343377665,0.029264855297124793,0.48671488533279067,6.0698934345338476
28,292,1.0,5127.588297413456,0.06305462955043638,8.605445339712128,-8.54239071016169,-8.542390710161692,1.7763568394002505e-15,0.029022302296915825,-2.358477209822722,3.544856170723709,6.183913500338968,0.02925272376322106,0.48649687181448525,6.066167077434433
28,293,1.0,4980.912608083072,0.09410073286031695,8.607469140725092,-8.513368407864775,-8.513368407864775,0.0,-0.011776727091302064,-2.330507857549079,3.543803220700437,6.182860550315695,0.02924872584025852,0.4865399655597185,6.065637714799418
28,294,1.0,5039.918221072416,0.07963976190500033,8.604784896861075,-8.525145134956077,-8.525145134956075,1.7763568394002505e-15,0.02457079291464126,-2.34434295456132,3.541744850779498,6.180802180394757,0.02925978495101565,0.486365177237027,6.062079497110607
28,295,1.0,4917.59240943767,0.10268579028839148,8.603260132329828,-8.500574342041435,-8.500574342041435,0.0,0.004130321616928612,-2.3201849239481613,3.541332088478015,6.180389418093273,0.02930981266432057,0.48623290608522146,6.060551215452445
28,296,1.0,4897.323059488355,0.10518532541721004,8.601629345841715,-8.496444020424507,-8.496444020424505,1.7763568394002505e-15,-0.008674209629882412,-2.3160205271743584,3.5413661636348897,6.1804234932501485,0.02933824524074085,0.48606991676707384,6.059083123242047
28,297,1.0,4939.988242183752,0.08834956642131925,8.59346779647571,-8.50511823005439,-8.505118230054391,1.7763568394002505e-15,-0.023054843553209636,-2.324577437084976,3.5414834633541545,6.180540792969414,0.029361634172736035,0.4858787822903585,6.057573264095021
28,298,1.0,5055.201911615917,0.05992142152746391,8.588094495135064,-8.528173073607599,-8.528173073607599,0.0,-0.011845312514656925,-2.3473314326348804,3.5417843113574596,6.180841640972718,0.029322676425494867,0.4857481408570594,6.056734438910953
28,299,1.0,5115.43841385981,0.04763088025008243,8.587649266372338,-8.540018386122256,-8.540018386122256,0.0,0.029875091394881537,-2.360385926952971,3.5405751295540284,6.1796324591692855,0.029339133232558438,0.48568048150981874,6.0549331630422065
28,300,1.0,4964.874477688538,0.08078949487679865,8.590932789604171,-8.510143294727374,-8.510143294727373,1.7763568394002505e-15,-0.04031578541917469,-2.3311656748548777,3.5399202902572378,6.178977619872497,0.029349863837386844,0.48566016561882813,6.054241243972494
28,301,1.0,5169.126926097511,0.035861188868358665,8.586320269014907,-8.550459080146549,-8.550459080146549,0.0,0.061820680198710676,-2.3705945916747697,3.54080715885652,6.17986448847178,0.029289808106755185,0.48564275604976515,6.054934930814178
28,302,1.0,4859.245218255752,0.10355222793878445,8.592190627886625,-8.488638399947838,-8.48863839994784,1.7763568394002505e-15,-0.020966164978350577,-2.307252156253103,3.542328914079476,6.181386243694736,0.029397375752559306,0.4856641259748685,6.056635025945264
28,303,1.0,4962.200472196162,0.07788231770802387,8.587486882634213,-8.509604564926189,-8.509604564926189,0.0,0.004306232384310604,-2.3273037083973414,3.5432435269135887,6.1823008565288475,0.029379475381280815,0.4855698411972143,6.056780196919407
28,304,1.0,4940.878026478113,0.08026006196814973,8.585558394510025,-8.505298332541878,-8.505298332541875,3.552713678800501e-15,-0.0029194871275866063,-2.321718102138795,3.5445229007878245,6.183580230403083,0.029442971876346924,0.48551931991490255,6.057590041756991
28,305,1.0,4955.323933334258,0.07472893415208506,8.582946753821549,-8.508217819669465,-8.508217819669463,1.7763568394002505e-15,-0.05509052445330376,-2.3228994981092055,3.5462609919450006,6.185318321560259,0.02946083682434111,0.4854833584587375,6.058992055913824
28,306,1.0,5235.974956758721,0.013161978069428745,8.576470322192197,-8.563308344122769,-8.563308344122769,0.0,-0.04672964620175968,-2.3801799702930175,3.5440710442144914,6.18312837382975,0.02936498135378106,0.4853354551023785,6.055528242394381
28,307,1.0,5486.457106127321,-0.04191734134093636,8.56812064898359,-8.610037990324528,-8.610037990324527,1.7763568394002505e-15,0.028987392322081362,-2.4227388947780986,3.5482417659311714,6.187299095546431,0.029342959792721654,0.48517662729712985,6.05811377156697
28,308,1.0,5329.701959223999,-0.008387319562940296,8.572663278439506,-8.581050598002447,-8.581050598002447,0.0,-0.018460897678378885,-2.395662655253023,3.5463306131341654,6.185387942749425,0.029447624442543112,0.48518827356940414,6.056398138366638
28,309,1.0,5429.006850182834,-0.03241760714270776,8.567093888538118,-8.599511495680826,-8.599511495680826,0.0,0.026677583512906722,-2.4162006551279265,3.5442535109376405,6.183310840552899,0.029421779584004288,0.4850695966809014,6.053427059077594
28,310,1.0,5286.088895428948,-0.005608668754475923,8.567225243413441,-8.57283391216792,-8.572833912167917,1.7763568394002505e-15,-0.0025862366232320966,-2.3902906428444686,3.5434859397081904,6.182543269323449,0.029433311705857428,0.4850068622491608,6.052212507144287
28,311,1.0,5299.777665693552,-0.011763213624529853,8.563656935166623,-8.575420148791151,-8.575420148791153,1.7763568394002505e-15,-0.009803140264539323,-2.3904780413542133,3.545884777821679,6.184942107436938,0.029452491913632077,0.4850046422569744,6.0545950332883285
28,312,1.0,5351.987622163608,-0.026280711249007785,8.55894257780668,-8.58522328905569,-8.585223289055689,1.7763568394002505e-15,0.009295481892234392,-2.4060674174749415,3.5400985419654902,6.179155871580748,0.029463209965112147,0.4847890264995199,6.047099166189499
28,313,1.0,5302.468825233931,-0.02120217939718931,8.554725627766269,-8.575927807163456,-8.575927807163458,1.7763568394002505e-15,-0.09575283472526053,-2.399659738898685,3.537210738649513,6.176268068264771,0.0294488290128764,0.4845249991557911,6.041987415259868
28,314,1.0,5835.298159593124,-0.131139118593959,8.54054152329476,-8.671680641888717,-8.671680641888718,1.7763568394002505e-15,0.0378931012929975,-2.497372439613625,3.535250872659833,6.174308202275092,0.029436726459032676,0.48429827844659795,6.037911455402065
28,315,1.0,5618.317610986996,-0.08924988409082418,8.544537656504893,-8.63378754059572,-8.633787540595717,1.7763568394002505e-15,-0.02758508120195735,-2.4591826558521928,3.5355475551282676,6.174604884743525,0.029488605804467438,0.4841974701679345,6.037347600396061
28,316,1.0,5775.456742065171,-0.12728028275277614,8.5340923390449,-8.661372621797677,-8.661372621797677,0.0,-0.038285346670406284,-2.4883297377477978,3.533985554434621,6.173042884049879,0.02952308189904032,0.4839158582793611,6.033306044811181
28,317,1.0,6000.859383086414,-0.1700827204494651,8.529575248018618,-8.699657968468083,-8.699657968468083,0.0,-0.09438678181085791,-2.5247890254273018,3.5358116134255235,6.174868943040781,0.029496786960652773,0.4839058162848417,6.034884027035635
28,318,1.0,6594.852835058025,-0.2829753891062967,8.511069361172645,-8.79404475027894,-8.79404475027894,0.0,0.011142293465756126,-2.616768034665566,3.5382193859981155,6.177276715613375,0.02948654269147755,0.4837926942584455,6.036029894760724
28,319,1.0,6521.778910973111,-0.2718819187628243,8.51102053805036,-8.782902456813185,-8.782902456813185,0.0,-0.00552526616144533,-2.6063282941908628,3.537516833007061,6.1765741626223205,0.029504574135665245,0.4836880511264069,6.0346024245481145
28,320,1.0,6557.913209182618,-0.28226903399438746,8.506158688980243,-8.78842772297463,-8.78842772297463,0.0,0.010452915805991836,-2.611621756302541,3.5377486370568314,6.176805966672091,0.029608872354949828,0.48348511900716024,6.0329706726716665
28,321,1.0,6489.720919584191,-0.2699677737257241,8.508007033442915,-8.777974807168638,-8.77797480716864,1.7763568394002505e-15,0.07496690698759068,-2.599994430423767,3.538923047129614,6.177980376744872,0.02961139523419061,0.48346389115006155,6.034026510194039
28,322,1.0,6020.99556081828,-0.18589561142479855,8.517112288756248,-8.703007900181047,-8.703007900181047,0.0,0.007798154620520137,-2.5288727676597973,3.535077802905991,6.17413513252125,0.029577933795368307,0.4833671307232582,6.029675428461806
28,323,1.0,5974.225503546431,-0.17987348253932195,8.515336263021204,-8.695209745560527,-8.695209745560526,1.7763568394002505e-15,-0.13515306606995026,-2.522276855947973,3.5338755599972953,6.172932889612555,0.02962727997819449,0.48325851335104314,6.027644704463856
28,324,1.0,6838.767549981407,-0.3436525230284859,8.48671028860199,-8.830362811630478,-8.830362811630476,1.7763568394002505e-15,-0.032749435152068074,-2.6555556108855347,3.535749871129684,6.174807200744944,0.02966137051058169,0.48296086429951807,6.026395900678513
28,325,1.0,7066.441065454428,-0.3876554438563161,8.475456802926228,-8.863112246782546,-8.863112246782544,1.7763568394002505e-15,-0.004739284507111918,-2.689601349782343,3.5344535673849435,6.173510897000203,0.029742789115093208,0.48277601980896856,6.023284131506389
28,326,1.0,7100.010424655437,-0.39632213934375227,8.471529391945907,-8.867851531289658,-8.86785153128966,1.7763568394002505e-15,-0.034084250845843655,-2.6969656931153727,3.531828508559026,6.170885838174285,0.029740713169915133,0.48267028727369404,6.019730177303546
28,327,1.0,7346.18038879754,-0.4361759659317762,8.465759816203725,-8.901935782135501,-8.901935782135501,0.0,-0.0597559030479875,-2.7281015772534865,3.5347768752667563,6.173834204882016,0.029734557598009952,0.4825969911682806,6.021897803158438
28,328,1.0,7798.538982393944,-0.5170343869156422,8.444657298267849,-8.961691685183489,-8.96169168518349,1.7763568394002505e-15,-0.025853898288954014,-2.78429090381333,3.5383434517549,6.177400781370159,0.029883577775839984,0.4823220745892453,6.0224850536842345
28,329,1.0,8002.790589082314,-0.5526798957592304,8.434865687713213,-8.987545583472443,-8.987545583472443,0.0,0.044196363767163405,-2.8099708255485507,3.5385174283086327,6.1775747579238915,0.029937622502568602,0.48219150617953355,6.021330797206813
28,330,1.0,7656.798459632567,-0.49628634773559477,8.447062871969685,-8.94334921970528,-8.94334921970528,0.0,0.01746473311614949,-2.7685302228729762,3.535761667217044,6.174818996832302,0.029873746049363197,0.48213598775671057,6.018563954172616
28,331,1.0,7524.235476054337,-0.48011207155681324,8.445772415032316,-8.92588448658913,-8.92588448658913,0.0,0.0206912383497464,-2.7537896166586364,3.5330375403152345,6.172094869930492,0.029887940341082636,0.4818571080267156,6.013416254613951
28,332,1.0,7370.149340235765,-0.4606665962690348,8.44452665197035,-8.905193248239383,-8.905193248239383,0.0,-0.013772509522924636,-2.7313921755688035,3.534743743055322,6.17380107267058,0.029983698045186802,0.48161562073158604,6.012957971343878
28,333,1.0,7472.357004650714,-0.481644536492993,8.437321221269315,-8.918965757762308,-8.918965757762308,0.0,0.00593243596937576,-2.73988399717695,3.540024430970099,6.179081760585359,0.029979501519763627,0.48144120840827254,6.016456107791158
28,334,1.0,7428.158955852219,-0.47701253205182004,8.43602078974111,-8.913033321792932,-8.91303332179293,1.7763568394002505e-15,0.0036787061725007675,-2.7343798354262234,3.5395961567514505,6.178653486366708,0.030013962816462916,0.4813678315658603,6.015459926439275
28,335,1.0,7400.883142262939,-0.4842688103986198,8.425085805221816,-8.909354615620432,-8.909354615620435,3.552713678800501e-15,0.04717366291965597,-2.7315461853124257,3.538751100692749,6.177808430308007,0.0299656610870515,0.48117273799203936,6.012637901791446
28,336,1.0,7059.863194152725,-0.4269814377193777,8.435199514981399,-8.862180952700776,-8.862180952700776,0.0,0.07404605941182396,-2.686790141670531,3.5363334814149856,6.175390811030245,0.0298493105740922,0.4812164621938032,6.011207331598356
28,337,1.0,6555.993138659409,-0.3416053619345371,8.446529531354413,-8.788134893288952,-8.78813489328895,1.7763568394002505e-15,-0.05079109333069631,-2.617752443125423,3.53132512054827,6.170382450163529,0.029896649730904737,0.48110944805131667,6.00583690908774
28,338,1.0,6897.580566913841,-0.39838259241074825,8.4405433942089,-8.838925986619648,-8.838925986619648,0.0,0.012216465207163907,-2.6695646542512326,3.5303040027531583,6.169361332368417,0.029821742789262903,0.48107146215496926,6.004396152565396
28,339,1.0,6813.8291287698385,-0.38304122231918547,8.443668299093298,-8.826709521412484,-8.826709521412484,0.0,-0.009178136028705097,-2.6610998038097025,3.5265523879875222,6.1656097176027815,0.029958276653947173,0.48089337540986615,5.999359672945934
28,340,1.0,6876.655251712058,-0.39693745639924594,8.438950201041944,-8.835887657441189,-8.83588765744119,1.7763568394002505e-15,-0.019176683485280677,-2.6702083646991475,3.5266219631267828,6.165679292742041,0.029942796527242046,0.48073625316734053,5.998062673778534
28,341,1.0,7009.7992427685895,-0.4191392656465518,8.435925075279917,-8.85506434092647,-8.855064340926468,1.7763568394002505e-15,0.041754302956139355,-2.6904432770166653,3.5255637342945456,6.164621063909804,0.030029309839645843,0.480642437908719,5.996233084230679
28,342,1.0,6723.136313577108,-0.38224125659985675,8.431068781370477,-8.81331003797033,-8.813310037970334,3.552713678800501e-15,-0.02950878497405718,-2.645889125595404,3.52836358275967,6.167420912374929,0.029923582761541407,0.4803823560558584,5.996727989516065
28,343,1.0,6924.484050551727,-0.4100108903816496,8.432807932562739,-8.842818822944388,-8.842818822944388,0.0,0.051190949986350986,-2.6823212498751716,3.521440243453958,6.1604975730692155,0.030080960850357094,0.48031568452447954,5.989456182292247
28,344,1.0,6578.9331305419755,-0.3462860194046448,8.445341853553392,-8.791627872958037,-8.791627872958037,0.0,-0.03160094791199697,-2.6325463362515875,3.52002420709119,6.159081536706448,0.030070326866425807,0.48035323371818206,5.9888212423807134
28,345,1.0,6790.153457888508,-0.38632275275333433,8.436906068116697,-8.823228820870034,-8.823228820870032,1.7763568394002505e-15,0.030489040422883917,-2.660342551854747,3.5238289394000284,6.162886269015287,0.030021696161290176,0.4803004280068121,5.992053397169428
28,346,1.0,6586.252363961339,-0.35073805292983673,8.442001727517312,-8.79273978044715,-8.792739780447148,1.7763568394002505e-15,0.020374899099923738,-2.6313156905698034,3.5223667602620874,6.1614240898773485,0.03001198460473718,0.48017411804866955,5.989723455489548
28,347,1.0,6453.415995801782,-0.3337840114283154,8.438580869918908,-8.772364881347226,-8.772364881347224,1.7763568394002505e-15,-0.012846172961197055,-2.6106119067874487,3.5226956449445175,6.161752974559777,0.02996670715259577,0.4800116101916479,5.988717193205157
28,348,1.0,6536.852466122626,-0.35741173131248155,8.427799322995943,-8.785211054308423,-8.785211054308425,1.7763568394002505e-15,-0.005559237658182781,-2.621641673498877,3.524512051194287,6.163569380809546,0.02994357012930113,0.47976471364259543,5.988253341320793
28,349,1.0,6573.293581076169,-0.369906874081831,8.420863417884773,-8.790770291966606,-8.790770291966604,1.7763568394002505e-15,-0.0076915499905716445,-2.6286623208748208,3.523050641476526,6.162107971091785,0.029993223743927627,0.4796365238149115,5.985666054269177
28,350,1.0,6624.047334558269,-0.37905692375845945,8.419404918198717,-8.798461841957177,-8.798461841957177,0.0,-0.10286480066252501,-2.6397832766558236,3.5196212356860954,6.158678565301353,0.03013734046613219,0.4795561932692749,5.981536460010823
28,351,1.0,7341.7069026594545,-0.5102884613929735,8.39103818122673,-8.901326642619702,-8.901326642619702,0.0,0.08716239859200847,-2.738888631575557,3.523380681428887,6.162438011044146,0.030136967608309008,0.47918355803846346,5.98132448797522
28,352,1.0,6728.881710867875,-0.39864318125088605,8.415521062776808,-8.814164244027694,-8.814164244027694,0.0,-0.010690818743976038,-2.6571091791693067,3.517997735243129,6.157055064858388,0.030207123170268767,0.47918768756904884,5.976780744807767
28,353,1.0,6801.204873662364,-0.4165793700409729,8.408275692730697,-8.82485506277167,-8.82485506277167,0.0,-0.00511790749430574,-2.6662318590480525,3.5195658741083595,6.15862320372362,0.03021298839946545,0.47908047020977723,5.977317255474489
28,354,1.0,6836.102035105944,-0.42373288377855645,8.406240086487418,-8.829972970265976,-8.829972970265976,0.0,-0.01901577572712121,-2.670465207882601,3.5204504327681154,6.159507762383375,0.030190997928661485,0.47894386030528363,5.976981311462802
28,355,1.0,6967.339656238288,-0.4490674924383577,8.39992125355474,-8.848988745993097,-8.848988745993099,1.7763568394002505e-15,0.03908505274352159,-2.6853074305059392,3.524623985871899,6.163681315487159,0.030159586698758307,0.47885978495097686,5.980372763443422
28,356,1.0,6700.273954333139,-0.40880873438123716,8.40109495886834,-8.809903693249575,-8.809903693249577,1.7763568394002505e-15,0.05878171963599321,-2.648464882979137,3.522381480655181,6.16143881027044,0.0301759273694949,0.4787062312310387,5.976916124700821
28,357,1.0,6317.772507141076,-0.33509848926817415,8.416023484345404,-8.751121973613582,-8.751121973613579,3.552713678800501e-15,0.07647695206258831,-2.595490725191365,3.5165739188069582,6.1556312484222175,0.03021121245254614,0.478642304506029,5.970989371325267
28,358,1.0,5852.621863111864,-0.24765502743317644,8.426989994117816,-8.674645021550994,-8.674645021550992,1.7763568394002505e-15,0.006917331289127304,-2.524948719014423,3.510638972921312,6.149696302536571,0.030244134903118114,0.4784681398253121,5.963985538914514
28,359,1.0,5812.2770389052375,-0.23956240826365272,8.428165281998215,-8.667727690261867,-8.667727690261868,1.7763568394002505e-15,-0.046094904842192364,-2.5189044244511285,3.509765936195479,6.148823265810739,0.030272243365726842,0.4783582713279146,5.962201721704522
28,360,1.0,6086.4641643419445,-0.3035085952301109,8.410313999873948,-8.713822595104059,-8.713822595104059,0.0,0.003166967967235479,-2.5642415143652815,3.510523751123519,6.149581080738778,0.030347551899898326,0.4781666881431449,5.961168961354831
28,361,1.0,6067.219017766341,-0.3050485647150139,8.405607062421808,-8.710655627136823,-8.710655627136822,1.7763568394002505e-15,0.06674735463782078,-2.5613526842511694,3.5102456132703956,6.1493029428856545,0.030376885193323253,0.47787964803739286,5.958253606699936
28,362,1.0,5675.467810378415,-0.21608460172454735,8.427823670774458,-8.643908272499003,-8.643908272499006,3.552713678800501e-15,-0.07323185357829054,-2.4948385119781125,3.5100124309056318,6.14906976052089,0.030401465661654088,0.47792865799352924,5.95849216361677
28,363,1.0,6106.689728642411,-0.30320064451737905,8.413939481559915,-8.717140126077293,-8.717140126077293,0.0,0.011116216263602041,-2.568973320270914,3.509109476191121,6.148166805806379,0.03048419894728676,0.47769305141887314,5.955389095097187
28,364,1.0,6039.182353412576,-0.2946543167007749,8.41136959311292,-8.706023909813691,-8.706023909813695,3.552713678800501e-15,-0.02778170333482244,-2.559685558216834,3.507281021981598,6.1463383515968575,0.030513665973872697,0.47753032942693996,5.95245366944063
28,365,1.0,6209.313449306179,-0.33073386271707605,8.403071750431437,-8.733805613148514,-8.733805613148514,0.0,-0.028097235656694863,-2.5869799964188736,3.507768287114382,6.146825616729641,0.030567434710790754,0.47736086024367513,5.951243990650143
28,366,1.0,6386.252095713426,-0.3667466973459478,8.395156151459265,-8.761902848805208,-8.761902848805212,3.552713678800501e-15,-0.055727253904182206,-2.6150503939475556,3.5077951252423936,6.146852454857653,0.0306178029462669,0.47714426433834906,5.949329756486525
28,367,1.0,6752.243524951159,-0.43959163751780067,8.378038465191587,-8.81763010270939,-8.817630102709387,3.552713678800501e-15,0.04017886139910054,-2.670437085555821,3.508135687538311,6.14719301715357,0.03061545807842729,0.4769169954713665,5.947527484609469
28,368,1.0,6486.324012610342,-0.39714239563215703,8.380308845678137,-8.77745124131029,-8.777451241310294,3.552713678800501e-15,0.030038971701584316,-2.6315980346196564,3.506795877075375,6.145853206690633,0.03062857860079519,0.4767219176740626,5.9445606334750085
28,369,1.0,6294.378859751571,-0.3671091335754366,8.380303136033273,-8.747412269608706,-8.74741226960871,3.552713678800501e-15,-0.040751816118593354,-2.5984984986243163,3.5098564413691307,6.14891377098439,0.030675149330568453,0.4766519803290079,5.947035792065953
28,370,1.0,6556.184526878448,-0.4164588555041049,8.371705230223196,-8.7881640857273,-8.788164085727301,1.7763568394002505e-15,0.04233683036040503,-2.6407513058484753,3.5083554502635654,6.147412779878826,0.030681604995528855,0.47643387210788996,5.943547420429769
28,371,1.0,6284.410082029851,-0.36807725213589804,8.377750003230997,-8.745827255366894,-8.745827255366894,0.0,0.05027766782890275,-2.5995352816685675,3.507234644083067,6.146291973698326,0.030648592136743206,0.4762389771659489,5.940982859738006
28,372,1.0,5976.256141183784,-0.29890638957610693,8.396643197961884,-8.695549587537991,-8.695549587537991,0.0,-0.008830804319122976,-2.5512568444730728,3.5052354134496615,6.144292743064922,0.030693499880364218,0.47626534541585586,5.939564631596119
28,373,1.0,6029.26500067771,-0.3083468641168352,8.396033527740277,-8.704380391857114,-8.704380391857113,1.7763568394002505e-15,0.026883212087664532,-2.5581093124090093,3.507213749832846,6.1462710794481055,0.030717543739367352,0.4762003247897927,5.940899360197615
28,374,1.0,5869.338294279454,-0.2767299161782624,8.40076726359119,-8.67749717976945,-8.677497179769452,1.7763568394002505e-15,0.07787330814124971,-2.5351204255037607,3.5033194246504302,6.1423767542656895,0.030770689377617948,0.4760329384472673,5.936033018487231
28,375,1.0,5429.616974251912,-0.18681359770149386,8.412810273926704,-8.5996238716282,-8.599623871628198,1.7763568394002505e-15,0.06952037216983875,-2.4599997140409835,3.5005668279719577,6.139624157587217,0.03086985366969308,0.47586348787071947,5.932172270792326
28,376,1.0,5064.9700293469705,-0.10899474879696026,8.4211087506614,-8.530103499458361,-8.53010349945836,1.7763568394002505e-15,0.06166851969727638,-2.3917811460019403,3.4992650238411622,6.138322353456422,0.030943076938494043,0.47572598197820043,5.929816012468395
28,377,1.0,4762.056919165552,-0.03880792623624155,8.429627053524845,-8.468434979761085,-8.468434979761087,1.7763568394002505e-15,0.01642938050966336,-2.328364282742356,3.50101336740347,6.140070697018729,0.031036402331561217,0.47561442747686866,5.930302560359487
28,378,1.0,4684.4584667521285,-0.02015427238174168,8.431851326869682,-8.452005599251422,-8.452005599251423,1.7763568394002505e-15,-0.03833628546466805,-2.310763978130215,3.502184291505948,6.141241621121206,0.031109365721788313,0.4754687349614793,5.930125968261656
28,379,1.0,4867.529922900912,-0.07245362792843578,8.417888256787654,-8.49034188471609,-8.49034188471609,0.0,-0.08329336685451949,-2.3529295059252755,3.498355049175555,6.137412378790814,0.03106499947642994,0.4752350925293262,5.924631351707598
28,380,1.0,5290.326544417772,-0.1694429350904581,8.404192316480152,-8.57363525157061,-8.573635251570611,1.7763568394002505e-15,-0.0728916209740813,-2.4380682671462144,3.4965096548091354,6.135566984424393,0.030978840587155394,0.4750575085797244,5.9211919379101206
28,381,1.0,5690.349066171045,-0.26551405371345194,8.381012818831238,-8.64652687254469,-8.64652687254469,0.0,-0.06491627280767354,-2.5104473668116563,3.497022176117776,6.136079505733035,0.030987713779824125,0.47472752403069174,5.918539584663094
28,382,1.0,6071.998945153415,-0.3447852538337857,8.366657891518578,-8.711443145352364,-8.711443145352364,0.0,-0.04705515889949474,-2.572939369564406,3.499446446172699,6.138503775787958,0.030990803113282818,0.474530983174792,5.918732570936688
28,383,1.0,6364.546785238299,-0.41970694680219245,8.338791357449665,-8.758498304251859,-8.758498304251857,1.7763568394002505e-15,-0.02757961915028062,-2.616694611413297,3.502746363223303,6.141803692838563,0.03104018068657266,0.47424695619392854,5.9188680693261375
28,384,1.0,6542.521518303745,-0.461010333425824,8.325067589976317,-8.78607792340214,-8.786077923402141,1.7763568394002505e-15,-0.01964247776333039,-2.641433465901581,3.5055871278852995,6.14464445750056,0.031114195261551666,0.47420774880567174,5.9209410201838395
28,385,1.0,6672.303296844038,-0.49510781994390707,8.310612581221562,-8.80572040116547,-8.80572040116547,0.0,0.026075504454587062,-2.65579225939285,3.510870812157361,6.1499281417726195,0.031116744271585745,0.4741860487506921,5.925301963333297
28,386,1.0,6500.5683902264,-0.4659782271244018,8.313666669586478,-8.779644896710883,-8.77964489671088,1.7763568394002505e-15,0.0770472905506967,-2.6317531149819233,3.5088344521137023,6.147891781728963,0.031202331698906374,0.47403029105862354,5.922078512513431
28,387,1.0,6018.5256890615,-0.3566481930469917,8.345949413113193,-8.702597606160186,-8.702597606160184,1.7763568394002505e-15,-0.022645283775133862,-2.5637554350054836,3.499784841539443,6.138842171154702,0.03103920691428927,0.47400472409437555,5.914359261239091
28,388,1.0,6156.371802703032,-0.39166130638617536,8.333581583549144,-8.72524288993532,-8.72524288993532,0.0,-0.04602589563873494,-2.585084983806811,3.5011005765132492,6.140157906128509,0.03102135735040912,0.47393286365705634,5.914973510188167
28,389,1.0,6446.346309040971,-0.4574556580422643,8.313813127531791,-8.771268785574055,-8.771268785574055,0.0,0.0411820865286856,-2.629914117226466,3.50229733873233,6.14135466834759,0.03108715282673933,0.4736888175724097,5.913422123414245
28,390,1.0,6186.264431172607,-0.40049045601583255,8.329596243029535,-8.73008669904537,-8.730086699045367,1.7763568394002505e-15,0.10366348408597936,-2.591487886850873,3.499541482579236,6.138598812194494,0.031077903267462056,0.4736050778319059,5.910741386815817
28,391,1.0,5577.094467204039,-0.2680573342014282,8.35836588075796,-8.62642321495939,-8.626423214959388,1.7763568394002505e-15,-0.00472430906471466,-2.488357720132383,3.499008165211747,6.138065494827005,0.03112565744257339,0.4736706378073223,5.911431374028274
28,392,1.0,5603.504721130172,-0.27887451305933275,8.352273010964769,-8.631147524024104,-8.631147524024101,3.552713678800501e-15,-0.08764516755831941,-2.4899877188092825,3.502102475599563,6.141159805214821,0.031108006424901278,0.4736301431426635,5.91412075492483
28,393,1.0,6116.789776635385,-0.39406120847219006,8.324731483110234,-8.718792691582424,-8.718792691582424,0.0,-0.05262630726838324,-2.5793297261744703,3.5004056357926947,6.139462965407953,0.03109444693901975,0.47331409900980315,5.909238980573278
28,394,1.0,6447.314708574539,-0.46102378162285124,8.310395217227954,-8.771418998850807,-8.771418998850805,1.7763568394002505e-15,0.12748079331551132,-2.633209174918503,3.4991524943170424,6.138209823932301,0.031095039897572715,0.4730081057308058,5.904760900715502
28,395,1.0,5675.637696904963,-0.2912997264061011,8.352638479129194,-8.643938205535296,-8.643938205535296,0.0,0.009346602997554854,-2.5080975911552748,3.496783284764762,6.135840614380022,0.03107932023512427,0.4731454572841171,5.904584408483833
28,396,1.0,5622.836903008057,-0.2739992215816452,8.360592380956097,-8.634591602537741,-8.634591602537743,1.7763568394002505e-15,-0.0020515231218070085,-2.499430377087491,3.4961038958349917,6.135161225450251,0.031095988068844387,0.4730960985285543,5.903667551434274
28,397,1.0,5634.384123569769,-0.26826670806237934,8.368376417597169,-8.636643125659548,-8.636643125659548,0.0,-0.02923072462332854,-2.505034560176075,3.492551235868213,6.131608565483471,0.03118014124726342,0.4729676526100528,5.8994694810968245
28,398,1.0,5801.511988784737,-0.3011309328633805,8.3647429174195,-8.665873850282876,-8.66587385028288,3.552713678800501e-15,-0.024919406692557544,-2.538824069319312,3.487992451348307,6.127049780963566,0.03119906250205248,0.4727754611775167,5.8936317274799475
28,399,1.0,5947.89858386838,-0.33237179844129494,8.358421458534142,-8.690793256975434,-8.690793256975438,3.552713678800501e-15,0.017997903433393247,-2.562816456848877,3.4889194705113,6.127976800126559,0.03119860618096019,0.4726025218156293,5.893050708967503
28,400,1.0,5841.806461218146,-0.3117953499296161,8.361000003612425,-8.67279535354204,-8.67279535354204,0.0,-0.010764678420677853,-2.543995016848132,3.489743007078648,6.128800336693907,0.031164142471409646,0.47245966828803343,5.892651318501725
28,401,1.0,5905.031316254102,-0.325465972711231,8.358094059251487,-8.683560031962719,-8.683560031962717,1.7763568394002505e-15,0.06385412422105574,-2.5554284161757557,3.4890742861717023,6.128131615786961,0.031083130195355302,0.472288709020596,5.890431019630637
28,402,1.0,5539.756954453336,-0.2512405598543641,8.368465347887296,-8.619705907741663,-8.619705907741661,1.7763568394002505e-15,0.04624546029782195,-2.4909871601798073,3.489661417946597,6.128718747561857,0.03111997672352478,0.47211600586454167,5.889556621897136
28,403,1.0,5289.401854328035,-0.20121315603845613,8.372247291405385,-8.573460447443841,-8.573460447443841,0.0,0.0002576832051417455,-2.4423122653064655,3.492090852522119,6.131148182137378,0.03109807483553153,0.4720244401794947,5.89121725573604
28,404,1.0,5288.039039899661,-0.19921100466430716,8.373991759574396,-8.5732027642387,-8.573202764238703,3.552713678800501e-15,-0.024747247078623857,-2.4494309149686795,3.4847145196547618,6.12377184927002,0.031287247264874064,0.47173439380889576,5.8818417876214415
28,405,1.0,5420.536156026281,-0.23183061591693382,8.366119395400393,-8.597950011317323,-8.597950011317327,3.552713678800501e-15,0.007057458867130606,-2.4731678338924077,3.485724847809657,6.124782177424916,0.031218068620286987,0.47161916142963134,5.8818043007720435
28,406,1.0,5382.415620348242,-0.22324804047877125,8.36764451197142,-8.590892552450192,-8.59089255245019,1.7763568394002505e-15,0.041043965041364316,-2.467215853667674,3.4846193691672602,6.1236766987825195,0.03130547604007518,0.4712787389577758,5.877846852669643
28,407,1.0,5165.972174723158,-0.18108378838091588,8.368764799027913,-8.549848587408828,-8.549848587408828,0.0,-0.003180203108270163,-2.4256280287816208,3.4851632290119485,6.124220558627208,0.031346400862461814,0.4710620195565053,5.87658314037176
28,408,1.0,5182.427166730418,-0.18882175445261173,8.364207036064485,-8.553028790517098,-8.553028790517097,1.7763568394002505e-15,0.02010563160339629,-2.4266095543945343,3.4873619065073056,6.126419236122564,0.03126561782940588,0.47087890203510296,5.876973141412691
28,409,1.0,5079.2716733887555,-0.16389406423544672,8.369029094678256,-8.532923158913702,-8.532923158913702,0.0,-0.014572578880304832,-2.405139443806612,3.4887263854918324,6.127783715107092,0.03131391650947708,0.4707128285185991,5.876840158353136
28,410,1.0,5153.831707029745,-0.18129628597508785,8.366199451818918,-8.547495737794007,-8.547495737794007,0.0,-0.007543077068156379,-2.4208742412606696,3.4875641669180766,6.1266214965333345,0.03128268395584904,0.4705463260694986,5.8743067273297935
28,411,1.0,5192.854447535515,-0.19535124476466903,8.359687570097494,-8.555038814862163,-8.555038814862163,0.0,-0.04177435033193255,-2.4296341233457777,3.486347361901125,6.125404691516385,0.0312988867462233,0.47038742318858884,5.87181014388078
28,412,1.0,5414.377341986739,-0.24620509873264249,8.35060806646145,-8.596813165194096,-8.596813165194094,1.7763568394002505e-15,-0.028712835463482023,-2.478333752671722,3.479422082907115,6.118479412522374,0.03141351052331974,0.4699948740003748,5.861658890121264
28,413,1.0,5572.092862376723,-0.27615647497294593,8.349369525684633,-8.625526000657578,-8.62552600065758,1.7763568394002505e-15,-0.06832122460971668,-2.5094537216901065,3.4770149493522124,6.116072278967471,0.03151387017544847,0.46973105834157514,5.856783663497952
28,414,1.0,5966.091043003718,-0.36439076543853727,8.329456459828757,-8.693847225267294,-8.693847225267294,0.0,0.029004623121997142,-2.5754224158411967,3.4793674798108394,6.118424809426097,0.03141728904315373,0.4694005497255382,5.855827040500975
28,415,1.0,5795.532274165873,-0.32256797703716245,8.342274625108136,-8.664842602145297,-8.664842602145297,0.0,0.017877261214122697,-2.5445276774475962,3.4812575950824396,6.120314924697699,0.031449393449709484,0.469307349514079,5.856671180757407
28,416,1.0,5692.844651422251,-0.3006056728725844,8.346359668058588,-8.646965340931175,-8.646965340931173,1.7763568394002505e-15,-0.025620677672876013,-2.528137599348349,3.4797704119675674,6.118827741582827,0.03159873530735572,0.46909998023807653,5.853391840943791
28,417,1.0,5840.5836950131525,-0.3378438126718696,8.33474220593218,-8.67258601860405,-8.672586018604049,1.7763568394002505e-15,-0.04363995322477621,-2.555673636917362,3.47785505207143,6.116912381686689,0.0315610954341541,0.4687880227034195,5.8489726012645775
28,418,1.0,6101.109823118659,-0.3918272920873751,8.324398679741453,-8.716225971828827,-8.716225971828829,1.7763568394002505e-15,0.01991650013954782,-2.5991868963386664,3.477981745874902,6.117039075490161,0.03160895657115371,0.4685539603269062,5.846878368988253
28,419,1.0,5980.799129363259,-0.3630387860537999,8.333270685635483,-8.696309471689279,-8.696309471689283,3.552713678800501e-15,-0.009036673648337157,-2.5822047917233513,3.475047350350669,6.114104679965927,0.031707604890333196,0.46840660132751044,5.842793757956369
28,420,1.0,6035.090596929129,-0.3757930527426271,8.32955309259499,-8.705346145337616,-8.705346145337618,1.7763568394002505e-15,-0.05849855071923038,-2.59108721867092,3.4752015970514383,6.114258926666698,0.031785431090325965,0.46815286086007984,5.840653471979095
28,421,1.0,6398.665270137471,-0.45383620378694317,8.310008492269901,-8.763844696056847,-8.763844696056845,1.7763568394002505e-15,0.06455206669875047,-2.6507060514650065,3.474081314976582,6.1131386445918405,0.03180711285763581,0.4676869999238011,5.835567415583649
28,422,1.0,5998.667434886824,-0.3822962493214842,8.316996380036613,-8.699292629358096,-8.699292629358098,1.7763568394002505e-15,-0.11048771190347217,-2.590446175433402,3.4697891243094374,6.108846453924696,0.03192589257097592,0.4673681198601277,5.829396183024734
28,423,1.0,6699.447513193309,-0.5269911716234141,8.282789169638153,-8.809780341261568,-8.809780341261568,0.0,0.018870697579787432,-2.699026207922845,3.471696803723464,6.110754133338723,0.03197314513143747,0.4670266923547444,5.82731000159289
28,424,1.0,6574.209644637073,-0.5219523158532681,8.268957327828513,-8.79090964368178,-8.79090964368178,0.0,0.028546084742625766,-2.674836354915732,3.4770159591507896,6.116073288766048,0.03216348050515365,0.4666810265074845,5.829193569145693
28,425,1.0,6389.194984629179,-0.47958113929504226,8.282782419644114,-8.762363558939155,-8.762363558939157,1.7763568394002505e-15,0.06879579077554432,-2.6472922532872327,3.476013976036664,6.115071305651923,0.032128298381826674,0.46655652232833894,5.827631381407868
28,426,1.0,5964.424009423568,-0.38242591712369045,8.31114185103992,-8.69356776816361,-8.69356776816361,0.0,0.07672413034126713,-2.578723239501084,3.475787199047269,6.114844528662528,0.0319941285608952,0.46678329855743744,5.830096079951708
28,427,1.0,5523.923345603277,-0.28199229588546487,8.33485134193688,-8.616843637822344,-8.616843637822344,0.0,-0.021400763870069284,-2.50403330498013,3.473753003226954,6.112810332842214,0.03211769955511249,0.46657013048467355,5.826563296593513
28,428,1.0,5643.413555203676,-0.3026968946860655,8.335547507006346,-8.638244401692413,-8.638244401692411,1.7763568394002505e-15,-0.024795220305314558,-2.532042687520405,3.4671443845567493,6.106201714172009,0.03208613609137707,0.4666196589367798,5.82088869131361
28,429,1.0,5785.092458749016,-0.3386410410254584,8.324398580972268,-8.663039621997727,-8.663039621997726,1.7763568394002505e-15,0.015480212384645142,-2.5589472924039818,3.465034999978486,6.104092329593746,0.03220100045733534,0.46632555678840876,5.815989108164314
28,430,1.0,5696.227596892116,-0.3289486570070152,8.318610752606066,-8.647559409613082,-8.64755940961308,1.7763568394002505e-15,-0.06968681905494378,-2.5412367983325495,3.467265281665274,6.1063226112805316,0.03216819333075402,0.46615688946172706,5.816806853889923
28,431,1.0,6107.337698618459,-0.4155723452151985,8.301673883452828,-8.717246228668026,-8.717246228668026,0.0,-0.019532634000102078,-2.610241366061085,3.4679475329916807,6.10700486260694,0.032113952655249356,0.4659861629499819,5.815871526805692
28,432,1.0,6227.8027605836105,-0.4315752066123467,8.305203656055781,-8.736778862668128,-8.736778862668128,0.0,-0.012963496957905107,-2.6322356193178558,3.4654859137350145,6.104543243350272,0.032088290213807526,0.4658920231546505,5.8128947362561485
28,433,1.0,6309.062429474089,-0.4460705424089878,8.303671817217047,-8.749742359626033,-8.749742359626035,1.7763568394002505e-15,0.07596932539112089,-2.6456058928256945,3.465079137185081,6.104136466800338,0.03222079830388359,0.4656211448748176,5.8098915996254545
28,434,1.0,5847.520675490092,-0.350893433059772,8.322879601175138,-8.673773034234912,-8.67377303423491,1.7763568394002505e-15,0.05564285112274092,-2.5701747606275296,3.464540943992124,6.103598273607384,0.032258724474746286,0.4655663623034447,5.809056947530946
28,435,1.0,5531.0346967216865,-0.2874016909742068,8.330728492137965,-8.618130183112171,-8.618130183112171,0.0,0.03753614423251328,-2.5168399316695265,3.4622329218273866,6.101290251442646,0.03228721639654266,0.4654528869797193,5.806173452535065
28,436,1.0,5327.26919056639,-0.2506450809470713,8.329948957932586,-8.580594038879658,-8.580594038879658,0.0,0.0010232065568729354,-2.478667902752202,3.462868806512198,6.101926136127456,0.032237463675619055,0.46532081073794,5.806142793317344
28,437,1.0,5321.82108154614,-0.2515789911365769,8.327991841186208,-8.579570832322785,-8.579570832322785,0.0,0.030615420925778736,-2.4761629424681986,3.4643505602393287,6.103407889854588,0.03221402213409552,0.4651225309096182,5.805813926522859
28,438,1.0,5161.360112297327,-0.22180521683488846,8.327150194562115,-8.548955411397007,-8.548955411397003,3.552713678800501e-15,0.036548603350029296,-2.4482442603827432,3.4616538213990045,6.100711151014265,0.03236570196227063,0.46496939577980206,5.802353641780201
28,439,1.0,4976.125265549428,-0.1888721101091511,8.323534697937825,-8.512406808046977,-8.512406808046977,0.0,-0.09350927323599834,-2.4087936282128095,3.4645558502189084,6.103613179834167,0.03244048682993032,0.4647701834057537,5.803527731839265
28,440,1.0,5463.888972824795,-0.29797460246084906,8.307941478822126,-8.605916081282976,-8.605916081282976,0.0,-0.009367848648190957,-2.506699323895429,3.4601594277722874,6.099216757387547,0.0323403045501751,0.4644668701118383,5.796485761093137
28,441,1.0,5515.3143542719845,-0.30578687080967526,8.309497059121492,-8.615283929931167,-8.615283929931167,0.0,-0.03161894575162805,-2.5198860103007754,3.4563405900151323,6.095397919630392,0.03233768005190817,0.4643961922851136,5.792429394127508
28,442,1.0,5692.489057573356,-0.3469460493288559,8.299956826353938,-8.646902875682795,-8.646902875682795,0.0,-0.017473062418170926,-2.5521272104419532,3.455718335625583,6.0947756652408405,0.03238632970558537,0.4640377169515913,5.78866606525187
28,443,1.0,5792.828338599578,-0.36576776792161914,8.298608170179346,-8.664375938100966,-8.664375938100966,0.0,-0.06629828082543021,-2.572149008424341,3.453169600061364,6.092226929676622,0.03246212294473448,0.46376724873314007,5.783850664806763
28,444,1.0,6189.900052410519,-0.4440876371234246,8.28658658180297,-8.730674218926396,-8.730674218926394,1.7763568394002505e-15,0.06272638850718693,-2.6420265982615763,3.449590291049561,6.08864762066482,0.032510965839801106,0.46338636786090637,5.7768004076112565
28,445,1.0,5813.556695333815,-0.3568156186176103,8.3111322118016,-8.667947830419209,-8.667947830419209,0.0,-0.008355470468055515,-2.57811542416307,3.4507750766408796,6.089832406256138,0.03256478112934517,0.46329906156291806,5.777139866941931
28,446,1.0,5862.335196494603,-0.3750824921433123,8.30122080874395,-8.676303300887264,-8.676303300887263,1.7763568394002505e-15,-0.08725213585024427,-2.58662944178279,3.450616529489215,6.089673859104475,0.03264996540786565,0.4630522216714832,5.774553766247528
28,447,1.0,6396.814664242163,-0.4847985705237734,8.278756866213737,-8.763555436737509,-8.76355543673751,1.7763568394002505e-15,0.005801022834701186,-2.675909231779304,3.4485888753429457,6.0876462049582045,0.032612141702957016,0.462759486068257,5.769856447464237
28,448,1.0,6359.814020855797,-0.48089460252989324,8.276859811372912,-8.757754413902807,-8.757754413902806,1.7763568394002505e-15,-0.0018817618276685266,-2.672056407755833,3.4466406765317137,6.0856980061469725,0.03269274154543069,0.4623767924883569,5.764962362626636
28,449,1.0,6371.792943316021,-0.48748713155640544,8.272149044174071,-8.759636175730476,-8.759636175730476,0.0,0.002053597869643653,-2.6734936179047195,3.4470852282104976,6.086142557825757,0.03279991690704512,0.4620891269452258,5.762916571482573
28,450,1.0,6358.72126947649,-0.4772846355947995,8.280297942266031,-8.757582577860832,-8.75758257786083,1.7763568394002505e-15,0.001998827393320468,-2.6724349404292633,3.446090307816312,6.08514763743157,0.03279588099486244,0.4618929974332318,5.760244988567584
28,451,1.0,6346.023977291752,-0.4751470316397889,8.280436718827723,-8.755583750467512,-8.755583750467512,0.0,-0.03110633443919042,-2.6710007195936103,3.4455257012586427,6.084583030873902,0.03281090891606201,0.46172812292824883,5.758239799059633
28,452,1.0,6546.527824248051,-0.5174240599669482,8.269266024939753,-8.786690084906702,-8.786690084906702,0.0,-0.043474574931259724,-2.7031321182617014,3.4445006370297415,6.083557966645001,0.03272029316947209,0.46153895380125465,5.756054182406889
28,453,1.0,6837.412570183049,-0.5812729027206113,8.24889175711735,-8.830164659837962,-8.830164659837962,0.0,-0.05583347199091371,-2.7482738300377094,3.4428335001849946,6.081890829800253,0.03280065481639971,0.46128655345751074,5.751991172460401
28,454,1.0,7230.0275946206075,-0.6534273989468073,8.23257073288207,-8.885998131828876,-8.885998131828877,1.7763568394002505e-15,0.0038845939400609097,-2.805562801611442,3.441378000602174,6.080435330217434,0.032808943406826094,0.46110417651431534,5.7486909758772144
28,455,1.0,7201.996353484247,-0.6365335453105108,8.245579992578305,-8.882113537888815,-8.882113537888817,1.7763568394002505e-15,-0.00029787291011018624,-2.8019171505675664,3.4411390577059913,6.080196387321251,0.032897287369076184,0.4610836575298209,5.748229198114092
28,456,1.0,7204.141952638718,-0.6315865908174296,8.250824819981492,-8.882411410798925,-8.882411410798921,3.552713678800501e-15,0.07184696325480289,-2.801597884097384,3.441756197086279,6.080813526701538,0.03277988137888196,0.4611192999826873,5.749337504152304
28,457,1.0,6704.702652102507,-0.5415214535906359,8.269042993953484,-8.810564447544122,-8.81056444754412,1.7763568394002505e-15,-0.09363369219644113,-2.7319016994820013,3.4396054184468623,6.07866274806212,0.032767377882142526,0.4611048990920354,5.747961305338072
28,458,1.0,7362.81888989135,-0.670519591583677,8.233678548156888,-8.904198139740563,-8.904198139740565,1.7763568394002505e-15,0.018406801754080604,-2.8204958008896277,3.444645009235677,6.083702338850935,0.03267396319783622,0.460925731673608,5.750484848549789
28,459,1.0,7228.532624014392,-0.635843655926611,8.24994768205987,-8.885791337986483,-8.88579133798648,1.7763568394002505e-15,-0.033533980881149006,-2.803430118743873,3.4433038896273516,6.082361219242611,0.0326995333674784,0.4608578271493659,5.748879120613097
28,460,1.0,7475.044256681382,-0.6844567721117591,8.234868546755875,-8.919325318867632,-8.919325318867633,1.7763568394002505e-15,0.040766478046057486,-2.834918866917036,3.4453491223353367,6.0844064519505965,0.03275593991698121,0.46040123045456854,5.746100688091098
28,461,1.0,7176.440886050434,-0.640630192416613,8.237928648404964,-8.878558840821574,-8.878558840821576,1.7763568394002505e-15,-0.004212842986005327,-2.8016370159912154,3.437864495215101,6.076921824830359,0.032821079998557136,0.46037064284239343,5.73985236105416
28,462,1.0,7206.737878127644,-0.6410830683416606,8.241688615465922,-8.88277168380758,-8.882771683807583,3.552713678800501e-15,-0.07628694194128371,-2.8069699525359297,3.436744401656391,6.0758017312716515,0.03285255053950101,0.46026136204007284,5.7379031317215565
28,463,1.0,7778.0319756817335,-0.7379995183096695,8.221059107439192,-8.959058625748863,-8.959058625748861,1.7763568394002505e-15,-0.027401738824741173,-2.8811283999523667,3.4388728961812376,6.077930225796497,0.03289118464390485,0.4600373933523961,5.7374054969102355
28,464,1.0,7994.110520230861,-0.7731157395302288,8.213344625043378,-8.986460364573604,-8.986460364573606,1.7763568394002505e-15,-0.011471546026985635,-2.9075043140835852,3.43989872087476,6.078956050490019,0.0329147167772772,0.45987666024110924,5.736741122275303
28,465,1.0,8086.343342082551,-0.7958668496327178,8.202065060967875,-8.99793191060059,-8.997931910600593,3.552713678800501e-15,-0.06466864991711141,-2.918219304945112,3.440655276040221,6.079712605655479,0.03293941002478151,0.45975884891370705,5.736202511280056
28,466,1.0,8626.555388309991,-0.8921365304251956,8.170464030092505,-9.062600560517701,-9.062600560517701,0.0,0.03986423434187181,-2.978874223604594,3.444669007297849,6.083726336913107,0.03295547430699333,0.4594606186473141,5.736418677880176
28,467,1.0,8289.428656694668,-0.8565135969792776,8.166222729196551,-9.02273632617583,-9.02273632617583,0.0,-0.03169742809220821,-2.9388015585246277,3.4448774380359453,6.083934767651202,0.03293501859500721,0.459334481384921,5.735722297678493
28,468,1.0,8556.390881794954,-0.8825760614497005,8.171857692818339,-9.054433754268038,-9.05443375426804,1.7763568394002505e-15,0.0317076994385026,-2.973612145039502,3.4417642796132797,6.080821609228538,0.03302947558922405,0.4590896981680268,5.730667208778345
28,469,1.0,8289.343513539625,-0.8639276947833465,8.158798360046188,-9.022726054829535,-9.022726054829533,1.7763568394002505e-15,0.038032092658925265,-2.9407085465767238,3.4429601786375525,6.082017508252812,0.033021495498864926,0.4588605352212733,5.729490815370343
28,470,1.0,7980.002168379802,-0.8093453591022566,8.17534860306835,-8.98469396217061,-8.984693962170606,3.552713678800501e-15,0.0011571453257435138,-2.907457102296328,3.4381795302590237,6.077236859874282,0.03301980029720478,0.4588181469360068,5.725590322924153
28,471,1.0,7970.77348666395,-0.8133565093975522,8.170180307447314,-8.983536816844866,-8.983536816844866,0.0,-0.014080175690910579,-2.9033129338425785,3.4411665533870286,6.080223883002288,0.03302970756699127,0.45841539049987273,5.724601510125839
28,472,1.0,8083.797207418796,-0.830382079145781,8.167234913389997,-8.997616992535777,-8.997616992535779,1.7763568394002505e-15,-0.04891905530554297,-2.917123352235739,3.4414363106847796,6.08049364030004,0.03299115103069378,0.4581940017720691,5.722972705395684
28,473,1.0,8489.081164594361,-0.8980405468020539,8.148495501039267,-9.04653604784132,-9.046536047841322,1.7763568394002505e-15,0.08404741503288626,-2.9641581088933187,3.443320609332742,6.082377938948001,0.033171195487561714,0.4579884698969792,5.722080503858167
28,474,1.0,7804.756486697574,-0.7863293220342995,8.176159310774132,-8.962488632808434,-8.962488632808432,1.7763568394002505e-15,0.013505915108943611,-2.8852582603214882,3.438173042871687,6.077230372486947,0.033206628091504445,0.45778235579984927,5.716688743099008
28,475,1.0,7700.054746099021,-0.7646210080789568,8.184361709620532,-8.94898271769949,-8.948982717699488,1.7763568394002505e-15,0.015290588030651975,-2.8745791739020254,3.435346214182205,6.074403543797464,0.03318990725248597,0.4577652144488789,5.714326191567588
28,476,1.0,7583.211955151766,-0.7375990445438778,8.19609308512496,-8.933692129668838,-8.933692129668838,0.0,-0.09689077511025879,-2.864497589807862,3.4301372102457175,6.069194539860976,0.03316950542916352,0.4577826748709618,5.7103002298016365
28,477,1.0,8354.728164050213,-0.8690571562142997,8.161525748564797,-9.030582904779097,-9.030582904779097,0.0,0.03688551911008808,-2.9601065013759054,3.431419073787931,6.07047640340319,0.033362973125000944,0.4572136070725169,5.705388051904811
28,478,1.0,8052.173916296093,-0.8121522131124614,8.181545172556548,-8.993697385669009,-8.99369738566901,1.7763568394002505e-15,0.020283884623975013,-2.926937836131298,3.427702219922452,6.066759549537712,0.033399634622493554,0.45712312538921973,5.70213435560039
28,479,1.0,7890.48988325593,-0.7794175363324449,8.193995964712588,-8.973413501045034,-8.973413501045034,0.0,0.04221662758307865,-2.9055754258302673,3.4287807455995076,6.067838075214766,0.03338419647033661,0.45701254570549027,5.70262474791615
28,480,1.0,7564.313486518771,-0.7223075988262632,8.208889274635693,-8.931196873461955,-8.931196873461957,1.7763568394002505e-15,0.034432498102768605,-2.8653187280047296,3.4268208158419666,6.0658781454572255,0.033352244632137186,0.45683799081125964,5.699567880770247
28,481,1.0,7308.28836373937,-0.6815492956006175,8.21521507975857,-8.896764375359187,-8.896764375359188,1.7763568394002505e-15,-0.018384242827336195,-2.8327063544088587,3.4250006913350686,6.064058020950327,0.033349014907221114,0.4567260301734749,5.697362707578509
28,482,1.0,7443.8883439964875,-0.7175169162558428,8.197631701930678,-8.915148618186523,-8.915148618186521,1.7763568394002505e-15,0.06686414856140566,-2.8528904675537556,3.423200821017508,6.062258150632766,0.03348471380668671,0.4562659693532276,5.691326333124461
28,483,1.0,6962.434451083498,-0.6309973462015109,8.217287123423606,-8.848284469625117,-8.848284469625117,0.0,0.01051983472605933,-2.7864891626316326,3.4227379773782256,6.061795306993487,0.0334946799552518,0.4560764654530791,5.690052819041859
28,484,1.0,6889.574699568273,-0.6199493389927734,8.217815295906288,-8.837764634899058,-8.837764634899061,3.552713678800501e-15,0.04120937041676065,-2.7754323334896327,3.423274971794168,6.062332301409426,0.033509041055865135,0.4559243100409442,5.689413302352106
28,485,1.0,6611.430106800795,-0.5598468537132477,8.236708410769051,-8.796555264482297,-8.796555264482299,1.7763568394002505e-15,-0.001928932816628759,-2.73776509850877,3.4197328363582704,6.058790165973529,0.03366356014171965,0.45580813767591866,5.685607985920564
28,486,1.0,6624.195419055426,-0.5607951806097148,8.23768901668921,-8.798484197298926,-8.798484197298924,1.7763568394002505e-15,-0.022508741248497444,-2.738494197951576,3.4209326697320903,6.05998999934735,0.0337207374933598,0.4556730665459629,5.685350601974887
28,487,1.0,6774.988433726636,-0.5894171316127326,8.231575806934691,-8.820992938547423,-8.820992938547423,0.0,0.02315883819640341,-2.763552930599211,3.418382678332953,6.057440007948212,0.03370764724687765,0.4554360643456527,5.681129695912447
28,488,1.0,6619.890449306633,-0.5578465734229469,8.239987526928074,-8.79783410035102,-8.79783410035102,0.0,0.007973298974421894,-2.7419176175000226,3.4168591532357384,6.055916482850998,0.033753956548518066,0.45550550884440355,5.6808855957981015
28,489,1.0,6567.317950220753,-0.5486511513759674,8.24120965000063,-8.789860801376598,-8.789860801376598,0.0,-0.011123159475770805,-2.734568551382854,3.4162349203784848,6.055292249993743,0.0337982176723917,0.45524765206315565,5.678321199342197
28,490,1.0,6640.775055286464,-0.5699007626902632,8.231083198162105,-8.800983960852369,-8.800983960852369,0.0,-0.07216173892326161,-2.7475445078463197,3.414382123390791,6.05343945300605,0.03382465862960702,0.4549213810051165,5.6738281532226384
28,491,1.0,7137.698752245809,-0.6568935089602849,8.216252190815347,-8.87314569977563,-8.873145699775632,1.7763568394002505e-15,-0.03134401807827736,-2.8240556245426367,3.410032745617734,6.049090075232995,0.033847806993144644,0.4545506322775005,5.66614907439796
28,492,1.0,7364.96603974791,-0.7063449022944742,8.198144815559438,-8.904489717853908,-8.904489717853911,3.552713678800501e-15,0.00594335066156404,-2.8529088462291305,3.4125235420095206,6.051580871624779,0.03374892762504781,0.4540888645948489,5.664310276011831
28,493,1.0,7321.323284529746,-0.6916726600162275,8.206873707176115,-8.898546367192344,-8.898546367192342,1.7763568394002505e-15,0.026075246373656213,-2.846310127636326,3.4131789099407577,6.0522362395560165,0.033727957363227944,0.45392715996749156,5.663815693545081
28,494,1.0,7132.885434530504,-0.66115368567274,8.211317435145949,-8.872471120818687,-8.87247112081869,1.7763568394002505e-15,0.0378264618364863,-2.821402421561962,3.4120113696414665,6.051068699256725,0.03382216443302895,0.45384353642919567,5.662268953486874
28,495,1.0,6868.112890002263,-0.6065398161652575,8.228104842816943,-8.834644658982201,-8.834644658982201,0.0,-0.1300861856874178,-2.784734928867031,3.4108524004999112,6.049909730115169,0.03388661072760523,0.4536966090443461,5.660298611989883
28,496,1.0,7822.276038198811,-0.7764243645846607,8.18830648008496,-8.964730844669619,-8.96473084466962,1.7763568394002505e-15,-0.0023964001249403566,-2.913095731160658,3.4125777838937026,6.051635113508962,0.03382964257324686,0.4531631121935456,5.656582201784017
28,497,1.0,7841.043820049921,-0.7761898386701832,8.190937406124375,-8.96712724479456,-8.967127244794558,1.7763568394002505e-15,-0.02235460641936271,-2.915165898036117,3.4129040171431817,6.05196134675844,0.033823296460525384,0.4532323671622959,5.65770612394001
28,498,1.0,8018.301145791151,-0.8027831010029607,8.186698750210962,-8.989481851213922,-8.989481851213922,0.0,-0.0012223259518790996,-2.9402276429597056,3.4101968786389576,6.049254208254216,0.03384920275782527,0.4529980104781864,5.652931943685162
28,499,1.0,8028.108115807584,-0.8128417835248628,8.17786239364094,-8.990704177165801,-8.990704177165803,1.7763568394002505e-15,-0.016188858540790108,-2.9387292806055743,3.4129175669449685,6.0519748965602265,0.033763414587696244,0.4526853790261275,5.652716506644753
28,500,1.0,8159.131722225773,-0.8338996177886733,8.172993417917919,-9.006893035706591,-9.006893035706593,1.7763568394002505e-15,,-2.962327362091681,3.4055083439996516,6.04456567361491,0.03402318899018234,0.4521274101959118,5.640734972617142
