seed,epoch,temperature,Z,E,S,F,F_check,err,delta_F,F_data,KL,NLL,data_mass,recon_sq,recon_ce
39,1,1.0,11429.04178269379,-0.3427767982614668,9.00113612147806,-9.343912919739529,-9.343912919739527,1.7763568394002505e-15,0.06774032985482137,-3.0980271515750206,3.6068284385492477,6.245885768164507,0.02751155008268194,0.4998689289557563,6.244701320542136
39,2,1.0,10680.4750288811,-0.27338830852423723,9.00278428136047,-9.276172589884707,-9.276172589884707,0.0,-0.02341908511505153,-3.031275548018523,3.605839712250926,6.244897041866184,0.027444730924547446,0.4998824738095529,6.243836090215587
39,3,1.0,10933.553853189445,-0.29820703719490504,9.001384637804854,-9.299591674999759,-9.299591674999759,0.0,0.0871943248329714,-3.0535440588260085,3.6069902865584913,6.246047616173749,0.02749339119060481,0.4998696063019585,6.244869126742693
39,4,1.0,10020.590952215562,-0.20930269580356903,9.003094654363217,-9.212397350166787,-9.212397350166786,1.7763568394002505e-15,0.0996269677630437,-2.9677054315979414,3.605634588953587,6.244691918568845,0.02739640780120055,0.4998716583109085,6.2435317863706254
39,5,1.0,9070.388560724452,-0.11004980395595759,9.002720578447786,-9.112770382403744,-9.112770382403744,0.0,0.0110186927399063,-2.8678408416827,3.605872211105784,6.244929540721044,0.027276083407203524,0.49987527362855166,6.243803289621061
39,6,1.0,8970.993344458413,-0.10071728967702126,9.001034399986818,-9.101751689663837,-9.101751689663839,1.7763568394002505e-15,-0.027844484979739903,-2.8553167550870264,3.607377604961553,6.24643493457681,0.027261756282430792,0.4998592039307895,6.245161232525527
39,7,1.0,9224.296212251807,-0.12731231538080753,9.002283859262771,-9.129596174643577,-9.129596174643579,1.7763568394002505e-15,0.013753494206717676,-2.8841244162605326,3.6064144287677853,6.245471758383045,0.02722876743972583,0.4998804012256528,6.244390535472569
39,8,1.0,9098.298349300017,-0.11227200113640283,9.003570679300458,-9.11584268043686,-9.11584268043686,0.0,0.007069012945027708,-2.8719590474953773,3.6048263033262233,6.243883632941482,0.02731883836007141,0.49985166436857287,6.24254481608567
39,9,1.0,9034.20915106001,-0.10290602769937868,9.005867639792452,-9.108773667491832,-9.10877366749183,1.7763568394002505e-15,-0.07193047283448983,-2.8672354358102976,3.602480902066276,6.2415382316815355,0.027371094633232267,0.49985750563459724,6.240254708495038
39,10,1.0,9707.98615135206,-0.17472130727728322,9.005982833049035,-9.180704140326322,-9.180704140326318,3.552713678800501e-15,0.03623241427863633,-2.938957402481018,3.6026894082300442,6.241746737845302,0.02740525870160015,0.49986804835149073,6.240558146532115
39,11,1.0,9362.538369684067,-0.14219902169771853,9.00227270434997,-9.144471726047685,-9.144471726047689,3.552713678800501e-15,-0.04437917653236312,-2.8995994352112944,3.605814961221132,6.244872290836391,0.027480746822189178,0.49980893501498536,6.243145049916166
39,12,1.0,9787.39784135834,-0.18861799401600537,9.00023290856404,-9.188850902580048,-9.188850902580047,1.7763568394002505e-15,0.025808509219785947,-2.9419023375869195,3.6078912353778705,6.2469485649931284,0.027453234990378914,0.4998043248392585,6.245175376492601
39,13,1.0,9538.031423012728,-0.1617243186856202,9.001318074674643,-9.163042393360262,-9.163042393360262,0.0,-0.08558724128891626,-2.916833620383748,3.6071514433612557,6.246208772976514,0.027297350142656742,0.49984971062064537,6.244846988565804
39,14,1.0,10390.317425124587,-0.24899817613922948,8.999631458509949,-9.248629634649179,-9.248629634649179,0.0,0.033399619076753595,-3.000634542449476,3.6089377625844423,6.247995092199702,0.02735259264840246,0.49986041521635616,6.246726808356419
39,15,1.0,10049.016174114327,-0.21473940250754794,9.000490613064876,-9.215230015572425,-9.215230015572423,1.7763568394002505e-15,0.01726130116686342,-2.9679493326533075,3.608223353303859,6.247280682919118,0.02728205878447902,0.49987277999952434,6.246123824473118
39,16,1.0,9877.045567619269,-0.2002021778249576,8.997766536580603,-9.197968714405562,-9.19796871440556,1.7763568394002505e-15,0.05655673735940958,-2.948029243589681,3.6108821412006225,6.249939470815881,0.02722180914515027,0.49986414645071703,6.248696592332848
39,17,1.0,9333.935133932075,-0.13752426363967163,9.003887713406481,-9.141411977046152,-9.141411977046152,0.0,-0.0797799857366499,-2.8978395794201393,3.6045150680107563,6.243572397626015,0.027294621014671498,0.4998591399034871,6.242299579019964
39,18,1.0,10109.106828723447,-0.22228599469959426,8.998905968083207,-9.221191962782802,-9.221191962782802,0.0,-0.043729378217269854,-2.972528380000319,3.609606253167225,6.248663582782482,0.027255176040395596,0.49986164961427154,6.247403230011751
39,19,1.0,10560.979841748478,-0.2624399773814402,9.002481363618628,-9.264921341000072,-9.264921341000068,3.552713678800501e-15,0.03794677536770763,-3.0198607120807397,3.6060032993040716,6.2450606289193304,0.027418373982575493,0.4998672987145056,6.2438613610257985
39,20,1.0,10167.73312159736,-0.222050876152864,9.0049236894795,-9.226974565632364,-9.226974565632364,0.0,0.017289466676288612,-2.984224376032515,3.6036928599845908,6.242750189599849,0.027418262636266153,0.4998654209980208,6.241537273768922
39,21,1.0,9993.449416243726,-0.20699970473807788,9.002685394217998,-9.209685098956076,-9.209685098956076,0.0,-0.03044966561590634,-2.964853975061039,3.6057737942797776,6.244831123895037,0.027394532238432648,0.4998513190974889,6.2434874325250505
39,22,1.0,10302.42686651078,-0.23809973408754526,9.00203503048444,-9.240134764571982,-9.240134764571984,1.7763568394002505e-15,0.08472913531918103,-2.994686831581265,3.60639060337546,6.24544793299072,0.027450108286164496,0.499848031282523,6.244074492958331
39,23,1.0,9465.469150119512,-0.1538672772641726,9.001538351988627,-9.155405629252801,-9.1554056292528,1.7763568394002505e-15,-0.008913087006959586,-2.9096638072829952,3.6066844923545456,6.245741821969804,0.027385329000879838,0.4998326551770649,6.244226773020823
39,24,1.0,9550.212802967522,-0.16353093640278826,9.00078777985697,-9.16431871625976,-9.164318716259759,1.7763568394002505e-15,0.0017671831643042424,-2.9180818628479095,3.6071795237965945,6.246236853411854,0.027454256261956817,0.49980690970849995,6.2444885539536115
39,25,1.0,9533.350731259477,-0.16169840692094853,9.000853126174508,-9.162551533095456,-9.162551533095456,0.0,-0.01631543977898886,-2.916269288869998,3.6072249146101996,6.246282244225459,0.027399824056533406,0.49982587600905315,6.24470688974163
39,26,1.0,9690.167328264246,-0.17632828585609384,9.002538687018351,-9.178866972874445,-9.178866972874445,0.0,-0.022639790190556397,-2.934173461709982,3.6056361815492024,6.244693511164461,0.027372060306990735,0.49984231673510404,6.2432690549225
39,27,1.0,9912.05292780302,-0.20024365024531027,9.001263112819693,-9.201506763065002,-9.201506763065003,1.7763568394002505e-15,-0.09001420101384383,-2.9556477224560256,3.6068017109937167,6.245859040608976,0.027387797680882595,0.4998298421597756,6.244318396118771
39,28,1.0,10845.667430706706,-0.2945594967914438,8.996961467287402,-9.291520964078845,-9.291520964078845,0.0,0.012888649730875557,-3.0414970977050193,3.6109665367585646,6.250023866373824,0.027418003359326173,0.49982809001620765,6.24845915343031
39,29,1.0,10706.77839083853,-0.28127694525184777,8.997355369096123,-9.27863231434797,-9.278632314347972,1.7763568394002505e-15,0.07219738692254829,-3.029040803373797,3.610534181358912,6.249591510974172,0.027401706889016476,0.4998220238745558,6.247975473266213
39,30,1.0,9961.021717795298,-0.20459274417649098,9.001842183248929,-9.206434927425422,-9.20643492742542,1.7763568394002505e-15,0.05676933981995269,-2.9611173579411365,3.606260239869026,6.2453175694842855,0.02732075895837453,0.4998398694486213,6.24387052720445
39,31,1.0,9411.292599565557,-0.1458778777280526,9.003787709877416,-9.149665587605469,-9.149665587605469,0.0,0.02963122398959861,-2.906512369342434,3.6040958886477763,6.243153218263035,0.027298883139509837,0.49983915845765664,6.2417018308098875
39,32,1.0,9136.515574741888,-0.118724969402554,9.001309394213315,-9.12003436361587,-9.120034363615869,1.7763568394002505e-15,0.03288335583243729,-2.8746238520643237,3.606353181936288,6.2454105115515475,0.027222351523499413,0.49982993049070834,6.243871789671327
39,33,1.0,8840.962305394967,-0.08613823992146014,9.001012767861972,-9.087151007783433,-9.087151007783433,0.0,-0.02099871779289586,-2.8418182351873,3.6062754429808748,6.245332772596134,0.02720528466890531,0.49982571130394193,6.243754821658976
39,34,1.0,9028.574087456247,-0.10793954520667101,9.000210180369656,-9.108149725576329,-9.108149725576327,1.7763568394002505e-15,0.005161066689291616,-2.8618381431872626,3.6072542527738074,6.246311582389067,0.027187806301307123,0.49983049394379014,6.244773682602987
39,35,1.0,8982.097053184225,-0.1068668943471178,8.996121764539922,-9.102988658887037,-9.102988658887039,1.7763568394002505e-15,0.10488575376683151,-2.8528043059761012,3.611127023295679,6.250184352910938,0.027163457095535207,0.49981325008348015,6.248480674480144
39,36,1.0,8087.726180703315,-0.0032235760971709385,8.994879329023034,-8.998102905120206,-8.998102905120204,1.7763568394002505e-15,0.023734651726160294,-2.748472250146724,3.610573325358222,6.249630654973481,0.027262045601219424,0.49974925941885584,6.247342013536802
39,37,1.0,7898.026944447722,0.020793901516681867,8.995162154910723,-8.974368253394045,-8.974368253394042,3.552713678800501e-15,0.016121190164378518,-2.72557859285472,3.6097323309240648,6.248789660539324,0.027271029522467245,0.4997337091193163,6.246363287087372
39,38,1.0,7771.722177201445,0.03787319828049729,8.996120261510164,-8.958247063229667,-8.958247063229667,0.0,-0.07801364344104122,-2.711035780077644,3.608153953536764,6.247211283152021,0.02738587506991019,0.4997139402512349,6.244608890333034
39,39,1.0,8402.299578158163,-0.039684242063628444,8.996576464607077,-9.036260706670708,-9.036260706670706,1.7763568394002505e-15,0.025803166417372125,-2.7882639202007566,3.6089394568546926,6.24799678646995,0.027388945409414105,0.49974137621157383,6.245642440534498
39,40,1.0,8188.266879699259,-0.012322213517877285,8.998135326735461,-9.010457540253336,-9.010457540253338,1.7763568394002505e-15,-0.05336909905380338,-2.764360078332942,3.6070401323051358,6.246097461920394,0.027384524321004702,0.4997420917865693,6.2437598149780555
39,41,1.0,8637.138711565782,-0.06177007016433353,9.002056569142802,-9.06382663930714,-9.063826639307136,3.552713678800501e-15,-0.02984758535869325,-2.820700908228993,3.6040684014628854,6.243125731078144,0.027379213435564275,0.4997761595399603,6.241105020087438
39,42,1.0,8898.822331538633,-0.0976797557192883,8.995994468946545,-9.093674224665833,-9.093674224665833,0.0,0.04574416716917362,-2.8441595813612883,3.610457313689286,6.249514643304543,0.02726061036203846,0.49977046851961004,6.247424945398779
39,43,1.0,8500.923277795147,-0.05615750655073232,8.991772550945925,-9.047930057496659,-9.047930057496657,1.7763568394002505e-15,0.11689672787330885,-2.794928611278416,3.6139441166029846,6.253001446218242,0.027165665897581594,0.49974400303151983,6.250651031162621
39,44,1.0,7563.076490809056,0.05996502580651044,8.990998355429863,-8.93103332962335,-8.931033329623352,1.7763568394002505e-15,0.0394795053339152,-2.6795836759298868,3.6123923240782068,6.251449653693466,0.027234486971767422,0.4996875804013739,6.248586322889745
39,45,1.0,7270.307191338739,0.10143968437147802,8.992993508660913,-8.891553824289435,-8.891553824289435,0.0,-0.04348878261445854,-2.6430429174116514,3.609453577262524,6.248510906877784,0.027268343067031298,0.4996802729285019,6.2455969094044885
39,46,1.0,7593.459828468116,0.06074003206663794,8.99578263897053,-8.935042606903894,-8.935042606903892,1.7763568394002505e-15,-0.015669956633356463,-2.688505892049673,3.607479385238964,6.246536714854222,0.027308093928193177,0.4996912275914856,6.24373150499872
39,47,1.0,7713.386181091372,0.046092131877592375,8.996804695414845,-8.95071256353725,-8.950712563537252,1.7763568394002505e-15,-0.06919153792821042,-2.7051837879481297,3.6064714459738623,6.245528775589121,0.027382780534763014,0.49968079254694286,6.242634121514613
39,48,1.0,8265.984347465823,-0.01868809803989905,9.001216003425561,-9.01990410146546,-9.01990410146546,0.0,0.037650330322303915,-2.7774314835988716,3.60341528825133,6.242472617866588,0.027392249100068804,0.49972912883031495,6.2400260425590295
39,49,1.0,7960.55317796622,0.015447184627546018,8.997700955770704,-8.982253771143156,-8.982253771143158,1.7763568394002505e-15,-0.10600782016380172,-2.737220976367806,3.6059754651600917,6.24503279477535,0.02742632924887284,0.499695045389408,6.24227135750227
39,50,1.0,8850.786386685104,-0.0931730472943208,8.995088544012638,-9.088261591306958,-9.08826159130696,1.7763568394002505e-15,-0.02260126087171699,-2.8388793505279506,3.6103249111637488,6.249382240779007,0.027376964551900966,0.49971468429818744,6.246782671159379
39,51,1.0,9053.103011986452,-0.11214504858300689,8.998717803595667,-9.110862852178675,-9.110862852178673,1.7763568394002505e-15,-0.0251526034341385,-2.8646871043319444,3.6071184182314724,6.24617574784673,0.02734119677219089,0.4997405469736529,6.243822036603236
39,52,1.0,9283.700022266863,-0.1346765023483849,9.00133895326443,-9.136015455612814,-9.136015455612814,0.0,-0.09640779655333453,-2.8919787865212356,3.6049793394763188,6.244036669091578,0.027337020856549658,0.4997682138158656,6.241941011070776
39,53,1.0,10223.285117405436,-0.2335366883220539,8.998886563844092,-9.232423252166148,-9.232423252166146,1.7763568394002505e-15,0.021298826091552314,-2.9853207444931433,3.608045178057746,6.247102507673006,0.027394848958864144,0.49977041080595697,6.245020637244417
39,54,1.0,10007.843615491745,-0.21216436366848,8.998960062406116,-9.211124426074596,-9.211124426074596,0.0,0.09035453485138767,-2.964302879598907,3.607764216860428,6.246821546475687,0.027395381025834182,0.4997597754688037,6.244644670835323
39,55,1.0,9143.238206219427,-0.11874765037187818,9.002022240851328,-9.120769891223208,-9.120769891223206,1.7763568394002505e-15,0.071309438400327,-2.8777210335938626,3.603991528014087,6.243048857629344,0.027327017429376592,0.49975627678693163,6.240849260088118
39,56,1.0,8513.943011176481,-0.04495863674545271,9.00450181607743,-9.049460452822881,-9.049460452822883,1.7763568394002505e-15,-0.04243459565182306,-2.8099024364952143,3.600500686712409,6.239558016327669,0.027334751037660733,0.4997554341188081,6.237355946222706
39,57,1.0,8883.003834836367,-0.08866514609314292,9.003229902381563,-9.091895048474704,-9.091895048474706,1.7763568394002505e-15,-0.008970045581362385,-2.850522853052553,3.6023148658068926,6.241372195422152,0.027356680869687768,0.4997518470524696,6.239134438292397
39,58,1.0,8963.04322595273,-0.09857549429908374,9.002289599756985,-9.100865094056067,-9.100865094056068,1.7763568394002505e-15,0.009468555026497683,-2.8585857295222428,3.6032220349185664,6.242279364533824,0.027405871368873385,0.4997290804359693,6.239837682039714
39,59,1.0,8878.576677105193,-0.0902538451260006,9.001142693903569,-9.091396539029569,-9.091396539029569,0.0,-0.03582947213250165,-2.84805749533605,3.6042817140782595,6.24333904369352,0.027382671361808858,0.4997223034902104,6.240834201429424
39,60,1.0,9202.459011317893,-0.12448737583852479,9.002738635323547,-9.12722601116207,-9.127226011162072,1.7763568394002505e-15,0.11984890175121699,-2.884937769312434,3.6032309122343773,6.2422882418496375,0.027340508286863272,0.49975226738963974,6.240055930622043
39,61,1.0,8163.082299450242,-0.0038947013555043555,9.00348240805535,-9.007377109410854,-9.007377109410854,0.0,0.011572883362957143,-2.7681047275214787,3.600215052274116,6.239272381889376,0.02738078024542144,0.4997110996252631,6.2366718765039115
39,62,1.0,8069.1564448974605,0.006843609551234085,9.002647835599127,-8.995804226047897,-8.995804226047893,3.552713678800501e-15,-0.010180669566540956,-2.7560615119139986,3.6006853845186364,6.239742714133895,0.027345775437336784,0.4997034668082705,6.237073390515895
39,63,1.0,8151.725451066548,-0.004862071269088738,9.001122824345348,-9.005984895614437,-9.005984895614437,0.0,0.060270898342769996,-2.7647077002557396,3.602219865743439,6.241277195358699,0.027315921654151407,0.4996997307665182,6.238571268654111
39,64,1.0,7674.926510816705,0.05322575086776968,8.998939748139435,-8.945713997271667,-8.945713997271666,1.7763568394002505e-15,-0.03839458150222441,-2.703786712464816,3.6028699551915913,6.24192728480685,0.02728042327024605,0.49966604360635547,6.2389161982612595
39,65,1.0,7975.332174606423,0.014932237366496405,8.999040816140388,-8.984108578773892,-8.984108578773892,0.0,-0.06881170758367361,-2.741650538459768,3.603400710698866,6.242458040314124,0.027310162643450438,0.499666418389865,6.2394483864709205
39,66,1.0,8543.450853394796,-0.05465645679610619,8.99826382956146,-9.052920286357566,-9.052920286357566,0.0,-0.008561571484248631,-2.808314533043352,3.605548423698955,6.244605753314214,0.02728654173176762,0.4996978615521539,6.241875026244879
39,67,1.0,8616.9102337494,-0.06437559264701752,8.997106265194798,-9.061481857841814,-9.061481857841816,1.7763568394002505e-15,-0.024504199688733408,-2.815845055337119,3.6065794728894347,6.245636802504693,0.027310451544365212,0.49968328038738385,6.242770207932668
39,68,1.0,8830.66902086785,-0.0926406451221869,8.993345412408358,-9.085986057530548,-9.085986057530544,3.552713678800501e-15,-0.04128537020607226,-2.836365647135319,3.61056308077997,6.24962041039523,0.027243265472165115,0.4996689842374063,6.246614696084633
39,69,1.0,9202.876964974545,-0.13445893920933408,8.992812488527283,-9.12727142773662,-9.127271427736618,1.7763568394002505e-15,0.06978639698096245,-2.876932504484653,3.611281593636708,6.250338923251967,0.027385618283306375,0.4996499646485253,6.247153472140964
39,70,1.0,8582.538667886954,-0.06720098987269559,8.99028404088296,-9.057485030755657,-9.057485030755656,1.7763568394002505e-15,0.03715263612882502,-2.805924588407922,3.6125031127324747,6.251560442347733,0.027306587915719438,0.4996100936004372,6.248009626788364
39,71,1.0,8269.525370277646,-0.03279906548772222,8.987533329139108,-9.020332394626832,-9.02033239462683,1.7763568394002505e-15,0.10093830241346069,-2.766595252146396,3.6146798128651776,6.253737142480436,0.027196685024093482,0.49960361381659,6.250114615749071
39,72,1.0,7475.558358162504,0.0656563598132405,8.985050452026613,-8.919394092213372,-8.919394092213372,0.0,0.050628999853147505,-2.6659544242696493,3.6143823383284635,6.253439667943722,0.02728677991162414,0.4995261411174487,6.24910708510839
39,73,1.0,7106.499681494906,0.11941460605220451,8.988179698412427,-8.868765092360224,-8.868765092360222,1.7763568394002505e-15,-0.0019313863292520494,-2.619869926153624,3.6098378365913413,6.2488951662066,0.027303950514693486,0.49952481678363386,6.24457921725508
39,74,1.0,7120.238340887323,0.12023845211001127,8.99093493079949,-8.870696478689476,-8.870696478689478,1.7763568394002505e-15,-0.08233135150059745,-2.6247265843721572,3.606912564702062,6.245969894317321,0.027343679195810683,0.49953145991831827,6.2417228970050305
39,75,1.0,7731.265416508833,0.04144099818747026,8.994468828377544,-8.953027830190074,-8.953027830190074,0.0,-0.0046139346718110374,-2.708592241967183,3.605378258607631,6.244435588222891,0.027384193702327676,0.4995557626594721,6.240418040742144
39,76,1.0,7767.019389891062,0.03237384331636692,8.990015608178254,-8.957641764861885,-8.957641764861886,1.7763568394002505e-15,-0.06767551707969233,-2.709088544408303,3.609495890838324,6.248553220453581,0.027408183938265232,0.49950266867239634,6.24403302027615
39,77,1.0,8310.850938470001,-0.03471005108476576,8.99060723085681,-9.025317281941577,-9.025317281941575,1.7763568394002505e-15,0.040884888096924143,-2.7759872140031936,3.6102727383231246,6.249330067938383,0.027420621089915026,0.49952426121155874,6.245004683593542
39,78,1.0,7977.915125535534,0.00941311789933532,8.993845511743986,-8.984432393844653,-8.984432393844651,1.7763568394002505e-15,-0.008406225241150977,-2.7393381679527415,3.6060368962766525,6.245094225891911,0.027439934292151247,0.49953008884691613,6.240838425394513
39,79,1.0,8045.261946723651,0.0010425256242845866,8.993881144710087,-8.992838619085804,-8.992838619085802,1.7763568394002505e-15,0.047079298403406966,-2.7476405693474737,3.606140720123069,6.245198049738328,0.027417611010608422,0.49953139586211687,6.240952948733228
39,80,1.0,7675.274372546361,0.04449720659783028,8.990256527280227,-8.945759320682397,-8.945759320682397,0.0,-0.018153855363063798,-2.6984346252896585,3.6082673657774813,6.247324695392741,0.02745096763075088,0.4994752756999206,6.242559653501699
39,81,1.0,7815.882622716709,0.030727672505026445,8.994640848550487,-8.96391317604546,-8.96391317604546,0.0,0.04395486246918345,-2.720412664168843,3.604443182261359,6.243500511876618,0.027406913352338014,0.49952060268542675,6.239167774088769
39,82,1.0,7479.777418017751,0.07431637323122614,8.994274686807504,-8.919958313576277,-8.919958313576277,0.0,-0.0158504686689227,-2.6775666866773653,3.6033342972836557,6.242391626898915,0.027473436103118795,0.4994739762028205,6.2376444071345984
39,83,1.0,7599.279979487266,0.05900003317963926,8.994808815424838,-8.9358087822452,-8.935808782245198,1.7763568394002505e-15,0.00022061995247213417,-2.693547225294432,3.603204227335509,6.242261556950767,0.027442430038625617,0.49948937414482397,6.237654043819516
39,84,1.0,7597.603611626275,0.05770261099645395,8.99329077328918,-8.935588162292728,-8.935588162292726,1.7763568394002505e-15,-0.0012362879640033242,-2.6918277781751994,3.6047030545022714,6.243760384117531,0.02738146988101567,0.49948804462997526,6.239138420752113
39,85,1.0,7607.002246038816,0.05498576929403791,8.991810219550768,-8.936824450256731,-8.93682445025673,1.7763568394002505e-15,-0.06708292649203962,-2.6917470055595536,3.6060201150819187,6.245077444697178,0.02740139687906557,0.4994650686956396,6.240244293766124
39,86,1.0,8134.807667246629,-0.011668801358999989,8.99223857538977,-9.00390737674877,-9.00390737674877,0.0,-0.02268208174026931,-2.757554162050941,3.6072958850825714,6.2463532146978284,0.027333157867546126,0.49949986373200816,6.241832886263594
39,87,1.0,8321.430536254613,-0.031987278697047455,8.994602179791993,-9.02658945848904,-9.02658945848904,0.0,0.028728926124914622,-2.782172470400037,3.6053596584737444,6.244416988089003,0.0273204835300965,0.4995352782948962,6.240219771329126
39,88,1.0,8085.766173754221,-0.0059648033972412515,8.991895728966885,-8.997860532364125,-8.997860532364125,0.0,-0.008104094762549252,-2.7514294291094368,3.6073737736394302,6.246431103254689,0.027256339175632284,0.4995108048995787,6.242008453914141
39,89,1.0,8151.560229593401,-0.014130858497479783,8.991833768629194,-9.005964627126675,-9.005964627126673,1.7763568394002505e-15,0.10393191840013749,-2.759580839661105,3.60732645785031,6.246383787465569,0.027327773001446717,0.4994834762769526,6.241713352589891
39,90,1.0,7346.892463528697,0.08782885726202078,8.989861565988557,-8.902032708726537,-8.902032708726535,1.7763568394002505e-15,0.025219079552037726,-2.6572932009883057,3.6056821781229726,6.244739507738231,0.027410085723840058,0.4993987977670794,6.239304800895331
39,91,1.0,7163.927400348136,0.11297448887829827,8.989788118052797,-8.8768136291745,-8.876813629174498,1.7763568394002505e-15,0.041387652106745776,-2.633200884262142,3.6045554152970967,6.2436127449123555,0.02746354557646793,0.49936751903829607,6.237897615943403
39,92,1.0,6873.481167709977,0.15259928148710955,8.988025258554863,-8.835425977067754,-8.835425977067754,0.0,0.021947245691396944,-2.5917057752417674,3.6046628722107257,6.243720201825985,0.027441305870732912,0.49934560571973163,6.2378035739364375
39,93,1.0,6724.270558008113,0.1736449941254874,8.987123725501844,-8.813478731376357,-8.813478731376357,0.0,0.013330490632217362,-2.5697573757644343,3.604664025996666,6.243721355611925,0.027432919954617444,0.49933196718631745,6.237680495180416
39,94,1.0,6635.227544444586,0.18612626352256212,8.986274504266701,-8.80014824074414,-8.80014824074414,0.0,-0.06662669150490608,-2.5562131926404805,3.6048777184883987,6.243935048103657,0.02740003399187293,0.4993277098141308,6.237857673102602
39,95,1.0,7092.370673456229,0.12409656622182734,8.990871498470872,-8.866774932249045,-8.866774932249045,0.0,0.010588274259461627,-2.6252624034553294,3.6024551991784577,6.241512528793717,0.027415359948699834,0.4993757080416158,6.235878574335295
39,96,1.0,7017.670876475906,0.13607266564486775,8.992259323634451,-8.856186657989584,-8.856186657989584,0.0,0.05875617173955128,-2.616890779594453,3.600238548779872,6.239295878395131,0.02740791011624,0.49937979149564854,6.233710006798405
39,97,1.0,6617.219107306219,0.191230101897031,8.988660588147066,-8.797430486250033,-8.797430486250036,3.552713678800501e-15,-0.04761756575296161,-2.5572111206583714,3.601162035976402,6.240219365591662,0.027501457161071725,0.49930949828745813,6.233992210349472
39,98,1.0,6939.937529886041,0.14263802080706484,8.98768607281006,-8.845048052002994,-8.845048052002996,1.7763568394002505e-15,0.00285054091866499,-2.6022656101008863,3.603725112286848,6.242782441902108,0.02747495528316848,0.49930934698652557,6.236536860674226
39,99,1.0,6920.1831227334205,0.14561530142126644,8.987812812505595,-8.84219751108433,-8.84219751108433,0.0,0.009355791056288254,-2.5997142094685897,3.6034259720004806,6.24248330161574,0.027440718783899812,0.49931811503575224,6.236323587314716
39,100,1.0,6855.741257731439,0.15616750386324948,8.989009223891287,-8.832841720028041,-8.832841720028037,3.552713678800501e-15,0.03647807010320747,-2.5922177821823773,3.6015666082304025,6.240623937845662,0.027408134005451782,0.4993290619074233,6.234577929346784
39,101,1.0,6610.163381912016,0.18873729376717385,8.985100943692007,-8.796363649924833,-8.796363649924833,0.0,-0.11138660218166407,-2.553572105719673,3.603734214589902,6.2427915442051605,0.027393433400123318,0.4992732857672046,6.2362307916811215
39,102,1.0,7389.018955157902,0.0808582538833354,8.988608505989834,-8.907750252106498,-8.9077502521065,1.7763568394002505e-15,0.05426732279586055,-2.664482872277644,3.6042100502135943,6.243267379828853,0.027313638072554797,0.499343358320327,6.23734324531843
39,103,1.0,6998.72262547547,0.13492416299233573,8.988407092302975,-8.853482929310637,-8.853482929310639,1.7763568394002505e-15,0.004296902629302934,-2.612427992924821,3.6019976067705577,6.241054936385816,0.027377975163401777,0.49930070172532165,6.234750941542775
39,104,1.0,6968.714313393051,0.13924766027804242,8.988433686959377,-8.849186026681334,-8.849186026681334,0.0,-0.08920649251934876,-2.608684343312216,3.60144435375386,6.240501683369119,0.02740640197251751,0.49929161797679955,6.234117671514703
39,105,1.0,7618.939907109121,0.053968386336667167,8.992360905537348,-8.938392519200683,-8.938392519200681,1.7763568394002505e-15,-0.03509623431118314,-2.6988214224943556,3.600513767091068,6.239571096706327,0.02739641177860131,0.4993550542832039,6.233765117093987
39,106,1.0,7891.083684426376,0.018469993747385744,8.991958747259252,-8.973488753511866,-8.973488753511866,0.0,-0.00980704219513484,-2.7325015116610536,3.6019299122355504,6.240987241850811,0.027308186464658483,0.4993831133684125,6.2354323359523764
39,107,1.0,7968.852593265786,0.006273924112678828,8.989569719819677,-8.983295795707,-8.983295795706999,1.7763568394002505e-15,0.03536647186243158,-2.740212817490309,3.604025648601433,6.243082978216693,0.027286595483461316,0.4993641121096684,6.23735050772006
39,108,1.0,7691.947826386278,0.04261679107135951,8.990546114915928,-8.94792932384457,-8.947929323844567,1.7763568394002505e-15,-0.026577000979996157,-2.707224471453194,3.6016475227761164,6.240704852391376,0.027325516691260047,0.4993391192167475,6.234754370372057
39,109,1.0,7899.117511612588,0.016061860603179896,8.990568185427746,-8.974506324824565,-8.974506324824565,0.0,0.03147182269468374,-2.7330197714634132,3.6024292237458937,6.241486553361152,0.027336454223294403,0.49934585226019795,6.235593180385772
39,110,1.0,7654.389109738298,0.046106948542866566,8.989141450672749,-8.943034502129882,-8.943034502129882,0.0,-0.05881043062072777,-2.70144966323923,3.6025275092753932,6.241584838890652,0.02729299136203055,0.49932664704202195,6.2355174463737
39,111,1.0,8118.04737152386,-0.01354150482247897,8.988303427928132,-9.00184493275061,-9.001844932750611,1.7763568394002505e-15,0.021470776411344872,-2.7578010280772474,3.604986575058105,6.244043904673363,0.027244735067061404,0.4993510108095892,6.238191352643945
39,112,1.0,7945.6044576848035,0.0067397415431873185,8.987113897882452,-8.980374156339265,-8.980374156339265,0.0,-0.0129910214984168,-2.736394679403307,3.6049221473206994,6.243979476935957,0.027298220426885088,0.4993049512352706,6.237709641506896
39,113,1.0,8049.499365339867,-0.005152184537498189,8.98821299330018,-8.993365177837681,-8.99336517783768,1.7763568394002505e-15,0.07882406975773648,-2.7501755480649384,3.604132300157481,6.243189629772739,0.02735715997852769,0.4993142925711769,6.237008482989019
39,114,1.0,7439.3674799696155,0.07084927748822507,8.985390385568172,-8.914541108079945,-8.914541108079947,1.7763568394002505e-15,-0.009914827313103558,-2.6710265550283756,3.60445722343631,6.243514553051568,0.027403693429416908,0.49924391053585987,6.236691177983824
39,115,1.0,7513.494394384617,0.06366243766201862,8.98811837305507,-8.924455935393048,-8.92445593539305,1.7763568394002505e-15,0.07010561287489026,-2.68407474116449,3.6013238646132995,6.240381194228559,0.027383077629915473,0.49926015579385885,6.233720051301008
39,116,1.0,7004.7959035214135,0.13170424137469203,8.98605456389285,-8.854350322518158,-8.854350322518158,0.0,-0.06862924487094624,-2.615002469880366,3.6002905230225344,6.239347852637793,0.02741123469816869,0.4991968145440989,6.232115864317372
39,117,1.0,7502.409896075622,0.06735577400537171,8.990335341394474,-8.922979567389104,-8.922979567389103,1.7763568394002505e-15,0.018845758364754772,-2.685518789731694,3.59840344804215,6.237460777657409,0.027405464622227118,0.49925351309036814,6.230745394906107
39,118,1.0,7362.345249713781,0.0841559602056965,8.988289769230045,-8.90413380902435,-8.904133809024348,1.7763568394002505e-15,-0.023970994093609477,-2.6653369910170652,3.599739488392026,6.238796818007285,0.027365047903547327,0.4992282457626424,6.231849457725092
39,119,1.0,7540.960220691292,0.06168818303083855,8.989792986148796,-8.928104803117959,-8.928104803117957,1.7763568394002505e-15,-0.018241830150133254,-2.689908906349788,3.5991385671529126,6.238195896768173,0.027387121647343374,0.4992507771933318,6.2314544323845285
39,120,1.0,7679.783481782707,0.041336524778211814,8.987683158046305,-8.946346633268092,-8.946346633268094,1.7763568394002505e-15,0.022359553012012867,-2.705688048349551,3.6016012553032826,6.240658584918542,0.027311522602238483,0.4992613910478264,6.234010162733314
39,121,1.0,7509.972479639644,0.06266119075113713,8.986648271007216,-8.92398708025608,-8.923987080256078,1.7763568394002505e-15,0.08678688626328324,-2.6832939443198494,3.601635806320971,6.240693135936228,0.027423687595415996,0.4992274647257097,6.2337402802805935
39,122,1.0,6885.687039061613,0.14444104365590976,8.981641237648706,-8.837200193992796,-8.837200193992796,0.0,-0.0321510240691687,-2.595775390518928,3.602367473858608,6.241424803473868,0.02737520153955496,0.49914571075879993,6.233732838849628
39,123,1.0,7110.666204541478,0.11378212468708626,8.98313334274905,-8.869351218061965,-8.869351218061963,1.7763568394002505e-15,-0.008547729516719116,-2.6285492970297346,3.6017445914169715,6.24080192103223,0.027320433404082963,0.499164922804529,6.2332855492071815
39,124,1.0,7171.706763381295,0.10901742457249652,8.986916372151182,-8.877898947578684,-8.877898947578686,1.7763568394002505e-15,0.010149427708787684,-2.6409841693303533,3.59785744863307,6.2369147782483285,0.02742829522324017,0.4991506880782949,6.2292791229890465
39,125,1.0,7099.286179452965,0.11642192329854484,8.984171443168442,-8.867749519869896,-8.867749519869898,1.7763568394002505e-15,-0.04318599906199516,-2.6290041371015427,3.599688053153096,6.238745382768356,0.027464439863377287,0.49911507160119317,6.230784068984692
39,126,1.0,7412.5924761539045,0.07524929003052011,8.98618480896241,-8.910935518931892,-8.91093551893189,1.7763568394002505e-15,0.00493113542890633,-2.67281328880746,3.5990649005091733,6.238122230124432,0.027453980442253247,0.4991306662300578,6.230302344193865
39,127,1.0,7376.129953478892,0.08049643455561238,8.986500818058598,-8.906004383502985,-8.906004383502985,0.0,0.06225908334601016,-2.6687227051831957,3.598224348704534,6.237281678319792,0.02743314209589371,0.49913905867658664,6.2295422278769905
39,128,1.0,6930.902400001638,0.13710824444066733,8.980853544597643,-8.843745300156975,-8.843745300156975,0.0,-0.050393755933864526,-2.603507623599936,3.6011803469417814,6.240237676557041,0.027458112423331925,0.49905436834376615,6.23172360653109
39,129,1.0,7289.126936916458,0.08872555305029328,8.982864609141131,-8.89413905609084,-8.894139056090838,1.7763568394002505e-15,0.0773399350407935,-2.6543700063730813,3.6007117201024994,6.239769049717759,0.027406050205814478,0.49909912966807346,6.231664922999536
39,130,1.0,6746.634865091981,0.1618158568499103,8.978614977899957,-8.816799121050046,-8.816799121050046,0.0,0.06967259547911908,-2.576884531616506,3.6008572598182815,6.239914589433541,0.027433711466200966,0.4990053557058711,6.230962967688532
39,131,1.0,6292.580535463335,0.22752918040995226,8.97465570598088,-8.747126525570927,-8.747126525570927,0.0,-0.016492625471322242,-2.5072720939072783,3.60079710204839,6.239854431663649,0.027513454053280526,0.4989254576475123,6.230181856136319
39,132,1.0,6397.2222458253,0.2100826475581677,8.973701798600414,-8.76361915104225,-8.763619151042247,1.7763568394002505e-15,-0.04974155273711034,-2.522782072375715,3.6017797490512757,6.240837078666535,0.02749160665867578,0.498906681072499,6.230989925067296
39,133,1.0,6723.476955347016,0.16262268959212559,8.975983393371486,-8.81336070377936,-8.81336070377936,0.0,0.013339571011517393,-2.573044029099519,3.6012593450645807,6.240316674679839,0.027459130794304166,0.49893046383606526,6.230685745552371
39,134,1.0,6634.384207697689,0.1757625970370171,8.975783729804856,-8.800021132767842,-8.800021132767839,3.552713678800501e-15,0.007119618209372902,-2.560464793691378,3.6004990094612053,6.239556339076463,0.027485195764687068,0.4988943877052675,6.229600493086705
39,135,1.0,6587.317671780342,0.18359544080496598,8.976496955363437,-8.79290151455847,-8.792901514558471,1.7763568394002505e-15,0.00909584201783531,-2.5545764464520446,3.5992677384911653,6.238325068106425,0.027470386004312883,0.4989010273329871,6.228433936317974
39,136,1.0,6527.672145286776,0.19142523361733188,8.975230906157964,-8.783805672540634,-8.783805672540632,1.7763568394002505e-15,-0.13094290900245298,-2.545388025202429,3.5993603177229474,6.238417647338207,0.027493867693494437,0.498890042469224,6.228435016064133
39,137,1.0,7440.911111430013,0.06611399961947284,8.980862581162556,-8.914748581543087,-8.914748581543083,3.552713678800501e-15,0.029573901805683533,-2.676956634041407,3.5987346178864192,6.237791947501678,0.027432863471621705,0.4989865969204164,6.228680326347712
39,138,1.0,7224.076463848238,0.09303157991806833,8.978206259655472,-8.885174679737403,-8.885174679737403,0.0,0.029833747728794435,-2.6456820677086594,3.6004352824134878,6.239492612028746,0.02735825071246486,0.498965967713681,6.230193991499448
39,139,1.0,7011.738358885465,0.11943753911335786,8.974778471121965,-8.855340932008609,-8.855340932008607,1.7763568394002505e-15,0.02728289191860611,-2.61501900464777,3.60126459774558,6.240321927360839,0.027435207661703036,0.4988887802398086,6.230320367254673
39,140,1.0,6823.023902884319,0.14790049097081218,8.975958531060815,-8.828058040090003,-8.828058040090003,0.0,0.06582941076687732,-2.5902037285123645,3.5987969819623795,6.237854311577637,0.027438837559335665,0.4988798235864812,6.227782355120531
39,141,1.0,6388.332951161391,0.20916995219655596,8.971398581519683,-8.762228629323126,-8.762228629323127,1.7763568394002505e-15,0.051619930360784494,-2.5235510403865584,3.5996202593213056,6.238677588936565,0.02750565626891913,0.49878899335499355,6.227779415832112
39,142,1.0,6066.934300934331,0.25689472563730686,8.967503424599649,-8.710608698962341,-8.710608698962341,0.0,-0.023789631979884263,-2.471048752591678,3.6005026167554055,6.239559946370664,0.02753202236191238,0.49871232526651976,6.227963541735427
39,143,1.0,6212.994910800405,0.2285238060381987,8.962922136980424,-8.734398330942225,-8.734398330942225,0.0,0.006566448630323407,-2.4887306806616842,3.6066103206652826,6.245667650280542,0.02740742618806587,0.4987150677693144,6.234047805996972
39,144,1.0,6172.33125290056,0.2356581293682542,8.963490011680157,-8.727831882311902,-8.727831882311904,1.7763568394002505e-15,0.03854847052693522,-2.483544041069544,3.6052305116270964,6.244287841242355,0.02744202841671088,0.4987073644070635,6.2326117525982925
39,145,1.0,5938.924953898877,0.2701960449115174,8.959479456696483,-8.689283411784967,-8.689283411784967,0.0,-0.009104932220253659,-2.4440593781722293,3.606166703997478,6.245224033612737,0.0275823731054238,0.4986221843158808,6.232766263927433
39,146,1.0,5993.245379700709,0.26352157666307074,8.96190992066829,-8.69838834400522,-8.69838834400522,0.0,0.030929630224250104,-2.4558928717610042,3.6034381426289595,6.242495472244217,0.027606932878556714,0.4986248650403279,6.230082900765973
39,147,1.0,5810.713883316788,0.2931675339245353,8.960626247705505,-8.66745871378097,-8.66745871378097,0.0,-0.11328109871931069,-2.426178526598495,3.6022228575672157,6.241280187182475,0.02763073091833263,0.4985778942581662,6.228454269976842
39,148,1.0,6507.689863192051,0.1843519386462965,8.965091751146577,-8.780739812500281,-8.780739812500281,0.0,0.049463267183556425,-2.538409920231288,3.6032725626537334,6.242329892268992,0.027493937357200685,0.4986866345317657,6.230478598522771
39,149,1.0,6193.629515629879,0.2312928563202052,8.96256940163693,-8.731276545316724,-8.731276545316724,0.0,0.034297101643446126,-2.489921266984213,3.602297948717251,6.241355278332509,0.02757647220656293,0.4986033196119009,6.228756382120304
39,150,1.0,5984.807439799775,0.2628771572574078,8.959856600930689,-8.696979443673278,-8.69697944367328,1.7763568394002505e-15,0.06196049505377843,-2.4554559126375004,3.6024662014205204,6.24152353103578,0.02765260372661533,0.4985524153226148,6.228475195236966
39,151,1.0,5625.240313834446,0.31816410343766455,8.953183052057163,-8.6350189486195,-8.635018948619498,1.7763568394002505e-15,-0.06140448132491905,-2.3898789445758313,3.6060826744284094,6.245140004043668,0.02777616125216693,0.4984543793692316,6.231167132593727
39,152,1.0,5981.480729632633,0.2620949308697099,8.958518360814129,-8.696423429944419,-8.696423429944419,0.0,-0.06520225058131501,-2.4536701245830064,3.6036959757461533,6.242753305361412,0.027650340353884348,0.4985260491844452,6.229453899169834
39,153,1.0,6384.482274488252,0.19426684278473108,8.955892523310466,-8.761625680525734,-8.761625680525734,0.0,-0.04548129406793677,-2.5135350981466096,3.609033252763865,6.248090582379125,0.027618147245136757,0.4985507619958193,6.234969108802815
39,154,1.0,6681.561352303901,0.15584937870523183,8.9629563532989,-8.80710697459367,-8.807106974593667,3.552713678800501e-15,0.03231310028392009,-2.5648453426738667,3.6032043023045452,6.242261631919804,0.027645710634012336,0.4986021235249427,6.229658482423576
39,155,1.0,6469.110350862432,0.18368226600534526,8.958476140315096,-8.77479387430975,-8.77479387430975,0.0,0.038956317204155155,-2.5305922883697494,3.6051442563247416,6.244201585940003,0.0277214716685877,0.4985229557393019,6.2308483463588535
39,156,1.0,6221.943253428713,0.22015401568232568,8.955991572787921,-8.735837557105596,-8.735837557105596,0.0,-0.04745814308979135,-2.4918540621404874,3.604926165349851,6.243983494965109,0.027707014766018733,0.49846033740361173,6.230057221718363
39,157,1.0,6524.344061701264,0.1745814846278812,8.957877184823268,-8.783295700195387,-8.783295700195387,0.0,-0.06479768643430361,-2.5394093753343157,3.604828995245812,6.243886324861072,0.027643084689650235,0.49849956996466444,6.230312697821138
39,158,1.0,6961.104175353704,0.11318506760193771,8.961278454231628,-8.84809338662969,-8.84809338662969,0.0,0.03151210020574702,-2.605339197939219,3.603696859075214,6.242754188690471,0.027505716556763527,0.4985500027098403,6.229648563663672
39,159,1.0,6745.165374467473,0.14117236828652713,8.95775365471047,-8.816581286423943,-8.816581286423942,1.7763568394002505e-15,-0.061449594389983986,-2.5728471475351826,3.604676809273499,6.243734138888759,0.027567347758041632,0.4984844629951159,6.230040934462514
39,160,1.0,7172.65301227628,0.08425397288646912,8.962284853700396,-8.878030880813927,-8.878030880813927,0.0,-0.09283102578890201,-2.6370483882627163,3.601925162935953,6.240982492551211,0.027580243766310297,0.49851916497722737,6.227623442156437
39,161,1.0,7870.382217337321,-0.0040881222719849585,8.966773784330845,-8.97086190660283,-8.970861906602831,1.7763568394002505e-15,-0.03661089520856109,-2.730806756072668,3.6009978209149023,6.240055150530162,0.027562842960176352,0.4985994871936099,6.227428117717513
39,162,1.0,8163.863481767272,-0.04285034600329102,8.964622455808097,-9.00747280181139,-9.007472801811389,1.7763568394002505e-15,0.016809746106247303,-2.764815068476767,3.603600403719363,6.242657733334623,0.027656595266905865,0.4985715719867898,6.229751586155605
39,163,1.0,8027.777995063109,-0.028700767366801258,8.961962288338341,-8.990663055705143,-8.990663055705143,0.0,-0.004121463842883699,-2.746552074535304,3.605053651554581,6.24411098116984,0.027653463026937792,0.4985178817033339,6.2307135552313095
39,164,1.0,8060.932467356424,-0.03712035929665661,8.957664160251372,-8.994784519548027,-8.994784519548029,1.7763568394002505e-15,0.018395382186856324,-2.7473459624948715,3.608381227437897,6.247438557053155,0.02772131710765774,0.4984527756976806,6.233406943587491
39,165,1.0,7914.0040790016965,-0.021948501628656913,8.954440635732514,-8.97638913736117,-8.97638913736117,0.0,-0.06432632063294896,-2.7279823150663987,3.6093494926795127,6.248406822294773,0.027796255657141933,0.4983656691783544,6.233574266031854
39,166,1.0,8439.81322827734,-0.08323329946903886,8.95748215852508,-9.04071545799412,-9.04071545799412,0.0,-0.008208264696065726,-2.7931327311326593,3.608525397246201,6.247582726861459,0.0277954226439784,0.49843381127382225,6.233384689623752
39,167,1.0,8509.374547540046,-0.08784111949455584,8.961082603195631,-9.048923722690185,-9.048923722690187,1.7763568394002505e-15,-0.000548351750397913,-2.8040362192348387,3.605830173840089,6.24488750345535,0.027700171564000637,0.49848014235766247,6.231149114804576
39,168,1.0,8514.04195754225,-0.08694296591364978,8.962529108526935,-9.049472074440583,-9.049472074440585,1.7763568394002505e-15,0.06806717497696724,-2.806786790131731,3.6036279546935956,6.2426852843088545,0.027648767141316866,0.4984832184747396,6.2289881943191086
39,169,1.0,7953.798557128743,-0.01646687751352031,8.964938021950095,-8.981404899463616,-8.981404899463616,0.0,-0.0134908754288805,-2.743374772239472,3.598972797608885,6.238030127224144,0.027594639592744507,0.49846583136311495,6.224234491479112
39,170,1.0,8061.829339064791,-0.029595480875802483,8.965300294016696,-8.994895774892496,-8.994895774892498,1.7763568394002505e-15,-0.01794901164663365,-2.757647184285548,3.5981912609916895,6.2372485906069475,0.027596513399218283,0.4984492344781427,6.223303958235832
39,171,1.0,8207.837640213194,-0.04972781829730533,8.963116968241827,-9.01284478653913,-9.012844786539134,3.552713678800501e-15,-0.014448485452160043,-2.7732407054269252,3.6005467514969456,6.239604081112204,0.02762899875798664,0.4984303306171018,6.225476538336882
39,172,1.0,8327.289332932327,-0.06316492287919337,8.9641283491121,-9.02729327199129,-9.027293271991294,3.552713678800501e-15,0.03573444340122478,-2.7887597905121693,3.5994761518638643,6.238533481479124,0.027608826807325598,0.4984230690580423,6.224347450495678
39,173,1.0,8034.972282660077,-0.03159151840374462,8.959967310186324,-8.991558828590065,-8.991558828590069,3.552713678800501e-15,-0.0714709826814861,-2.7505289145638194,3.601972584410987,6.241029914026247,0.027590488242506154,0.4983538996476764,6.226211662844311
39,174,1.0,8630.259138575482,-0.10379197904589686,8.959237832225654,-9.063029811271551,-9.06302981127155,1.7763568394002505e-15,-0.06752332996117794,-2.819310995105767,3.6046614865505275,6.243718816165787,0.027603182327672556,0.49838427753726383,6.229156947706514
39,175,1.0,9233.127780619328,-0.16915533940339683,8.96139780182933,-9.13055314123273,-9.130553141232726,3.552713678800501e-15,-0.06975088996033207,-2.8879974019595407,3.603498409657932,6.242555739273191,0.027671273927208938,0.49841095731647445,6.228228237291179
39,176,1.0,9900.138552166292,-0.24167941373315502,8.95862461745991,-9.200304031193062,-9.200304031193065,3.552713678800501e-15,0.004153397011524618,-2.9531824760360883,3.6080642255417135,6.247121555156974,0.027665829086408057,0.4984321936332637,6.232953696467557
39,177,1.0,9859.10462038354,-0.23589187186212957,8.960258762319409,-9.196150634181537,-9.196150634181539,1.7763568394002505e-15,0.09258706640367009,-2.950086719742437,3.6070065848238424,6.246063914439103,0.0275910013766106,0.4984397790135551,6.231992050440089
39,178,1.0,8987.262425305289,-0.14345546409330767,8.960108103684558,-9.103563567777867,-9.103563567777865,1.7763568394002505e-15,0.003597316788349403,-2.8618154666717217,3.6026907714908845,6.241748101106144,0.02756921295378788,0.4983507005092965,6.226892649297892
39,179,1.0,8954.990476315157,-0.1409939509979861,8.958972299991531,-9.099966250989517,-9.099966250989517,0.0,-0.013656126612049846,-2.858096648159228,3.6028122732150325,6.241869602830291,0.027503594490930285,0.49833159274492766,6.226825888617826
39,180,1.0,9078.11978123428,-0.15111592258291878,8.962506455018648,-9.113622377601567,-9.113622377601567,0.0,0.05352124326073593,-2.8758050363901155,3.598760011596192,6.237817341211451,0.02760974673446055,0.4983497927660325,6.222967465391646
39,181,1.0,8605.020873132442,-0.1003248136318182,8.959776320709015,-9.060101134340831,-9.060101134340833,1.7763568394002505e-15,-0.06725820151923756,-2.8216681082647974,3.5993756964607755,6.2384330260760334,0.02757100243911141,0.49828923586125495,6.223039213361899
39,182,1.0,9203.686008179087,-0.16918228705764704,8.95817704880242,-9.127359335860069,-9.127359335860067,1.7763568394002505e-15,0.007232325874996448,-2.884428874374044,3.6038731318707664,6.242930461486024,0.027588856646615926,0.49830959329892366,6.227702303438017
39,183,1.0,9137.362078949216,-0.1613526701899633,8.958774339795106,-9.120127009985072,-9.120127009985069,3.552713678800501e-15,-0.025669587408662764,-2.878700535305498,3.602369145064316,6.241426474679575,0.02757757998799649,0.4982937763059383,6.226071382372149
39,184,1.0,9374.950749083655,-0.18823941030799346,8.957557187085742,-9.145796597393735,-9.145796597393735,0.0,0.008859325364559467,-2.902729724799559,3.6040095429789174,6.243066872594177,0.027723193518543143,0.4982574220357736,6.227366468456681
39,185,1.0,9292.26183495543,-0.17654058468613676,8.960396687343039,-9.136937272029176,-9.136937272029176,0.0,-0.01789012175842508,-2.896817426717739,3.601062515696178,6.240119845311436,0.027667464266887806,0.4982823095681254,6.224675967572317
39,186,1.0,9459.997462276599,-0.19614638526215977,8.95868100852544,-9.1548273937876,-9.1548273937876,0.0,0.016013042883132655,-2.913220466464216,3.602549597708126,6.241606927323384,0.02772150128680985,0.49825690936126843,6.225925799715935
39,187,1.0,9309.720523891403,-0.17833673737136518,8.960477613533103,-9.138814350904468,-9.138814350904468,0.0,0.037176811446146374,-2.898652214461129,3.6011048068280807,6.240162136443339,0.02773115482439868,0.49826465922202967,6.224586776948216
39,188,1.0,8969.969362169475,-0.14406577715249855,8.957571762305822,-9.101637539458322,-9.10163753945832,1.7763568394002505e-15,0.012807924494584455,-2.860086527881744,3.6024936819613194,6.241551011576577,0.02769419877473198,0.4982055522262276,6.225439902734239
39,189,1.0,8855.815270861218,-0.13300673602822466,8.95582287893551,-9.088829614963737,-9.088829614963736,1.7763568394002505e-15,-0.013639794201088407,-2.846999702227978,3.602772583120501,6.241829912735761,0.027783418483362667,0.498154826276847,6.225265173772992
39,190,1.0,8977.43431245265,-0.1479067101255731,8.954562699039254,-9.102469409164826,-9.102469409164827,1.7763568394002505e-15,0.03261735511188846,-2.8601083091728836,3.6033037703766833,6.242361099991942,0.027743969047078,0.4981369415600804,6.225646646576968
39,191,1.0,8689.338158250152,-0.11547532877061249,8.954376725282323,-9.069852054052937,-9.069852054052935,1.7763568394002505e-15,0.03052795407658948,-2.8298268762865617,3.6009678481511167,6.240025177766376,0.027654638171780092,0.49809553189791295,6.222931840776637
39,192,1.0,8428.078591906946,-0.08667595544219836,8.952648144534148,-9.039324099976348,-9.039324099976346,1.7763568394002505e-15,-0.12314683081057787,-2.7992919788899235,3.6009747914711663,6.240032121086425,0.02771670521196318,0.4980442824841312,6.222486602221923
39,193,1.0,9532.582352149475,-0.20714874434753705,8.955322186439389,-9.162470930786926,-9.162470930786926,0.0,0.06458109557610037,-2.920979758743019,3.6024338424286464,6.2414911720439035,0.02770475791425336,0.4981489877823866,6.224876639517717
39,194,1.0,8936.415484169327,-0.14123257355566315,8.956657261655163,-9.097889835210825,-9.097889835210827,1.7763568394002505e-15,-0.012404717952442468,-2.8614346336086895,3.597397871986877,6.236455201602136,0.02767351291031596,0.49809732916697713,6.219398886436222
39,195,1.0,9047.95960409361,-0.15359722650488822,8.956697326658382,-9.110294553163268,-9.110294553163271,3.552713678800501e-15,0.02162383281949687,-2.8747945346040944,3.5964426889439136,6.235500018559173,0.027650102276676327,0.49807352690532125,6.218229451767846
39,196,1.0,8854.40824124694,-0.13217111609966842,8.956499604244101,-9.08867072034377,-9.088670720343769,1.7763568394002505e-15,0.06527655638528529,-2.8546243273319645,3.5949890633965462,6.234046393011805,0.02763291187670414,0.49801135295639676,6.216219951994958
39,197,1.0,8294.883550082435,-0.0689788780367674,8.954415285921717,-9.023394163958486,-9.023394163958486,0.0,-0.10852062919093974,-2.790956576227807,3.59338025811542,6.23243758773068,0.027602678968731743,0.49790998101816314,6.213708910197805
39,198,1.0,9245.708650197641,-0.17687031560794056,8.955044477541481,-9.131914793149425,-9.131914793149422,3.552713678800501e-15,0.016916020518790376,-2.8957533270891345,3.5971041364450307,6.236161466060289,0.027703740124292758,0.49796356280448884,6.217899257479097
39,199,1.0,9090.623463203327,-0.16225319886552855,8.952745573765107,-9.114998772630635,-9.114998772630635,0.0,0.08995964088065556,-2.8776228111529027,3.598318631862474,6.237375961477733,0.027691123271366993,0.49791749118854656,6.218696610309009
39,200,1.0,8308.539595154327,-0.07391059835614194,8.951128533393838,-9.02503913174998,-9.02503913174998,0.0,0.005117994851149277,-2.7913526105573303,3.5946291915773894,6.233686521192648,0.027595022543808193,0.4978288221812762,6.214227537228941
39,201,1.0,8266.125163290842,-0.06896670647121506,8.950954430427618,-9.01992113689883,-9.019921136898834,3.552713678800501e-15,-0.04321079841802522,-2.787666847644457,3.5931969596391142,6.232254289254373,0.02762380926543259,0.4977822936810645,6.2123807493028735
39,202,1.0,8631.140540556135,-0.11307061342050582,8.95006132189635,-9.063131935316855,-9.063131935316855,0.0,0.01964675329148946,-2.829336482400952,3.5947381233006452,6.2337954529159045,0.027636463847458347,0.49778011992111343,6.213892852593134
39,203,1.0,8463.221584173352,-0.09717525347350665,8.946309928551857,-9.043485182025366,-9.043485182025364,1.7763568394002505e-15,0.0040099656610514955,-2.8099399568226575,3.5944878955874495,6.233545225202709,0.027648702706854898,0.49768623235873943,6.212790466197462
39,204,1.0,8429.3523089386,-0.09398353050728112,8.945491685857036,-9.039475216364314,-9.039475216364316,1.7763568394002505e-15,0.023446124971034266,-2.8059922205558587,3.594425666193197,6.233482995808457,0.02768971814558664,0.49764241313111524,6.212345818911354
39,205,1.0,8234.015554562979,-0.07142286134390693,8.944606230049374,-9.01602909139328,-9.01602909139328,0.0,0.05101726539493434,-2.7833816737969594,3.5935900879810623,6.23264741759632,0.02766981084377137,0.4975997449025739,6.211137268872697
39,206,1.0,7824.474260528948,-0.02206676501730854,8.942945060981037,-8.965011825998346,-8.965011825998346,0.0,0.041664022120254884,-2.7344235279899984,3.5915309683930907,6.23058829800835,0.027646881200692943,0.4975378876561849,6.208536440618755
39,207,1.0,7505.173065873436,0.014461553183117148,8.937809357061209,-8.923347803878091,-8.923347803878091,0.0,0.04936450556299121,-2.6907294801838626,3.5935609940789695,6.232618323694227,0.02761763398446094,0.497429924934759,6.20958827018783
39,208,1.0,7143.67978279741,0.062178602773687995,8.936161901088788,-8.8739832983151,-8.8739832983151,0.0,0.022514581019303037,-2.6423154601819445,3.592610508517894,6.231667838133153,0.027674621946108997,0.49735328357135056,6.2079594076395574
39,209,1.0,6984.639901831473,0.08482168192207395,8.93629039921787,-8.851468717295797,-8.851468717295797,0.0,0.006485376014426336,-2.62135019705418,3.5910611906263568,6.230118520241616,0.027652703679242024,0.49733649406352015,6.206274259179567
39,210,1.0,6939.488456050565,0.08906158591417562,8.934044927195547,-8.84498334128137,-8.844983341281372,1.7763568394002505e-15,-0.022383306744400144,-2.615236797028992,3.5906892146371203,6.229746544252378,0.027650544597081488,0.49728911449124946,6.205482801894502
39,211,1.0,7096.568582940246,0.06657855017693885,8.933945198202707,-8.86736664802577,-8.867366648025769,1.7763568394002505e-15,0.02080709242987666,-2.6363689880069847,3.591940330403527,6.230997660018786,0.027609273695319392,0.49730216041783504,6.206849601658765
39,212,1.0,6950.435202032924,0.0844347990953126,8.930994354691208,-8.846559555595894,-8.846559555595896,1.7763568394002505e-15,-0.006786426112459054,-2.6162234974029794,3.591278728577656,6.230336058192916,0.02760679159513451,0.497240022296105,6.205629222673068
39,213,1.0,6997.7642328191405,0.074661357469481,8.928007339177835,-8.853345981708353,-8.853345981708355,1.7763568394002505e-15,-0.002334761689013476,-2.621374191553547,3.5929144605395464,6.231971790154804,0.027662208050737533,0.4971713442083537,6.206629324818956
39,214,1.0,7014.121432309621,0.07203173563839603,8.927712479035765,-8.855680743397366,-8.85568074339737,3.552713678800501e-15,-0.0006306669664528641,-2.6253735369852076,3.5912498767969008,6.230307206412158,0.0276740886144324,0.4971306140384101,6.204609716837861
39,215,1.0,7018.546402190168,0.07275683656372668,8.929068246927546,-8.85631141036382,-8.85631141036382,0.0,-0.08263131077292485,-2.627948211455551,3.589305869293009,6.228363198908268,0.02767517389260469,0.49713487790609506,6.202717952803371
39,216,1.0,7623.133016019296,-0.010297141209752197,8.928645579926993,-8.938942721136744,-8.938942721136746,1.7763568394002505e-15,0.08978848390448313,-2.7074787928025508,3.592406598718934,6.231463928334192,0.027603094436828023,0.4972003068720921,6.2063809884236685
39,217,1.0,6968.492785325422,0.07627680312248,8.925431040354738,-8.849154237232261,-8.849154237232257,3.552713678800501e-15,0.03018677281208859,-2.618572186357433,3.5915247212595696,6.230582050874828,0.02766448921601203,0.4970700962299036,6.204347371716857
39,218,1.0,6761.279757912492,0.10412840639517647,8.923095870815349,-8.818967464420172,-8.818967464420172,0.0,0.004182256804847739,-2.5889076726009423,3.5910024622039707,6.23005979181923,0.027636942486699435,0.4969931338833896,6.2031475453959874
39,219,1.0,6733.061398978554,0.10653751097503258,8.921322718590355,-8.814785207615325,-8.814785207615323,1.7763568394002505e-15,0.03203995216480493,-2.584480801758754,3.5912470762413107,6.23030440585657,0.02766659723058212,0.4969298120824413,6.2028206929630585
39,220,1.0,6520.753759021064,0.13186688627443297,8.914612141724954,-8.78274525545052,-8.782745255450521,1.7763568394002505e-15,0.030043277699405735,-2.5491747117937247,3.5945132140415366,6.233570543656795,0.027590626024316355,0.4968268145686561,6.205136517484727
39,221,1.0,6327.762503882179,0.15839304618861272,8.911095023939726,-8.752701977751114,-8.752701977751114,0.0,0.0179724747154566,-2.5174896929830117,3.5961549551528442,6.235212284768103,0.02759686079315816,0.4967563626967152,6.206127891920299
39,222,1.0,6215.0528220740725,0.17277384783031596,8.907503350865973,-8.734729503035657,-8.734729503035657,0.0,-0.013288502519587908,-2.498293283863993,3.5973788895564036,6.2364362191716625,0.027595480821215466,0.4966663561096769,6.206533172628693
39,223,1.0,6298.192746275525,0.1579150166046582,8.905933022159903,-8.748018005555245,-8.748018005555245,0.0,0.003362397585945587,-2.512191511380657,3.5967691645593294,6.235826494174588,0.027593043153985364,0.4966179912907508,6.205499520077735
39,224,1.0,6277.051281113626,0.16133187031994076,8.90598747828924,-8.7446556079693,-8.7446556079693,0.0,0.007656237359455531,-2.510706659184041,3.59489161917,6.233948948785259,0.027634787430055978,0.496592083055265,6.203416793537819
39,225,1.0,6229.176191972465,0.1658165845426847,8.90281595515253,-8.736999370609844,-8.736999370609846,1.7763568394002505e-15,-0.0778086852894404,-2.501095776629969,3.596846264364616,6.2359035939798755,0.02757379690614073,0.49654894990194254,6.204971770378906
39,226,1.0,6733.21523963481,0.08815834675295657,8.90296640265224,-8.814808055899285,-8.814808055899283,1.7763568394002505e-15,-0.11419029046141205,-2.5751977159099084,3.6005530103741177,6.239610339989376,0.027460150711617844,0.49659114539672533,6.20901561190381
39,227,1.0,7547.701406062031,-0.023457804770518974,8.905540541590177,-8.928998346360697,-8.928998346360697,0.0,0.06886682756621632,-2.687039457179309,3.6029015595661287,6.2419588891813875,0.027402320921445532,0.4967066331153023,6.212407617874645
39,228,1.0,7045.409287371227,0.041459652755223474,8.901591171549702,-8.86013151879448,-8.860131518794478,1.7763568394002505e-15,-0.07417456080601603,-2.6185350463058525,3.6025391428733684,6.241596472488626,0.027454433627253125,0.4965708568727865,6.210810435693093
39,229,1.0,7587.869097093078,-0.03355005727318831,8.90075602232731,-8.934306079600496,-8.934306079600498,1.7763568394002505e-15,0.03649707134703206,-2.6891295087518414,3.606119241233396,6.2451765708486535,0.027436276492071802,0.4966136698248067,6.214717181891599
39,230,1.0,7315.926831167543,0.006763866287007439,8.904572874540472,-8.897809008253464,-8.897809008253464,0.0,0.013323256865126254,-2.660757829323,3.5979938493152055,6.237051178930464,0.027594726864390205,0.4965542553678162,6.206142702855347
39,231,1.0,7219.101306736644,0.017375002146018614,8.901860753534358,-8.884485751388338,-8.88448575138834,1.7763568394002505e-15,0.011430188873715608,-2.646047366090596,3.5993810556824832,6.2384383852977425,0.027490243707213112,0.4965376505729148,6.207393097836094
39,232,1.0,7137.055408625436,0.028729673696733557,8.901785236211357,-8.873055562514622,-8.873055562514622,0.0,-0.04568072462793715,-2.639285506023455,3.5947127268759087,6.233770056491167,0.027601529313727353,0.49644781059414883,6.201954074817398
39,233,1.0,7470.642514977892,-0.015749824541968896,8.90298646260059,-8.91873628714256,-8.918736287142558,1.7763568394002505e-15,-0.09362710050540457,-2.684442329029629,3.595236628497671,6.2342939581129295,0.027615147495248602,0.49647620909339707,6.202724905077354
39,234,1.0,8203.887347183958,-0.11218737842575527,8.900176009222207,-9.012363387647964,-9.012363387647962,1.7763568394002505e-15,-0.00347498169942817,-2.774137615480548,3.5991684425521586,6.238225772167417,0.02752193996377306,0.4965255783883807,6.207051353524873
39,235,1.0,8232.445296016762,-0.11504290978987047,8.900795459557523,-9.015838369347392,-9.015838369347394,1.7763568394002505e-15,0.012857356953761112,-2.7789650286311516,3.5978160111009827,6.236873340716242,0.027559087898795236,0.49649479769868693,6.205451633616493
39,236,1.0,8127.275360756558,-0.10504777752766885,8.897933234865965,-9.002981012393631,-9.002981012393635,3.552713678800501e-15,-0.012851013962192681,-2.7649132918959034,3.5990103908824684,6.238067720497727,0.02757344297344449,0.4964283980286727,6.206047000289838
39,237,1.0,8232.393077851268,-0.11803306526273859,8.897798961093086,-9.015832026355824,-9.015832026355824,0.0,0.03208401065594657,-2.7770611254693125,3.599713571271252,6.23877090088651,0.02752655076380058,0.496470621305518,6.207130549910017
39,238,1.0,7972.457082678404,-0.08979873804649466,8.893949277653382,-8.983748015699877,-8.983748015699877,0.0,0.09857163292619475,-2.7457524452418665,3.598938240842752,6.237995570458011,0.02753448216373093,0.49639414174020496,6.205675039192698
39,239,1.0,7224.088766723013,0.007317344148450658,8.892493726922133,-8.885176382773682,-8.885176382773682,0.0,-0.009368545240047155,-2.6539756275279074,3.5921434256305167,6.2312007552457755,0.02757546697600902,0.49622535353969577,6.197437330662767
39,240,1.0,7292.085989340069,-0.0005709794348671901,8.893973948578864,-8.89454492801373,-8.894544928013731,1.7763568394002505e-15,0.09204701694099526,-2.6662578619804096,3.5892297364180616,6.228287066033319,0.02764338969378168,0.4961973231845811,6.194293404361775
39,241,1.0,6650.836472465421,0.08591947258127595,8.88841738365401,-8.802497911072734,-8.802497911072734,0.0,-0.043532821370931174,-2.573040280207806,3.5904003012496695,6.229457630864927,0.027630306321160442,0.49605728505506513,6.1942200668476675
39,242,1.0,6946.76062266698,0.04037561900750526,8.88640635145117,-8.846030732443666,-8.846030732443664,1.7763568394002505e-15,0.027192387252451766,-2.6155732977753203,3.591400105053087,6.230457434668345,0.027668023272545562,0.49605159635201335,6.195156678951228
39,243,1.0,6760.406803042219,0.061142432059081056,8.879980777250296,-8.818838345191214,-8.818838345191216,1.7763568394002505e-15,0.0015346987523212618,-2.58772682657875,3.592054188997205,6.2311115186124635,0.027757780791501877,0.4959183512120339,6.1945820882950775
39,244,1.0,6750.039572479138,0.058517177083240196,8.875820823522133,-8.817303646438893,-8.817303646438893,0.0,0.030911922836237338,-2.585450756612391,3.592795560211243,6.231852889826501,0.0278036674253221,0.4958091761539611,6.194290333566171
39,245,1.0,6544.574885024665,0.08763754656493128,8.874029270167586,-8.786391723602655,-8.786391723602655,0.0,0.06551125658943846,-2.55580547149655,3.591528922490847,6.230586252106106,0.02779061635101797,0.49572700909640416,6.192329918216819
39,246,1.0,6129.573600279305,0.1490019018011493,8.869882368814366,-8.720880467013217,-8.720880467013217,0.0,0.025821073559173513,-2.4892637437406084,3.5925593936573486,6.231616723272607,0.027745871791609384,0.495601149367104,6.192274767621888
39,247,1.0,5973.327333679914,0.175587016029665,8.870646409483708,-8.695059393454043,-8.695059393454043,0.0,0.015162001335761843,-2.4677884000187915,3.588213663819993,6.227270993435253,0.02789891880302056,0.49550968167454146,6.187153336993305
39,248,1.0,5883.442872753167,0.1894805176529863,8.869377909771268,-8.679897392118281,-8.679897392118281,0.0,-0.002636018813834795,-2.453383101862959,3.5874569606400635,6.226514290255323,0.027895572384014022,0.4954621221695357,6.185992845921559
39,249,1.0,5898.97219765993,0.1852696079607704,8.86780301889289,-8.682533410932116,-8.68253341093212,3.552713678800501e-15,0.02404420392962514,-2.455674538057804,3.587801543259054,6.226858872874312,0.027920659065355985,0.49540385861366776,6.185819544982876
39,250,1.0,5758.827690394228,0.20448905417865162,8.862978261181144,-8.658489207002491,-8.658489207002493,1.7763568394002505e-15,0.04166916426695089,-2.430672415956973,3.5887594614302594,6.227816791045518,0.027952257696367104,0.49527382900268707,6.18558225174899
39,251,1.0,5523.7930096900955,0.24549132511892802,8.86231136785447,-8.61682004273554,-8.616820042735542,1.7763568394002505e-15,-0.024699453281414208,-2.3899558848524793,3.587806828267801,6.2268641578830595,0.027948604602630506,0.49520070295388846,6.184011244641792
39,252,1.0,5661.926566290219,0.21550422781065487,8.857023723827611,-8.641519496016954,-8.641519496016956,1.7763568394002505e-15,0.008319910507792017,-2.4097237168571035,3.592738449544593,6.231795779159852,0.027791494185985047,0.4951708808688855,6.188618728899207
39,253,1.0,5615.01526348086,0.22020048113629598,8.853400066645458,-8.633199585509162,-8.633199585509162,0.0,-0.00444060053617612,-2.4007139673988127,3.5934282884950908,6.23248561811035,0.027849187407411255,0.49504186210808443,6.188131471642214
39,254,1.0,5640.004746362233,0.2144184004891551,8.852058586534493,-8.637640186045338,-8.637640186045338,0.0,0.04098687444512095,-2.4039303129446377,3.594652543485442,6.2337098731007,0.0278025636034658,0.4950558617282075,6.1894554440568355
39,255,1.0,5413.511903483585,0.24584768605703244,8.84250099765725,-8.596653311600218,-8.596653311600218,0.0,0.02905371972386739,-2.356378071972745,3.6012179100122155,6.240275239627473,0.027846010822295934,0.4948730561754976,6.194223905431197
39,256,1.0,5258.492101298625,0.27575387973146415,8.843353471607813,-8.56759959187635,-8.567599591876348,1.7763568394002505e-15,-0.06501268116120507,-2.3308346457960916,3.5977076164650006,6.2367649460802586,0.028001010142507936,0.49474700003076183,6.18963750497865
39,257,1.0,5611.7184632090775,0.20932688659752063,8.841939159635075,-8.632612273037555,-8.632612273037555,0.0,-0.06080745329694892,-2.3952507388974302,3.598304204524866,6.237361534140123,0.027979379932369187,0.494756408758703,6.190297702105114
39,258,1.0,5963.541090539724,0.14412498851491318,8.837544714849416,-8.693419726334504,-8.693419726334504,0.0,-0.039442979206318896,-2.450315734898108,3.604046661821137,6.243103991436395,0.027845597578398544,0.49478303059575185,6.1961246980389655
39,259,1.0,6203.461399820857,0.10650442141689552,8.839367126957718,-8.732862705540823,-8.732862705540823,0.0,-0.05762221662084244,-2.492027773890934,3.6017776020346304,6.24083493164989,0.027848044101561418,0.4947669247330686,6.193806531512007
39,260,1.0,6571.4180291947905,0.04366453524885683,8.834149457410522,-8.790484922161665,-8.790484922161665,0.0,-0.02963387500705217,-2.546197474139969,3.6052301184064377,6.244287448021699,0.02792328524156985,0.49470330879374097,6.1965801060971035
39,261,1.0,6769.068723705151,0.010112128194993755,8.830230925363711,-8.820118797168718,-8.820118797168718,0.0,-0.06394123005419416,-2.5743044490990803,3.606757018454379,6.245814348069638,0.027891588379516344,0.49465575880448365,6.197625631488893
39,262,1.0,7216.0286149636795,-0.053973354572016956,8.830086672650896,-8.884060027222912,-8.884060027222914,1.7763568394002505e-15,0.061401226341194715,-2.6402432215103344,3.6047594760973185,6.243816805712577,0.0279616492397864,0.49462188130016077,6.195351797548528
39,263,1.0,6786.284037621987,0.004120468600199392,8.826779269481914,-8.822658800881717,-8.822658800881715,1.7763568394002505e-15,0.07387394512596757,-2.581204992973117,3.6023964782933393,6.241453807908598,0.02806169742252122,0.4944406577220393,6.191380711101727
39,264,1.0,6303.024368974468,0.08104669501733952,8.82983155077309,-8.74878485575575,-8.74878485575575,0.0,0.020399933644627666,-2.512708199192248,3.5970193269482436,6.236076656563503,0.02797551860348851,0.4943768855585498,6.185653275524536
39,265,1.0,6175.7457418244885,0.09900268510898853,8.82738760722011,-8.728384922111122,-8.728384922111122,0.0,0.03349765896060575,-2.4942266546022926,3.5951009378935703,6.23415826750883,0.02814660093482667,0.49424452766190863,6.18251741146328
39,266,1.0,5972.299231519205,0.12970375280903107,8.824591015959546,-8.694887263150516,-8.694887263150516,0.0,-0.009526815000350908,-2.4598464309227643,3.5959835026124933,6.235040832227751,0.02811163868568083,0.494163275872942,6.182695311722914
39,267,1.0,6029.468107690578,0.11560636968830647,8.820020447839173,-8.704414078150867,-8.704414078150867,0.0,0.06530249718488612,-2.468994178598117,3.5963625699374915,6.235419899552752,0.028279423015349827,0.4940130018438071,6.181648232831203
39,268,1.0,5648.309529007608,0.17595161282457777,8.81506319379056,-8.63911158096598,-8.639111580965983,1.7763568394002505e-15,-0.0515822882581638,-2.400553591734937,3.5995006596157846,6.238557989231043,0.02813819425426232,0.49391108737524303,6.183864887454756
39,269,1.0,5947.307464978705,0.12160068598331895,8.812294555207465,-8.690693869224145,-8.690693869224146,1.7763568394002505e-15,-0.011026297062187496,-2.450105088264959,3.601531451343927,6.240588780959186,0.0280479224582644,0.4939238731504461,6.185973197011434
39,270,1.0,6013.247110796297,0.11067210548636472,8.8123922717727,-8.701720166286332,-8.701720166286334,1.7763568394002505e-15,-0.006371763079140891,-2.464104622854131,3.5985582138169425,6.2376155434322,0.02799095939338545,0.4939042520486535,6.182907402367992
39,271,1.0,6051.684423403166,0.11029239970131978,8.818384329066793,-8.708091929365473,-8.708091929365473,0.0,-0.08455535197005837,-2.476299276039104,3.59273532371111,6.231792653326369,0.02797656498206095,0.49395975096307276,6.177758697110032
39,272,1.0,6585.643169644184,0.027347973882829474,8.819995255218362,-8.792647281335531,-8.792647281335533,1.7763568394002505e-15,-0.08030431407995309,-2.5609543926033815,3.5926355591168915,6.23169288873215,0.027805615253413025,0.49406156421758335,6.178601617906926
39,273,1.0,7136.313428249659,-0.0541778049963432,8.818773790419144,-8.872951595415485,-8.872951595415486,1.7763568394002505e-15,-0.009055357693990018,-2.6413141482997817,3.5925801175004435,6.231637447115703,0.027891461198362597,0.4940655220423177,6.1785066107194995
39,274,1.0,7201.228771199119,-0.061305295680461586,8.820701657429012,-8.882006953109475,-8.882006953109475,0.0,-0.011344825842401818,-2.655325858875364,3.587623764618852,6.2266810942341095,0.027907044384164185,0.4940318040789075,6.173369861277278
39,275,1.0,7283.390632243069,-0.07349336890107898,8.819858410050797,-8.893351778951876,-8.893351778951876,0.0,0.029101859436462263,-2.666307296442786,3.5879871528938314,6.227044482509092,0.02786058323281446,0.4940136945092405,6.173619820275094
39,276,1.0,7074.484937552402,-0.04439656903817408,8.819853350477242,-8.864249919515414,-8.864249919515416,1.7763568394002505e-15,-0.04878031888732082,-2.6378558720646668,3.587336717835489,6.226394047450747,0.027885156733697836,0.49395390812387285,6.17247621740377
39,277,1.0,7428.136051975023,-0.09354463658241303,8.81948560182032,-8.913030238402735,-8.913030238402733,1.7763568394002505e-15,-0.044801160168288945,-2.69338278114287,3.580590127644606,6.219647457259865,0.028078744279984344,0.4938504299910468,6.164801153698828
39,278,1.0,7768.492418250424,-0.13704748278201634,8.82078391578901,-8.957831398571024,-8.957831398571026,1.7763568394002505e-15,-0.04337181501109555,-2.7404235734264506,3.578350495529314,6.217407825144574,0.028094668584179645,0.4939064001519421,6.163071244738565
39,279,1.0,8112.839536077477,-0.18279098067578012,8.81841223290634,-9.00120321358212,-9.00120321358212,0.0,-0.04869375987246016,-2.7843989087551835,3.577746975211678,6.216804304826938,0.028140605313862962,0.49386770459404117,6.162102379335997
39,280,1.0,8517.660334243039,-0.23644116534466672,8.81345580810991,-9.04989697345458,-9.049896973454578,1.7763568394002505e-15,0.04371684521608188,-2.8317331822021887,3.579106461637133,6.218163791252391,0.028220970940650292,0.49379200169769377,6.162668566242194
39,281,1.0,8153.317089181775,-0.19411809055593948,8.812062037682558,-9.006180128238498,-9.006180128238498,0.0,-0.023546409140136504,-2.7887843549712925,3.578338443651948,6.217395773267207,0.028215264773810325,0.49369320315657717,6.161061380982042
39,282,1.0,8347.576509869608,-0.22174725313374935,8.807979284244885,-9.029726537378634,-9.029726537378634,0.0,-0.020160516077682544,-2.8106107905593936,3.580058417203982,6.219115746819241,0.028214296827616985,0.49360835213070825,6.16198947892805
39,283,1.0,8517.575839486408,-0.2474833075783055,8.80240374587801,-9.049887053456317,-9.049887053456315,1.7763568394002505e-15,0.06679256264055944,-2.828423624713476,3.5824060991275815,6.221463428742841,0.028279856851688934,0.49348332214584056,6.1631389729626145
39,284,1.0,7967.248585713859,-0.17721065376524248,8.805883837050516,-8.983094490815757,-8.983094490815759,1.7763568394002505e-15,0.068713762349212,-2.764777918796177,3.5792592424043224,6.2183165720195825,0.02814844561096015,0.4934450931168209,6.159840188276676
39,285,1.0,7438.174452760422,-0.1091515454992465,8.805229182967299,-8.914380728466545,-8.914380728466545,0.0,0.03306382866542812,-2.696052181501905,3.579271217349384,6.218328546964642,0.028008654944054107,0.4933735527589635,6.159325616808296
39,286,1.0,7196.261253584412,-0.07935192605374602,8.801964973747372,-8.881316899801117,-8.881316899801119,1.7763568394002505e-15,0.0034611780061641895,-2.664333829220143,3.577925740965715,6.216983070580975,0.02809500943150462,0.49321447047481437,6.156549223868131
39,287,1.0,7171.3967674357145,-0.07948354053530443,8.798372181259648,-8.877855721794953,-8.877855721794953,0.0,-0.028950372291756565,-2.662086056543547,3.576712335636146,6.215769665251406,0.028124723726284308,0.493068441961727,6.154087922232809
39,288,1.0,7382.045846029483,-0.11363379712756987,8.793172296959138,-8.90680609408671,-8.906806094086708,1.7763568394002505e-15,-0.042806315243549165,-2.6900014209460634,3.5777473435253855,6.216804673140644,0.02819115379081965,0.4929436668002739,6.153955887781481
39,289,1.0,7704.904933029897,-0.1594651566826596,8.7901472526476,-8.949612409330259,-8.949612409330259,0.0,0.045182163033389955,-2.7328132351914642,3.5777418445235356,6.216799174138794,0.028215983965366835,0.4928938369124566,6.153472206794848
39,290,1.0,7364.52804677417,-0.11009867141623755,8.794331574880632,-8.904430246296869,-8.904430246296869,0.0,-0.005134044588235298,-2.6915949898730682,3.5737779268085417,6.2128352564238005,0.02825619672412913,0.49284764266669623,6.149289896432479
39,291,1.0,7402.43508709114,-0.11564038183093032,8.793923909054172,-8.909564290885104,-8.909564290885102,1.7763568394002505e-15,-0.044293404566666084,-2.6979882989994053,3.57251866227044,6.2115759918857,0.028301672306378655,0.4927539511172988,6.147223350899089
39,292,1.0,7737.683988013354,-0.16141121195218833,8.792446483499582,-8.95385769545177,-8.95385769545177,0.0,-0.0032492004975317457,-2.740806862692587,3.5739935031439245,6.213050832759184,0.028299713535279335,0.49277716320858306,6.148875867566757
39,293,1.0,7762.866163490833,-0.16825784965687762,8.788849046292421,-8.957106895949302,-8.957106895949298,3.552713678800501e-15,0.07560896261746208,-2.7454702153675163,3.572579350966526,6.211636680581784,0.02829852057950058,0.49269360145495406,6.146686283390456
39,294,1.0,7197.564136096308,-0.09228443151081643,8.789213501821024,-8.88149793333184,-8.88149793333184,0.0,0.05240186705359129,-2.6731880836724096,3.569252520044171,6.20830984965943,0.028265902899366913,0.49259241065723924,6.142604217945811
39,295,1.0,6830.11005754932,-0.04103926338567497,8.788056802892573,-8.829096066278249,-8.829096066278249,0.0,0.008241954507022697,-2.6217976518583788,3.568241084804611,6.207298414419869,0.02825064010016584,0.49248368638538403,6.140726255978193
39,296,1.0,6774.047949207328,-0.03654285819146008,8.784311253579766,-8.820854111771226,-8.820854111771226,0.0,-0.00937427190369533,-2.6130958223197984,3.568700959836168,6.207758289451428,0.02825359940176488,0.49238070833225644,6.1402598990398385
39,297,1.0,6837.84829022962,-0.0503631171212655,8.779865266553653,-8.830228383674921,-8.830228383674918,3.552713678800501e-15,0.007152551652064076,-2.6202469690886607,3.570924084971002,6.209981414586261,0.02825130615793898,0.4923324683401202,6.141940423526074
39,298,1.0,6789.114719598543,-0.050080832702879316,8.772994999319979,-8.823075832022857,-8.823075832022857,0.0,0.025676312246227795,-2.6107151512029416,3.573303351204656,6.2123606808199145,0.028184174054008505,0.4922294096746759,6.143382114244779
39,299,1.0,6617.014198539389,-0.02348729752346841,8.77391222225316,-8.79739951977663,-8.797399519776627,1.7763568394002505e-15,-0.05087935970952984,-2.587717637876082,3.5706245522852886,6.209681881900548,0.02825478509779885,0.49214114299163986,6.139994504222992
39,300,1.0,6962.395530216212,-0.07790634190527244,8.770372537580887,-8.848278879486159,-8.848278879486159,0.0,0.04341662828672632,-2.63684198881077,3.5723795610601305,6.211436890675389,0.028235140447720995,0.4921306889167065,6.1416122110546665
39,301,1.0,6666.57991610719,-0.03328846067731529,8.771573790522119,-8.804862251199433,-8.804862251199435,1.7763568394002505e-15,-0.05399458784386546,-2.5945784968008705,3.5712264247833034,6.210283754398563,0.028308383010556527,0.492046776931261,6.139784013536376
39,302,1.0,7036.434368102959,-0.08711354519297339,8.771743293850324,-8.858856839043298,-8.858856839043298,0.0,0.005090492360887211,-2.647182955496068,3.572616553931971,6.211673883547229,0.028248894373505265,0.49207423733881694,6.141428403205485
39,303,1.0,7000.7064661619315,-0.08138244243542728,8.772383904246984,-8.853766346682411,-8.853766346682411,0.0,0.03748018700297351,-2.643811422744889,3.5708975943222625,6.209954923937524,0.028285832323495613,0.4920210298530094,6.139310117991284
39,304,1.0,6743.174989491727,-0.04461561482277007,8.771670544856669,-8.816286159679438,-8.81628615967944,1.7763568394002505e-15,-0.09147683206800217,-2.6053855550196157,3.571843275044563,6.2109006046598205,0.028274096622127563,0.4919254784590394,6.13942010244221
39,305,1.0,7389.113089205922,-0.1378786823316182,8.769884309415822,-8.90776299174744,-8.90776299174744,0.0,0.012923329405264639,-2.6986002148204262,3.5701054473117537,6.209162776927012,0.028301756543331596,0.49194402257897807,6.137838513470663
39,306,1.0,7294.23553416386,-0.1279811659950223,8.766858496347151,-8.894839662342175,-8.894839662342173,1.7763568394002505e-15,0.0544743462770807,-2.683820977653336,3.5719613550735803,6.211018684688839,0.028246045476666204,0.49185257003852173,6.138872893719833
39,307,1.0,6907.515605908038,-0.07703237663126768,8.763332939433827,-8.840365316065094,-8.840365316065094,0.0,0.05597204969244807,-2.628001321663843,3.573306664785992,6.212363994401251,0.028202541604790313,0.49173798270554026,6.139215357170185
39,308,1.0,6531.5088922907835,-0.02273143141623246,8.761661834956413,-8.784393266372646,-8.784393266372646,0.0,0.07148665288860911,-2.5721138830904864,3.573222053666902,6.212279383282161,0.028272709239621295,0.4915928394632496,6.137839676215918
39,309,1.0,6080.891627596737,0.04692429865231753,8.759830912136358,-8.712906613484037,-8.71290661348404,3.552713678800501e-15,-0.052468680222439446,-2.5014097961624704,3.5724394877063084,6.211496817321567,0.028278926946829163,0.49143066138480923,6.135641653335386
39,310,1.0,6408.466551156085,-0.005557490537603002,8.759817803168877,-8.765375293706477,-8.76537529370648,3.552713678800501e-15,-0.011048534713545166,-2.553849830815684,3.5724681332755344,6.211525462890791,0.02827211407803707,0.49148057890687563,6.136152740355771
39,311,1.0,6479.663301945233,-0.02050054453890013,8.755923283881124,-8.776423828420022,-8.776423828420024,1.7763568394002505e-15,-0.04883174334054985,-2.56804527967019,3.569321219134573,6.208378548749833,0.02826866818688251,0.49136537872669783,6.132056982084142
39,312,1.0,6803.929362904419,-0.07063199090284536,8.754623580857725,-8.825255571760572,-8.82525557176057,1.7763568394002505e-15,-0.008787403696393525,-2.618702240873259,3.567496001272054,6.206553330887313,0.02839690796986775,0.4913245554997683,6.129953238462034
39,313,1.0,6863.981702585233,-0.08300950825925231,8.751033467197713,-8.834042975456965,-8.834042975456965,0.0,-0.07908294568718155,-2.6269111691911173,3.568074476650589,6.207131806265848,0.028421904886609662,0.4912833594776489,6.130183485674545
39,314,1.0,7428.846830400125,-0.16951854080748563,8.743607380336664,-8.913125921144147,-8.91312592114415,3.552713678800501e-15,-0.0136129200367332,-2.700885046240767,3.573183545288121,6.2122408749033795,0.02844018200066275,0.49125258386450465,6.134877685809492
39,315,1.0,7530.666588016547,-0.1863699366943446,8.740368904486537,-8.92673884118088,-8.926738841180882,1.7763568394002505e-15,-0.06835150023454872,-2.7143128223743864,3.5733686891912333,6.212426018806491,0.028488898616275772,0.4911806751529422,6.134404292707837
39,316,1.0,8063.398053772491,-0.2618099295760318,8.733280411839395,-8.995090341415429,-8.995090341415427,1.7763568394002505e-15,0.04708489851521058,-2.78173269260627,3.574300319193899,6.213357648809157,0.028571420240905008,0.49106883618217095,6.134217824383481
39,317,1.0,7692.5333524754915,-0.21294046225456464,8.735064980645653,-8.948005442900218,-8.948005442900218,0.0,0.03460543112674763,-2.7347988193824775,3.5741492939024817,6.21320662351774,0.02850214455132907,0.4909835224618061,6.133388384129406
39,318,1.0,7430.883286777074,-0.17942879777600654,8.733971213997464,-8.91340001177347,-8.91340001177347,0.0,0.013227490392871744,-2.7025590398427437,3.5717836423154674,6.210840971930726,0.02854329375313174,0.49084624204815547,6.129863608197072
39,319,1.0,7333.238570472822,-0.16834382560324185,8.731828695777356,-8.900172521380599,-8.900172521380597,1.7763568394002505e-15,-0.022860170388147694,-2.6923939082246986,3.5687212835406426,6.207778613155901,0.028550797221598256,0.49074062566622634,6.125914710067802
39,320,1.0,7502.808467534007,-0.19145012780709342,8.73158256396165,-8.923032691768746,-8.923032691768743,3.552713678800501e-15,0.07235317259095986,-2.7177472288466835,3.5662281333068035,6.205285462922063,0.028570044586375833,0.49067193474008286,6.122926686096362
39,321,1.0,6979.129811728327,-0.12042090330081703,8.73025861587697,-8.850679519177787,-8.850679519177787,0.0,-0.018728451340221497,-2.6505578820088695,3.5610643075536594,6.200121637168918,0.028585107531189275,0.4904098873440068,6.115547209213056
39,322,1.0,7111.069763764075,-0.1445842101518212,8.724823760366187,-8.869407970518008,-8.869407970518008,0.0,-0.006855701688619931,-2.666352734848246,3.5639979060545035,6.203055235669763,0.028620774051905475,0.4903496567798183,6.117787592452858
39,323,1.0,7159.988631732894,-0.15795729598978342,8.718306376216844,-8.876263672206628,-8.876263672206628,0.0,0.0456600721149556,-2.674316118295985,3.5628902242953835,6.201947553910642,0.028690808501177674,0.4901792357892879,6.11508152355866
39,324,1.0,6840.414444564887,-0.11787627330448323,8.712727326787189,-8.830603600091672,-8.830603600091672,0.0,0.020003652538811423,-2.630029824591362,3.5615164458850517,6.2005737755003105,0.02871544157419515,0.4899714635294093,6.1118701690136685
39,325,1.0,6704.940673330104,-0.10485709929086832,8.705742848261991,-8.810599947552861,-8.81059994755286,1.7763568394002505e-15,-0.01199792598523608,-2.6079999858743013,3.563542632063301,6.20259996167856,0.028784479556400313,0.4897801581591704,6.112064144550852
39,326,1.0,6785.870579958092,-0.11465813091292723,8.70793974262517,-8.822597873538097,-8.822597873538097,0.0,-0.007336678687847709,-2.6215932699062954,3.5619472740165428,6.201004603631802,0.0287489952776433,0.489771854579706,6.11048572062206
39,327,1.0,6835.839410509094,-0.1260514456110215,8.703883106614924,-8.829934552225945,-8.829934552225946,1.7763568394002505e-15,0.016753453029732412,-2.6268580827999797,3.5640191398107057,6.203076469425964,0.0286965664296463,0.48970343989242604,6.111904098072506
39,328,1.0,6722.269496506975,-0.10514553870269618,8.708035560493517,-8.813181099196212,-8.813181099196214,1.7763568394002505e-15,-0.008409592244543518,-2.6116514950115666,3.5624722745693878,6.201529604184647,0.02868321631915121,0.48967995663804376,6.110366190511111
39,329,1.0,6779.039413286942,-0.11944610700401218,8.702144584436748,-8.821590691440756,-8.821590691440761,5.329070518200751e-15,0.06515991293138335,-2.618071819389862,3.5644615424356343,6.203518872050893,0.028658841028643783,0.48954496925305724,6.111105457914852
39,330,1.0,6351.401514695814,-0.05075472202865003,8.705676056480721,-8.756430778509372,-8.75643077850937,1.7763568394002505e-15,-0.023606167437094427,-2.5576338968452714,3.5597395520488417,6.198796881664101,0.0286559767989276,0.4894443423459117,6.105793881899332
39,331,1.0,6503.117432737083,-0.07212855656876985,8.707908389377696,-8.780036945946467,-8.780036945946465,1.7763568394002505e-15,0.01668799929492515,-2.5828591667413114,3.5581204495898966,6.197177779205155,0.028718635600194047,0.4894320939238814,6.104096356439712
39,332,1.0,6395.493921797031,-0.0569355679933798,8.706413378658159,-8.763348946651542,-8.763348946651538,3.552713678800501e-15,-0.03819576819077675,-2.5659822016496845,3.5583094153865984,6.197366745001857,0.02873360730003341,0.4893400115088073,6.103485900952796
39,333,1.0,6644.499940669644,-0.10031308803721435,8.701231626805104,-8.801544714842318,-8.801544714842318,0.0,0.021537375736917497,-2.6039176834964937,3.558569701730566,6.1976270313458235,0.028757127652980826,0.48922923160345333,6.102675005159567
39,334,1.0,6502.92489882299,-0.07932586931881518,8.700681469786582,-8.780007339105401,-8.780007339105397,3.552713678800501e-15,-0.013200189549060326,-2.583483233638855,3.557466775851286,6.196524105466546,0.028783091810528735,0.4891222623621316,6.100695782638838
39,335,1.0,6589.3337923075915,-0.09638989104246624,8.696817637611996,-8.793207528654461,-8.793207528654463,1.7763568394002505e-15,-0.02794896177068651,-2.594359127147649,3.5597910718915533,6.198848401506813,0.028720407018613458,0.48907486724934046,6.102569841685677
39,336,1.0,6776.0965864242835,-0.12833980229717357,8.69281668812797,-8.821156490425148,-8.821156490425142,5.329070518200751e-15,0.0735310843389616,-2.6224503409598823,3.559648819850005,6.198706149465265,0.028738191053732882,0.48896769030175224,6.101456861911883
39,337,1.0,6295.720564467691,-0.05612342936806339,8.691501976718124,-8.747625406086186,-8.747625406086188,1.7763568394002505e-15,-0.15055652376952544,-2.551062120548302,3.557505955922625,6.196563285537883,0.028830800501893787,0.4887254583343805,6.0971993888117755
39,338,1.0,7318.655607101465,-0.22328409312044573,8.674897836735266,-8.898181929855712,-8.898181929855712,0.0,-0.018898453919762304,-2.6953643787439354,3.5637602214965156,6.202817551111774,0.02892874559633817,0.48864537586399,6.102167913479795
39,339,1.0,7458.28208954247,-0.2531127697902067,8.663967613985264,-8.917080383775474,-8.91708038377547,3.552713678800501e-15,0.008294358765947862,-2.714182491165816,3.563840562994399,6.202897892609657,0.028970968794061466,0.48840619238638866,6.099900664163096
39,340,1.0,7396.67626570443,-0.2524328791032815,8.656353145906245,-8.908786025009526,-8.908786025009526,0.0,-0.06789379647990579,-2.702306008029435,3.5674226873648323,6.20648001698009,0.029004046327867718,0.48826137956123417,6.101974334853664
39,341,1.0,7916.304888766705,-0.326285813606616,8.650394007882817,-8.976679821489432,-8.976679821489432,0.0,-0.0335437178511544,-2.7720125947433183,3.565609897130856,6.204667226746116,0.029026660762296614,0.48819201936122497,6.099510655437932
39,342,1.0,8186.351041938196,-0.3655067853592082,8.644716753981378,-9.010223539340586,-9.010223539340586,0.0,0.05500901925052304,-2.804803803957159,3.566362405768168,6.205419735383427,0.029103359956338153,0.48810719925147733,6.099403119929197
39,343,1.0,7748.189793948037,-0.30433486706644547,8.650879653023619,-8.955214520090063,-8.955214520090065,1.7763568394002505e-15,0.012032158718874086,-2.754269608247182,3.5618875822276226,6.200944911842881,0.029052866645726497,0.48802255744734474,6.09458066873484
39,344,1.0,7655.5209655803465,-0.290351206485155,8.652831154886035,-8.94318236137119,-8.943182361371191,1.7763568394002505e-15,-0.027777348077027142,-2.7458942113212226,3.5582308204347077,6.197288150049966,0.028993602056795294,0.4879825182452165,6.0908996947904495
39,345,1.0,7871.152000755341,-0.3197004023176966,8.65125930713052,-8.970959709448216,-8.970959709448216,0.0,-0.009763453270279498,-2.7723823577870834,3.5595200220458736,6.198577351661133,0.02904823605678809,0.48795048694471393,6.091893296104198
39,346,1.0,7948.3780082926605,-0.33223180845373995,8.648491354264756,-8.980723162718496,-8.980723162718496,0.0,0.04477521193336287,-2.782783669710631,3.558882163392606,6.197939493007865,0.029084847731366863,0.48782226386820887,6.090101019682119
39,347,1.0,7600.33763378095,-0.29023791165465307,8.645710039130483,-8.935947950785133,-8.935947950785136,3.552713678800501e-15,0.012365429890133228,-2.7385554247386827,3.558335196431191,6.197392526046451,0.029102861703554077,0.48760967043867415,6.0876773111259075
39,348,1.0,7506.934864460809,-0.2748207395602237,8.648761781334777,-8.923582520895,-8.923582520895,0.0,-0.09609080130985603,-2.7265769773734045,3.5579482139063363,6.1970055435215965,0.02900934837662699,0.487625494215404,6.087697630111618
39,349,1.0,8264.076949812319,-0.38546084570802724,8.634212476496824,-9.019673322204856,-9.01967332220485,5.329070518200751e-15,0.07910347903556492,-2.8191342256070633,3.5614817669825336,6.200539096597792,0.02919758754459846,0.4874980833567405,6.089590320262615
39,350,1.0,7635.546880403985,-0.2996348880227396,8.640934955146552,-8.94056984316929,-8.94056984316929,0.0,0.09307320238888472,-2.7451451716423683,3.5563673419116637,6.195424671526922,0.02912895323647655,0.4873840647353995,6.083878971684532
39,351,1.0,6956.951404528241,-0.20221662715997268,8.645280013620432,-8.847496640780406,-8.847496640780404,1.7763568394002505e-15,-0.04411155932121247,-2.6565946606687554,3.551844650496394,6.1909019801116525,0.0290819426739697,0.4872111534274768,6.078116528744099
39,352,1.0,7270.70253094545,-0.2543127148961038,8.637295485205515,-8.891608200101619,-8.891608200101619,0.0,-0.01789849682045741,-2.7016109008911084,3.5509399695952513,6.189997299210511,0.029131803901336947,0.4870169676451316,6.075420484305108
39,353,1.0,7402.008763795351,-0.27219878434096234,8.637307912581115,-8.909506696922076,-8.909506696922076,0.0,-0.004692542578645487,-2.7214654368502535,3.5489839304565627,6.188041260071822,0.02904128725721537,0.4870240861148347,6.073777764369351
39,354,1.0,7436.824628664159,-0.28031437638829076,8.633884863112428,-8.914199239500721,-8.914199239500718,3.552713678800501e-15,-0.03233654779920769,-2.727398927167538,3.5477429827179248,6.186800312333183,0.02904931740260359,0.4869020407507863,6.071541695757444
39,355,1.0,7681.236281189026,-0.3300291282272922,8.616506659072638,-8.94653578729993,-8.94653578729993,0.0,0.015748300224823097,-2.757657793995468,3.5498206636892022,6.188877993304461,0.029163919324802216,0.48661130909636013,6.07052361107625
39,356,1.0,7561.217393343983,-0.32171319628827333,8.609074290786833,-8.930787487075106,-8.930787487075106,0.0,0.024849575828666204,-2.740346785653018,3.5513833718068306,6.190440701422089,0.029177015068484385,0.48638815023442883,6.069980287198531
39,357,1.0,7375.639661771887,-0.2885668531419685,8.617371058104473,-8.90593791124644,-8.905937911246442,1.7763568394002505e-15,0.007684850934422727,-2.7184060288092082,3.5484745528219728,6.187531882437232,0.029134988565902298,0.48642865469874924,6.067901540226971
39,358,1.0,7319.1762049293075,-0.2841479723092315,8.614105088002784,-8.898253060312017,-8.898253060312015,1.7763568394002505e-15,-0.04905002435696204,-2.7124894849410617,3.5467062457556975,6.185763575370956,0.029188972891211622,0.48629138695364826,6.064996610903071
39,359,1.0,7687.1323353027565,-0.3443878308436919,8.60291525382529,-8.94730308466898,-8.947303084668983,3.552713678800501e-15,-0.002197389414245521,-2.758255302134541,3.5499904529191793,6.1890477825344385,0.02925581636584236,0.48617525280511414,6.06692785835373
39,360,1.0,7704.04253086034,-0.34494167962081873,8.604558794462406,-8.949500474083225,-8.949500474083225,0.0,0.07017290064404769,-2.7633617299344873,3.547081414533477,6.186138744148736,0.029256449941539725,0.4861436931054749,6.064028777479586
39,361,1.0,7181.959771239585,-0.2705009330109494,8.608826640428228,-8.879327573439177,-8.879327573439177,0.0,-0.061421297766681704,-2.6961494358162765,3.5441208080076416,6.1831781376229005,0.029186535668372822,0.4859975015401434,6.060022337254469
39,362,1.0,7636.913979741012,-0.3404458271503495,8.600303044055508,-8.940748871205859,-8.940748871205857,1.7763568394002505e-15,0.024910171176923512,-2.7549446390255317,3.5467469025650677,6.185804232180326,0.029214199446137356,0.48592983265228723,6.061878654602826
39,363,1.0,7449.027009025428,-0.31157210072205166,8.604266599306886,-8.915838700028935,-8.915838700028937,1.7763568394002505e-15,0.0021663493847139392,-2.729502963390012,3.547278407023664,6.186335736638923,0.029142324132591404,0.4859876519708794,6.06323914877095
39,364,1.0,7432.907280733685,-0.3140702416654961,8.599602108978726,-8.913672350644221,-8.913672350644221,0.0,-0.05417250042544275,-2.7272282582755274,3.547386762753434,6.186444092368694,0.029116558697509527,0.4858691238325343,6.062289438004363
39,365,1.0,7846.672621688702,-0.37862712135810794,8.589217729711557,-8.967844851069664,-8.967844851069664,0.0,0.10246976533817787,-2.778632436849491,3.5501550846049144,6.189212414220172,0.029119018468536536,0.48576379861616115,6.063972779736177
39,366,1.0,7082.449388825744,-0.2676420077692075,8.59773307796228,-8.865375085731486,-8.865375085731488,1.7763568394002505e-15,-0.03543352509924702,-2.6789493420079595,3.5473684141082678,6.186425743723526,0.029079154988869437,0.48554561114110967,6.059555650853703
39,367,1.0,7337.90465002747,-0.3080294939446889,8.592779116886044,-8.900808610830733,-8.900808610830733,0.0,0.06349805138046705,-2.718580699715613,3.5431705814998615,6.182227911115121,0.029180128015356875,0.48539151211873305,6.053952990606019
39,368,1.0,6886.447022998887,-0.2396651484720432,8.597645410978224,-8.837310559450266,-8.837310559450268,1.7763568394002505e-15,-0.007465020326055338,-2.657464674545152,3.5407885552898555,6.179845884905115,0.029185084049299113,0.4852514974146768,6.050615244236349
39,369,1.0,6938.046847245254,-0.25342913550859014,8.59134644426773,-8.844775579776321,-8.84477557977632,1.7763568394002505e-15,-0.03887980030268423,-2.6641592559221414,3.541558994238921,6.18061632385418,0.029226210454820316,0.4851183841785221,6.050162839397353
39,370,1.0,7213.109260288389,-0.29940685393071154,8.584248526148293,-8.883655380079006,-8.883655380079006,0.0,-0.02342412724349252,-2.703120069272586,3.5414779811911608,6.18053531080642,0.029291179126814473,0.4850428984308312,6.049328480137689
39,371,1.0,7384.064471017814,-0.3235192697171882,8.58356023760531,-8.907079507322498,-8.907079507322498,0.0,-0.07475826113617678,-2.7265969688691194,3.54142520883812,6.1804825384533775,0.02928098401289455,0.4850426050723859,6.0493101064704975
39,372,1.0,7957.242255198347,-0.4096697564415327,8.57216801201714,-8.981837768458675,-8.981837768458673,1.7763568394002505e-15,-0.013186789122745068,-2.7992888393551163,3.543491599488299,6.182548929103558,0.02942875662374269,0.4848494634148312,6.049344657792572
39,373,1.0,8062.867629980225,-0.43306774798703535,8.561956809594388,-8.99502455758142,-8.995024557581424,3.552713678800501e-15,-0.0066436236058766696,-2.8110183509422657,3.5449488770238955,6.184006206639155,0.029469298158519754,0.484658181042017,6.048894810339597
39,374,1.0,8116.612620760843,-0.44576848226792143,8.555899698919372,-9.001668181187297,-9.001668181187293,3.552713678800501e-15,0.036464106037710664,-2.8153001179054438,3.547310733666593,6.1863680632818525,0.02948215117590445,0.48454142817834633,6.050191313553922
39,375,1.0,7825.978653668957,-0.40381494602210916,8.561389129127477,-8.965204075149586,-8.965204075149586,0.0,-0.00576282873377032,-2.7817864200609264,3.544360325473401,6.183417655088659,0.02942820509967043,0.4845281693058626,6.0474246781481185
39,376,1.0,7871.208629451599,-0.4142778488622823,8.556689055021073,-8.970966903883356,-8.970966903883355,1.7763568394002505e-15,0.03763094666307154,-2.789234755245905,3.542674819022192,6.18173214863745,0.02940748038411053,0.48435465276740813,6.044222348032372
39,377,1.0,7580.5115049233345,-0.37238692407958757,8.560949033140698,-8.933335957220285,-8.933335957220285,0.0,0.0440773478849561,-2.7526190057245152,3.5416596218805103,6.180716951495769,0.02932555665752245,0.4842379328808594,6.042369587939631
39,378,1.0,7253.639408941117,-0.3251038389316012,8.564154770403729,-8.889258609335329,-8.88925860933533,1.7763568394002505e-15,-0.014654817457023128,-2.7098715643144256,3.540329715405645,6.179387045020903,0.02929626325426122,0.48417110928723794,6.040648523416676
39,379,1.0,7360.7228984101885,-0.3432885376056334,8.560624889186718,-8.903913426792352,-8.903913426792352,0.0,0.0026218001000195557,-2.727047404569698,3.537808692607397,6.176866022222655,0.02941871049349329,0.483982167241586,6.036364420458116
39,380,1.0,7341.449830484611,-0.3464215800262194,8.554870046666112,-8.901291626692332,-8.901291626692332,0.0,0.031241180764261856,-2.7252152232293567,3.537019073847717,6.176076403462976,0.029482534419290003,0.4837308662098562,6.033304271241127
39,381,1.0,7115.639919175555,-0.3132993073533939,8.556751138574676,-8.87005044592807,-8.870050445928069,1.7763568394002505e-15,0.006842268565312892,-2.6949694612897126,3.5360236550230972,6.175080984638356,0.029510383666559354,0.4836113879175649,6.031478827854284
39,382,1.0,7067.1189857619975,-0.3135890902675076,8.549619087095248,-8.863208177362758,-8.863208177362756,1.7763568394002505e-15,-0.04418791965115432,-2.6887293967107597,3.535421451036739,6.174478780651998,0.02953638917772075,0.48340352171974155,6.028965934822144
39,383,1.0,7386.40255979794,-0.363886981804155,8.543509115209755,-8.907396097013912,-8.90739609701391,1.7763568394002505e-15,0.016531382673290906,-2.732565956997358,3.5357728104012964,6.174830140016555,0.02954250993249179,0.48338166337704297,6.029143400601062
39,384,1.0,7265.298876160361,-0.34539489697274445,8.545469817367877,-8.890864714340621,-8.890864714340621,0.0,-0.014214579443429187,-2.7163559877907777,3.535451396934584,6.174508726549844,0.029543499106610256,0.4832770050742853,6.028024525690154
39,385,1.0,7369.3095267331255,-0.3692307222920954,8.535848571491954,-8.90507929378405,-8.905079293784048,1.7763568394002505e-15,0.03485484884141776,-2.7278847884144777,3.5381371757543123,6.177194505369571,0.029602758865720436,0.48310848550788,6.029053458574444
39,386,1.0,7116.8781412310655,-0.3282829911589177,8.541941453783716,-8.870224444942632,-8.870224444942634,1.7763568394002505e-15,0.017313584088755718,-2.696486541519596,3.5346805738077784,6.173737903423036,0.029607407836213795,0.4830201628398972,6.025168168970619
39,387,1.0,6994.720022014564,-0.3119130348167909,8.540997826037085,-8.852910860853877,-8.852910860853875,1.7763568394002505e-15,0.05908347639615208,-2.679287776019927,3.534565755218691,6.17362308483395,0.029573375632005662,0.48295137037176744,6.024553279972488
39,388,1.0,6593.41949524092,-0.24682720214705983,8.547000182310665,-8.793827384457725,-8.793827384457725,0.0,-0.042297114716109974,-2.621822101098846,3.5329479537436197,6.172005283358878,0.029554277412790708,0.482895039985714,6.022760928752497
39,389,1.0,6878.284123541476,-0.29542212196516393,8.540702377208671,-8.836124499173835,-8.836124499173835,0.0,0.033097468916365,-2.6642327104558867,3.532834459102689,6.171891788717948,0.029659529863731215,0.4827779602800061,6.0214643666827525
39,390,1.0,6654.35648880951,-0.26084571192275374,8.542181318334716,-8.80302703025747,-8.80302703025747,0.0,0.01952344337179923,-2.6308900372622874,3.5330796633799224,6.172136992995183,0.029607183792713963,0.48271707775840134,6.02139144836116
39,391,1.0,6525.700526985176,-0.24432422770846685,8.539179359177208,-8.78350358688567,-8.783503586885674,3.552713678800501e-15,0.01643815176211305,-2.613017460939716,3.5314287963306965,6.170486125945956,0.02966536341908224,0.48252694915756744,6.018034954563144
39,392,1.0,6419.3069241953635,-0.23452258253318348,8.532542852590375,-8.767065435123557,-8.767065435123557,0.0,0.0782199768505496,-2.5972221811656655,3.5307859243426343,6.169843253957892,0.02971076987154527,0.48227943341922397,6.015131957607499
39,393,1.0,5936.324550327554,-0.14978218548480035,8.539063272788209,-8.688845458273008,-8.68884545827301,1.7763568394002505e-15,0.008044310382729236,-2.520469513972229,3.529318614685519,6.168375944300778,0.02972707144446658,0.4820772490518309,6.012133470073045
39,394,1.0,5888.76247165566,-0.1439083682258268,8.536892779664448,-8.680801147890278,-8.680801147890275,3.552713678800501e-15,-0.006480502548688705,-2.5145062888499736,3.5272375294250446,6.166294859040302,0.029756573264142556,0.4818852313557437,6.008388415842387
39,395,1.0,5927.048534333953,-0.14958924321576872,8.5376924072232,-8.687281650438967,-8.687281650438969,1.7763568394002505e-15,-0.004971604781184524,-2.5225865194309214,3.5256378013927865,6.1646951310080444,0.029742501645404727,0.48182347478158144,6.006436579119277
39,396,1.0,5956.5888477018725,-0.15513860186086392,8.53711465335929,-8.692253255220152,-8.692253255220153,1.7763568394002505e-15,-0.007523419715649737,-2.524985792774846,3.528210132830047,6.167267462445307,0.029789571406606666,0.4817049251477422,6.007825855569662
39,397,1.0,6001.571766188458,-0.157403984106976,8.542372690828824,-8.699776674935801,-8.6997766749358,1.7763568394002505e-15,0.013600986511498547,-2.533012636376587,3.5277067089439553,6.166764038559214,0.029811422151873265,0.4818027268667222,6.008432276622484
39,398,1.0,5920.497067300543,-0.1425263096432633,8.543649378781042,-8.686175688424303,-8.686175688424306,3.552713678800501e-15,0.07566605732960774,-2.5180952647758423,3.5290230940332017,6.168080423648461,0.029806835356598286,0.48169830219029497,6.0087939161869715
39,399,1.0,5489.045353295802,-0.06004118600774287,8.55046844508695,-8.610509631094695,-8.610509631094693,1.7763568394002505e-15,0.04474825912113545,-2.441517477394981,3.5299348240844535,6.168992153699712,0.02986262712138104,0.481647708813659,6.009234817032265
39,400,1.0,5248.834715378257,-0.011609047307908044,8.554152324665651,-8.56576137197356,-8.56576137197356,0.0,0.08077725114267409,-2.396769455696551,3.5299345866617498,6.16899191627701,0.029940472474325578,0.4816117248309376,6.009129506615927
39,401,1.0,4841.520585033238,0.07138396009022929,8.556368080921114,-8.484984120830886,-8.484984120830886,0.0,-0.039724189779516195,-2.3140311167001992,3.5318956745154257,6.170953004130683,0.030018893104190394,0.48155740018406196,6.010463559404201
39,402,1.0,5037.717142870513,0.022374427669406588,8.547082738279808,-8.524708310610402,-8.524708310610402,0.0,0.010604269834754376,-2.3572152238083945,3.5284357571867484,6.167493086802007,0.030076068375593762,0.4814044568128289,6.005840719371738
39,403,1.0,4984.578079379119,0.03248264644900509,8.546586687224652,-8.514104040775647,-8.514104040775647,0.0,0.03447972883449779,-2.347151551119029,3.5278951600413593,6.166952489656618,0.030061323655304107,0.4812534121596667,6.00401114063498
39,404,1.0,4815.640378398748,0.06627360382534982,8.5458979157665,-8.47962431194115,-8.47962431194115,0.0,-0.03800860304992071,-2.3100472520373754,3.5305197302885136,6.169577059903773,0.03015896962313707,0.4812372472579398,6.006303834028442
39,405,1.0,5002.199101337077,0.02171869329183737,8.539351608282907,-8.51763291499107,-8.517632914991069,1.7763568394002505e-15,-0.002908136494232494,-2.349145344860392,3.52943024051542,6.1684875701306785,0.030139729422423555,0.4810592946631701,6.003688676346374
39,406,1.0,5016.767352058603,0.014783617227122792,8.535324668712427,-8.520541051485303,-8.520541051485305,1.7763568394002505e-15,0.05231812961057791,-2.354520173345836,3.526963548524208,6.166020878139468,0.030087314444521236,0.48081353692854484,5.999256530104617
39,407,1.0,4761.04719450437,0.06499947373597116,8.533222395610693,-8.468222921874725,-8.468222921874721,3.552713678800501e-15,-0.020647284078373573,-2.3004596727959834,3.5287059194634804,6.16776324907874,0.03011611617392394,0.4805589352343948,5.998612618996414
39,408,1.0,4860.371751041861,0.03802183760606334,8.526892043559162,-8.488870205953098,-8.488870205953098,0.0,0.002679085674330395,-2.3242634041077257,3.5255494722301135,6.164606801845373,0.030126913442632783,0.4803088420685779,5.9934450137569995
39,409,1.0,4847.367825804604,0.03960311485556697,8.525794235134335,-8.486191120278768,-8.486191120278768,0.0,0.043075653677224324,-2.3257021012890573,3.5214316893744524,6.160489018989712,0.03014347414147564,0.4800952590847624,5.987706793851899
39,410,1.0,4642.997579055103,0.08135530218686257,8.524470768788406,-8.443115466601544,-8.443115466601544,0.0,0.06280834445607475,-2.2839072840258017,3.520150852960484,6.159208182575742,0.030323950225333515,0.4798592451106824,5.984387417021656
39,411,1.0,4360.347879976172,0.14890749237450157,8.529214614519969,-8.380307122145469,-8.380307122145467,1.7763568394002505e-15,-0.005015279229361624,-2.2188612480264753,3.522388544503734,6.161445874118992,0.03039778435398186,0.47980654094816855,5.9859403901734725
39,412,1.0,4382.271171893633,0.1355323551811906,8.520854756556021,-8.38532240137483,-8.38532240137483,0.0,0.026978307868574802,-2.225754310712206,3.520510761047366,6.159568090662624,0.03043062200599352,0.47958078314902813,5.982333831240807
39,413,1.0,4265.625438074723,0.16830965556627006,8.526653749072528,-8.358344093506256,-8.358344093506258,1.7763568394002505e-15,-0.04455018543301037,-2.1983382946907666,3.520948469200231,6.160005798815489,0.03049595359883164,0.47955601613095555,5.982503949414669
39,414,1.0,4459.9564435188895,0.11823546600919414,8.52112974494846,-8.402894278939266,-8.402894278939266,0.0,-0.03217590757275879,-2.2468777045411406,3.516959244782867,6.156016574398125,0.03041554520622987,0.47938774278404067,5.977390336608082
39,415,1.0,4605.793223482735,0.08380886212378448,8.518879048635812,-8.435070186512025,-8.435070186512027,1.7763568394002505e-15,-0.0107890205932204,-2.279879195847943,3.516133661048823,6.155190990664082,0.030394976917420734,0.4793251108098446,5.976167241157305
39,416,1.0,4655.754252068757,0.06924402545329432,8.51510323255854,-8.445859207105245,-8.445859207105245,0.0,-0.014067795542471728,-2.2897424439526253,3.5170594335373613,6.15611676315262,0.030404731265816252,0.47924280489450555,5.976281658863364
39,417,1.0,4721.7133124838665,0.051907029840113805,8.51183403248783,-8.459927002647717,-8.459927002647715,1.7763568394002505e-15,-0.07564744820007618,-2.304884334065563,3.5159853389668956,6.155042668582154,0.030430819668140926,0.4792081747427592,5.975126776014932
39,418,1.0,5092.756173181298,-0.03588080223968289,8.499693648608112,-8.535574450847793,-8.535574450847795,1.7763568394002505e-15,0.03504779645178502,-2.3802751843121146,3.51624193692042,6.155299266535678,0.03034602522011286,0.47905489293406445,5.974039585153741
39,419,1.0,4917.357906625978,0.0010976227243294362,8.501624277120335,-8.500526654396008,-8.500526654396007,1.7763568394002505e-15,-0.04485668954434274,-2.34500871742772,3.5164606073530296,6.155517936968288,0.030384810197840152,0.4789194914577107,5.973093758318568
39,420,1.0,5142.956275250705,-0.047348819113607485,8.498034524826743,-8.545383343940351,-8.54538334394035,1.7763568394002505e-15,0.04316042070853143,-2.3924007865061028,3.5139252278189894,6.152982557434249,0.03037156649501797,0.47875351328292487,5.969244571735255
39,421,1.0,4925.706146024964,0.0004900226949518111,8.50271294592677,-8.50222292323182,-8.502222923231818,1.7763568394002505e-15,0.055740769997093764,-2.3488256652075963,3.5143399284089645,6.153397258024223,0.030461471615307503,0.478658264219335,5.968923162757611
39,422,1.0,4658.65543970788,0.05784748505157464,8.504329638286297,-8.446482153234726,-8.446482153234722,3.552713678800501e-15,0.03726956075165688,-2.294173512086386,3.51325131153308,6.15230864114834,0.030560127767119635,0.478344842669078,5.965107149381701
39,423,1.0,4488.2250576617935,0.09554427237856078,8.504756864861632,-8.409212592483069,-8.40921259248307,1.7763568394002505e-15,-0.044272049816166614,-2.2560119402160783,3.514143322651733,6.1532006522669915,0.030665312446065716,0.4781147619188919,5.963737600598017
39,424,1.0,4691.392108793691,0.043884743286865535,8.497369385586103,-8.453484642299236,-8.453484642299237,1.7763568394002505e-15,-0.0321777266254788,-2.3036791577450875,3.510748154938888,6.149805484554146,0.030603928705540698,0.4779958248367052,5.959674112363581
39,425,1.0,4844.805450992382,0.006919121043140533,8.492581489967854,-8.485662368924714,-8.485662368924714,0.0,0.00995330280047746,-2.337317131641094,3.5092879076683614,6.148345237283619,0.030548542231450652,0.4777965903792192,5.956541609886841
39,426,1.0,4796.822824264611,0.022151904749734296,8.497860970873973,-8.475709066124237,-8.475709066124239,1.7763568394002505e-15,-0.04321273912123935,-2.3270671879469056,3.509584548562072,6.14864187817733,0.030605044913463962,0.4776774324772656,5.955590331387571
39,427,1.0,5008.650543716882,-0.03182054264216334,8.487101262603314,-8.518921805245476,-8.518921805245478,1.7763568394002505e-15,-0.036952495026092436,-2.3727769165119943,3.507087559118223,6.146144888733482,0.030533257290717833,0.4774099689311038,5.950797531882935
39,428,1.0,5197.194814563789,-0.07294881234860995,8.482925487922959,-8.555874300271569,-8.555874300271569,0.0,-0.05138348064596876,-2.4121635847532787,3.5046533859030324,6.14371071551829,0.030529207871645484,0.47726855888949826,5.947500847026051
39,429,1.0,5471.224790794597,-0.13616118024143986,8.471096600676098,-8.607257780917537,-8.607257780917537,0.0,-0.13306713439594375,-2.4645530493854824,3.5036474019167962,6.142704731532054,0.0305469258235955,0.4769559558222315,5.943629373434564
39,430,1.0,6249.926079081106,-0.28823809409543677,8.452086821218044,-8.740324915313481,-8.740324915313481,0.0,-0.00854743198988217,-2.5965749856405234,3.5046926000576972,6.143749929672956,0.030507900955810685,0.47684176382625193,5.943080063914474
39,431,1.0,6303.575854455966,-0.2993294618432182,8.449542885460147,-8.748872347303363,-8.748872347303365,1.7763568394002505e-15,-0.015607736400221839,-2.6034026993502275,3.5064123183378757,6.145469647953135,0.03055760423234617,0.47662761691294764,5.942818593288171
39,432,1.0,6402.732194905792,-0.3211598579502337,8.44332022575335,-8.764480083703585,-8.764480083703583,1.7763568394002505e-15,-0.0816943628996043,-2.617653574823987,3.5077691792643395,6.146826508879599,0.0306406035625894,0.4763458999185054,5.941570164873069
39,433,1.0,6947.759042273087,-0.4101303655982693,8.436044081004919,-8.84617444660319,-8.846174446603188,1.7763568394002505e-15,-0.05522330451906221,-2.7025290598175604,3.5045880571703703,6.1436453867856295,0.030587618174977814,0.47633447205007723,5.938247029459632
39,434,1.0,7342.2289790052655,-0.4697894735638135,8.43160827755844,-8.901397751122252,-8.901397751122254,1.7763568394002505e-15,0.05772182628955491,-2.7584995026522243,3.503840918854768,6.142898248470027,0.030591268678545138,0.4763382963532217,5.937685709690515
39,435,1.0,6930.4215830787025,-0.40559397645314366,8.438081948379555,-8.843675924832697,-8.843675924832699,1.7763568394002505e-15,0.012855106608508748,-2.702753153292305,3.501865441925133,6.140922771540391,0.030603907445227247,0.476150651316072,5.9344544914529465
39,436,1.0,6841.900468005945,-0.39307494754961003,8.43774587067458,-8.830820818224188,-8.83082081822419,1.7763568394002505e-15,0.03254975651817915,-2.690111025743136,3.5016524628657932,6.140709792481053,0.03063874513750726,0.47599822566479827,5.933040892185888
39,437,1.0,6622.783717684435,-0.36059694865317365,8.437674113052836,-8.798271061706009,-8.798271061706009,0.0,0.02597818490499293,-2.6582317029488913,3.500982029141857,6.140039358757115,0.030624757142242744,0.4758746100291174,5.931415961862053
39,438,1.0,6452.951337240472,-0.3376069292439955,8.43468594755702,-8.772292876801016,-8.772292876801014,1.7763568394002505e-15,-0.02857145187098986,-2.63105076298169,3.5021847842040663,6.141242113819326,0.03067726754314812,0.4756386206751763,5.930405435862602
39,439,1.0,6639.980652406324,-0.37181717535561154,8.429047153316393,-8.800864328672006,-8.800864328672004,1.7763568394002505e-15,-0.06396661193952191,-2.6562452813116457,3.5055617177451017,6.14461904736036,0.030772092188236597,0.4754027543788643,5.931348784963108
39,440,1.0,7078.59655689838,-0.45335904316385883,8.41147189744767,-8.864830940611528,-8.86483094061153,1.7763568394002505e-15,0.031973405603695326,-2.7187269809218764,3.507046630074394,6.146103959689652,0.03075656049772501,0.4751712496171158,5.930219952165025
39,441,1.0,6855.849681998247,-0.41337376498579775,8.419483770022035,-8.832857535007832,-8.832857535007832,0.0,-0.0295519431989959,-2.6904889728302686,3.503311232562305,6.142368562177564,0.030667867770429444,0.4753124432216361,5.928382890013438
39,442,1.0,7061.476737322693,-0.4482034140472534,8.414206064159576,-8.862409478206828,-8.862409478206828,0.0,-0.03895947649898268,-2.7179594759906003,3.505392672600969,6.144450002216227,0.030569770745829856,0.47533588755009387,5.930706276378776
39,443,1.0,7342.017552166168,-0.507195302614511,8.394173652091299,-8.901368954705811,-8.90136895470581,1.7763568394002505e-15,0.0496313349351567,-2.751332583768025,3.5109790413225275,6.150036370937786,0.03051663696820092,0.47507771697051027,5.933437031378053
39,444,1.0,6986.518341334262,-0.4482964501961274,8.403441169574528,-8.851737619770654,-8.851737619770654,0.0,0.03337895553674208,-2.702471185054318,3.510209105101077,6.149266434716334,0.030474826923949462,0.47502147489727187,5.932583578028854
39,445,1.0,6757.1647422747565,-0.4086710779543235,8.409687586279588,-8.818358664233912,-8.818358664233912,0.0,0.06641368138217274,-2.6703836189242685,3.508917715694385,6.147975045309644,0.030460284582001913,0.4748950730136389,5.930502401955285
39,446,1.0,6322.974232519438,-0.32662470417843104,8.425320278673308,-8.75194498285174,-8.75194498285174,0.0,0.043238031419408074,-2.6054515651520758,3.507436088084406,6.146493417699664,0.03054023050869301,0.47486601226037256,5.929116417638013
39,447,1.0,6055.40748763119,-0.2831751999525044,8.425531751479827,-8.708706951432331,-8.708706951432331,0.0,-0.005661106935743732,-2.567569939928276,3.502079681888795,6.1411370115040524,0.030604713885803225,0.4745355846605505,5.92116201027036
39,448,1.0,6089.785012569373,-0.28968619509350296,8.424681863274573,-8.714368058368075,-8.714368058368077,1.7763568394002505e-15,-0.03306092876798594,-2.5755602405428006,3.4997504882100174,6.138807817825277,0.03062655467039286,0.47442915295742566,5.9181085036845085
39,449,1.0,6294.484087081904,-0.3320041941036456,8.415424793032415,-8.747428987136061,-8.747428987136061,0.0,0.03173101171667092,-2.6102678479477097,3.4981038095730925,6.137161139188351,0.030662403076151607,0.4742059905390808,5.9143935721516945
39,450,1.0,6097.889309323158,-0.29504047469470657,8.420657500724685,-8.71569797541939,-8.715697975419392,1.7763568394002505e-15,-0.01602104877812849,-2.580561850972958,3.4960787948311736,6.135136124446431,0.030787637609343787,0.47396479132026886,5.910462750521903
39,451,1.0,6196.370672293259,-0.32025561691889093,8.411463407278628,-8.731719024197519,-8.731719024197519,0.0,-0.048634682051515554,-2.59896413227447,3.4936975623077915,6.132754891923051,0.030887296478363954,0.47363484625211805,5.905241385601301
39,452,1.0,6505.177688469099,-0.3832348647711921,8.397118841477845,-8.780353706249034,-8.780353706249036,1.7763568394002505e-15,0.032178267825065276,-2.64596380021889,3.4953325764148855,6.134389906030145,0.03103864236336043,0.4732998582171887,5.9034101778225
39,453,1.0,6299.184366882139,-0.34661045087803966,8.401564987545928,-8.748175438423969,-8.748175438423967,1.7763568394002505e-15,-0.05336965032869223,-2.6168802490844714,3.4922378597242383,6.131295189339497,0.030930502541658782,0.4733352092240328,5.901157288042806
39,454,1.0,6644.502425117358,-0.41454256665433964,8.38700252209832,-8.801545088752661,-8.801545088752661,0.0,-0.04903048750282046,-2.6699581306315534,3.4925296285058494,6.131586958121107,0.030956866893055494,0.4731459381475828,5.899621012902651
39,455,1.0,6978.4044182809575,-0.47727153440654,8.373304041848941,-8.850575576255482,-8.850575576255482,0.0,0.008153322433839705,-2.7175323318596734,3.493985914780549,6.133043244395808,0.03107157155557769,0.4728946210470502,5.898366871431613
39,456,1.0,6921.738558411011,-0.4696841306022959,8.372738123219344,-8.842422253821642,-8.84242225382164,1.7763568394002505e-15,-0.044464113686155216,-2.7135431714065867,3.4898217527997963,6.128879082415055,0.03112508957561981,0.4727782687696528,5.893395435140827
39,457,1.0,7236.45241604514,-0.5249564580117859,8.36192990949601,-8.886886367507797,-8.886886367507795,1.7763568394002505e-15,-0.014253030230605646,-2.756246085207391,3.491582952685147,6.130640282300407,0.031060944539816622,0.47276910026456054,5.894964726890299
39,458,1.0,7340.332334316384,-0.5514178014373169,8.349721596301087,-8.901139397738403,-8.901139397738405,1.7763568394002505e-15,0.0036583572923039043,-2.7684408159307994,3.493641252192344,6.1326985818076025,0.03106130324012198,0.4724390150665974,5.893694105279716
39,459,1.0,7313.527836103961,-0.5560259830457235,8.34145505740038,-8.897481040446099,-8.897481040446102,3.552713678800501e-15,0.0031168493410760334,-2.7625645553178404,3.4958591555129996,6.134916485128258,0.031067325370929492,0.47213007292412745,5.892629334852929
39,460,1.0,7290.768159354179,-0.5450456427850605,8.349318548319962,-8.894364191105023,-8.894364191105023,0.0,0.009480245597336179,-2.7649901508025474,3.490316710687216,6.129374040302477,0.03113672955713866,0.4720376344690654,5.887113108417126
39,461,1.0,7221.9764828250745,-0.5317048129047215,8.353179132602964,-8.884883945507687,-8.884883945507685,1.7763568394002505e-15,0.06486792480827575,-2.75601626020804,3.4898103556843862,6.128867685299644,0.031109794400233995,0.4720263248786157,5.886906955531624
39,462,1.0,6768.373058470851,-0.4522300341875659,8.367785986511844,-8.820016020699411,-8.820016020699411,0.0,-0.059786505509707766,-2.69343348356983,3.487525207514321,6.126582537129582,0.031077542832603073,0.471950090599587,5.884695437041375
39,463,1.0,7185.371673108528,-0.5330445826997408,8.34675794350938,-8.879802526209119,-8.87980252620912,1.7763568394002505e-15,-0.028298046628284723,-2.7523631465029093,3.4883820500909506,6.1274393797062086,0.031180908294886334,0.4716053522505861,5.8819069274031595
39,464,1.0,7391.607935139153,-0.5691124637993829,8.33898810903802,-8.908100572837403,-8.908100572837403,0.0,0.03284138462892905,-2.7805440563266672,3.4884991868954778,6.127556516510736,0.03124313979674964,0.4714572027122883,5.880596553710404
39,465,1.0,7152.800148687871,-0.528949195092034,8.346309993116439,-8.875259188208474,-8.875259188208473,1.7763568394002505e-15,-0.00618517664399576,-2.748929688196326,3.48727217039689,6.126329500012147,0.031246270399270627,0.47121556570634293,5.877443303628291
39,466,1.0,7197.178583857183,-0.5421217260647845,8.339322638787687,-8.88144436485247,-8.881444364852472,1.7763568394002505e-15,-0.016600345891166768,-2.7536667012081124,3.488720334029099,6.127777663644356,0.03125423042979574,0.47090773337971126,5.875905035983693
39,467,1.0,7317.651416576124,-0.5631868180714863,8.33485789267215,-8.898044710743637,-8.898044710743637,0.0,0.004544216573199478,-2.7723817662203456,3.4866056149080324,6.125662944523291,0.03132213024517988,0.47066930053332917,5.871704013793836
39,468,1.0,7284.473863817329,-0.553821817606287,8.339678676564152,-8.893500494170437,-8.89350049417044,1.7763568394002505e-15,0.06644635727942294,-2.766803604827427,3.4876395597277505,6.12669688934301,0.031234317881601234,0.47064873850313593,5.872664142498095
39,469,1.0,6816.177684406743,-0.4716106507364,8.355443486154613,-8.827054136891014,-8.827054136891013,1.7763568394002505e-15,-0.01676244362185919,-2.706454798830362,3.4815420084453934,6.120599338060652,0.03133539397692714,0.4704171669659984,5.865517282713875
39,470,1.0,6931.396454799393,-0.48961743738178903,8.354199143131085,-8.843816580512874,-8.843816580512874,0.0,-0.07564569308743252,-2.7235671832372472,3.4811920676603676,6.120249397275628,0.031306252117661235,0.47036524611975694,5.8649518263061395
39,471,1.0,7476.0680694756875,-0.5883953427809826,8.331066930819327,-8.919462273600306,-8.91946227360031,3.552713678800501e-15,-0.025294418743124325,-2.7996534923805734,3.480751451604474,6.119808781219733,0.031496893439547424,0.46999784949903106,5.860549737904742
39,472,1.0,7667.582781499013,-0.6169261110531563,8.327830581290275,-8.94475669234343,-8.944756692343432,1.7763568394002505e-15,-0.025191787877503202,-2.8265722114408396,3.4791271512873325,6.118184480902592,0.03156423911895273,0.4698557585130165,5.8578544316992796
39,473,1.0,7863.196484902808,-0.6461002375752529,8.323848242645678,-8.969948480220934,-8.96994848022093,3.552713678800501e-15,0.036943854933888076,-2.8513909983303773,3.4795001522752975,6.118557481890556,0.03162889545409283,0.4696523414583617,5.856308408483558
39,474,1.0,7578.000255443009,-0.5997097966899696,8.333294828597074,-8.933004625287046,-8.933004625287044,1.7763568394002505e-15,0.03818400180061765,-2.816556101891496,3.477391193780289,6.116448523395548,0.03159107187171611,0.46970442322087885,5.855313678335897
39,475,1.0,7294.0966615877305,-0.5530933981011243,8.3417272253853,-8.894820623486428,-8.894820623486424,3.552713678800501e-15,0.026779528306443368,-2.7809634723611114,3.474799821510056,6.113857151125314,0.031601991516147634,0.4694683784329499,5.851287492105277
39,476,1.0,7101.356457828509,-0.5185557215510153,8.34948537362897,-8.868041095179985,-8.868041095179985,0.0,-0.038794912021520744,-2.7558866767560746,3.473097088808651,6.112154418423911,0.03160721932677432,0.4693120109499816,5.848546353528341
39,477,1.0,7382.266669317049,-0.5728539692238585,8.333982037977647,-8.906836007201505,-8.906836007201505,0.0,0.043836865500100686,-2.793391181892292,3.4743874956939544,6.113444825309214,0.031675637672200885,0.46910370186988487,5.847622694548062
39,478,1.0,7065.641860262284,-0.5180339875734745,8.34496515412793,-8.862999141701405,-8.862999141701405,0.0,-0.07805429418913867,-2.749812208491177,3.4741296035949687,6.113186933210227,0.03169819072746913,0.4688338895179095,5.845422012437041
39,479,1.0,7639.240268273888,-0.6191826667434568,8.321870769147083,-8.941053435890543,-8.94105343589054,3.552713678800501e-15,0.07542110461982254,-2.8287783455291335,3.473217760746149,6.112275090361408,0.03180277532567371,0.46852447669580755,5.841281170405009
39,480,1.0,7084.271551699465,-0.5262755206538434,8.33935681061688,-8.86563233127072,-8.865632331270724,3.552713678800501e-15,-0.04593603169680982,-2.7561050886439538,3.470469913011508,6.109527242626767,0.03180730782457213,0.46830727411677475,5.837595105636029
39,481,1.0,7417.284975744643,-0.5791607025577109,8.332407660409821,-8.91156836296753,-8.911568362967532,1.7763568394002505e-15,0.06069104075187326,-2.802405226223054,3.4701058071292183,6.109163136744478,0.03185085640401081,0.46820024969347035,5.836463643346208
39,482,1.0,6980.510441348648,-0.5172039542000577,8.3336733680156,-8.850877322215657,-8.850877322215657,0.0,-0.06982957778022048,-2.744294070630331,3.467525921970068,6.106583251585327,0.031880600431392674,0.46781087146328176,5.830539273413492
39,483,1.0,7485.3787741024835,-0.5964396373077261,8.324267262688151,-8.920706899995878,-8.920706899995878,0.0,0.11483417684658548,-2.814131528701562,3.467518041679058,6.106575371294317,0.031885864821519436,0.46780834950030525,5.830450728414511
39,484,1.0,6673.319712728164,-0.4566682865649788,8.349204436584316,-8.805872723149292,-8.805872723149294,1.7763568394002505e-15,-0.032176303411185714,-2.7029033712627824,3.463912022271252,6.10296935188651,0.03184964865235943,0.4677465421461771,5.827118512849831
39,485,1.0,6891.534315799612,-0.5018781182593515,8.33617090830113,-8.838049026560478,-8.838049026560482,3.552713678800501e-15,0.0246553131168028,-2.735914489959453,3.463077206985768,6.102134536601027,0.03191891879030908,0.46732106906598037,5.822413766564773
39,486,1.0,6723.698898727465,-0.4726351256527064,8.340758587790965,-8.813393713443675,-8.813393713443672,3.552713678800501e-15,-0.09703286161098035,-2.712091795877538,3.462244587950878,6.101301917566138,0.03194738895520763,0.46713108745145004,5.820114361893076
39,487,1.0,7408.820842455075,-0.5890802082248539,8.3213463668298,-8.910426575054656,-8.910426575054654,1.7763568394002505e-15,0.10060805663916561,-2.808422738325607,3.4629465071137893,6.102003836729048,0.03201924288396086,0.46681376509598144,5.8177309723338615
39,488,1.0,6699.703283914478,-0.4616183562380241,8.348200162177466,-8.80981851841549,-8.80981851841549,0.0,-0.03561424511072353,-2.7101743352279106,3.46058685357232,6.099644183187579,0.03198264625539969,0.4667342078535166,5.815490155797404
39,489,1.0,6942.607917455707,-0.500349985935955,8.34508277759026,-8.845432763526214,-8.845432763526215,1.7763568394002505e-15,-0.03090724066345807,-2.7446334291406984,3.461742004770255,6.100799334385513,0.031963236943715646,0.46673534860526683,5.816567852498079
39,490,1.0,7160.535188723341,-0.5381414803091574,8.338198523880514,-8.876340004189672,-8.876340004189672,0.0,0.052277441845088646,-2.7761404346612912,3.4611422399131215,6.10019956952838,0.03202212052815968,0.46653788165565657,5.814279706397146
39,491,1.0,6795.817051103102,-0.47203433379636917,8.352028228548212,-8.824062562344583,-8.824062562344581,1.7763568394002505e-15,-0.0002331886478561529,-2.7232355499773186,3.4617696827520055,6.100827012367263,0.03198644896746257,0.4666113185979005,5.815770805694632
39,492,1.0,6797.401943274574,-0.4778141771540063,8.346481573838432,-8.82429575099244,-8.824295750992437,1.7763568394002505e-15,-0.02192963505856227,-2.7249515843003,3.460286837076878,6.099344166692136,0.03201180431581547,0.4662781612323179,5.811788004817852
39,493,1.0,6948.112966296498,-0.5069092528425787,8.339316133208424,-8.846225386051001,-8.846225386051003,1.7763568394002505e-15,-0.030795428995984864,-2.7478879021590896,3.4592801542766525,6.098337483891911,0.032101552944818666,0.4662641656283534,5.810777004979414
39,494,1.0,7165.411818666951,-0.5515920711292897,8.325428743917698,-8.877020815046986,-8.877020815046988,1.7763568394002505e-15,0.02629422229562195,-2.779082403350046,3.458881082081681,6.097938411696939,0.03220973604409878,0.465872173958437,5.806790543481392
39,495,1.0,6979.458352041747,-0.518431228409633,8.332295364341732,-8.850726592751364,-8.850726592751364,0.0,-0.06728080401084569,-2.752153185114006,3.4595160780221,6.098573407637359,0.032227439367073875,0.46577132612437316,5.806742123080871
39,496,1.0,7465.199219537531,-0.6040953252212796,8.31391207154093,-8.91800739676221,-8.91800739676221,0.0,0.009728407391380145,-2.819369929621789,3.4595801375251622,6.098637467140421,0.032241521307517826,0.4653770758670358,5.80280442617687
39,497,1.0,7392.926837856912,-0.6004361888886272,8.307842800482202,-8.90827898937083,-8.90827898937083,0.0,-0.007535744780197362,-2.8098330241986305,3.4593886355569388,6.098445965172197,0.03226314300383812,0.4650914125141073,5.799960155371876
39,498,1.0,7448.848488692795,-0.6113146619480961,8.304500072202933,-8.915814734151027,-8.915814734151029,1.7763568394002505e-15,-0.01333839332468223,-2.8177327564183328,3.4590246481174356,6.098081977732696,0.03228893532866568,0.4650217925746292,5.798946622314694
39,499,1.0,7548.869738116988,-0.6207229730203258,8.308430154455387,-8.92915312747571,-8.929153127475713,3.552713678800501e-15,-0.06343566548835433,-2.8309803664056523,3.4591154314548,6.0981727610700585,0.03229519088882455,0.46483320093979097,5.797584068162967
39,500,1.0,8043.252281177048,-0.7063497718043692,8.286239021159695,-8.992588792964064,-8.992588792964064,0.0,,-2.8928567715907554,3.46067469175805,6.099732021373308,0.032323579896258205,0.46459062462178596,5.796212380706201
