seed,epoch,temperature,Z,E,S,F,F_check,err,delta_F,F_data,KL,NLL,data_mass,recon_sq,recon_ce
50,1,1.0,11432.71404840315,-0.34588502159499745,8.998349156561254,-9.344234178156254,-9.34423417815625,3.552713678800501e-15,-0.03100471731394272,-3.095497746294827,3.6096791022461687,6.248736431861427,0.027434289457077394,0.49989551729099724,6.247790341198952
50,2,1.0,11792.73444090705,-0.3772195780199744,8.998019317450224,-9.375238895470197,-9.375238895470199,1.7763568394002505e-15,0.010007036485646381,-3.126631251401721,3.609550314453217,6.248607644068477,0.027497503580613886,0.4998747684046763,6.247474045260054
50,3,1.0,11675.312619209406,-0.36723028414215675,8.998001574842394,-9.36523185898455,-9.36523185898455,0.0,-0.03536165125786184,-3.1166681164226686,3.6095064129466228,6.248563742561882,0.027506729121169023,0.49986586619310563,6.2473486376593135
50,4,1.0,12095.557437508523,-0.4046797509539038,8.99591375928851,-9.400593510242413,-9.400593510242413,0.0,-0.057031876037966,-3.1504119936379564,3.6111241869891972,6.250181516604456,0.027527456343128847,0.49985371381065963,6.248854839121923
50,5,1.0,12805.44034138778,-0.46484793430421956,8.992777451976158,-9.457625386280379,-9.457625386280377,1.7763568394002505e-15,-0.08742123472019081,-3.2051846466191485,3.6133834100459703,6.252440739661229,0.02759635506309234,0.4998430631813956,6.251014350892617
50,6,1.0,13975.297991784364,-0.5607910599992054,8.984255561001364,-9.54504662100057,-9.54504662100057,0.0,0.0260379237926589,-3.286254709633026,3.6197345817522844,6.2587919113675445,0.027705138281615586,0.499792987736871,6.256890633395565
50,7,1.0,13616.106836930136,-0.5316482792384001,8.987360417969509,-9.51900869720791,-9.519008697207909,1.7763568394002505e-15,-0.08771513605216974,-3.2627272932468614,3.6172240743457906,6.256281403961049,0.027726499902826635,0.4997878421157886,6.254342022399861
50,8,1.0,14864.392001645789,-0.6283676535336111,8.978356179726468,-9.60672383326008,-9.60672383326008,0.0,-0.037964735093410695,-3.3439526230840815,3.623713880560743,6.262771210176,0.02781481790009869,0.4997508776555372,6.260474060555795
50,9,1.0,15439.563745484986,-0.6697527909857381,8.974935777367753,-9.64468856835349,-9.64468856835349,0.0,0.1324985886241894,-3.379844021827474,3.625787216910758,6.2648445465260165,0.027936807927162004,0.4997220676475846,6.262273603872806
50,10,1.0,13523.578272827843,-0.5281443573477903,8.984045622381512,-9.512189979729301,-9.512189979729301,0.0,0.014865127293843372,-3.253032110351119,3.620100539762923,6.259157869378183,0.02764343309447364,0.4997760117817286,6.257091143291023
50,11,1.0,13324.035350242924,-0.5111390110929901,8.986185841342468,-9.497324852435458,-9.497324852435458,0.0,-0.043082067262583124,-3.2398314702363558,3.6184360525838435,6.257493382199103,0.027594545818105783,0.49980090734917987,6.2556613815791495
50,12,1.0,13910.60697303995,-0.5545882980362854,8.985818621661757,-9.540406919698041,-9.540406919698043,1.7763568394002505e-15,0.05397231596759333,-3.283280085998861,3.618069504083921,6.257126833699179,0.027723420583749117,0.49979163028952855,6.255220623793351
50,13,1.0,13179.720529945651,-0.5003914942735598,8.986043109456887,-9.486434603730448,-9.486434603730446,1.7763568394002505e-15,0.055525608780637725,-3.228739969808857,3.6186373043063322,6.257694633921591,0.027577749341650033,0.49979381157335206,6.255799224630601
50,14,1.0,12467.854799297771,-0.4434561983837652,8.987452796566046,-9.43090899494981,-9.430908994949812,1.7763568394002505e-15,0.073480184230025,-3.1737439178780638,3.6181077474564876,6.257165077071747,0.02750439996442962,0.49978469010018106,6.255190564190914
50,15,1.0,11584.56410929108,-0.36382659299681397,8.99360221772297,-9.357428810719785,-9.357428810719783,1.7763568394002505e-15,-0.039153547770604646,-3.1056264316058386,3.6127450494986877,6.251802379113946,0.027490296285531977,0.49979510854455017,6.249936039960539
50,16,1.0,12047.137495888586,-0.4073622977176664,8.989220060772723,-9.39658235849039,-9.39658235849039,0.0,0.11771427918032806,-3.141159806969817,3.616365221905315,6.2554225515205735,0.02759232600505395,0.4997543628817201,6.25317580387751
50,17,1.0,10709.302971632136,-0.28867678816931874,8.990191291140745,-9.278868079310062,-9.278868079310064,1.7763568394002505e-15,0.00984350100321052,-3.0240299223179052,3.615780827376898,6.2548381569921565,0.027463112620125713,0.4997289336772008,6.252347296490444
50,18,1.0,10604.40307522229,-0.2753109837843359,8.993713594522518,-9.269024578306851,-9.269024578306853,1.7763568394002505e-15,0.007693088221735422,-3.0171494555627922,3.6128177931288,6.251875122744059,0.027389825698514177,0.49978001373061554,6.249867546615401
50,19,1.0,10523.135467074055,-0.2654374577771107,8.995894032308001,-9.261331490085116,-9.261331490085112,3.552713678800501e-15,0.03671306838352528,-3.011155604090002,3.611118556379855,6.250175885995113,0.02734977305932182,0.4998283064803237,6.248616219108479
50,20,1.0,10143.804679409832,-0.22620953397472318,8.998408887726868,-9.22461842170159,-9.22461842170159,0.0,-0.06653035267266283,-2.9767265032952923,3.6088345887910394,6.247891918406298,0.027386097401300217,0.4998398359850944,6.24644325163513
50,21,1.0,10841.631536055376,-0.2954290371883552,8.995719737185897,-9.291148774374253,-9.291148774374253,0.0,0.062002577318862606,-3.0407150313977334,3.6113764133612594,6.250433742976519,0.027437837617844914,0.4998290747357992,6.248883392947309
50,22,1.0,10189.837683138327,-0.22779875260478677,9.001347444450605,-9.22914619705539,-9.229146197055393,1.7763568394002505e-15,-0.057165776440825766,-2.984289817727332,3.6057990497127994,6.244856379328058,0.027450911873455067,0.4998265667251184,6.2432904192988605
50,23,1.0,10789.3193369531,-0.2887736706755904,8.997538302820624,-9.286311973496217,-9.286311973496215,1.7763568394002505e-15,-0.018464515075544696,-3.037723090965349,3.6095315529156085,6.248588882530868,0.027416925278305842,0.4998295167532608,6.2470453528160785
50,24,1.0,10990.389505405514,-0.3067918660331087,8.997984622538652,-9.304776488571761,-9.304776488571761,0.0,0.10010710404590917,-3.056426218224669,3.609292940731834,6.2483502703470934,0.027361425970992982,0.4998594834566152,6.24707782565092
50,25,1.0,9943.450622454597,-0.20350086697723047,9.00116851754862,-9.204669384525852,-9.20466938452585,1.7763568394002505e-15,0.06483625973827323,-2.959621560087465,3.605990494823126,6.2450478244383865,0.027308116869508986,0.49984731565396023,6.243669272322533
50,26,1.0,9319.209856941794,-0.1453739725721644,8.994459152215413,-9.139833124787579,-9.139833124787577,1.7763568394002505e-15,0.07462183387569965,-2.8884803889076265,3.6122954062646935,6.251352735879952,0.02706922985505453,0.4998359833248181,6.249860541044738
50,27,1.0,8649.106423186573,-0.06579047028891427,8.999420820622966,-9.06521129091188,-9.06521129091188,0.0,-0.10490202666241188,-2.819643672809228,3.6065102884873923,6.24556761810265,0.027216663423917674,0.4998253514174461,6.2439884256764895
50,28,1.0,9605.71312445124,-0.17319232706711885,8.99692099050717,-9.170113317574291,-9.17011331757429,1.7763568394002505e-15,0.046845379196057024,-2.921242939055285,3.609813048903748,6.2488703785190065,0.027244320212528678,0.49983588904437865,6.247382113233734
50,29,1.0,9166.106998176321,-0.12342753574067046,8.999840402637565,-9.123267938378234,-9.123267938378236,1.7763568394002505e-15,0.043022942137644904,-2.8776354066749112,3.6065752020880657,6.245632531703323,0.027259080579898426,0.4998321227854103,6.2441152318268065
50,30,1.0,8780.116859166008,-0.08150470269161499,8.998740293548977,-9.08024499624059,-9.080244996240593,3.552713678800501e-15,-0.027442458307360695,-2.834473051048866,3.6067146155764656,6.245771945191724,0.02729615193732118,0.4997849061516842,6.243827216348991
50,31,1.0,9024.40140375774,-0.10746509375854221,9.000222360789406,-9.10768745454795,-9.107687454547948,1.7763568394002505e-15,0.07919269913901239,-2.863111581732027,3.605518543200663,6.244575872815922,0.027317965349488715,0.49979768669866875,6.242747930953442
50,32,1.0,8337.300445868575,-0.02656027963364933,9.001934475775286,-9.028494755408937,-9.028494755408936,1.7763568394002505e-15,-0.01664300090560822,-2.786590222583804,3.602847203209874,6.241904532825133,0.02726069572560164,0.49980349705881405,6.240132087698668
50,33,1.0,8477.219249472239,-0.042928970953926913,9.002208785360619,-9.045137756314546,-9.045137756314546,0.0,-0.05190734566707178,-2.8031941566999374,3.60288626999935,6.241943599614609,0.027290888906778114,0.49981446213942976,6.240269554293168
50,34,1.0,8928.869784560138,-0.09522689507005894,9.001818206911558,-9.097045101981617,-9.097045101981617,0.0,0.030234168070498058,-2.8540127575568506,3.6039750148095093,6.243032344424767,0.027304879728142394,0.49982371226626543,6.241440480579521
50,35,1.0,8662.952977545367,-0.06687403742583609,8.999936896485284,-9.06681093391112,-9.066810933911121,1.7763568394002505e-15,0.08613474859141768,-2.822777716862873,3.6049758874329867,6.244033217048246,0.02731599325187395,0.49977155188120786,6.241966721042318
50,36,1.0,7948.004622939607,0.020601757602234688,9.001277942921936,-8.980676185319702,-8.980676185319702,0.0,-0.025166322320476553,-2.7395065092561315,3.602112346448312,6.241169676063571,0.027381998952684804,0.4997327315887299,6.238758547645626
50,37,1.0,8150.564826024347,-0.003248920039976594,9.002593587600202,-9.005842507640178,-9.005842507640178,0.0,-0.061273753113503915,-2.765499491151914,3.6012856868730068,6.240343016488265,0.027389578757365664,0.49975575393843,6.238142674370259
50,38,1.0,8665.598413466007,-0.06542755753450405,9.001688703219173,-9.067116260753682,-9.067116260753677,5.329070518200751e-15,0.03363409349718616,-2.82487528507966,3.6031836460587634,6.242240975674023,0.027387579071808603,0.49978155453032935,6.240270833368946
50,39,1.0,8378.985861649388,-0.03088535190805182,9.002596815348445,-9.033482167256496,-9.033482167256498,1.7763568394002505e-15,-0.08345482238174284,-2.792723137306793,3.6017017003344454,6.2407590299497055,0.027368979182443583,0.49976126084059286,6.238607409862276
50,40,1.0,9108.260150551827,-0.11608827992648532,9.000848709711754,-9.116936989638239,-9.116936989638239,0.0,0.07056607520919833,-2.873440029291984,3.6044396307309965,6.243496960346256,0.027319983723586967,0.4997755529102949,6.241470309317309
50,41,1.0,8487.679449392726,-0.043543523576095144,9.002827390852946,-9.04637091442904,-9.046370914429042,1.7763568394002505e-15,0.01991576092509284,-2.8057554139303376,3.601558170883442,6.2406155004987,0.02733512944578775,0.4997815482904717,6.23864666249425
50,42,1.0,8320.313001697412,-0.02528113574035666,9.001174017763592,-9.026455153503948,-9.02645515350395,1.7763568394002505e-15,-0.027726840242902284,-2.7844843108325548,3.602913513056134,6.2419708426713925,0.02733017916757115,0.4997769355910039,6.239958470606159
50,43,1.0,8554.236991510708,-0.05280995519975857,9.001372038547093,-9.05418199374685,-9.054181993746852,1.7763568394002505e-15,0.03714247879026722,-2.812296570943892,3.6028280931876995,6.241885422802958,0.02735544161154683,0.49976724950619794,6.2397872451492935
50,44,1.0,8242.339602598831,-0.014962176163220701,9.002077338793361,-9.017039514956583,-9.017039514956583,0.0,0.06283936767342091,-2.7766902314953334,3.601291953845991,6.240349283461249,0.027368345848351943,0.4997614649638473,6.238201598173188
50,45,1.0,7740.334225829275,0.045261042519437765,8.999461189802599,-8.954200147283162,-8.95420014728316,1.7763568394002505e-15,-0.048278739527786385,-2.7127474878911664,3.6023953297767384,6.241452659391998,0.027329324434816313,0.4997389079174657,6.239100887083383
50,46,1.0,8123.19547227433,-0.0014763611060704118,9.001002525704877,-9.002478886810948,-9.002478886810946,1.7763568394002505e-15,-0.028031297621113893,-2.7616532970756764,3.601768260120013,6.240825589735272,0.027345941397041443,0.49974741596395283,6.2385501434344475
50,47,1.0,8354.120627409144,-0.029353872784564566,9.001156311647495,-9.030510184432062,-9.03051018443206,1.7763568394002505e-15,0.07243601527447474,-2.789476111118335,3.601976743698468,6.241034073313728,0.027346624974899578,0.49974993116705446,6.238781918586567
50,48,1.0,7770.37860865803,0.04082459150494957,8.998898760662538,-8.958074169157587,-8.95807416915759,1.7763568394002505e-15,0.047661924172329506,-2.7163155742115803,3.602701265330748,6.241758594946007,0.027343317354123774,0.4997121487351792,6.239164780666365
50,49,1.0,7408.714674298946,0.08561880663878146,8.996031051624042,-8.910412244985258,-8.910412244985261,3.552713678800501e-15,0.07720296772277813,-2.667026042070741,3.604328873299258,6.243386202914516,0.027310985595459147,0.49966434502928825,6.240355097009414
50,50,1.0,6858.261598184477,0.15992464322766037,8.993133920490141,-8.83320927726248,-8.833209277262482,1.7763568394002505e-15,-0.022851388684266283,-2.5891465017635147,3.605005445883706,6.244062775498966,0.027334748160294898,0.4996095314527741,6.240528505567437
50,51,1.0,7016.78676148311,0.13951635323394523,8.99557701918069,-8.856060665946746,-8.856060665946744,1.7763568394002505e-15,-0.010811489848281397,-2.6140555090690705,3.6029478272624176,6.242005156877676,0.027336202547593537,0.49961953776808093,6.238570123906101
50,52,1.0,7093.06025240364,0.12619414888941596,8.993066304684442,-8.866872155795027,-8.866872155795026,1.7763568394002505e-15,0.025047473464354653,-2.6220666538074098,3.6057481723723583,6.244805501987618,0.027279679117120186,0.49961789188308986,6.241348930208991
50,53,1.0,6917.603560382089,0.1507827925181366,8.992607474848809,-8.841824682330673,-8.841824682330673,0.0,0.025589085834829106,-2.5975407084753037,3.605226644240112,6.24428397385537,0.027323996303987776,0.49960979143530654,6.240755144864194
50,54,1.0,6742.834041716499,0.17690703662515134,8.993142633120993,-8.816235596495844,-8.816235596495842,1.7763568394002505e-15,0.007243830197527501,-2.573630050757323,3.603548216123262,6.24260554573852,0.0273624471420979,0.4995927166993089,6.238928420332566
50,55,1.0,6694.166579096642,0.1837467456041745,8.992738511902491,-8.808991766298316,-8.808991766298316,0.0,-0.007252166641249502,-2.5668742779060247,3.603060158777033,6.242117488392291,0.027372336382836683,0.49957933957031203,6.238321189797368
50,56,1.0,6742.890253207321,0.17648857539621768,8.992732508335784,-8.816243932939566,-8.816243932939567,1.7763568394002505e-15,-0.10766999390310339,-2.573741303060512,3.6034453002637945,6.242502629879054,0.02735073329481066,0.4995979685122781,6.238873434940634
50,57,1.0,7509.42311961217,0.0702317908018574,8.994145717644528,-8.923913926842669,-8.92391392684267,1.7763568394002505e-15,0.026414632211277933,-2.6796424099564753,3.605214187270935,6.244271516886194,0.0273051359063309,0.49964652204009924,6.241079349121054
50,58,1.0,7313.661339814709,0.09722336152492345,8.994722656156313,-8.897499294631391,-8.89749929463139,1.7763568394002505e-15,-0.01778470234632934,-2.6551027777391485,3.603339187276983,6.242396516892241,0.027356362215863447,0.49961315021148023,6.238907825456786
50,59,1.0,7444.896156819019,0.07783387161862593,8.993117868596347,-8.91528399697772,-8.91528399697772,0.0,-0.015107278274440361,-2.671158255456704,3.605068411905759,6.244125741521019,0.02742652287844305,0.49959627435537,6.24047993953271
50,60,1.0,7558.222143032856,0.06307425967046341,8.993465534922626,-8.93039127525216,-8.930391275252163,1.7763568394002505e-15,0.0015116763696294555,-2.6864040640331837,3.60492988160372,6.243987211218979,0.0274533509463576,0.4996042461772511,6.240410786974544
50,61,1.0,7546.805188766937,0.06254422372537274,8.991423822607905,-8.928879598882531,-8.928879598882531,0.0,0.023322511161913084,-2.682991257873262,3.6068310113940103,6.2458883410092705,0.02750024037348965,0.4996046542623811,6.242309747338674
50,62,1.0,7372.83137943463,0.0864181657855277,8.991975253506148,-8.905557087720618,-8.90555708772062,1.7763568394002505e-15,-0.058645338635885835,-2.661012090962277,3.605487667143083,6.244544996758342,0.027428621935275496,0.49959791530376557,6.2409065559919785
50,63,1.0,7818.143696188744,0.028465550794453103,8.992667977150958,-8.964202426356504,-8.964202426356506,1.7763568394002505e-15,0.07909051722211657,-2.7188194437771442,3.6063256529641,6.245382982579359,0.027429772864040334,0.49961408860343226,6.241887179767219
50,64,1.0,7223.6230184440365,0.1041090355205947,8.989220944654981,-8.885111909134388,-8.885111909134388,0.0,0.024365764327678008,-2.638841540504214,3.6072130390149146,6.246270368630172,0.027497442136997566,0.4995425325975098,6.242121640647977
50,65,1.0,7049.740910213715,0.12966480062471877,8.990410945431426,-8.86074614480671,-8.860746144806708,1.7763568394002505e-15,-0.030020361057763623,-2.6165400914515105,3.6051487237399384,6.244206053355198,0.027475307100352356,0.49954197930478234,6.240058997106137
50,66,1.0,7264.58539726438,0.09696551007891402,8.987732015943386,-8.890766505864473,-8.890766505864473,0.0,-0.06433763376472257,-2.6431199683485,3.6085892079007147,6.2476465375159735,0.02752572658261371,0.4995432627125202,6.2435042354968795
50,67,1.0,7747.334592387329,0.0341683238924265,8.989272463521619,-8.955104139629196,-8.955104139629192,3.552713678800501e-15,-0.019828017650032947,-2.7076254689656785,3.6084213410482584,6.247478670663518,0.027559825008948522,0.4995482744235544,6.243386317889543
50,68,1.0,7902.48192850034,0.013293502726541912,8.988225660005769,-8.974932157279229,-8.974932157279227,1.7763568394002505e-15,-0.03218350185690433,-2.7265836201635194,3.6092912075004504,6.248348537115709,0.027600079589279933,0.4995042464321019,6.24385164724937
50,69,1.0,8160.948338315007,-0.022580007742634516,8.984535651393497,-9.007115659136133,-9.007115659136131,1.7763568394002505e-15,-0.04563523973537187,-2.75513800887046,3.6129203206504146,6.251977650265673,0.027680943839723967,0.4994458351146282,6.246937338495984
50,70,1.0,8542.003822290393,-0.06764225959806733,8.985108639273438,-9.052750898871505,-9.052750898871505,0.0,0.06706990324501128,-2.8002634060793192,3.613430163176927,6.252487492792186,0.027656279391859384,0.49949057853689044,6.247858032681255
50,71,1.0,7987.882585976141,0.0008215168233065145,8.986502512449801,-8.985680995626494,-8.985680995626495,1.7763568394002505e-15,0.027713587256819494,-2.7361287487563066,3.610494917254928,6.249552246870187,0.02757829186267927,0.4994830551412514,6.244856364107841
50,72,1.0,7769.54908119667,0.030373348680369047,8.988340757050043,-8.957967408369674,-8.957967408369674,0.0,0.0890113860572157,-2.711423141755012,3.6074869369994045,6.246544266614664,0.027524834249579522,0.49948495100170687,6.241882126194839
50,73,1.0,7107.856654678931,0.11697504117723467,8.985931063489693,-8.868956022312458,-8.868956022312458,0.0,-0.09123143078473994,-2.6230012572340837,3.6068974354631154,6.245954765078374,0.027570049516258605,0.4994065797363251,6.240580687314979
50,74,1.0,7786.816988340515,0.023971919518124808,8.984159372615323,-8.960187453097198,-8.960187453097198,0.0,-0.05939450022901127,-2.710162760012697,3.6109673634692423,6.2500246930845025,0.027553514691746477,0.49940622649311034,6.244631536235215
50,75,1.0,8263.3219048627,-0.036749003343021086,8.98283294998319,-9.01958195332621,-9.01958195332621,0.0,-0.05550088628103289,-2.7666940967078317,3.613830527003119,6.252887856618378,0.027454555711245103,0.49945054316899606,6.247887192987763
50,76,1.0,8734.909305307257,-0.0969273550017554,8.978155484605487,-9.075082839607242,-9.075082839607242,0.0,-0.0731026981862648,-2.8168201770115298,3.6192053329804543,6.258262662595713,0.027427175799803628,0.4994326902117245,6.253070803413213
50,77,1.0,9397.373720581207,-0.17196938073296208,8.976216157060545,-9.148185537793507,-9.148185537793507,0.0,0.031667036160667905,-2.8872063038032962,3.6219219043749518,6.260979233990211,0.027476333023836848,0.49941580279607783,6.255606798200539
50,78,1.0,9104.449250392383,-0.14180666573646655,8.974711835896372,-9.11651850163284,-9.116518501632838,1.7763568394002505e-15,0.07630822544694205,-2.8548005877151144,3.6226605843024657,6.261717913917724,0.02754692116453069,0.4993886574139817,6.256103682091515
50,79,1.0,8435.550664945004,-0.060270630160928165,8.979939646024967,-9.040210276185897,-9.040210276185896,1.7763568394002505e-15,0.05775785726263827,-2.785169866785872,3.615983079784766,6.255040409400024,0.027390332849978338,0.4994254425818127,6.249800836723524
50,80,1.0,7962.134681259264,-0.0015681681800269118,8.980884250743234,-8.982452418923259,-8.98245241892326,1.7763568394002505e-15,0.01857900452831629,-2.7298333874730836,3.6135617018349153,6.252619031450174,0.027306978944618292,0.4994194571231211,6.247336430473291
50,81,1.0,7815.571856501703,0.019874405733175973,8.983747820128121,-8.963873414394943,-8.963873414394945,1.7763568394002505e-15,0.021561813719456424,-2.7152098149874426,3.6096062697922418,6.2486635994075,0.027404789374394573,0.49938417570835225,6.243078141161102
50,82,1.0,7648.857740276768,0.04247593025289373,8.984787530928381,-8.942311600675486,-8.942311600675488,1.7763568394002505e-15,-0.025637743098549493,-2.6956229766982096,3.60763129436202,6.2466886239772785,0.02738822215933681,0.4994001151270321,6.241262044549708
50,83,1.0,7847.49258457059,0.017768564158908158,8.985717907932944,-8.967949343774036,-8.967949343774036,0.0,-0.012556592038679426,-2.7218060817855845,3.607085932373194,6.246143261988451,0.027344108883972817,0.4994106510113609,6.24081417367436
50,84,1.0,7946.6515942505275,0.006937587995728096,8.987443523808444,-8.980505935812715,-8.980505935812717,1.7763568394002505e-15,-0.011645196446366413,-2.7361293501719337,3.6053192560255236,6.244376585640782,0.027362040597450323,0.4994187195002648,6.239126167532446
50,85,1.0,8039.7328359309395,-0.002374292499553933,8.989776839759529,-8.992151132259082,-8.992151132259082,0.0,-0.018580874032746664,-2.7498262766438937,3.603267525999929,6.2423248556151885,0.02736175957362555,0.49946530851559295,6.237502342857574
50,86,1.0,8190.514589317713,-0.021786209317097342,8.98894579697473,-9.010732006291828,-9.010732006291828,0.0,0.008104556593274026,-2.767347323318249,3.6043273533583196,6.243384682973579,0.027308080808321217,0.4994745880780753,6.23864155437031
50,87,1.0,8124.402367297956,-0.01686136402020283,8.98576608567835,-9.002627449698554,-9.002627449698553,1.7763568394002505e-15,0.08561890718243959,-2.7570380248812283,3.606532095202067,6.245589424817326,0.02742867374288792,0.4994090402815701,6.240241794280988
50,88,1.0,7457.746296410765,0.06909768961672522,8.98610623213284,-8.917008542516115,-8.917008542516115,0.0,-0.10618377921473865,-2.674118399354609,3.6038328135462456,6.242890143161505,0.027376885159394657,0.49939385715326734,6.237421071692305
50,89,1.0,8293.209461265336,-0.036098944737549356,8.987093376993304,-9.023192321730853,-9.023192321730853,0.0,0.07120059865995998,-2.7785036925632878,3.6056312995523068,6.244688629167565,0.027410505987521448,0.4994306910581048,6.239545361436222
50,90,1.0,7723.2591457638155,0.03777524028011498,8.989766963351013,-8.951991723070893,-8.951991723070897,3.552713678800501e-15,0.04367116108925728,-2.711822524852766,3.6011118686028682,6.240169198218128,0.027344997186534326,0.4994355644519292,6.235086858664389
50,91,1.0,7393.234187515688,0.07743838487423063,8.985758946855867,-8.908320561981636,-8.908320561981636,0.0,-0.05501876117983606,-2.665558500373688,3.6037047319926896,6.242762061607948,0.027280000591766794,0.49938797851632233,6.237241457720266
50,92,1.0,7811.398742599556,0.01929128388624874,8.98263060704772,-8.963339323161472,-8.963339323161472,0.0,0.09518327709298369,-2.71581688694932,3.6084651065968933,6.247522436212152,0.027174655773762546,0.49939102586677125,6.242010167920254
50,93,1.0,7102.172811982332,0.11021746136443465,8.978373507432922,-8.868156046068489,-8.868156046068487,1.7763568394002505e-15,0.0627133073654953,-2.6197001076332898,3.60939860881994,6.248455938435199,0.027175524005787703,0.49931644921651036,6.242260890463043
50,94,1.0,6670.450905861867,0.1665896613674345,8.972032400070427,-8.805442738702993,-8.805442738702993,0.0,-0.02417702501911201,-2.5532200091340207,3.6131653999537137,6.252222729568972,0.027134557488486047,0.4992389713774507,6.245297860712275
50,95,1.0,6833.687905500863,0.1465319391911018,8.976151702913207,-8.829619763722105,-8.829619763722105,0.0,-0.0394247948525166,-2.581348317664215,3.6092141164426303,6.24827144605789,0.02717400743069731,0.49927464289518086,6.2417010715498495
50,96,1.0,7108.485985598027,0.11002639695666183,8.979070955531284,-8.869044558574622,-8.869044558574622,0.0,-0.00554590483234918,-2.6227394371687325,3.60724779179063,6.246305121405889,0.027206139491054195,0.49930632700298383,6.24003540140967
50,97,1.0,7148.018492812384,0.10390071854730998,8.97849118195428,-8.874590463406971,-8.87459046340697,1.7763568394002505e-15,-0.0400735764186777,-2.6276965513554837,3.607836582436229,6.246893912051488,0.02715559642046845,0.49931615398583723,6.240711227628075
50,98,1.0,7440.282070615823,0.0654984443857812,8.980162484211432,-8.914664039825649,-8.91466403982565,1.7763568394002505e-15,0.039867953354828956,-2.6682505347812175,3.6073561754291723,6.246413505044432,0.0271855097405975,0.4993609992818571,6.240640595428849
50,99,1.0,7149.488441397805,0.10205522924128707,8.976851315712107,-8.87479608647082,-8.87479608647082,0.0,0.07187715334743139,-2.6269161619031793,3.6088225949523816,6.247879924567641,0.027216785876482054,0.499317419420156,6.241705799369837
50,100,1.0,6653.637210820558,0.17056436319389295,8.97348329631728,-8.802918933123388,-8.802918933123387,1.7763568394002505e-15,-0.03233124078468741,-2.5549838645007106,3.6088777390074216,6.247935068622679,0.027397469331147895,0.4992489215266826,6.2411351109266295
50,101,1.0,6872.272894214973,0.13937895430347882,8.974629128211554,-8.835250173908076,-8.835250173908074,1.7763568394002505e-15,-0.0013261454054021016,-2.5878014775332034,3.608391366759613,6.247448696374873,0.02749945509035934,0.49923643750115343,6.240530774919677
50,102,1.0,6881.392573011833,0.133672262963973,8.97024858227745,-8.836576319313478,-8.836576319313476,1.7763568394002505e-15,-0.02302108184963103,-2.585302232143675,3.612216757554542,6.2512740871698025,0.027465883411789814,0.4992071400394115,6.2440655197817225
50,103,1.0,7041.647214834682,0.11660805970629087,8.976205460869398,-8.859597401163109,-8.859597401163107,1.7763568394002505e-15,0.08882679016561212,-2.614322753534167,3.606217318013683,6.245274647628944,0.027514816501343402,0.49921966122398714,6.2382208285518335
50,104,1.0,6443.135702985672,0.2026139239033174,8.973384534900815,-8.770770610997497,-8.770770610997497,0.0,0.0048063420064519136,-2.527159094882836,3.6045541864994024,6.243611516114662,0.02754351331833869,0.4991142058235402,6.235607297774579
50,105,1.0,6412.242091307473,0.20745618610189087,8.973420455092935,-8.765964268991045,-8.765964268991045,0.0,0.0686636587544065,-2.52310061326892,3.6038063261068674,6.242863655722126,0.027503619174831562,0.499106691617865,6.234796606493852
50,106,1.0,5986.729868530972,0.2671163856641873,8.964416995900825,-8.697300610236638,-8.697300610236638,0.0,-0.08163601310779711,-2.4487769220552567,3.6094663585661224,6.248523688181381,0.027484447770005017,0.4990260936769201,6.239689349971038
50,107,1.0,6495.965840892788,0.18432919569036782,8.963265819034804,-8.778936623344435,-8.778936623344437,1.7763568394002505e-15,0.002618346258685733,-2.52601969780024,3.613859595928937,6.252916925544197,0.02742906328211066,0.49908046872338674,6.2445541531161695
50,108,1.0,6478.979400932043,0.1854137841476421,8.961732061233391,-8.77631827708575,-8.77631827708575,0.0,0.008069945238268872,-2.522219299795161,3.6150416476753287,6.254098977290587,0.02735455421946028,0.4990818046979106,6.2457537066866085
50,109,1.0,6426.904794187671,0.18953330258395593,8.957781634431438,-8.76824833184748,-8.768248331847483,1.7763568394002505e-15,0.00507737794006502,-2.5109188538491916,3.61827214838303,6.257329477998289,0.027353837430441494,0.4990456619138365,6.248628744231809
50,110,1.0,6394.355671586996,0.19548562216763682,8.958656576075054,-8.763170953907416,-8.763170953907418,1.7763568394002505e-15,-0.03873344162622416,-2.507495116085418,3.6166185082067392,6.255675837821998,0.027267945777338442,0.4990391413231658,6.246919912730024
50,111,1.0,6646.890268853458,0.15482632364996587,8.956730719183604,-8.80190439553364,-8.801904395533638,1.7763568394002505e-15,0.005270118018316339,-2.543056324385305,3.6197907415330746,6.258848071148333,0.027055972848571284,0.49906573208968336,6.250323664671137
50,112,1.0,6611.952516584485,0.16043967782322927,8.957073955338553,-8.796634277515324,-8.796634277515324,0.0,0.02842377552024189,-2.5388625478329323,3.618714400067134,6.257771729682392,0.027056304290382045,0.4990607511927999,6.249211645221343
50,113,1.0,6426.661669926631,0.1889961160756624,8.957206618070742,-8.768210501995082,-8.76821050199508,1.7763568394002505e-15,0.0900997519319926,-2.5127600065913747,3.6163931657884483,6.255450495403706,0.02714884673786787,0.49902234104361204,6.2465657530450684
50,114,1.0,5872.940650936636,0.27545874863253783,8.953569498695629,-8.67811075006309,-8.678110750063091,1.7763568394002505e-15,-0.04135248359418142,-2.4240758294679177,3.614977590979911,6.254034920595169,0.02739810992175967,0.4989031023372907,6.24406404633789
50,115,1.0,6120.892716986941,0.23978571608092059,8.95924894973819,-8.71946323365727,-8.71946323365727,0.0,-0.0300725810666318,-2.470462172725618,3.6099437313163945,6.249001060931652,0.027290469974566234,0.4989367135121914,6.239374910946808
50,116,1.0,6307.7594593576005,0.2095836204801929,8.959119435204094,-8.749535814723902,-8.7495358147239,1.7763568394002505e-15,-0.02794560052489281,-2.4998506115393915,3.6106278735692525,6.2496852031845105,0.0272777122564657,0.49895530829937473,6.240228124920778
50,117,1.0,6486.519733505036,0.1810594964600557,8.95854091170885,-8.777481415248795,-8.777481415248793,1.7763568394002505e-15,-0.014519793056063435,-2.526648843823753,3.611775241809783,6.250832571425042,0.027168391487078572,0.49894764918803974,6.241303614679486
50,118,1.0,6581.3897373645295,0.16806435513127116,8.960065563436126,-8.792001208304859,-8.792001208304855,3.552713678800501e-15,-0.13103501812985385,-2.5426045849989802,3.6103392936906173,6.249396623305876,0.02718299200513564,0.49894502223412424,6.239852936128028
50,119,1.0,7502.83498750262,0.037146322165639484,8.960182548600352,-8.923036226434713,-8.923036226434713,0.0,0.04274958727021527,-2.6687841052770906,3.615194791542361,6.25425212115762,0.027080578273336924,0.4990358238600393,6.24551407538826
50,120,1.0,7188.85104676167,0.0794878489046107,8.959774488069106,-8.880286639164497,-8.880286639164495,1.7763568394002505e-15,-0.008500627770548164,-2.6280192490466203,3.613210060502618,6.252267390117877,0.02728455843346242,0.49894865390457016,6.242744134746164
50,121,1.0,7250.221266752265,0.07425361098090136,8.963040877915946,-8.888787266935045,-8.888787266935044,1.7763568394002505e-15,-0.014725222380747027,-2.640570878001236,3.6091590593185496,6.24821638893381,0.027409291436891105,0.4989226097971544,6.238486021062035
50,122,1.0,7357.772300287855,0.0593984891863225,8.962910978502112,-8.903512489315792,-8.903512489315789,3.552713678800501e-15,0.05394557308307135,-2.655304203944882,3.609150955755653,6.2482082853709136,0.02743665828490674,0.49891716380194345,6.23843736911931
50,123,1.0,6971.36912942536,0.11060126409831358,8.960168180331035,-8.849566916232721,-8.849566916232721,0.0,0.0067191376251898305,-2.600913325590389,3.609596261027073,6.248653590642332,0.02749606317460122,0.49883696901197333,6.238134288784375
50,124,1.0,6924.684556482213,0.11331161325970161,8.956159391867232,-8.842847778607531,-8.84284777860753,1.7763568394002505e-15,-0.07321341258902336,-2.5910588326933315,3.612731616298943,6.2517889459142015,0.02747406111622431,0.49878462955213887,6.240763672136005
50,125,1.0,7450.68453612802,0.04658787041329629,8.962649061609849,-8.916061191196555,-8.916061191196553,1.7763568394002505e-15,-0.01907441403170651,-2.6684054229716145,3.6085984386096803,6.24765576822494,0.027422130798002688,0.4988637059136527,6.237377749010517
50,126,1.0,7594.166040346065,0.030962770213211033,8.96609837544147,-8.935135605228261,-8.93513560522826,1.7763568394002505e-15,-0.023233845802284492,-2.6908267214813866,3.6052515541316157,6.244308883746875,0.02750056265131478,0.49888429208946766,6.234246728180805
50,127,1.0,7772.67339939556,0.0030324148262064685,8.961401865856752,-8.958369451030546,-8.958369451030546,0.0,-0.0509974783781626,-2.7092160973677175,3.6100960240475692,6.2491533536628285,0.027404504395667235,0.4988614264749075,6.238854743599239
50,128,1.0,8179.341534965099,-0.04220438844783085,8.967162540960878,-9.009366929408708,-9.009366929408708,0.0,0.03274795676476927,-2.7652316271521324,3.6050779726413174,6.244135302256575,0.02746935012566621,0.49890468314027786,6.234259390148395
50,129,1.0,7915.823205408736,-0.009754703423805938,8.966864269220135,-8.976618972643939,-8.97661897264394,1.7763568394002505e-15,0.056354581513106794,-2.734124169735034,3.6034374732936465,6.242494802908905,0.027489428629743004,0.49884789757411097,6.232109277102741
50,130,1.0,7482.067160399971,0.04360449254870689,8.963868883679538,-8.920264391130832,-8.920264391130832,0.0,0.04311569482135269,-2.677316225496689,3.603890836018884,6.242948165634144,0.027493657439498456,0.49878211424854885,6.23196551624968
50,131,1.0,7166.328199169306,0.08561434402263329,8.962763040332113,-8.87714869630948,-8.87714869630948,0.0,-0.030192347251855267,-2.63571179035475,3.602379576339471,6.241436905954729,0.027514028616527353,0.4987243973542137,6.229943052442867
50,132,1.0,7385.9959240283615,0.0554934140233826,8.96283445758472,-8.907341043561335,-8.907341043561336,1.7763568394002505e-15,0.040403270132653546,-2.6654836072297923,3.6028001067162854,6.241857436331544,0.027518418844578688,0.4987550510536455,6.2306488322220295
50,133,1.0,7093.525697503305,0.09549010218357508,8.962427875612256,-8.866937773428681,-8.866937773428681,0.0,-0.029069597140635395,-2.626827460397574,3.6010529834158476,6.240110313031108,0.027494453654323833,0.49871786198146545,6.228572305638439
50,134,1.0,7302.75804794414,0.06304748762175141,8.959054858191067,-8.896007370569317,-8.896007370569315,1.7763568394002505e-15,-0.025836568485324563,-2.652068769346971,3.6048812716070877,6.243938601222347,0.027513570032951004,0.498698218323568,6.2322105406443695
50,135,1.0,7493.894782738,0.04260568546143205,8.964449624516075,-8.921843939054641,-8.921843939054643,1.7763568394002505e-15,-0.0710292456976589,-2.682314913531971,3.600471695907412,6.23952902552267,0.027463323855978397,0.4987685994845674,6.228453870311002
50,136,1.0,8045.540041371219,-0.03275477351045208,8.960118411241847,-8.9928731847523,-8.9928731847523,0.0,-0.04096599030080128,-2.7465955368898682,3.607220318247173,6.246277647862432,0.027288853767570405,0.498801773186983,6.235468482560037
50,137,1.0,8381.977758963196,-0.0729485617915098,8.960890613261594,-9.033839175053101,-9.033839175053103,1.7763568394002505e-15,-0.06301952040275616,-2.78860319988229,3.606178645555552,6.24523597517081,0.027331902617397333,0.4987868607750731,6.234298079120663
50,138,1.0,8927.205540082465,-0.13662399840505918,8.960234697050797,-9.096858695455857,-9.096858695455856,1.7763568394002505e-15,-0.052160124727040014,-2.8503412836562743,3.6074600821843235,6.246517411799582,0.02736797700547161,0.49880363297458263,6.235729756948372
50,139,1.0,9405.207650093533,-0.18846338572374005,8.960555434459158,-9.149018820182897,-9.149018820182897,0.0,-0.019653179908143414,-2.9023131141899796,3.6076483763776586,6.246705705992917,0.02740411690431924,0.4988286996320222,6.236141249969157
50,140,1.0,9591.878214829485,-0.21032234403002664,8.958349656061017,-9.16867200009104,-9.168672000091044,3.552713678800501e-15,0.0030191162079447054,-2.9192345101255595,3.6103801603502226,6.249437489965481,0.027461687450829615,0.49881856989581747,6.238779135730746
50,141,1.0,9562.962891171366,-0.20765022444115483,8.958002659441943,-9.165652883883096,-9.165652883883098,1.7763568394002505e-15,-0.056482730239682866,-2.9170174198346333,3.6095781344332036,6.248635464048462,0.027480121022288466,0.49879807558720424,6.237795940406206
50,142,1.0,10118.650803312314,-0.265361006012832,8.95677460810995,-9.222135614122779,-9.22213561412278,1.7763568394002505e-15,0.012259385572505721,-2.972075741867895,3.6110025426396253,6.2500598722548855,0.027501342310508693,0.49880961786590844,6.2393060468639545
50,143,1.0,9995.359642719872,-0.2529378196177448,8.95693840893253,-9.209876228550273,-9.209876228550275,1.7763568394002505e-15,-0.004414080243506646,-2.96023718706699,3.6105817118680235,6.249639041483282,0.027386058591394428,0.4988182759455322,6.238970589533117
50,144,1.0,10039.577480993315,-0.2577545728734657,8.956535735920314,-9.21429030879378,-9.21429030879378,0.0,-0.03598764316070735,-2.965719488148916,3.6095134910296056,6.248570820644863,0.027470213265161508,0.4987907093622225,6.237650137621679
50,145,1.0,10407.45808788874,-0.29520394154458107,8.955074010409907,-9.250277951954487,-9.250277951954489,1.7763568394002505e-15,0.03905908274066583,-3.0010673518983504,3.6101532704408785,6.249210600056137,0.027448377128043842,0.4987754608414579,6.238136394244596
50,146,1.0,10008.788832293598,-0.2578032176580711,8.95341565155575,-9.211218869213821,-9.21121886921382,1.7763568394002505e-15,0.04149240881637972,-2.961838738542744,3.6103228010558195,6.249380130671079,0.027332033392310145,0.4987404880481101,6.237990864492006
50,147,1.0,9601.9978040858,-0.2150771793175657,8.95464928107988,-9.169726460397442,-9.169726460397445,3.552713678800501e-15,0.10721843757413652,-2.9222505630164926,3.60841856776569,6.2474758973809505,0.027291217642521057,0.498726073678972,6.235976741804663
50,148,1.0,8625.757143698203,-0.11040717281925985,8.952100850004047,-9.062508022823305,-9.062508022823307,1.7763568394002505e-15,0.03415161096449815,-2.8164597265649363,3.6069909666431106,6.24604829625837,0.027303952239881087,0.49859760469425424,6.23340310893572
50,149,1.0,8336.147113906254,-0.08207066527715096,8.946285746581655,-9.028356411858807,-9.028356411858805,1.7763568394002505e-15,0.13193476695104422,-2.7786221247969833,3.610676957446564,6.249734287061822,0.027208320006862814,0.49853374847203596,6.236488401960948
50,150,1.0,7305.784019951286,0.05415501809199008,8.950576662999753,-8.896421644907763,-8.896421644907763,0.0,0.06160342661479312,-2.6554209922790863,3.601943323013418,6.241000652628676,0.027316094623705107,0.4984915289543801,6.227441180242281
50,151,1.0,6869.305018391238,0.11555462162270314,8.950372839915673,-8.83481821829297,-8.83481821829297,0.0,-0.05887741996583706,-2.597201068196937,3.5985598204807734,6.237617150096033,0.027426998460148636,0.49839531994170116,6.2232075275493015
50,152,1.0,7285.895524538559,0.05675801051199011,8.950453648770793,-8.893695638258807,-8.893695638258803,3.552713678800501e-15,0.010102466930574039,-2.6556270370662025,3.599011271577346,6.238068601192604,0.027469271363257435,0.49838379489065104,6.2235536996406084
50,153,1.0,7212.66055572894,0.06502739897143968,8.94862057029967,-8.883593171328233,-8.883593171328231,1.7763568394002505e-15,0.030262957777861033,-2.6451176329284416,3.5994182087845323,6.238475538399792,0.02746118991996086,0.49834434380359544,6.223600795443202
50,154,1.0,6997.653891837139,0.09344128547856777,8.94677149902894,-8.853330213550372,-8.853330213550374,1.7763568394002505e-15,0.04518987467048774,-2.615628567128585,3.598644316806528,6.237701646421788,0.027581196528160885,0.49826148544856214,6.222085979442734
50,155,1.0,6688.469407835737,0.13323581036258936,8.941376149242476,-8.808140338879884,-8.808140338879888,3.552713678800501e-15,0.05233194770076466,-2.5679194129431755,3.6011635963214514,6.240220925936711,0.027631529491082482,0.49817173993798913,6.223783434249092
50,156,1.0,6347.449712767011,0.17962760461902588,8.935435995798146,-8.75580839117912,-8.755808391179121,1.7763568394002505e-15,0.005872121718468293,-2.5126308373931137,3.6041202241707464,6.243177553786005,0.02773074900012263,0.498083845074394,6.225919010885566
50,157,1.0,6310.285937347651,0.18071953124112514,8.930655800701775,-8.749936269460651,-8.74993626946065,1.7763568394002505e-15,0.02341861678789492,-2.5024266383892733,3.6084523014561185,6.247509631071378,0.027657319893278617,0.49804803072852893,6.2298903835798844
50,158,1.0,6164.2247203148745,0.20609706398794117,8.932614716660696,-8.726517652672756,-8.726517652672754,1.7763568394002505e-15,-0.03652781363776292,-2.4835613402095187,3.603898982847979,6.242956312463237,0.027633301674577136,0.49803845822209597,6.22529878768442
50,159,1.0,6393.553309604362,0.1700955699447736,8.933141036255293,-8.763045466310519,-8.763045466310519,0.0,0.049039903405409646,-2.5202426223697003,3.6037455143255595,6.242802843940818,0.027573427520317,0.4980531114661144,6.22528830758057
50,160,1.0,6087.577893191429,0.21796098446539486,8.931966547370504,-8.71400556290511,-8.71400556290511,0.0,-0.08656882224174822,-2.472835578937716,3.6021126543521365,6.241169983967396,0.027619855081173216,0.4979836120456772,6.223027849608684
50,161,1.0,6638.0557120845215,0.1334215505581537,8.93399593570501,-8.800574385146858,-8.800574385146856,1.7763568394002505e-15,-0.025561330130145166,-2.5586786282089338,3.602838427322665,6.241895756937923,0.02748476184274021,0.4980434403663975,6.22428942283553
50,162,1.0,6809.920433333578,0.10831335361649745,8.934449068893498,-8.826135715277003,-8.826135715277001,1.7763568394002505e-15,0.0202828958355159,-2.584881826471666,3.6021965591900766,6.241253888805335,0.027369798273996833,0.4980977913772652,6.224164747495936
50,163,1.0,6673.186890244339,0.12633761651405126,8.932190435955537,-8.805852819441487,-8.805852819441485,1.7763568394002505e-15,0.03311005083389773,-2.5645796024623166,3.6022158873639114,6.241273216979171,0.027410560089034954,0.49802552522225857,6.223526947206814
50,164,1.0,6455.855120320434,0.15979399287116924,8.932536761478758,-8.77274276860759,-8.77274276860759,0.0,0.005566415290378046,-2.5338304262390117,3.5998550127533173,6.238912342368574,0.027495723520358013,0.49798816340652735,6.220847865283276
50,165,1.0,6420.018981613236,0.1608662677684502,8.928042621085666,-8.767176353317211,-8.767176353317216,5.329070518200751e-15,0.10794968627754287,-2.5246445229392305,3.603474500762723,6.242531830377983,0.027414104135235418,0.4979421836800434,6.224019160641535
50,166,1.0,5763.0761620233625,0.2628420884927961,8.922068755532461,-8.659226667039668,-8.659226667039665,3.552713678800501e-15,-0.0750719639213564,-2.4159893658003613,3.6041799716240486,6.243237301239307,0.02760032856416574,0.4977879268390789,6.223296650811473
50,167,1.0,6212.375506202425,0.19339950417899296,8.92769813514002,-8.734298630961025,-8.734298630961026,1.7763568394002505e-15,0.01611709653078819,-2.494859166809863,3.6003821345359044,6.239439464151163,0.02756689303126853,0.49785707868821305,6.220169523806341
50,168,1.0,6113.0525989327325,0.2054968444771108,8.923678378907347,-8.718181534430236,-8.718181534430236,0.0,0.0009415410025361837,-2.4758632436564687,3.6032609611585107,6.242318290773769,0.02751119673412287,0.4978237883599383,6.222719221760264
50,169,1.0,6107.2996180188875,0.20768148057134372,8.924921473999046,-8.7172399934277,-8.717239993427702,1.7763568394002505e-15,0.021119584338208597,-2.477734451832571,3.6004482119798706,6.23950554159513,0.027510214617081596,0.49781806248640115,6.219901202101239
50,170,1.0,5979.668490815155,0.22866592276864772,8.92478633185814,-8.696120409089492,-8.696120409089492,0.0,-0.06891598140572519,-2.458612533113555,3.5984505463606777,6.237507875975936,0.027585631400013164,0.4977491699834435,6.217298744563813
50,171,1.0,6406.295069244528,0.16474022394947713,8.929776614444693,-8.765036390495217,-8.765036390495215,1.7763568394002505e-15,0.044440389939062186,-2.5313277026972822,3.5946513581826776,6.233708687797936,0.027564213824651643,0.4978029155270933,6.214024238434583
50,172,1.0,6127.830190176535,0.2047739194856178,8.925369920041774,-8.720596000556155,-8.720596000556156,1.7763568394002505e-15,0.018654117452040708,-2.4850836399947576,3.5964550309461387,6.235512360561397,0.027618482967555775,0.4977207978700892,6.215076876471278
50,173,1.0,6014.580496621804,0.2217244641544343,8.923666347258548,-8.701941883104114,-8.701941883104114,0.0,0.01065976405572222,-2.46615168914077,3.5967328643480845,6.235790193963344,0.02764900949003676,0.49768730755631435,6.215051212448878
50,174,1.0,5950.806996748284,0.22953514988722495,8.920817268935618,-8.691282119048392,-8.691282119048394,1.7763568394002505e-15,0.059208243164404095,-2.454875507325723,3.59734928210741,6.236406611722667,0.027736184301546563,0.497588583282261,6.214767339215572
50,175,1.0,5608.69794315453,0.28354484054772416,8.915618716431712,-8.632073875883988,-8.632073875883988,0.0,-0.002131632720951515,-2.3940199663249104,3.598996579943819,6.238053909559077,0.027722371708205594,0.49746460846419915,6.215250252928176
50,176,1.0,5620.666378834738,0.27899350359451935,8.91319901219946,-8.63420550860494,-8.634205508604941,1.7763568394002505e-15,0.016055080481354622,-2.3945980811722833,3.6005500978173957,6.239607427432653,0.027732790170536245,0.49739887810004074,6.2161782591855
50,177,1.0,5531.1466737157325,0.284270204012149,8.902420632135733,-8.618150428123585,-8.618150428123585,0.0,-0.05681733754913232,-2.3681944798568937,3.6108986186514325,6.24995594826669,0.027696378711204447,0.4972534204561843,6.224972710857444
50,178,1.0,5854.511067263225,0.2278833115919912,8.90285107726471,-8.674967765672717,-8.674967765672719,1.7763568394002505e-15,-0.0030394704655378746,-2.425665528383005,3.610244907674453,6.249302237289712,0.02756157397751577,0.4973076212113318,6.224901933081832
50,179,1.0,5872.332751263122,0.22557896049674525,8.903586196635,-8.678007236138255,-8.678007236138255,0.0,-0.01097999354217194,-2.4306355058274045,3.608314400695591,6.2473717303108485,0.027606335905965517,0.49727522370589616,6.222709865444315
50,180,1.0,5937.166211074261,0.21124412704526838,8.900231356725694,-8.688987229680427,-8.688987229680425,1.7763568394002505e-15,-0.03948220723143692,-2.4387137492793864,3.611216150785783,6.250273480401042,0.027594632736673782,0.49722711696375393,6.2251302644660536
50,181,1.0,6176.267705801829,0.17086055759229368,8.899329994504157,-8.728469436911864,-8.728469436911864,0.0,0.011810338323964942,-2.476434479119333,3.6129776281772723,6.252034957792531,0.027634099844395042,0.4971891874265789,6.226493706871979
50,182,1.0,6103.752949406131,0.18830815742593662,8.904967256013837,-8.716659098587899,-8.7166590985879,1.7763568394002505e-15,-0.04546656222817269,-2.4730961237613234,3.6045056452113164,6.243562974826575,0.02771965135169428,0.497188922985406,6.218192479504681
50,183,1.0,6387.675187919884,0.13913271068474198,8.901258371500813,-8.762125660816071,-8.762125660816071,0.0,0.04486826543783451,-2.5154594130740953,3.6076089181267164,6.2466662477419765,0.02777887261868801,0.49710233509148033,6.220466017666022
50,184,1.0,6107.4058978694875,0.18033102143221522,8.897588416810454,-8.717257395378237,-8.717257395378239,1.7763568394002505e-15,0.0447487029673308,-2.4689666857615107,3.6092333800014695,6.248290709616728,0.027803737354583396,0.4970317292371249,6.221389470404078
50,185,1.0,5840.132082371236,0.22510941394726458,8.89761810635817,-8.672508692410906,-8.672508692410906,0.0,0.01660695893493802,-2.427202660894242,3.606248701901406,6.245306031516665,0.027704044919404255,0.49703434725569073,6.2185019030489945
50,186,1.0,5743.946137316523,0.24241285509306904,8.898314588569036,-8.655901733475968,-8.655901733475968,0.0,0.09198113807644859,-2.4145319970998345,3.6023124067608747,6.241369736376135,0.027698864802160227,0.49702468332431743,6.214556164555189
50,187,1.0,5239.181670668206,0.330210126899263,8.894130722298781,-8.56392059539952,-8.563920595399518,1.7763568394002505e-15,-0.011082685118516622,-2.324894190640794,3.599969075143466,6.239026404758726,0.027915255893185636,0.4968642030019411,6.210794088805799
50,188,1.0,5297.568816961628,0.31973194602855404,8.89473522654659,-8.575003280518036,-8.575003280518036,0.0,0.02372356157914446,-2.337040061300652,3.5989058896021264,6.237963219217385,0.027885954487859074,0.49687091649234677,6.209815322128568
50,189,1.0,5173.370653220998,0.34055739395704954,8.891837112895942,-8.551279718938892,-8.551279718938893,1.7763568394002505e-15,-0.000382396559729159,-2.314366322007708,3.597856067315924,6.236913396931183,0.027992825723136276,0.4967825665658608,6.208005581539316
50,190,1.0,5175.349310652784,0.33589307447586947,8.887555189974492,-8.55166211549862,-8.551662115498623,1.7763568394002505e-15,0.011108874001891422,-2.3123023243147807,3.600302461568583,6.239359791183842,0.028004133873450923,0.49671131468309,6.209773695834827
50,191,1.0,5118.1751654061445,0.34727930401093765,8.887832545507667,-8.54055324149673,-8.54055324149673,0.0,-0.06135619590386909,-2.303897653292123,3.597598258589347,6.236655588204607,0.027991890806636784,0.49668211147448565,6.206855160646408
50,192,1.0,5442.040913422206,0.2843212329116269,8.886230670312226,-8.601909437400598,-8.6019094374006,1.7763568394002505e-15,0.07284760069529206,-2.363629545093146,3.5992225626921934,6.238279892307452,0.02788591663400374,0.4967083498786598,6.2087331839453475
50,193,1.0,5059.696785669643,0.3557051797163614,8.884767016421668,-8.529061836705306,-8.529061836705306,0.0,0.002622501003257227,-2.292043013559002,3.597961493531045,6.237018823146305,0.027926083180465047,0.4966569367581786,6.207002682300913
50,194,1.0,5046.445109634773,0.3589244111448457,8.885363746846897,-8.52643933570205,-8.526439335702051,1.7763568394002505e-15,0.002349984748871492,-2.2922000459182597,3.595181960168531,6.2342392897837895,0.02796116153153491,0.49661411135999606,6.203865297484113
50,195,1.0,5034.599963998071,0.36030555208015247,8.884394903033328,-8.524089350953178,-8.524089350953176,1.7763568394002505e-15,0.03536410513048338,-2.290924072958642,3.594107948379276,6.2331652779945355,0.027957277380601425,0.4965989991904891,6.2026849625027465
50,196,1.0,4859.667241983111,0.38991886179753005,8.878644107620223,-8.488725245822694,-8.488725245822693,1.7763568394002505e-15,-0.012739948906284937,-2.253861104673931,3.5958068115335045,6.234864141148763,0.028024356710321458,0.4964751615749363,6.203249886116497
50,197,1.0,4921.975211777626,0.37532463119061354,8.876789825919595,-8.50146519472898,-8.501465194728981,1.7763568394002505e-15,-0.008228969496682836,-2.2659249296815083,3.596482935432211,6.2355402650474705,0.028048348340530927,0.4964155896300496,6.203367894275823
50,198,1.0,4962.645101801267,0.3672374654361613,8.87693162966182,-8.509694164225662,-8.509694164225658,3.552713678800501e-15,-0.053099574182770226,-2.2755760530981664,3.595060781512236,6.234118111127495,0.027987664967415983,0.49642227509023246,6.2020474846981495
50,199,1.0,5233.281187299875,0.3166844803774709,8.879478218785902,-8.562793738408432,-8.56279373840843,1.7763568394002505e-15,-0.0336776961125409,-2.3320422494449233,3.5916941593482505,6.2307514889635085,0.027896096125017655,0.49646742525979465,6.199179812404089
50,200,1.0,5412.527399282206,0.28359833963998693,8.88006977416096,-8.596471434520973,-8.596471434520973,0.0,0.010737586942779487,-2.3671913520073002,3.5902227528984136,6.229280082513673,0.027894850445846147,0.4964500799514323,6.197564517728378
50,201,1.0,5354.720822726487,0.2928268091223888,8.878560656700582,-8.585733847578194,-8.585733847578194,0.0,0.06877224043380359,-2.3579767480475256,3.588699769915409,6.227757099530669,0.02793263811443488,0.49641380390290185,6.195763744936764
50,202,1.0,4998.842212708605,0.3565930827729179,8.873554689917306,-8.51696160714439,-8.516961607144388,1.7763568394002505e-15,-0.009821187339733584,-2.2863981425038142,3.5915061350253175,6.230563464640575,0.027993983471501258,0.4963225329124722,6.197708892224873
50,203,1.0,5048.178653209277,0.34603727107728977,8.872820065561413,-8.526782794484124,-8.526782794484124,0.0,-0.06575212991324264,-2.2970962674184885,3.590629197450377,6.2296865270656365,0.028020532259730096,0.49630867692679165,6.196732666147422
50,204,1.0,5391.262811972109,0.2819215876742499,8.874456512071617,-8.592534924397366,-8.592534924397368,1.7763568394002505e-15,-0.037275576606699445,-2.364120631901249,3.5893569628808586,6.228414292496118,0.027979505603866424,0.496340167304771,6.1957714364950345
50,205,1.0,5596.017712591845,0.24341629222067365,8.873226793224742,-8.629810501004066,-8.629810501004068,1.7763568394002505e-15,0.031319517160417476,-2.401010206396955,3.589742964991852,6.22880029460711,0.027957715827206697,0.49631292853809533,6.195916840473029
50,206,1.0,5423.469310471096,0.270594545528936,8.869085529372583,-8.598490983843648,-8.598490983843647,1.7763568394002505e-15,0.003207147315805514,-2.3691996811044307,3.5902339731239574,6.229291302739215,0.0279911661082206,0.49624569675237434,6.195811579594513
50,207,1.0,5406.103307979067,0.2705014051222293,8.865785241650073,-8.595283836527843,-8.595283836527845,1.7763568394002505e-15,-0.01889476060432216,-2.3653803768825585,3.590846130030026,6.229903459645284,0.028004116463256203,0.4961822392092175,6.195852086936937
50,208,1.0,5509.221464375272,0.25131605047244443,8.86549464760461,-8.614178597132165,-8.614178597132165,0.0,-0.040536345015397046,-2.3853672030467634,3.5897540644701422,6.228811394085403,0.027940299420464394,0.49615528615204474,6.1945498866353335
50,209,1.0,5737.133315348583,0.2110100671588525,8.865725009306416,-8.654714942147562,-8.654714942147564,1.7763568394002505e-15,-0.09859809887443838,-2.4273815357294977,3.5882760768028064,6.227333406418064,0.027897766028359725,0.4961817429057942,6.193332925480729
50,210,1.0,6331.630348763816,0.11392861727318929,8.867241658295193,-8.753313041022,-8.753313041022004,3.552713678800501e-15,0.07812576388558945,-2.5276328989330277,3.5866228124737134,6.225680142088971,0.027841132149345825,0.4962225136002958,6.192064763763416
50,211,1.0,5855.796340617766,0.18661005607721354,8.861797333213627,-8.675187277136411,-8.675187277136413,1.7763568394002505e-15,0.06480760881527381,-2.4480694833939407,3.5880604641272122,6.227117793742471,0.02787845463667086,0.49611383722638935,6.192536185846893
50,212,1.0,5488.33202809137,0.24497581413172695,8.855355482452865,-8.610379668321137,-8.610379668321137,0.0,0.07500111461668624,-2.379799843402366,3.5915224953035123,6.230579824918771,0.027946203613130324,0.4960011286709537,6.194953360208197
50,213,1.0,5091.75861450787,0.31222243175891373,8.847600985463362,-8.53537855370445,-8.535378553704449,1.7763568394002505e-15,-0.009028375923472609,-2.2998949243734605,3.5964262997157315,6.23548362933099,0.028111234798839684,0.4958617521065179,6.198508820634702
50,214,1.0,5137.937069946072,0.3015721576999218,8.845979087327844,-8.544406929627923,-8.544406929627922,1.7763568394002505e-15,0.009819481722802337,-2.310525829303463,3.5948237707092012,6.233881100324461,0.028139391257058097,0.49579116299868575,6.196300013917786
50,215,1.0,5087.732087653521,0.3113833073200917,8.845970755225212,-8.534587447905121,-8.53458744790512,1.7763568394002505e-15,0.005438571282383009,-2.303611297447367,3.5919188208424964,6.230976150457755,0.028173020896210817,0.49573021100693593,6.1929107141507185
50,216,1.0,5060.1372004266495,0.31224713314212155,8.84139600976486,-8.529148876622738,-8.529148876622738,0.0,-0.08915785121282127,-2.296575901619644,3.5935156453878347,6.232572975003094,0.02822057922186247,0.49566896548071804,6.193956749934428
50,217,1.0,5532.011257913089,0.2274689499916273,8.845775677827186,-8.61830672783556,-8.61830672783556,0.0,-0.05271237284645913,-2.3890261719182706,3.59022322630203,6.22928055591729,0.02799147620420264,0.49575465716926476,6.191506985152361
50,218,1.0,5831.439145996177,0.17157896088916863,8.842598061571188,-8.671019100682019,-8.671019100682019,0.0,-0.022265027929224246,-2.441261487507861,3.5907002835588986,6.229757613174157,0.027935870123308275,0.4957172614405752,6.191640387807171
50,219,1.0,5962.732502767838,0.14870641783217542,8.841990546443418,-8.693284128611243,-8.693284128611243,0.0,0.02029089735008327,-2.4633693021561798,3.5908574968398033,6.229914826455063,0.027847520326976717,0.49570044933730834,6.1916522946659684
50,220,1.0,5842.9625389334615,0.16525604087442633,8.838249272135585,-8.67299323126116,-8.672993231261158,1.7763568394002505e-15,0.05627709914119983,-2.4418430869891927,3.592092814656707,6.231150144271966,0.027913209828496786,0.49562605033984414,6.192225495359376
50,221,1.0,5523.219058778433,0.2198798182060634,8.836595950326025,-8.61671613211996,-8.616716132119961,1.7763568394002505e-15,-0.016325806700255185,-2.387982425961138,3.5896763765435624,6.228733706158821,0.027982985069752855,0.49549561705691386,6.18866700280462
50,222,1.0,5614.130144686038,0.20154718872377608,8.834589127543993,-8.633041938820215,-8.633041938820217,1.7763568394002505e-15,0.07892020562587021,-2.4052857344720264,3.58869887473293,6.227756204348188,0.027969813611123044,0.49542870911405906,6.187130528899678
50,223,1.0,5188.094358946639,0.275765336327209,8.829887069521552,-8.554121733194345,-8.554121733194343,1.7763568394002505e-15,-0.0264446572541015,-2.3246816373121244,3.5903827662669596,6.229440095882217,0.02799786259663108,0.4953053804212009,6.1876758118783615
50,224,1.0,5327.121901966784,0.2438337389200411,8.824400129368485,-8.580566390448446,-8.580566390448444,1.7763568394002505e-15,-0.04511912619540048,-2.3467371190303026,3.5947719418028834,6.233829271418143,0.027781658276905208,0.4952716248934581,6.191727483251225
50,225,1.0,5572.9817711609485,0.1993514831544727,8.825036999798321,-8.625685516643847,-8.625685516643848,1.7763568394002505e-15,0.024180806978378655,-2.3953445808501033,3.591283606178486,6.2303409357937465,0.027817041639871,0.4952364901730466,6.187990906741712
50,226,1.0,5439.838814184203,0.22098026238768265,8.82248497205315,-8.601504709665468,-8.601504709665468,0.0,0.08744276930589834,-2.370929731568725,3.5915176484814846,6.230574978096743,0.027873925323026988,0.49514495837671607,6.187402950270526
50,227,1.0,4984.368230985393,0.30315774015227004,8.817219680511839,-8.51406194035957,-8.514061940359568,1.7763568394002505e-15,0.06937582523653418,-2.2816175773799423,3.5933870333643685,6.232444362979627,0.0280134123506016,0.4949810706160975,6.1877517670787965
50,228,1.0,4650.295826328216,0.3663113151545012,8.810997430277535,-8.444686115123035,-8.444686115123034,1.7763568394002505e-15,0.004545809104287812,-2.2094541952018445,3.596174590305931,6.2352319199211905,0.02808931883150323,0.4948539436683835,6.189327685702705
50,229,1.0,4629.204444241636,0.3688468692726137,8.808987175291362,-8.440140306018748,-8.440140306018748,0.0,-0.03655414090926179,-2.205237170144883,3.595845806258606,6.234903135873864,0.028091700165848235,0.49480793766304965,6.188611072716908
50,230,1.0,4801.5518509581525,0.33050144185966823,8.807195888787678,-8.47669444692801,-8.47669444692801,0.0,0.05603287354563946,-2.2414827485820954,3.5961543687306556,6.235211698345914,0.02796199249940272,0.49476898942022185,6.188589897959178
50,231,1.0,4539.905942829601,0.3824650582390785,8.80312663162145,-8.42066157338237,-8.42066157338237,0.0,0.04621327444217371,-2.1840045408915842,3.5975997028755287,6.236657032490787,0.028050823824769196,0.494663261835016,6.189036886763276
50,232,1.0,4334.8760629319795,0.42264873765649,8.797097036596686,-8.374448298940196,-8.374448298940196,0.0,0.03029375958686842,-2.134265654624131,3.6011253147008064,6.240182644316065,0.028133755260538483,0.49454902304870096,6.191432492292738
50,233,1.0,4205.525518844661,0.44943844503338826,8.793592984386716,-8.344154539353328,-8.344154539353328,0.0,-0.0570203560465643,-2.1044887933516736,3.6006084163863936,6.239665746001653,0.02826761827746106,0.4944560594421279,6.190103535968713
50,234,1.0,4452.294656486356,0.39426750344079464,8.795442398840684,-8.401174895399892,-8.40117489539989,1.7763568394002505e-15,0.054312185990436745,-2.166586871347886,3.5955306944367456,6.234588024052004,0.02822279311070582,0.4944396630085807,6.185039197612389
50,235,1.0,4216.930233107554,0.4448524467759537,8.791715156185411,-8.346862709409455,-8.346862709409457,1.7763568394002505e-15,-0.0273760896182349,-2.111205476940955,3.596599902853242,6.2356572324685,0.02837898074263718,0.4943194273174509,6.184956557709677
50,236,1.0,4333.968001898751,0.41574625256847353,8.789985051596164,-8.37423879902769,-8.37423879902769,0.0,0.00027164693659464945,-2.1374157156877605,3.5977657537246706,6.236823083339929,0.02833350758180817,0.49431794251598,6.186131321456659
50,237,1.0,4332.790852659467,0.412956435978751,8.78692358806985,-8.373967152091096,-8.3739671520911,3.552713678800501e-15,-0.04388210727821651,-2.139073719405672,3.5958361030701647,6.234893432685424,0.02842661232510693,0.4942103512648142,6.18328673355325
50,238,1.0,4527.156238218321,0.36992800495188527,8.787777264321196,-8.417849259369312,-8.41784925936931,1.7763568394002505e-15,-0.0050386144266827415,-2.187196790988554,3.5915951387654994,6.230652468380759,0.02836082271471834,0.49418737448475764,6.178954524404099
50,239,1.0,4550.0243964874535,0.366982302455859,8.789870176251851,-8.422887873795995,-8.422887873795991,3.552713678800501e-15,-0.06662860441342033,-2.194505419972557,3.5893251242081807,6.22838245382344,0.028382418323881383,0.49415383465078916,6.17641407098816
50,240,1.0,4863.513889689093,0.3026851944261475,8.792201672635564,-8.489516478209415,-8.489516478209417,1.7763568394002505e-15,-0.041529266312196,-2.267403357690696,3.583055790903461,6.222113120518718,0.028259280488585618,0.4941793167269616,6.17056535847873
50,241,1.0,5069.744721464411,0.26022996667950016,8.79127571120111,-8.531045744521611,-8.53104574452161,1.7763568394002505e-15,-0.033073710156880765,-2.312460933769906,3.579527481136446,6.218584810751705,0.02823659957290272,0.49415810039986513,6.1669366620872745
50,242,1.0,5240.223634156264,0.22673224368516431,8.790851698363657,-8.564119454678492,-8.564119454678492,0.0,-0.05035655035548814,-2.347267387232176,3.5777947378310566,6.2168520674463155,0.02824165551980076,0.49412443899773545,6.16494703273038
50,243,1.0,5510.8601940451235,0.17074220643559437,8.785218211469575,-8.61447600503398,-8.61447600503398,0.0,-0.036189213451113034,-2.396513383796344,3.5789052916223794,6.217962621237638,0.028146467138115975,0.49406976940614034,6.165587927741657
50,244,1.0,5713.946492608183,0.1311043523748738,8.781769570859964,-8.650665218485093,-8.650665218485091,1.7763568394002505e-15,-0.009913118816818667,-2.4325492989732416,3.579058589896591,6.21811591951185,0.028056594454729696,0.49400175268408697,6.1651541385221895
50,245,1.0,5770.871207669508,0.11653526597640566,8.777113603278316,-8.660578337301912,-8.66057833730191,1.7763568394002505e-15,0.02278711010397494,-2.4430688960429436,3.578452111643709,6.217509441258969,0.028081009388335024,0.49389813827713636,6.163655278695515
50,246,1.0,5640.856683516957,0.13218739201974114,8.769978619217678,-8.637791227197937,-8.637791227197937,0.0,0.025989207821220717,-2.4168062814954228,3.5819276160872557,6.220984945702514,0.027995978144726704,0.49379167350336567,6.166167390868749
50,247,1.0,5496.14391725228,0.15492929820450524,8.76673131758122,-8.611802019376716,-8.611802019376714,1.7763568394002505e-15,0.010743365467837052,-2.391737647836735,3.581007041924721,6.220064371539978,0.02807985739928112,0.49366015480890846,6.164084291626771
50,248,1.0,5437.412883856541,0.16409343338911803,8.765152087297999,-8.60105865390888,-8.601058653908881,1.7763568394002505e-15,0.03931828564052253,-2.3848432481299904,3.5771580761636304,6.21621540577889,0.02819143551954968,0.4935711866605954,6.1595149066085835
50,249,1.0,5227.771507538085,0.20118580906242095,8.76292617733078,-8.561740368268357,-8.561740368268358,1.7763568394002505e-15,-0.008417526910013962,-2.3465588451442665,3.5761241935088313,6.21518152312409,0.028301567481336925,0.49340110185366365,6.156979496214669
50,250,1.0,5271.962141882984,0.18699494288065815,8.757152838059028,-8.57015789517837,-8.57015789517837,0.0,-0.10442326480396602,-2.3536447464191013,3.5774558191440105,6.21651314875927,0.028382880933064732,0.49323729522796217,6.15680946010945
50,251,1.0,5852.248117433046,0.08079047260464003,8.755371632586975,-8.674581159982337,-8.674581159982335,1.7763568394002505e-15,0.06457176397046283,-2.460449084779053,3.5750747455880227,6.214132075203281,0.028301405670496063,0.493268573631324,6.154734649439474
50,252,1.0,5486.300226900397,0.14390289289739333,8.753912288909264,-8.610009396011874,-8.61000939601187,3.552713678800501e-15,-0.01357429108711905,-2.3936890779773123,3.5772629884193035,6.216320318034562,0.028350687733964753,0.4931998657447715,6.156314114680216
50,253,1.0,5561.280614647294,0.1257569479142957,8.74934063501329,-8.623583687098993,-8.623583687098995,1.7763568394002505e-15,0.04688854508101592,-2.406781298948633,3.5777450585351,6.21680238815036,0.02839987346560109,0.49311710150157645,6.15603962118819
50,254,1.0,5306.539155832095,0.17004864631476715,8.746743788332743,-8.576695142017977,-8.576695142017977,0.0,0.010095399142892703,-2.3575250929711062,3.580112719431611,6.219170049046871,0.02842599599953125,0.49304047601412415,6.157709716109255
50,255,1.0,5253.237030799261,0.17642874873430558,8.743028491609389,-8.566599742875084,-8.566599742875082,1.7763568394002505e-15,-0.05922051062657552,-2.3450410644158346,3.582501348843991,6.2215586784592505,0.028376139198225243,0.4929850112995551,6.159605540998265
50,256,1.0,5573.732707801726,0.11275999205676275,8.738580245558424,-8.62582025350166,-8.625820253501661,1.7763568394002505e-15,-0.015284166411698052,-2.406634225432896,3.5801286984535055,6.219186028068764,0.028308254233430304,0.492957992624729,6.157077991902933
50,257,1.0,5659.576923546239,0.09463941262870011,8.735743832542056,-8.641104419913358,-8.641104419913356,1.7763568394002505e-15,0.019336679170743665,-2.4222180253747467,3.5798290649233517,6.218886394538612,0.028420073303855514,0.49283248233615556,6.155645432814971
50,258,1.0,5551.1907914399035,0.11256450257256023,8.734332243315176,-8.621767740742614,-8.621767740742616,1.7763568394002505e-15,-0.001715640393740614,-2.403518830868492,3.579191580258864,6.218248909874122,0.028420884900606857,0.4927644928275583,6.154445416730888
50,259,1.0,5560.722813017619,0.11031884581356102,8.733802226949912,-8.623483381136355,-8.623483381136351,3.552713678800501e-15,0.07244930659907745,-2.4065037537530176,3.5779222977680782,6.2169796273833375,0.028366526324096197,0.4927365890282165,6.152990397003442
50,260,1.0,5172.099999753404,0.18421530982677548,8.735249384364055,-8.551034074537277,-8.551034074537279,1.7763568394002505e-15,-0.043251435321765896,-2.3375687480087026,3.574407996913316,6.213465326528573,0.028408516409044102,0.492651650677154,6.148863380321693
50,261,1.0,5400.708943989164,0.13604741659771985,8.73033292645676,-8.594285509859043,-8.594285509859041,1.7763568394002505e-15,-0.09091756879040425,-2.385284582816745,3.569943597427039,6.209000927042298,0.028402454210625434,0.49254786782220583,6.143581469474443
50,262,1.0,5914.7415333788695,0.03867055932559925,8.72387363797505,-8.685203078649447,-8.685203078649451,3.552713678800501e-15,-0.057447155357683855,-2.477401268471462,3.5687444805627275,6.207801810177985,0.02831280831901545,0.49248348920497703,6.1418186448415595
50,263,1.0,6264.476059140933,-0.026253206600681464,8.71639702740645,-8.742650234007131,-8.742650234007131,0.0,-0.019270184354697406,-2.5350328081728257,3.568560096219047,6.2076174258343055,0.028327932466293393,0.49241658432702096,6.141005365891081
50,264,1.0,6386.364300316902,-0.051387920107106355,8.710532498254725,-8.761920418361829,-8.761920418361832,3.552713678800501e-15,0.001965336251974037,-2.556150203424039,3.5667128853225307,6.205770214937789,0.028346002624055844,0.4922958795660214,6.138117988466048
50,265,1.0,6373.82527277792,-0.05454744719558478,8.70540763491427,-8.759955082109855,-8.759955082109855,0.0,0.059088049225083594,-2.554176333085693,3.5667214194089025,6.205778749024161,0.02835267512216214,0.492180836942531,6.137154058452241
50,266,1.0,6008.119196542718,0.006619230657128758,8.707486263541902,-8.700867032884771,-8.700867032884773,1.7763568394002505e-15,-0.03963796697651745,-2.494554702573905,3.5672550006956065,6.206312330310865,0.028380102384300596,0.4920605783833199,6.1366689136127714
50,267,1.0,6251.05169554291,-0.03966971348379357,8.700835286377494,-8.740504999861288,-8.740504999861287,1.7763568394002505e-15,0.01548681220914716,-2.534977370834928,3.5664702994111015,6.205527629026361,0.028425081789817713,0.49202662608850456,6.135547379771
50,268,1.0,6154.988607312274,-0.023157308684132585,8.701860878968011,-8.725018187652141,-8.725018187652143,1.7763568394002505e-15,0.010028815327373763,-2.5192538655554273,3.5667069924814547,6.205764322096714,0.02840998844575104,0.4919666051601957,6.1352888581055955
50,269,1.0,6093.569856657405,-0.015156353473410891,8.699833018851356,-8.714989372324768,-8.714989372324768,0.0,-0.08689372891692138,-2.511313013836459,3.5646190288730497,6.203676358488308,0.02844839555467094,0.49190504319703415,6.132732751404175
50,270,1.0,6646.748729538501,-0.11118897289607883,8.690694128345612,-8.801883101241689,-8.80188310124169,1.7763568394002505e-15,0.046049134372326606,-2.597139363616313,3.565686408010117,6.2047437376253765,0.028494945677215656,0.49182130971589527,6.132951417551696
50,271,1.0,6347.612055250704,-0.06410795828130636,8.691726008588056,-8.755833966869362,-8.755833966869362,0.0,0.05603168357497523,-2.5517041509506044,3.5650724863034995,6.204129815918757,0.028485326040726382,0.4917834278758886,6.1321148536887025
50,272,1.0,6001.7254585582195,-0.0063371440220778286,8.693465139272309,-8.699802283294387,-8.699802283294387,0.0,-0.04448730261357525,-2.496606228666019,3.56413872501311,6.2031960546283695,0.028511003003288706,0.4916581013582306,6.130183506972861
50,273,1.0,6274.754162288313,-0.06003775682910481,8.68425182907886,-8.744289585907962,-8.744289585907966,3.552713678800501e-15,0.03186000417836965,-2.5419387402606515,3.5632935160320502,6.2023508456473095,0.02846877573221389,0.4915580708589478,6.128419060897486
50,274,1.0,6077.99154096673,-0.03232623840275614,8.680103343326838,-8.712429581729593,-8.712429581729594,1.7763568394002505e-15,0.07632415752851429,-2.5079414243313445,3.5654308277829876,6.204488157398246,0.028417325817122106,0.4914741330374458,6.129854482586424
50,275,1.0,5631.355321377599,0.044851536832623745,8.680956961033703,-8.636105424201078,-8.636105424201078,0.0,-0.04089189141960503,-2.4289678446511394,3.56808024993468,6.207137579549939,0.028383699010357925,0.4914031746377342,6.131942884335743
50,276,1.0,5866.405155635661,-0.0006967745193331848,8.67630054110135,-8.676997315620683,-8.676997315620683,0.0,0.0036197750820701202,-2.4713444384646763,3.566595547540748,6.205652877156007,0.0284648148226175,0.49129919966071495,6.129570172216652
50,277,1.0,5845.208475184423,-0.003941827738571879,8.669435712800043,-8.673377540538613,-8.673377540538615,1.7763568394002505e-15,-0.009929754662035606,-2.465030303830114,3.569289907093242,6.2083472367085,0.028428513892803486,0.49116410769646596,6.131048120715166
50,278,1.0,5903.539086337942,-0.020381102856195932,8.662926192344457,-8.683307295200649,-8.683307295200652,3.552713678800501e-15,0.04058749567675335,-2.473940641340787,3.5703093242446053,6.209366653859864,0.028442938494680412,0.49101426388779645,6.130740002394411
50,279,1.0,5668.726676885652,0.018163300390969875,8.660883099914864,-8.642719799523896,-8.642719799523894,1.7763568394002505e-15,0.03300360478897524,-2.429300702199783,3.574361767708854,6.213419097324113,0.028357048204954556,0.4910191796405824,6.134828970478675
50,280,1.0,5484.691872465433,0.04971706600086964,8.65943326073579,-8.60971619473492,-8.60971619473492,0.0,-0.04778898941269638,-2.3996970247756697,3.5709618403439936,6.210019169959252,0.028495398185919577,0.4909096672212341,6.130539591894286
50,281,1.0,5753.163659554532,-0.005257422720195942,8.65224776142742,-8.657505184147617,-8.657505184147615,1.7763568394002505e-15,-0.05381834768502003,-2.445464262509708,3.5729835920226494,6.212040921637909,0.02849796112324401,0.4908305968511188,6.1318544536511626
50,282,1.0,6071.2726954233185,-0.06506597916086565,8.64625755267177,-8.711323531832637,-8.711323531832635,1.7763568394002505e-15,-0.005029759252300536,-2.5036763417579655,3.5685898604594124,6.207647190074671,0.02853596428318835,0.4907308411948562,6.126645311439158
50,283,1.0,6101.88666133497,-0.07526378479141087,8.641089506293525,-8.716353291084937,-8.716353291084936,1.7763568394002505e-15,0.03771371945108015,-2.50851825792171,3.5687777035479664,6.207835033163225,0.028466609464314112,0.49064236290022223,6.126106963082681
50,284,1.0,5876.047209972012,-0.03576004430070191,8.642879527333156,-8.678639571633857,-8.678639571633857,0.0,0.018871144504878146,-2.473044590341106,3.5665376516774927,6.205594981292752,0.02860491166723086,0.4905688755181716,6.123296654296698
50,285,1.0,5766.1992125752895,-0.020609626071020265,8.63915880105796,-8.659768427128979,-8.65976842712898,1.7763568394002505e-15,-0.1124260236148018,-2.454219032180439,3.5664920653332812,6.20554939494854,0.028648738300450394,0.4904807900064726,6.122532516932144
50,286,1.0,6452.316229938875,-0.14347170930726377,8.628722741436519,-8.77219445074378,-8.772194450743783,1.7763568394002505e-15,-0.09399991449052436,-2.5640044804931783,3.569132640635342,6.2081899702506,0.028685381998950998,0.4904680261362652,6.12485682079412
50,287,1.0,7088.254272025981,-0.25020099243274524,8.615993372801562,-8.866194365234305,-8.866194365234307,1.7763568394002505e-15,0.016535627674750586,-2.6564162708079277,3.570720764811118,6.209778094426377,0.028749504957790648,0.4903843337242688,6.125610766584359
50,288,1.0,6972.0092791779225,-0.234641698804484,8.615017038755067,-8.849658737559555,-8.849658737559551,3.552713678800501e-15,0.03770781191758665,-2.641476094484929,3.5691253134593666,6.208182643074627,0.02867561820813691,0.490272090589189,6.123124260061395
50,289,1.0,6714.00502275863,-0.19626695642241618,8.615683969219551,-8.811950925641968,-8.811950925641968,0.0,0.0608784552091759,-2.60307166905351,3.5698219269732014,6.20887925658846,0.028706245270984976,0.49019421247488754,6.123202131742864
50,290,1.0,6317.459765047402,-0.1287011442004765,8.622371326232319,-8.751072470432792,-8.751072470432796,3.552713678800501e-15,0.09763253361805546,-2.5468593792069747,3.565155761610558,6.204213091225817,0.028700040178815205,0.4900947908270716,6.117856702116188
50,291,1.0,5729.823101047803,-0.024253410185138435,8.629186526629596,-8.653439936814737,-8.653439936814735,1.7763568394002505e-15,-0.023902211190531375,-2.4471316755907315,3.5672509316087444,6.206308261224003,0.028782693019125817,0.49009517883218645,6.120037241052051
50,292,1.0,5868.42843093979,-0.05444657863706985,8.6228955693682,-8.677342148005268,-8.67734214800527,1.7763568394002505e-15,0.0024262716459642064,-2.470057755333126,3.5682270630568835,6.2072843926721415,0.028806605948363168,0.48997050843864665,6.119933594343977
50,293,1.0,5854.207288585079,-0.054142047800329315,8.620773828558978,-8.674915876359304,-8.674915876359307,3.552713678800501e-15,0.0582150962169532,-2.4723949683448625,3.563463578399182,6.202520908014441,0.028879858457785332,0.48986285502857924,6.114368428361376
50,294,1.0,5523.134267093974,0.006986292537975211,8.623687072680326,-8.61670078014235,-8.61670078014235,0.0,-0.02754614433129099,-2.418729199227849,3.5589142512992424,6.197971580914502,0.028821229599410064,0.48972278931270674,6.10873680621972
50,295,1.0,5677.390144242109,-0.02770751642451129,8.616539408049132,-8.644246924473642,-8.644246924473643,1.7763568394002505e-15,-0.025607483199898695,-2.448682310678751,3.5565072841796317,6.195564613794889,0.028805196609255034,0.48959396094613417,6.105206620478742
50,296,1.0,5824.651263260572,-0.06275068201368961,8.60710372565985,-8.66985440767354,-8.66985440767354,0.0,-0.014344300126268195,-2.4754879816527757,3.555309096405505,6.194366426020765,0.028785174091787893,0.4893892045606847,6.102195336377249
50,297,1.0,5908.803921680786,-0.08174831423140115,8.602450393568407,-8.684198707799808,-8.684198707799808,0.0,0.011159217793890619,-2.491522718924255,3.5536186592602945,6.192675988875554,0.02886347456340235,0.4892381328482369,6.099223942836156
50,298,1.0,5843.23283329788,-0.06864829900139864,8.604391191004517,-8.673039490005918,-8.673039490005916,1.7763568394002505e-15,0.08063067008231606,-2.480810748685753,3.5531714117049056,6.192228741320165,0.028867719922025716,0.4892388820090631,6.098851725483042
50,299,1.0,5390.582992477322,0.016520227673136392,8.60892904759674,-8.592408819923602,-8.592408819923604,1.7763568394002505e-15,0.07013541208642948,-2.399917330562562,3.553434159745781,6.19249148936104,0.028914275767412352,0.4891052038900899,6.098007475882492
50,300,1.0,5025.465713001844,0.09045566620360287,8.612729074040775,-8.522273407837172,-8.522273407837172,0.0,0.03403878998080678,-2.3291247583430077,3.554091319878905,6.193148649494163,0.0289267975598382,0.48905672844247045,6.098299361732247
50,301,1.0,4857.283538130843,0.12519575649746456,8.613430374353829,-8.488234617856365,-8.488234617856364,1.7763568394002505e-15,-0.059386221517742754,-2.2964986962425327,3.552678591998574,6.191735921613834,0.02897730909777602,0.4890412680481545,6.096893609759484
50,302,1.0,5154.476499851333,0.055848055073888306,8.603468894447998,-8.547620839374108,-8.54762083937411,1.7763568394002505e-15,-0.01114861403179468,-2.357317825394529,3.5512456843643205,6.190303013979579,0.028963138682215145,0.48889838935682334,6.094235047128883
50,303,1.0,5212.263291670062,0.04117564574279854,8.599945099148702,-8.558769453405903,-8.558769453405903,0.0,0.03618694882406004,-2.368832435534569,3.5508796882560767,6.189937017871336,0.028953259133423608,0.48885513264690666,6.093543996798625
50,304,1.0,5027.019308187429,0.07453524133117556,8.597117745913017,-8.522582504581843,-8.522582504581841,1.7763568394002505e-15,0.01539679279500028,-2.3318118774450025,3.5517132975215815,6.19077062713684,0.028997816808034357,0.4887099647966424,6.093094108369734
50,305,1.0,4950.212142855117,0.08965608938954678,8.596841801176392,-8.507185711786843,-8.507185711786846,3.552713678800501e-15,-0.008659155971592725,-2.3181172607678655,3.550011121403718,6.189068451018977,0.029048914255076802,0.48855962677681847,6.090172083063385
50,306,1.0,4993.262924610707,0.07584141384909757,8.591686281607533,-8.515844867758435,-8.515844867758435,0.0,0.020171554159206906,-2.3262501278507335,3.550537410292443,6.189594739907702,0.02909675912711693,0.4884225959448187,6.089487692206464
50,307,1.0,4893.55011328527,0.09721719337185145,8.59289050697108,-8.495673313599228,-8.49567331359923,1.7763568394002505e-15,0.11920589020320804,-2.304022507388319,3.552593476595652,6.19165080621091,0.02914053855192368,0.4884107343166078,6.091349685175762
50,308,1.0,4343.637559502998,0.22659775511077074,8.603065178506789,-8.37646742339602,-8.376467423396019,1.7763568394002505e-15,0.001934991160533528,-2.1808370305750753,3.5565730632056876,6.195630392820947,0.02929292027946675,0.48844730406988984,6.095509528062158
50,309,1.0,4335.240785682281,0.2235750328908175,8.598107465126304,-8.374532432235487,-8.374532432235487,0.0,-0.061115254931888074,-2.1784490811429342,3.557026021477293,6.196083351092552,0.029282966334004498,0.4883322585743548,6.095009226593656
50,310,1.0,4608.453840267724,0.1538202106071761,8.589467897774549,-8.435647687167375,-8.435647687167373,1.7763568394002505e-15,0.003352783866997555,-2.243079803397507,3.553510554154609,6.192567883769867,0.029204521860163365,0.48820820468226106,6.090616338343772
50,311,1.0,4593.028563839085,0.15591946036185828,8.588214363662235,-8.432294903300377,-8.432294903300377,0.0,0.031406316871231965,-2.239453283678429,3.55378429000669,6.192841619621949,0.02918072984100343,0.48811476719643704,6.090060885820013
50,312,1.0,4451.020107051971,0.18736276291629153,8.588251349345434,-8.400888586429145,-8.400888586429142,3.552713678800501e-15,0.023251228980820215,-2.2062187638319046,3.5556124929819797,6.19466982259724,0.029191323533877545,0.48804693578120895,6.091251124997432
50,313,1.0,4348.722302821928,0.2127832274690536,8.590420584917377,-8.377637357448325,-8.377637357448323,1.7763568394002505e-15,0.06644334141917163,-2.1834257266699035,3.5551543011631628,6.194211630778422,0.02924872026280884,0.4880034275565179,6.090416963098136
50,314,1.0,4069.1687369023166,0.2824716374715531,8.593665653500707,-8.311194016029154,-8.311194016029154,0.0,0.029450956583714216,-2.11392983706004,3.558206849353855,6.197264178969114,0.029437619767057974,0.48795064643223696,6.092815942671499
50,315,1.0,3951.075342471876,0.3114301101570879,8.593173169602526,-8.28174305944544,-8.281743059445438,1.7763568394002505e-15,-0.04531852687181548,-2.0852917645500826,3.5573939652800988,6.1964512948953585,0.029513096807374482,0.4878892460398424,6.091548251280343
50,316,1.0,4134.251545328982,0.2601794512112021,8.587241037528457,-8.327061586317255,-8.327061586317255,0.0,-0.01924745848607401,-2.1349097041210934,3.553094552580902,6.192151882196161,0.02944905049867712,0.4877672174701264,6.086449359454945
50,317,1.0,4214.596114310087,0.23404726228273534,8.580356307086063,-8.346309044803329,-8.346309044803329,0.0,0.030030659088019718,-2.1576786270906863,3.5495730880973837,6.188630417712642,0.029408482371844916,0.4875867779749292,6.081519381902537
50,318,1.0,4089.910579992418,0.26367202043723864,8.579950406152548,-8.316278385715309,-8.316278385715309,0.0,-0.01553641829003638,-2.127215623738842,3.550005432361207,6.189062761976466,0.029447150190071894,0.4875161508665807,6.081313330079254
50,319,1.0,4153.9493197199845,0.24459026295173772,8.576405066957083,-8.331814804005345,-8.331814804005345,0.0,-0.020939294905208072,-2.143031590990367,3.5497258833997205,6.188783213014979,0.02941308296850939,0.487431406223367,6.080333961992588
50,320,1.0,4241.847137134213,0.21317005162987973,8.565924150540432,-8.352754098910554,-8.352754098910554,0.0,0.03305384520323429,-2.164277882182484,3.5494188871128105,6.188476216728068,0.029405939487490804,0.4872629968531478,6.078662156523244
50,321,1.0,4103.9296861823,0.24606672580889755,8.565766979516214,-8.31970025370732,-8.319700253707316,3.552713678800501e-15,0.03413714556524461,-2.128322361379109,3.55232056271295,6.19137789232821,0.029426025663690503,0.48719690196252835,6.080853093659841
50,322,1.0,3966.197507999029,0.27581183209338245,8.561374940235458,-8.285563108142075,-8.285563108142076,1.7763568394002505e-15,0.03875392940660838,-2.089287838239522,3.5572179402872943,6.196275269902553,0.029480560167751236,0.48703761130419415,6.084175605574666
50,323,1.0,3815.4320160487214,0.31864001703511813,8.565449195770583,-8.246809178735466,-8.246809178735464,1.7763568394002505e-15,-0.036149306282318605,-2.049366823043165,3.5583850260770427,6.197442355692301,0.029547354603146482,0.4870208645695493,6.085121521157327
50,324,1.0,3955.8805000455413,0.2746706114278177,8.557629096445606,-8.282958485017785,-8.282958485017788,3.552713678800501e-15,-0.008149364589037589,-2.0877615487113843,3.556139606691144,6.195196936306403,0.029480354425258818,0.4868646045904919,6.081701487825293
50,325,1.0,3988.25012932186,0.26286092560747637,8.553968775214297,-8.291107849606822,-8.29110784960682,1.7763568394002505e-15,-0.05312889692184086,-2.0963661076715723,3.5556844123199904,6.194741741935248,0.029495140169283042,0.48675366636271544,6.080297547005219
50,326,1.0,4205.871257429273,0.20179896359383695,8.5460357101225,-8.344236746528663,-8.344236746528662,1.7763568394002505e-15,-0.09084370728388969,-2.1541578573034807,3.5510215596099255,6.190078889225185,0.029487432946298187,0.4866123260551736,6.074662657853132
50,327,1.0,4605.840512788696,0.09701879775705206,8.532099251569605,-8.435080453812553,-8.435080453812553,0.0,0.018138803104456258,-2.2458071922953113,3.5502159319019833,6.189273261517241,0.029308389399336304,0.4864592845030793,6.072562573582455
50,328,1.0,4523.049216072201,0.11656959014725984,8.533511240855358,-8.416941650708097,-8.416941650708099,1.7763568394002505e-15,-0.0012274729767174364,-2.2242030524592433,3.5536812686335932,6.1927385982488525,0.029282661741842585,0.4864491707814193,6.075825814152635
50,329,1.0,4528.604545568193,0.11539923928452801,8.53356836296934,-8.418169123684814,-8.418169123684812,1.7763568394002505e-15,-0.031673274209691016,-2.2299702063236198,3.549141587745933,6.188198917361192,0.029308279457064487,0.48643056705826226,6.071344525298799
50,330,1.0,4674.335992262997,0.07571193093839332,8.525554328832897,-8.449842397894505,-8.449842397894503,1.7763568394002505e-15,-0.06950668696413409,-2.261701524930475,3.5490835433487717,6.1881408729640315,0.029333971015997693,0.48637685500170696,6.070895008200266
50,331,1.0,5010.791095258122,-0.009026593182989623,8.510322491675652,-8.51934908485864,-8.519349084858641,1.7763568394002505e-15,0.009307486713137081,-2.332929502354166,3.5473622528892146,6.186419582504473,0.029389837900606855,0.4860940426322337,6.066610227580531
50,332,1.0,4964.3695925977145,0.0017312850773652522,8.511772883222868,-8.510041598145502,-8.510041598145502,0.0,0.039610391399344635,-2.3270828012739004,3.5439014672563425,6.182958796871602,0.029417490871335175,0.48604335777134844,6.06289399090917
50,333,1.0,4771.572560221846,0.042636969917660035,8.513068176663817,-8.470431206746158,-8.470431206746156,1.7763568394002505e-15,0.03475645010504458,-2.285081184727319,3.5462926924035796,6.185350022018838,0.029470549086251376,0.4859276669880319,6.064232518351184
50,334,1.0,4608.578590376386,0.07834475482076676,8.514019511461882,-8.435674756641113,-8.435674756641115,1.7763568394002505e-15,-0.02830159209394978,-2.2518277504605027,3.5447896765653533,6.183847006180612,0.02957185622111635,0.4858295072460342,6.0620546803594015
50,335,1.0,4740.87192756388,0.04057082851686042,8.504547177251922,-8.463976348735063,-8.463976348735061,1.7763568394002505e-15,0.004117385380892458,-2.282166193262644,3.54275282585716,6.18181015547242,0.029551667748140702,0.48565962917653577,6.0585703101013
50,336,1.0,4721.392061374734,0.03979518830591523,8.499654151660089,-8.45985896335417,-8.459858963354174,3.552713678800501e-15,-0.06342224991045953,-2.277116552853613,3.543685080885298,6.182742410500556,0.02955329769077629,0.4855234435288293,6.058316583719701
50,337,1.0,5030.532957592325,-0.03908790292404224,8.484193310340586,-8.52328121326463,-8.523281213264628,1.7763568394002505e-15,-0.009567097452988449,-2.3415928856706083,3.5426309979787622,6.1816883275940215,0.029540620913447682,0.4853107580572054,6.0553928657904
50,338,1.0,5078.891513293904,-0.05175420766184009,8.481094103055781,-8.532848310717618,-8.532848310717622,3.552713678800501e-15,-0.05813427704308083,-2.3524288200967227,3.5413621610056367,6.1804194906208965,0.02956865919056724,0.48528298458007113,6.053961326482823
50,339,1.0,5382.900249626438,-0.12606551010249245,8.464917077658207,-8.5909825877607,-8.5909825877607,0.0,-0.05051577412914732,-2.410716851598079,3.5412084065473617,6.18026573616262,0.02958228966053561,0.4850810490152441,6.051992084405462
50,340,1.0,5661.806907678929,-0.19231317304703927,8.449185188842808,-8.641498361889846,-8.641498361889846,0.0,0.07526953047208096,-2.460217111029159,3.5422239212454265,6.1812812508606845,0.02967378829843472,0.48488894323776993,6.051190335889389
50,341,1.0,5251.288906309709,-0.10161928694122112,8.464609544476545,-8.566228831417765,-8.566228831417765,0.0,-0.005053771223456849,-2.3864597685323354,3.540711733270174,6.179769062885433,0.029659850260480368,0.4849331639376081,6.050278472611287
50,342,1.0,5277.894892727016,-0.10642907188748563,8.46485353075374,-8.571282602641222,-8.571282602641226,3.552713678800501e-15,0.028141175293354692,-2.393904627230845,3.538320645795118,6.177377975410378,0.029564061293777217,0.4849480863432531,6.048202205944399
50,343,1.0,5131.439111327208,-0.07431025388255048,8.468831173465318,-8.543141427347868,-8.54314142734787,1.7763568394002505e-15,-0.0580083451667317,-2.368310981509402,3.5357731162232082,6.174830445838467,0.029574738142282616,0.48487544301211466,6.045264113303358
50,344,1.0,5437.908355910258,-0.15197918836474167,8.449170584149854,-8.6011497725146,-8.601149772514596,3.552713678800501e-15,-0.02014218697452641,-2.4241702106779313,3.5379222322214097,6.176979561836668,0.029669608786664057,0.4846836535835359,6.045573573337056
50,345,1.0,5548.550267132592,-0.1776514389308244,8.4436405205583,-8.621291959489126,-8.621291959489126,0.0,0.044756245177179466,-2.446226593385429,3.5360080364884383,6.175065366103697,0.02961127458881728,0.4845730739182281,6.04278334361856
50,346,1.0,5305.6932139026,-0.1280090661885967,8.448526648123352,-8.576535714311946,-8.576535714311948,1.7763568394002505e-15,-0.008208455003472892,-2.39973775567582,3.5377406290208673,6.176797958636127,0.029561395937868155,0.4845217371794429,6.0442398821721985
50,347,1.0,5349.423993435747,-0.141018782553004,8.443725386762415,-8.58474416931542,-8.58474416931542,0.0,0.02920641011631986,-2.407465035986154,3.5382218037140065,6.177279133329266,0.02958420198998117,0.4844222063935832,6.043900240987575
50,348,1.0,5195.446039330911,-0.10711190037504367,8.448425858824056,-8.5555377591991,-8.5555377591991,0.0,0.035117219527515786,-2.3806432464953358,3.5358371830885047,6.174894512703765,0.029618260780590502,0.4843603912290572,6.0411805454583325
50,349,1.0,5016.162808754028,-0.06718203106598407,8.4532385086056,-8.520420539671584,-8.520420539671584,0.0,0.07462682095940032,-2.3446875801797598,3.5366756298765645,6.175732959491823,0.029648323177597368,0.4843758192654133,6.042251916074583
50,350,1.0,4655.449364187716,0.02142088814450474,8.467214606856686,-8.445793718712183,-8.445793718712181,1.7763568394002505e-15,-0.0587112102035352,-2.2712014515514025,3.5355349375455227,6.174592267160781,0.029789284949646666,0.484380441424739,6.0412160547905245
50,351,1.0,4936.9594706392545,-0.05034446827844649,8.454160460637272,-8.504504928915718,-8.504504928915718,0.0,-0.04900262714460979,-2.3321024093206666,3.533345189979792,6.172402519595053,0.029777473722859733,0.48420699668733075,6.037600062578803
50,352,1.0,5184.908928331715,-0.11310117865153049,8.440406377408797,-8.553507556060328,-8.553507556060328,0.0,0.015421427945110366,-2.3792054962518243,3.5352447301932455,6.174302059808503,0.02976569102668987,0.4841007611310471,6.038422569550177
50,353,1.0,5105.5636104315145,-0.09681345484369702,8.44127267327152,-8.538086128115218,-8.538086128115218,0.0,-0.0792432452498435,-2.366869096589512,3.5321597019104467,6.171217031525706,0.02979012188862985,0.48403173316644804,6.034901006576192
50,354,1.0,5526.607163267535,-0.19767555814399287,8.419653815221071,-8.617329373365061,-8.617329373365065,3.552713678800501e-15,-0.07247434794286178,-2.446446483011042,3.531825560738762,6.1708828903540205,0.029787900021709005,0.4837962827236028,6.032438023358522
50,355,1.0,5942.0158371467705,-0.29104198659686914,8.398761734711053,-8.689803721307923,-8.689803721307923,0.0,-0.06038187295631836,-2.5176251796159264,3.533121212076736,6.172178541691996,0.029825081039580696,0.48363224804127186,6.0320495664092695
50,356,1.0,6311.859444298578,-0.36903035683953533,8.381155237424705,-8.750185594264241,-8.750185594264241,0.0,-0.05047370214115787,-2.5757742874734,3.5353539771755824,6.174411306790842,0.029862849994743597,0.4834962060510722,6.032720732667932
50,357,1.0,6638.619381679918,-0.43239391022459345,8.368265386180806,-8.8006592964054,-8.8006592964054,0.0,0.06900968151741971,-2.627985116013717,3.5336168507764234,6.172674180391683,0.0298859728461975,0.48331462252835,6.0291762098849
50,358,1.0,6195.940601408884,-0.34820288516777087,8.383446729720209,-8.73164961488798,-8.73164961488798,0.0,-0.058712334145633704,-2.561756305872502,3.5308359794002206,6.16989330901548,0.029838753162745518,0.4833115510134823,6.0268989204621315
50,359,1.0,6570.609971049742,-0.42919004441596686,8.361171904617649,-8.790361949033613,-8.790361949033615,1.7763568394002505e-15,0.023281627657869564,-2.6187231128709207,3.5325815065474337,6.171638836162693,0.029890292941506247,0.48312945565064236,6.026741676572624
50,360,1.0,6419.402484328357,-0.40337285898627667,8.363707462389463,-8.767080321375744,-8.76708032137574,3.552713678800501e-15,0.08222002469067569,-2.594119535733771,3.533903456026714,6.1729607856419735,0.029861084437716536,0.4831073858962185,6.027935796211309
50,361,1.0,5912.71441410707,-0.30743120181482847,8.37742909487024,-8.684860296685068,-8.68486029668507,1.7763568394002505e-15,0.014668640336546801,-2.510847542187169,3.5349554248826403,6.174012754497897,0.02982108063732199,0.4830484939741344,6.028864706543975
50,362,1.0,5826.615950456788,-0.28342249962259536,8.38676915672593,-8.670191656348521,-8.670191656348525,3.552713678800501e-15,0.022307373683114307,-2.5011952185824446,3.5299391081508182,6.168996437766077,0.02982846246195145,0.4830119043898127,6.023806546485342
50,363,1.0,5698.07844836786,-0.25852562438119103,8.389358658284218,-8.647884282665407,-8.647884282665409,1.7763568394002505e-15,0.08125301166220744,-2.478854930818121,3.529972022232027,6.169029351847286,0.029883959253425338,0.4830011383910941,6.023983692489466
50,364,1.0,5253.402658140332,-0.16213740990507425,8.404493861098125,-8.5666312710032,-8.5666312710032,0.0,0.007995685172403455,-2.3963269791187365,3.5312469622692038,6.170304291884463,0.02990142200884214,0.48304348168027184,6.026046435822734
50,365,1.0,5211.5655853235585,-0.15241492119361372,8.406220664637182,-8.558635585830796,-8.558635585830796,0.0,-0.046890989245618186,-2.389698530308175,3.5298797259073624,6.168937055522622,0.029899073388255436,0.4829714018489424,6.024151309708423
50,366,1.0,5461.761168581297,-0.2097765202451872,8.395750054831225,-8.605526575076414,-8.605526575076412,1.7763568394002505e-15,-0.0166067490050672,-2.437093224944307,3.5293760205168474,6.168433350132107,0.029933369571618008,0.4828841651736765,6.022705545560027
50,367,1.0,5553.220585310928,-0.23361482348663137,8.388518500594852,-8.622133324081481,-8.622133324081483,1.7763568394002505e-15,-0.03479921416246512,-2.454569495288005,3.5285064991782185,6.167563828793477,0.029934683854870477,0.4827503146142892,6.02070916651226
50,368,1.0,5749.8700770700125,-0.28125725988780614,8.375675278356141,-8.656932538243947,-8.656932538243947,0.0,-0.02432784790343767,-2.4883969995304205,3.5294782090982673,6.168535538713526,0.030024613893298403,0.4826058150501918,6.02026847650564
50,369,1.0,5891.467437734071,-0.3110518663081398,8.370208519839242,-8.681260386147384,-8.68126038614738,3.552713678800501e-15,0.057042460289778774,-2.515435813472881,3.5267672430592443,6.165824572674502,0.030024814836378016,0.48242594036495506,6.016073595384976
50,370,1.0,5564.808913134169,-0.24106231460727845,8.383155611250324,-8.624217925857605,-8.624217925857602,3.552713678800501e-15,-0.017990072606497876,-2.4595344332530735,3.52562616298927,6.16468349260453,0.029999409985279942,0.4824136934618512,6.0151958043824445
50,371,1.0,5665.826158872154,-0.2627898077125352,8.379418190751569,-8.642207998464103,-8.642207998464103,0.0,0.06664623182191853,-2.4792306983425396,3.5239199705063027,6.162977300121561,0.030040668994952155,0.4822641436959284,6.012214221153525
50,372,1.0,5300.528261965182,-0.18462578693627857,8.390935979705908,-8.575561766642185,-8.575561766642187,1.7763568394002505e-15,-0.028261877382858458,-2.4144647743259773,3.5220396627009483,6.1610969923162076,0.030078964295719123,0.48224118615174605,6.010498148031731
50,373,1.0,5452.468080881763,-0.22361129021214132,8.380212353812901,-8.603823644025043,-8.603823644025042,1.7763568394002505e-15,-0.026695157209582376,-2.4437595246911443,3.5210067897186406,6.1600641193339,0.03003734005465828,0.48203674940307334,6.007681623294275
50,374,1.0,5599.982777290241,-0.2606281788340252,8.3698906224006,-8.630518801234626,-8.630518801234626,0.0,-0.027914486252191395,-2.4695680407250005,3.5218934308943664,6.160950760509624,0.030051424890959234,0.4819048298129624,6.007437112507671
50,375,1.0,5758.505668542671,-0.29673254490893025,8.361700742577886,-8.658433287486817,-8.658433287486817,0.0,0.05902481335044385,-2.49829764653994,3.521078311331621,6.160135640946878,0.03008735933871122,0.4817190982089376,6.004956390355021
50,376,1.0,5428.447574321507,-0.2255594847584996,8.373848989377873,-8.599408474136373,-8.599408474136371,1.7763568394002505e-15,0.014721778764712923,-2.4385486444115942,3.5218025001095197,6.160859829724779,0.030065789948557298,0.48165571375410327,6.00540780750459
50,377,1.0,5349.11654977709,-0.20995501982691583,8.374731675544744,-8.58468669537166,-8.58468669537166,0.0,0.048578668311289874,-2.4195186221335603,3.5261107436228403,6.165168073238099,0.02999760638542062,0.48169480604071935,6.010103577118443
50,378,1.0,5095.474271823665,-0.1548892471311138,8.381218779929258,-8.53610802706037,-8.536108027060372,1.7763568394002505e-15,-0.06323018914937961,-2.369115359580633,3.527935337864478,6.166992667479738,0.03010280589086649,0.4816884455061308,6.012022485481841
50,379,1.0,5428.066196247727,-0.2358846623971606,8.363453553812587,-8.59933821620975,-8.599338216209746,3.552713678800501e-15,0.04080809908157157,-2.433578805795052,3.526702080799439,6.165759410414699,0.03012212266460513,0.4814902069427366,6.00904008320535
50,380,1.0,5211.015957247453,-0.18487831957279294,8.373651797555386,-8.558530117128178,-8.558530117128178,0.0,0.09231803807647943,-2.397358436420101,3.522114351092818,6.161171680708078,0.030216517474519655,0.4813618963226423,6.0035286467350275
50,381,1.0,4751.483096095231,-0.0732643433270313,8.392947735724666,-8.466212079051699,-8.466212079051697,1.7763568394002505e-15,0.06708067696263953,-2.302911886842543,3.5242428625938973,6.163300192209156,0.030382659261916637,0.4813777786590442,6.005896258840172
50,382,1.0,4443.20571189956,0.006013628594422865,8.405145030683483,-8.39913140208906,-8.399131402089061,1.7763568394002505e-15,0.03433497810365971,-2.2359550961936328,3.5241189762801697,6.163176305895428,0.030454610583030103,0.4813255078445967,6.005364873329411
50,383,1.0,4293.237648858842,0.04516498878220204,8.409961412767604,-8.3647964239854,-8.364796423985402,1.7763568394002505e-15,0.059361941104349114,-2.196808756445399,3.528930337924742,6.167987667539999,0.03058634387943083,0.4813335066710726,6.01008095837405
50,384,1.0,4045.799586974247,0.11078742684015402,8.416221909721205,-8.30543448288105,-8.30543448288105,0.0,-0.049081263822145615,-2.135136517894592,3.531240635371201,6.17029796498646,0.03072366503349825,0.481204584083886,6.01110493171782
50,385,1.0,4249.32636372733,0.04993087357014783,8.404446620273344,-8.354515746703196,-8.354515746703196,0.0,-0.13431164262915907,-2.1902311022415577,3.525227314846379,6.164284644461638,0.03062123772427794,0.48099530564158155,6.003672088577686
50,386,1.0,4860.163650803029,-0.11484642205561635,8.37398096727674,-8.488827389332355,-8.488827389332357,1.7763568394002505e-15,-0.03125642864460154,-2.326434590997592,3.5233354687195053,6.162392798334764,0.030431030725837235,0.48073761192109565,5.999624133197747
50,387,1.0,5014.474042250663,-0.15264303829653397,8.367440779680425,-8.520083817976957,-8.520083817976959,1.7763568394002505e-15,-0.09057806256185152,-2.3581764846174345,3.522850003744264,6.1619073333595225,0.03040690494483636,0.48065994714550553,5.998427802895685
50,388,1.0,5489.881121020534,-0.27062258505222525,8.340039295486584,-8.610661880538808,-8.610661880538808,0.0,0.023011073483161226,-2.4476218097032842,3.523982741220268,6.163040070835527,0.03038959023588265,0.48040419284715496,5.997243140051438
50,389,1.0,5364.9954504328325,-0.2451489420508719,8.342501865004774,-8.587650807055647,-8.587650807055645,1.7763568394002505e-15,0.08174838652785077,-2.426457279684884,3.5221361977555046,6.161193527370763,0.030378337005758198,0.4802856602185422,5.994449887556485
50,390,1.0,4943.863653233626,-0.1464399195183096,8.359462501009489,-8.505902420527796,-8.505902420527798,1.7763568394002505e-15,-0.022115739081225883,-2.340329538136191,3.5265155527763477,6.165572882391605,0.0304297769106461,0.4803210461731816,5.999163277007249
50,391,1.0,5054.418850729289,-0.18014815749115803,8.347870002117869,-8.528018159609022,-8.528018159609028,5.329070518200751e-15,0.03725787531445768,-2.3624933733334985,3.526467456660265,6.165524786275524,0.030437260150289552,0.48019161162880925,5.997977541559879
50,392,1.0,4869.566921478823,-0.13494703521036183,8.355813249084203,-8.490760284294565,-8.490760284294565,0.0,-0.00200352877093124,-2.3292427072688993,3.522460247410407,6.161517577025665,0.030464256723652723,0.4800236741725744,5.992814552119588
50,393,1.0,4879.33301896977,-0.14213228459791227,8.350631528467588,-8.492763813065496,-8.4927638130655,3.552713678800501e-15,-0.026504969722470406,-2.333155501700438,3.520550981749799,6.159608311365057,0.030504860062081137,0.47985822697350433,5.98954190710191
50,394,1.0,5010.388734512879,-0.17821969134617535,8.34104909144179,-8.519268782787966,-8.519268782787965,1.7763568394002505e-15,-0.06696119519213894,-2.359583754578989,3.5206276985937177,6.159685028208977,0.030507383464683725,0.4797195731362257,5.9884007622482285
50,395,1.0,5357.378121649268,-0.2630704331416888,8.323159544838415,-8.586229977980105,-8.586229977980103,1.7763568394002505e-15,-0.03261557399190984,-2.428501114030952,3.5186715343338926,6.157728863949152,0.030474329777723116,0.4794998605654462,5.984482166359783
50,396,1.0,5534.992842304677,-0.3086298861080171,8.310215665863998,-8.618845551972015,-8.618845551972015,0.0,0.06110660681506097,-2.460794405318327,3.5189938170384294,6.158051146653689,0.03045801078302322,0.47939638903830883,5.98376171192226
50,397,1.0,5206.8947779762075,-0.23326117007423378,8.324477775082718,-8.557738945156954,-8.557738945156952,1.7763568394002505e-15,0.006657260236684337,-2.4020756625498474,3.5166059529918456,6.155663282607105,0.030567819291681876,0.4793522852905314,5.9814002159944675
50,398,1.0,5172.346251277288,-0.22921488136483403,8.321866803555436,-8.55108168492027,-8.55108168492027,0.0,0.041721344166960606,-2.395066969421847,3.5169573858831633,6.156014715498423,0.030592232030290652,0.4791754243327028,5.9801723515443195
50,399,1.0,4960.988730864463,-0.18247661506431856,8.32688372568899,-8.50936034075331,-8.50936034075331,0.0,-0.037033628213848147,-2.3499367250730865,3.520366286064966,6.159423615680225,0.030678886452004006,0.47911929333695175,5.983047850343898
50,400,1.0,5148.156502871718,-0.22706715305998795,8.31932681590717,-8.546393968967157,-8.546393968967157,0.0,-0.09117155008672206,-2.3909954469411145,3.516341192410784,6.155398522026043,0.03070606506192396,0.4790643103894119,5.9787915604476405
50,401,1.0,5639.583639897584,-0.34633217215009665,8.291233346903784,-8.63756551905388,-8.637565519053881,1.7763568394002505e-15,0.015870789090390858,-2.4782099286265966,3.5202982608120235,6.159355590427282,0.030683403019372966,0.478943746469047,5.981286122981435
50,402,1.0,5550.7855094703045,-0.3258982029557461,8.29579652700774,-8.621694729963489,-8.621694729963487,1.7763568394002505e-15,-0.07360661925816281,-2.4637753513487675,3.518862048999462,6.1579193786147215,0.030696071475454625,0.47886102612426995,5.9792925670952695
50,403,1.0,5974.772789541253,-0.4211442955658563,8.274157053655793,-8.695301349221651,-8.69530134922165,1.7763568394002505e-15,0.039346577639049585,-2.539349733746706,3.516894285859686,6.155951615474945,0.030731471114639905,0.4786361266976156,5.97512202535079
50,404,1.0,5744.250793423376,-0.3695792797004375,8.286375491882165,-8.655954771582602,-8.655954771582602,0.0,0.03951161971537509,-2.503426924827299,3.5134705171400435,6.152527846755301,0.03067038406424854,0.4786165923178169,5.97200202189907
50,405,1.0,5521.7115348153575,-0.31980009647715085,8.296643055390076,-8.616443151867227,-8.616443151867227,0.0,-0.007047819028798585,-2.4672217242504533,3.5101640980015145,6.149221427616774,0.03071546788636339,0.4784983490315252,5.967920886677549
50,406,1.0,5560.765017727525,-0.33188695469667406,8.29160401619935,-8.623490970896025,-8.623490970896025,0.0,-0.06586491752020329,-2.473284560491417,3.511149080789349,6.150206410404608,0.030726454554169537,0.4783385273205465,5.96740601011262
50,407,1.0,5939.3554027714035,-0.42620067060644723,8.263155217809782,-8.689355888416229,-8.689355888416229,0.0,-0.03374185825074605,-2.535921851743819,3.51437670705715,6.15343403667241,0.030885060380859555,0.4780678088959917,5.96784859051005
50,408,1.0,6143.179657752296,-0.47046706367683067,8.252630682990144,-8.723097746666975,-8.723097746666975,0.0,-0.053716885674704784,-2.5707809039840805,3.513259513067635,6.152316842682894,0.030939961208287296,0.4778989392391855,5.965203553144634
50,409,1.0,6482.196074651166,-0.5472755781045533,8.229539054237126,-8.77681463234168,-8.77681463234168,0.0,0.029537190548998282,-2.6243031993242583,3.5134541034021622,6.1525114330174215,0.030951998264567227,0.4775679548220747,5.962099124764735
50,410,1.0,6293.530259605409,-0.5061778272968728,8.241099614495809,-8.747277441792681,-8.747277441792681,0.0,0.06647576629569762,-2.5978196505712754,3.5104004616061455,6.149457791221404,0.030849770582192706,0.47754913326374687,5.959432986712834
50,411,1.0,5888.765578607048,-0.4216126786133929,8.25918899688359,-8.680801675496983,-8.680801675496983,0.0,0.00945304501244415,-2.5318936703059163,3.5098506755758083,6.148908005191067,0.03078529919382951,0.47754566921679586,5.9593730872528
50,412,1.0,5833.361095638813,-0.4060533602931022,8.265295270191437,-8.67134863048454,-8.67134863048454,0.0,0.006932548693558971,-2.524436041417448,3.507855259451831,6.14691258906709,0.03083078705611378,0.47757077418816,5.957987728175647
50,413,1.0,5793.060888772397,-0.3987467224451219,8.265669359345859,-8.66441608179098,-8.66441608179098,0.0,0.055634581095480584,-2.5166326992618915,3.508726052913829,6.147783382529087,0.0308514283920795,0.47750534591195337,5.958360885187574
50,414,1.0,5479.567758776495,-0.32839893714508805,8.280382563550413,-8.6087815006955,-8.608781500695502,1.7763568394002505e-15,-0.03184550025998689,-2.461081970409059,3.5086422006711815,6.14769953028644,0.030897537585174405,0.47751050596609634,5.958554101985139
50,415,1.0,5656.875579117239,-0.3691167319745978,8.271510268980887,-8.640627000955487,-8.640627000955485,1.7763568394002505e-15,-0.005564498196699574,-2.4909580310634403,3.5106116402767866,6.149668969892046,0.030989866310781877,0.47733712749610707,5.958918464935581
50,416,1.0,5688.440994476312,-0.37630728854751294,8.269884210604674,-8.646191499152186,-8.646191499152188,1.7763568394002505e-15,0.005291865009269259,-2.5026509522840157,3.5044832172529117,6.143540546868171,0.030986606822031533,0.4771302639399021,5.9512952144518305
50,417,1.0,5658.4180413909235,-0.3759479501526282,8.26495168399029,-8.640899634142917,-8.640899634142919,1.7763568394002505e-15,0.017066677298620547,-2.497626768791912,3.5042155357357454,6.143272865351006,0.030955786790155274,0.47691521664263953,5.949049240897707
50,418,1.0,5562.66704644024,-0.3596869061775935,8.264146050666703,-8.623832956844296,-8.623832956844296,0.0,0.026237472783158466,-2.478849809484476,3.5059258177445614,6.144983147359819,0.03104850372442239,0.47677373426866887,5.949527693352282
50,419,1.0,5418.614768828031,-0.3276040303596809,8.269991453701458,-8.597595484061138,-8.597595484061138,0.0,-0.06704785136135882,-2.4481791211006154,3.510359033345264,6.1494163629605225,0.030862538257572035,0.4767671993322564,5.953865696142219
50,420,1.0,5794.377532497332,-0.4221089162219066,8.24253441920059,-8.664643335422497,-8.664643335422497,0.0,-0.008444740707602705,-2.510445551570238,3.5151404542369997,6.1541977838522595,0.03095814054995118,0.4766641742584112,5.957369176682207
50,421,1.0,5843.516740230855,-0.4319262174911678,8.241161858638932,-8.6730880761301,-8.6730880761301,0.0,-0.06265770047505725,-2.522448623652693,3.5115821228621478,6.1506394524774075,0.03090006054612322,0.47651152512765343,5.952718762937278
50,422,1.0,6221.3722265681745,-0.5142324049131033,8.221513371692055,-8.735745776605157,-8.735745776605158,1.7763568394002505e-15,-0.034258641154711,-2.585754438204794,3.5109340087851044,6.149991338400363,0.031060322190058238,0.47624625279146693,5.949426407918872
50,423,1.0,6438.20090672609,-0.5656026966622723,8.204401721097593,-8.770004417759868,-8.770004417759866,1.7763568394002505e-15,-0.06279437767001461,-2.6158914353125184,3.51505565283209,6.15411298244735,0.030998506976183626,0.47606202236314915,5.951666987644211
50,424,1.0,6855.446984108706,-0.6556815639873035,8.177117231442578,-8.832798795429882,-8.83279879542988,1.7763568394002505e-15,0.12459817694589503,-2.6794200727443243,3.514321393070298,6.153378722685557,0.031103464458651912,0.47578775304399085,5.948097279565104
50,425,1.0,6052.342211395218,-0.48358975875704857,8.224610859726937,-8.708200618483987,-8.708200618483986,1.7763568394002505e-15,0.028840608817473523,-2.560175962561927,3.5089673263068013,6.148024655922062,0.03097848240040809,0.47587575391310155,5.9448710242933815
50,426,1.0,5880.282063155244,-0.44543818339381,8.233921826272706,-8.679360009666514,-8.679360009666516,1.7763568394002505e-15,-0.008979686165165646,-2.5354438780191564,3.504858802032099,6.143916131647357,0.03103308239183432,0.4756708934158147,5.939326364611823
50,427,1.0,5933.322939445475,-0.45831202255996106,8.23002767327172,-8.68833969583168,-8.688339695831681,1.7763568394002505e-15,0.0173656464291021,-2.543821693866339,3.5054606723500816,6.14451800196534,0.031073946788673524,0.47557434534452586,5.939184868678287
50,428,1.0,5831.176438119375,-0.435894644855762,8.235079404546815,-8.670974049402577,-8.670974049402577,0.0,-0.013876812791195903,-2.526996350880673,3.5049203689066455,6.143977698521906,0.03113804705883521,0.4754190178366029,5.937499970710553
50,429,1.0,5912.658630917545,-0.4635271532426918,8.22132370895108,-8.684850862193773,-8.684850862193771,1.7763568394002505e-15,0.03133475712473732,-2.5406179304707512,3.5051756021077636,6.144232931723023,0.031222942758387495,0.4751258774417802,5.934978449294322
50,430,1.0,5730.259548292358,-0.42269208062048236,8.230824024448552,-8.653516105069036,-8.653516105069034,1.7763568394002505e-15,-0.05564685866913521,-2.5072984837936394,3.5071602916601377,6.146217621275397,0.0312871796731005,0.47511090702619263,5.93699117027502
50,431,1.0,6058.169457660728,-0.503220787130779,8.20594217660739,-8.709162963738171,-8.70916296373817,1.7763568394002505e-15,0.05990404282325201,-2.563230250050762,3.5068753840721496,6.145932713687409,0.03151881087038097,0.4748262453931992,5.93387845541835
50,432,1.0,5705.916631050297,-0.42532903657203786,8.22392988434288,-8.649258920914919,-8.649258920914917,1.7763568394002505e-15,-0.06697176279923944,-2.506891836826729,3.5033097544729315,6.142367084088191,0.031595038663244306,0.4747458301438131,5.930170730348208
50,433,1.0,6101.138570916273,-0.5163931452795216,8.19983753843464,-8.716230683714159,-8.716230683714162,3.552713678800501e-15,0.07258628349920038,-2.570502445543114,3.506670908555786,6.145728238171046,0.03167271174854674,0.4745162469575829,5.931166444571781
50,434,1.0,5673.9704092942775,-0.42132774975727116,8.222316650457689,-8.643644400214958,-8.64364440021496,1.7763568394002505e-15,-0.033105852716193596,-2.497630460864042,3.506956609735657,6.146013939350917,0.03173682526342475,0.47451908508453045,5.931717503638786
50,435,1.0,5864.955964827881,-0.4698400193919197,8.20691023353923,-8.676750252931152,-8.67675025293115,1.7763568394002505e-15,0.0376929216772357,-2.5291139684968735,3.508578954819017,6.1476362844342765,0.03173260736177426,0.4743281995326298,5.9314268668566665
50,436,1.0,5648.0031181534305,-0.418382101474065,8.22067522977985,-8.639057331253916,-8.639057331253916,0.0,-0.016229214909465384,-2.493660268376496,3.5063397332621604,6.145397062877419,0.03172611446563181,0.47433203321402606,5.92946127525739
50,437,1.0,5740.413621219623,-0.44192656261318525,8.213359983550198,-8.655286546163381,-8.655286546163383,1.7763568394002505e-15,-0.014463567290277979,-2.513822874270765,3.5024063422773595,6.141463671892618,0.03170462147151305,0.47412119820021165,5.923775763898172
50,438,1.0,5824.0438174780775,-0.46508617188862866,8.204663941565032,-8.66975011345366,-8.669750113453661,1.7763568394002505e-15,0.01982984576539515,-2.5248059925667996,3.505886791271602,6.144944120886859,0.031825832425246676,0.4739140667304964,5.925137403172073
50,439,1.0,5709.691468703986,-0.4366372420848357,8.213283025603427,-8.649920267688264,-8.649920267688262,1.7763568394002505e-15,-0.020205565790210045,-2.5058995135340743,3.5049634245389316,6.14402075415419,0.031820744665746456,0.47391612129018157,5.924554660286512
50,440,1.0,5826.232438494331,-0.4671128083497713,8.203013025128703,-8.670125833478474,-8.670125833478474,0.0,-0.0006024395189427878,-2.522908869069434,3.508159634793781,6.14721696440904,0.031805432809538146,0.4738506056631512,5.927028412854415
50,441,1.0,5829.743448641275,-0.4627283082440584,8.207999964753359,-8.670728272997417,-8.670728272997417,0.0,0.012257701620818295,-2.5259708600617614,3.505700083320399,6.144757412935657,0.03172782118367806,0.47386598855856227,5.925086492371065
50,442,1.0,5758.720372035788,-0.44894586089990474,8.209524710476696,-8.658470571376599,-8.6584705713766,1.7763568394002505e-15,0.055965774009925084,-2.5138249089058973,3.5055883328554422,6.144645662470701,0.03186059071246747,0.47383824630956606,5.924938311920569
50,443,1.0,5445.281851382422,-0.3781522768283118,8.22435252053836,-8.602504797366674,-8.602504797366672,1.7763568394002505e-15,0.02894801340013764,-2.454577034964207,3.5088704327872073,6.147927762402467,0.031820833807553316,0.4737651081355104,5.927670678390022
50,444,1.0,5289.91144145535,-0.34031887640840564,8.23323790755813,-8.573556783966536,-8.573556783966536,0.0,0.012745869873901583,-2.427518924809832,3.506980529541445,6.1460378591567055,0.03193163012212192,0.47372551350491726,5.925621698719934
50,445,1.0,5222.914790878112,-0.32645595058185684,8.234354963510778,-8.560810914092635,-8.560810914092635,0.0,0.06624014503346842,-2.4213368111796023,3.500416773297773,6.139474102913033,0.03187994716627064,0.47356094188203407,5.918155058962414
50,446,1.0,4888.157729544215,-0.2378664974636655,8.2567042715955,-8.494570769059166,-8.494570769059166,0.0,0.03463454673533306,-2.3523302883661326,3.5031831510777756,6.142240480693033,0.03199316416625249,0.47367533730619255,5.9217566373706365
50,447,1.0,4721.756845352002,-0.1983099203188418,8.26162630200499,-8.459936222323833,-8.459936222323831,1.7763568394002505e-15,0.007225617186433553,-2.317422352807739,3.503456539900835,6.142513869516094,0.032098511412792144,0.47343820019912614,5.919858704578293
50,448,1.0,4687.762201983358,-0.18879378136340613,8.26391682377399,-8.4527106051374,-8.452710605137396,3.552713678800501e-15,0.02162351442481736,-2.3095859784809702,3.504067297041169,6.143124626656428,0.03208702625876454,0.4733632806366009,5.919879292402455
50,449,1.0,4587.48439495605,-0.15959873811683456,8.271488352595746,-8.431087090712582,-8.43108709071258,1.7763568394002505e-15,-0.02995242547431687,-2.293717916767782,3.4983118443295416,6.137369173944799,0.03212936962614689,0.4732165916270335,5.913534439457323
50,450,1.0,4726.969205556148,-0.201483537086351,8.259555979100547,-8.461039516186899,-8.461039516186897,1.7763568394002505e-15,-0.04480096545674783,-2.332373376283342,3.4896088102882983,6.128666139903558,0.031970459035595714,0.47300201479843074,5.9038234567172525
50,451,1.0,4943.557445318747,-0.26802288394315976,8.237817597700488,-8.505840481643647,-8.505840481643649,1.7763568394002505e-15,-0.07659292128239414,-2.3768504177744374,3.489932734253951,6.128990063869209,0.032028382000102634,0.4726882738057516,5.901453862231485
50,452,1.0,5337.07699527741,-0.3687954330034945,8.213637969922548,-8.582433402926041,-8.582433402926043,1.7763568394002505e-15,-0.055337651039765845,-2.4541550468346425,3.4892210264761405,6.128278356091399,0.031934015030703373,0.4724543518869188,5.898692538009313
50,453,1.0,5640.742890353455,-0.45157460164528196,8.186196452320523,-8.637771053965807,-8.637771053965805,1.7763568394002505e-15,0.08448712967728866,-2.5071593627604245,3.4915543615901234,6.130611691205382,0.03198519898433611,0.4721815199878875,5.898050906413901
50,454,1.0,5183.749547603411,-0.3413634804807615,8.211920443807756,-8.553283924288518,-8.553283924288518,0.0,-0.050643020776622194,-2.4172847564348396,3.4969418382384196,6.135999167853678,0.03199786743454633,0.4722694237818872,5.904209064831822
50,455,1.0,5453.031355598543,-0.4139159872555711,8.19001095780957,-8.60392694506514,-8.60392694506514,0.0,-0.04500313155175739,-2.462836785826414,3.502032829623467,6.141090159238726,0.03205976066109798,0.47213911394662844,5.907523856311022
50,456,1.0,5704.040581382214,-0.4750586722454326,8.173871404371464,-8.648930076616898,-8.648930076616898,0.0,-0.018271080934995965,-2.507992926576041,3.5018798204255974,6.140937150040856,0.03195696816843294,0.47194895350636673,5.905756678067598
50,457,1.0,5809.217490471678,-0.5107630097681513,8.156438147783742,-8.667201157551894,-8.667201157551894,0.0,0.03768145371640763,-2.519640280284139,3.508503547652496,6.147560877267756,0.03219566420035674,0.47171178547178205,5.909687384489403
50,458,1.0,5594.390643070774,-0.4562762822547284,8.173243421580757,-8.629519703835486,-8.629519703835486,0.0,-0.023542601543100616,-2.4830384044577776,3.5074239697624514,6.14648129937771,0.03215564537101537,0.47182113059527575,5.910078876389211
50,459,1.0,5727.659748221999,-0.4907037087747137,8.162358596603873,-8.653062305378587,-8.653062305378587,0.0,0.05108831344089104,-2.503646045004839,3.5103589307584895,6.149416260373749,0.032337167337151945,0.4715499883388997,5.910298702863782
50,460,1.0,5442.392233193757,-0.4189404241964839,8.183033567741214,-8.601973991937696,-8.601973991937697,1.7763568394002505e-15,0.011495667577190005,-2.4617416846580773,3.5011749776643613,6.14023230727962,0.03243913573438861,0.47142850363159144,5.901103508207768
50,461,1.0,5380.1865343148165,-0.39727231893706916,8.193206005423438,-8.590478324360506,-8.590478324360507,1.7763568394002505e-15,-0.04530594848373681,-2.449045082625306,3.502375912119941,6.1414332417352,0.032356289203762434,0.47145681876099355,5.902588830617176
50,462,1.0,5629.5470943481405,-0.4631566992772933,8.172627573566949,-8.635784272844242,-8.635784272844242,0.0,-0.048151657403126435,-2.495969539564212,3.5007574036647715,6.139814733280029,0.03226748780585014,0.4712287881909703,5.899028536320222
50,463,1.0,5907.251424638016,-0.528307472345468,8.1556284579019,-8.683935930247369,-8.683935930247367,1.7763568394002505e-15,-0.030725145367895834,-2.5441534895980658,3.500725111034044,6.139782440649304,0.03212669251983381,0.4711202121641459,5.898046108585589
50,464,1.0,6091.569686067016,-0.571066556758284,8.14359451885698,-8.714661075615265,-8.714661075615265,0.0,-0.009557547308585157,-2.578245619344771,3.4973581266552336,6.136415456270493,0.03229016795322761,0.4708174403253663,5.892153900960298
50,465,1.0,6150.06926244823,-0.5857535310424776,8.138465091881375,-8.72421862292385,-8.724218622923853,3.552713678800501e-15,0.061029124094524434,-2.5886525422516096,3.4965087510569814,6.13556608067224,0.032294068639583125,0.4706891212193106,5.890271341228868
50,466,1.0,5785.959575055935,-0.5025812467127589,8.160608252116564,-8.663189498829325,-8.663189498829324,1.7763568394002505e-15,-0.09129510393319507,-2.532927103645988,3.491205065568079,6.130262395183338,0.032459935372270335,0.47056223400633906,5.884590039322318
50,467,1.0,6339.0525915944545,-0.6220866687155248,8.132397934046994,-8.75448460276252,-8.754484602762519,1.7763568394002505e-15,-0.11130058970242906,-2.627212628805274,3.4882146443419875,6.127271973957247,0.032442649344970625,0.4703468687487319,5.879259314087661
50,468,1.0,7085.354544680786,-0.7725159998626867,8.093269192602264,-8.86578519246495,-8.865785192464951,1.7763568394002505e-15,0.012401262967420834,-2.73890733013826,3.4878205327114284,6.126877862326688,0.0324993956604574,0.4701285714235922,5.8757954928204965
50,469,1.0,6998.029787539527,-0.7539316336240283,8.099452295873501,-8.853383929497529,-8.853383929497529,0.0,0.0955975225721808,-2.7290291649837775,3.485297434898492,6.124354764513751,0.03246044156506216,0.47006568816904554,5.8731320601431145
50,470,1.0,6360.017493783959,-0.6161725962073792,8.141613810717967,-8.757786406925348,-8.757786406925346,1.7763568394002505e-15,-0.01006519422759311,-2.6368623361446297,3.4818667411654602,6.1209240707807195,0.03234209110999605,0.4701929894140186,5.872218902349462
50,471,1.0,6424.355549500173,-0.6328570950644965,8.134994506088443,-8.767851601152941,-8.76785160115294,1.7763568394002505e-15,0.009378455890544757,-2.6445382227689547,3.484256048768727,6.123313378383986,0.0323377715850973,0.4700222620942087,5.872971431825254
50,472,1.0,6364.386661687082,-0.6194841606061857,8.138988984656212,-8.758473145262396,-8.758473145262398,1.7763568394002505e-15,-0.07051946522623531,-2.632029701699024,3.4873861139481135,6.126443443563373,0.032294665243626064,0.46992019756262093,5.875325093663245
50,473,1.0,6829.403479670564,-0.7224996591811387,8.10649295130749,-8.828992610488632,-8.82899261048863,1.7763568394002505e-15,-0.07031266912288991,-2.7001297961295725,3.4898054847437976,6.128862814359057,0.032517888287314264,0.4695350723373215,5.8732519371989165
50,474,1.0,7326.881636579616,-0.8228312141437766,8.076474065467742,-8.899305279611522,-8.89930527961152,1.7763568394002505e-15,0.03747616250522512,-2.7703871040824355,3.489860845913827,6.128918175529086,0.03260223726645103,0.469331995309528,5.870692032276577
50,475,1.0,7057.379719901813,-0.7710548951532096,8.090774221953087,-8.861829117106296,-8.861829117106296,0.0,0.15281673159751286,-2.735518973655307,3.4872528138357297,6.126310143450991,0.032544286422111705,0.46930566020486336,5.868365635155158
50,476,1.0,6057.257297907881,-0.5589981280418059,8.150014257466974,-8.709012385508784,-8.70901238550878,3.552713678800501e-15,0.002593898772378367,-2.5892765177579045,3.48067853813562,6.11973586775088,0.0324381073712428,0.46950170751954096,5.865482438190922
50,477,1.0,6041.565745586149,-0.556116353348953,8.150302133387452,-8.706418486736405,-8.706418486736405,0.0,-0.026200120314726405,-2.587244806649277,3.4801163504718695,6.119173680087128,0.03243711987492079,0.46931075013752754,5.863453755055811
50,478,1.0,6201.947329061009,-0.5945277182193547,8.13809088883178,-8.732618607051132,-8.732618607051135,3.552713678800501e-15,0.042601313283853415,-2.6126912407219005,3.480870036713972,6.119927366329231,0.032460273175904206,0.4690889554194109,5.862014844920146
50,479,1.0,5943.285023609457,-0.5322095374470849,8.157807756320196,-8.690017293767278,-8.69001729376728,1.7763568394002505e-15,-0.020189810481641146,-2.573706163640645,3.477253800511376,6.116311130126634,0.032562421605170075,0.4690664822702625,5.858998804559228
50,480,1.0,6064.498341359382,-0.5601942799574486,8.15001282429147,-8.71020710424892,-8.710207104248918,1.7763568394002505e-15,-0.017676640775604824,-2.5916959943903684,3.4794537802432925,6.118511109858551,0.03256808120590129,0.4689374742989922,5.860011695896814
50,481,1.0,6172.65137504367,-0.5786118358014235,8.149271909223103,-8.727883745024524,-8.727883745024526,1.7763568394002505e-15,-0.023368003005115767,-2.61130761394795,3.477518801461315,6.116576131076576,0.03255755819789789,0.4689194442913055,5.857969570314855
50,482,1.0,6318.592445581344,-0.6136609080078748,8.137590840021762,-8.75125174802964,-8.751251748029636,3.552713678800501e-15,-0.05330688661485716,-2.6346129194008516,3.4775814990135294,6.116638828628788,0.03251598243427813,0.4687077765475504,5.855970174927843
50,483,1.0,6664.556139321479,-0.6898483544576564,8.114710280186841,-8.804558634644497,-8.804558634644497,0.0,-0.037090800296985194,-2.6853551364525634,3.480146168576675,6.119203498191935,0.03272174316255095,0.4684520833941367,5.855777391090774
50,484,1.0,6916.391374637962,-0.7483594831244891,8.093289951816992,-8.841649434941482,-8.84164943494148,1.7763568394002505e-15,0.12905935645919087,-2.7227151758569224,3.4798769294692997,6.118934259084559,0.03277366690087033,0.46826675934954387,5.85364720308027
50,485,1.0,6078.967117158303,-0.5665432358275326,8.14604684265476,-8.712590078482291,-8.712590078482293,1.7763568394002505e-15,-0.007396929687557119,-2.598770464999372,3.4747622838676606,6.113819613482919,0.03277539475153611,0.4684477106623508,5.852067136909684
50,486,1.0,6124.099524334986,-0.5740957772207294,8.145891230949118,-8.719987008169849,-8.719987008169849,0.0,-0.056306623016746826,-2.608141981972891,3.472787696581699,6.111845026196958,0.0327983038303943,0.468312774934743,5.8491144589462944
50,487,1.0,6478.819722626822,-0.654323028918136,8.121970602268458,-8.776293631186595,-8.776293631186594,1.7763568394002505e-15,0.033926507777234605,-2.6642826680170058,3.4729536335543294,6.112010963169589,0.03285479969504306,0.46809050816685815,5.847003852406724
50,488,1.0,6262.7027706093395,-0.6068997133624967,8.135467410046864,-8.74236712340936,-8.74236712340936,0.0,-0.10230718065876054,-2.629365503516151,3.4739442902779514,6.11300161989321,0.032828626970410855,0.4680260393578791,5.847932684093637
50,489,1.0,6937.344227217052,-0.753131210877635,8.091543093190488,-8.844674304068121,-8.844674304068123,1.7763568394002505e-15,0.09469243817453332,-2.7294615908256215,3.476155383627241,6.1152127132425,0.0329233808555388,0.46774524769532444,5.846431412707298
50,490,1.0,6310.573670436959,-0.6170636013083776,8.13291826458521,-8.749981865893588,-8.749981865893588,0.0,-0.14786431084618812,-2.642415887065681,3.4685086492126485,6.107565978827907,0.03285032593808923,0.4678122803625332,5.840966009671306
50,491,1.0,7316.198758147346,-0.8257523454748099,8.072093831264965,-8.897846176739776,-8.897846176739774,1.7763568394002505e-15,-0.1071563104578317,-2.7832457090410077,3.4755431380835096,6.114600467698769,0.03308876547583508,0.46742897639023934,5.842477565659792
50,492,1.0,8143.721059806181,-0.9800699541454013,8.024932533052205,-9.005002487197608,-9.005002487197606,1.7763568394002505e-15,-0.05470151160763237,-2.88316034312562,3.4827848144567293,6.121842144071989,0.03331209930429021,0.4670902824985459,5.844802075398365
50,493,1.0,8601.604192046849,-1.0603642850222894,7.99933971378295,-9.05970399880524,-9.05970399880524,0.0,0.15823340434605448,-2.9376206457721072,3.483026023417873,6.122083353033132,0.03343678648501501,0.4668731565130707,5.842218544237062
50,494,1.0,7342.763830944592,-0.8371743922483887,8.064296202210794,-8.901470594459186,-8.901470594459184,1.7763568394002505e-15,0.03223379415698524,-2.79070969436755,3.4717035704763766,6.110760900091635,0.033106185946978756,0.4668412060965961,5.8335988354328565
50,495,1.0,7109.85266458652,-0.7943598985252844,8.074876901776918,-8.8692368003022,-8.869236800302202,1.7763568394002505e-15,-0.14050309754764712,-2.7590387976043393,3.4711406730826027,6.110198002697862,0.03309103458869092,0.4667257249997414,5.832527446903536
50,496,1.0,8182.392740193205,-0.9975679493900523,8.012171948459795,-9.009739897849848,-9.009739897849848,0.0,-0.012957108087702451,-2.8916372708426286,3.47904529739196,6.118102627007218,0.033395749727476616,0.4663973852444569,5.834572447386661
50,497,1.0,8289.102720792658,-1.012657487233999,8.01003951870355,-9.02269700593755,-9.02269700593755,0.0,-0.02588195046161168,-2.90137979285693,3.48225988346536,6.1213172130806175,0.03338569261606371,0.4662788941352914,5.83696060995115
50,498,1.0,8506.44130770852,-1.0451412234836877,8.003437732915472,-9.048578956399162,-9.04857895639916,1.7763568394002505e-15,0.05320125964394862,-2.9276960190807917,3.481825607703111,6.12088293731837,0.03348207039588525,0.46618714975909975,5.835045629553689
50,499,1.0,8065.715447201789,-0.9669461041108237,8.028431592644388,-8.995377696755213,-8.995377696755211,1.7763568394002505e-15,-0.00764484792983211,-2.8789831597174596,3.4773372074224946,6.116394537037755,0.03329680838532903,0.46620127684378104,5.831990264772606
50,500,1.0,8127.612912134837,-0.9774305096450095,8.025592035040033,-9.003022544685045,-9.003022544685042,3.552713678800501e-15,,-2.882630446166157,3.481334768903629,6.120392098518887,0.03318396168205938,0.4660924105311175,5.83508943028977
