seed,epoch,temperature,Z,E,S,F,F_check,err,delta_F,F_data,KL,NLL,data_mass,recon_sq,recon_ce
46,1,1.0,9039.541408435713,-0.10545824333845746,9.003905479605656,-9.109363722944114,-9.109363722944114,0.0,0.07693421539862477,-2.8679083002575605,3.602398093071294,6.2414554226865535,0.027304148505459334,0.49979738842136434,6.239630702185864
46,2,1.0,8370.170281530776,-0.027532411946758227,9.004897095598732,-9.032429507545489,-9.03242950754549,1.7763568394002505e-15,-0.11764328298985305,-2.7938894758594395,3.599482702070792,6.238540031686051,0.02736752281113646,0.4997433397010738,6.236230232427728
46,3,1.0,9415.125685855022,-0.14413866123488664,9.005934129300455,-9.150072790535342,-9.150072790535342,0.0,0.01047037754222302,-2.910250993582055,3.60076446733803,6.239821796953288,0.027401122159749654,0.4997971923815809,6.2379960199113365
46,4,1.0,9317.060053314824,-0.1346506613705185,9.004951751622599,-9.139602412993119,-9.139602412993117,1.7763568394002505e-15,0.043936161095320614,-2.899010601346099,3.6015344820317607,6.24059181164702,0.027404033348333735,0.4997875860616766,6.238679162680664
46,5,1.0,8916.566695716077,-0.09133957145928102,9.004326680438519,-9.095666251897798,-9.0956662518978,1.7763568394002505e-15,0.009483736155331712,-2.855339161483616,3.6012697607989232,6.240327090414182,0.027321053316770122,0.49977353534922353,6.238288404712771
46,6,1.0,8832.4040487384,-0.08275680214354941,9.003425713598919,-9.086182515742466,-9.086182515742468,1.7763568394002505e-15,-0.01970460973235255,-2.845356953069714,3.6017682330574936,6.240825562672753,0.0273403577967115,0.4997445219483262,6.238523952669879
46,7,1.0,9008.169127646579,-0.10303839616831764,9.002848729306502,-9.105887125474819,-9.105887125474819,0.0,0.00024358787362821488,-2.8641728229250623,3.6026569729344975,6.241714302549758,0.027338768988508535,0.4997486122053482,6.239448504980011
46,8,1.0,9005.975114111889,-0.10362170588686206,9.00202183171433,-9.10564353760119,-9.105643537601193,1.7763568394002505e-15,-0.0423568205497471,-2.8632214972868293,3.603364710699103,6.242422040314361,0.02736554749402346,0.4997311895900096,6.239998988180152
46,9,1.0,9395.633679389615,-0.14902970900103077,8.998970649149909,-9.148000358150938,-9.14800035815094,1.7763568394002505e-15,0.008158698382676022,-2.901906862659442,3.607036165876239,6.246093495491498,0.027361788385072406,0.4997409629213215,6.243752217360416
46,10,1.0,9319.289396557346,-0.13852920796931784,9.001312451798944,-9.139841659768262,-9.139841659768262,0.0,-0.02624734694961539,-2.896137501283287,3.604646828869716,6.2437041584849755,0.027331663449726824,0.4997614097211087,6.241552114599002
46,11,1.0,9567.134427241317,-0.17014921595855875,8.99593979075932,-9.166089006717877,-9.166089006717877,0.0,0.10847865616509189,-2.9167917758837296,3.6102399012188884,6.249297230834147,0.02733774138874455,0.4997518215915789,6.247042831545289
46,12,1.0,8583.61429728908,-0.0661390530108989,8.991471297541887,-9.057610350552785,-9.057610350552785,0.0,0.07146773970575637,-2.8058414817052295,3.612711539232295,6.251768868847553,0.027222265800366977,0.4996954721603744,6.24899338536629
46,13,1.0,7991.570765352062,0.002739537556496984,8.988882148403526,-8.986142610847029,-8.986142610847029,0.0,0.034687694280799874,-2.7336225867432034,3.613462694488567,6.252520024103825,0.027158836962518786,0.4996651177143628,6.24945845892399
46,14,1.0,7719.11436258998,0.031980379391449223,8.98343529595768,-8.95145491656623,-8.951454916566231,1.7763568394002505e-15,-0.015668551513986273,-2.694576730063463,3.617820856887507,6.2568781865027665,0.02717015725612172,0.4996202823202796,6.25337644962648
46,15,1.0,7841.014206723181,0.01698729552992924,8.984110763610145,-8.967123468080215,-8.967123468080215,0.0,0.0358049364801829,-2.710756141448601,3.6173099970163536,6.2563673266316115,0.027269983190218776,0.49960921601480385,6.252770174422513
46,16,1.0,7565.23380279423,0.05341570688622972,8.984734238486261,-8.931318531600033,-8.931318531600033,0.0,-0.007012468752002121,-2.676672419391964,3.61558878259281,6.254646112208069,0.027243269354849886,0.4996039552865364,6.251013453361637
46,17,1.0,7618.471213115029,0.050196986827200696,8.988527987179237,-8.938331000352035,-8.938331000352036,1.7763568394002505e-15,0.024090784254424236,-2.687800900615064,3.6114727701217113,6.250530099736971,0.02741174376644384,0.4995841663079542,6.24674155535984
46,18,1.0,7437.129370672714,0.07277262455854613,8.987012840656156,-8.91424021609761,-8.91424021609761,0.0,-0.03894661018586909,-2.663279796916798,3.611903089565552,6.250960419180811,0.027434232166589,0.4995572780554327,6.246925595220075
46,19,1.0,7732.494755234577,0.03755150582340897,8.990738332106886,-8.95318682628348,-8.953186826283478,1.7763568394002505e-15,0.04664616292607171,-2.704847441724066,3.6092820549441536,6.248339384559412,0.02741240957116678,0.4996007775085868,6.244719123654789
46,20,1.0,7380.0866842392115,0.08019701892971065,8.986737682287117,-8.906540663357408,-8.906540663357406,1.7763568394002505e-15,0.022542177094084792,-2.6558086343875362,3.6116746993546127,6.250732028969871,0.027443473576931963,0.49955192789700303,6.246655847615176
46,21,1.0,7215.584547302611,0.10187399930012848,8.985872485563451,-8.883998486263323,-8.883998486263323,0.0,-0.0026042184880861186,-2.633161003735123,3.611780152912942,6.250837482528202,0.027321169949901563,0.4995534524928968,6.246775335768709
46,22,1.0,7234.399995117781,0.10230158106055917,8.988904285811968,-8.88660270475141,-8.88660270475141,0.0,-0.05412178449327065,-2.638786426451511,3.6087589486846374,6.247816278299896,0.02723795482505287,0.49957431827459725,6.243957907643555
46,23,1.0,7636.727779070799,0.048719642660747464,8.989444131905426,-8.94072448924468,-8.940724489244678,1.7763568394002505e-15,-0.0035792801489975545,-2.691918408010757,3.6097487516186613,6.248806081233921,0.02730477166957795,0.49959642935479165,6.245149456294627
46,24,1.0,7664.110743630317,0.0466406762517075,8.990944445645388,-8.944303769393677,-8.94430376939368,3.552713678800501e-15,-0.058155711517287045,-2.6970319524290765,3.608214487349342,6.2472718169646,0.027260290989310956,0.4996022824348741,6.243675861292095
46,25,1.0,8123.037835884984,-0.01180511621049015,8.990654364700472,-9.002459480910964,-9.002459480910963,1.7763568394002505e-15,0.04581240940383324,-2.7531617023649533,3.610240448930752,6.249297778546011,0.027194785468391058,0.49963461801309866,6.245987889155451
46,26,1.0,7759.297428446249,0.03412056288314762,8.990767634390279,-8.956647071507131,-8.956647071507131,0.0,-0.035353741326305865,-2.709248704714409,3.608341037177463,6.247398366792722,0.027263570376181632,0.4995882732080958,6.243674480676674
46,27,1.0,8038.524398736783,0.004239970675725523,8.996240783509164,-8.992000812833437,-8.992000812833439,1.7763568394002505e-15,0.07881469553020715,-2.7493397834722906,3.60360369974589,6.242661029361149,0.027313223479353558,0.49961601446446813,6.239200951523964
46,28,1.0,7429.294031905509,0.07922674175661762,8.992412859059847,-8.91318611730323,-8.91318611730323,0.0,0.013438461475542951,-2.669580182225944,3.6045486054620275,6.2436059350772855,0.027371779301239654,0.4995486988477529,6.239533026714763
46,29,1.0,7330.123591783366,0.09157178862716983,8.991319444454856,-8.899747655827687,-8.899747655827687,0.0,0.017630130124979715,-2.65590740853426,3.604782917678168,6.243840247293428,0.027419166850127387,0.49952129787247457,6.239518922861007
46,30,1.0,7202.025073762623,0.11093785320133046,8.993055378904039,-8.882117525702707,-8.882117525702709,1.7763568394002505e-15,0.007859365492587145,-2.6409584754187923,3.602101720668658,6.241159050283918,0.02744064217996288,0.49951025487774237,6.236744407071709
46,31,1.0,7145.643578033809,0.11472834762733353,8.988986507837454,-8.87425816021012,-8.874258160210122,1.7763568394002505e-15,-0.0018372267779565021,-2.6294190029259106,3.60578182766895,6.244839157284209,0.027402188257363957,0.4994904010352521,6.240232911208339
46,32,1.0,7158.783812860616,0.11388798710261847,8.989983374090695,-8.876095386988077,-8.876095386988077,0.0,0.01240308873669349,-2.632662931165865,3.6043751262069526,6.24343245582221,0.027461502950354322,0.4994866041405037,6.238798018581262
46,33,1.0,7070.541153990132,0.12466884326142255,8.988361141512808,-8.863692298251383,-8.863692298251385,1.7763568394002505e-15,0.043419005491699636,-2.6195283948756583,3.6051065737604664,6.244163903375726,0.027524323161813892,0.49945285060154626,6.239221284051061
46,34,1.0,6770.114595767131,0.1616693449028345,8.981942637662518,-8.820273292759683,-8.820273292759683,0.0,0.029357980195610978,-2.5719612730868655,3.6092546900575577,6.248312019672817,0.027634232206735127,0.4993643550882142,6.242544175985436
46,35,1.0,6574.246913163346,0.18738143747515063,8.97829675003922,-8.790915312564072,-8.790915312564069,3.552713678800501e-15,-0.11896021595105744,-2.540427578301902,3.6114304046469123,6.250487734262171,0.02764595924024763,0.4993236220255844,6.244330807289719
46,36,1.0,7404.739362013994,0.07132827172605813,8.981203800241188,-8.90987552851513,-8.90987552851513,0.0,0.06110516123483478,-2.6577324556950614,3.6130857432048096,6.252143072820068,0.02758420009787025,0.49940335389564516,6.2467072737630644
46,37,1.0,6965.818303694055,0.1314501469810493,8.980220514261344,-8.848770367280295,-8.848770367280295,0.0,-0.00864095182798863,-2.598337447183924,3.6113755904811122,6.250432920096371,0.027601823814881847,0.49935209914794165,6.244534184968321
46,38,1.0,7026.27040982443,0.12650952235846896,8.983920841466752,-8.857411319108284,-8.857411319108282,1.7763568394002505e-15,-0.010086701957046529,-2.610571200685212,3.607782788807813,6.246840118423072,0.027521729770403246,0.4993744223311322,6.2411625177033585
46,39,1.0,7097.500941967519,0.11878481649510406,8.986282837560434,-8.86749802106533,-8.86749802106533,0.0,0.03718308045674945,-2.622787087979678,3.6056536034703934,6.244710933085652,0.027477472751635708,0.4994000096744357,6.239279746746468
46,40,1.0,6838.440179026126,0.1569302404091179,8.987245181017698,-8.83031494060858,-8.83031494060858,0.0,-0.032117914486656574,-2.5884349143213847,3.6028226966719368,6.241880026287197,0.027471275302947004,0.4993876224603524,6.236348745791302
46,41,1.0,7061.64181460588,0.12549671405548374,8.98792956915072,-8.862432855095237,-8.862432855095237,0.0,-0.04778467149550991,-2.6200092791376326,3.6033662463423455,6.242423575957604,0.02736272595935761,0.4994186713147647,6.237175772998805
46,42,1.0,7407.272201714716,0.0770582176866503,8.987275744277397,-8.910217526590747,-8.910217526590747,0.0,0.07650683001853231,-2.66514745210218,3.606012744873308,6.2450700744885665,0.02724812938084914,0.49945648508037366,6.240157449125023
46,43,1.0,6861.701325281744,0.14955125106880462,8.983261947641019,-8.833710696572215,-8.833710696572215,0.0,0.005283447339124336,-2.58829541959227,3.6063579473646863,6.245415276979946,0.027346031374909333,0.4993628151511843,6.239645859781901
46,44,1.0,6825.543490791599,0.1561072774844623,8.984534526717551,-8.82842724923309,-8.828427249233089,1.7763568394002505e-15,-0.0013386613158985483,-2.5849288339067513,3.6044410857110805,6.243498415326338,0.027405733369087245,0.49934710579985386,6.237593155303573
46,45,1.0,6834.686700287735,0.15647234134348054,8.98623825189247,-8.82976591054899,-8.82976591054899,0.0,-0.032624330929650114,-2.5882824061371053,3.602426174796625,6.241483504411884,0.02741269909123195,0.4993479862321467,6.235598641508901
46,46,1.0,7061.340898920639,0.12300047935780595,8.985390720836445,-8.86239024147864,-8.86239024147864,0.0,-0.02321508110251358,-2.618811591811029,3.6045213200523514,6.243578649667611,0.027358876193004217,0.499384090090841,6.2380098874207315
46,47,1.0,7227.188130640518,0.10055729610302869,8.986162618684183,-8.885605322581153,-8.885605322581155,1.7763568394002505e-15,0.009371529263495049,-2.642256266006778,3.604291726959116,6.243349056574375,0.027421957222245386,0.4993870570142282,6.237809675738285
46,48,1.0,7159.774702423538,0.11205138375881142,8.98828517707647,-8.876233793317658,-8.87623379331766,1.7763568394002505e-15,0.016609879764075686,-2.6357765805272293,3.6013998831751692,6.240457212790429,0.027350355594071528,0.49938078673209524,6.23487456937342
46,49,1.0,7041.833908210056,0.1284632736309682,8.988087187184552,-8.859623913553582,-8.859623913553584,1.7763568394002505e-15,0.012000295450016907,-2.6203293960412437,3.6002371878970787,6.239294517512339,0.027394683144211313,0.49933878972795687,6.233339029823745
46,50,1.0,6957.834835681606,0.13865837236137843,8.986281990464946,-8.847623618103565,-8.847623618103567,1.7763568394002505e-15,0.034714032412196616,-2.607602779898032,3.6009635085902745,6.240020838205534,0.027445854439747508,0.4992859833234733,6.233585548397715
46,51,1.0,6720.444557314502,0.1717413909818526,8.984650976673223,-8.812909585691369,-8.81290958569137,1.7763568394002505e-15,-0.03257018433938441,-2.5733451110064567,3.6005071450696557,6.239564474684914,0.02744670325863995,0.49925686319066676,6.232867602080087
46,52,1.0,6942.934272856658,0.14069914543619155,8.986178915466947,-8.845479770030753,-8.845479770030757,3.552713678800501e-15,0.014120227257317097,-2.6059915387328507,3.6004309016826435,6.239488231297903,0.027427245899499325,0.49928757699637655,6.233072352835275
46,53,1.0,6845.587360772215,0.14880945881339475,8.98016900158683,-8.831359542773436,-8.831359542773436,0.0,-0.021421962252686555,-2.5866237202843396,3.6056784928738357,6.244735822489093,0.02737573528194842,0.4992430245518674,6.237896839928033
46,54,1.0,6993.8152727347715,0.12411596611109739,8.97689747113722,-8.852781505026122,-8.852781505026122,0.0,-0.03580510747740462,-2.6036698409487853,3.610054334462079,6.249111664077338,0.02727161772148955,0.49925603267137186,6.242368535319111
46,55,1.0,7248.766623670772,0.09180627322961432,8.98039288573314,-8.888586612503527,-8.888586612503525,1.7763568394002505e-15,0.03157744854244093,-2.6417980346687027,3.6077312482195656,6.246788577834826,0.02732374851652487,0.4992932527985159,6.240391137929043
46,56,1.0,7023.44532711236,0.1212050858412198,8.97821424980231,-8.857009163961086,-8.85700916396109,3.552713678800501e-15,0.005991228877590515,-2.6100308118781217,3.607921022467704,6.246978352082962,0.027319401703278928,0.4992372619024298,6.2400756047510395
46,57,1.0,6981.492059953263,0.1230192767377323,8.974037211821228,-8.851017935083496,-8.851017935083496,0.0,-0.025339684830630205,-2.6003633836733187,3.6115972217949164,6.250654551410177,0.027375800235703546,0.49919018977766305,6.243296880374365
46,58,1.0,7160.661327849184,0.10154652522387733,8.977904145138003,-8.876357619914126,-8.876357619914126,0.0,-0.001958800946127326,-2.628855238904795,3.608445051394072,6.2475023810093315,0.02732954356559882,0.49924293906271366,6.240650105464324
46,59,1.0,7174.701384381895,0.10053929933279282,8.978855720193046,-8.878316420860253,-8.878316420860253,0.0,-0.01909611315318749,-2.632112372264724,3.6071467189802715,6.246204048595531,0.027264585043084,0.4992388110543259,6.239328018348347
46,60,1.0,7313.026829563041,0.07928180441010044,8.976694338423542,-8.89741253401344,-8.89741253401344,0.0,0.06659321812513319,-2.648353492758724,3.610001711639458,6.249059041254718,0.02721246906011735,0.4992548207531479,6.242312015702809
46,61,1.0,6841.8901891810965,0.14209142227614063,8.972910738164448,-8.830819315888307,-8.830819315888307,0.0,0.03705439193793936,-2.5814142410010716,3.6103477452719765,6.2494050748872345,0.027192642963225024,0.4991721320650066,6.24189967418283
46,62,1.0,6593.007679775264,0.17513484409781888,8.968899768048189,-8.793764923950368,-8.79376492395037,1.7763568394002505e-15,-0.05026663794863495,-2.542710749295384,3.6119968450397244,6.251054174654984,0.02725481303140097,0.4991033245200896,6.242904717483199
46,63,1.0,6932.886736202705,0.1314825313470641,8.975514093246067,-8.844031561899003,-8.844031561899003,0.0,-0.0410500942192531,-2.597681615937436,3.607292616346309,6.246349945961567,0.027258877824383947,0.49916855112720404,6.238823768344917
46,64,1.0,7223.404485365985,0.09126544557845961,8.976347101696716,-8.885081656118256,-8.885081656118256,0.0,-0.09194473273440984,-2.6380776281576783,3.6079466983453172,6.247004027960577,0.02724341922017102,0.49919698733443263,6.239734322755347
46,65,1.0,7919.048897142973,0.00870405706558897,8.985730445918257,-8.977026388852666,-8.977026388852668,1.7763568394002505e-15,-0.08527721801970856,-2.73591230028539,3.602056758952016,6.241114088567274,0.027342610520721733,0.49929983405941447,6.234805777009255
46,66,1.0,8623.994081554325,-0.07746774230856732,8.98483586456381,-9.062303606872375,-9.062303606872376,1.7763568394002505e-15,-0.026356174687563794,-2.817000006866991,3.6062462703901264,6.245303600005386,0.027302827522051876,0.49934762851279174,6.239413771757265
46,67,1.0,8854.311385318977,-0.10925768528106061,8.979402096278875,-9.088659781559938,-9.088659781559935,3.552713678800501e-15,0.023427827520158928,-2.836694923771533,3.6129075281731473,6.251964857788407,0.027187753500376537,0.49935331309455006,6.246108698951567
46,68,1.0,8649.285142625264,-0.09069705470202571,8.974534899337755,-9.06523195403978,-9.065231954039781,1.7763568394002505e-15,-0.010604347019878446,-2.80927656036316,3.6168980640613606,6.2559553936766195,0.02707643009170817,0.4993197171690814,6.249770673026979
46,69,1.0,8741.493202804162,-0.09873813211373403,8.977098168945925,-9.075836301059658,-9.07583630105966,1.7763568394002505e-15,0.001355458222475292,-2.8219763836619642,3.6148025877824352,6.253859917397695,0.027024386066933546,0.49936196435236313,6.248082491672597
46,70,1.0,8729.652500567187,-0.09884927140735142,8.975631571429833,-9.074480842837183,-9.074480842837184,1.7763568394002505e-15,0.0004147781384578053,-2.819407811024887,3.616015702197038,6.255073031812296,0.027091253747961442,0.4993239508448153,6.248940654054948
46,71,1.0,8726.03238237846,-0.09511012275505291,8.97895594194367,-9.074066064698725,-9.074066064698723,1.7763568394002505e-15,0.03808232287376967,-2.8228476918183385,3.6121610432651297,6.2512183728803885,0.027126965021112594,0.4993291422947215,6.245156382873454
46,72,1.0,8399.972758789998,-0.05982605340818857,8.976157688416766,-9.035983741824955,-9.035983741824955,0.0,0.019345667853805537,-2.783904760798983,3.613021651410714,6.2520789810259725,0.02708600534563233,0.49927283830713276,6.245497833644629
46,73,1.0,8239.031453724201,-0.04434430467001919,8.972293769301128,-9.01663807397115,-9.016638073971148,1.7763568394002505e-15,-0.05478718482422629,-2.761729470696431,3.615851273659459,6.254908603274717,0.027039546801253218,0.4992468610616038,6.248069555010737
46,74,1.0,8703.01902482981,-0.09814912771396479,8.973276131081409,-9.071425258795376,-9.071425258795374,1.7763568394002505e-15,0.033919198213618884,-2.81528546271402,3.6170824664660963,6.2561397960813565,0.027004975861803546,0.4992979233378644,6.249767538106608
46,75,1.0,8412.769933095151,-0.06822412526787044,8.969281935313886,-9.037506060581757,-9.037506060581755,1.7763568394002505e-15,-0.003975591223939645,-2.779365709678072,3.619083021288426,6.258140350903685,0.02715027921556528,0.49920126525107883,6.250870987347425
46,76,1.0,8446.28223888519,-0.07229386394842455,8.969187787857273,-9.041481651805697,-9.041481651805697,0.0,-0.034698211941403656,-2.7831067370267135,3.619317585163724,6.258374914778983,0.02700909722170881,0.4992254076063971,6.251328030246747
46,77,1.0,8744.496969662727,-0.10581924910081668,8.97036061464628,-9.0761798637471,-9.076179863747097,3.552713678800501e-15,-0.004409143378774516,-2.8180376329595958,3.619084901172245,6.258142230787504,0.027105881792138867,0.4992290797568009,6.251125202337635
46,78,1.0,8783.137834534044,-0.10954973817121978,8.971039268954657,-9.080589007125875,-9.080589007125877,1.7763568394002505e-15,-0.011387157206897314,-2.823448989358264,3.6180826881523513,6.25714001776761,0.027232162983645815,0.49920411745387444,6.249913914672441
46,79,1.0,8883.724416539564,-0.11523102438158572,8.97674513995119,-9.091976164332772,-9.091976164332776,3.552713678800501e-15,0.06687439709893539,-2.840481251746077,3.6124375829714372,6.251494912586695,0.027215980649771647,0.49925372929909606,6.244754726526937
46,80,1.0,8309.060020850407,-0.04661787734954776,8.978483889884288,-9.025101767233837,-9.025101767233835,1.7763568394002505e-15,-0.03563577336038293,-2.77866614167127,3.6073782959473073,6.246435625562566,0.02724497080127536,0.49920026653090216,6.2392243873917765
46,81,1.0,8610.498905168673,-0.08315767931669654,8.977579861277524,-9.06073754059422,-9.060737540594221,1.7763568394002505e-15,-0.031561533249403695,-2.8125699183014983,3.6091102926774625,6.248167622292722,0.02731859629117352,0.4991845195917916,6.240805962562987
46,82,1.0,8886.593518850725,-0.1117523763393341,8.980546697504291,-9.092299073843623,-9.092299073843625,1.7763568394002505e-15,-0.003412357727727411,-2.846208016417156,3.6070337278112086,6.246091057426468,0.02742785674848857,0.4991967267044044,6.238848825560785
46,83,1.0,8916.969552389002,-0.11949073060745091,8.9762207009639,-9.09571143157135,-9.09571143157135,0.0,0.04129369901866653,-2.845556431763511,3.6110976701925828,6.250154999807842,0.027518820839226535,0.49913834800045853,6.242376358177403
46,84,1.0,8556.253794833974,-0.07528155991961269,8.97913617263307,-9.054417732552684,-9.054417732552682,1.7763568394002505e-15,0.05231049696491219,-2.8091606733856116,3.606199729551812,6.245257059167071,0.02742958616528127,0.49916084643456543,6.237695766249272
46,85,1.0,8120.177037678148,-0.023671514283611687,8.97843572130416,-9.002107235587772,-9.002107235587772,0.0,-0.07718795085396657,-2.758809480366047,3.604240425606466,6.243297755221724,0.02738424466259373,0.4991262855170089,6.235426283169266
46,86,1.0,8771.781377325922,-0.09823905909928254,8.981056127342455,-9.079295186441739,-9.079295186441739,0.0,0.032162971590018685,-2.835275439672897,3.604962417153583,6.244019746768841,0.027326247646820814,0.49921481987808497,6.236946650658052
46,87,1.0,8494.143583606972,-0.07126796210695835,8.97586425274476,-9.04713221485172,-9.047132214851718,1.7763568394002505e-15,-0.0070817885140073145,-2.799171157698195,3.608903727538266,6.247961057153525,0.02716558201589238,0.499174051493404,6.240514130852531
46,88,1.0,8554.510813759047,-0.07950085647666724,8.974713146889059,-9.054214003365727,-9.054214003365725,1.7763568394002505e-15,0.07594890681503585,-2.804986208944196,3.6101704648062727,6.2492277944215315,0.027186016391353846,0.49916447088915566,6.2416946699615306
46,89,1.0,7928.8643619637405,-0.0034309611827357325,8.974834135367955,-8.978265096550691,-8.97826509655069,1.7763568394002505e-15,-0.05990888082581591,-2.7336255306385167,3.605582236296916,6.244639565912173,0.027248614599444575,0.49908530248854277,6.236398690625941
46,90,1.0,8418.390840364056,-0.05673515736750989,8.981438820008997,-9.038173977376507,-9.038173977376506,1.7763568394002505e-15,-0.05391070273027232,-2.7979375077516435,3.6011791400096054,6.240236469624863,0.027378892239117616,0.49914509906604887,6.232544614316921
46,91,1.0,8884.688493078505,-0.11015031194823027,8.981934368158548,-9.09208468010678,-9.092084680106778,1.7763568394002505e-15,0.018348164321611904,-2.849882589923564,3.603144760567957,6.242202090183215,0.027386970484219737,0.49916895496532676,6.234726161063371
46,92,1.0,8723.157201669543,-0.0944735080928466,8.979263007692321,-9.073736515785168,-9.073736515785168,0.0,0.01922584999157273,-2.8299996015521542,3.6046795846177546,6.243736914233013,0.027414106121299877,0.4991094226425219,6.2357197498657575
46,93,1.0,8557.04899217875,-0.07398774709439637,8.9805229186992,-9.054510665793595,-9.054510665793597,1.7763568394002505e-15,-0.04351040924825966,-2.8136549720238917,3.6017983641544444,6.240855693769703,0.027404511947963364,0.4990993368621664,6.23275509900941
46,94,1.0,8937.588374790777,-0.11741742444484846,8.980603650597008,-9.098021075041855,-9.098021075041856,1.7763568394002505e-15,-0.058959004602607834,-2.8556422937489407,3.603321451677655,6.242378781292913,0.02740374862091434,0.4991203232767959,6.234464515088724
46,95,1.0,9480.383799837251,-0.17481990160643524,8.98216017803803,-9.156980079644462,-9.156980079644464,1.7763568394002505e-15,0.018793981750167887,-2.9137864719314335,3.6041362780977693,6.243193607713029,0.027465186501383645,0.49917701833398076,6.235786041854195
46,96,1.0,9303.873500845639,-0.1545411032314351,8.98364499466286,-9.138186097894295,-9.138186097894296,1.7763568394002505e-15,0.08794173826792395,-2.8978214634918884,3.6013073047871473,6.240364634402407,0.027530344350254674,0.4991495773873991,6.232709656186871
46,97,1.0,8520.619765662184,-0.06952707585465662,8.980717283771714,-9.05024435962637,-9.05024435962637,0.0,0.03700934971430314,-2.8116424938798876,3.5995445361312264,6.238601865746484,0.027517874510415694,0.4990513845849299,6.2300684533839
46,98,1.0,8211.041155304267,-0.03500593285207755,8.978229077059991,-9.013235009912067,-9.01323500991207,1.7763568394002505e-15,0.0023434353027980137,-2.774239056297406,3.5999386239994045,6.238995953614664,0.02749986933950896,0.4989822427638696,6.229837695556854
46,99,1.0,8191.821640228896,-0.03386112934051942,8.977030445268753,-9.01089157460927,-9.010891574609271,1.7763568394002505e-15,-0.06350234882723704,-2.771286638657693,3.6005476063363178,6.239604935951577,0.02747857822305515,0.4989567007812095,6.230219176732498
46,100,1.0,8728.89375737896,-0.09484720222044965,8.979546721216057,-9.074393923436507,-9.074393923436507,0.0,-0.05965362306374011,-2.8345377748009364,3.6007988190203135,6.239856148635574,0.02743071687693185,0.4990555525263228,6.2313608109162475
46,101,1.0,9265.448508944568,-0.15558647072795997,8.978461075772287,-9.134047546500247,-9.134047546500247,0.0,0.07802043391743041,-2.889980443724418,3.6050097731605715,6.244067102775831,0.027408620574287935,0.4991075851838767,6.2360305297051735
46,102,1.0,8570.035145564862,-0.07927465644177066,8.976752456141046,-9.056027112582816,-9.056027112582816,0.0,0.13452063162137584,-2.8145287074076686,3.60244107555989,6.2414984051751485,0.027438753758407215,0.499004406614572,6.2325337189156444
46,103,1.0,7491.366333940721,0.05046421607038174,8.971970697031821,-8.92150648096144,-8.92150648096144,0.0,-0.01979076742165553,-2.683252174243777,3.599196977102404,6.238254306717662,0.027474053256370878,0.4988446958051958,6.227858258013106
46,104,1.0,7641.103037558894,0.02907639782212396,8.97037364620522,-8.941297248383096,-8.941297248383096,0.0,0.07082898171445606,-2.7004322211033163,3.6018076976645195,6.240865027279779,0.027501264595166764,0.49882770278318933,6.230300950484342
46,105,1.0,7118.6136023062,0.09440439052666731,8.964872657195306,-8.87046826666864,-8.870468266668638,1.7763568394002505e-15,-0.02326293028022164,-2.6285990239190085,3.602811913134373,6.241869242749631,0.027592799893683365,0.4987007979940807,6.230144070346328
46,106,1.0,7286.1546060455685,0.0750502901807874,8.96878148712965,-8.893731196948861,-8.893731196948863,1.7763568394002505e-15,0.03086760453184567,-2.655331245612778,3.5993426217208255,6.238399951336084,0.027590084502491858,0.49873208489077936,6.226981126203933
46,107,1.0,7064.684182472118,0.10505241508493474,8.967916007501948,-8.862863592417016,-8.862863592417014,1.7763568394002505e-15,-0.05439766319559958,-2.6260268885241524,3.597779374277604,6.236836703892863,0.027549706994682052,0.498700534297231,6.225150023757296
46,108,1.0,7459.631204730728,0.052979693602101564,8.97024094921472,-8.917261255612615,-8.917261255612619,3.552713678800501e-15,-0.029132456821590935,-2.6803093122533235,3.5978946137440344,6.236951943359292,0.027532657033120387,0.498761538240565,6.2258172814596096
46,109,1.0,7680.145048096016,0.026544347360277543,8.972938059794485,-8.946393712434206,-8.946393712434208,1.7763568394002505e-15,0.03688299236040926,-2.7109956034354674,3.5963407793834796,6.235398108998739,0.027499579418936312,0.49880002728658573,6.224617931973968
46,110,1.0,7402.0385432595485,0.05981466951324069,8.969325389587038,-8.909510720073797,-8.909510720073797,0.0,-0.049090230384509326,-2.6731218252625397,3.5973315651959985,6.236388894811258,0.027543453609575105,0.4987041625061487,6.224743637300663
46,111,1.0,7774.4729771322645,0.00852006539243803,8.967121015850744,-8.958600950458306,-8.958600950458305,1.7763568394002505e-15,-0.05612428863405228,-2.7172401178128305,3.6023035030302175,6.2413608326454755,0.02757793104803605,0.4987006176396191,6.229665547948266
46,112,1.0,8223.28661043554,-0.04627929794603903,8.96844594114632,-9.014725239092359,-9.01472523909236,1.7763568394002505e-15,0.023725809641220508,-2.7721473075704055,3.603520601906694,6.242577931521953,0.027521496085945656,0.49875548169049017,6.231370482299222
46,113,1.0,8030.478783030937,-0.01982793239298856,8.971171497058151,-8.990999429451138,-8.99099942945114,1.7763568394002505e-15,-0.0012932626700230543,-2.7537695728138054,3.598172527022073,6.237229856637334,0.027494899472663075,0.4987439818300631,6.225944918464583
46,114,1.0,8040.8710199610405,-0.020801264840908603,8.971491427280252,-8.992292692121161,-8.992292692121161,0.0,0.16664426829417778,-2.756105522841125,3.5971298396647775,6.2361871692800355,0.027488689114324318,0.4987284835276515,6.2247630778594125
46,115,1.0,6806.602825717663,0.13653700042532774,8.962185424252308,-8.825648423826983,-8.82564842382698,3.552713678800501e-15,-0.05036904517792529,-2.590642991327502,3.595948102884223,6.235005432499483,0.027527855456362667,0.4984942219795604,6.221477040691717
46,116,1.0,7158.226036594676,0.088520008727057,8.964537477731966,-8.876017469004909,-8.876017469004909,0.0,0.05292665330278368,-2.6416135937675924,3.595346545622056,6.234403875237314,0.027501569975453173,0.4985489757347778,6.22137640798218
46,117,1.0,6789.216446278137,0.13611132446803448,8.95920214017016,-8.823090815702125,-8.823090815702125,0.0,-0.013962047132892508,-2.587106350946608,3.5969271351402576,6.235984464755518,0.02748817482750341,0.49846497828995,6.222193968512159
46,118,1.0,6884.672637546354,0.12141673530708828,8.958469598142106,-8.837052862835018,-8.837052862835018,0.0,0.07399966056207852,-2.6000854874306607,3.5979100457890985,6.236967375404356,0.027465763672724443,0.4984602124788661,6.2231275405220625
46,119,1.0,6393.6027700838,0.19093119293735075,8.95398439521029,-8.763053202272939,-8.763053202272939,0.0,-0.019244085704322345,-2.5275599811589617,3.5964358914987185,6.235493221113977,0.02760738252504096,0.49830382579594507,6.220249614925803
46,120,1.0,6517.833327613875,0.1716278633859443,8.953925151363205,-8.782297287977261,-8.78229728797726,1.7763568394002505e-15,-0.026247534819722418,-2.546313555642626,3.596926402719377,6.235983732334636,0.02759182825320916,0.49830734265744914,6.220771301667199
46,121,1.0,6691.175333356001,0.14661941463460254,8.955164237431589,-8.808544822796984,-8.808544822796986,1.7763568394002505e-15,0.031310868467860686,-2.5734325888243386,3.5960549043573864,6.235112233972645,0.02759146024406386,0.49831299265924967,6.2199551449902115
46,122,1.0,6484.914771957136,0.17386319504410241,8.951097149373226,-8.777233954329123,-8.777233954329123,0.0,-0.05843182084050724,-2.5415032096772654,3.5966734150365993,6.235730744651859,0.027634699434351716,0.4982285598821569,6.219806323039692
46,123,1.0,6875.129613086417,0.11494535248299949,8.950611127652628,-8.83566577516963,-8.835665775169629,1.7763568394002505e-15,0.027371414891824486,-2.5965032927325558,3.6001051528218158,6.239162482437074,0.027633199056504833,0.49825343186353366,6.22343264301089
46,124,1.0,6689.499654581867,0.13923216287934725,8.947526523157155,-8.808294360277806,-8.808294360277808,1.7763568394002505e-15,0.00873113714306406,-2.5685506635455604,3.6006863671169875,6.239743696732246,0.027673718312669814,0.49817499261192016,6.22329430633082
46,125,1.0,6631.346954706069,0.1489800304416592,8.948543253576403,-8.799563223134742,-8.799563223134744,1.7763568394002505e-15,0.09458813530923749,-2.562255463750611,3.5982504297688718,6.23730775938413,0.02764697360887991,0.49816423581585967,6.220786983401211
46,126,1.0,6032.851646642211,0.23499323211713913,8.939968319942643,-8.704975087825504,-8.704975087825504,0.0,-0.06367822591976413,-2.466530043318472,3.599387714891773,6.238445044507032,0.027734610645263936,0.4979793215773143,6.220230191812413
46,127,1.0,6429.508101398694,0.1761257768056456,8.944779090550913,-8.768653313745268,-8.768653313745267,1.7763568394002505e-15,-0.08140530386667066,-2.532072428125542,3.597523556004468,6.236580885619726,0.02768315960292847,0.4980700774270657,6.219214782435394
46,128,1.0,6974.7978041143015,0.09581751788255413,8.945876135494494,-8.85005861761194,-8.85005861761194,0.0,-0.07659624563103051,-2.6103680000884357,3.6006332879082446,6.239690617523505,0.027724549796906365,0.49810357534630567,6.22260066740649
46,129,1.0,7530.034204718884,0.02005138461644692,8.946706247859415,-8.92665486324297,-8.926654863242968,1.7763568394002505e-15,3.5600740355690164e-05,-2.683629923283508,3.603967610344202,6.2430249399594615,0.02772111909178097,0.49815928475790616,6.226416062857638
46,130,1.0,7529.766134698073,0.016207548367859613,8.942826810870473,-8.926619262502614,-8.926619262502614,0.0,-0.0032722244879952456,-2.6807514822254315,3.606810450661924,6.245867780277182,0.027784092823619946,0.49808190085124443,6.22850060577664
46,131,1.0,7554.445576148081,0.01488426863040896,8.94477575562102,-8.92989148699061,-8.929891486990611,1.7763568394002505e-15,0.009499069804865812,-2.686962702422182,3.6038714549531683,6.242928784568426,0.027767714991427238,0.49810005781322386,6.225774719589492
46,132,1.0,7483.025121261757,0.022400185626703095,8.942792602812446,-8.920392417185743,-8.920392417185743,0.0,0.04290969951881962,-2.6762954056846278,3.6050396818858563,6.244097011501116,0.027768175153923828,0.4980517837099746,6.226514100314703
46,133,1.0,7168.722305661385,0.06418213255797028,8.941664850224894,-8.877482717666924,-8.877482717666924,0.0,-0.04318681089541876,-2.635910510214998,3.602514877836669,6.241572207451926,0.027724354808386212,0.49800489249879265,6.223580085375508
46,134,1.0,7485.099039994204,0.025648514480665005,8.946318043043005,-8.920669528562343,-8.92066952856234,1.7763568394002505e-15,0.07108160583919698,-2.682391155553867,3.5992210433932157,6.238278373008475,0.0276271474298149,0.4981008575878224,6.2211851018351405
46,135,1.0,6971.515574962372,0.09444122029089111,8.944029143014035,-8.849587922723146,-8.849587922723144,1.7763568394002505e-15,0.0517226399305315,-2.6137753936984467,3.596755199409439,6.235812529024699,0.027655877475249932,0.49799543315970723,6.217788171742569
46,136,1.0,6620.096876872369,0.14310778898538903,8.940973071778004,-8.797865282792614,-8.797865282792614,0.0,0.01225176228492586,-2.563906804539268,3.5949011486380873,6.2339584782533475,0.027625482012126324,0.49790786792129016,6.215165324859555
46,137,1.0,6539.4838577774,0.15501912290868824,8.940632643416375,-8.785613520507688,-8.785613520507686,1.7763568394002505e-15,0.0352893755540169,-2.553386174877026,3.5931700160154025,6.232227345630662,0.027598035322501147,0.4979036102707726,6.213421449995151
46,138,1.0,6312.734017361125,0.18709768237849517,8.937421827332168,-8.750324144953671,-8.750324144953673,1.7763568394002505e-15,-0.03806586373957721,-2.517711941605978,3.5935548737324337,6.232612203347693,0.02763282339586383,0.49782086535399983,6.213062816539136
46,139,1.0,6557.665886862393,0.1516045607395534,8.939994569432802,-8.788390008693248,-8.788390008693248,0.0,-0.04100686486235716,-2.556375147144101,3.59295753193389,6.232014861549149,0.027630368811015174,0.4978482620517685,6.212714831539453
46,140,1.0,6832.1649134020845,0.11377131091906917,8.943168184474672,-8.829396873555606,-8.829396873555602,3.552713678800501e-15,-0.09241539746638239,-2.598714401658711,3.591625142281635,6.230682471896892,0.027609069115972256,0.497905652959721,6.211910969286802
46,141,1.0,7493.657469590964,0.02503772557534945,8.94684999659734,-8.921812271021988,-8.92181227102199,1.7763568394002505e-15,-0.014848555036548916,-2.6899096071929636,3.592845334213765,6.2319026638290245,0.027563653367513468,0.49802739656706696,6.214207607775634
46,142,1.0,7605.757658220769,0.009229750740848183,8.945890576799385,-8.936660826058537,-8.936660826058537,0.0,-0.02337190107587439,-2.7037191205890094,3.593884375854271,6.232941705469529,0.027584910264568392,0.498047513386357,6.215431645256683
46,143,1.0,7785.612258788828,-0.016458032073024455,8.943574695061388,-8.960032727134411,-8.960032727134413,1.7763568394002505e-15,-0.03991353589532487,-2.7240630462287854,3.596912351290368,6.235969680905627,0.027572513192074193,0.49806411321559607,6.218588056344955
46,144,1.0,8102.648504094597,-0.053151518236111896,8.946794744793625,-8.999946263029736,-8.999946263029736,0.0,-0.005131385824688195,-2.765850160204326,3.595038773210151,6.2340961028254105,0.027549604920160266,0.4981022168609821,6.217061433185127
46,145,1.0,8144.33317837733,-0.05847640368412069,8.946601245170307,-9.005077648854424,-9.005077648854428,3.552713678800501e-15,-0.013711786754647903,-2.77156721930388,3.5944530999352873,6.233510429550547,0.027591639787626097,0.49807296239240534,6.216208716201722
46,146,1.0,8256.775670196797,-0.0739644023079464,8.944825033301127,-9.018789435609072,-9.018789435609074,1.7763568394002505e-15,0.03670393439047892,-2.7836516343586193,3.5960804716351946,6.235137801250453,0.027657883783152905,0.49804338542932064,6.217560350819057
46,147,1.0,7959.213768977767,-0.041373134333136885,8.940712366885457,-8.982085501218593,-8.982085501218593,0.0,0.10462362632625855,-2.7465532715684517,3.5964749000348815,6.235532229650142,0.027622771003624372,0.4979322666914905,6.2169591181697
46,148,1.0,7168.572891155391,0.053711078225194296,8.931172953117528,-8.877461874892335,-8.877461874892333,1.7763568394002505e-15,0.014375502626897685,-2.640331848072608,3.59807269720447,6.237130026819729,0.027668032318595253,0.49770928395827146,6.216539779344827
46,149,1.0,7066.258227069622,0.06613082099875191,8.929217193264188,-8.863086372265437,-8.863086372265435,1.7763568394002505e-15,0.005932937618144507,-2.626056365370201,3.5979726772799774,6.237030006895236,0.027648452769524694,0.4976590870596968,6.2159941036347774
46,150,1.0,7024.4586774858635,0.06999659621091536,8.927150030858208,-8.857153434647293,-8.857153434647293,0.0,0.017879648238544377,-2.619886038051503,3.5982100669805313,6.23726739659579,0.02766899387923786,0.4976131794725668,6.215812198904378
46,151,1.0,6899.979961210539,0.0884685784421989,8.927742364850948,-8.839273786408748,-8.839273786408748,0.0,-0.0007741855587379831,-2.6051729008185265,3.595043555974964,6.234100885590222,0.02767933405756859,0.49756841892910797,6.212271421239241
46,152,1.0,6905.3238943831275,0.08830780028418903,8.928355772251678,-8.840047971967486,-8.840047971967488,1.7763568394002505e-15,0.031452494877736825,-2.607604621199027,3.5933860211532003,6.232443350768459,0.02765543059543178,0.4975433860085658,6.210404946101393
46,153,1.0,6691.514278694726,0.11766885299545932,8.92626433008521,-8.80859547708975,-8.808595477089751,1.7763568394002505e-15,-0.022732164706546598,-2.5770292781197677,3.5925088693547234,6.231566198969981,0.027623247092249305,0.49748179635703005,6.208992491177072
46,154,1.0,6845.368983329556,0.09782213353748907,8.929149775333784,-8.831327641796296,-8.831327641796294,1.7763568394002505e-15,0.002960006996824305,-2.6021027633396883,3.590167548841347,6.2292248784566056,0.027628220830879433,0.4975093426945646,6.206919760079571
46,155,1.0,6825.136602010601,0.09725277450387657,8.925620409303349,-8.828367634799472,-8.828367634799472,0.0,0.1144917462250099,-2.596609648579711,3.5927006566045017,6.23175798621976,0.02758130972727158,0.49748939851367274,6.209259586229685
46,156,1.0,6086.788541783277,0.20323292845656657,8.917108817031028,-8.713875888574462,-8.713875888574462,0.0,0.0058664386199271945,-2.4828043147891745,3.5920142441700276,6.231071573785287,0.027695346594926323,0.4972615413304917,6.2065336292140945
46,157,1.0,6051.18530462053,0.20646414803776447,8.914473597992302,-8.708009449954535,-8.708009449954538,3.552713678800501e-15,-0.048810072862311316,-2.4757593447473156,3.59319277559196,6.2322501052072194,0.0277294407185842,0.49723773575353275,6.207489613010002
46,158,1.0,6353.871065860016,0.16209323404505915,8.918912756861907,-8.756819522816846,-8.756819522816848,1.7763568394002505e-15,0.019924705842012003,-2.5268341395342624,3.5909280536673243,6.229985383282583,0.027694593992367143,0.49728520034136786,6.205675234991602
46,159,1.0,6228.524943004288,0.17869331547343859,8.91558813244827,-8.736894816974834,-8.736894816974832,1.7763568394002505e-15,-0.020022551226052343,-2.507139358087907,3.590698129271668,6.2297554588869275,0.027740554128339593,0.49717929360415597,6.2044884351504574
46,160,1.0,6354.492793230678,0.15709689444283553,8.914014262643722,-8.756917368200886,-8.756917368200886,0.0,0.04872322081619096,-2.52613142183352,3.591728616752107,6.230785946367365,0.027773757277573814,0.49715431226548473,6.205268122154398
46,161,1.0,6052.303046214543,0.2016936956374749,8.90988784302217,-8.708194147384695,-8.708194147384695,0.0,0.014365189310179716,-2.478073938141127,3.5910628796283093,6.230120209243569,0.027770065245737847,0.4970535810389721,6.203719998900522
46,162,1.0,5965.982060263908,0.21302255359152722,8.906851511666042,-8.693828958074516,-8.693828958074516,0.0,-0.06849429634690196,-2.462670263117772,3.592101365341484,6.231158694956744,0.027738533091751765,0.4970107484851929,6.204369595300631
46,163,1.0,6388.937476396,0.14814379404793654,8.910467048469355,-8.762323254421418,-8.76232325442142,1.7763568394002505e-15,0.05522702813642333,-2.532077280108599,3.59118864469756,6.23024597431282,0.027709169507472334,0.49707144229499933,6.204001037581414
46,164,1.0,6045.661741479755,0.1973660074736975,8.90446223375869,-8.707096226284994,-8.707096226284992,1.7763568394002505e-15,-0.06635866792673006,-2.476193852214736,3.591845044455,6.230902374070257,0.027793563027381216,0.49688821396125055,6.2029973216093435
46,165,1.0,6460.45413739275,0.13380027060861766,8.907255164820342,-8.773454894211724,-8.773454894211724,0.0,0.02700331240190401,-2.541890157851522,3.5925074067449434,6.231564736360204,0.02777758798752285,0.4969438059162283,6.2041459648970605
46,166,1.0,6288.334830456883,0.15813789758477886,8.904589479394598,-8.74645158180982,-8.74645158180982,0.0,-0.0054503622635397875,-2.5153728452686486,3.59202140692591,6.2310787365411695,0.027802863823453833,0.49687498683876535,6.20304618389556
46,167,1.0,6322.702105288798,0.15298751399955224,8.90488945807291,-8.75190194407336,-8.751901944073358,1.7763568394002505e-15,-0.03373227562220649,-2.5221103487950556,3.590734265663044,6.229791595278303,0.027760911124687645,0.49688229134031614,6.20185367155374
46,168,1.0,6539.6192211833495,0.11964780682724883,8.905282026522816,-8.785634219695567,-8.785634219695567,0.0,-0.08788314108159234,-2.554842914895017,3.5917339751852912,6.23079130480055,0.027700951074723604,0.496901065063344,6.2030188901225
46,169,1.0,7140.352049545707,0.03503646942992891,8.90855383020709,-8.873517360777159,-8.87351736077716,1.7763568394002505e-15,0.017477123342269252,-2.64115973450457,3.593300296657332,6.23235762627259,0.027639819096339908,0.49701042981784577,6.205562883319333
46,170,1.0,7016.643420435683,0.0516496086047271,8.907689846039617,-8.85604023743489,-8.85604023743489,0.0,0.030363694976923483,-2.624951172261245,3.5920317355583853,6.231089065173644,0.02763049121717507,0.496965194586617,6.203918908926376
46,171,1.0,6806.794220761643,0.07801640167643731,8.903692944134402,-8.825676542457966,-8.825676542457964,1.7763568394002505e-15,-0.0032363731644373672,-2.594887594261454,3.5917316185812536,6.230788948196513,0.027669809249144185,0.4968481273205803,6.202558599716137
46,172,1.0,6828.8592329609655,0.07704138225700462,8.90595429787941,-8.828912915622404,-8.828912915622405,1.7763568394002505e-15,-0.010075451878300612,-2.599891359031051,3.5899642269760936,6.229021556591354,0.02772096066483451,0.4968516250239968,6.200847630278804
46,173,1.0,6898.01085748757,0.0644027526368483,8.903391120137552,-8.838988367500704,-8.838988367500704,0.0,-0.06697059741372868,-2.6087473332337936,3.591183704651652,6.230241034266911,0.027760829332090693,0.4967807789870403,6.201430562271983
46,174,1.0,7375.794947675229,-0.001650318355947103,8.904308646558487,-8.905958964914433,-8.905958964914435,1.7763568394002505e-15,0.016245330957222137,-2.6728147425603637,3.594086892738812,6.2331442223540705,0.027689422651009304,0.4968583687182072,6.2050090956659885
46,175,1.0,7256.940744507954,0.011023534085708709,8.90073716804292,-8.88971363395721,-8.88971363395721,0.0,0.014902447379400385,-2.6567811809085664,3.5938751234333854,6.232932453048643,0.027666741081495687,0.49677841439698617,6.2040901769134305
46,176,1.0,7149.596400253289,0.023125176388783288,8.897936362966592,-8.87481118657781,-8.874811186577809,1.7763568394002505e-15,-0.0029791550562983105,-2.6419936600758303,3.5937601968867208,6.232817526501981,0.027649841541339558,0.49672412365780466,6.203500952634423
46,177,1.0,7170.927915688553,0.01859124899064745,8.896381590624758,-8.877790341634109,-8.87779034163411,1.7763568394002505e-15,0.047153177053242956,-2.643758633170214,3.594974378848636,6.234031708463895,0.02769766011074326,0.4966804748609293,6.204327801310991
46,178,1.0,6840.644043434753,0.06363055649761844,8.894267721078485,-8.830637164580866,-8.830637164580867,1.7763568394002505e-15,0.08986355219603404,-2.6004633221117035,3.5911165128539033,6.2301738424691635,0.027775049133671955,0.4966051502101627,6.199822071662864
46,179,1.0,6252.731031848938,0.14637233979978836,8.88714595218462,-8.740773612384832,-8.740773612384832,0.0,-0.01611745258473718,-2.5122536556052313,3.589462627164342,6.228519956779601,0.027800965997604458,0.49638989400268085,6.196249350646855
46,180,1.0,6354.32565173502,0.13136717793312588,8.888258242902694,-8.756891064969569,-8.756891064969569,0.0,0.045921256800660615,-2.5298571102486895,3.5879766251056204,6.22703395472088,0.027779582538783962,0.496424104774494,6.195087261087461
46,181,1.0,6069.125522377343,0.1698823265765264,8.880852134745432,-8.710969808168908,-8.710969808168905,3.552713678800501e-15,0.03130773759449923,-2.4812012139541464,3.590711264599503,6.229768594214762,0.027824339160308752,0.49627117526497294,6.1964227878208
46,182,1.0,5882.058534781729,0.19518686004390656,8.874848930618315,-8.679662070574409,-8.679662070574409,0.0,-0.06872224515652547,-2.4483176972334446,3.5922870437257055,6.231344373340966,0.02786666259756071,0.49614101567764574,6.196811160926105
46,183,1.0,6300.500260974197,0.12867784297398271,8.877062158704918,-8.748384315730934,-8.748384315730936,1.7763568394002505e-15,0.10939350406648352,-2.5167313456219707,3.5925956404937067,6.231652970108966,0.02781289481683313,0.4962184674266689,6.197808855796177
46,184,1.0,5647.627427800239,0.2297884657820574,8.868779277446508,-8.638990811664451,-8.638990811664451,0.0,0.008116667682216416,-2.408436688547044,3.591496793502149,6.230554123117407,0.027907611853796244,0.4959760183867468,6.194540859952048
46,185,1.0,5601.973044149391,0.23651666879221395,8.867390812774447,-8.630874143982235,-8.630874143982233,1.7763568394002505e-15,-0.008105153476224203,-2.402760198909841,3.5890566154571353,6.228113945072394,0.027951368128231867,0.4959291368931615,6.1917343994050045
46,186,1.0,5647.562400229043,0.22689861758309474,8.865877915041555,-8.638979297458459,-8.63897929745846,1.7763568394002505e-15,-0.0912856620395015,-2.410927127653507,3.588994840189693,6.228052169804951,0.02791801695177787,0.4958819667266868,6.191251058324987
46,187,1.0,6187.367295765616,0.1416992206632653,8.871964180161225,-8.73026495949796,-8.73026495949796,0.0,-0.035474620831282166,-2.504520956359527,3.5866866735231744,6.225744003138435,0.027875593658927413,0.4959961195160843,6.1899987101751295
46,188,1.0,6410.801495061701,0.10593983058487219,8.871679410914115,-8.765739580329242,-8.765739580329244,1.7763568394002505e-15,0.021241358886037176,-2.5387926425257015,3.587889608188282,6.2269469378035405,0.027851913798169807,0.4960006669408723,6.1912126109751435
46,189,1.0,6276.063435557202,0.12428536376203482,8.868783585205243,-8.744498221443205,-8.744498221443209,3.552713678800501e-15,-0.012520583860325729,-2.5189242460725896,3.586516645755357,6.225573975370615,0.027832659277521585,0.4959507447249278,6.189429980083142
46,190,1.0,6355.1374072617355,0.10828610367016105,8.865304908973691,-8.757018805303531,-8.75701880530353,1.7763568394002505e-15,0.0005134943738713815,-2.52835818578038,3.5896032899078922,6.2286606195231515,0.027801174992795403,0.49592470600450483,6.192254798124759
46,191,1.0,6351.874917664634,0.10829673382240107,8.86480204475206,-8.75650531092966,-8.75650531092966,0.0,0.03020966323431651,-2.5295266085013455,3.5879213728130552,6.2269787024283145,0.02787080564849976,0.4958480505503856,6.189907844257524
46,192,1.0,6162.856383639467,0.12999763217296886,8.856293279868314,-8.726295647695343,-8.726295647695345,1.7763568394002505e-15,0.12139765672849379,-2.4962020190969914,3.591036298983093,6.230093628598351,0.027891950397996246,0.49569632009031306,6.191587361055142
46,193,1.0,5458.329071094469,0.2437073409091234,8.848605331875973,-8.60489799096685,-8.60489799096685,0.0,-0.047561730278662395,-2.376225777836376,3.5896148835152135,6.228672213130474,0.02797915527533784,0.49545682940755037,6.188073231146625
46,194,1.0,5724.20939100773,0.1987078018281231,8.851167523073634,-8.652459721245512,-8.652459721245512,0.0,-0.005316819243342152,-2.4239341668362715,3.5894682247939818,6.22852555440924,0.027936701696492056,0.49551258741505644,6.1884300325425246
46,195,1.0,5754.725028829874,0.19150826344037752,8.84928480392923,-8.657776540488854,-8.657776540488852,1.7763568394002505e-15,0.036259797303141994,-2.4294388966226683,3.5892803142509258,6.228337643866184,0.02787204894633079,0.49548629255054527,6.188021708960149
46,196,1.0,5549.797630960604,0.2230371100074204,8.84455385319313,-8.621516743185712,-8.62151674318571,1.7763568394002505e-15,-0.007512793094026193,-2.393350661551678,3.5891087520187748,6.2281660816340345,0.0279240017861711,0.49535359375205384,6.186675743474396
46,197,1.0,5591.649126239548,0.21661324885449157,8.845642785134228,-8.629029536279738,-8.629029536279736,1.7763568394002505e-15,-0.006726205457345813,-2.404657213862874,3.5853149928016044,6.224372322416863,0.02800668470837774,0.4953382455577081,6.182818612433858
46,198,1.0,5629.386479428005,0.20607127793188768,8.841827019668973,-8.635755741737084,-8.635755741737086,1.7763568394002505e-15,-0.03957616381953777,-2.4087005482380563,3.587997863883768,6.227055193499027,0.027916407206999658,0.49529454197133665,6.185067755411867
46,199,1.0,5856.643316438503,0.1684474553705123,8.843779360927137,-8.675331905556622,-8.675331905556625,3.552713678800501e-15,0.0846139262209018,-2.450767199444438,3.585507376496927,6.224564706112186,0.027943760130479074,0.4953187869485271,6.182820304737355
46,200,1.0,5381.476077301869,0.2473385746016774,8.838056553937395,-8.59071797933572,-8.590717979335718,1.7763568394002505e-15,0.03222116175463796,-2.3670036327629753,3.5846570169574834,6.223714346572741,0.028022962117528402,0.4951332127561037,6.180351834877717
46,201,1.0,5210.842435665273,0.2756218175852246,8.834118635166309,-8.558496817581082,-8.558496817581084,1.7763568394002505e-15,-0.006880649295057495,-2.3346570509380755,3.5847824370277475,6.223839766643006,0.028089676483903543,0.4950322876952193,6.179583404049504
46,202,1.0,5246.820047720836,0.2676256665882825,8.83300313346442,-8.56537746687614,-8.565377466876138,1.7763568394002505e-15,0.028650520274446478,-2.3427318160848416,3.583588321176039,6.222645650791298,0.02808921105641394,0.4950076271558001,6.178203397187386
46,203,1.0,5098.628936563929,0.2914889738066387,8.828215920408333,-8.536726946601693,-8.536726946601695,1.7763568394002505e-15,0.012398521110684513,-2.313749916841665,3.5839197001447687,6.222977029760029,0.028127745083164127,0.49488780411617106,6.177478171724917
46,204,1.0,5035.803752549495,0.3002457120045331,8.824574137495544,-8.524328425491008,-8.52432842549101,1.7763568394002505e-15,0.03109904678442632,-2.301500419993391,3.58377067588236,6.222828005497619,0.028188295759153666,0.49479145173335837,6.176462484011646
46,205,1.0,4881.605197657945,0.3269437364599258,8.820173115166508,-8.493229378706582,-8.493229378706582,0.0,-0.048234374900012256,-2.270064246875638,3.5841078022156867,6.223165131830946,0.028277012800051397,0.49465420067465654,6.175549429051541
46,206,1.0,5122.83744808498,0.27935420777886233,8.820817961385458,-8.541463753606594,-8.541463753606596,1.7763568394002505e-15,-0.04430842675783886,-2.318886133215243,3.583520290776093,6.222577620391353,0.028209627856134584,0.49468212360453584,6.175232954859612
46,207,1.0,5354.926088029329,0.2358619984720123,8.821634178836447,-8.585772180364433,-8.585772180364435,1.7763568394002505e-15,-0.033110001752506335,-2.3632653719883074,3.5834494787608695,6.222506808376129,0.02817709827959767,0.4947008824347974,6.175321381340694
46,208,1.0,5535.195593608037,0.20249723012665102,8.82137941224359,-8.61888218211694,-8.61888218211694,0.0,0.03760315245025048,-2.3972724828474568,3.5825523696542234,6.221609699269483,0.02815975077538871,0.49470781688640425,6.174495115149467
46,209,1.0,5330.919570977701,0.23726450181107828,8.818543531477765,-8.581279029666689,-8.581279029666687,1.7763568394002505e-15,-0.011601928438073728,-2.359998965655904,3.582222734395524,6.221280064010783,0.028204655414645757,0.4946224481001735,6.173418786223001
46,210,1.0,5393.1286934408035,0.22495035635479999,8.81783131445956,-8.592880958104763,-8.592880958104761,1.7763568394002505e-15,-0.022459864275750974,-2.372328764818661,3.581494863670843,6.220552193286101,0.028131515231317288,0.4946026768372059,6.172543724596208
46,211,1.0,5515.628142940546,0.20220503957143668,8.817545861951952,-8.615340822380514,-8.615340822380515,1.7763568394002505e-15,-0.03374254835111934,-2.394233224137807,3.5820502686274476,6.221107598242706,0.028079375873962694,0.4946213932067511,6.1732847885464865
46,212,1.0,5704.9150442568425,0.169530465115475,8.81861383584711,-8.649083370731633,-8.649083370731635,1.7763568394002505e-15,-0.0536481649504168,-2.429438388466329,3.5805876526500455,6.2196449822653035,0.028015487543156293,0.4946723968117642,6.172323474553319
46,213,1.0,6019.331801309268,0.11753784914391761,8.820269384825966,-8.70273153568205,-8.702731535682048,1.7763568394002505e-15,-0.02674129745908793,-2.4816010909285113,3.582073115138278,6.221130444753537,0.027950988763845722,0.49475220428643135,6.17448091463578
46,214,1.0,6182.468059714469,0.09024697803958251,8.819719811180718,-8.729472833141138,-8.729472833141136,1.7763568394002505e-15,-0.018330466546260027,-2.5090613698716053,3.581354133654273,6.220411463269531,0.027924713712302287,0.4947371595384348,6.173638632983352
46,215,1.0,6296.8406324946445,0.0697761639007024,8.8175794635881,-8.747803299687398,-8.747803299687398,0.0,0.02576735798225549,-2.527355575533346,3.5813903945387926,6.2204477241540514,0.02798980735872937,0.4947385978067629,6.1736932758907175
46,216,1.0,6136.660260886756,0.09239006435611818,8.814426006061261,-8.722035941705142,-8.722035941705142,0.0,0.08070329876733062,-2.502171085739732,3.5808075263501515,6.219864855965411,0.028005762301169634,0.49462031328189054,6.1720866844437765
46,217,1.0,5660.868716711728,0.16726749619117748,8.808600139128988,-8.641332642937812,-8.64133264293781,1.7763568394002505e-15,-0.05576478726434786,-2.422685594863849,3.579589718458705,6.218647048073963,0.02812440565084388,0.49437905908436597,6.168760303649244
46,218,1.0,5985.513608113978,0.11136822760722706,8.808465657809386,-8.69709743020216,-8.697097430202158,1.7763568394002505e-15,0.06580934289285878,-2.4764495417057297,3.5815905588811705,6.22064788849643,0.028153210926276012,0.49440033499707725,6.1709154327310065
46,219,1.0,5604.292423522107,0.1737197692003786,8.805007856509677,-8.6312880873093,-8.631288087309299,1.7763568394002505e-15,-0.023182123061353366,-2.4136156990805886,3.5786150586134533,6.217672388228713,0.02819237237234828,0.49422971864655707,6.166477495295312
46,220,1.0,5735.729428312851,0.1494487797332448,8.803918990103899,-8.654470210370654,-8.654470210370654,0.0,0.06895273975144,-2.436333099227369,3.579079781528026,6.218137111143284,0.028181584252269496,0.49424088018138845,6.167042133408374
46,221,1.0,5353.562309860939,0.20933773954374313,8.794855210162956,-8.585517470619214,-8.585517470619212,1.7763568394002505e-15,0.0019587932606661695,-2.3648635178495687,3.5815966231543865,6.220653952769646,0.028298493427230557,0.4940245713578798,6.1675840645911775
46,222,1.0,5343.086051849293,0.21044281617411614,8.794001493532663,-8.583558677358548,-8.583558677358548,0.0,-0.01617682015739952,-2.365963539749104,3.578537807994185,6.217595137609444,0.028233777000453663,0.49394901839808075,6.163933665343362
46,223,1.0,5430.223093895487,0.1925259657125026,8.792261463228451,-8.599735497515947,-8.59973549751595,1.7763568394002505e-15,-0.010700822280508504,-2.3805579308449225,3.580120237055766,6.219177566671028,0.028229838422942275,0.4939113001260871,6.165156901358222
46,224,1.0,5488.642959005063,0.1789925944416358,8.789428914238094,-8.610436319796456,-8.610436319796458,1.7763568394002505e-15,-0.013781741760020338,-2.3893491792705563,3.5820298109106403,6.221087140525901,0.02823378749170376,0.4938466738270755,6.166442498612404
46,225,1.0,5564.809668272512,0.16492985194418025,8.78914791350066,-8.624218061556476,-8.62421806155648,3.552713678800501e-15,-0.0459621166863986,-2.4048753542387358,3.5802853777024817,6.2193427073177405,0.02821448767496181,0.49382240664469057,6.164525794172435
46,226,1.0,5826.549072327165,0.11740936171076594,8.78758953995364,-8.670180178242875,-8.670180178242873,1.7763568394002505e-15,0.03598241997699603,-2.450456609924868,3.5806662387027504,6.21972356831801,0.028195867137399837,0.49380926845718986,6.1647693393918965
46,227,1.0,5620.622816933369,0.14909383366647488,8.783291591932354,-8.634197758265879,-8.634197758265879,0.0,0.06344862020655029,-2.4136817242687862,3.581458704381834,6.220516033997092,0.02827642534744851,0.493693486067599,6.1645240733182876
46,228,1.0,5275.080073604695,0.20466118054414234,8.77541031860347,-8.570749138059329,-8.570749138059327,1.7763568394002505e-15,-0.0024048872442019587,-2.3492963138496874,3.5823954945943823,6.221452824209641,0.028267154290557803,0.49346748815096003,6.163452247858094
46,229,1.0,5287.781312788447,0.19989676358262004,8.77305078888615,-8.57315402530353,-8.57315402530353,0.0,0.0036747063432187588,-2.352449086802531,3.5816476088857407,6.220704938500999,0.02832283260634294,0.4933535660008865,6.161694647576894
46,230,1.0,5268.385927255322,0.20248915256295272,8.771968471523264,-8.569479318960312,-8.569479318960312,0.0,-0.01293591366060376,-2.351897541680068,3.578524447664985,6.217581777280244,0.028322579594270803,0.4932651607808181,6.1578484834703575
46,231,1.0,5336.980019840962,0.18808197406732846,8.770497206688246,-8.582415232620916,-8.582415232620917,1.7763568394002505e-15,-0.034922429744637995,-2.366636691685699,3.576721211319957,6.215778540935214,0.02837858190707654,0.49319983471692935,6.155501645921693
46,232,1.0,5526.652973506892,0.1532492379209751,8.770586900286531,-8.617337662365554,-8.617337662365557,3.552713678800501e-15,0.018429769173481603,-2.4038030539744613,3.574477278775834,6.213534608391092,0.028318073465685385,0.493211005439362,6.153424172027278
46,233,1.0,5425.730876928871,0.16772556801138894,8.76663346120346,-8.598907893192072,-8.59890789319207,1.7763568394002505e-15,-0.03246221579431996,-2.387587463533324,3.57226310004349,6.211320429658748,0.028318997735407036,0.49310619142193585,6.150355944936921
46,234,1.0,5604.7521158377,0.1326340594929784,8.764004168479369,-8.631370108986392,-8.63137010898639,1.7763568394002505e-15,-0.03754083571406319,-2.419387663897203,3.57292511547393,6.211982445089189,0.028275646125994515,0.4930774375088467,6.150744006376172
46,235,1.0,5819.15851197371,0.09236178541121871,8.76127273011167,-8.668910944700455,-8.668910944700452,3.552713678800501e-15,-0.033783610639789075,-2.4563253245390486,3.573528290546147,6.2125856201614065,0.028285984056188877,0.4930493214879368,6.151091565761212
46,236,1.0,6019.10920847762,0.05754398902653944,8.760238544366784,-8.702694555340244,-8.702694555340244,0.0,0.07333436028851459,-2.491932226438581,3.5717049992864047,6.210762328901664,0.028269042155123582,0.4930358391862451,6.149196763286442
46,237,1.0,5593.498359788835,0.1278614138307227,8.75722160888245,-8.62936019505173,-8.629360195051728,1.7763568394002505e-15,0.03725609841088762,-2.418468049505974,3.571834815930495,6.210892145545755,0.02836965211307483,0.4928282477618293,6.147485136267512
46,238,1.0,5388.940606581184,0.1600900074158275,8.75219410405667,-8.592104096640842,-8.592104096640842,0.0,-0.002857450705400666,-2.3808210168013484,3.5722257502242343,6.211283079839492,0.02841764144949624,0.4926713050007143,6.1465022099370525
46,239,1.0,5404.361260104966,0.15484431956505823,8.749805866911302,-8.594961547346243,-8.594961547346244,1.7763568394002505e-15,-0.025669612356656657,-2.3841823509714595,3.571721866759525,6.2107791963747845,0.028439426226725815,0.49260670190139827,6.1454479221810985
46,240,1.0,5544.884997440294,0.12792311285297334,8.748554272555873,-8.6206311597029,-8.6206311597029,0.0,-0.017929922477160076,-2.410706187846384,3.570867642241256,6.209924971856515,0.028415219027675857,0.49258985313517745,6.1444711509289665
46,241,1.0,5645.20099716939,0.10575634124767305,8.744317423427734,-8.63856108218006,-8.638561082180061,1.7763568394002505e-15,0.004417227520727707,-2.4279465341250868,3.5715572184397155,6.210614548054975,0.028357852677184932,0.49252541432127434,6.144616123074416
46,242,1.0,5620.3198532579845,0.10705824169469114,8.741202096354023,-8.634143854659332,-8.634143854659332,0.0,-0.011921503362989583,-2.4230035403962034,3.5720829846478694,6.211140314263128,0.028395822676676678,0.49243038726056465,6.144298197007053
46,243,1.0,5687.723493356254,0.09137416437426665,8.737439522396588,-8.646065358022321,-8.646065358022321,0.0,0.030798968227127688,-2.434527903251136,3.5724801251559266,6.211537454771185,0.028310126601689585,0.4923983038115746,6.144431530831796
46,244,1.0,5515.217615756692,0.11778401313785153,8.73305040293305,-8.615266389795194,-8.615266389795197,3.552713678800501e-15,-0.013581799596305899,-2.4062402033205315,3.569968856859405,6.209026186474665,0.028373630285809536,0.49225198115151547,6.140707922606633
46,245,1.0,5590.635190010249,0.10247829092089872,8.731326480312397,-8.6288481893915,-8.628848189391498,1.7763568394002505e-15,0.028799330484474694,-2.4198255764938543,3.5699652832823867,6.209022612897646,0.02838736740940341,0.492225838975934,6.140478554959358
46,246,1.0,5431.924982797258,0.12831814440633263,8.728367003313355,-8.600048858907025,-8.600048858907023,1.7763568394002505e-15,-0.08613043685724975,-2.3920587700721674,3.568932759219598,6.2079900888348565,0.028458443910084005,0.4920771637388726,6.138149173788888
46,247,1.0,5920.518424584778,0.04087345585900129,8.727052751623276,-8.686179295764274,-8.686179295764274,0.0,-0.028693320866661765,-2.478757374284737,3.5683645918642783,6.207421921479537,0.028440880546468546,0.4921555572595611,6.138219746844709
46,248,1.0,6092.858439212709,0.007822503823430957,8.722695120454368,-8.714872616630936,-8.714872616630938,1.7763568394002505e-15,-0.018863117969875276,-2.5070365041694194,3.568778782846258,6.207836112461516,0.02839020284297281,0.49213163090461937,6.138425896025132
46,249,1.0,6208.879566659834,-0.015063502960570047,8.718672231640241,-8.733735734600812,-8.733735734600812,0.0,-0.07787885141732787,-2.5251388652378917,3.569539539747661,6.20859686936292,0.028394820431722922,0.492073058575548,6.138664074972608
46,250,1.0,6711.74721655102,-0.09430873116437616,8.717305854853763,-8.81161458601814,-8.81161458601814,0.0,-0.005213812851426525,-2.6021442932458876,3.570412963156993,6.209470292772251,0.02836654888409002,0.49214103334457565,6.140043182431259
46,251,1.0,6746.83239474153,-0.10250552911023827,8.714322869759327,-8.816828398869566,-8.816828398869566,0.0,-0.019469199032053908,-2.6100474280110544,3.5677236412432523,6.206780970858511,0.02836017519782071,0.4920992974892557,6.137021843554138
46,252,1.0,6879.474848826153,-0.12637436488981085,8.709923233011807,-8.83629759790162,-8.836297597901618,1.7763568394002505e-15,0.03862662917465265,-2.629438237427743,3.567802030858617,6.206859360473877,0.028371371120074394,0.49204222412667964,6.13652770821276
46,253,1.0,6618.810623905821,-0.08813614427709586,8.709534824449868,-8.797670968726967,-8.797670968726964,3.552713678800501e-15,-0.050195116321367195,-2.5932211901070126,3.5653924490046967,6.204449778619955,0.02840140111685282,0.4919115306454128,6.133103740822015
46,254,1.0,6959.522085179273,-0.14213294878375188,8.705733136264582,-8.847866085048334,-8.847866085048334,0.0,0.11126062734923181,-2.6415257837582815,3.5672829716747936,6.206340301290053,0.028410293855173692,0.49194593682116816,6.135212945166863
46,255,1.0,6226.72292226619,-0.03558877358948379,8.701016684109621,-8.736605457699103,-8.736605457699106,3.552713678800501e-15,-0.009804061180386014,-2.5308353562031707,3.5667127718806735,6.205770101495931,0.02838817182933545,0.4916782988408779,6.132475487171068
46,256,1.0,6288.070330229875,-0.05017936756792528,8.696230151311564,-8.746409518879489,-8.746409518879489,0.0,0.02103984701185624,-2.538149813161696,3.569202376102534,6.2082597057177935,0.028302300972968823,0.49160361280093795,6.134268072932741
46,257,1.0,6157.152368896021,-0.03289503902768039,8.69247463283995,-8.725369671867632,-8.72536967186763,1.7763568394002505e-15,0.0039589306256502255,-2.515950813738691,3.5703615285136827,6.2094188581289425,0.028361060773081107,0.49144052830775087,6.133974532000557
46,258,1.0,6132.824817134922,-0.03170187569028999,8.68970886555169,-8.721410741241982,-8.72141074124198,1.7763568394002505e-15,0.019407364270595195,-2.5135411241576624,3.568812287469061,6.20786961708432,0.028403759393447522,0.4913628343282025,6.131795863892515
46,259,1.0,6014.950367808852,-0.016108799702391027,8.685894577268996,-8.702003376971387,-8.702003376971387,0.0,0.04043740452733857,-2.494044029185038,3.56890201817109,6.207959347786349,0.028419713585530967,0.49129777865349017,6.131357997621715
46,260,1.0,5776.573538322506,0.02229965326527633,8.683865625709327,-8.661565972444048,-8.66156597244405,1.7763568394002505e-15,0.023114152042895242,-2.455157311035027,3.5673513317937626,6.2064086614090215,0.028453310986539256,0.4911197806811695,6.128300712163929
46,261,1.0,5644.5842261615135,0.04358487205404721,8.682036692455203,-8.638451820401153,-8.638451820401155,1.7763568394002505e-15,0.02142484528334876,-2.4336956095720903,3.565698881213804,6.204756210829062,0.028493499032917022,0.4909844591582095,6.12552457926766
46,262,1.0,5524.93617961208,0.05960209562817839,8.676629070745983,-8.617026975117804,-8.617026975117804,0.0,-0.029987426085876123,-2.4132469539142094,3.564722691588337,6.203780021203596,0.028527822224617323,0.4908702089760085,6.123578374870985
46,263,1.0,5693.123950783378,0.0242175886951035,8.671231989898782,-8.64701440120368,-8.647014401203679,1.7763568394002505e-15,0.04200375277536139,-2.445480243195403,3.562476828393017,6.201534158008276,0.028475642357662236,0.4908131566716994,6.1208694711754745
46,264,1.0,5458.944027230535,0.06286763835138715,8.667878286779708,-8.605010648428319,-8.60501064842832,1.7763568394002505e-15,0.02140878136995461,-2.4044181138793173,3.561535204933743,6.200592534549002,0.028523761315029806,0.4906180619813909,6.118276669758582
46,265,1.0,5343.3168231154095,0.08022512888320932,8.663826995941577,-8.583601867058364,-8.583601867058368,3.552713678800501e-15,0.027801604055476048,-2.382654934874067,3.56188960256904,6.2009469321843,0.02853340179434628,0.4904896554214115,6.1175351091797925
46,266,1.0,5196.810042698821,0.10355283168550704,8.659353094688393,-8.555800263002888,-8.555800263002887,1.7763568394002505e-15,0.004560263110686691,-2.3544691594235476,3.562273773964083,6.201331103579342,0.028576325471308606,0.4903366882743635,6.11659560977074
46,267,1.0,5173.16517595119,0.10499864729589103,8.656238647188093,-8.551239999892202,-8.551239999892202,0.0,-0.015317082662027914,-2.349990022497209,3.562192647779734,6.201249977394993,0.02859162427337107,0.49024311636344026,6.115704099314447
46,268,1.0,5253.012930802124,0.08895543152035124,8.655512514074577,-8.56655708255423,-8.566557082554226,3.552713678800501e-15,-0.08493659935303732,-2.366594111089777,3.5609056418491947,6.199962971464453,0.02858720050723988,0.49022329537423703,6.114246587438465
46,269,1.0,5718.682249703468,0.0008268702423577662,8.652320552149625,-8.651493681907267,-8.651493681907267,0.0,0.021922391995962798,-2.4530839197412817,3.5593524325507273,6.198409762165985,0.028581017973256077,0.49032131363541365,6.1134998926832225
46,270,1.0,5594.67924317445,0.02005900107412606,8.64963029098543,-8.629571289911304,-8.629571289911304,0.0,0.027321548999234224,-2.4306102031875048,3.55990375710854,6.198961086723799,0.028603726786712802,0.49022719608217724,6.113253218200698
46,271,1.0,5443.893174202161,0.04280852973672942,8.645058270648796,-8.60224974091207,-8.602249740912066,3.552713678800501e-15,-0.01832450725589041,-2.40595852243027,3.5572338888665405,6.196291218481798,0.028692182431050928,0.48999856596742214,6.108691726116552
46,272,1.0,5544.569438503588,0.019946781838418783,8.64052103000638,-8.62057424816796,-8.62057424816796,0.0,0.04370122617038419,-2.4236722572729374,3.5578446612797636,6.1969019908950225,0.028674725475103968,0.489948872794215,6.108837720620024
46,273,1.0,5307.483166866721,0.061551964981031465,8.63842498697861,-8.576873021997576,-8.576873021997578,1.7763568394002505e-15,-0.08228673697878719,-2.379853836317973,3.557961856064345,6.197019185679605,0.028741880211063955,0.4898036908799194,6.107754861019827
46,274,1.0,5762.690578658141,-0.023387692906019386,8.635772066070343,-8.659159758976363,-8.659159758976363,0.0,-0.009659757201784913,-2.463014196315203,3.5570882330458997,6.196145562661158,0.028715515951216703,0.4899102946944218,6.1077386108993315
46,275,1.0,5818.626499230831,-0.03825978391435278,8.630559732263794,-8.668819516178148,-8.668819516178147,1.7763568394002505e-15,-0.004400119419704751,-2.4715378067746867,3.558224379788203,6.197281709403462,0.02879147578818321,0.48981866954142655,6.108134639250798
46,276,1.0,5844.285560754706,-0.04489829338475164,8.628321342213102,-8.673219635597853,-8.673219635597853,0.0,-0.03748316440021782,-2.474635772556114,3.5595265334264803,6.19858386304174,0.02880462991732276,0.4897602026219294,6.108892937155624
46,277,1.0,6067.505232597961,-0.08539667647919336,8.625306123518877,-8.71070279999807,-8.71070279999807,0.0,-0.05367403491393574,-2.5110327095996285,3.560612760783183,6.199670090398441,0.028845628932893528,0.4897746342500812,6.110053643792669
46,278,1.0,6402.071154670251,-0.14356423117116984,8.620812603740836,-8.764376834912007,-8.764376834912007,0.0,-0.046028485824782805,-2.565073795008101,3.5602457102886453,6.199303039903905,0.028828451729755577,0.4897816137336284,6.109655121503152
46,279,1.0,6703.635839056892,-0.19323180268798346,8.617173518048805,-8.81040532073679,-8.810405320736788,1.7763568394002505e-15,0.02425670471536634,-2.612281603115334,3.559066388006197,6.198123717621456,0.02881439660878453,0.48978787362273424,6.108449209984525
46,280,1.0,6542.984042634931,-0.17117432420375578,8.614974291817667,-8.786148616021423,-8.786148616021423,0.0,-0.010327630009404842,-2.589088935100604,3.5580023513055603,6.1970596809208205,0.028804878913633723,0.4896651658790955,6.106411285361333
46,281,1.0,6610.907702471815,-0.18756438413219156,8.608911861898637,-8.796476246030828,-8.796476246030828,0.0,0.029504927671837322,-2.599557518330548,3.5578613980850204,6.196918727700278,0.02879701996919107,0.48958606382227576,6.105542753729755
46,282,1.0,6418.702788227001,-0.16242767407614717,8.604543644282845,-8.76697131835899,-8.766971318358992,1.7763568394002505e-15,0.08995753845188403,-2.5705768318285087,3.557337156915223,6.196394486530481,0.028864461122632894,0.48939067949299037,6.103429362784909
46,283,1.0,5866.501742605531,-0.0727361412965881,8.60427763861052,-8.677013779907107,-8.677013779907108,1.7763568394002505e-15,0.024146314314043238,-2.4825421491177155,3.5554143011741317,6.19447163078939,0.028868064636693155,0.4891444154724653,6.099559861887493
46,284,1.0,5726.543880936304,-0.052084682636800494,8.600782782956264,-8.652867465593063,-8.652867465593065,1.7763568394002505e-15,-0.0019007203235155146,-2.4595688484494644,3.5542412875283405,6.193298617143599,0.02889528698989173,0.4889801895358656,6.097043186834556
46,285,1.0,5737.43879008189,-0.05843007607625307,8.596338109840328,-8.654768185916579,-8.65476818591658,1.7763568394002505e-15,-0.0029480113414166453,-2.460594471291532,3.55511638500979,6.194173714625049,0.02894668430936934,0.4889091436807062,6.09728157419862
46,286,1.0,5754.377780606084,-0.06488760086853058,8.592828596389467,-8.657716197257995,-8.657716197257997,1.7763568394002505e-15,0.012078950783267928,-2.463418116937183,3.5552407507055537,6.194298080320812,0.028970560224839362,0.4888084753079316,6.096523164911251
46,287,1.0,5685.289034396404,-0.052903357490067277,8.592733888984661,-8.645637246474728,-8.645637246474728,0.0,-0.012343417623956299,-2.4549754961298627,3.551604420729606,6.190661750344864,0.028932867752641183,0.4886740177088293,6.091792493387154
46,288,1.0,5755.8998239739785,-0.06945242082639029,8.588528243272293,-8.657980664098684,-8.657980664098684,0.0,0.021063310241178357,-2.4688621966518505,3.5500611378315754,6.189118467446833,0.028920344890546467,0.48852801972159754,6.088981890938631
46,289,1.0,5635.929442449893,-0.052383411723487386,8.584533942134017,-8.636917353857505,-8.636917353857505,0.0,-0.04553006335234322,-2.447297770496269,3.550562253745977,6.189619583361235,0.02894130495257232,0.4884096098014858,6.088466694740226
46,290,1.0,5898.464944893694,-0.10218137384128832,8.580266043368557,-8.682447417209849,-8.682447417209845,3.552713678800501e-15,0.009963280187518464,-2.4937275949115336,3.549662492683058,6.188719822298316,0.02889936139057898,0.488392795614079,6.087349275348166
46,291,1.0,5839.988677419315,-0.09376098741110896,8.578723149611221,-8.67248413702233,-8.67248413702233,0.0,0.0041438898503685095,-2.4846568117742094,3.548769995632862,6.187827325248121,0.028940242375408633,0.4882673972191442,6.085453388403557
46,292,1.0,5815.83848005014,-0.09275421221083929,8.575586034961125,-8.668340247171962,-8.668340247171963,1.7763568394002505e-15,0.04058577524209639,-2.480714559007126,3.548568358549577,6.187625688164836,0.02891225836821505,0.48821197451131504,6.084779953175419
46,293,1.0,5584.523957271485,-0.055224300044278016,8.572530171885589,-8.627754471929865,-8.627754471929867,1.7763568394002505e-15,0.027479662611023414,-2.4408128486801703,3.5478842936344357,6.186941623249695,0.02893679772641974,0.4880522760459082,6.082813073780757
46,294,1.0,5433.152467154154,-0.031126964432156207,8.569147844886686,-8.600274809318842,-8.600274809318842,0.0,0.02444306892613035,-2.411757166330123,3.549460313373459,6.188517642988718,0.028933149997333735,0.48790406147151993,6.083099482663479
46,295,1.0,5301.959458643909,-0.007275177867920202,8.56855656252479,-8.575831740392712,-8.57583174039271,1.7763568394002505e-15,0.034784511389784,-2.3879060340512317,3.548868376726221,6.18792570634148,0.029032158693626783,0.4877782486395719,6.081471581880829
46,296,1.0,5120.704104573135,0.028432631001580666,8.569479860004508,-8.541047229002928,-8.541047229002928,0.0,-0.04153417861947517,-2.3541188628208176,3.547871036566851,6.1869283661821095,0.029074363706579637,0.48764146068964054,6.0793522177725
46,297,1.0,5337.866966195812,-0.020705764813960872,8.561875642808442,-8.582581407622403,-8.582581407622403,0.0,0.03795750432904654,-2.394815522119242,3.548708555887902,6.187765885503161,0.029046456000218716,0.48754411577815676,6.079243075417407
46,298,1.0,5139.051987934451,0.014395059445083104,8.559018962738435,-8.544623903293356,-8.54462390329335,5.329070518200751e-15,-0.030035560189947574,-2.3574200099449714,3.5481465637331264,6.187203893348387,0.02914519609541568,0.48735920476470596,6.077117939069875
46,299,1.0,5295.747735637016,-0.017595906627792007,8.557063556855514,-8.574659463483304,-8.574659463483306,1.7763568394002505e-15,0.02931290142709919,-2.387990525955583,3.5476116079124616,6.18666893752772,0.0291506673246788,0.4873527606511919,6.076557538461097
46,300,1.0,5142.767111107747,0.010308437875008132,8.555654999931214,-8.545346562056205,-8.545346562056206,1.7763568394002505e-15,-0.024951932501844354,-2.35870813463972,3.5475810978012254,6.186638427416485,0.02918770304527462,0.48720024935981265,6.075242228934168
46,301,1.0,5272.703428600826,-0.02092692405510295,8.549371570502945,-8.570298494558049,-8.570298494558049,0.0,0.009708344548847947,-2.3823609333463325,3.5488802315964576,6.187937561211718,0.029230978681154037,0.48708667940261713,6.0755042064026465
46,302,1.0,5221.761886146108,-0.01570476241719633,8.544885387592004,-8.560590150009201,-8.5605901500092,1.7763568394002505e-15,-0.025443508390647906,-2.3743777375266846,3.5471550828672576,6.186212412482518,0.02922890333013672,0.4869810380656129,6.073003431679721
46,303,1.0,5356.3264666587675,-0.04441645057731927,8.54161720782253,-8.586033658399849,-8.586033658399849,0.0,-0.01970643474875544,-2.4013052177527987,3.5456711110317913,6.18472844064705,0.02919224884203163,0.48699919247111,6.071754813457816
46,304,1.0,5462.927477806396,-0.07030893861175347,8.535431154536852,-8.605740093148604,-8.605740093148604,0.0,-0.037768530736732586,-2.421374912200115,3.5453078513332303,6.184365180948489,0.029179201635231314,0.4869142557567579,6.070670365266744
46,305,1.0,5673.200070715788,-0.1121740261379392,8.5313345977474,-8.643508623885337,-8.643508623885339,1.7763568394002505e-15,0.02625418462188911,-2.458771111426749,3.54568018284333,6.1847375124585895,0.02916704784166882,0.4868514247335268,6.070423326170592
46,306,1.0,5526.193047440675,-0.09015458709469006,8.527099852168757,-8.617254439263448,-8.617254439263446,1.7763568394002505e-15,0.010520901149783768,-2.4323332158475117,3.5458638938006772,6.184921223415936,0.02918948361905603,0.4866928881215361,6.06928655071503
46,307,1.0,5468.357292268056,-0.08179812398060027,8.524935414133065,-8.606733538113664,-8.606733538113666,1.7763568394002505e-15,0.02373002706415761,-2.4209332620666517,3.546742946431753,6.185800276047011,0.029256939172654494,0.48652985471758725,6.068722407472737
46,308,1.0,5340.120573729939,-0.06375485017786801,8.51924866087164,-8.583003511049506,-8.583003511049508,1.7763568394002505e-15,0.012951527926407636,-2.3959546902141766,3.54799149122007,6.187048820835329,0.02923851385310836,0.48640413570698915,6.06893060076474
46,309,1.0,5271.403807104941,-0.05330000636862005,8.51675197675448,-8.570051983123099,-8.570051983123099,0.0,-0.008299426209374516,-2.3850872255841513,3.5459074279236886,6.184964757538948,0.02924353793430422,0.48626851467492704,6.065782361073156
46,310,1.0,5315.335485714973,-0.06651536954958387,8.51183603978289,-8.578351409332473,-8.578351409332475,1.7763568394002505e-15,-0.06239406391626012,-2.3959119281975667,3.5433821515196477,6.182439481134907,0.029328148873283354,0.48611565775794546,6.062044118437645
46,311,1.0,5657.545801840339,-0.13699904066521085,8.503746432583526,-8.640745473248733,-8.640745473248737,3.552713678800501e-15,-0.011448716276129645,-2.457522483234935,3.5441656603985385,6.183222990013798,0.029324352074030172,0.4861030725860425,6.062571513786129
46,312,1.0,5722.689633619606,-0.15291751739737935,8.49927667212748,-8.652194189524863,-8.65219418952486,3.552713678800501e-15,-0.025275993041784517,-2.47007824640865,3.5430586135009547,6.182115943116214,0.029311013409525327,0.48600098150446897,6.060609548881826
46,313,1.0,5869.179840702118,-0.18345455645479963,8.494015626111848,-8.677470182566648,-8.677470182566648,0.0,0.006546820878677195,-2.4954113849175252,3.5430014680338635,6.182058797649121,0.02926311513888038,0.4859686809036548,6.0601563766763045
46,314,1.0,5830.880876602985,-0.18065336352026565,8.490269998167705,-8.67092336168797,-8.67092336168797,0.0,0.02973073803560311,-2.4878674909324268,3.5439985411402843,6.1830558707555445,0.029240915437338158,0.48580934163194706,6.059764248052448
46,315,1.0,5660.076141408231,-0.15083227559413964,8.490360348058225,-8.641192623652367,-8.641192623652364,3.552713678800501e-15,0.041381745582016904,-2.4571046811407977,3.54503061289631,6.184087942511572,0.029228456226610605,0.4856511790777736,6.059439275653505
46,316,1.0,5430.63244255111,-0.10709668411666841,8.492714193953685,-8.59981087807035,-8.599810878070352,1.7763568394002505e-15,-0.03128687782529127,-2.415683264570972,3.5450702838841193,6.184127613499379,0.029336486370832665,0.4854481579847756,6.057800092159533
46,317,1.0,5603.225852126825,-0.14736164167227933,8.483736114223364,-8.631097755895642,-8.631097755895643,1.7763568394002505e-15,-0.024487601088090116,-2.4497835228768596,3.542256903403523,6.181314233018782,0.029386195082625775,0.4853553082286404,6.054257412739944
46,318,1.0,5742.1291752232055,-0.17534744201919944,8.480237914964533,-8.655585356983732,-8.655585356983734,1.7763568394002505e-15,-0.016202311245567813,-2.47484973867279,3.541678288695683,6.180735618310941,0.02938129341259242,0.4853304886080077,6.053418748251857
46,319,1.0,5835.9227236231545,-0.19792029739907696,8.473867370830224,-8.6717876682293,-8.671787668229301,1.7763568394002505e-15,0.0027274415349509695,-2.4911057453591403,3.541624593254901,6.180681922870159,0.029369850869206356,0.4852420340320973,6.0526134764933035
46,320,1.0,5820.027272402689,-0.19718740577053967,8.471872820923808,-8.669060226694349,-8.669060226694349,0.0,-0.03077143488483003,-2.489407984811307,3.5405949122677827,6.179652241883042,0.029430068202210415,0.485095019097495,6.050353015132446
46,321,1.0,6001.9017815480065,-0.2351205810553706,8.46471108052381,-8.699831661579179,-8.69983166157918,1.7763568394002505e-15,0.047610996641138215,-2.521692574076766,3.5390817578871543,6.178139087502414,0.029437405780977127,0.48499678131837387,6.047933716663969
46,322,1.0,5722.841146197815,-0.18710181358279493,8.465118851355246,-8.65222066493804,-8.65222066493804,0.0,0.021194465979498034,-2.476411030397471,3.536752304925311,6.1758096345405695,0.029521675823834595,0.48476749012957737,6.043766727701372
46,323,1.0,5602.824916791992,-0.1655481218536302,8.465478077104912,-8.631026198958542,-8.631026198958542,0.0,0.007643026312171841,-2.4571268291850634,3.5348420401582206,6.173899369773481,0.029545012870812976,0.48464761048103483,6.040943888808999
46,324,1.0,5560.165609300043,-0.16023203896035093,8.463151133686019,-8.62338317264637,-8.623383172646369,1.7763568394002505e-15,0.039483645082150076,-2.4477653587197787,3.5365604843113334,6.175617813926592,0.029588077780550212,0.48449042824283495,6.041157653993539
46,325,1.0,5344.907554241096,-0.12123951215567849,8.462660015408543,-8.58389952756422,-8.583899527564222,1.7763568394002505e-15,-0.022968646600277864,-2.408039260590671,3.536802937358291,6.17586026697355,0.0296216319858147,0.48429444233446406,6.039811220163059
46,326,1.0,5469.093579862758,-0.1477361288773782,8.459132045287122,-8.606868174164498,-8.6068681741645,1.7763568394002505e-15,-2.13134816871019e-05,-2.4318342642097472,3.5359765803394936,6.175033909954753,0.029559090673638662,0.48430557381977407,6.03910824599925
46,327,1.0,5469.21014653083,-0.15197548712898357,8.454914000517196,-8.606889487646185,-8.606889487646178,7.105427357601002e-15,-0.011516024557092663,-2.4323217642870403,3.5355103937438863,6.174567723359146,0.02955277092986789,0.48420874890157894,6.037870118778199
46,328,1.0,5532.557761139965,-0.17196805695455655,8.44643745524872,-8.618405512203278,-8.618405512203276,1.7763568394002505e-15,-0.03430685428447511,-2.443757232627129,3.5355909499608904,6.174648279576148,0.029578708646548157,0.48408091780778656,6.036754506524727
46,329,1.0,5725.655767978394,-0.21141821473812017,8.441294151749632,-8.652712366487753,-8.652712366487753,0.0,0.032484128693132774,-2.4784113966938612,3.5352436401786327,6.174300969793892,0.029557842653748022,0.4841320906165987,6.03676042995186
46,330,1.0,5542.651291830622,-0.1787741475388771,8.441454090255744,-8.62022823779462,-8.620228237794622,1.7763568394002505e-15,0.02846751354451449,-2.445002621564633,3.536168286614728,6.175225616229986,0.02958503463302721,0.4840049977703693,6.036650218517351
46,331,1.0,5387.090510815644,-0.14950634191859807,8.442254382331509,-8.591760724250106,-8.591760724250108,1.7763568394002505e-15,0.0010389658567611093,-2.417025734409919,3.535677660224928,6.1747349898401875,0.029630466138866374,0.48385446125345705,6.034977412586543
46,332,1.0,5381.4964142485005,-0.1515685042198515,8.43915325417349,-8.590721758393345,-8.590721758393341,3.552713678800501e-15,-0.07271756670443175,-2.4194065000853664,3.5322579286927174,6.171315258307977,0.029648446106459368,0.483790962272712,6.031334306691891
46,333,1.0,5787.405240321043,-0.23520622320181045,8.428233101895968,-8.663439325097777,-8.663439325097778,1.7763568394002505e-15,-0.00642176547157014,-2.491725412780063,3.532656582702454,6.171713912317713,0.029709857296856223,0.48371755357655716,6.03083159150798
46,334,1.0,5824.690188928137,-0.2501387095373963,8.41972238103195,-8.669861090569347,-8.669861090569345,1.7763568394002505e-15,-0.036846993357979585,-2.4990451318495848,3.531758629104503,6.170815958719762,0.029715436869413196,0.48360834565142224,6.02903023321588
46,335,1.0,6043.315619421885,-0.29226782330846957,8.414440260618859,-8.706708083927326,-8.706708083927328,1.7763568394002505e-15,0.02556179266285774,-2.53576126029681,3.531889494015257,6.1709468236305165,0.029730939256195233,0.48355824819678844,6.028563689708214
46,336,1.0,5890.795289791609,-0.26825964381597067,8.412886647448495,-8.681146291264469,-8.681146291264465,3.552713678800501e-15,-0.01933008270623482,-2.5113991419379844,3.5306898197112253,6.169747149326485,0.029754164790044505,0.48338661139581846,6.026036748454047
46,337,1.0,6005.772529624827,-0.28985036640728135,8.410626007563422,-8.700476373970703,-8.700476373970703,0.0,0.04068970238434311,-2.530571080379685,3.5308479639757593,6.169905293591016,0.02977020600266145,0.48333325113665293,6.025746823160594
46,338,1.0,5766.304414710749,-0.24754211937621315,8.412244552210147,-8.65978667158636,-8.65978667158636,0.0,-0.03495847604681224,-2.4913381975370976,3.5293911444340047,6.1684484740492636,0.02978452466520367,0.4831493816568179,6.0229157691748725
46,339,1.0,5971.450535432066,-0.28804182607861584,8.406703321554556,-8.694745147633173,-8.69474514763317,1.7763568394002505e-15,0.039489548711175715,-2.5266947252430483,3.5289930927748676,6.1680504223901265,0.029781636640383784,0.48312385401823443,6.022171010609806
46,340,1.0,5740.235974002492,-0.24706456192472823,8.40819103699727,-8.655255598921997,-8.655255598921999,1.7763568394002505e-15,-0.018722060620840253,-2.488308069762099,3.527890199544639,6.1669475291598985,0.029784270827040805,0.48292007906798073,6.019498341437512
46,341,1.0,5848.717348639542,-0.2673393867668389,8.406638272776,-8.673977659542837,-8.673977659542839,1.7763568394002505e-15,-0.03886540431195051,-2.506270633961523,3.528649695966056,6.167707025581315,0.02982126270434841,0.4828330255278181,6.019386144021948
46,342,1.0,6080.505201467038,-0.3144076815932513,8.398435382261535,-8.712843063854788,-8.712843063854788,0.0,-0.03875648229825224,-2.5454508447995368,3.5283348894399915,6.167392219055251,0.02980144397512768,0.4827915326826675,6.018492853340318
46,343,1.0,6320.790422380399,-0.36678095983170017,8.38481858632134,-8.75159954615304,-8.75159954615304,0.0,0.04852417331653314,-2.5824979190842186,3.530044297453562,6.169101627068822,0.029800352073425067,0.48268517746295986,6.018935120635261
46,344,1.0,6021.40182708306,-0.3163978988005683,8.386677474035935,-8.703075372836507,-8.703075372836503,3.552713678800501e-15,-0.008866227270971194,-2.536597835110414,3.5274202081108337,6.166477537726093,0.02980381440558262,0.48247780204628976,6.0148318678994075
46,345,1.0,6075.026316341771,-0.32840135238025575,8.38354024772722,-8.711941600107478,-8.711941600107476,1.7763568394002505e-15,0.022197820784754185,-2.5451467440719675,3.5277375264202497,6.166794856035509,0.029898891475083268,0.4823151368774527,6.013850064963158
46,346,1.0,5941.659671596155,-0.30768398373023564,8.38205979559249,-8.689743779322724,-8.689743779322725,1.7763568394002505e-15,0.07837136715113502,-2.522494347733974,3.528192101973491,6.1672494315887505,0.02990621748693114,0.4821319727109185,6.012840108654105
46,347,1.0,5493.783241343016,-0.2167435204842294,8.394628891687358,-8.611372412171589,-8.611372412171587,1.7763568394002505e-15,-0.07352092954203826,-2.4459419813319667,3.5263731012243644,6.165430430839622,0.029938007110688596,0.48194930101862204,6.0098506413215835
46,348,1.0,5912.909803152048,-0.3007140252698376,8.384179316443792,-8.684893341713627,-8.684893341713629,1.7763568394002505e-15,0.04585198520023148,-2.5189488294429734,3.5268871826553947,6.165944512270656,0.029917840651972297,0.48197579906276383,6.010277168568594
46,349,1.0,5647.912893489823,-0.2510702844149676,8.387971072098427,-8.639041356513395,-8.639041356513395,0.0,0.008929324795944993,-2.474824128158841,3.525159898739296,6.164217228354554,0.02996921331116027,0.4817891455592809,6.007191478864188
46,350,1.0,5597.705338227524,-0.2502795810155816,8.379832450701867,-8.63011203171745,-8.630112031717449,1.7763568394002505e-15,0.017080592626541602,-2.467271414727715,3.5237832873744748,6.162840616989733,0.029970092861521393,0.4816493906855181,6.00472034976094
46,351,1.0,5502.905140275019,-0.23323965594322954,8.379791783147681,-8.613031439090909,-8.61303143909091,1.7763568394002505e-15,-0.04575235130245758,-2.450964299864291,3.523009809611359,6.162067139226619,0.030010083924307627,0.4814759793343584,6.002564428248371
46,352,1.0,5760.524395281004,-0.2896572978149695,8.369126492578399,-8.658783790393366,-8.658783790393368,1.7763568394002505e-15,-0.022520234124067784,-2.496711830722116,3.523014630055992,6.162071959671251,0.03001229128629217,0.48145825035239787,6.00237596237034
46,353,1.0,5891.724537379925,-0.3203402946523981,8.360963729865038,-8.681304024517434,-8.681304024517436,1.7763568394002505e-15,0.040660644619434194,-2.5190254475294362,3.523221247372739,6.162278576987999,0.02999922656781917,0.4813453604779453,6.001578794629586
46,354,1.0,5656.968233515942,-0.27576520946970073,8.364878170428296,-8.640643379898,-8.640643379897996,3.552713678800501e-15,-0.0008304926781548261,-2.4806410705723034,3.520944979710438,6.160002309325697,0.030012419442003516,0.4811973292587567,5.998319866443865
46,355,1.0,5661.668255611266,-0.2815521078290619,8.359921764747096,-8.641473872576155,-8.641473872576158,3.552713678800501e-15,0.029620873179661444,-2.481632403577925,3.520784139382973,6.1598414689982315,0.030006214386712436,0.4810774182119162,5.997210350774736
46,356,1.0,5496.424117920142,-0.246960314310725,8.364892685085769,-8.611852999396493,-8.611852999396493,0.0,0.024281982220598408,-2.452372113298036,3.5204235564831987,6.159480886098458,0.030011011091625794,0.48094124440730696,5.9958591501866705
46,357,1.0,5364.567395168438,-0.22684722551714104,8.360723791658753,-8.587571017175895,-8.587571017175893,1.7763568394002505e-15,-0.010579701446623346,-2.4285008553106526,3.5200128322499835,6.159070161865244,0.02997057882908903,0.48086801553275293,5.995092276105752
46,358,1.0,5421.624206417057,-0.24508683700647838,8.353063881616043,-8.598150718622518,-8.598150718622522,3.552713678800501e-15,0.0031994198384612815,-2.4392570403354683,3.519836348671793,6.158893678287051,0.029963164735811353,0.48074326213790003,5.9938563826194535
46,359,1.0,5404.305873456331,-0.24475983242798932,8.350191466356069,-8.594951298784057,-8.594951298784059,1.7763568394002505e-15,-0.017944875871673815,-2.437001860222989,3.5188921089458094,6.157949438561069,0.030010693581901997,0.48059307775544696,5.991682095686848
46,360,1.0,5502.160843258971,-0.26913453245311675,8.343761642202615,-8.61289617465573,-8.612896174655733,1.7763568394002505e-15,-0.05348894716918906,-2.455313001414672,3.5185258436258002,6.157583173241059,0.030042849980892794,0.480458865385079,5.9900960931080665
46,361,1.0,5804.478895148186,-0.32645261250575286,8.339932509319164,-8.66638512182492,-8.666385121824916,3.552713678800501e-15,0.07273093351151516,-2.507682099876989,3.5196456923326727,6.158703021947931,0.030070249989288356,0.48045749626221557,5.990761084761549
46,362,1.0,5397.300436116547,-0.2440416253611056,8.3496125629523,-8.593654188313405,-8.593654188313407,1.7763568394002505e-15,-0.010946070146712117,-2.4351356315599757,3.5194612271381702,6.158518556753429,0.03016311530632349,0.48022482168315195,5.988929540620458
46,363,1.0,5456.70419099938,-0.2662925221450705,8.338307736315047,-8.604600258460117,-8.604600258460117,0.0,-0.007658356855712256,-2.4479597620912217,3.5175831667536364,6.156640496368895,0.03015375663988936,0.48009921057725624,5.98603128242317
46,364,1.0,5498.654007250525,-0.2792771604602594,8.33298145485557,-8.61225861531583,-8.61225861531583,0.0,0.0073616596736894024,-2.4545274508899695,3.5186738348106013,6.1577311644258605,0.03020523671969138,0.47999107963363274,5.9862264860174035
46,365,1.0,5458.323419954431,-0.2742930336321603,8.33060392200998,-8.60489695564214,-8.60489695564214,0.0,0.003402736146350449,-2.4474749124268578,3.518364713600024,6.157422043215283,0.030301360377344665,0.4798670869033086,5.984853894558727
46,366,1.0,5439.781749651327,-0.2739907336544689,8.327503485841323,-8.60149421949579,-8.601494219495791,1.7763568394002505e-15,0.037061292313367744,-2.444900379982606,3.517536509897924,6.156593839513184,0.0303110044256033,0.47971853983291995,5.982763611278059
46,367,1.0,5241.866557672231,-0.235124703427738,8.329308223754683,-8.564432927182422,-8.564432927182422,0.0,-0.016828576470532042,-2.4096928013145873,3.515682796252576,6.154740125867833,0.030317987753828594,0.47960701072274875,5.98020762462104
46,368,1.0,5330.826142026799,-0.2607581860028074,8.320503317650147,-8.581261503652954,-8.581261503652954,0.0,-0.009735065707655366,-2.425748920338253,3.516455253699442,6.1555125833147,0.030264641538740786,0.4795449197893332,5.980461162570532
46,369,1.0,5382.975511710226,-0.27714905174288623,8.313847517617722,-8.590996569360609,-8.590996569360609,0.0,-0.0015390068918730293,-2.4367916116457815,3.5151476280995686,6.1542049577148275,0.030253532329061472,0.4794536579934176,5.978401926812356
46,370,1.0,5391.266326295498,-0.2813467995623836,8.311188776690098,-8.592535576252482,-8.592535576252482,0.0,0.0051049118253061465,-2.4369375574722763,3.5165406891649473,6.155598018780206,0.030181448501713375,0.47933389033684043,5.978789046087605
46,371,1.0,5363.814516224386,-0.2816870722862429,8.305743592140935,-8.587430664427176,-8.587430664427178,1.7763568394002505e-15,0.058140740586052786,-2.43188326788833,3.5164900669235872,6.155547396538845,0.030202570483809345,0.4791826412541013,5.97756955559067
46,372,1.0,5060.850969039769,-0.21345550018861975,8.3158344236525,-8.529289923841123,-8.52928992384112,3.552713678800501e-15,-0.027455974464983157,-2.3771868343647706,3.513045759861094,6.152103089476354,0.0302785353800131,0.47897078103559254,5.972614691062873
46,373,1.0,5201.72665403356,-0.24255757731778635,8.314188320988318,-8.556745898306106,-8.556745898306104,1.7763568394002505e-15,-0.049659661285593515,-2.405482173366958,3.5122063953238887,6.151263724939147,0.030301513694528416,0.4789429434267285,5.971366519713934
46,374,1.0,5466.564082608962,-0.30464911198081407,8.301756447610883,-8.6064055595917,-8.606405559591696,3.552713678800501e-15,-0.04272916804248794,-2.4548939039029434,3.5124543260734975,6.151511655688757,0.03028287135116745,0.4788162324776813,5.970315660507487
46,375,1.0,5705.208038546434,-0.3643936005782813,8.284741127055906,-8.649134727634188,-8.649134727634188,0.0,0.00692579783666325,-2.498048813245923,3.512028584773006,6.151085914388266,0.03029918658111368,0.4787320019327707,5.96902502584627
46,376,1.0,5665.831435647876,-0.3596583925803716,8.282550537217151,-8.642208929797524,-8.642208929797523,1.7763568394002505e-15,0.04046859547032433,-2.4911979628263206,3.5119536373559446,6.151010966971205,0.030364248519118432,0.4786549392978465,5.968262434712331
46,377,1.0,5441.120725383686,-0.3173116548497638,8.284428679477436,-8.6017403343272,-8.6017403343272,0.0,0.056795978940765934,-2.4517756929137016,3.5109073117982406,6.149964641413499,0.030405480630542592,0.478512511351836,5.966264554261239
46,378,1.0,5140.699071792066,-0.2503323030126373,8.294612052373799,-8.544944355386434,-8.544944355386436,1.7763568394002505e-15,0.022853501744990012,-2.396852743657005,3.5090342821141705,6.148091611729429,0.030468270424542393,0.4783225944638771,5.963135188947194
46,379,1.0,5024.548376884775,-0.22507276503019324,8.29701808861125,-8.522090853641444,-8.522090853641442,1.7763568394002505e-15,0.006629838921911713,-2.3756280433035886,3.5074054807225967,6.146462810337857,0.03048855636878591,0.4781955681888454,5.9605441136125235
46,380,1.0,4991.346613277548,-0.22250753817925606,8.292953476540275,-8.515461014719532,-8.51546101471953,1.7763568394002505e-15,0.023983530700528277,-2.3683662113261845,3.5080374737780886,6.147094803393348,0.03050574310089376,0.4780336805305833,5.959873876070261
46,381,1.0,4873.060626225334,-0.19462178539433767,8.296855698624665,-8.491477484019004,-8.491477484019002,1.7763568394002505e-15,-0.02461207954857514,-2.347739950518505,3.50468020388524,6.143737533500499,0.030605214747097032,0.4778587077080833,5.955242667626083
46,382,1.0,4994.48490462291,-0.22768045647476035,8.288409107092818,-8.51608956356758,-8.516089563567578,1.7763568394002505e-15,-0.007139288783577058,-2.3738528869292077,3.5031793470231114,6.142236676638372,0.030598571631033716,0.47779567451805566,5.953227912594706
46,383,1.0,5030.269561187306,-0.23654043926734683,8.286688413083809,-8.523228852351156,-8.523228852351156,0.0,-0.03566311515686493,-2.3805302579339127,3.503641264801985,6.1426985944172445,0.030599321338584774,0.4777046784618341,5.952845085305753
46,384,1.0,5212.901906546105,-0.28479744622509184,8.27409452128293,-8.558891967508021,-8.558891967508021,0.0,0.02967637704749393,-2.4165979205553896,3.5032367173373733,6.142294046952633,0.03062688980315708,0.477646171957126,5.951783764327852
46,385,1.0,5060.47479285995,-0.24729219159568872,8.28192339886484,-8.529215590460527,-8.52921559046053,1.7763568394002505e-15,0.033318510848177496,-2.3884731513589443,3.5016851094863246,6.140742439101584,0.030651600232871272,0.4774316319325922,5.948747490947043
46,386,1.0,4894.645246006301,-0.20578865140244137,8.290108428209908,-8.49589707961235,-8.49589707961235,0.0,0.011759750997168084,-2.3555412474570425,3.5012985025400503,6.14035583215531,0.030713848249579942,0.4773013098222055,5.947407522916561
46,387,1.0,4837.422558423057,-0.19500392904049987,8.28913339957468,-8.484137328615182,-8.48413732861518,1.7763568394002505e-15,0.007931274402217525,-2.3447007221043252,3.5003792768955977,6.139436606510856,0.03078043124079252,0.4770895610059909,5.944749636909861
46,388,1.0,4799.207380570964,-0.18385888716985155,8.292347167043113,-8.476206054212964,-8.476206054212964,0.0,-0.06208723190229115,-2.3369512211708034,3.5001975034269024,6.139254833042161,0.030796470423393014,0.4769837571843011,5.9436892357418065
46,389,1.0,5106.62137833687,-0.26273188769315964,8.275561398422095,-8.538293286115255,-8.538293286115255,0.0,0.004574295096123393,-2.3994240069870907,3.4998119495129063,6.138869279128165,0.030748379387452552,0.4769334188178341,5.942603676477622
46,390,1.0,5083.315529760569,-0.25807352850407356,8.275645462515058,-8.533718991019132,-8.533718991019132,0.0,-0.04004530400438,-2.395033211910068,3.499628449493805,6.138685779109063,0.03075998155271663,0.47678420690161505,5.941220362800833
46,391,1.0,5291.009270471761,-0.3083718548033099,8.2653924402202,-8.573764295023512,-8.57376429502351,1.7763568394002505e-15,0.016009529994891025,-2.4348220734133372,3.499884891994916,6.138942221610175,0.030767531921087686,0.4766834713556539,5.94033635167075
46,392,1.0,5206.977151034945,-0.2930508873473954,8.264703877681226,-8.557754765028621,-8.557754765028621,0.0,-0.004053893772946182,-2.418854634111427,3.4998428013019347,6.138900130917194,0.030784553329277937,0.47650528196674524,5.938835964922277
46,393,1.0,5228.128527032225,-0.30413589408236474,8.257672764719203,-8.561808658801567,-8.561808658801567,0.0,-0.014909963215620436,-2.424274691346532,3.4984766378397762,6.137533967455035,0.03082313833172205,0.4763629561884103,5.936364977095943
46,394,1.0,5306.663754830072,-0.3234967783381757,8.253221843679011,-8.576718622017188,-8.576718622017186,1.7763568394002505e-15,0.02172579784328299,-2.4393551248888152,3.498306167513114,6.137363497128374,0.030830749838715567,0.4762103817794816,5.934905046589981
46,395,1.0,5192.615630077182,-0.2990196622909125,8.255973161882991,-8.554992824173905,-8.554992824173905,0.0,-0.017482952941053398,-2.416405853987027,3.499529640571619,6.1385869701868785,0.030892022611610406,0.47603483436765015,5.934624185225897
46,396,1.0,5284.196100660734,-0.3287998562552633,8.243675920859696,-8.572475777114958,-8.57247577711496,1.7763568394002505e-15,-0.018120482693831264,-2.435097822869681,3.4983206246300185,6.137377954245276,0.030961223989528396,0.47589937180152103,5.932195671404943
46,397,1.0,5380.821086442957,-0.3528574997103842,8.237738760098406,-8.59059625980879,-8.59059625980879,0.0,0.02006154665453508,-2.454157669760481,3.497381260433051,6.136438590048309,0.03099735588450173,0.47574904383791466,5.929946694769276
46,398,1.0,5273.949086320903,-0.32362009674775616,8.246914616406496,-8.570534713154254,-8.570534713154252,1.7763568394002505e-15,-0.017765923233231007,-2.4344141875980845,3.497063195940911,6.13612052555617,0.03100523217604195,0.47562242887398964,5.928675091751081
46,399,1.0,5368.482914847313,-0.3472594773848262,8.24104115900266,-8.588300636387485,-8.588300636387487,1.7763568394002505e-15,0.008914402041522607,-2.4528953443577075,3.496347962414519,6.135405292029779,0.03097347522515284,0.4755297269247611,5.927176384133939
46,400,1.0,5320.838774810183,-0.3416496123465126,8.23773662199945,-8.579386234345963,-8.579386234345963,0.0,0.01524909333102542,-2.44425432333897,3.4960745813917358,6.135131911006995,0.030993926352331738,0.4753941103446619,5.925904059330203
46,401,1.0,5240.316315334097,-0.32321900584810637,8.24091813516683,-8.564137141014937,-8.564137141014935,1.7763568394002505e-15,-0.0431507847637107,-2.4297807675503305,3.4952990438493474,6.134356373464606,0.031022693699385567,0.47527739399139707,5.924268723515782
46,402,1.0,5471.38972259193,-0.37752562298963455,8.229762302789016,-8.607287925778648,-8.607287925778651,3.552713678800501e-15,-0.030537802233595812,-2.473618256805115,3.494612339358274,6.133669668973532,0.031032135884302932,0.475222077436811,5.922863758875569
46,403,1.0,5641.05130102313,-0.41398539886126456,8.223840329150978,-8.637825728012244,-8.637825728012242,1.7763568394002505e-15,-0.03068758187466969,-2.504528790315594,3.4942396080813896,6.133296937696648,0.03102658161132095,0.47517461222050755,5.921842210846533
46,404,1.0,5816.845071946461,-0.4526729321676983,8.215840377719218,-8.668513309886913,-8.668513309886915,1.7763568394002505e-15,-0.0029279101808210584,-2.534973549258612,3.494482431013043,6.1335397606283015,0.031058193494665532,0.4750543954051271,5.920838563020831
46,405,1.0,5833.901229116268,-0.4574105948462992,8.214030625221437,-8.671441220067734,-8.671441220067736,1.7763568394002505e-15,-0.04331638425311368,-2.5392277208747562,3.49315616957772,6.132213499192979,0.031106188983720817,0.4749072297196366,5.918307254405927
46,406,1.0,6092.157725784684,-0.5111428343148339,8.203614770006013,-8.714757604320848,-8.714757604320846,1.7763568394002505e-15,-0.019229737282822512,-2.580508245376771,3.495192029328819,6.134249358944077,0.031117539655833065,0.4747687565668064,5.91886811941959
46,407,1.0,6210.441960785116,-0.542527472278732,8.191459869324937,-8.73398734160367,-8.733987341603669,1.7763568394002505e-15,0.008111199709327721,-2.600683353659591,3.4942466583288194,6.1333039879440765,0.0311820889966625,0.4746539516695185,5.916625153129757
46,408,1.0,6160.2715718454765,-0.5371529903230072,8.188723151571335,-8.725876141894343,-8.725876141894341,1.7763568394002505e-15,-0.01790850855300974,-2.593554404462837,3.493264407816246,6.132321737431504,0.031218477446628392,0.4744725481038649,5.914247120830576
46,409,1.0,6271.586616175642,-0.5639547131917944,8.179829937255558,-8.743784650447353,-8.743784650447353,0.0,-0.003641196809894609,-2.6107705358615205,3.4939567849705737,6.133014114585833,0.031240835672358545,0.47441011425893237,5.914253982907746
46,410,1.0,6294.464323195703,-0.5684041481416353,8.179021699115609,-8.747425847257247,-8.747425847257244,3.552713678800501e-15,-0.008978909111766242,-2.613136554606196,3.4952319630357924,6.13428929265105,0.031257777114040756,0.47430785056364283,5.914462694332152
46,411,1.0,6351.2362397845345,-0.578079523900059,8.178325232468953,-8.756404756369013,-8.756404756369012,1.7763568394002505e-15,0.026304889591424185,-2.6236174115239637,3.4937300152297905,6.132787344845049,0.031228911882987938,0.47420383458485915,5.912122681801294
46,412,1.0,6186.345890782404,-0.5433615128901803,8.186738353887412,-8.73009986677759,-8.730099866777593,3.552713678800501e-15,-0.030891224742266132,-2.5971549598657004,3.4938875772966296,6.132944906911889,0.03118962153239996,0.4740269739583036,5.911017880490507
46,413,1.0,6380.432037482494,-0.5822259320924082,8.178765159427446,-8.760991091519855,-8.760991091519854,1.7763568394002505e-15,0.0336072506544447,-2.6274016805500104,3.4945320813545857,6.133589410969846,0.03124260126729518,0.473919815830143,5.910531216611283
46,414,1.0,6169.56641210568,-0.5439624191943067,8.183421421671103,-8.72738384086541,-8.727383840865409,1.7763568394002505e-15,0.0686576338578,-2.5957054316216164,3.4926210796285355,6.131678409243795,0.03121610795759323,0.4737329230935427,5.907373629225687
46,415,1.0,5760.19269433292,-0.4562427057373861,8.202483501270224,-8.65872620700761,-8.65872620700761,0.0,-0.008065513776411848,-2.529651206025067,3.4900176713672857,6.129075000982545,0.03125151260083856,0.4734923378059385,5.903354778678356
46,416,1.0,5806.839470096225,-0.46972842795987446,8.197063292824149,-8.666791720784023,-8.666791720784023,0.0,0.018943443375450286,-2.538333048462389,3.489401342706374,6.128458672321634,0.031267998322061015,0.47337896079493813,5.901748925930713
46,417,1.0,5697.873291283253,-0.44755100295097205,8.200297274457604,-8.647848277408572,-8.647848277408576,3.552713678800501e-15,-0.04320904773510392,-2.5188190377173325,3.4899719100759805,6.12902923969124,0.031237527309849206,0.4732031063995398,5.901084570005904
46,418,1.0,5949.469441949987,-0.500944349296051,8.190112975847626,-8.691057325143676,-8.691057325143676,0.0,-0.0037599262191712057,-2.5634651783537046,3.488534817174713,6.127592146789972,0.0312783575128974,0.4731041059247005,5.898546129197802
46,419,1.0,5971.881114810242,-0.5088939453006813,8.185923306062167,-8.694817251362847,-8.694817251362847,0.0,-0.013520415625981386,-2.5666086939782313,3.489151227769359,6.128208557384618,0.03125542670543315,0.472975665166444,5.898158867343553
46,420,1.0,6053.171732687108,-0.5287646659692969,8.179573001019529,-8.708337666988829,-8.708337666988825,3.552713678800501e-15,0.021417655177074835,-2.5774696186815547,3.4918107186920153,6.130868048307273,0.0313238136999478,0.4729112784128076,5.899806293471207
46,421,1.0,5924.905472168958,-0.5048384347458782,8.182081577065873,-8.686920011811754,-8.68692001181175,3.552713678800501e-15,0.016350659233152598,-2.556790586388616,3.4910720958078794,6.130129425423138,0.03133177724779591,0.472784098802694,5.898164266909004
46,422,1.0,5828.817056984051,-0.488001651565084,8.182567701013518,-8.670569352578601,-8.670569352578601,0.0,0.006156898207745343,-2.5430854171508868,3.488426605812456,6.127483935427714,0.031312761517364854,0.4726367952927197,5.89469527686003
46,423,1.0,5793.039874944861,-0.48478525928004446,8.17962719509081,-8.664412454370856,-8.664412454370854,1.7763568394002505e-15,-0.02744771836779769,-2.5392119901000023,3.4861431346555944,6.125200464270853,0.031353525403952066,0.4724744501247122,5.8913329950256506
46,424,1.0,5954.247877103765,-0.5229495057268612,8.168910667011794,-8.691860172738654,-8.691860172738656,1.7763568394002505e-15,-0.004239092804439792,-2.5667497586929326,3.4860530844304622,6.1251104140457215,0.03135700421130297,0.4723916677694967,5.890345344585513
46,425,1.0,5979.542060753567,-0.5296014724737894,8.166497793069302,-8.696099265543094,-8.696099265543092,1.7763568394002505e-15,0.06469982611100278,-2.5712173257874373,3.485824610140398,6.124881939755656,0.03139227555494986,0.47223634983216595,5.888944944193857
46,426,1.0,5604.916508126136,-0.44925022487261423,8.18214921455948,-8.63139943943209,-8.631399439432094,3.552713678800501e-15,0.020044133895051885,-2.5081154544994915,3.4842266553173404,6.123283984932599,0.031448206339140375,0.4720160656662666,5.886166275738364
46,427,1.0,5493.689262004643,-0.427769941267796,8.183585364269243,-8.611355305537039,-8.611355305537039,0.0,0.010594516151440914,-2.489728996653729,3.482568979268051,6.121626308883309,0.031506887971600166,0.47189743548283647,5.88386011056716
46,428,1.0,5435.793512648596,-0.4154883365282569,8.185272452857342,-8.600760789385598,-8.6007607893856,1.7763568394002505e-15,0.022202990780938237,-2.479989502072768,3.4817139576975706,6.120771287312828,0.03151168798932002,0.47174663406704387,5.8818429877866025
46,429,1.0,5316.432627152516,-0.38963910971378574,8.188918688890872,-8.57855779860466,-8.578557798604658,1.7763568394002505e-15,-0.018421010717748487,-2.4600796085843144,3.4794208604050865,6.118478190020346,0.031646133907275276,0.47151362225535043,5.877867737225251
46,430,1.0,5415.274276085795,-0.4194872189103444,8.177491590412068,-8.596978809322408,-8.596978809322412,3.552713678800501e-15,0.007565220312619303,-2.476470345671426,3.4814511340357233,6.1205084636509826,0.03164443809908136,0.47145960892813177,5.879105088432739
46,431,1.0,5374.461108091025,-0.4126381914799079,8.17677539752988,-8.589413589009789,-8.589413589009789,0.0,-0.023682342441734505,-2.4697826736120905,3.4805735857824396,6.119630915397698,0.031704086665275924,0.4713656732558866,5.877547058857819
46,432,1.0,5503.260047062012,-0.44574095753281906,8.167354973918707,-8.613095931451523,-8.613095931451525,1.7763568394002505e-15,0.006892832346951039,-2.4967719515892233,3.4772666502470395,6.116323979862299,0.03170653169365766,0.4712376883162956,5.873315911923004
46,433,1.0,5465.4574314122365,-0.44309990381694514,8.163103195287626,-8.606203099104572,-8.60620309910457,1.7763568394002505e-15,-0.03222221830136185,-2.488756325121442,3.478389444367872,6.11744677398313,0.03172801313470276,0.47112157334290666,5.873530470920244
46,434,1.0,5644.434629755137,-0.4895167348646401,8.148908582541294,-8.638425317405934,-8.638425317405934,0.0,-0.044248878511341516,-2.5208349831712193,3.4785330046194542,6.1175903342347135,0.03171271486897395,0.47100257588310107,5.872304960688005
46,435,1.0,5899.802742836009,-0.5469462454558838,8.13572795046139,-8.682674195917276,-8.682674195917274,1.7763568394002505e-15,-0.0056978886538772144,-2.564767634526151,3.478849231775866,6.117906561391124,0.031767294422230925,0.4709456134382998,5.871601369763421
46,436,1.0,5933.5151154085215,-0.5548625621285976,8.133509522442555,-8.688372084571153,-8.688372084571153,0.0,0.0161165553248086,-2.5705396405886205,3.4787751143672736,6.117832443982532,0.03170252592629366,0.4707942070720226,5.870228852822043
46,437,1.0,5838.65376318769,-0.5349655236154979,8.137290005630845,-8.672255529246344,-8.672255529246343,1.7763568394002505e-15,-0.03644587522771481,-2.5560756142287047,3.4771225854023817,6.11617991501764,0.03178038651915354,0.47066937242396706,5.8676948056930005
46,438,1.0,6055.373898631691,-0.585056162030567,8.12364524244349,-8.70870140447406,-8.708701404474057,1.7763568394002505e-15,0.0022717859645098315,-2.5930884756110024,3.476555599247798,6.115612928863057,0.031886216278163,0.4705152508774471,5.865622287550123
46,439,1.0,6041.632999299794,-0.5816804132595164,8.124749205250037,-8.70642961850955,-8.706429618509553,3.552713678800501e-15,-0.0315159992574543,-2.593530453590681,3.473841835303609,6.112899164918869,0.03188167089189514,0.4703550614241345,5.8618120914131415
46,440,1.0,6235.073321866745,-0.619550120786007,8.118395496980998,-8.737945617767004,-8.737945617767005,1.7763568394002505e-15,-0.0362303569969864,-2.6252773622969086,3.473610925854836,6.112668255470096,0.03189653312811556,0.4702261325019744,5.860321044369877
46,441,1.0,6465.114325213519,-0.6685707565968408,8.10560521816715,-8.77417597476399,-8.774175974763992,1.7763568394002505e-15,-0.0006042466993623208,-2.6591635836876497,3.4759550614610832,6.115012391076342,0.03187890162017919,0.4702191433669422,5.861875030751237
46,442,1.0,6469.022029695391,-0.6713932794564685,8.103386942006885,-8.774780221463352,-8.774780221463354,1.7763568394002505e-15,0.01809735414768987,-2.6595206874289126,3.4762022044191814,6.115259534034441,0.03186389438049667,0.4700463080404549,5.8608028901851155
46,443,1.0,6353.002833750748,-0.6520419205242625,8.1046409467914,-8.756682867315662,-8.756682867315662,0.0,0.024298046520092598,-2.642581058376671,3.4750444793237327,6.114101808938992,0.03187982423401846,0.4699599272472811,5.859146379173194
46,444,1.0,6200.497568491404,-0.6123735723959498,8.120011248399617,-8.73238482079557,-8.732384820795566,3.552713678800501e-15,0.003868652409101614,-2.6202988228424258,3.4730286683378853,6.112085997953145,0.03187998376369138,0.4697660885295742,5.855916883051575
46,445,1.0,6176.556338643341,-0.6071720754148427,8.121344092971626,-8.728516168386468,-8.728516168386468,0.0,-0.013300772013774775,-2.617465721160267,3.471993117610942,6.111050447226201,0.031921000050309484,0.46959461736559593,5.853477688863756
46,446,1.0,6259.258085644262,-0.625052215622227,8.116764724778015,-8.741816940400243,-8.741816940400243,0.0,0.028038243699041843,-2.632428335506492,3.4703312752784927,6.10938860489375,0.031993108141878245,0.46938296880065183,5.8500723017318945
46,447,1.0,6086.1969841505215,-0.5882768107227926,8.125501885978409,-8.713778696701201,-8.713778696701201,0.0,-0.00675462873455146,-2.605345222141286,3.4693761449446563,6.108433474559916,0.03201656627534108,0.46916528732933416,5.847708854510905
46,448,1.0,6127.446139716893,-0.5947722626888895,8.12576106274686,-8.720533325435753,-8.72053332543575,1.7763568394002505e-15,-0.005030089975107899,-2.6128418559664026,3.4686341398540916,6.1076914694693505,0.032058763475794075,0.4690491086373321,5.845967318302564
46,449,1.0,6158.345392978793,-0.6059502062239411,8.11961320918692,-8.72556341541086,-8.72556341541086,0.0,0.016541774841940082,-2.619919390878372,3.4665866949172313,6.10564402453249,0.03211070881500401,0.46886726481772256,5.842556510352257
46,450,1.0,6057.31335844786,-0.5834067189880994,8.12561492158082,-8.70902164056892,-8.709021640568919,1.7763568394002505e-15,0.000728642469594476,-2.6032385476302737,3.466725763323388,6.105783092938647,0.03213808496169746,0.46876928956673214,5.841892081137267
46,451,1.0,6052.901350266723,-0.5803960752065759,8.127896922892749,-8.708292998099326,-8.708292998099324,1.7763568394002505e-15,-0.00540299004995326,-2.6021959204854035,3.467039747998664,6.106097077613923,0.03219872554892686,0.46860062721934376,5.840619775904907
46,452,1.0,6085.693624427617,-0.5880870521451267,8.125608936004154,-8.71369598814928,-8.713695988149281,1.7763568394002505e-15,0.0033523073797958602,-2.607005743371218,3.467632915162802,6.106690244778062,0.032165223665039745,0.4686012631787121,5.840953604450503
46,453,1.0,6065.326666005376,-0.5875119384746431,8.122831742294842,-8.710343680769483,-8.710343680769485,1.7763568394002505e-15,-0.02100245749369556,-2.6047853766088878,3.466500974545338,6.105558304160598,0.032191743403123765,0.4684165981703037,5.838651328492135
46,454,1.0,6194.060563555893,-0.6172542290457578,8.114091909217422,-8.731346138263179,-8.731346138263179,0.0,0.018633069932509017,-2.624388511150594,3.467900297497325,6.1069576271125845,0.03223326538689888,0.4683012343754544,5.838781506096155
46,455,1.0,6079.7148143809845,-0.5880646800792833,8.124648388251387,-8.71271306833067,-8.71271306833067,0.0,0.008589004921516263,-2.6057704205923202,3.4678853181230913,6.10694264773835,0.03226833829776112,0.46813375338966023,5.837411325080636
46,456,1.0,6027.719726595061,-0.5796883320133553,8.124435731395799,-8.704124063409154,-8.704124063409154,0.0,-0.036562695572305515,-2.5990402867915,3.466026447002395,6.105083776617653,0.032280919488720985,0.46799353270366933,5.834683644140467
46,457,1.0,6252.187984461547,-0.6272887156971185,8.113398043284343,-8.74068675898146,-8.740686758981461,1.7763568394002505e-15,-0.005081392876361335,-2.6343788385677267,3.4672505907984736,6.106307920413732,0.0322799586294014,0.4678598520407793,5.834348894386163
46,458,1.0,6284.038662317759,-0.6348016505576244,8.110966501300197,-8.74576815185782,-8.745768151857822,1.7763568394002505e-15,-0.04371960831481836,-2.6417204164032637,3.4649904058392975,6.104047735454556,0.0322539598262867,0.46787208607113984,5.83233361001967
46,459,1.0,6564.868526922126,-0.6931159740176838,8.096371786154952,-8.789487760172639,-8.789487760172635,3.552713678800501e-15,-0.04644840587062227,-2.6848218015009473,3.465608629056431,6.10466595867169,0.03228073383671659,0.4677605974024726,5.831545932883473
46,460,1.0,6876.988836736058,-0.7545075724308561,8.081428593612404,-8.835936166043261,-8.835936166043261,0.0,0.0250416636043731,-2.72922354959111,3.4676552868368913,6.106712616452151,0.03232390777703633,0.4676780214276971,5.832152412612261
46,461,1.0,6706.915937263497,-0.7191251418185,8.091769360620386,-8.810894502438888,-8.810894502438886,1.7763568394002505e-15,0.040672346562939055,-2.7062248825782524,3.465612290245377,6.104669619860636,0.03232263332057886,0.4675962100802725,5.829967072384441
46,462,1.0,6439.602901090744,-0.6651035358562402,8.105118620019708,-8.770222155875949,-8.770222155875947,1.7763568394002505e-15,0.043695411763597036,-2.6657239736757035,3.465440852584987,6.1044981822002455,0.03229734275818574,0.4674387784873677,5.828818663141304
46,463,1.0,6164.280762246318,-0.6023698208671684,8.124156923245184,-8.726526744112352,-8.726526744112352,0.0,-0.005766318736512233,-2.622878469152966,3.4645909453441273,6.103648274959386,0.03232886128028464,0.46717576690627793,5.826452101146541
46,464,1.0,6199.928649667783,-0.6095127055971853,8.122780357251681,-8.732293062848864,-8.732293062848866,1.7763568394002505e-15,0.04346034969647583,-2.6289915653321083,3.464244167901497,6.103301497516758,0.03233015438445736,0.46705068178660003,5.825080863446932
46,465,1.0,5936.24889163727,-0.5522851349999811,8.136547578152408,-8.688832713152388,-8.688832713152388,0.0,0.04811925359929958,-2.5845082623948277,3.465267121142304,6.104324450757561,0.032367667472034074,0.46687068186513897,5.824563629168649
46,466,1.0,5657.364685790051,-0.49518455138236356,8.145528908170721,-8.640713459553089,-8.640713459553085,3.552713678800501e-15,-8.645327583423068e-05,-2.5390126236062684,3.4626435063315593,6.1017008359468194,0.03250916973160262,0.46662899203352726,5.820494761087856
46,467,1.0,5657.853804642391,-0.49623124914045214,8.144568663688469,-8.640799912828923,-8.640799912828921,1.7763568394002505e-15,0.006425443828913302,-2.5366352507053995,3.4651073325082646,6.104164662123523,0.03244756286837415,0.4664579550235183,5.821202869418018
46,468,1.0,5621.616129079499,-0.49481565663170435,8.139558812368305,-8.63437446900001,-8.63437446900001,0.0,-0.000988812673828221,-2.5324138090483075,3.462903330336443,6.101960659951702,0.03256894768887745,0.4662918659080192,5.817898305362461
46,469,1.0,5627.177603530397,-0.4986798293155256,8.136683452358309,-8.635363281673838,-8.635363281673834,3.552713678800501e-15,-0.02249219037172523,-2.5320317040913447,3.464274247967236,6.1033315775824954,0.03254416043124993,0.4661294546994115,5.8179319582206785
46,470,1.0,5755.179276161827,-0.5267125624183031,8.131142909627258,-8.657855472045563,-8.657855472045561,1.7763568394002505e-15,-0.0057779381601505975,-2.5539542644576576,3.4648438779726467,6.1039012075879056,0.03255515707084828,0.4659544758112615,5.816703652113511
46,471,1.0,5788.528598501802,-0.5302021123631816,8.13343129784253,-8.663633410205714,-8.66363341020571,3.552713678800501e-15,0.007334976327413756,-2.5591212929311458,3.4654547876593074,6.104512117274567,0.03259761143534159,0.46576849246296537,5.815487174132208
46,472,1.0,5746.225215085822,-0.5231724997172182,8.133125934161082,-8.6562984338783,-8.6562984338783,0.0,-0.015000914203577409,-2.5510370125386883,3.466204091724353,6.105261421339612,0.032608468221782136,0.4655204307637461,5.814393590433659
46,473,1.0,5833.073620672212,-0.5411051511020014,8.130194196979875,-8.671299348081877,-8.671299348081877,0.0,0.006007154268237613,-2.567312088357037,3.4649299301095806,6.10398725972484,0.032684461560087766,0.4653936645381778,5.811952295421554
46,474,1.0,5798.138483010947,-0.5363794438007974,8.128912750012844,-8.66529219381364,-8.665292193813642,1.7763568394002505e-15,0.002103042624556295,-2.5646976003503803,3.4615372638480006,6.100594593463259,0.03274031843991496,0.4652461866532281,5.8078938145957
46,475,1.0,5785.957563623895,-0.5293209761055631,8.133868175083519,-8.663189151189084,-8.663189151189082,1.7763568394002505e-15,0.02816228078767402,-2.5634142976064282,3.4607175239673964,6.099774853582654,0.032782096854460846,0.46509133188006013,5.805780028725556
46,476,1.0,5625.28487593791,-0.48954077055575185,8.145486099845659,-8.63502687040141,-8.635026870401411,1.7763568394002505e-15,0.018061368298029734,-2.5318209667791254,3.4641485740070275,6.103205903622287,0.03282102115935256,0.4648667262965322,5.806947789489452
46,477,1.0,5524.596555569582,-0.468149543320898,8.148815958782485,-8.61696550210338,-8.616965502103383,3.552713678800501e-15,-0.02548145890147424,-2.5198485869899594,3.458059585498162,6.0971169151134195,0.0329769395469048,0.46460327454672395,5.799439222467053
46,478,1.0,5667.1802408675285,-0.5057455715621046,8.136701389442749,-8.642446961004854,-8.642446961004854,0.0,-0.0021475263263148747,-2.546234201674527,3.4571554297150677,6.096212759330326,0.03283227312686036,0.46453182668924203,5.7981569005090945
46,479,1.0,5679.363737137866,-0.508154220215695,8.136440267115475,-8.644594487331169,-8.64459448733117,1.7763568394002505e-15,-0.016672982551110493,-2.5511467766546967,3.454390381061213,6.093447710676471,0.032891241796752194,0.4643815098509242,5.794283874548646
46,480,1.0,5774.849473654723,-0.5332989255727204,8.127968544309558,-8.66126746988228,-8.66126746988228,0.0,-0.0011383470105972293,-2.5686355351819428,3.453574605085078,6.092631934700337,0.032865468463391154,0.4642374151783383,5.792426217002911
46,481,1.0,5781.426999332772,-0.5339539541197161,8.128451862773158,-8.662405816892877,-8.662405816892875,1.7763568394002505e-15,-0.024893108771561145,-2.567118484669966,3.4562300026076493,6.095287332222909,0.032807877366556396,0.4640789465439468,5.793434673096497
46,482,1.0,5927.1509263181815,-0.5634306678793684,8.123868257785068,-8.687298925664438,-8.687298925664436,1.7763568394002505e-15,-0.027063405862932655,-2.59006196971749,3.458179626331688,6.097236955946947,0.03282992699325324,0.4639838610233205,5.794054863148495
46,483,1.0,6089.750137440542,-0.6004576974703827,8.113904634056988,-8.71436233152737,-8.71436233152737,0.0,0.0030668364480792576,-2.622076386895542,3.4532286150165716,6.09228594463183,0.03293600403585969,0.4637585599768749,5.787477827390399
46,484,1.0,6071.102479034433,-0.5975667506946437,8.113728744384648,-8.711295495079291,-8.711295495079291,0.0,0.009357323029943743,-2.6189336858408163,3.4533044796232146,6.092361809238473,0.03298497000992221,0.4635305723774083,5.785674079364904
46,485,1.0,6014.558176225598,-0.5855582054409912,8.11637996660836,-8.701938172049347,-8.701938172049351,3.552713678800501e-15,-0.02548832364470499,-2.6066315460044422,3.456249296429646,6.095306626044904,0.03294832286790021,0.4633385092760812,5.787025389022374
46,486,1.0,6169.829579516417,-0.6149543762295928,8.112472119464458,-8.727426495694052,-8.72742649569405,1.7763568394002505e-15,0.04861223188900787,-2.6308579763724707,3.4575111897063215,6.09656851932158,0.03298487063218861,0.46316741379260806,5.786313753552631
46,487,1.0,5877.0737990830585,-0.5549108026162639,8.123903461188782,-8.678814263805045,-8.678814263805046,1.7763568394002505e-15,-0.03862112394675421,-2.5871465645996627,3.4526103695901234,6.091667699205383,0.03321983630640203,0.4628922465103332,5.779714413088941
46,488,1.0,6108.493066292527,-0.6041696112141941,8.113265776537602,-8.717435387751799,-8.717435387751797,1.7763568394002505e-15,-0.008364640074164598,-2.630054064891559,3.4483239932449807,6.08738132286024,0.03317097783573417,0.4628267347373915,5.775028431858049
46,489,1.0,6159.802706357672,-0.6193612897396514,8.106438738086307,-8.725800027825963,-8.725800027825958,5.329070518200751e-15,0.025851448442757885,-2.640992805515371,3.445749892695332,6.08480722231059,0.03314100618955599,0.46274818509800786,5.772194672027292
46,490,1.0,6002.603551748204,-0.5853881144316007,8.114560464951603,-8.699948579383205,-8.699948579383204,1.7763568394002505e-15,0.02515542156281292,-2.61871329941376,3.442177950354188,6.081235279969447,0.033255788954438384,0.4625123615146103,5.767099272596122
46,491,1.0,5853.48891290004,-0.5540659926214064,8.120727165198986,-8.674793157820393,-8.674793157820393,0.0,-0.005548514323466591,-2.595487490573678,3.4402483376314557,6.0793056672467145,0.03337841159115385,0.46224299838515437,5.763597578479574
46,492,1.0,5886.0573496400875,-0.5656794847329799,8.114662187410882,-8.680341672143859,-8.680341672143863,3.552713678800501e-15,-0.0026535533716689486,-2.6028927960841215,3.4383915464444805,6.07744887605974,0.0334074765939022,0.46212376062286975,5.760831156961937
46,493,1.0,5901.69705818969,-0.5674685330728814,8.115526692442646,-8.682995225515528,-8.682995225515528,0.0,-0.01613743274047863,-2.6064472309832563,3.437490664917012,6.076547994532272,0.033511106434627944,0.461825824305447,5.757709919451648
46,494,1.0,5997.707898197306,-0.5909511972657395,8.108181460990265,-8.699132658256007,-8.699132658256005,1.7763568394002505e-15,-0.014513298674279085,-2.6245668176464556,3.4355085109942904,6.07456584060955,0.03354336263878178,0.46161646694453273,5.754222036434536
46,495,1.0,6085.389157373658,-0.6135094182270644,8.100136538703225,-8.713645956930286,-8.71364595693029,3.552713678800501e-15,0.041705386760325425,-2.6375268549714614,3.437061772343566,6.076119101958825,0.033508633986458425,0.46148498620346645,5.754724637516441
46,496,1.0,5836.8151157556495,-0.5580718094222292,8.113868760747732,-8.67194057016996,-8.67194057016996,0.0,-0.002487705046116062,-2.5971936042529684,3.4356896363017313,6.074746965916991,0.03363246864880007,0.46128149831412213,5.751928373486036
46,497,1.0,5851.353466238534,-0.564706761769205,8.109721513446871,-8.674428275216076,-8.674428275216076,0.0,0.008418965549587654,-2.600502396042421,3.4348685495583973,6.073925879173656,0.033653459439525725,0.4611841833541462,5.750166097387326
46,498,1.0,5802.297911251837,-0.5552976405850556,8.110711669081432,-8.666009309666489,-8.666009309666489,0.0,0.009197887202368804,-2.5922416498156715,3.4347103302355584,6.073767659850816,0.033753664199760954,0.4609199586956924,5.748171146932694
46,499,1.0,5749.173719242537,-0.5441568594490847,8.112654563015035,-8.65681142246412,-8.65681142246412,0.0,0.046706638173196424,-2.5837655648021824,3.4339885280466786,6.0730458576619375,0.03385616785301527,0.4607656233285854,5.746129522169058
46,500,1.0,5486.8235805979,-0.48261427763261233,8.127490506658308,-8.610104784290924,-8.61010478429092,3.552713678800501e-15,,-2.539205619507931,3.431841835167734,6.070899164782992,0.03404291503299201,0.46050983551411984,5.742074318298985
