seed,epoch,temperature,Z,E,S,F,F_check,err,delta_F,F_data,KL,NLL,data_mass,recon_sq,recon_ce
20,1,1.0,9369.137030068814,-0.14068063378185983,9.004495637963622,-9.14517627174548,-9.145176271745482,1.7763568394002505e-15,0.036345332444259526,-2.902727818686191,3.6033911234440312,6.24244845305929,0.027361266817195973,0.4998207335590687,6.240832869657912
20,2,1.0,9034.726571381152,-0.10939388505485564,8.999437054246364,-9.108830939301221,-9.10883093930122,1.7763568394002505e-15,-0.01217266849883103,-2.861548936672104,3.6082246730138587,6.247282002629118,0.02737888599165245,0.4997898815470678,6.245378640813311
20,3,1.0,9145.375382291259,-0.12301276606929137,8.997990841730758,-9.121003607800052,-9.121003607800048,3.552713678800501e-15,-0.08800741530825995,-2.872363833016709,3.609582445168082,6.248639774783342,0.027433945102097824,0.4997799678899337,6.246643498348706
20,4,1.0,9986.715343249347,-0.2142323543005647,8.994778668807747,-9.209011023108312,-9.209011023108312,0.0,0.07325338026729256,-2.957628614840769,3.612325078652283,6.251382408267543,0.027477579795125703,0.49976215043586913,6.249211080554032
20,5,1.0,9281.306874336915,-0.13524253758077892,9.00051510526024,-9.13575764284102,-9.13575764284102,0.0,0.09664285847048681,-2.8897660370718925,3.6069342761538685,6.245991605769127,0.027419280604787592,0.49977759458297144,6.243973330921685
20,6,1.0,8426.314648147549,-0.039023163099644924,9.000091621270887,-9.039114784370533,-9.03911478437053,1.7763568394002505e-15,0.0016325578770466365,-2.793054040017427,3.6070034147378465,6.246060744353107,0.027419228090571224,0.4997667677243058,6.243945216493912
20,7,1.0,8412.56942478345,-0.0378647588479865,8.999617467645503,-9.037482226493486,-9.03748222649349,3.552713678800501e-15,-0.0017696495539922807,-2.7908124665333878,3.6076124303448402,6.246669759960099,0.027420237476249193,0.4997775404266838,6.244650996135326
20,8,1.0,8427.469904939364,-0.04130140207730785,8.997950473970167,-9.039251876047478,-9.039251876047475,3.552713678800501e-15,-0.13361689736513682,-2.791289134881059,3.60890541155116,6.247962741166419,0.02745050904756936,0.49973884269232466,6.245593630851432
20,9,1.0,9632.217742143283,-0.1813734053768572,8.991495368035757,-9.172868773412615,-9.172868773412613,1.7763568394002505e-15,-0.02680687817977656,-2.9182464424983094,3.6155650012990472,6.254622330914306,0.02744982803197467,0.4997374482411141,6.252223302444945
20,10,1.0,9893.91946123587,-0.20613319893475016,8.993542452657639,-9.199675651592392,-9.19967565159239,1.7763568394002505e-15,0.1269033566626412,-2.947031046437156,3.613587275539976,6.2526446051552345,0.02745473673513691,0.4997560515341231,6.250419894559465
20,11,1.0,8714.750205322565,-0.07436184194256822,8.998410452987182,-9.07277229492975,-9.07277229492975,0.0,0.08821062858270601,-2.8248064235851253,3.608908541729366,6.2479658713446256,0.027387285549198132,0.49977967484275954,6.245966216887325
20,12,1.0,7978.946517251536,0.015840583142832414,9.000402249489875,-8.984561666347044,-8.984561666347043,1.7763568394002505e-15,-0.01604002523499659,-2.739353436022687,3.6061509007090984,6.245208230324358,0.027370497453627296,0.49976514292099233,6.243084184198096
20,13,1.0,8107.960952048326,0.0017685304977352306,9.002370222079776,-9.000601691582041,-9.000601691582041,0.0,0.1441753103382979,-2.7571837125448875,3.6043606494218947,6.243417979037154,0.027376396679925318,0.4997715881249316,6.241355554499873
20,14,1.0,7019.353377034228,0.14155986253409494,8.99798624377784,-8.856426381243743,-8.856426381243745,1.7763568394002505e-15,-0.09597490166596856,-2.6111920706953415,3.606176980933143,6.245234310548403,0.027418620507608956,0.49969919032493676,6.242506256057203
20,15,1.0,7726.422930370041,0.041081448085479186,8.993482730995192,-8.952401282909712,-8.952401282909712,0.0,-0.06682462514804222,-2.7008073613306647,3.612536591963788,6.251593921579047,0.02729918288889615,0.49973563700587864,6.249177105688313
20,16,1.0,8260.380311897956,-0.022838147229439963,8.996387760828313,-9.019225908057754,-9.019225908057752,1.7763568394002505e-15,0.007596717187805524,-2.7698166066743397,3.610351971768153,6.2494093013834116,0.02730996274302534,0.4997518708253173,6.247149992383585
20,17,1.0,8197.86629011727,-0.013067298778914337,8.998561892091033,-9.011629190869948,-9.011629190869947,1.7763568394002505e-15,0.08073864759657745,-2.7642954259853227,3.6082764352693686,6.247333764884628,0.02719137163713184,0.49978623564631935,6.24539300550349
20,18,1.0,7561.996663816428,0.06393433374074753,8.994824877014118,-8.930890543273371,-8.930890543273371,0.0,-0.04223119008046616,-2.681246536738009,3.610586676920104,6.249644006535362,0.02721295202068561,0.49973099619099104,6.247200447944201
20,19,1.0,7888.188029059962,0.02574712701448205,8.998868860368315,-8.973121733353837,-8.973121733353834,3.552713678800501e-15,-0.07624662904898649,-2.7270143210649302,3.607050082673649,6.246107412288906,0.02724825910298442,0.49974962385620647,6.243842084245912
20,20,1.0,8513.158994688984,-0.04760988465921088,9.001758477743612,-9.049368362402824,-9.049368362402824,0.0,0.0009911752654687689,-2.805258768637684,3.605052264149879,6.244109593765137,0.027296559697690886,0.4997784890989933,6.242109124759979
20,21,1.0,8504.725142465779,-0.046280568502822694,9.00209661863453,-9.048377187137355,-9.048377187137353,1.7763568394002505e-15,0.023818844485086643,-2.8046034093065635,3.6047164482155334,6.243773777830792,0.02727426076456009,0.4997789714032273,6.241776218097134
20,22,1.0,8304.545900038545,-0.027009774194967723,8.997548568457301,-9.024558342652268,-9.024558342652268,0.0,0.021348523386068408,-2.7766737872554,3.608827225781609,6.247884555396867,0.027182204426899108,0.4997504704489117,6.245621250111763
20,23,1.0,8129.135149972513,-0.006870005071694687,8.996339814194506,-9.0032098192662,-9.003209819266202,1.7763568394002505e-15,-0.10068232622882078,-2.7545921755133618,3.6095603141375787,6.248617643752837,0.027256385805359197,0.499721267457054,6.246088729369431
20,24,1.0,8990.215924676924,-0.113064159394223,8.990827986100795,-9.10389214549502,-9.103892145495019,1.7763568394002505e-15,0.03643860896091056,-2.849257650232354,3.6155771656474083,6.254634495262667,0.027292939598087703,0.49969733124877275,6.251869471015276
20,25,1.0,8668.52160286657,-0.07473567183753113,8.992717864696578,-9.06745353653411,-9.06745353653411,0.0,0.09937980921098699,-2.8153855800379124,3.613010626880938,6.252067956496197,0.027484217630105032,0.49965327806028614,6.248912459965277
20,26,1.0,7848.468744257531,0.020086807701318356,8.988160535024445,-8.968073727323123,-8.968073727323127,3.552713678800501e-15,0.004341451413965913,-2.7128167278298263,3.616199669878038,6.255256999493296,0.027532988833204375,0.4995873056823689,6.251475169366636
20,27,1.0,7814.468856364041,0.020696174909881654,8.984428450819038,-8.963732275909157,-8.963732275909157,0.0,0.018857264476432434,-2.7055255704865155,3.6191493758073827,6.258206705422642,0.027603125240963942,0.49950843834509623,6.2536750924259845
20,28,1.0,7668.490056583731,0.036721951653193335,8.981596963085916,-8.944875011432725,-8.944875011432723,1.7763568394002505e-15,-0.032148181134905585,-2.6841694206321094,3.6216482611853564,6.260705590800614,0.02766396016976204,0.4994855634115796,6.255952518921684
20,29,1.0,7919.023585645935,0.007832662756561512,8.984855855324192,-8.97702319256763,-8.97702319256763,0.0,0.002653452291108138,-2.7187364836813375,3.619229379271036,6.258286708886295,0.027399542042454192,0.49956545841340244,6.254289416154092
20,30,1.0,7898.038687894315,0.01013595536651933,8.98450569564304,-8.974369740276522,-8.97436974027652,1.7763568394002505e-15,0.028004646629735674,-2.7159844509440974,3.619327959717166,6.258385289332425,0.027436604436331464,0.4995510137807701,6.254263116560833
20,31,1.0,7679.925254802654,0.041152680276354145,8.987517773923141,-8.946365093646786,-8.946365093646786,0.0,0.11546083767041715,-2.6909853285266023,3.6163224355049253,6.255379765120184,0.02735295925091877,0.499594202959539,6.251660679020681
20,32,1.0,6842.471364618478,0.15431178779301463,8.985216043769384,-8.83090425597637,-8.83090425597637,0.0,-0.07186972451631846,-2.5756651953354646,3.616181731025646,6.255239060640905,0.027381390023958622,0.4995576349426557,6.251189870071615
20,33,1.0,7352.340526479003,0.08097827307725153,8.98375225356994,-8.902773980492688,-8.902773980492688,0.0,0.04330578892086123,-2.6444447274433154,3.6192719234341126,6.258329253049372,0.027224145693905355,0.499596250801867,6.254618581106408
20,34,1.0,7040.737425254136,0.12422082265104611,8.983689014222872,-8.859468191571827,-8.859468191571827,0.0,0.01232789002532897,-2.601929743190753,3.6184811187658146,6.257538448381074,0.02713913585159311,0.499599394820306,6.253863790240658
20,35,1.0,6954.472811430618,0.1374378823029268,8.984578183849425,-8.847140301546498,-8.8471403015465,1.7763568394002505e-15,0.0667958374550981,-2.5908966132507776,3.617186358680461,6.25624368829572,0.02718256942260961,0.4995822705156293,6.252419083982496
20,36,1.0,6505.117566869281,0.2043775374419335,8.984722001533335,-8.7803444640914,-8.780344464091401,1.7763568394002505e-15,-0.07505013538209404,-2.5263389864170227,3.6149481480591175,6.254005477674376,0.027336774334835674,0.499536040177457,6.249774736785565
20,37,1.0,7012.114671205402,0.13144714012712938,8.986841739600624,-8.855394599473493,-8.855394599473495,1.7763568394002505e-15,-0.049028579161038977,-2.601881377493887,3.6144558923643495,6.253513221979609,0.027186224958185432,0.4995639700902729,6.249538139817235
20,38,1.0,7364.4759969606075,0.08294679207953656,8.987369970714068,-8.904423178634532,-8.904423178634532,0.0,0.08090139642839489,-2.650425723746308,3.614940125272966,6.253997454888226,0.02722857292232707,0.49957101167171075,6.250082953151131
20,39,1.0,6792.14300173336,0.16078566908030917,8.984307451286448,-8.823521782206138,-8.823521782206138,0.0,-0.03610572682775626,-2.568500608893699,3.6159638436971795,6.2550211733124375,0.027384641083298772,0.4995042289890901,6.250480735692027
20,40,1.0,7041.859227030742,0.13174894010891197,8.991376449142805,-8.859627509033894,-8.859627509033894,0.0,-0.03614756595058566,-2.6111617239978964,3.609408455420738,6.2484657850359975,0.027483936399329004,0.4995083452044811,6.243998297818412
20,41,1.0,7301.061846510145,0.09623884959134474,8.992013924575822,-8.89577507498448,-8.895775074984478,1.7763568394002505e-15,-0.07271136462646055,-2.647474077333783,3.6092436680354365,6.248300997650696,0.027469409256559534,0.4995071896690277,6.243832540143474
20,42,1.0,7851.708572261261,0.02732551455853923,8.99581195416948,-8.96848643961094,-8.96848643961094,0.0,0.03101770384727942,-2.7224228747728794,3.6070062352228014,6.246063564838061,0.027443686427364583,0.49956574817690647,6.242137240534945
20,43,1.0,7611.904906524069,0.05792422829461176,8.995392964058269,-8.93746873576366,-8.937468735763657,3.552713678800501e-15,-0.046309728806525285,-2.6917126927929487,3.6066987133554527,6.2457560429707115,0.027449622929245045,0.4995447595941179,6.241640608257575
20,44,1.0,7972.699838685952,0.013341806935906152,8.997120271506093,-8.983778464570186,-8.983778464570186,0.0,-0.021377127973508436,-2.738786049219875,3.6059350857350507,6.24499241535031,0.027390855255117943,0.499581635322635,6.241212687256145
20,45,1.0,8144.968002491838,-0.009596863847184922,8.995558728696512,-9.005155592543694,-9.005155592543696,1.7763568394002505e-15,-0.07579231448380952,-2.7584136498937752,3.60768461303466,6.246741942649918,0.027384799938776322,0.49957760205860097,6.242922729642608
20,46,1.0,8786.290667580755,-0.08888772743621878,8.992060179591284,-9.080947907027504,-9.080947907027504,0.0,-0.04798104638990175,-2.829685482078161,3.6122050953340854,6.251262424949345,0.027342753006686323,0.4995903838490686,6.247545046973307
20,47,1.0,9218.143618821214,-0.13652714782987574,8.992401805587532,-9.128928953417406,-9.128928953417407,1.7763568394002505e-15,0.05352315362206106,-2.87785130340922,3.6120203203929244,6.251077650008183,0.02748151953855924,0.4995782955875672,6.247256159257391
20,48,1.0,8737.730788848452,-0.07801964695846622,8.997386152836881,-9.075405799795345,-9.075405799795348,3.552713678800501e-15,-0.10600387380442378,-2.8296304966431016,3.606717973536984,6.245775303152243,0.02736821872463139,0.4996201123306612,6.24234930456195
20,49,1.0,9714.83787537542,-0.18630432559320007,8.995105348006568,-9.181409673599768,-9.181409673599768,0.0,-0.04177957637578267,-2.932421787221988,3.6099305567625213,6.248987886377781,0.027287297962317793,0.4996515974430512,6.245839097381138
20,50,1.0,10129.317795156061,-0.23007653719966362,8.993112712775888,-9.223189249975551,-9.223189249975551,0.0,0.015961267845975513,-2.9719629774138467,3.6121689429464454,6.251226272561705,0.027314302182410547,0.4996633094542261,6.2481738311609245
20,51,1.0,9968.924486176405,-0.21175140613781612,8.995476575991756,-9.207227982129575,-9.207227982129572,3.552713678800501e-15,0.019607863248486623,-2.9589022331536445,3.6092684193606703,6.248325748975929,0.027372629952569626,0.4996312832124782,6.244991643530393
20,52,1.0,9775.359081714258,-0.19350288007840039,8.994117238802687,-9.187620118881089,-9.187620118881087,1.7763568394002505e-15,0.0801123164177131,-2.9383575039956575,3.610205285270173,6.249262614885432,0.02742626171184139,0.4995874814726784,6.245528648209897
20,53,1.0,9022.780296855512,-0.11144245854346288,8.996065343919911,-9.107507802463376,-9.107507802463374,1.7763568394002505e-15,0.06785440235550055,-2.8606539542825056,3.607796518565612,6.246853848180871,0.027326859064386574,0.49960159245924224,6.243255068997784
20,54,1.0,8430.854416310372,-0.04192836647193412,8.997725033635938,-9.039653400107875,-9.039653400107872,3.552713678800501e-15,-0.11556471366313126,-2.795391077557341,3.6052049929352754,6.244262322550534,0.0274000974751702,0.4995879218829442,6.2405440108154355
20,55,1.0,9463.694394513699,-0.15853640444963335,8.996681709321374,-9.155218113771006,-9.155218113771006,0.0,0.03174093200062167,-2.90882690383338,3.607333880322367,6.246391209937626,0.027419893441427774,0.49959013663797547,6.24269094842621
20,56,1.0,9168.025146170334,-0.12678399787277547,8.996693183897609,-9.123477181770385,-9.123477181770385,0.0,0.008155531621790502,-2.8777293910765325,3.6066904610785935,6.245747790693853,0.02740030993116937,0.4995601935335168,6.241777715175267
20,57,1.0,9093.559095043078,-0.12084044741085406,8.994481202737738,-9.115321650148594,-9.115321650148593,1.7763568394002505e-15,0.02225947737616174,-2.8675783093610048,3.608686011172329,6.247743340787587,0.027299701407371778,0.4995587995265748,6.24375249943347
20,58,1.0,8893.377456924462,-0.09852235046280391,8.99453982230963,-9.093062172772433,-9.093062172772434,1.7763568394002505e-15,0.09002583036218148,-2.845604033185105,3.6084008099720686,6.247458139587327,0.027303943839777006,0.4995564032574762,6.24344711753628
20,59,1.0,8127.725055478029,-0.01217425517269087,8.99086208723756,-9.003036342410251,-9.00303634241025,1.7763568394002505e-15,0.007452415361651532,-2.7531674673561732,3.610811545438819,6.249868875054078,0.027267980524324033,0.4995218099868962,6.245535335866655
20,60,1.0,8067.379013597841,-0.00804476225368056,8.98753916479492,-8.9955839270486,-8.995583927048601,1.7763568394002505e-15,-0.056026467480499775,-2.7428415483795816,3.613685049053759,6.252742378669018,0.02724273585996759,0.49950038419052334,6.248201896133812
20,61,1.0,8532.26718323319,-0.0600660585559484,8.991544335973149,-9.0516103945291,-9.051610394529098,1.7763568394002505e-15,0.05720535923352976,-2.8020061651071804,3.61054689980666,6.24960422942192,0.027269692124505442,0.4995217090896808,6.245272667938418
20,62,1.0,8057.874050772103,-0.013144268690291325,8.981260766605276,-8.99440503529557,-8.994405035295568,1.7763568394002505e-15,0.13006618923223456,-2.7350699533928085,3.6202777522875005,6.259335081902759,0.026943882051255696,0.49951276546617346,6.254868639474855
20,63,1.0,7075.114075049319,0.11724133411257844,8.981580180175914,-8.864338846063335,-8.864338846063335,0.0,-0.08388971290442093,-2.608561285587751,3.616720230860324,6.255777560475583,0.027003042187407476,0.4994516000965376,6.250772929666577
20,64,1.0,7694.249871750887,0.03234805386257736,8.980576612830333,-8.948228558967756,-8.948228558967756,0.0,0.15406641165570356,-2.6897412700716274,3.6194299592808705,6.258487288896128,0.02690379696634981,0.49946329221504887,6.253573037940087
20,65,1.0,6595.627096661786,0.18412346796383094,8.978285615275883,-8.794162147312052,-8.794162147312052,0.0,-0.049001259518249185,-2.537702719058731,3.6174020986380624,6.256459428253321,0.02710475002369865,0.49936073609063175,6.250617618866051
20,66,1.0,6926.870527320917,0.1333263086253034,8.976489715455603,-8.843163406830302,-8.8431634068303,1.7763568394002505e-15,-0.017978502164339716,-2.583755134832651,3.620350942382392,6.259408271997651,0.0270567682543418,0.49937525616825207,6.253684451832838
20,67,1.0,7052.531497370981,0.11005090265413328,8.971192811648777,-8.861141908994641,-8.861141908994643,1.7763568394002505e-15,-0.06531429752053697,-2.5956888374568647,3.6263957419225186,6.265453071537777,0.026860546188500707,0.49938418941981183,6.259759183530824
20,68,1.0,7528.538461338277,0.051057510451576985,8.977513716966756,-8.926456206515178,-8.92645620651518,1.7763568394002505e-15,-0.02181862622289721,-2.665740993896083,3.621657883003837,6.260715212619096,0.02689065416050895,0.4994592564107693,6.255758957048279
20,69,1.0,7694.605921940066,0.02741000397210526,8.975684836710181,-8.948274832738075,-8.948274832738075,0.0,-0.017932135214925538,-2.6853865091368947,3.6238309939859223,6.262888323601181,0.026918582389512134,0.4994553834905064,6.257881787152631
20,70,1.0,7833.831208317502,0.013813847147334288,8.980020815100335,-8.966206967953001,-8.966206967953001,0.0,0.07789035844109726,-2.707112474358888,3.620037163978853,6.259094493594111,0.026960609129657857,0.4994968305832564,6.254496730439287
20,71,1.0,7246.809699196423,0.09247120914849,8.980787818660392,-8.888316609511904,-8.888316609511902,1.7763568394002505e-15,0.039282372728004944,-2.632321485618653,3.6169377942779906,6.255995123893249,0.027172042965934638,0.4994406037970502,6.250898374431876
20,72,1.0,6967.656613238285,0.13389090653357782,8.982925143317475,-8.849034236783899,-8.849034236783897,1.7763568394002505e-15,-0.06168721352909756,-2.59679050826406,3.6131863989045803,6.252243728519838,0.027341935006256063,0.49939861007070757,6.246787210860812
20,73,1.0,7411.005842550405,0.07538867176491582,8.986110122077912,-8.910721450312996,-8.910721450312996,0.0,0.037229784196776805,-2.6603008495491385,3.6113632711485986,6.250420600763858,0.027444682423353527,0.49941954130962163,6.245162682963281
20,74,1.0,7140.1685829778635,0.10923007207461681,8.982721738190838,-8.87349166611622,-8.873491666116221,1.7763568394002505e-15,0.07421651367467064,-2.6209458139616117,3.6134885225393476,6.252545852154607,0.027430564034729495,0.49937245910278016,6.246849909025349
20,75,1.0,6629.436933115856,0.18291000826531795,8.982185160706866,-8.799275152441549,-8.799275152441547,1.7763568394002505e-15,-0.006958837591160005,-2.548550790695408,3.6116670321308795,6.250724361746139,0.027406195890126148,0.4993415171894075,6.244752149212286
20,76,1.0,6675.730997675289,0.18054156364920726,8.986775553681916,-8.806233990032709,-8.806233990032709,0.0,-0.03167128667963759,-2.5600046802035927,3.607171980213858,6.246229309829117,0.027385355089285995,0.49936790590589075,6.240516530752812
20,77,1.0,6890.543729988303,0.15150067817112103,8.98940595488347,-8.837905276712346,-8.837905276712348,1.7763568394002505e-15,-0.047923473360468094,-2.5937344538385325,3.6051134932585542,6.244170822873813,0.027356672565500232,0.4993690087984877,6.23847477984634
20,78,1.0,7228.8030635598,0.1020132958100368,8.98784204588285,-8.885828750072815,-8.885828750072813,1.7763568394002505e-15,0.0743647538896095,-2.639150339384094,3.60762108107346,6.246678410688718,0.027266932490373,0.49937925841587977,6.241068938622147
20,79,1.0,6710.736571743881,0.1700277607623547,8.981491756945559,-8.811463996183205,-8.811463996183203,1.7763568394002505e-15,0.02605542437663111,-2.561195823878742,3.611210842689205,6.250268172304463,0.027310017709075422,0.49929487789616217,6.2438731378251555
20,80,1.0,6538.143736387551,0.1970307192555962,8.982439291062168,-8.785408571806574,-8.785408571806572,1.7763568394002505e-15,-0.07028376262799974,-2.5368463468087907,3.6095048953825244,6.248562224997783,0.02723461040994139,0.499304145977592,6.242262327965895
20,81,1.0,7014.202733723299,0.13134138562657882,8.98703372006115,-8.855692334434574,-8.855692334434572,1.7763568394002505e-15,0.05533124807474188,-2.60946957650475,3.6071654283145653,6.246222757929823,0.027218178274663204,0.4993539970145278,6.240386674053463
20,82,1.0,6636.6399738459195,0.18215698380675063,8.982518070166584,-8.800361086359832,-8.800361086359834,1.7763568394002505e-15,-0.049903089871166983,-2.5517855520792376,3.6095182046653354,6.248575534280595,0.02717625842195655,0.49928487653988474,6.242098848911866
20,83,1.0,6976.231681286994,0.14038043718808585,8.990644613419086,-8.850264176230999,-8.850264176231,1.7763568394002505e-15,0.004524621690414676,-2.6089517876400814,3.6022550589756577,6.241312388590916,0.027334709511539972,0.49931072597794113,6.235103110381672
20,84,1.0,6944.73817393615,0.14012207514462896,8.985861629685214,-8.845739554540584,-8.845739554540586,1.7763568394002505e-15,0.03421540778472831,-2.5996568412250314,3.6070253837002957,6.2460827133155545,0.027240912184517005,0.49928663000724044,6.239631746111586
20,85,1.0,6711.140238531851,0.16957411582441445,8.981098262580272,-8.811524146755856,-8.811524146755858,1.7763568394002505e-15,-0.02152964243612665,-2.562000424149957,3.610466392990638,6.249523722605896,0.02723928069354086,0.49922286583576925,6.242472019733621
20,86,1.0,6857.195303221828,0.14559621129680705,8.978650000488788,-8.833053789191982,-8.83305378919198,1.7763568394002505e-15,-0.007559970667815108,-2.5807522600551427,3.613244199521581,6.252301529136841,0.027276306370752408,0.49918675383737565,6.24490732580737
20,87,1.0,6909.231948495644,0.14247582285542268,8.983089582715218,-8.840613759859798,-8.840613759859796,1.7763568394002505e-15,-0.031345492049451806,-2.5932573754523345,3.6082990547922025,6.24735638440746,0.027352199012542353,0.4991798215125172,6.239931728896763
20,88,1.0,7129.235266525431,0.1133212826920896,8.98528053460134,-8.87195925190925,-8.871959251909251,1.7763568394002505e-15,-0.10386398749087533,-2.6259310219125784,3.6069709003814117,6.2460282299966705,0.02733188975824483,0.4992196606504465,6.238978554213723
20,89,1.0,7909.526827183003,0.012219074598551032,8.988042313998676,-8.975823239400125,-8.975823239400125,0.0,0.06204363218320452,-2.72995408678216,3.606811823002707,6.245869152617964,0.02733683632175777,0.49926443143270943,6.239234209190302
20,90,1.0,7433.704551649314,0.07245125875270648,8.986230865969628,-8.91377960721692,-8.91377960721692,0.0,0.07032654757751367,-2.6680624631874665,3.606659814414195,6.245717144029454,0.027309531588336475,0.49922954751995896,6.238765884787208
20,91,1.0,6928.877205433407,0.14434297690349354,8.9877960365429,-8.843453059639407,-8.843453059639407,0.0,0.000324336588073848,-2.6019222950318883,3.6024734349922594,6.241530764607518,0.027401811775867993,0.49919724473443156,6.234299053399352
20,92,1.0,6926.630281440939,0.14689986286182138,8.990028585913151,-8.843128723051333,-8.843128723051331,1.7763568394002505e-15,0.05453569568481598,-2.6045871291164384,3.5994842643196354,6.238541593934896,0.027433942442653424,0.4991913075755928,6.231263418927165
20,93,1.0,6558.997350641913,0.1956484626221116,8.98424148998863,-8.788593027366517,-8.788593027366518,1.7763568394002505e-15,-0.10855393558300719,-2.5465259379379703,3.603009759813289,6.242067089428546,0.02746560311417261,0.49912037361868594,6.234126635402391
20,94,1.0,7311.084959111179,0.09232283042315359,8.989469793372677,-8.897146962949524,-8.897146962949524,0.0,0.047488112204309374,-2.65718889809295,3.6009007352413156,6.239958064856574,0.02739646632368771,0.4991808487423642,6.232578236528567
20,95,1.0,6972.010068309437,0.1361571347794593,8.985815985524674,-8.849658850745215,-8.849658850745215,0.0,-0.07304245944352772,-2.6080061414302724,3.602595379699682,6.24165270931494,0.02737431466783051,0.4991299700363367,6.233805579141751
20,96,1.0,7500.322586919849,0.06503394650634436,8.987735256695089,-8.922701310188742,-8.922701310188744,1.7763568394002505e-15,0.043209721346384455,-2.681249645711224,3.602394334862261,6.241451664477521,0.027396954942716746,0.4991552795801476,6.2338352914707045
20,97,1.0,7183.137819873516,0.10673550806401622,8.986227096906376,-8.879491588842358,-8.87949158884236,1.7763568394002505e-15,0.0059035621741792,-2.638026702407358,3.6024075568197427,6.2414648864350015,0.0273736273750079,0.4991394911504266,6.23370872040774
20,98,1.0,7140.856646714178,0.1112927735198643,8.984880800188042,-8.873588026668179,-8.873588026668179,0.0,0.13356534225751382,-2.631740610562813,3.6027900864901077,6.241847416105366,0.02737387607852209,0.4991192457320834,6.233910578507737
20,99,1.0,6248.037443696059,0.2383552303947125,8.978377914805376,-8.740022684410665,-8.740022684410665,0.0,-0.03864282505560901,-2.496895267415152,3.6040700873802534,6.243127416995512,0.027475011458579147,0.4989994560028567,6.234095102476917
20,100,1.0,6494.2049331153175,0.20281655792379666,8.98148206739007,-8.778665509466274,-8.778665509466274,0.0,0.026852723078274465,-2.5375972320677613,3.602010947783253,6.2410682773985116,0.027496730549489815,0.4990185192734869,6.232217975128352
20,101,1.0,6322.1384129329945,0.2246768557235096,8.97648964211151,-8.751812786388,-8.751812786388,0.0,-0.06062629324264002,-2.5073661855062324,3.605389271266509,6.244446600881767,0.027520451003511234,0.49895363879505655,6.234992767514077
20,102,1.0,6717.283291175243,0.16649021502526246,8.9789292946559,-8.81243907963064,-8.812439079630638,1.7763568394002505e-15,-0.04859090470731431,-2.5683518468760136,3.605029903139367,6.244087232754626,0.027459456352903006,0.49899532873637426,6.235017851745739
20,103,1.0,7051.742189376702,0.11656811369172984,8.977598098029683,-8.861029984337954,-8.861029984337952,1.7763568394002505e-15,-0.03933598120110027,-2.613999209804343,3.6079734449183514,6.24703077453361,0.027330416652220312,0.4990158919423352,6.238136278282644
20,104,1.0,7334.657279852925,0.08064900656514218,8.981014972104195,-8.900365965539054,-8.900365965539052,1.7763568394002505e-15,-0.028774176457822875,-2.655861364018898,3.6054472719048953,6.244504601520155,0.027287434388144273,0.49905004954665266,6.235935758543069
20,105,1.0,7548.771713065242,0.05079299138419099,8.979933133381067,-8.929140141996877,-8.929140141996877,0.0,0.024690826006096955,-2.683275746533732,3.6068070658478857,6.245864395463144,0.027346105751158284,0.4990288198453977,6.237096257082084
20,106,1.0,7364.668487408902,0.07594120092617954,8.980390516916959,-8.90444931599078,-8.90444931599078,0.0,-0.0615958560062424,-2.6598913484979545,3.6055006378775656,6.244557967492825,0.02733435004140329,0.49902610215018983,6.235768292721933
20,107,1.0,7832.563828639391,0.017159382341364594,8.983204554338387,-8.966045171997022,-8.966045171997022,0.0,-0.05585497924714211,-2.722906453260015,3.60408138912175,6.243138718737008,0.027358128568317597,0.4990489222088769,6.234567296995975
20,108,1.0,8282.500141383212,-0.03777641074730103,8.984123740496862,-9.021900151244164,-9.021900151244163,1.7763568394002505e-15,0.0030477801107853253,-2.7786533691308404,3.6041894524980655,6.243246782113324,0.02734603243096313,0.49905368091145513,6.234722085933476
20,109,1.0,8257.295331055087,-0.03410745900040674,8.984744912132973,-9.018852371133379,-9.018852371133379,0.0,0.007494853372094212,-2.7772627134779215,3.6025323280402004,6.241589657655459,0.02747738595448315,0.498997929830548,6.232560498715006
20,110,1.0,8195.639452797426,-0.028899057836452562,8.982458459924835,-9.011357517761285,-9.011357517761288,3.552713678800501e-15,0.00021245257634738834,-2.7681572878083407,3.604142900337685,6.2432002299529445,0.027537388741401807,0.4989494927647879,6.233722945546446
20,111,1.0,8193.898453027363,-0.035873052405401756,8.975272012779536,-9.011145065184937,-9.011145065184937,0.0,-0.0008573315726341235,-2.761870048695669,3.610217686874012,6.24927501648927,0.027584403803526496,0.4988483681898518,6.23884598501204
20,112,1.0,8200.926353063924,-0.0347264784796815,8.97727591827789,-9.012002396757572,-9.012002396757572,0.0,0.01994006414766858,-2.7643138006915735,3.6086312664507396,6.247688596065999,0.027494049690952604,0.49889765941991493,6.237727330015727
20,113,1.0,8039.018942172843,-0.01654348140557195,8.975518851204331,-8.992062332609903,-8.992062332609903,0.0,0.09298419136360536,-2.744217511571825,3.6087874914228166,6.247844821038076,0.027524252272791948,0.498826810787451,6.23722929955033
20,114,1.0,7325.217609651825,0.07377962134830879,8.972857762594607,-8.899078141246298,-8.8990781412463,1.7763568394002505e-15,-0.020949672196568514,-2.652076250153574,3.607944561477465,6.247001891092723,0.027495167774595188,0.4987644862644294,6.235810131618686
20,115,1.0,7480.297279615357,0.05543976252022544,8.97546757596309,-8.920027813442866,-8.920027813442864,1.7763568394002505e-15,-0.026491637568497595,-2.675378856475028,3.6055916273525783,6.244648956967837,0.027507090830469375,0.49877766854806643,6.2335802822325475
20,116,1.0,7681.110799321545,0.032357887684346456,8.97887733869571,-8.946519451011364,-8.946519451011364,0.0,-0.029190240155500646,-2.7048684481169114,3.6025936732791926,6.241651002894453,0.027556785369273716,0.4988088199482007,6.230899005614722
20,117,1.0,7908.6287653734835,0.0016677753693925285,8.977377466536257,-8.975709691166864,-8.975709691166864,0.0,-0.03964188568377658,-2.7325123496380317,3.6041400119135756,6.243197341528835,0.027571966738446477,0.49878515866317624,6.232212734974419
20,118,1.0,8228.438778667158,-0.03492270696122295,8.980428869889419,-9.015351576850641,-9.015351576850643,1.7763568394002505e-15,-0.0007553361055609997,-2.774504131649885,3.6017901155854966,6.240847445200755,0.02759400840752184,0.4988085097780031,6.23008060407883
20,119,1.0,8234.656363456612,-0.033864147589498184,8.982242765366706,-9.016106912956202,-9.016106912956204,1.7763568394002505e-15,-5.938308511588275e-06,-2.776740390235561,3.600309193105382,6.239366522720641,0.027527451987914953,0.4988490854484016,6.228989585064605
20,120,1.0,8234.705263531776,-0.03187213175859849,8.984240719506115,-9.016112851264714,-9.016112851264714,0.0,-0.036558177271363235,-2.7784347380081473,3.5986207836413073,6.237678113256566,0.0274935850491964,0.4989005276201077,6.227782253065621
20,121,1.0,8541.321596825033,-0.06877331212675676,8.98389771640932,-9.052671028536077,-9.052671028536077,0.0,-0.09288443918768508,-2.814350622114333,3.5992630768064844,6.238320406421744,0.027486261092377843,0.49889028139376496,6.228330469356024
20,122,1.0,9372.690442827912,-0.16576060198779036,8.979794865735972,-9.145555467723762,-9.145555467723762,0.0,-0.08746621493143181,-2.901836254154066,3.604661883954435,6.243719213569695,0.02756315055335178,0.49887687428983046,6.233582675272606
20,123,1.0,10229.404873859692,-0.2533494889776245,8.979672193677569,-9.233021682655194,-9.233021682655194,0.0,-0.04288703996463106,-2.9877709283135863,3.6061934247263485,6.2452507543416065,0.027523840398378067,0.4989324980227728,6.235601317524753
20,124,1.0,10677.657172933905,-0.2997470624791241,8.9761616601407,-9.275908722619825,-9.275908722619825,0.0,0.03690544755399294,-3.027380986482991,3.609470406521576,6.248527736136834,0.027548437645966026,0.49891225538112505,6.238667137747589
20,125,1.0,10290.776371073072,-0.2619393800269168,8.977063895038913,-9.239003275065832,-9.23900327506583,1.7763568394002505e-15,-0.03521456971907355,-2.9924201449775762,3.607525800472996,6.246583130088254,0.0275946498249544,0.4988840424226346,6.236481166689977
20,126,1.0,10659.61781456492,-0.3009711137278247,8.973246731057081,-9.274217844784905,-9.274217844784905,0.0,-0.009147629899228349,-3.023740345869616,3.611420169300029,6.250477498915287,0.027557628986210385,0.4988745640092385,6.24026851430618
20,127,1.0,10757.575410031428,-0.3163463209657562,8.967019153718379,-9.283365474684134,-9.283365474684135,1.7763568394002505e-15,0.09286871688560971,-3.0283252850304696,3.6159828600384074,6.255040189653665,0.027637379745311243,0.4987780489622287,6.243893650328624
20,128,1.0,9803.519744690895,-0.2168951588111526,8.973601598987372,-9.190496757798524,-9.190496757798524,0.0,0.009958332257888003,-2.9433742064963715,3.6080652216868936,6.247122551302151,0.02760968094940461,0.4987583702355471,6.235875047042179
20,129,1.0,9706.37752779758,-0.2088389480912295,8.971699477449405,-9.180538425540636,-9.180538425540634,1.7763568394002505e-15,0.048643179023798666,-2.9320235958616956,3.6094575000636806,6.248514829678939,0.027506037329204515,0.4987453792522839,6.237149188537109
20,130,1.0,9245.527929493892,-0.15829330770504024,8.973601938811795,-9.131895246516837,-9.131895246516835,1.7763568394002505e-15,-0.024092402384125577,-2.885939958170288,3.6068979587312904,6.245955288346548,0.02742224990026168,0.498758171660638,6.234734617151912
20,131,1.0,9470.979842654066,-0.1804002112214179,8.975587437679543,-9.155987648900963,-9.155987648900961,1.7763568394002505e-15,-0.05712920871816074,-2.9124163665747167,3.6045139527109873,6.243571282326246,0.027564317456548918,0.4987279274010249,6.232083912058103
20,132,1.0,10027.803436489437,-0.23781303436935375,8.97530382324977,-9.213116857619124,-9.213116857619125,1.7763568394002505e-15,-0.07585275948997783,-2.968737226822085,3.60532230118178,6.244379630797039,0.02759813117555006,0.498743149819011,6.233023599113616
20,133,1.0,10818.031639209938,-0.3134686919196671,8.975500925189433,-9.288969617109101,-9.2889696171091,1.7763568394002505e-15,0.07579997304757136,-3.043735759898101,3.606176527595739,6.245233857210999,0.02764279598259259,0.4987905156731738,6.234300039826938
20,134,1.0,10028.332782529022,-0.23618324241511096,8.976986401646418,-9.21316964406153,-9.213169644061528,1.7763568394002505e-15,0.023206917762113477,-2.970646825047041,3.603465489399231,6.242522819014489,0.02760765662450122,0.49876115857735476,6.23134963980416
20,135,1.0,9798.285754027447,-0.2125694480062295,8.977393278293189,-9.189962726299417,-9.189962726299418,1.7763568394002505e-15,0.06281818904380998,-2.9489163647542864,3.6019890319298713,6.241046361545129,0.02766113787285991,0.4987154661364734,6.229465424096562
20,136,1.0,9201.709281575273,-0.1501967171612908,8.976947820094317,-9.127144537255607,-9.127144537255608,1.7763568394002505e-15,-0.008014620717663234,-2.8865968699993907,3.6014903376409544,6.240547667256213,0.027607890132683242,0.49870568401298043,6.228900773072062
20,137,1.0,9275.753814496575,-0.15833395778087508,8.976825200192394,-9.13515915797327,-9.13515915797327,0.0,-0.03644960983641887,-2.8948031220614396,3.6012987062965713,6.240356035911829,0.02752353903239734,0.49870511142524454,6.228700470658292
20,138,1.0,9620.088736731646,-0.19538836931857897,8.97622039849111,-9.171608767809689,-9.171608767809689,0.0,-0.007413077136961377,-2.9295641381834563,3.6029873000109736,6.242044629626234,0.027491687300341478,0.4987404190285624,6.230711349073938
20,139,1.0,9691.668180775467,-0.20001970702052646,8.979002137926123,-9.17902184494665,-9.17902184494665,0.0,0.0811834730761376,-2.940532873821754,3.599431641509637,6.238488971124896,0.027603163911529983,0.49872697949803657,6.227043913483977
20,140,1.0,8935.955598211815,-0.12013100964969414,8.977707362220816,-9.097838371870512,-9.097838371870509,3.552713678800501e-15,-0.035979012231464935,-2.860685589494165,3.5980954527610876,6.237152782376348,0.027476932824781062,0.4986698201531682,6.225199204472456
20,141,1.0,9263.316196493184,-0.15720738682237645,8.976609997279601,-9.133817384101977,-9.133817384101977,0.0,-0.0001139889669392602,-2.8952773199829163,3.5994827345038023,6.238540064119062,0.02756406804509225,0.4986746385244683,6.226622208826977
20,142,1.0,9264.372172520518,-0.15909379299656287,8.974837580072354,-9.133931373068917,-9.133931373068917,0.0,0.12350151793476272,-2.8938981862606545,3.600975857193003,6.240033186808263,0.027550137647197683,0.49865385912869653,6.227923225437804
20,143,1.0,8188.040189692779,-0.036587253129227074,8.973842602004925,-9.010429855134154,-9.010429855134152,1.7763568394002505e-15,0.021877726718514623,-2.772517700383299,3.5988548251355956,6.237912154750854,0.027527590592270924,0.49860127711155644,6.225322371324964
20,144,1.0,8010.849812786231,-0.017959319062514544,8.970592809353125,-8.98855212841564,-8.98855212841564,0.0,-0.017155159770181783,-2.7486618215567082,3.6008329772436727,6.239890306858931,0.027543331584562618,0.4985746889165169,6.227040156618876
20,145,1.0,8149.4627856062,-0.04195367561441627,8.963753612571402,-9.005707288185821,-9.005707288185818,3.552713678800501e-15,-0.05139913300565624,-2.7591583659374423,3.6074915926331195,6.246548922248377,0.027588670942324426,0.49851409052271706,6.233089664442424
20,146,1.0,8579.289851717596,-0.09251124602248215,8.964595175168997,-9.057106421191477,-9.05710642119148,1.7763568394002505e-15,0.1539492492557546,-2.810532121790707,3.6075169697855105,6.246574299400769,0.027424923738137357,0.4985573231893612,6.23353863406159
20,147,1.0,7355.158420316949,0.05774105031178553,8.960898222247508,-8.903157171935723,-8.903157171935723,0.0,0.05702544197322723,-2.6580317625485157,3.6060680797719464,6.245125409387205,0.027437434303542146,0.4984359659361519,6.2309964568979685
20,148,1.0,6947.462263685188,0.11746397216882355,8.963595702131318,-8.846131729962496,-8.846131729962494,1.7763568394002505e-15,-0.019886407138770323,-2.6066676206036172,3.60040677974362,6.239464109358879,0.027535017120606523,0.4983712360757633,6.224781626708174
20,149,1.0,7087.005232270323,0.0953480949244605,8.961366232025725,-8.866018137101266,-8.866018137101264,1.7763568394002505e-15,-0.023939988754316133,-2.6243735704416404,3.602587237044369,6.241644566659626,0.027464387060756226,0.49835041962717924,6.226789355164604
20,150,1.0,7258.715224641123,0.07175872686727434,8.961716852722855,-8.889958125855582,-8.88995812585558,1.7763568394002505e-15,0.04811247434064647,-2.6485492190614885,3.602351577178836,6.241408906794095,0.0274685949382765,0.4983492453382505,6.226564105127318
20,151,1.0,6917.74861840667,0.11709100032954037,8.958936651844477,-8.841845651514936,-8.841845651514936,0.0,0.09978248653112232,-2.60069111581607,3.6020972060836085,6.241154535698867,0.02747528431406563,0.4982594946484524,6.2254997803643874
20,152,1.0,6260.799458614035,0.20985036053692582,8.951913525520737,-8.742063164983813,-8.742063164983811,1.7763568394002505e-15,0.04924937684713271,-2.4987079469526408,3.6042978884159154,6.243355218031175,0.02750725689015908,0.49813186919863567,6.226526551769721
20,153,1.0,5959.928647767734,0.2551506444598245,8.947964432596505,-8.69281378813668,-8.69281378813668,0.0,-0.05460015609967783,-2.448508450092485,3.605248008428937,6.244305338044195,0.02763888855833138,0.498066374579821,6.226880524529611
20,154,1.0,6294.389400501286,0.20535084335064732,8.952764787587004,-8.747413944236358,-8.747413944236357,1.7763568394002505e-15,-0.018846980931751744,-2.5063217195957312,3.602034895025368,6.241092224640629,0.027580472589913592,0.49810385421667924,6.224039424784283
20,155,1.0,6414.14460471492,0.1890462956778065,8.955307220845917,-8.76626092516811,-8.76626092516811,0.0,0.007571587692444481,-2.528728859752396,3.5984747358004543,6.237532065415713,0.02757269243463647,0.49806806026049955,6.220179377802631
20,156,1.0,6365.7627412690645,0.19731122989778382,8.956000567373447,-8.758689337475666,-8.758689337475664,1.7763568394002505e-15,-0.004641235517894415,-2.5232179663059573,3.596414041554451,6.23547137116971,0.027626548377690737,0.498029799394332,6.21778186027052
20,157,1.0,6395.376414258617,0.19371566304540572,8.957046236038964,-8.76333057299356,-8.763330572993558,1.7763568394002505e-15,-0.04086853195601847,-2.529110655998297,3.595162587380004,6.234219916995263,0.027585226692055594,0.4980303380298309,6.216540906382261
20,158,1.0,6662.160464169926,0.15210860047502786,8.95630770542461,-8.804199104949578,-8.804199104949582,3.552713678800501e-15,0.04878006139990454,-2.5692852805510737,3.595856494783248,6.2349138243985065,0.027578197179124672,0.4980195785365651,6.217141299417187
20,159,1.0,6344.978829315848,0.19804856627916106,8.953467609828834,-8.755419043549674,-8.755419043549674,0.0,0.08350179938208058,-2.520320581180053,3.5960411327543627,6.2350984623696215,0.027607038752264185,0.4979454983895691,6.216655072677143
20,160,1.0,5836.67896778035,0.274643410278685,8.946560654446277,-8.671917244167593,-8.671917244167592,1.7763568394002505e-15,-0.01721018723656087,-2.4339435311761433,3.5989163833761912,6.23797371299145,0.02769568358294943,0.49786408015676037,6.21875939452868
20,161,1.0,5937.998670365851,0.25578427519503594,8.944911706599191,-8.689127431404154,-8.689127431404154,0.0,0.013913051887188388,-2.449186089002222,3.600884012786672,6.239941342401932,0.027693854423204826,0.4978516214821851,6.22059324720357
20,162,1.0,5855.955048789319,0.2688779003883965,8.944092279905362,-8.675214379516966,-8.675214379516966,0.0,-0.011218378762320569,-2.4364894396983523,3.5996676102033547,6.238724939818614,0.027648851607552528,0.4977938949008881,6.218879404670615
20,163,1.0,5922.019244267578,0.2595999223357973,8.946032680615083,-8.686432758279286,-8.686432758279286,0.0,0.016627097156044712,-2.450281640791782,3.5970937878722467,6.236151117487504,0.027651123766631404,0.4977532287485077,6.21596293050066
20,164,1.0,5824.367338525022,0.27435133493052805,8.94415699605377,-8.669805661123242,-8.669805661123242,0.0,0.05670698452663281,-2.432845067648436,3.5979032638595463,6.236960593474804,0.027661463319606373,0.49774853256622875,6.216722947745845
20,165,1.0,5503.275154330024,0.32798320969910943,8.941081886295716,-8.613098676596609,-8.613098676596607,1.7763568394002505e-15,0.0055684392811663486,-2.376364785353568,3.597676561627783,6.236733891243041,0.027755395432326132,0.49765956852264626,6.2156840409888074
20,166,1.0,5472.715664082991,0.33380281302373715,8.94133305033918,-8.607530237315443,-8.607530237315443,0.0,-0.05389243824278722,-2.372333980787331,3.5961389269128543,6.235196256528112,0.02778149669051168,0.4976309046728013,6.213897238809909
20,167,1.0,5775.745832629003,0.2831411104633853,8.944563786021618,-8.66142267555823,-8.661422675558233,3.552713678800501e-15,0.036538919030684625,-2.427420745019922,3.594944600923051,6.23400193053831,0.027753084798326288,0.49767085171803954,6.213062806670761
20,168,1.0,5568.5153673794175,0.31628132023611055,8.941165076763657,-8.624883756527545,-8.624883756527545,0.0,0.007087260366370529,-2.390695955378807,3.595130471533479,6.234187801148737,0.027779377744187667,0.4975870819267434,6.212498748379924
20,169,1.0,5529.189370515637,0.31761705858653255,8.935413554747708,-8.617796496161175,-8.617796496161175,0.0,0.07241965312256404,-2.3790527303894753,3.5996864361564405,6.2387437657717,0.02773878961436349,0.49751997242813584,6.216394047072032
20,170,1.0,5142.922841505977,0.38327051014980723,8.928647353188417,-8.54537684303861,-8.54537684303861,0.0,-0.02534255108398753,-2.3045634794206746,3.6017560340026775,6.240813363617936,0.027848027953427872,0.4974268344714323,6.217590430845749
20,171,1.0,5274.923174290154,0.35895807959959863,8.929677473722196,-8.570719394122598,-8.570719394122596,1.7763568394002505e-15,0.017287901848250797,-2.331924657445495,3.5997374070618435,6.238794736677102,0.027742549687068966,0.49739325364113457,6.215333984994374
20,172,1.0,5184.514559527444,0.3761823699468491,8.929613862221197,-8.553431492274347,-8.553431492274349,1.7763568394002505e-15,-0.013973629922844566,-2.3170614597940764,3.5973127028650143,6.236370032480273,0.02783217512611947,0.49735650195729053,6.212609228690397
20,173,1.0,5257.46958345441,0.35981024892462576,8.927215371121818,-8.567405122197192,-8.567405122197192,0.0,0.007063617210386397,-2.32824461966241,3.6001031729195234,6.239160502534781,0.027762401605509298,0.49734910094950185,6.215313471609973
20,174,1.0,5220.463682447617,0.3668160893776541,8.92715759436446,-8.560341504986805,-8.560341504986805,0.0,0.02133690347382533,-2.3235026214143373,3.5977815539572098,6.236838883572468,0.027819407225226498,0.4972707684770441,6.21230745896464
20,175,1.0,5110.255088957581,0.3845865811573955,8.923591182670375,-8.53900460151298,-8.53900460151298,0.0,0.006865051298984071,-2.301295736072825,3.598651535824896,6.237708865440156,0.027835509919954173,0.49721419780682274,6.212660885571197
20,176,1.0,5075.293070954638,0.38866908599809785,8.920808636212094,-8.532139550213996,-8.532139550213996,0.0,0.033429372318719786,-2.2932875775200228,3.599794643078713,6.238851972693972,0.02787157558291694,0.4971918785904639,6.2135967346977745
20,177,1.0,4908.43374925782,0.42062522995939433,8.919335407854671,-8.498710177895276,-8.498710177895276,0.0,-0.036141157629986154,-2.261663879948927,3.5979889683310913,6.237046297946351,0.027961416161014014,0.4971059372157428,6.211006133927249
20,178,1.0,5089.074854328002,0.3860353532476717,8.920886688772935,-8.534851335525262,-8.534851335525264,1.7763568394002505e-15,-0.05855499204931647,-2.2985667080423995,3.5972272978676045,6.2362846274828625,0.027891632189805376,0.4971056640043814,6.210247161161722
20,179,1.0,5395.962823020514,0.3306575065241871,8.924063834098765,-8.593406327574579,-8.593406327574579,0.0,-0.10304562808693696,-2.358927513345699,3.59542148461362,6.234478814228878,0.02780360532653877,0.4971604998585229,6.208971917335554
20,180,1.0,5981.651358093389,0.23281980884471837,8.929271764506234,-8.696451955661516,-8.696451955661516,0.0,0.05127280808109269,-2.464135194294019,3.593259431752238,6.232316761367497,0.02765738076273495,0.4972248320607599,6.207439571255837
20,181,1.0,5682.685206226879,0.27851248604157713,8.923691633622001,-8.645179147580423,-8.645179147580423,0.0,0.004487210704107625,-2.411077351751643,3.595044466213522,6.2341017958287805,0.02768715653588701,0.49710016349021624,6.208077960223584
20,182,1.0,5657.242925468844,0.2808999211123163,8.92159185798863,-8.640691936876316,-8.640691936876314,1.7763568394002505e-15,0.05431745260236731,-2.406124906474935,3.595509700786122,6.23456703040138,0.027716383903978594,0.4970490736551654,6.208104149018564
20,183,1.0,5358.152352445613,0.3270501799293368,8.913424664203285,-8.586374484273948,-8.586374484273948,0.0,0.02390768011487765,-2.348020407372111,3.5992967472865787,6.238354076901837,0.027763309024183707,0.49688785990997336,6.210379318434009
20,184,1.0,5231.570528094991,0.3416248849142172,8.904091689073287,-8.56246680415907,-8.562466804159069,1.7763568394002505e-15,-0.06739005207381865,-2.3180353683010755,3.605374106242736,6.244431435857995,0.027802529583552678,0.49672445183712644,6.214880817056161
20,185,1.0,5596.277123285886,0.27471871355078714,8.904575569783676,-8.62985685623289,-8.62985685623289,0.0,0.00797221221118427,-2.384497783316874,3.6063017433007567,6.245359072916015,0.027780435132163703,0.49671409944870787,6.215699854975635
20,186,1.0,5551.839781780094,0.28670357668960744,8.90858822071131,-8.621884644021705,-8.621884644021703,1.7763568394002505e-15,0.02766790874067837,-2.3819776297259567,3.600849684680489,6.239907014295747,0.027784874550833786,0.49674029357059674,6.2105921581209875
20,187,1.0,5400.337525282781,0.30663489482161166,8.900851630102638,-8.594216735281027,-8.594216735281027,0.0,0.09364137818553431,-2.350004699580861,3.6051547060849054,6.244212035700164,0.027854545812330943,0.49660102637397774,6.2135519164650574
20,188,1.0,4917.597401062327,0.3902563375890145,8.890831694684506,-8.500575357095492,-8.50057535709549,1.7763568394002505e-15,0.007453141799537377,-2.2495678759259383,3.611950151554295,6.251007481169554,0.027942498006741128,0.49646654161018855,6.218999869081961
20,189,1.0,4881.082096224791,0.4013889583415293,8.894511173637483,-8.493122215295955,-8.493122215295953,1.7763568394002505e-15,-0.009928735732859906,-2.247862367916917,3.6062025177637795,6.245259847379039,0.02811506231943352,0.49645960712785453,6.213309523518769
20,190,1.0,4929.786456705906,0.3877715973284878,8.8908225483573,-8.503050951028815,-8.503050951028811,3.552713678800501e-15,0.030123226314879403,-2.2540255193751157,3.60996810203844,6.2490254316537,0.0281151982628561,0.4964582366870121,6.217016558524459
20,191,1.0,4783.499758891101,0.4184702854473168,8.891398010161252,-8.472927724713935,-8.472927724713935,0.0,0.036764290301501745,-2.2273527503379715,3.606517644760705,6.245574974375963,0.028110084886216496,0.49643700072315283,6.213430178804996
20,192,1.0,4610.831250658561,0.4501284344607804,8.886291868873215,-8.436163434412434,-8.436163434412435,1.7763568394002505e-15,-0.020442312818163444,-2.1898172941737313,3.6072888106234458,6.246346140238706,0.028215997404740036,0.49625483698346895,6.212492198173137
20,193,1.0,4706.057309750074,0.4326341252540217,8.889239872484618,-8.456605747230597,-8.456605747230595,1.7763568394002505e-15,-0.007754627630484734,-2.2126585361077553,3.6048898815075825,6.243947211122842,0.02803558775078967,0.49632076825989946,6.210765892994127
20,194,1.0,4742.692895871498,0.4254375945969038,8.889797969457984,-8.464360374861082,-8.46436037486108,1.7763568394002505e-15,-0.004142193751503598,-2.2229985731969917,3.6023044720488313,6.24136180166409,0.02814989599694229,0.4962685797569407,6.207755519077071
20,195,1.0,4762.378792000889,0.41784172642107476,8.88634429503366,-8.468502568612585,-8.468502568612585,0.0,0.00802938986889501,-2.2266452221113657,3.602800016885961,6.241857346501219,0.02816189624926138,0.49616727807938943,6.207349224587206
20,196,1.0,4724.292903818623,0.42532337523562525,8.885796553979315,-8.46047317874369,-8.46047317874369,0.0,-0.10270962102173442,-2.219418432292388,3.6019974168360434,6.241054746451303,0.02818531211936763,0.49614607895769225,6.206381371195362
20,197,1.0,5235.317650909092,0.32574282966131674,8.88892562942674,-8.563182799765425,-8.563182799765423,1.7763568394002505e-15,0.11521598564513269,-2.322345591036144,3.6017798791140216,6.240837208729281,0.02800587247437043,0.4962140858619433,6.206798416486421
20,198,1.0,4665.577100106375,0.43529516543195657,8.88326197955225,-8.447966814120292,-8.447966814120294,1.7763568394002505e-15,0.0397301300219457,-2.206464070184045,3.6024454143209885,6.2415027439362465,0.028154188426838242,0.4961284588973692,6.206670385949771
20,199,1.0,4483.847097786838,0.4682934870358231,8.87653017113417,-8.408236684098346,-8.408236684098348,1.7763568394002505e-15,-0.14934606968290076,-2.163308956457638,3.6058703980254494,6.2449277276407065,0.028273152488165157,0.49601193712164005,6.208960266984247
20,200,1.0,5206.0815694274115,0.331348269125804,8.888931022907048,-8.557582753781247,-8.557582753781244,3.552713678800501e-15,-0.005255444995805547,-2.319514283652052,3.599011140513936,6.238068470129194,0.028060205477603378,0.4961789606143047,6.203788945428603
20,201,1.0,5233.513866083011,0.32728508883154306,8.890123287608596,-8.562838198777053,-8.562838198777053,0.0,0.04514326442344263,-2.3270760552639445,3.596704813897849,6.235762143513108,0.028036884213124377,0.4961778111355652,6.201502263698053
20,202,1.0,5002.509344157077,0.36964671362284235,8.88734164797645,-8.51769493435361,-8.517694934353608,1.7763568394002505e-15,0.009181775023852978,-2.281845843805569,3.596791760932782,6.235849090548039,0.028034214589365183,0.4960900609851079,6.200786326893171
20,203,1.0,4956.787653157988,0.37890209255593926,8.887415251885697,-8.508513159329757,-8.508513159329757,0.0,0.01236219291298113,-2.2737963308279583,3.5956594988865396,6.234716828501798,0.02805414884645882,0.4960773104585358,6.199542524825489
20,204,1.0,4895.888089610725,0.3900310811317328,8.886182047548507,-8.496150966416776,-8.496150966416774,1.7763568394002505e-15,-0.0831054597726748,-2.262694405720984,3.5943992310805326,6.2334565606957915,0.02806546766367397,0.49598646087465265,6.197485160816498
20,205,1.0,5320.148131364267,0.3098224542855259,8.889078880474976,-8.57925642618945,-8.57925642618945,0.0,0.005113954406180454,-2.3469971961327993,3.593201900441391,6.232259230056649,0.027878768580012116,0.49603097150905595,6.196743033774477
20,206,1.0,5293.010585615105,0.3128343699298489,8.886976841713121,-8.57414247178327,-8.574142471783272,1.7763568394002505e-15,-0.007502923131994521,-2.3425893154014017,3.59249582676661,6.23155315638187,0.02789547720559105,0.49594316688636,6.195264003430599
20,207,1.0,5332.872992462486,0.30629400212258545,8.88793939703785,-8.581645394915265,-8.581645394915265,0.0,0.03939446439234828,-2.3522040374699347,3.5903840278300723,6.229441357445331,0.02797306798528577,0.4959194342995294,6.192967434535978
20,208,1.0,5126.871615063427,0.34259760632363256,8.884848536846546,-8.542250930522917,-8.542250930522913,3.552713678800501e-15,-0.026034752910911507,-2.313276985606712,3.5899166153009463,6.228973944916206,0.028054861080479766,0.4958279763484642,6.191680996772598
20,209,1.0,5262.1011462604565,0.31557212394098716,8.883857807374817,-8.568285683433828,-8.56828568343383,1.7763568394002505e-15,0.010172013958092307,-2.3381185220645913,3.591109831753978,6.230167161369237,0.028073986065362336,0.4958461557796925,6.193039377716145
20,210,1.0,5208.846293692218,0.32264806576855676,8.88076173524429,-8.558113669475736,-8.558113669475734,1.7763568394002505e-15,-0.0510159863799462,-2.326902415188237,3.592153924672238,6.231211254287497,0.028102853546608787,0.4957540160854913,6.193247242774186
20,211,1.0,5481.475830700557,0.2738554374989991,8.882985093354682,-8.609129655855682,-8.609129655855682,0.0,0.05694991152935813,-2.379608203239354,3.590464123001072,6.229521452616331,0.028034024812703846,0.49578081613368097,6.191836056189893
20,212,1.0,5178.0289141095745,0.3236996831578727,8.875879427484197,-8.552179744326324,-8.552179744326324,0.0,0.07626343444152894,-2.3205820449152705,3.592540369795794,6.231597699411052,0.028142887744724912,0.4956151774471997,6.192386757109328
20,213,1.0,4797.817038884272,0.39202019189143217,8.86793650177623,-8.475916309884795,-8.475916309884797,1.7763568394002505e-15,-0.03998403633655023,-2.2406497145788515,3.596209265690685,6.235266595305944,0.02829967433486017,0.49550833708477715,6.195026644081357
20,214,1.0,4993.539950847098,0.3531866347897905,8.869086981011137,-8.515900346221345,-8.515900346221347,1.7763568394002505e-15,-0.007638744042299805,-2.2828282858939373,3.5940147307121504,6.23307206032741,0.02815957184111973,0.4954929259618618,6.192752621096398
20,215,1.0,5031.830383615847,0.34194839410765737,8.865487484371302,-8.523539090263645,-8.523539090263645,0.0,0.06466524883281188,-2.2874685275213698,3.5970132331270146,6.236070562742273,0.02816648627256749,0.49554359432763895,6.196141326563928
20,216,1.0,4716.743204767644,0.40168954646291144,8.860563387893741,-8.458873841430833,-8.45887384143083,3.552713678800501e-15,-0.013554291668750551,-2.2220817159131334,3.597734795902441,6.236792125517701,0.028161553939170463,0.49539873186025035,6.195481517855638
20,217,1.0,4781.110559386015,0.3897774100706636,8.862205543170248,-8.472428133099584,-8.472428133099584,0.0,0.01886365566651449,-2.2384986433827843,3.5948721601015405,6.2339294897167985,0.028153948533267442,0.4953789064729991,6.192485051867393
20,218,1.0,4691.76666166161,0.40737088949368916,8.86093536692676,-8.45356447743307,-8.453564477433071,1.7763568394002505e-15,-0.05555136915970671,-2.2212730984323104,3.5932340493854986,6.232291379000757,0.02819430740087841,0.4952790195886427,6.189994196231585
20,219,1.0,4959.775946354703,0.35305558059526926,8.862171427188045,-8.509115846592776,-8.509115846592776,0.0,-0.03425636796860054,-2.2781261648018005,3.591932352175717,6.230989681790975,0.028046349058718698,0.49528384921415,6.188786959627727
20,220,1.0,5132.623518528763,0.31776561583426943,8.861137830395647,-8.543372214561376,-8.543372214561376,0.0,-0.03664196763754468,-2.311365695005836,3.5929491899402817,6.23200651955554,0.027977571213175473,0.4953040535996942,6.18998628075707
20,221,1.0,5324.181033366977,0.28159843343012614,8.86161261562905,-8.580014182198921,-8.580014182198923,1.7763568394002505e-15,0.04256059049379601,-2.3498204666325764,3.5911363859510854,6.230193715566345,0.027903879135494206,0.4952307418280445,6.18753965296203
20,222,1.0,5102.335176712448,0.32135662606265525,8.858810217767779,-8.537453591705125,-8.537453591705123,1.7763568394002505e-15,0.09466746896491074,-2.3087593127145185,3.5896369493753477,6.2286942789906075,0.028057796290446572,0.49510547238727254,6.184884573713016
20,223,1.0,4641.468688083517,0.41002637262863395,8.852812495368845,-8.442786122740214,-8.44278612274021,3.552713678800501e-15,-0.004780774146935229,-2.213485702416043,3.5902430907089107,6.22930042032417,0.02825101819867861,0.49493065802685293,6.183865004040593
20,224,1.0,4663.711628463481,0.4038141469715408,8.851381043858694,-8.44756689688715,-8.447566896887153,3.552713678800501e-15,-0.04908019061492652,-2.2196160705413894,3.588893496730502,6.227950826345761,0.028253230294868623,0.4948808578622447,6.182147429658651
20,225,1.0,4898.317645550379,0.3537294413734406,8.850376528875515,-8.496647087502076,-8.496647087502074,1.7763568394002505e-15,0.06056237171559431,-2.2691126014883474,3.588477156398468,6.2275344860137265,0.028121975990746464,0.49485043173322524,6.181531535653357
20,226,1.0,4610.468306643426,0.4074086216768886,8.843493337463368,-8.436084715786482,-8.43608471578648,1.7763568394002505e-15,0.008407989301339569,-2.20517992920984,3.591847456961383,6.230904786576642,0.02825169285405585,0.49471521344867647,6.183620811321575
20,227,1.0,4571.866049542331,0.4120561607584603,8.839732887243601,-8.427676726485142,-8.42767672648514,1.7763568394002505e-15,0.04260509718750782,-2.195686636279195,3.5929327605906884,6.231990090205947,0.028296724085652532,0.49467180513653985,6.184308432247656
20,228,1.0,4381.172358430642,0.45033876604844325,8.835410395346079,-8.385071629297634,-8.385071629297636,1.7763568394002505e-15,-0.10966748077257549,-2.152408330670655,3.59360596901172,6.23266329862698,0.028379476956572898,0.4945433677821997,6.183786510387707
20,229,1.0,4888.980676224446,0.34620409424421306,8.840943204314422,-8.49473911007021,-8.49473911007021,0.0,-0.09893417953864514,-2.2635400377600625,3.592141742694888,6.2311990723101465,0.028095200386224053,0.49466330064035796,6.183458450217527
20,230,1.0,5397.403532531445,0.2523206922283969,8.84599398183725,-8.593673289608855,-8.593673289608853,1.7763568394002505e-15,-0.019240146963985794,-2.3674616932577517,3.5871542667358445,6.226211596351104,0.027971104850627128,0.4947234061882215,6.179160234734174
20,231,1.0,5502.255821923123,0.23101899286554234,8.843932429438379,-8.61291343657284,-8.612913436572837,3.552713678800501e-15,0.008445700170737425,-2.3878527421597866,3.586003364797794,6.225060694413053,0.02795690674717436,0.49463041763350496,6.177204300051876
20,232,1.0,5455.981105243482,0.23517455402895482,8.839642290431058,-8.604467736402103,-8.604467736402103,0.0,-0.004824078246409513,-2.3781725010269987,3.587237905759846,6.226295235375104,0.0279359690706815,0.49452693483993004,6.177480465864943
20,233,1.0,5482.364772277091,0.22821688243667732,8.83750869708519,-8.609291814648513,-8.609291814648511,1.7763568394002505e-15,-0.03682904384467278,-2.3824662163605757,3.587768268672679,6.226825598287937,0.027889351990303478,0.4944685889391258,6.17748224640976
20,234,1.0,5688.039173448391,0.19151109986264397,8.837631958355828,-8.646120858493186,-8.646120858493184,1.7763568394002505e-15,0.025274653796506286,-2.4210320698860146,3.586031458991912,6.225088788607171,0.027909622777455848,0.4944773670044999,6.1758564913297205
20,235,1.0,5546.0775254190685,0.21494920952846125,8.835795414225139,-8.62084620469668,-8.620846204696678,1.7763568394002505e-15,-0.0363336205331386,-2.3981711956969183,3.583617679384502,6.22267500899976,0.02801135348093355,0.49431461137970406,6.1720510997748885
20,236,1.0,5751.292120929744,0.1766909767301272,8.833870801959947,-8.657179825229818,-8.65717982522982,1.7763568394002505e-15,-0.013412198233279327,-2.434571344533656,3.5835511510809033,6.222608480696162,0.027999813790829258,0.4942751232549617,6.171622751899128
20,237,1.0,5828.949202920221,0.15574277629280592,8.8263347997559,-8.670592023463097,-8.670592023463094,3.552713678800501e-15,0.03786252639296883,-2.442819666185849,3.58871502766199,6.2277723572772485,0.027935324798752662,0.49420953104223864,6.176122104205098
20,238,1.0,5612.376330035144,0.19294141718066138,8.82567091425079,-8.632729497070128,-8.632729497070128,0.0,0.047651943581598744,-2.4078862307547335,3.585785936700136,6.224843266315395,0.02801142493677838,0.4940691080485411,6.171976248653885
20,239,1.0,5351.207704044339,0.23451208532102424,8.81958963880955,-8.58507755348853,-8.585077553488526,3.552713678800501e-15,0.03217999446973785,-2.3596272637947413,3.58639296007853,6.225450289693788,0.028123922799392603,0.49387728800867065,6.170873742982452
20,240,1.0,5181.747113671634,0.2636177520319741,8.816515311050766,-8.552897559018792,-8.552897559018792,0.0,0.050704175881465474,-2.328568947693671,3.585271281709862,6.224328611325122,0.028229740199299684,0.49376588170912783,6.168706496461701
20,241,1.0,4925.56064234907,0.31086123505436364,8.813054618191691,-8.502193383137326,-8.502193383137326,0.0,-0.04126178248137613,-2.2782830257684776,3.58485302775359,6.22391035736885,0.02833411266318187,0.4936108374177121,6.166909080713554
20,242,1.0,5133.049292735446,0.27050101823676126,8.813956183855465,-8.543455165618703,-8.543455165618704,1.7763568394002505e-15,-0.00969444294114652,-2.3197641956166604,3.584633640386784,6.2236909700020435,0.028193224197272965,0.4936584453043033,6.167162908932576
20,243,1.0,5183.053335262866,0.26360415800817555,8.816753766568024,-8.553149608559849,-8.553149608559847,1.7763568394002505e-15,-0.01871674255013467,-2.3342395410027814,3.579852737941809,6.2189100675570685,0.028240564734101813,0.4936234018765839,6.162195554653901
20,244,1.0,5280.976755217671,0.24144060355800934,8.813306954667992,-8.571866351109984,-8.571866351109982,1.7763568394002505e-15,0.01896749087359062,-2.353948818033121,3.5788602034616046,6.2179175330768635,0.028302340655791493,0.4935022813723882,6.160148949179929
20,245,1.0,5181.753856256564,0.25826469944643804,8.811163559682832,-8.552898860236393,-8.552898860236395,1.7763568394002505e-15,0.10227929725276041,-2.3358473993610103,3.5779941312601236,6.217051460875382,0.02830278915355193,0.4934355415636254,6.158734018281266
20,246,1.0,4677.970134992548,0.35638496533175823,8.807004528315389,-8.450619562983633,-8.450619562983631,1.7763568394002505e-15,-0.03895168731387422,-2.2310641463970495,3.5804980869713248,6.219555416586583,0.02844681527833527,0.49333553383734946,6.160252763682872
20,247,1.0,4863.780281795654,0.31907149101815446,8.80864274131566,-8.489571250297507,-8.489571250297505,1.7763568394002505e-15,-0.04044729821025328,-2.2727257395124947,3.5777881811697534,6.216845510785013,0.028406136360647954,0.49331581413950276,6.1574219973556135
20,248,1.0,5064.539773603791,0.27778041037558243,8.807798958883339,-8.53001854850776,-8.530018548507757,3.552713678800501e-15,-0.10051127462823395,-2.314249666655605,3.5767115522368966,6.2157688818521555,0.028371991114709328,0.4932647371781292,6.155884113055879
20,249,1.0,5600.04450008823,0.1766443910317867,8.807174214167784,-8.630529823135994,-8.630529823135998,3.552713678800501e-15,-0.015561924527796478,-2.417571387353019,3.5739011061677153,6.2129584357829755,0.028284059540625173,0.49326285720951846,6.153155141008052
20,250,1.0,5687.873592320531,0.15711138429802785,8.80320313196182,-8.64609174766379,-8.64609174766379,0.0,-0.03388697021963871,-2.432035089874159,3.5749993281743735,6.214056657789632,0.028282596173424924,0.49323743681708737,6.154028866403303
20,251,1.0,5883.921367703221,0.12012075601226697,8.800099473895695,-8.67997871788343,-8.67997871788343,0.0,-0.027289369919989426,-2.4657521926865362,3.575169195581634,6.214226525196894,0.02824481517377358,0.4931889591165348,6.153770081270557
20,252,1.0,6046.700847375123,0.09296351701720112,8.80023160482062,-8.707268087803419,-8.707268087803419,0.0,-0.06547125483550964,-2.493767069598827,3.574443688589333,6.213501018204593,0.028231351813576996,0.4931688868073823,6.152910569890202
20,253,1.0,6455.833002801008,0.021371569117820566,8.794110911756748,-8.772739342638928,-8.772739342638928,0.0,0.00842980094663126,-2.556821188054446,3.5768608249692244,6.215918154584483,0.02823749126578471,0.49307016390634106,6.154373679605096
20,254,1.0,6401.640353184617,0.025520850824231472,8.789830392516526,-8.764309541692297,-8.764309541692295,1.7763568394002505e-15,0.01984149860349227,-2.548399745643266,3.5768524664337717,6.215909796049031,0.028261041011189206,0.49293911024541387,6.1532298970359145
20,255,1.0,6275.874037148479,0.045552581600316326,8.790020624689124,-8.744468043088805,-8.744468043088807,1.7763568394002505e-15,0.06407383567067093,-2.52925636130526,3.576154352168286,6.215211681783545,0.028176410592453,0.49287640923206527,6.152029904653893
20,256,1.0,5886.366583400112,0.10752902554631862,8.787923232964452,-8.680394207418134,-8.680394207418134,0.0,-0.025177819552682834,-2.4648022945040395,3.576534583298836,6.215591912914094,0.028255578433652083,0.4927833914935946,6.151573337768397
20,257,1.0,6036.4539670240065,0.08218007986071225,8.787752106831528,-8.705572026970817,-8.705572026970815,1.7763568394002505e-15,-0.010838309834428017,-2.4909703229449147,3.5755443744106437,6.214601704025903,0.028192001311259735,0.4927458499260519,6.150315712605594
20,258,1.0,6102.234757783419,0.07063872868590192,8.787049065491146,-8.716410336805245,-8.716410336805245,0.0,-0.003256332803225348,-2.5053031300833117,3.5720498771066747,6.211107206721933,0.028296697299828272,0.4926280121667419,6.145782923736313
20,259,1.0,6122.1380532878065,0.06707980687261547,8.786746476481085,-8.71966666960847,-8.71966666960847,0.0,-0.05898066194498064,-2.509931108898226,3.5706782310949863,6.209735560710245,0.028288415491207926,0.49257302476325754,6.143958607456981
20,260,1.0,6494.08688309714,0.0031240883955220428,8.781771419948974,-8.77864733155345,-8.778647331553453,1.7763568394002505e-15,-0.0044594224112017855,-2.5667731874451136,3.572816814493078,6.211874144108338,0.02826382977657671,0.4925229358033673,6.145551155699079
20,261,1.0,6523.111427937205,-0.0024392103470332466,8.780667543617621,-8.783106753964653,-8.783106753964654,1.7763568394002505e-15,0.02333228709441748,-2.57263788848486,3.5714115358645335,6.210468865479792,0.028309178951107957,0.4924376834205509,6.143390227851675
20,262,1.0,6372.674166755759,0.02040587194693544,8.78018033881717,-8.759774466870235,-8.759774466870233,1.7763568394002505e-15,0.06872163030735301,-2.552011276236787,3.5687058610181905,6.207763190633449,0.028289748323754534,0.49241190889050507,6.140575729409976
20,263,1.0,5949.44273733565,0.09089351128446024,8.781946347847342,-8.691052836562882,-8.691052836562882,0.0,-0.0050740494189263075,-2.4846779396237153,3.5673175673239084,6.206374896939166,0.02831850470838743,0.49235536164962207,6.138781072503442
20,264,1.0,5979.707220609481,0.0799820030615106,8.776108889043318,-8.696126885981808,-8.696126885981807,1.7763568394002505e-15,0.07062354747215771,-2.4871739284824783,3.5698956278840717,6.20895295749933,0.02830314212893565,0.49224409606860836,6.140290875715558
20,265,1.0,5571.966588214837,0.1515540893758282,8.777057427885477,-8.62550333850965,-8.625503338509649,1.7763568394002505e-15,0.0238052533158708,-2.4173196494417275,3.5691263594526643,6.208183689067924,0.028330223670234543,0.49223690990463637,6.1395465189695235
20,266,1.0,5440.890847604311,0.16881943630664661,8.770517521500427,-8.60169808519378,-8.60169808519378,0.0,0.011943886491616595,-2.3913579643111196,3.5712827912674014,6.210340120882662,0.028357898506119226,0.49210316671963455,6.140518454754876
20,267,1.0,5376.29201343008,0.1772469460512308,8.767001144753394,-8.589754198702163,-8.589754198702163,0.0,-0.05631251919473712,-2.3802542749649658,3.5704425941219387,6.209499923737198,0.028406670336084273,0.4919682262518213,6.138479415398836
20,268,1.0,5687.7312279521,0.11589594157106313,8.761962659467965,-8.6460667178969,-8.646066717896902,1.7763568394002505e-15,0.02136082030594899,-2.4359898608946997,3.5710195273869423,6.210076857002201,0.028375455551863535,0.49184252020619457,6.1378788504040225
20,269,1.0,5567.525045229203,0.13341776223428642,8.758123659825241,-8.624705897590951,-8.624705897590955,3.552713678800501e-15,0.01751894723403069,-2.4148738858497643,3.5707746821259287,6.209832011741189,0.028437324417034556,0.4917504786113062,6.136829132703556
20,270,1.0,5470.837274599558,0.15203465407903494,8.759221604435956,-8.60718695035692,-8.60718695035692,0.0,-0.054928482028840264,-2.4002466222649343,3.567882998476727,6.206940328091987,0.02844680335378884,0.49165352451851235,6.1331904701184285
20,271,1.0,5779.7484062336625,0.0948353065343201,8.756950738920082,-8.662115432385761,-8.662115432385763,1.7763568394002505e-15,0.012655520758716676,-2.4558563891054765,3.567201713665025,6.206259043280285,0.02841689582795789,0.49163792838653375,6.132380814783815
20,272,1.0,5707.06358255674,0.10461863684656934,8.754078548473615,-8.649459911627044,-8.649459911627046,1.7763568394002505e-15,-0.004302842637512683,-2.444417956793017,3.5659846252187686,6.205041954834028,0.028476287042677524,0.4915376595915408,6.130253384202713
20,273,1.0,5731.673086516939,0.09678115660504893,8.750543910869606,-8.653762754264557,-8.653762754264557,0.0,0.04516249634210112,-2.4481479662840324,3.566557458365266,6.205614787980525,0.028439943333641603,0.49143657514683053,6.129971426409106
20,274,1.0,5478.574716714382,0.13892713820020153,8.747527396122658,-8.608600257922456,-8.608600257922456,0.0,0.03566117669084612,-2.402364138584962,3.5671787897222345,6.206236119337492,0.028460268936946746,0.49126578500007845,6.129108450884489
20,275,1.0,5286.6448576831735,0.17372862753265467,8.746667708764264,-8.57293908123161,-8.57293908123161,0.0,0.008845971419376042,-2.3667454634332556,3.5671362881830944,6.206193617798354,0.02854134501163364,0.4911345919616815,6.127892956175072
20,276,1.0,5240.085582983935,0.17777840989550525,8.741871519707738,-8.564093109812234,-8.564093109812232,1.7763568394002505e-15,-0.0893224745701815,-2.357920986574211,3.567114793622764,6.206172123238021,0.028647468109737395,0.4910031325054629,6.126707652597107
20,277,1.0,5729.683567617516,0.0813589119773159,8.73477449635973,-8.653415584382415,-8.653415584382413,1.7763568394002505e-15,0.04260200656961288,-2.4467540659736042,3.567604188793552,6.2066615184088105,0.02862936811330142,0.4909367600303577,6.126520101018683
20,278,1.0,5490.7139841910775,0.12155361928060364,8.732367197093405,-8.610813577812802,-8.6108135778128,1.7763568394002505e-15,0.019971253083987506,-2.403506823159908,3.5682494250376355,6.207306754652895,0.02865914968500967,0.49087927302954976,6.126666649077834
20,279,1.0,5382.145280665449,0.1405180972669065,8.73136042199572,-8.590842324728815,-8.590842324728815,0.0,0.062036233639943816,-2.385144702219492,3.566640292894062,6.205697622509322,0.0286642303345637,0.4907611248821043,6.124074680078657
20,280,1.0,5058.40295584892,0.19979078589206134,8.728596876980934,-8.528806091088871,-8.528806091088873,1.7763568394002505e-15,0.04702991951543112,-2.3203224140488787,3.569426347424733,6.208483677039992,0.028724546424535202,0.49068202386871906,6.126131608110829
20,281,1.0,4826.014117945371,0.24567767110529054,8.72745384267873,-8.48177617157344,-8.481776171573438,1.7763568394002505e-15,0.02499243627986658,-2.271013956355672,3.5717048856025095,6.210762215217768,0.028730078217970877,0.49063578423316456,6.128011478090094
20,282,1.0,4706.89500632268,0.26929429286952944,8.726078028163105,-8.456783735293573,-8.456783735293575,1.7763568394002505e-15,0.06912944002374921,-2.2452304315929568,3.5724959740853577,6.211553303700618,0.028737873579214424,0.49057075420634944,6.128244214286645
20,283,1.0,4392.502087354145,0.3378183886033911,8.725472683873214,-8.387654295269824,-8.387654295269822,1.7763568394002505e-15,0.04861538919898578,-2.1766858957515876,3.571911069902975,6.210968399518235,0.02883397435443754,0.4904931509932101,6.126912079381261
20,284,1.0,4184.066527493222,0.38030246770506426,8.719341373775904,-8.339038906070838,-8.33903890607084,1.7763568394002505e-15,-0.02049272019627857,-2.1258240914339916,3.574157485021588,6.213214814636847,0.028960200771717803,0.4902189143391689,6.126628732906973
20,285,1.0,4270.694016984097,0.3607465041522645,8.72027813041938,-8.359531626267117,-8.359531626267117,0.0,-0.09500332505236209,-2.148780670990762,3.5716936256610956,6.210750955276354,0.028892139480120614,0.4902044614779188,6.124189840006264
20,286,1.0,4696.322108801589,0.268002792744541,8.722537744064022,-8.454534951319479,-8.45453495131948,1.7763568394002505e-15,0.024992570004384262,-2.2496282546933934,3.5658493670108267,6.204906696626087,0.028729122951022243,0.490205588324306,6.118550240169936
20,287,1.0,4580.403535043743,0.2844052102209538,8.713947591536048,-8.429542381315095,-8.429542381315095,0.0,-0.03868756372270887,-2.218999102729664,3.5714859489701722,6.210543278585431,0.02866790348083665,0.4900798595461546,6.122888274819795
20,288,1.0,4761.080632232667,0.2435988686666914,8.711828813704496,-8.468229945037804,-8.468229945037805,1.7763568394002505e-15,-0.03758367796962325,-2.258023174788749,3.571149440633796,6.210206770249054,0.028653932021400014,0.4900102801448863,6.121904240410361
20,289,1.0,4943.42466989078,0.20507632275395196,8.710889945761378,-8.505813623007427,-8.505813623007427,0.0,0.019427390880043305,-2.299533288370437,3.567223005021731,6.206280334636989,0.02867491745586798,0.48993491997069194,6.117462946543938
20,290,1.0,4848.313696974352,0.22628851219406126,8.712674744321447,-8.486386232127384,-8.486386232127385,1.7763568394002505e-15,-0.11002196903909933,-2.2833980290382754,3.5639308734738484,6.202988203089108,0.028721513669419628,0.48990629023210863,6.11403952871013
20,291,1.0,5412.185157839136,0.116310855508655,8.712719056675137,-8.596408201166483,-8.596408201166483,0.0,-0.02570690969300493,-2.397631701645526,3.5597191699056974,6.1987764995209576,0.028693575114035936,0.4899696338343935,6.110540862382043
20,292,1.0,5553.119444192686,0.08450156041343831,8.706616671272926,-8.622115110859488,-8.622115110859488,0.0,0.0015109006387454826,-2.4245078510571365,3.5585499301870924,6.197607259802352,0.028657132084251045,0.4898362675030929,6.108267263601993
20,293,1.0,5544.73556767453,0.07924396723902746,8.699848177459767,-8.620604210220742,-8.62060421022074,1.7763568394002505e-15,-0.07207398437681611,-2.420801014251233,3.56074586635425,6.199803195969509,0.028636443337530657,0.4897410243684599,6.109600264888742
20,294,1.0,5959.120574735441,0.003377130497156766,8.696055325094715,-8.692678194597558,-8.692678194597558,0.0,0.049614939709812234,-2.4931073819077225,3.560513483074579,6.199570812689836,0.02859500684736925,0.4896607497134987,6.108621812027564
20,295,1.0,5670.673965853303,0.050624957364663575,8.69368821225241,-8.643063254887746,-8.643063254887746,0.0,0.013011343145123533,-2.4397003931436,3.5643055321288872,6.203362861744146,0.028478417875536472,0.4895724175354523,6.111588606582475
20,296,1.0,5597.368814439505,0.06129576432594089,8.691347676068565,-8.630051911742623,-8.630051911742624,1.7763568394002505e-15,-0.0003217438821412344,-2.428239322667192,3.5627552594601717,6.2018125890754305,0.028527089664793514,0.489471239927582,6.1091927134132735
20,297,1.0,5599.170023360071,0.05787135766551846,8.688245013290281,-8.630373655624764,-8.630373655624762,1.7763568394002505e-15,-0.0015745544797773903,-2.4278387440751366,3.5634775819343676,6.202534911549626,0.028550377878904378,0.48935110650138897,6.108883253322364
20,298,1.0,5607.993166039933,0.05114952556732856,8.68309773567187,-8.631948210104541,-8.631948210104541,0.0,-0.00387645379431234,-2.4290631114094916,3.563827769079791,6.20288509869505,0.02856862440369972,0.4891985300530381,6.107836827457825
20,299,1.0,5629.774482284449,0.04681734206757483,8.682642005966429,-8.635824663898854,-8.635824663898854,0.0,0.015671785565793073,-2.432574235209993,3.5641930990736013,6.203250428688861,0.028604015973275554,0.4890870239706736,6.107183787087448
20,300,1.0,5542.233616351749,0.06031013754687625,8.680463015879937,-8.62015287833306,-8.62015287833306,0.0,-0.0026813325746068983,-2.414921123122025,3.566174425595776,6.205231755211034,0.028609648773808175,0.4890178844763963,6.108536112061131
20,301,1.0,5557.11412876935,0.05780456106201377,8.680638771969683,-8.622834210907667,-8.62283421090767,1.7763568394002505e-15,0.0011263432809460738,-2.4158858734131985,3.5678910078792105,6.2069483374944685,0.028498559284167762,0.48903876787382417,6.1104887231988325
20,302,1.0,5550.8584343000275,0.05908237122007093,8.680790238846793,-8.621707867626721,-8.621707867626721,0.0,0.036205054579108165,-2.4150075651316034,3.56764297287986,6.2067003024951175,0.028592720026776968,0.4889655014652662,6.109598032244629
20,303,1.0,5353.483840213152,0.09524448108940813,8.68074729413702,-8.585502813047613,-8.585502813047613,0.0,-0.03527936122178765,-2.3829851815572667,3.563460301875087,6.2025176314903465,0.028756375282897956,0.4888219213324409,6.104309323735768
20,304,1.0,5545.7224190743245,0.05894001398820638,8.679722188257607,-8.6207821742694,-8.6207821742694,0.0,-0.026184990979546185,-2.4240625153268125,3.5576623293273317,6.196719658942591,0.028714490454283793,0.4887949775834398,6.098417940250997
20,305,1.0,5692.855036989404,0.02932972666349308,8.67629689191244,-8.646967165248947,-8.646967165248947,0.0,0.04127057038301807,-2.4526032258360613,3.555306609797627,6.194363939412886,0.028818929259856962,0.48864500766711183,6.094778723194781
20,306,1.0,5462.68985501086,0.07004090596384249,8.675737500829769,-8.605696594865929,-8.605696594865925,3.552713678800501e-15,0.062262602696449676,-2.4132851851312833,3.553354080119385,6.192411409734645,0.028857408201007687,0.488589250376557,6.09240403972246
20,307,1.0,5132.940609527492,0.1308227217668737,8.674256713936353,-8.54343399216948,-8.54343399216948,0.0,0.020066115195374934,-2.3494061126966836,3.5549705498575364,6.194027879472796,0.028952055262228462,0.48842654157334414,6.092580805201903
20,308,1.0,5030.968941130769,0.147041568670816,8.670409445644921,-8.523367876974104,-8.523367876974104,0.0,-0.02547806336770364,-2.328011335630969,3.556299211727876,6.195356541343136,0.02898624830116459,0.4882803939254008,6.092583695056994
20,309,1.0,5160.795123685091,0.1168494936866901,8.6656954340285,-8.548845940341808,-8.54884594034181,1.7763568394002505e-15,0.02544365366837198,-2.3530731942125733,3.556715416513978,6.195772746129237,0.028908112704141592,0.48817093229830305,6.0920830679862545
20,310,1.0,5031.1420582378105,0.14514880894573634,8.668551095619172,-8.523402286673436,-8.523402286673436,0.0,0.020178633790918,-2.329739041637642,3.5546059154205336,6.193663245035792,0.028921393113573272,0.48816491730047074,6.089972005896334
20,311,1.0,4930.637913487302,0.16539439732542421,8.668618050207941,-8.503223652882518,-8.503223652882516,1.7763568394002505e-15,-0.038712979087470956,-2.309344830282545,3.5548214929847153,6.193878822599973,0.029001732160607058,0.4881120167434145,6.089733626937035
20,312,1.0,5125.260499932604,0.12649839850587424,8.668435030475862,-8.541936631969989,-8.541936631969989,0.0,0.0250171485658246,-2.3461203190693114,3.556758983285419,6.195816312900677,0.02890441991170118,0.4881326023602551,6.091721987629464
20,313,1.0,4998.631647212735,0.14770974569389678,8.66462922909806,-8.516919483404164,-8.516919483404163,1.7763568394002505e-15,-0.01651647939954337,-2.319197190306237,3.5586649634826686,6.197722293097927,0.02897955137863025,0.4879729458269154,6.092191417447315
20,314,1.0,5081.877011617955,0.12875001861458266,8.662185981418288,-8.533435962803708,-8.533435962803706,1.7763568394002505e-15,-0.04258248916022467,-2.337381497218403,3.5569971359700454,6.196054465585304,0.028990539897487337,0.48786601321767203,6.08966341291019
20,315,1.0,5302.949488247099,0.08025077824055911,8.656269230204494,-8.576018451963932,-8.576018451963934,1.7763568394002505e-15,0.03475841897661347,-2.3800292065410167,3.5569319158076573,6.195989245422915,0.029013775513238076,0.48773213984427843,6.088474180449848
20,316,1.0,5121.793926764618,0.11189510118049444,8.653155134167815,-8.541260032987319,-8.54126003298732,1.7763568394002505e-15,-0.004981594486521246,-2.344383164696372,3.5578195386756875,6.196876868290945,0.029068573739156906,0.48760885221721667,6.088281545881614
20,317,1.0,5147.372284758236,0.1002466105070635,8.646488237980904,-8.54624162747384,-8.54624162747384,0.0,-0.009722535989524772,-2.34947607634749,3.5577082215110916,6.196765551126352,0.029070496765153355,0.4874602774923036,6.086942563866967
20,318,1.0,5197.661872063536,0.08753101107544861,8.643495174538813,-8.555964163463365,-8.555964163463365,0.0,-0.06069504298733541,-2.359872513826292,3.557034320021814,6.196091649637073,0.029104881401888584,0.4874151885470067,6.08601923732737
20,319,1.0,5522.9046547859525,0.024136614975415062,8.640795821426115,-8.6166592064507,-8.6166592064507,0.0,0.05782169573819829,-2.4224531904088464,3.5551486864265924,6.194206016041851,0.029095432659993602,0.48735287423719675,6.083625144780305
20,320,1.0,5212.618036342322,0.08447857044577792,8.643316081158282,-8.558837510712502,-8.558837510712504,1.7763568394002505e-15,-0.055794499289710586,-2.3575752085638073,3.562204972533437,6.201262302148694,0.029097566876965037,0.4874089055408505,6.090982715898698
20,321,1.0,5511.719982678535,0.02401956618625181,8.638651576188465,-8.614632010002213,-8.614632010002213,0.0,-0.058843496456953304,-2.4132125699523774,3.562362110434578,6.201419440049839,0.029088750732066827,0.4873691776874233,6.090919454261994
20,322,1.0,5845.781134463603,-0.040953193153750664,8.632522313305413,-8.673475506459166,-8.673475506459164,1.7763568394002505e-15,-0.006506068909466478,-2.474350715047128,3.560067461796779,6.199124791412038,0.028997234913527507,0.4872750994604705,6.087817317167298
20,323,1.0,5883.938180945481,-0.05096531106390814,8.629016264304724,-8.679981575368632,-8.679981575368632,0.0,-0.0026897892241013466,-2.484841026096427,3.5560832196569465,6.195140549272208,0.029034477840610105,0.48715067106964316,6.0828521593999545
20,324,1.0,5899.786038603361,-0.05507308188892458,8.627598282703808,-8.682671364592734,-8.682671364592732,1.7763568394002505e-15,-0.058437466185555564,-2.4884584210491267,3.5551556139283482,6.194212943543606,0.029035280294106774,0.48707567783632555,6.0812725788454545
20,325,1.0,6254.827413653398,-0.12660696131034505,8.614501869467945,-8.74110883077829,-8.741108830778291,1.7763568394002505e-15,0.00040362950756289706,-2.545961867371658,3.5560896337913728,6.195146963406633,0.02893024712888018,0.4869917457006434,6.081289060033322
20,326,1.0,6252.303290184161,-0.13442776148059393,8.606277439790135,-8.740705201270726,-8.74070520127073,3.552713678800501e-15,-0.030517339145010425,-2.545905606107766,3.555742265547701,6.194799595162961,0.02887086509883524,0.4867555347012056,6.078818168698362
20,327,1.0,6446.0482036283565,-0.1702553772240496,8.60096716319169,-8.771222540415737,-8.77122254041574,3.552713678800501e-15,-0.08807739755569877,-2.576779701115617,3.5553855096848603,6.1944428393001205,0.02894221029692194,0.4866832062941893,6.077840928362244
20,328,1.0,7039.552895486426,-0.27271853271561947,8.586581405255817,-8.859299937971436,-8.859299937971437,1.7763568394002505e-15,0.07331209324171617,-2.661338708040153,3.558903900316024,6.197961229931281,0.028988212168980253,0.4865433900417946,6.079952945534034
20,329,1.0,6541.9322031938555,-0.19587627326583051,8.590111571463884,-8.78598784472972,-8.785987844729714,5.329070518200751e-15,-0.03697677661499199,-2.592675195250006,3.554255319864455,6.193312649479714,0.02894759138479268,0.486328921955106,6.073490299694081
20,330,1.0,6788.359739528269,-0.23723516158797947,8.585729459756735,-8.822964621344711,-8.822964621344713,1.7763568394002505e-15,0.010513855045488185,-2.629044973866366,3.554862317863086,6.193919647478346,0.028888110523932656,0.48626038349414485,6.073460726335469
20,331,1.0,6717.361794297568,-0.2275912282622719,8.584859538036948,-8.812450766299223,-8.81245076629922,3.552713678800501e-15,-0.005741336039296385,-2.6200916224203823,3.553301814263581,6.192359143878839,0.02894114597884729,0.48614567355583943,6.070962917021462
20,332,1.0,6756.039349834157,-0.24073107516059455,8.577461027177927,-8.81819210233852,-8.818192102338521,1.7763568394002505e-15,-0.03886750444075737,-2.6271630668002066,3.551971705923055,6.191029035538315,0.029061136375000254,0.4859650771116343,6.067984411623047
20,333,1.0,7023.799618423729,-0.28452405422346,8.57253555255582,-8.857059606779277,-8.85705960677928,3.552713678800501e-15,-0.01141795556315195,-2.6622346588171415,3.5557676183468767,6.194824947962137,0.029060238437534688,0.48592834352497843,6.0714340161044325
20,334,1.0,7104.456643246516,-0.29623096440094865,8.57224659794148,-8.868477562342429,-8.868477562342427,1.7763568394002505e-15,-0.002256605290430258,-2.676365021781046,3.5530552109461255,6.192112540561383,0.028992016188157693,0.4858339669019372,6.068031689509174
20,335,1.0,7120.506700204085,-0.30009393740585455,8.570640230227005,-8.87073416763286,-8.87073416763286,0.0,0.03544892353801288,-2.6810497593767204,3.5506270786408796,6.189684408256137,0.02906418035207725,0.4857415839493439,6.06472203057094
20,336,1.0,6872.51391033513,-0.2665625259391059,8.56872271815574,-8.835285244094846,-8.835285244094846,0.0,0.04228860368517573,-2.643708993988526,3.552518920491061,6.191576250106321,0.028989391605800448,0.4856204341665422,6.065592860471305
20,337,1.0,6587.9443257860285,-0.22417740576631368,8.568819234643357,-8.79299664040967,-8.79299664040967,0.0,0.13398643129648313,-2.6042434817387243,3.5496958290556884,6.188753158670947,0.029067954967912132,0.4854898449705114,6.061766548708969
20,338,1.0,5761.828833509124,-0.0747408610474385,8.58426934806575,-8.659010209113188,-8.659010209113188,0.0,0.013754924624983289,-2.472770288330445,3.5471825911674837,6.186239920782742,0.029075796254975004,0.48540964143794063,6.05874129847284
20,339,1.0,5683.117884777572,-0.06355793715173445,8.58169734733647,-8.645255284488204,-8.645255284488206,1.7763568394002505e-15,-0.054604810109273316,-2.461410973940473,3.5447869809324724,6.183844310547732,0.02916587165578754,0.4852647607829325,6.055154073548414
20,340,1.0,6002.072436157284,-0.12244863959205857,8.57741145500542,-8.699860094597478,-8.699860094597478,0.0,-0.07576757385843003,-2.519084524233808,3.5417182407484114,6.180775570363671,0.029264336242152664,0.4852016598827577,6.05162459134871
20,341,1.0,6474.506506532702,-0.20293429445157696,8.572693374004329,-8.775627668455908,-8.775627668455906,1.7763568394002505e-15,-0.02755786472818933,-2.5951781163981162,3.541392222442532,6.180449552057792,0.029247039606905213,0.48513374616004207,6.050658979940766
20,342,1.0,6655.411307381505,-0.2372111566808966,8.565974376503195,-8.803185533184097,-8.803185533184092,5.329070518200751e-15,0.018999866467689586,-2.622982520660938,3.5411456829078984,6.180203012523157,0.02932845352011773,0.48505119657180845,6.049611749035797
20,343,1.0,6530.153094026526,-0.21957637345602804,8.56460929326038,-8.784185666716407,-8.784185666716409,1.7763568394002505e-15,-0.005496240889790727,-2.60180931963567,3.5433190174654783,6.182376347080736,0.02930466077830711,0.48497273604196056,6.051148298727502
20,344,1.0,6566.143203031825,-0.22911620456580753,8.56056570304039,-8.789681907606198,-8.789681907606198,0.0,-0.03799870685954687,-2.6079793735810104,3.542645204409929,6.181702534025187,0.029295156161157902,0.4848648273985925,6.049518937863352
20,345,1.0,6820.449204737544,-0.2709557365304495,8.556724877935295,-8.827680614465745,-8.827680614465745,0.0,-0.018639474244986687,-2.648281081329401,3.5403422035210848,6.179399533136343,0.029322443593713228,0.4847586880957306,6.046180386844581
20,346,1.0,6948.771002232895,-0.2936601017007214,8.55265998701001,-8.846320088710732,-8.846320088710732,0.0,0.025714942086976222,-2.6656991685571994,3.541563590538272,6.1806209201535305,0.02934648442732539,0.4847125442025825,6.046971252102861
20,347,1.0,6772.361657283355,-0.26646451051283404,8.554140636110919,-8.820605146623755,-8.820605146623754,1.7763568394002505e-15,-0.030098139644918476,-2.6432304447422816,3.538317372266216,6.177374701881474,0.02938816322992653,0.4845321532306116,6.042360928586578
20,348,1.0,6979.29568731206,-0.30321090119194727,8.547492385076726,-8.850703286268674,-8.850703286268674,0.0,0.0007615895742247858,-2.6722496877649595,3.539396268888456,6.178453598503714,0.029454092342408436,0.4843962996519608,6.042250061425407
20,349,1.0,6973.982352028364,-0.31312269811526183,8.536818998579186,-8.849941696694449,-8.849941696694447,1.7763568394002505e-15,0.012031201298542626,-2.6705622486962945,3.5403221183828957,6.179379447998154,0.02943285964212379,0.48415882422191875,6.0409406544294
20,350,1.0,6890.579689649416,-0.2994393230317936,8.538471172364112,-8.837910495395906,-8.837910495395905,1.7763568394002505e-15,0.05727272729094679,-2.658516449808956,3.540336715971691,6.1793940455869505,0.029497920221541293,0.4841125344631522,6.040768737051794
20,351,1.0,6507.025823796357,-0.23739807495006432,8.543239693154895,-8.78063776810496,-8.78063776810496,0.0,-0.047873220560529006,-2.601612285181165,3.5399681533085356,6.179025482923795,0.029466860673449016,0.4840753186695853,6.040361078387684
20,352,1.0,6826.11508186135,-0.2953201492336074,8.533190839431882,-8.828510988665489,-8.828510988665489,0.0,0.10944013161729771,-2.6477503673089777,3.541703291741252,6.180760621356512,0.029427967550385663,0.48393062781437135,6.040524886157435
20,353,1.0,6118.491492980988,-0.17366933951855834,8.545401517529633,-8.719070857048191,-8.719070857048191,0.0,-0.001565007887977643,-2.538850430786799,3.5411630966461334,6.180220426261392,0.029463594049305274,0.483848894779871,6.039718602791042
20,354,1.0,6128.074477197039,-0.17573930534241783,8.544896559593749,-8.720635864936169,-8.720635864936167,1.7763568394002505e-15,-0.004392566827350564,-2.541289169524864,3.5402893657960455,6.179346695411304,0.029451247734219005,0.4837934113183629,6.03841088667023
20,355,1.0,6155.051660024061,-0.1768446031099111,8.54818382865361,-8.72502843176352,-8.725028431763521,1.7763568394002505e-15,0.059402695545198725,-2.54637532073272,3.5395957814155423,6.178653111030802,0.02943259180838794,0.48374385986116314,6.037409393446867
20,356,1.0,5800.072730622106,-0.11034284655360076,8.55528288966472,-8.66562573621832,-8.665625736218322,1.7763568394002505e-15,-0.006301758391586532,-2.489355243489815,3.537213163113247,6.176270492728506,0.029493470647152242,0.48366337268017723,6.034457537984774
20,357,1.0,5836.738796628041,-0.11690257790108513,8.555024916708819,-8.671927494609907,-8.671927494609903,3.552713678800501e-15,0.040339622129382136,-2.4925737168542113,3.540296448140435,6.179353777755694,0.02949810412868026,0.4836398445101664,6.037368443429009
20,358,1.0,5605.972759143153,-0.07803584038849737,8.553552032092025,-8.631587872480525,-8.631587872480523,1.7763568394002505e-15,0.044499528799002874,-2.457311818567553,3.5352187242977133,6.174276053912972,0.02961545879345546,0.48340159335072086,6.03027794488691
20,359,1.0,5361.978685479044,-0.03524082538785759,8.551847518293663,-8.587088343681522,-8.58708834368152,1.7763568394002505e-15,-0.032897650203388196,-2.416840842490187,3.531190171576077,6.170247501191335,0.029621353842492735,0.48308787970530864,6.0237476965721735
20,360,1.0,5541.3087809256385,-0.07307955671157786,8.546906437173334,-8.61998599388491,-8.619985993884912,1.7763568394002505e-15,0.06171994922399371,-2.450579704917245,3.5303489593524082,6.169406288967667,0.029611524265105417,0.482910914754933,6.0213808104607285
20,361,1.0,5209.640053083882,-0.006902291652636908,8.551363753008282,-8.558266044660916,-8.558266044660918,1.7763568394002505e-15,-0.08562794625713899,-2.389142117336767,3.5300665977088914,6.169123927324149,0.029669776279262438,0.48276111565931784,6.019831592664011
20,362,1.0,5675.386756304259,-0.10708995702888127,8.536804033889172,-8.643893990918055,-8.643893990918054,1.7763568394002505e-15,0.013790164796343873,-2.476533888001317,3.52830277330148,6.167360102916738,0.029618505738300775,0.48251660221976694,6.01581758820106
20,363,1.0,5597.659405908905,-0.09357157794903796,8.536532248172673,-8.630103826121712,-8.630103826121712,0.0,-0.03447146611602214,-2.4640219309185754,3.527024565587877,6.166081895203136,0.029658201987588704,0.4824409155599718,6.013914273941878
20,364,1.0,5793.983278009618,-0.13629560494237192,8.528279687295361,-8.664575292237734,-8.664575292237734,0.0,0.023260174147571533,-2.4983137958469372,3.527204166775537,6.1662614963907965,0.029710839077645018,0.4824182947887342,6.013805807517294
20,365,1.0,5660.769511719183,-0.1138730677502518,8.52744205033991,-8.641315118090162,-8.641315118090162,0.0,0.13393044008122423,-2.4753538030773607,3.5269039853975426,6.1659613150128,0.029761001717241945,0.4822333996087257,6.011810553311799
20,366,1.0,4951.197165853651,0.03725353597807646,8.544638213987016,-8.507384678008938,-8.50738467800894,1.7763568394002505e-15,-0.017396673308304855,-2.33741880050428,3.530908547889399,6.169965877504657,0.029880882734611106,0.48230776847219997,6.016490922708923
20,367,1.0,5038.085114729793,0.009877046520787969,8.534658397838033,-8.524781351317243,-8.524781351317245,1.7763568394002505e-15,0.012244329348124694,-2.3519538084085596,3.533770213293424,6.172827542908683,0.029960240979674813,0.48219012601601063,6.018093447492563
20,368,1.0,4976.773268525908,0.022810784227005193,8.535347806196125,-8.512537021969118,-8.51253702196912,1.7763568394002505e-15,-0.027474321804117352,-2.34017401965058,3.533305672703279,6.172363002318538,0.030006007016107335,0.4820843087975222,6.016639008693276
20,369,1.0,5115.402389283953,-0.007419723494759993,8.532591620278478,-8.540011343773235,-8.540011343773237,1.7763568394002505e-15,-0.06335707821046199,-2.3688919668778374,3.5320620472801387,6.171119376895398,0.029989163632266995,0.4819902950254137,6.0147162683580655
20,370,1.0,5449.986562095489,-0.09114467791796457,8.512223744065732,-8.603368421983697,-8.603368421983697,0.0,-0.058920936692118175,-2.4362693022723465,3.5280417900960925,6.167099119711352,0.029949628090732462,0.48159703304344975,6.007359269108318
20,371,1.0,5780.753743856196,-0.16064355510914863,8.501645803566669,-8.662289358675816,-8.662289358675817,1.7763568394002505e-15,-0.011042535424097721,-2.4948929703651666,3.528339058695392,6.167396388310651,0.02990895903041285,0.4814491342895084,6.0064407932611505
20,372,1.0,5844.941668323505,-0.1746438780515381,8.498688016048376,-8.673331894099913,-8.673331894099915,1.7763568394002505e-15,0.008758601096353402,-2.5077252404572556,3.5265493240273975,6.165606653642657,0.02991383440484317,0.48123385252621126,6.002929644116107
20,373,1.0,5793.971694491826,-0.1695964267690736,8.494976866234486,-8.66457329300356,-8.66457329300356,0.0,0.05214260433268514,-2.498261348800988,3.527254614587313,6.166311944202572,0.029953262976029037,0.4810535560405468,6.001995345486113
20,374,1.0,5499.600260503936,-0.10523724982681025,8.507193438844064,-8.612430688670875,-8.612430688670875,0.0,0.01813655215037535,-2.4459176381125,3.5274557209431165,6.1665130505583745,0.029990501186578866,0.48120024858881466,6.00388330648775
20,375,1.0,5400.7555342778105,-0.08670318398947535,8.507590952531022,-8.5942941365205,-8.594294136520498,1.7763568394002505e-15,0.034990854139470784,-2.4290297036770467,3.5262071032281943,6.165264432843452,0.029970376126964533,0.48102174459146624,6.001057375113445
20,376,1.0,5215.04649165144,-0.05185670460485408,8.507446577776175,-8.559303282381029,-8.559303282381029,0.0,-0.01713754323014527,-2.3955368245786692,3.524709128187102,6.163766457802361,0.02998219079439415,0.48093873385915037,5.9988069492330585
20,377,1.0,5305.1897874519545,-0.06613942968290124,8.51030139592827,-8.576440825611174,-8.57644082561117,3.552713678800501e-15,-0.04958772894848096,-2.413343602870452,3.5240398931254626,6.163097222740722,0.029989380568058024,0.4810158626990978,5.998934382475964
20,378,1.0,5574.893843150407,-0.12326930645922185,8.502759248100435,-8.626028554559655,-8.626028554559657,1.7763568394002505e-15,-0.07146370196651475,-2.463759451802507,3.523211773141889,6.162269102757146,0.029914160074602607,0.4808724823051417,5.996927344319865
20,379,1.0,5987.8773130449335,-0.20920212253352172,8.488290133992647,-8.69749225652617,-8.69749225652617,0.0,-0.004597533513928553,-2.535937884676119,3.522497042234792,6.161554371850051,0.02988305967751003,0.4806683496499477,5.99432498497863
20,380,1.0,6015.470160586404,-0.22717201918421137,8.474917770855885,-8.702089790040098,-8.702089790040096,1.7763568394002505e-15,0.0077566674075342235,-2.5398310104755404,3.5232014499493,6.162258779564557,0.03000504178457799,0.4803843620807779,5.992180148115227
20,381,1.0,5968.990655322416,-0.22275376782970852,8.47157935480285,-8.694333122632564,-8.694333122632559,5.329070518200751e-15,0.04606137913610553,-2.5344400249841224,3.5208357680331828,6.1598930976484425,0.03001764960369823,0.48017106178146646,5.988045582826829
20,382,1.0,5700.286658348668,-0.16281563336468882,8.485456110131768,-8.648271743496458,-8.648271743496457,1.7763568394002505e-15,0.045497702110793625,-2.4909176275244804,3.5182967863567174,6.157354115971977,0.030033835771747952,0.48007688412425165,5.985278045937292
20,383,1.0,5446.74815834096,-0.11592769004686804,8.486846351338798,-8.602774041385665,-8.602774041385667,1.7763568394002505e-15,-0.022770887317916433,-2.4466006090999044,3.517116102670502,6.15617343228576,0.030113048525796614,0.4797464503490374,5.981365951764744
20,384,1.0,5572.198332204929,-0.15014354906502547,8.475401379638557,-8.625544928703581,-8.625544928703583,1.7763568394002505e-15,0.007451717650976519,-2.4699184103423915,3.516569188745933,6.155626518361193,0.030147253646229034,0.47950842731431237,5.978743666778335
20,385,1.0,5530.8302067576415,-0.14483808066743808,8.47325513038517,-8.618093211052605,-8.618093211052607,1.7763568394002505e-15,0.031088690568580546,-2.4629195394015606,3.5161163420357857,6.155173671651045,0.030140798162647205,0.4794793028200866,5.977961198131993
20,386,1.0,5361.529246117699,-0.11150473493944846,8.475499785544574,-8.587004520484024,-8.587004520484022,1.7763568394002505e-15,0.02000466296543202,-2.4323447285984336,3.515602462270332,6.1546597918855905,0.03019482238250384,0.479428465349958,5.977116018543282
20,387,1.0,5255.339348417086,-0.09592089898139726,8.471078958537195,-8.566999857518592,-8.566999857518592,0.0,0.10855468219370401,-2.412312418854964,3.515630109048369,6.154687438663627,0.030228288952277138,0.47925268249426195,5.975714150868556
20,388,1.0,4714.721730125102,0.03139753532055321,8.48984271064544,-8.458445175324888,-8.458445175324888,0.0,0.0005563122355294325,-2.304439880711427,3.5149479649982025,6.154005294613462,0.03038342017690465,0.47922403808593633,5.975023179126517
20,389,1.0,4712.099602168073,0.025335194832355662,8.483224057921715,-8.457888863089359,-8.45788886308936,1.7763568394002505e-15,-0.004725475337162166,-2.303319575086682,3.515511958387418,6.154569288002677,0.030445079575740178,0.47899552658416406,5.973528435773155
20,390,1.0,4734.419206460918,0.01769479154056021,8.480309129967083,-8.46261433842652,-8.462614338426523,1.7763568394002505e-15,-0.03124651555534186,-2.3095175136399035,3.5140394951713594,6.153096824786617,0.03047274411989309,0.47884631115062404,5.970737875412625
20,391,1.0,4884.688784145793,-0.011724868459316008,8.482135985522547,-8.493860853981863,-8.493860853981863,0.0,0.012560810342343132,-2.343674398108618,3.511129126257987,6.150186455873247,0.030406732576965887,0.4788330284007166,5.968051843714021
20,392,1.0,4823.716864750931,-0.008122440893267163,8.473177602746253,-8.48130004363952,-8.48130004363952,0.0,0.01806364044105635,-2.330351755189106,3.511890958835154,6.150948288450414,0.030488202763927268,0.4785309342783158,5.966193188742166
20,393,1.0,4737.365238081102,0.007396565473192368,8.470632968671655,-8.463236403198463,-8.463236403198463,0.0,-0.009692890589587222,-2.3118232431853847,3.512355830397819,6.151413160013078,0.030566508215837042,0.4783380995733727,5.965078320385516
20,394,1.0,4783.507264562642,-0.006744863829297648,8.466184429958751,-8.47292929378805,-8.472929293788049,1.7763568394002505e-15,-0.04413804525641929,-2.322026617865761,3.51184534630703,6.150902675922288,0.030550526330433373,0.4781974852456712,5.963460195466051
20,395,1.0,4999.370777736548,-0.06321934899631426,8.453847990048153,-8.51706733904447,-8.517067339044468,1.7763568394002505e-15,0.015068693043133408,-2.3670895341682643,3.5109204752609466,6.149977804876206,0.030552613543961826,0.47789274216367456,5.95978636349903
20,396,1.0,4924.601546165293,-0.04726647690565047,8.454732169095685,-8.501998646001336,-8.501998646001335,1.7763568394002505e-15,-0.006271852493663133,-2.3538342080202246,3.509107108365853,6.1481644379811105,0.030571747435523954,0.47779746758393155,5.957214510381116
20,397,1.0,4955.584980854988,-0.0557352230350824,8.452535275459919,-8.508270498495,-8.508270498495001,1.7763568394002505e-15,-0.06479251894636384,-2.3608201365376225,3.508393032342119,6.147450361957377,0.03060281401500771,0.4776555521877311,5.955379895374392
20,398,1.0,5287.300105012742,-0.13438095099787312,8.438682066443487,-8.573063017441363,-8.57306301744136,3.552713678800501e-15,-0.006251398143238163,-2.425501991290936,3.508503696535168,6.147561026150427,0.030564784816041815,0.47745895611613204,5.953527335999554
20,399,1.0,5320.456652481908,-0.14344399693506665,8.435870418649534,-8.579314415584602,-8.579314415584602,0.0,-0.02636668587373947,-2.4323815251885503,3.5078755607807923,6.146932890396051,0.030592842934547684,0.4772434432904825,5.9510746182424485
20,400,1.0,5462.605219986059,-0.1787611363631305,8.426919965095212,-8.605681101458341,-8.605681101458343,1.7763568394002505e-15,0.017691535117975832,-2.458080158743384,3.508543613099698,6.147600942714957,0.03058653466536313,0.47700852573342456,5.9497167329527
20,401,1.0,5366.813200326582,-0.15909195536353887,8.428897610976826,-8.587989566340365,-8.587989566340365,0.0,0.015421156018295079,-2.4416342829996283,3.507297953725478,6.146355283340738,0.0306117015574306,0.4769362276044244,5.947900844064516
20,402,1.0,5284.685615364858,-0.1393425060083402,8.43322590431373,-8.57256841032207,-8.57256841032207,0.0,0.01589898111102528,-2.4278688524655676,3.505642228241244,6.144699557856503,0.030602876397023727,0.4768739929846019,5.946022601130326
20,403,1.0,5201.328897911784,-0.11827316184021958,8.438396267370827,-8.556669429211045,-8.556669429211047,1.7763568394002505e-15,-0.04497098650283071,-2.413238088066663,3.5043740115291224,6.143431341144383,0.030613312311266957,0.47685729908786434,5.9447546738366706
20,404,1.0,5440.577083306311,-0.17154861342093386,8.43009180229294,-8.601640415713875,-8.601640415713874,1.7763568394002505e-15,-0.039091777780178916,-2.4588047549057954,3.5037783311928217,6.142835660808079,0.030557832229344297,0.4767909402760677,5.943507680584752
20,405,1.0,5657.470671518861,-0.21814734808799668,8.422584845406057,-8.640732193494054,-8.640732193494053,1.7763568394002505e-15,-0.04489830831347241,-2.4974359063049723,3.5042389575738233,6.143296287189081,0.030556640292281265,0.4766116801932431,5.94228281633473
20,406,1.0,5917.270171244987,-0.2721395435692829,8.413490958238246,-8.685630501807527,-8.685630501807529,1.7763568394002505e-15,0.006769742811865598,-2.5420976646358744,3.5044755075563936,6.143532837171652,0.030645265807821113,0.4764535156792478,5.941213530813065
20,407,1.0,5877.3470611022485,-0.2646521953380398,8.414208563657622,-8.678860758995661,-8.678860758995661,0.0,0.00429112672953913,-2.5362769130145812,3.5035265163658216,6.14258384598108,0.030636506318868773,0.4762961986213619,5.939062195813252
20,408,1.0,5852.180654766387,-0.26203368337986555,8.412535948886255,-8.674569632266122,-8.67456963226612,1.7763568394002505e-15,0.039984640627135803,-2.5340927335878627,3.5014195690630023,6.140476898678261,0.030722806207107264,0.47595237842964666,5.934159276970592
20,409,1.0,5622.799731125444,-0.2189497226800892,8.415635268958896,-8.634584991638986,-8.634584991638985,1.7763568394002505e-15,0.0920782672920506,-2.4955856969952244,3.499941965028502,6.138999294643761,0.030719077144108126,0.47596867544953836,5.932784210685966
20,410,1.0,5128.1832049002405,-0.10811519061993627,8.434391533726998,-8.542506724346936,-8.542506724346934,1.7763568394002505e-15,-0.003721330509719678,-2.4042854741664397,3.4991639205652376,6.138221250180496,0.030799256335152635,0.47598571511610555,5.932484334977184
20,411,1.0,5147.3024219188255,-0.11433259313287628,8.43189546172378,-8.546228054856655,-8.546228054856657,1.7763568394002505e-15,-0.04633070327617439,-2.4079867508364052,3.4991839744049913,6.13824130402025,0.03084401501609516,0.47575774231148277,5.930669914642381
20,412,1.0,5391.39130743504,-0.17157855254177357,8.420980205591057,-8.59255875813283,-8.592558758132832,1.7763568394002505e-15,-0.03856978192553129,-2.454767581779635,3.4987338467379354,6.137791176353194,0.03079057036424501,0.4756346921508631,5.929040724602915
20,413,1.0,5603.398345398227,-0.21630816543176967,8.414820374626593,-8.631128540058361,-8.631128540058363,1.7763568394002505e-15,-0.0007287680425456244,-2.490906957065254,3.501164253377851,6.140221582993108,0.030762219242625923,0.47551411566959095,5.930398233851572
20,414,1.0,5607.483411393978,-0.2217610586217994,8.410096249479107,-8.631857308100907,-8.631857308100907,0.0,-0.04212270253475303,-2.4903770243238887,3.5024229541617586,6.141480283777017,0.030777742084357452,0.4753279684578149,5.9299328960817865
20,415,1.0,5848.731099533086,-0.27459384986622076,8.399386160769438,-8.67398001063566,-8.67398001063566,0.0,-0.06508247716551274,-2.5296738188891044,3.505248862131296,6.144306191746554,0.030785444179681747,0.4751716006639518,5.931302413402881
20,416,1.0,6242.040978680047,-0.35222592090444005,8.386836566896731,-8.739062487801172,-8.73906248780117,1.7763568394002505e-15,-0.09000452146384497,-2.5965646650921186,3.5034404930937955,6.142497822709054,0.030852001856403362,0.47493708120206185,5.927487423931441
20,417,1.0,6829.911597834347,-0.45742292433738035,8.371644084927638,-8.829067009265017,-8.82906700926502,1.7763568394002505e-15,0.04700222140960264,-2.689175830900895,3.5008338487488637,6.139891178364123,0.030874911760045854,0.47478279945120216,5.9235727117718735
20,418,1.0,6516.3181067223795,-0.3920647467811218,8.390000041074295,-8.782064787855415,-8.782064787855417,1.7763568394002505e-15,0.07672324301517719,-2.6409454143977977,3.502062043842358,6.1411193734576175,0.030781171525408144,0.47497136132709905,5.926973588431939
20,419,1.0,6035.062832574517,-0.30130367063224694,8.404037874207992,-8.705341544840238,-8.70534154484024,1.7763568394002505e-15,-0.011329800938963075,-2.5672904502839686,3.498993764941009,6.138051094556268,0.03083746687116524,0.4749964932933061,5.9242851828353755
20,420,1.0,6103.827703693931,-0.3137503443607973,8.402921001418402,-8.7166713457792,-8.716671345779199,1.7763568394002505e-15,0.01972142214870054,-2.5779779684475534,3.4996360477163893,6.138693377331648,0.03083206951078689,0.4749050313476076,5.9243479951641556
20,421,1.0,5984.630770635789,-0.29104479409881256,8.40590512953169,-8.6969499236305,-8.696949923630502,1.7763568394002505e-15,0.01293108948491195,-2.559686500976443,3.498206093038798,6.1372634226540566,0.030935490405212013,0.47470274838681803,5.921251716911529
20,422,1.0,5907.7411791098775,-0.26829832504925216,8.415720509096335,-8.684018834145588,-8.684018834145588,0.0,0.00440776451813818,-2.5457586452397627,3.4992028592905666,6.138260188905826,0.030971081685455808,0.47465610185517265,5.922074486354731
20,423,1.0,5881.75855187616,-0.2672663897622043,8.412344679865246,-8.67961106962745,-8.67961106962745,0.0,-0.005882887252511182,-2.5399533865065145,3.500600353505677,6.139657683120936,0.03095223849534809,0.4745141258103394,5.922257529491551
20,424,1.0,5916.4622531778805,-0.2838966627677675,8.401597294112191,-8.685493956879961,-8.68549395687996,1.7763568394002505e-15,-0.0492888195061294,-2.5436581387460526,3.5027784885186515,6.14183581813391,0.030852708754502186,0.4743102117922422,5.92259841763971
20,425,1.0,6215.383927580503,-0.3512417128263039,8.383541063559786,-8.73478277638609,-8.73478277638609,0.0,0.04085692105996763,-2.599544706558315,3.496180740212517,6.1352380698277775,0.030973619063822806,0.4738250076130896,5.911917819431129
20,426,1.0,5966.560175537125,-0.3007734953816439,8.39315235994448,-8.693925855326123,-8.693925855326125,1.7763568394002505e-15,-0.02648113591160417,-2.5567623986262444,3.498106127084619,6.137163456699879,0.031042444521574147,0.47376667547457374,5.913531941411514
20,427,1.0,6126.672082618857,-0.3390959946414879,8.381310996596238,-8.720406991237727,-8.720406991237725,1.7763568394002505e-15,0.002839494974361756,-2.5841156799502594,3.497233981672209,6.136291311287467,0.03095937749835653,0.4735673085466937,5.910819869715303
20,428,1.0,6109.300103526495,-0.3329112770558879,8.384656219207479,-8.717567496263365,-8.717567496263367,1.7763568394002505e-15,0.05526074403926451,-2.583837908687033,3.4946722579610743,6.133729587576332,0.03108526940789465,0.4735187228897492,5.907951136236894
20,429,1.0,5780.854292550004,-0.2630394005828668,8.399267351641235,-8.6623067522241,-8.662306752224103,1.7763568394002505e-15,-0.004555513608249129,-2.5291829362146494,3.4940664863941926,6.1331238160094514,0.031165243853824326,0.473381103651837,5.90632150203624
20,430,1.0,5807.249128316781,-0.27879711506528837,8.388065150767062,-8.66686226583235,-8.66686226583235,0.0,0.05390814646216313,-2.5329301873872234,3.4948747488298677,6.133932078445127,0.031086074557027672,0.47327813795880974,5.905939444691948
20,431,1.0,5502.479673635104,-0.2115376862124707,8.401416433157715,-8.612954119370187,-8.612954119370187,0.0,0.02459502990403628,-2.4784538918608803,3.495442897894048,6.134500227509307,0.031084991720048617,0.47316093181320135,5.90586306522163
20,432,1.0,5368.796728373038,-0.17836689738982867,8.40999219207632,-8.58835908946615,-8.588359089466149,1.7763568394002505e-15,0.01737011536812716,-2.4513692428986347,3.497932516952256,6.136989846567515,0.03112891983079693,0.47314121805987003,5.908229735543956
20,433,1.0,5276.34537964027,-0.16677912740573275,8.40420984669229,-8.570988974098023,-8.570988974098022,1.7763568394002505e-15,-0.030276565725365856,-2.434781759284622,3.497149885198141,6.1362072148134015,0.03117068639367911,0.47291819552797626,5.905482402926391
20,434,1.0,5438.5379243670895,-0.2037079037518532,8.397557636071534,-8.60126553982339,-8.601265539823387,1.7763568394002505e-15,-0.03732329746569896,-2.4691291539480793,3.4930790562600516,6.132136385875311,0.0311639363695247,0.47264674029089676,5.899389277591267
20,435,1.0,5645.357682512951,-0.2564026033707466,8.382186233918343,-8.638588837289088,-8.63858883728909,1.7763568394002505e-15,0.05412985594245612,-2.5080942000631263,3.491437307610702,6.130494637225962,0.031220803306191685,0.4724235983261536,5.895783647824945
20,436,1.0,5347.898619592351,-0.19234407860731345,8.39211490273932,-8.584458981346632,-8.584458981346632,0.0,0.03195160472795955,-2.453896670625604,3.491504981105769,6.130562310721027,0.031334164921631144,0.4724003359805826,5.895803966792849
20,437,1.0,5179.725681535276,-0.1554438773935094,8.397063499225162,-8.552507376618673,-8.55250737661867,1.7763568394002505e-15,-0.07501280858917347,-2.4218129046110195,3.4916371423923933,6.130694472007653,0.03137420447010151,0.47233870267556194,5.895618249220569
20,438,1.0,5583.215730715539,-0.24824181106060308,8.37927837414724,-8.627520185207846,-8.627520185207844,1.7763568394002505e-15,-0.08582800027605053,-2.498681754275521,3.489781101317066,6.128838430932325,0.031314348004327364,0.47201075896330635,5.8912324159374005
20,439,1.0,6083.577372004784,-0.3553334827509271,8.358014702732973,-8.713348185483897,-8.7133481854839,3.552713678800501e-15,0.041964106838277004,-2.5828444181443286,3.4914464377243095,6.130503767339569,0.03132842942743619,0.47170903863386765,5.8899535830543694
20,440,1.0,5833.567881227639,-0.30792384813199525,8.363460230513624,-8.67138407864562,-8.67138407864562,0.0,0.0043286134060895876,-2.5450922654419403,3.487234483588421,6.126291813203679,0.03137142438504826,0.4716155792915257,5.885142385420339
20,441,1.0,5808.371193793426,-0.30353436312812826,8.363521102111402,-8.66705546523953,-8.66705546523953,0.0,-0.1050364907760386,-2.542453192941277,3.4855449426829948,6.124602272298254,0.031470547917083855,0.4714761268363589,5.882451846623582
20,442,1.0,6451.654935430737,-0.4286118894370893,8.343480066578483,-8.772091956015569,-8.772091956015572,3.552713678800501e-15,0.022440128301818518,-2.646213896469746,3.4868207299305647,6.1258780595458235,0.0314572995263897,0.4714060376284332,5.882984052881284
20,443,1.0,6308.491283841478,-0.39897771481325184,8.3506741129005,-8.74965182771375,-8.749651827713752,1.7763568394002505e-15,0.027685343714788146,-2.62640255819464,3.484191939903853,6.123249269519112,0.03139023765479936,0.4714163304280049,5.880720225773277
20,444,1.0,6136.234037343846,-0.37335863909922595,8.348607844899735,-8.721966483998962,-8.721966483998962,0.0,-0.014186812567668738,-2.5982214636479712,3.4846876907357323,6.12374502035099,0.031423158209555546,0.47128007458861126,5.879976889612067
20,445,1.0,6223.908076607928,-0.3947191712594961,8.341434125307138,-8.73615329656663,-8.736153296566634,3.552713678800501e-15,-0.015238645864073419,-2.6166405542250604,3.4804554127263114,6.119512742341571,0.03149422906463369,0.47090541405061226,5.872592127464306
20,446,1.0,6319.478338962015,-0.41617998249739724,8.335211959933307,-8.751391942430704,-8.751391942430704,0.0,0.0018893445098182582,-2.6334564809213097,3.4788781318941355,6.117935461509394,0.03153000424767562,0.4707509284608968,5.869574843345943
20,447,1.0,6307.549939233977,-0.4098178768921672,8.339684721028718,-8.749502597920886,-8.749502597920884,1.7763568394002505e-15,-0.006622501386969404,-2.6314006773575334,3.479044590948093,6.118101920563353,0.031594950250677836,0.47076495760736026,5.870063931354562
20,448,1.0,6349.4603200588135,-0.41507081344696184,8.341054285860892,-8.756125099307855,-8.756125099307853,1.7763568394002505e-15,0.026258147507693508,-2.6379295013861954,3.4791382683064014,6.118195597921661,0.03161799099159567,0.47085018923342004,5.871027588570745
20,449,1.0,6184.905165958596,-0.3839882724907248,8.345878679309438,-8.729866951800162,-8.729866951800163,1.7763568394002505e-15,-0.0035908153534869314,-2.613619661817972,3.477189960366931,6.11624728998219,0.03165698278489831,0.47066653362667504,5.8676111437659335
20,450,1.0,6207.1539401020555,-0.39342892100428406,8.340028846149364,-8.733457767153649,-8.733457767153649,0.0,-0.05108440204363163,-2.6186429456305986,3.4757574919077903,6.114814821523049,0.0316496646212268,0.4705578400929688,5.865397326886344
20,451,1.0,6532.481524826038,-0.4599011001641219,8.324641069033158,-8.78454216919728,-8.78454216919728,0.0,0.03120340346949213,-2.670052159384713,3.4754326801973088,6.114490009812568,0.03166277754481915,0.47016491707337854,5.861536371608901
20,452,1.0,6331.793230186719,-0.422161902841128,8.33117686288666,-8.753338765727788,-8.753338765727786,1.7763568394002505e-15,-0.05036253664678725,-2.6388673924539723,3.475414043658557,6.114471373273815,0.031681541448643165,0.4700711781205281,5.861019164590355
20,453,1.0,6658.844848865157,-0.4834893149440867,8.32021198743049,-8.803701302374575,-8.803701302374577,1.7763568394002505e-15,0.06594654702422531,-2.690005745210233,3.4746382275490846,6.113695557164343,0.03168102646381642,0.470007915418991,5.859534680731876
20,454,1.0,6233.883394264361,-0.39834681091166324,8.339407944438687,-8.73775475535035,-8.73775475535035,0.0,-0.001095305728052054,-2.6238238226110027,3.474873603124089,6.113930932739348,0.03170241628675319,0.46998200316262284,5.860028159667512
20,455,1.0,6240.71514319798,-0.4063350317662816,8.332515029312122,-8.738850061078402,-8.738850061078404,1.7763568394002505e-15,0.06021186852627203,-2.626047582645359,3.4737451488177844,6.112802478433044,0.03170495933699463,0.4697707315436711,5.8568813697187565
20,456,1.0,5876.03910642827,-0.3291943737825907,8.349443818769542,-8.67863819255213,-8.678638192552132,1.7763568394002505e-15,-0.05350250076030605,-2.564536956022663,3.4750439069142103,6.11410123652947,0.03177053937550978,0.4698429657664873,5.858940865508111
20,457,1.0,6198.984041380132,-0.3970953876875457,8.33504530562489,-8.732140693312436,-8.732140693312436,0.0,-0.06808109028252396,-2.6179200657002375,3.475163297996938,6.1142206276121955,0.03178639858740616,0.4697395470908202,5.858067757343299
20,458,1.0,6635.715535937972,-0.4892982571359234,8.310923526459037,-8.80022178359496,-8.80022178359496,0.0,0.054887365046811354,-2.6867686501219223,3.474395803857779,6.113453133473038,0.03176528159194741,0.4693234202870983,5.853434650862645
20,459,1.0,6281.313656436284,-0.42455858042053696,8.320775838127613,-8.745334418548149,-8.74533441854815,1.7763568394002505e-15,-0.02333899098152692,-2.6337317049096596,3.4725453840232325,6.11160271363849,0.03179763438541456,0.46920717820052527,5.850832726704643
20,460,1.0,6429.637308705598,-0.45339784199292393,8.315275567536752,-8.768673409529676,-8.768673409529676,0.0,-0.038606553320354564,-2.6585965147957196,3.4710195651186977,6.110076894733957,0.03181061107615719,0.4689707213673542,5.8472835641762595
20,461,1.0,6682.717283930421,-0.5012831081884468,8.305996854661585,-8.80727996285003,-8.807279962850032,1.7763568394002505e-15,0.03303065527944149,-2.6954552986318125,3.4727673346029606,6.1118246642182195,0.03180497851766266,0.46885271987982047,5.847515945543712
20,462,1.0,6465.58844757611,-0.4640618117200145,8.310187495850574,-8.774249307570589,-8.774249307570589,0.0,0.045785013745081926,-2.6629264023738606,3.4722655755814698,6.111322905196728,0.03178432738443428,0.468727672456513,5.845905331491778
20,463,1.0,6176.235940805336,-0.4043078445800283,8.32415644924548,-8.728464293825507,-8.728464293825509,1.7763568394002505e-15,0.009536485026005792,-2.6189054122268316,3.4705015519834164,6.109558881598675,0.031859301992570054,0.46847080605446484,5.8422926065503
20,464,1.0,6117.6163160860415,-0.40031108683908845,8.31861672196041,-8.718927808799501,-8.7189278087995,1.7763568394002505e-15,0.040502553314841094,-2.6102281810676753,3.4696422981165673,6.108699627731826,0.031912418838563876,0.4682410958239938,5.839344438424035
20,465,1.0,5874.788013099405,-0.35245531591825363,8.325969939566408,-8.67842525548466,-8.678425255484662,1.7763568394002505e-15,-0.08697400886942397,-2.568997987243642,3.4703699386257583,6.109427268241019,0.0319680836447237,0.46805485311472356,5.838502105574569
20,466,1.0,6408.620168090622,-0.458675953729787,8.3067233106243,-8.765399264354084,-8.765399264354086,1.7763568394002505e-15,-0.06400078141106391,-2.6582099763849194,3.468131958353907,6.107189287969165,0.03198150376538933,0.46770448018794764,5.833315597021906
20,467,1.0,6832.186586495195,-0.5383534639320053,8.291046581833141,-8.829400045765148,-8.829400045765146,1.7763568394002505e-15,0.0014235621854545855,-2.7208364592519767,3.469506256897912,6.1085635865131716,0.031971112217089384,0.46772083306418977,5.8347666487128285
20,468,1.0,6822.467463555978,-0.5495199841283239,8.27845649945137,-8.827976483579693,-8.827976483579693,0.0,-0.06884184782723146,-2.717126484820748,3.4717926691436864,6.110849998758947,0.031899809693170814,0.46732372400982264,5.833389475893414
20,469,1.0,7308.68270073355,-0.6334038430602458,8.263414488346676,-8.896818331406925,-8.896818331406921,3.552713678800501e-15,0.058907198117010395,-2.7830678860129625,3.474693115778703,6.113750445393961,0.031984708368072066,0.4672026461089899,5.834749529208609
20,470,1.0,6890.584085110309,-0.5703868198353659,8.26752431345455,-8.837911133289914,-8.837911133289914,0.0,-0.07876893962297515,-2.72637623417059,3.4724775695040657,6.111534899119325,0.031939513612442266,0.4670594514403778,5.831350924643751
20,471,1.0,7455.297055716404,-0.6760754115374679,8.240604661375421,-8.91668007291289,-8.91668007291289,0.0,0.0036906345829734732,-2.802769209084503,3.474853534213126,6.113910863828385,0.032001241230954894,0.4666792788593477,5.830033181828415
20,472,1.0,7427.832989665718,-0.6709778944200514,8.242011543909864,-8.912989438329916,-8.912989438329916,0.0,-0.03520066181694759,-2.8027293001606233,3.471202808554035,6.110260138169295,0.03211317420923371,0.4664495850465081,5.824677305360874
20,473,1.0,7693.953965663304,-0.7201033640517528,8.22808673609511,-8.948190100146864,-8.948190100146862,1.7763568394002505e-15,-0.0015847316661385946,-2.8380356261358317,3.471097144395773,6.110154474011032,0.032230246160475255,0.4660238085034425,5.82051121834887
20,474,1.0,7706.15648445572,-0.7278558471113612,8.221918984701645,-8.949774831813002,-8.949774831813006,3.552713678800501e-15,-0.0019855211463628564,-2.839114289018061,3.471603213179681,6.110660542794941,0.03222384359566845,0.46579335635615854,5.818806994268561
20,475,1.0,7721.472421139208,-0.7368584789789876,8.214901873980377,-8.951760352959365,-8.951760352959365,0.0,-0.03524122717938738,-2.840630292089884,3.4720727312542223,6.11113006086948,0.03230333557299578,0.46552202248082414,5.8167249750797865
20,476,1.0,7998.4382282797615,-0.7946194968481011,8.192382083290653,-8.987001580138752,-8.987001580138754,1.7763568394002505e-15,0.051046411356757915,-2.8700790612427896,3.477865189280704,6.116922518895962,0.03247836855744457,0.465490738528771,5.8209363546196515
20,477,1.0,7600.392493192121,-0.7245024159924739,8.211452752789521,-8.935955168781994,-8.935955168781994,0.0,0.07668659625198693,-2.82261060507242,3.4742872340943167,6.113344563709575,0.03250965395913762,0.46548514959106685,5.8188826325490925
20,478,1.0,7039.332100265085,-0.6108256660380202,8.24844290649199,-8.859268572530008,-8.85926857253001,1.7763568394002505e-15,-0.04455677860388185,-2.755083703359073,3.465127539555676,6.104184869170934,0.032421000582036986,0.46559973610291494,5.8127998855666005
20,479,1.0,7360.074626443054,-0.6796353655122633,8.224189985621628,-8.90382535113389,-8.903825351133891,1.7763568394002505e-15,0.10374560535564648,-2.7975894213167587,3.467178600201872,6.106235929817132,0.03258339427156718,0.4651791652817481,5.810184457559778
20,480,1.0,6634.773080324647,-0.5501608110785204,8.249918934699723,-8.800079745778243,-8.800079745778243,0.0,-0.008852923758100317,-2.69665005177027,3.4643723643927147,6.103429694007973,0.03253097747783912,0.4650671217621594,5.8072630124745785
20,481,1.0,6693.770987216929,-0.5588037434398612,8.250128926096483,-8.808932669536343,-8.808932669536345,1.7763568394002505e-15,-0.01262450530056114,-2.708093995564893,3.4617813443561922,6.1008386739714515,0.03263036790975857,0.4647569789293515,5.802225226282936
20,482,1.0,6778.812206716049,-0.574526033731368,8.247031141105536,-8.821557174836904,-8.821557174836904,0.0,-0.009576286972265535,-2.7204016715376276,3.462098173684017,6.101155503299276,0.03262321253868936,0.4645972217908754,5.80105586075626
20,483,1.0,6844.039878715432,-0.56986411622673,8.261269345582438,-8.83113346180917,-8.831133461809168,1.7763568394002505e-15,0.03648638363240053,-2.7308837251701306,3.4611924070237805,6.1002497366390385,0.032536170519444664,0.46456036425760133,5.801207594888443
20,484,1.0,6598.826295445542,-0.5124871684014598,8.28215990977531,-8.79464707817677,-8.79464707817677,0.0,0.027078443541329378,-2.6954383268482154,3.460151421713295,6.099208751328554,0.032487511563975426,0.464637068548188,5.8015718946799675
20,485,1.0,6422.537929158119,-0.47631790979212896,8.29125072484331,-8.76756863463544,-8.76756863463544,0.0,0.05808063264643337,-2.6688347447845655,3.4596765602356134,6.098733889850872,0.03247957215896691,0.46454130665469373,5.800442588207837
20,486,1.0,6060.138914521574,-0.40950098577372346,8.299987016215285,-8.709488001989007,-8.709488001989008,1.7763568394002505e-15,-0.060412966784273436,-2.6138214325399893,3.456609239833759,6.095666569449017,0.03262401862274905,0.46444664509602607,5.796587247174143
20,487,1.0,6437.534915815484,-0.4899243007631101,8.27997666801017,-8.76990096877328,-8.76990096877328,0.0,-0.009931400951199265,-2.673761036779836,3.4570826023781853,6.096139931993443,0.03271115112225853,0.4641242128294907,5.794022377549588
20,488,1.0,6501.787185614654,-0.5114327911793282,8.26839957854515,-8.77983236972448,-8.779832369724478,1.7763568394002505e-15,-0.006923398031872807,-2.687041493385376,3.453733546723845,6.092790876339103,0.03261829824516107,0.4639784429311617,5.789783544847163
20,489,1.0,6546.957832972803,-0.5200377234011966,8.266718044355152,-8.786755767756352,-8.786755767756349,3.552713678800501e-15,0.04551140378756102,-2.694764267954857,3.4529341701862344,6.091991499801493,0.03267738592839485,0.46381758789490524,5.787603458889727
20,490,1.0,6255.675207819631,-0.45817039318247743,8.283073970786312,-8.741244363968791,-8.74124436396879,1.7763568394002505e-15,-0.021774891987531575,-2.650929740266995,3.451257294086538,6.090314623701795,0.03273223010143678,0.46376162299804763,5.785679472362728
20,491,1.0,6393.385734503655,-0.5006668712634768,8.262352384692846,-8.763019255956323,-8.763019255956323,0.0,-0.07252074097409,-2.6714213538884612,3.452540572452603,6.091597902067861,0.0327399935019111,0.4632540752956457,5.782238930147652
20,492,1.0,6874.264925769858,-0.5899111127323641,8.245628884198045,-8.835539996930413,-8.83553999693041,3.552713678800501e-15,0.03981132124282283,-2.7387668700905414,3.457715797224612,6.09677312683987,0.032673464158853936,0.463135542206499,5.78593167976936
20,493,1.0,6605.967430761951,-0.5431489058881441,8.252579769799445,-8.79572867568759,-8.795728675687588,1.7763568394002505e-15,-0.07326633203569166,-2.7024486184238334,3.454222727648497,6.0932800572637555,0.032812059617767717,0.4627906000886152,5.779988532032709
20,494,1.0,7108.133762792236,-0.6332409220499453,8.235754085673335,-8.868995007723282,-8.86899500772328,1.7763568394002505e-15,0.03039774845089127,-2.774088403778824,3.4558492743291986,6.094906603944456,0.03287298884365033,0.462774076913021,5.7812178987137175
20,495,1.0,6895.313516192784,-0.5941805542898786,8.24441670498251,-8.83859725927239,-8.83859725927239,0.0,-0.03221320373547876,-2.746850706846019,3.4526892228111135,6.091746552426372,0.032887616378795476,0.46266383460932553,5.777145176781557
20,496,1.0,7121.049982657738,-0.6280778556867499,8.24273260732112,-8.870810463007869,-8.870810463007869,0.0,0.05599927665960358,-2.7822185808187023,3.4495345525739083,6.088591882189165,0.032949570747453284,0.46244424094558173,5.772750101519817
20,497,1.0,6733.236317654585,-0.5612555475410502,8.253555638807217,-8.814811186348265,-8.814811186348267,1.7763568394002505e-15,0.026052745174910186,-2.729245617074148,3.446508239658858,6.0855655692741175,0.03305976775988405,0.46231191746544936,5.768842389905631
20,498,1.0,6560.082389100413,-0.5284401690768912,8.260318272096464,-8.788758441173355,-8.788758441173355,0.0,-0.04363867103691099,-2.7053032745335157,3.4443978370245816,6.083455166639839,0.03312000134436079,0.4619919244767133,5.764266092030278
20,499,1.0,6852.693819079343,-0.580546374992143,8.251850737218124,-8.832397112210266,-8.832397112210266,0.0,-0.07425347819919637,-2.7502139743620075,3.4431258082329994,6.082183137848259,0.033165446770895994,0.46167863744697385,5.760574564481483
20,500,1.0,7380.8980000042775,-0.6810233620694766,8.225627228339988,-8.906650590409463,-8.906650590409464,1.7763568394002505e-15,,-2.822082645805413,3.4455106149887906,6.084567944604049,0.03323869651691822,0.46133590663208884,5.759146100753925
