seed,epoch,temperature,Z,E,S,F,F_check,err,delta_F,F_data,KL,NLL,data_mass,recon_sq,recon_ce
9,1,0.25,226732.40324752225,-0.008714401054622442,12.29666815654697,-3.0828814401913647,-3.0828814401913647,0.0,0.15840248721031713,-1.5051250839139882,3.6719680954942464,6.311025425109506,0.027181420386557822,0.4942961595166442,6.256949986344209
9,2,0.25,120320.68254607581,0.1402766370403219,12.25902236008548,-2.9244789529810475,-2.924478952981048,4.440892098500626e-16,-0.019630818606124478,-1.3553206512569267,3.6375758772812246,6.276633206896483,0.028482935229827075,0.4929067219712157,6.211347990082251
9,3,0.25,130149.5022977174,0.11345418590026038,12.230255829949728,-2.944109771587172,-2.9441097715871716,4.440892098500626e-16,-0.0836676593000818,-1.3690332493384492,3.661248759379631,6.300306088994889,0.02806962701191761,0.492477986052509,6.230099655909536
9,4,0.25,181881.33056802623,0.034085821472330684,12.247453009438338,-3.027777430887254,-3.027777430887254,0.0,-0.15903833628135544,-1.4587551877201086,3.63703164305332,6.276088972668579,0.026953360036878826,0.49293721493263526,6.211246041257822
9,5,0.25,343610.1705669653,-0.12764507160576233,12.236682782251389,-3.1868157671686093,-3.1868157671686097,4.440892098500626e-16,0.17648000049187784,-1.614675027979455,3.649505627141358,6.288562956756616,0.0276434035323816,0.49316532512914046,6.2251686341038015
9,6,0.25,169624.60470123027,0.04803936112807598,12.23350051121923,-3.0103357666767314,-3.0103357666767314,0.0,-0.08651598884567546,-1.443685956754877,3.6275419100721593,6.266599239687418,0.027704712740279337,0.49200221875421835,6.193895965105729
9,7,0.25,239763.193648226,-0.037229233589101955,12.23849008773322,-3.096851755522407,-3.096851755522407,0.0,0.07701128853661254,-1.5228416193676417,3.6569832150038004,6.296040544619059,0.02700977950527285,0.4920959056832709,6.223280868813738
9,8,0.25,176197.68747104437,0.027057986594717257,12.187593814322044,-3.0198404669857943,-3.019840466985794,4.440892098500626e-16,0.0703556238635703,-1.4399670709878454,3.680436254376537,6.319493583991796,0.027572854564865072,0.49100348871493465,6.2356028783037525
9,9,0.25,132978.05219403055,0.09734720277980423,12.187328183608116,-2.949484843122224,-2.949484843122225,8.881784197001252e-16,-0.048635411406840134,-1.38234930009998,3.6294848424737185,6.268542172088977,0.02905800301538861,0.4902582117075956,6.1795968000803
9,10,0.25,161535.63025994267,0.04849778342016288,12.18647215179691,-2.998120254529064,-2.9981202545290646,4.440892098500626e-16,-0.09430630953705998,-1.4277711466347138,3.64233910196214,6.2813964315774,0.028002047402212696,0.4905133935009745,6.194381784619904
9,11,0.25,235556.54181754755,-0.05655506523341852,12.143485995330822,-3.092426564066124,-3.092426564066124,0.0,0.02381341350017996,-1.5122400652398373,3.68168866568989,6.32074599530515,0.028132274526093383,0.49043281814258566,6.231992847965221
9,12,0.25,214154.41565154222,-0.04261211992044056,12.104004122582015,-3.068613150565944,-3.0686131505659446,4.440892098500626e-16,-0.03067118273545688,-1.4885234637001872,3.6813014178477674,6.320358747463027,0.02973071769838908,0.4893412106309766,6.220244211313536
9,13,0.25,242107.55128441853,-0.0579923426363234,12.165167962660313,-3.099284333301401,-3.0992843333014015,4.440892098500626e-16,-0.03605728258180685,-1.5360268692491867,3.613972526593596,6.2530298562088555,0.028902580871024795,0.48983723299143767,6.16101112287972
9,14,0.25,279670.23712432187,-0.10590339199598414,12.117752895548895,-3.135341615883208,-3.135341615883208,0.0,-0.018575872222921674,-1.566610092088651,3.635868765562969,6.274926095178229,0.02905162275039325,0.48934618349883274,6.176898281383684
9,15,0.25,301242.2244274013,-0.13007999303174156,12.095349980297554,-3.1539174881061296,-3.15391748810613,4.440892098500626e-16,0.015180208934537642,-1.5789888262154854,3.6606573179473183,6.299714647562577,0.028062490897873608,0.489230141960555,6.200592577783996
9,16,0.25,283494.8161184711,-0.1084272593987179,12.121240079091498,-3.138737279171592,-3.1387372791715924,4.440892098500626e-16,-0.03097311554664106,-1.573650149354206,3.6212911896542863,6.260348519269544,0.02866463533828095,0.4887630394317492,6.1583280079109795
9,17,0.25,320886.121944695,-0.1474613771134529,12.088996070419125,-3.169710394718233,-3.169710394718234,8.881784197001252e-16,0.09610255590475214,-1.6006178767507055,3.6373127422548515,6.276370071870111,0.02785596713471776,0.4884727681529789,6.171503018794138
9,18,0.25,218475.97980974012,-0.047724295276083774,12.103534174149589,-3.073607838813481,-3.073607838813481,0.0,0.12512668030220064,-1.5119300565715694,3.6076537993523874,6.246711128967645,0.027904149775303373,0.4875065223192534,6.1350874151164225
9,19,0.25,132445.25034139614,0.07429002509984345,12.091084734444495,-2.9484811585112802,-2.9484811585112802,0.0,-0.02634712341966683,-1.391613954151661,3.588411487823216,6.227468817438475,0.02845749502745292,0.48628472219574165,6.1050368065396645
9,20,0.25,147165.50661023104,0.037537531331082036,12.049463253048113,-2.974828281930947,-2.974828281930946,8.881784197001252e-16,-0.036718500085785255,-1.4147588479669477,3.6012204062407376,6.240277735855997,0.028444394058569727,0.4855243236467593,6.110680369239847
9,21,0.25,170448.2700266543,-0.013318685411537206,11.992912386420782,-3.0115467820167323,-3.0115467820167328,4.440892098500626e-16,-0.06448333885768776,-1.4383726750440509,3.6536390982754665,6.292696427890726,0.028446663860124895,0.48517085841765023,6.157306653792182
9,22,0.25,220603.10997369027,-0.09620394260267993,11.91930471308696,-3.07603012087442,-3.07603012087442,0.0,0.12406370206658046,-1.4927879843968763,3.6939112162949175,6.332968545910176,0.028931902128941603,0.4848863410952253,6.192278846291299
9,23,0.25,134304.60559126872,0.034511570724496246,11.945911958129345,-2.9519664188078396,-2.95196641880784,4.440892098500626e-16,-0.030751599484742265,-1.3875380012583598,3.618656340582661,6.257713670197918,0.0298268437958397,0.48381210723635826,6.110861115210777
9,24,0.25,151883.95786584693,-0.02608052485797591,11.826549973738425,-2.982718018292582,-2.9827180182925823,4.440892098500626e-16,-0.03493090748389971,-1.392034265843164,3.7236776801824143,6.362735009797673,0.028808317327421416,0.48328458546270353,6.2020053702314275
9,25,0.25,174659.85977221475,-0.05198073042541163,11.86267278140428,-3.0176489257764816,-3.0176489257764816,0.0,-0.00755704137807367,-1.4437891024877245,3.6563819635397685,6.295439293155027,0.02934781515487504,0.4827913652013412,6.135718501172495
9,26,0.25,180020.11409799833,-0.06595213359828458,11.837015334225084,-3.0252059671545553,-3.0252059671545557,4.440892098500626e-16,0.021390852351671263,-1.4580607288070182,3.629523623774889,6.268580953390148,0.030497111463308146,0.48193714308447544,6.101544057148821
9,27,0.25,165257.55234505434,-0.04400862279635219,11.839225968026124,-3.003815114802884,-3.003815114802883,8.881784197001252e-16,0.03339154806878586,-1.4382870333835727,3.623054996061986,6.262112325677244,0.02960849766702581,0.48132345427494394,6.0916240252274845
9,28,0.25,144595.32634752977,0.005475408126675536,11.903595899443095,-2.970423566734098,-2.970423566734098,0.0,0.013374235556948388,-1.422180724538578,3.553914039166822,6.19297136878208,0.029240326477812006,0.48087913456662223,6.0240170822811905
9,29,0.25,137063.1879935731,0.023753173822206528,11.923210019997423,-2.9570493311771497,-2.9570493311771493,4.440892098500626e-16,0.06689435639793473,-1.4092253114894198,3.552238749135662,6.191296078750921,0.029116418711809835,0.4805033579346908,6.0200572471440195
9,30,0.25,104885.01135736483,0.08738524839583219,11.91016089270019,-2.890154974779215,-2.8901549747792155,4.440892098500626e-16,-0.09134730484898101,-1.3380994682997138,3.5691646963027455,6.208222025918004,0.030565314899789888,0.47921732107386933,6.022749707451927
9,31,0.25,151147.1460587717,-0.016712459576895503,11.859159280205205,-2.981502279628196,-2.981502279628197,8.881784197001252e-16,-0.05474716080624731,-1.4346643529852652,3.548294376956466,6.187351706571723,0.030204922719994354,0.4790965910777382,6.002904752418487
9,32,0.25,188150.55800032875,-0.07465277952332233,11.846386643644488,-3.0362494404344433,-3.0362494404344442,8.881784197001252e-16,0.036527920638240285,-1.4876831144953973,3.555207974140925,6.1942653037561834,0.02996275442273804,0.4784114898944991,6.004488110898501
9,33,0.25,162573.59640625486,-0.04354157860034684,11.824719764783424,-2.999721519796203,-2.999721519796203,0.0,0.03691003329611009,-1.4549695785966927,3.5399504351827824,6.179007764798043,0.030225884635858312,0.47750877585505674,5.981528390398551
9,34,0.25,140258.9934851538,0.0013441971975314652,11.856622734790498,-2.962811486500093,-2.962811486500093,0.0,-0.03647055256879517,-1.4190299437836553,3.5360688412504926,6.1751261708657506,0.030325564212159924,0.47681371940654277,5.972742491981499
9,35,0.25,162288.05560957929,-0.06086649664532731,11.753662169694243,-2.999282039068888,-2.999282039068888,0.0,-0.05507647542294691,-1.4530374550716816,3.5459210063735673,6.184978335988828,0.02982582984411059,0.4759334136154471,5.973553096482691
9,36,0.25,202285.23968086843,-0.11256945738390275,11.767156228431729,-3.054358514491835,-3.054358514491835,0.0,-0.011592943338411654,-1.5064102942389224,3.5527355513963923,6.191792881011651,0.030272875548251296,0.4755828275265042,5.977467038975369
9,37,0.25,211886.45728177013,-0.15756309399363724,11.633553455346437,-3.0659514578302467,-3.0659514578302467,0.0,0.14356452244233608,-1.5049521983628422,3.6049397082543586,6.243997037869618,0.029055750295549278,0.4746286124904143,6.016006432212664
9,38,0.25,119318.03158500389,0.015209700206336541,11.75038654237699,-2.9223869353879106,-2.922386935387911,4.440892098500626e-16,0.05765076075169118,-1.379522407038366,3.5324007837829186,6.171458113398176,0.03146337182307042,0.47325126541510776,5.936945607529956
9,39,0.25,94745.03291831877,0.06417443798095632,11.715642450468705,-2.8647361746362194,-2.86473617463622,4.440892098500626e-16,0.019073541512940828,-1.324387011307471,3.522339323699737,6.161396653314995,0.0311602150869802,0.4718797806818893,5.916520140035367
9,40,0.25,87785.40471522354,0.07297991663015228,11.674570199013724,-2.8456626331232786,-2.8456626331232786,0.0,-0.0022256594240444016,-1.2951873659987352,3.562843738882916,6.201901068498174,0.031393194825372825,0.4711910143677387,5.946256169298202
9,41,0.25,88570.41551700287,0.05879610822535318,11.626737603090705,-2.847888292547323,-2.847888292547323,0.0,-0.05315173462645717,-1.300145258978326,3.551914804660729,6.190972134275988,0.03145879704924088,0.4704238668825153,5.929429654526373
9,42,0.25,109552.60334114605,-0.014172298748497158,11.547470913701131,-2.90104002717378,-2.90104002717378,0.0,0.02946003674184894,-1.3544800784450344,3.547182465299722,6.18623979491498,0.0320868139982601,0.46948576396811736,5.915227085361954
9,43,0.25,97374.53051289335,0.021406194814462425,11.571944740985577,-2.8715799904319312,-2.8715799904319317,4.440892098500626e-16,-0.014025732002450386,-1.3272123818752368,3.5384131046115184,6.177470434226777,0.03158898799765736,0.4687257749817343,5.901558395646228
9,44,0.25,102993.67831415911,0.0037151635339556406,11.557283543873348,-2.8856057224343816,-2.885605722434381,4.440892098500626e-16,0.00018400441554788927,-1.3472223248822084,3.514476260593433,6.153533590208693,0.031447529942514756,0.4677188900301702,5.871440964746038
9,45,0.25,102917.90103795355,0.005184897482913644,11.56242646200699,-2.8854217180188337,-2.8854217180188337,0.0,-0.016232134247733843,-1.348175356678176,3.5099281157473716,6.148985445362629,0.0318002817539583,0.46714774161219524,5.862147717034957
9,46,0.25,109821.91837814807,-0.024007850698345126,11.510584006272891,-2.9016538522665676,-2.901653852266568,4.440892098500626e-16,0.06020149673253439,-1.3720794885056986,3.4792401254282166,6.118297455043476,0.03172964746631124,0.46600454422498067,5.824043292153384
9,47,0.25,86319.38041488304,0.017976391207399044,11.437714986965728,-2.841452355534033,-2.841452355534033,0.0,-0.024336864262922475,-1.308438640502637,3.4929975305103262,6.132054860125585,0.03213952630084954,0.46410281235702155,5.819853176284987
9,48,0.25,95144.95779860775,-0.01695448686709982,11.395338931719424,-2.8657892197969557,-2.8657892197969557,0.0,-0.0806076474222217,-1.3398420374006206,3.464731399970081,6.103788729585339,0.03263007575689317,0.46315970219677394,5.786125300960193
9,49,0.25,131345.6226717135,-0.11924930451537215,11.308590250815222,-2.9463968672191774,-2.9463968672191774,0.0,0.028276443435920395,-1.4116602731072696,3.4998890468323713,6.138946376447629,0.03302078205285666,0.4625935891493163,5.811165316620394
9,50,0.25,117299.02177972729,-0.10278621003950218,11.261336854975017,-2.918120423783257,-2.9181204237832565,4.440892098500626e-16,0.014244274717866823,-1.3833793978245328,3.4999067742196353,6.138964103834895,0.0330269579212161,0.4612862514615376,5.798974157210803
9,51,0.25,110802.49778881318,-0.07902124555490428,11.299419614041943,-2.90387614906539,-2.90387614906539,0.0,-0.01272643696405451,-1.3747709068519167,3.4773636392386362,6.116420968853894,0.03331641210456862,0.46049602790109967,5.773274972533514
9,52,0.25,116589.0157735779,-0.07619969582011676,11.361611560837312,-2.9166025860294447,-2.9166025860294447,0.0,-0.020396758812363913,-1.3935287527665026,3.453238003436509,6.092295333051768,0.03324607711652889,0.45984477148521175,5.747575655956354
9,53,0.25,126499.97371551923,-0.10494381701144875,11.328222111321438,-2.9369993448418086,-2.936999344841808,4.440892098500626e-16,0.011562424239000446,-1.410734911254471,3.4660004047340918,6.105057734349351,0.033002091549989065,0.4591260108490484,5.753675268023142
9,54,0.25,120782.62029609221,-0.09516753099360298,11.32107755843682,-2.925436920602808,-2.9254369206028077,4.440892098500626e-16,0.051340291183498366,-1.401750699045914,3.455687556612315,6.094744886227575,0.0330155635560134,0.4583258494595729,5.73568377465637
9,55,0.25,98359.70702013807,-0.06866801763714811,11.22171444712865,-2.8740966294193098,-2.87409662941931,4.440892098500626e-16,0.04255251465776677,-1.352842572787597,3.445958896911592,6.085016226526852,0.03352445195514727,0.4564390780205884,5.710381098001249
9,56,0.25,82965.19479784105,-0.012333069586235184,11.276844180701232,-2.831544114761543,-2.8315441147615434,4.440892098500626e-16,0.07357475782023659,-1.3137583863133735,3.4320855841774187,6.071142913792677,0.0338355587253458,0.4559881845620128,5.69547805644937
9,57,0.25,61813.5223501267,0.06656603271046915,11.298141558607101,-2.7579693569413064,-2.757969356941306,4.440892098500626e-16,0.05196172078459771,-1.2344578206745942,3.4549888154515878,6.094046145066847,0.03424393566028417,0.4543773956971105,5.7007772173208116
9,58,0.25,50213.06569516778,0.12003090163489372,11.304154151166408,-2.7060076361567087,-2.7060076361567083,4.440892098500626e-16,-0.12947509652846412,-1.1878823568823766,3.4334437874820685,6.072501117097326,0.03637668775346662,0.45236346001344985,5.662350754602799
9,59,0.25,84282.61801534712,-0.03234287472538287,11.21255943183916,-2.835482732685173,-2.835482732685173,0.0,0.0727920759574765,-1.3148951578974126,3.443292969535782,6.08235029915104,0.03383564308241383,0.4523222555345214,5.671601888446027
9,60,0.25,62991.97566791266,0.06324219440275528,11.303731404521805,-2.7626906567276963,-2.762690656727696,4.440892098500626e-16,0.020305742170575236,-1.234651402839779,3.47309968593641,6.112157015551668,0.035248271017516444,0.4519557256288173,5.6880933347898415
9,61,0.25,58077.8515867637,0.07676062736087691,11.276582167671991,-2.742384914557121,-2.742384914557121,0.0,-0.08294216582514924,-1.221013272106919,3.446429240185551,6.085486569800809,0.03695238143302883,0.44932446643825835,5.642558837450069
9,62,0.25,80927.44743030869,-0.010217099186132731,11.260439924784551,-2.8253270803822703,-2.8253270803822703,0.0,-0.0013466994269948351,-1.3064906767778766,3.436288284802316,6.075345614417574,0.03503525483167029,0.4491038291990073,5.634418392750512
9,63,0.25,81364.56348952792,-0.017339310761422713,11.23733787619137,-2.826673779809265,-2.826673779809265,0.0,-0.04528214889621296,-1.304485770742483,3.449694706651871,6.088752036267128,0.035483616364526724,0.4477083426376485,5.634139573960417
9,64,0.25,97521.06791486949,-0.11744979649371817,11.01802452884704,-2.871955928705478,-2.871955928705478,0.0,-0.03727603919054312,-1.3553855353261937,3.4272242439018794,6.06628157351714,0.03554003704187231,0.445986151954369,5.596978083493364
9,65,0.25,113201.85953275347,-0.15737021536272883,11.00744701013317,-2.9092319678960212,-2.9092319678960212,0.0,-0.043673472484756726,-1.3865420679653593,3.4517022701073894,6.090759599722647,0.03514353156389502,0.44546688611127555,5.614467364347258
9,66,0.25,134810.0138635918,-0.1835349342423106,11.077482024553872,-2.952905440380778,-2.9529054403807784,4.440892098500626e-16,0.06114074825799776,-1.4332709825649983,3.439480501647861,6.07853783126312,0.0360707751990533,0.445556658287802,5.607482412607486
9,67,0.25,105562.53113471018,-0.13513925109367075,11.026501764116437,-2.89176469212278,-2.89176469212278,0.0,0.019867094863950108,-1.3799333729534407,3.4082679470621002,6.047325276677357,0.035724963565813256,0.4435092252087796,5.564652917029258
9,68,0.25,97498.31638935106,-0.1267551089612487,10.980569953190328,-2.87189759725883,-2.8718975972588305,4.440892098500626e-16,0.002498384572771073,-1.3689652676341661,3.3726719888833965,6.011729318498655,0.03599775500760023,0.4413904259501798,5.514484874718731
9,69,0.25,96528.81567119432,-0.12432733783484179,10.980287499404868,-2.869399212686059,-2.869399212686059,0.0,-0.015698916351258863,-1.3658095128276155,3.3753014698185133,6.014358799433772,0.03619986801000711,0.4396636965300039,5.501696490357912
9,70,0.25,102784.77481778922,-0.15323887546002918,10.927437014309156,-2.885098129037318,-2.8850981290373183,4.440892098500626e-16,0.047214712158326844,-1.377107701534161,3.3929043803973684,6.0319617100126255,0.03548286033255406,0.43796619447791235,5.503104864100183
9,71,0.25,85095.8602371222,-0.10163203198721996,10.945005539567086,-2.837883416878991,-2.8378834168789915,4.440892098500626e-16,0.013749979588673522,-1.341702852254415,3.345664928883044,5.984722258498302,0.03704200866959837,0.43586171163216275,5.443004932595724
9,72,0.25,80541.97444263553,-0.10252845123208225,10.886419944232937,-2.8241334372903175,-2.8241334372903166,8.881784197001252e-16,0.051377665471374456,-1.326522883546263,3.3513848853609596,5.990442214976219,0.037926378852300574,0.4336427243686191,5.427562733717244
9,73,0.25,65579.80567869032,-0.028581111124257038,10.976698642778743,-2.772755771818943,-2.7727557718189426,4.440892098500626e-16,0.017888499407914704,-1.2782611672438855,3.3389210886849705,5.97797841830023,0.03873906159433789,0.43280836310773624,5.408709456133677
9,74,0.25,61051.25825989267,0.0031889828575094384,11.03222502107415,-2.7548672724110284,-2.7548672724110284,0.0,0.0013039686915217175,-1.2572889842202426,3.351255823147883,5.990313152763141,0.04000642868293928,0.43226746057615834,5.412444568590535
9,75,0.25,60733.65156093021,0.004208809160833797,11.031088451521361,-2.7535633037195066,-2.7535633037195066,0.0,-0.008455701548623296,-1.248017852319324,3.383124475985474,6.022181805600733,0.041253330312704825,0.4313057440519515,5.424386056275488
9,76,0.25,62822.96818821611,-0.008213866009460878,11.015220557034676,-2.76201900526813,-2.76201900526813,0.0,0.00786648402541168,-1.2577322119248264,3.3780898437579556,6.017147173373215,0.04129180135647041,0.43043795844431954,5.412353758211822
9,77,0.25,60876.96170327907,-0.014410546842341627,10.958967897601507,-2.7541525212427183,-2.7541525212427183,0.0,-0.08622733999727572,-1.2571349063314456,3.349013130029833,5.988070459645092,0.04054234251576186,0.42893508625446686,5.380558811930265
9,78,0.25,85949.86541521033,-0.16191364461690022,10.71386486649238,-2.840379861239994,-2.840379861239995,8.881784197001252e-16,-0.0716780004214308,-1.3405242578631464,3.360365083892133,5.999422413507392,0.03954746822246232,0.42703568504393197,5.375109206820795
9,79,0.25,114488.70452181985,-0.2798062968952973,10.529006259064507,-2.9120578616614248,-2.9120578616614243,4.440892098500626e-16,0.0010522128950158915,-1.394858019588695,3.4297420386756596,6.068799368290919,0.03994404937135327,0.42592507258548984,5.411834430414763
9,80,0.25,114007.85118688973,-0.26741346904969954,10.574368718866834,-2.911005648766409,-2.911005648766408,8.881784197001252e-16,-0.007793536645611887,-1.4063957641463036,3.3793822088651617,6.01843953848042,0.04052806871702044,0.42376804107440114,5.352130392509295
9,81,0.25,117617.92680511868,-0.2759331549077557,10.57146412201706,-2.9187991854120208,-2.9187991854120208,0.0,0.025571917998591154,-1.4235919092463405,3.3417717750474627,5.980829104662722,0.03999859347215156,0.42173345191543593,5.307485860545357
9,82,0.25,106181.91375418112,-0.24752988194769845,10.582789541862926,-2.8932272674134296,-2.89322726741343,4.440892098500626e-16,0.021811640909827457,-1.401693527270242,3.3270776309574925,5.9661349605727505,0.040566803501895836,0.4197683720663355,5.277743285732714
9,83,0.25,97310.53211183856,-0.21800110812902873,10.613658073498293,-2.871415626503602,-2.8714156265036017,4.440892098500626e-16,0.01639821773409489,-1.3839222942888745,3.31091599924365,5.949973328858909,0.040279188862187856,0.418098441438025,5.2530698281995765
9,84,0.25,91132.48766313482,-0.17367785360394583,10.725358220662244,-2.8550174087695073,-2.855017408769507,4.440892098500626e-16,0.08501440695344442,-1.3797455874469235,3.2620299556750765,5.901087285290336,0.041539917996647836,0.41620003565614405,5.198126775514747
9,85,0.25,64861.66221465387,-0.04955321950818313,10.881799129231519,-2.770003001816063,-2.770003001816063,0.0,0.019737785444128075,-1.2807658946952685,3.3178910988679173,5.956948428483176,0.04585864687518794,0.41602021039945886,5.229293301496234
9,86,0.25,59937.693829913755,-0.0475090098753449,10.811024825986358,-2.7502652163719348,-2.7502652163719343,4.440892098500626e-16,-0.049935368482012965,-1.2716921932416512,3.275234762905877,5.914292092521135,0.04470297654795654,0.41393941772627957,5.186769292977397
9,87,0.25,73189.14081449679,-0.09501393115938393,10.820746614778255,-2.8002005848539477,-2.8002005848539477,0.0,-0.09595352373144816,-1.3241317806445463,3.2652178872223474,5.904275216837607,0.04353370681664794,0.4127999804835637,5.169062486004205
9,88,0.25,107432.32939567305,-0.22303320555437317,10.692483612124091,-2.896154108585396,-2.896154108585396,0.0,0.03527633177621414,-1.4236194583393351,3.251081271368984,5.890138600984243,0.042645937170087043,0.4110172311591665,5.14357448296168
9,89,0.25,93294.00290618799,-0.17810031904820506,10.731109831043906,-2.8608777768091818,-2.8608777768091813,4.440892098500626e-16,0.07080182414416614,-1.3890197478393769,3.2483747862639616,5.88743211587922,0.04305071034150403,0.4096009299507393,5.128720030487604
9,90,0.25,70284.30607218419,-0.07135152454116879,10.874897712495386,-2.7900759526650156,-2.790075952665015,4.440892098500626e-16,-0.023621540205833735,-1.2942762029933153,3.3441416690715426,5.983198998686802,0.04753803897459096,0.4096241587011292,5.18152992495426
9,91,0.25,77249.05575765396,-0.10036724246834458,10.853321001610018,-2.8136974928708494,-2.813697492870849,4.440892098500626e-16,0.00916229401466051,-1.3289949496788733,3.2997528431526457,5.938810172767903,0.04578999994569364,0.4075473630636781,5.137309866320907
9,92,0.25,74469.19250532113,-0.09117736250148992,10.853431345418795,-2.804535198856189,-2.8045351988561884,4.440892098500626e-16,-0.028358679159840694,-1.3126557660573386,3.328460401580142,5.967517731195401,0.047533995005801466,0.40626818365939543,5.13763093486479
9,93,0.25,83414.33967065054,-0.12862432908005542,10.817078195743896,-2.8328938780160295,-2.8328938780160295,0.0,0.01796979586598324,-1.3514054561366569,3.2868963579022314,5.925953687517491,0.04777773389303002,0.40326285935717326,5.08283556491181
9,94,0.25,77628.99851739158,-0.11751977839224231,10.789617215031218,-2.8149240821500463,-2.8149240821500467,4.440892098500626e-16,-0.02305840177800622,-1.3435893949984146,3.2462814189912677,5.885338748606527,0.04694094818093867,0.40164081396021106,5.0404789053475545
9,95,0.25,85129.58770228592,-0.14222486322914774,10.783030482795619,-2.8379824839280525,-2.8379824839280525,0.0,-0.0018065661010568945,-1.3699451525172124,3.233091996028103,5.872149325643362,0.04670808489735332,0.4002953080311903,5.01977282290988
9,96,0.25,85746.98466183498,-0.14924660843034968,10.76216976639504,-2.8397890500291094,-2.83978905002911,4.440892098500626e-16,-0.040726953211973616,-1.3763997399737775,3.21449991060607,5.853557240221329,0.04613804519258494,0.39957230510617,5.001137164925416
9,97,0.25,100918.04320129733,-0.19924582955166226,10.725080694757683,-2.880516003241083,-2.880516003241083,0.0,-0.04080574771305212,-1.4167975202541623,3.215816602332424,5.854873931947681,0.045066497188133395,0.397637291986047,4.983421254219441
9,98,0.25,118810.73025177578,-0.263947505366284,10.629496982351402,-2.921321750954135,-2.9213217509541343,8.881784197001252e-16,0.015183973696179187,-1.4576894245401901,3.21547197604052,5.85452930565578,0.04407014243355506,0.39623780671950976,4.971643416102715
9,99,0.25,111809.42170792232,-0.2514315847112055,10.618824770187002,-2.906137777257956,-2.906137777257956,0.0,-0.05998920427582499,-1.4414172009978081,3.2198249754253334,5.8588823050405905,0.04486934708633364,0.39548762289522565,4.9682418066146985
9,100,0.25,142131.4945619537,-0.32512622222704923,10.564003037226927,-2.966126981533781,-2.966126981533781,0.0,-0.01737771431558377,-1.506188143527848,3.200698022408473,5.839755352023731,0.04524005859163576,0.39328296865332835,4.932453128942536
9,101,0.25,152362.6454199234,-0.34111841083778616,10.569545140046317,-2.9835046958493647,-2.9835046958493656,8.881784197001252e-16,0.004492262413488657,-1.5279573600763032,3.1831320134769867,5.822189343092245,0.04686077098160806,0.39169187507062825,4.9035762408940125
9,102,0.25,149649.2847439462,-0.33415956347356013,10.579411479849266,-2.979012433435876,-2.9790124334358765,4.440892098500626e-16,-0.029878414917845486,-1.5229633257962245,3.185139100943348,5.824196430558607,0.04723637995638626,0.3903563321414841,4.887040381054435
9,103,0.25,168647.05757648492,-0.39949933205151195,10.43756606520884,-3.0088908483537216,-3.008890848353722,4.440892098500626e-16,-0.07241979599360171,-1.5514766914281757,3.1905992980869256,5.829656627702184,0.047254213532161145,0.3894662103875378,4.8829640967010866
9,104,0.25,225312.26813730894,-0.4865841496503874,10.378905978787744,-3.0813106443473233,-3.0813106443473233,0.0,-0.018037687687736614,-1.619076238694029,3.2098802929979184,5.848937622613178,0.04805063783861284,0.38754120091842514,4.872835020194875
9,105,0.25,242169.53752492747,-0.48321316489957394,10.464540668541947,-3.09934833203506,-3.0993483320350608,8.881784197001252e-16,-0.008820211985455018,-1.6473685478024733,3.168861807315089,5.80791913693035,0.04715496433814889,0.3851993486804767,4.830573929014344
9,106,0.25,250865.99123634386,-0.5009056313160192,10.429051650817982,-3.108168544020515,-3.108168544020515,0.0,0.013391532112784876,-1.6541295658257142,3.1770985831639424,5.816155912779203,0.0469290751965108,0.38345402892193203,4.820144110964916
9,107,0.25,237781.63883733505,-0.5085835859942313,10.344773703653994,-3.09477701190773,-3.0947770119077296,4.440892098500626e-16,-0.05885396578013058,-1.6330459433153448,3.2078669447542825,5.846924274369542,0.04942527257716608,0.38214057066072593,4.817635836919556
9,108,0.25,300897.18603646965,-0.617821750079448,10.14323691043365,-3.1536309776878606,-3.1536309776878606,0.0,6.387983307476475e-05,-1.6916189781212565,3.208990668651159,5.848047998266417,0.05013657845496435,0.38013442917927004,4.792265403864977
9,109,0.25,300820.3108103746,-0.6364196236181893,10.068589896946387,-3.153567097854786,-3.153567097854786,0.0,0.04893627839887005,-1.6951067530766515,3.1947840494972803,5.83384137911254,0.050379788856770864,0.3762105774090425,4.741418426190577
9,110,0.25,247341.0117531694,-0.541197383583771,10.25373374348858,-3.104630819455916,-3.104630819455916,0.0,0.06620441176180014,-1.6662879958947792,3.114313964629289,5.753371294244547,0.050163179137662994,0.3739514939535176,4.676345645103133
9,111,0.25,189796.10261440638,-0.41580584059484393,10.490482268397091,-3.0384264076941156,-3.038426407694117,1.3322676295501878e-15,-0.039275445338075254,-1.6122703419322246,3.0655669334323075,5.704624263047566,0.050655248601946354,0.37125945973352004,4.624758131911761
9,112,0.25,222083.21037352813,-0.4918817317737959,10.34328048503358,-3.077701853032191,-3.077701853032191,0.0,0.017369948912113298,-1.640588290539263,3.1093969203564527,5.748454249971712,0.050731122197063154,0.3703900169516917,4.642518699427089
9,113,0.25,207176.75908130626,-0.44353791092937,10.46717597276283,-3.0603319041200776,-3.060331904120077,4.440892098500626e-16,0.05077427875383478,-1.6309111462954746,3.0786257016831517,5.717683031298411,0.05125434689267432,0.36713181415032003,4.5936878486544455
9,114,0.25,169097.45786749898,-0.3887244332659966,10.483332768400984,-3.009557625366243,-3.009557625366243,0.0,-0.08916120737821709,-1.5798273285088567,3.079863857814286,5.718921187429545,0.05321543393432635,0.36462226453962776,4.563297753681254
9,115,0.25,241560.52238759282,-0.5107807343750866,10.351752393477494,-3.09871883274446,-3.09871883274446,0.0,-0.0934190527704053,-1.6672324168596409,3.086888333924018,5.725945663539277,0.051376428946421256,0.3630744040198457,4.555710150095274
9,116,0.25,351003.523921311,-0.6603106969843368,10.127308754122112,-3.192137885514865,-3.1921378855148648,4.440892098500626e-16,0.021708659225505578,-1.748837342697375,3.1341448416546993,5.7732021712699595,0.05289795393941986,0.36114465159452197,4.555675970018005
9,117,0.25,321810.10198091436,-0.6209347806224336,10.197977782667701,-3.1704292262893596,-3.1704292262893587,8.881784197001252e-16,0.02003107443884211,-1.738961703496099,3.0868127615577827,5.725870091173042,0.053555554846942646,0.3593468659108885,4.508919998008354
9,118,0.25,297031.2429595068,-0.5477221106379413,10.410704164850305,-3.1503981518505175,-3.1503981518505175,0.0,-0.0020231391135125953,-1.7255676880910051,3.060264525422789,5.699321855038048,0.0535452866743377,0.35846722871416753,4.487199596029308
9,119,0.25,299444.7375609044,-0.5501303994937143,10.409163565881263,-3.15242129096403,-3.15242129096403,0.0,-0.0010885673069465085,-1.7338523162354522,3.0352185692990523,5.674275898914312,0.055574030416796594,0.3569340176041348,4.461172548965548
9,120,0.25,300751.4433769932,-0.5772166283616131,10.305172919637457,-3.1535098582709766,-3.1535098582709775,8.881784197001252e-16,-0.0029254922298758146,-1.7437415875257778,3.000015753365537,5.639073082980796,0.054356626588773375,0.3543037701615094,4.4201043963189734
9,121,0.25,304291.4998385348,-0.5751359985798893,10.325197407683854,-3.1564353505008524,-3.156435350500853,4.440892098500626e-16,-0.0215343678597808,-1.752101459466038,2.9782782345239984,5.617335564139258,0.05522734980912299,0.3515912618870884,4.375712065594221
9,122,0.25,331664.3934211449,-0.5967986363128666,10.324684328191069,-3.1779697183606332,-3.1779697183606337,4.440892098500626e-16,-0.07118895189723728,-1.7604962167543026,3.030836676810064,5.669894006425324,0.0576424601705188,0.35080945147820397,4.386857564571122
9,123,0.25,440927.0322689776,-0.6806884097177844,10.273881042160342,-3.2491586702578705,-3.24915867025787,4.440892098500626e-16,0.04542102923952074,-1.8416157507956907,2.9911143482334586,5.630171677848717,0.057389139890578846,0.34779444384831554,4.342761900457619
9,124,0.25,367673.4886032798,-0.6380990617267313,10.262554317166474,-3.20373764101835,-3.20373764101835,0.0,-0.09549812857040818,-1.7945303407955664,2.997771871275875,5.6368292008911345,0.059527998615934566,0.34619409537703827,4.323541068277579
9,125,0.25,538715.6061961199,-0.7971151067315254,10.00848265142893,-3.299235769588758,-3.2992357695887575,4.440892098500626e-16,0.014287631109723087,-1.8857456676313638,3.0149030782143202,5.6539604078295795,0.05959039619179258,0.3443071350653574,4.305001502069623
9,126,0.25,508790.975447671,-0.7748188784573635,10.040517040086685,-3.284948138479035,-3.284948138479035,0.0,-0.06069815267072176,-1.879549421050956,2.9825375400970584,5.6215948697123155,0.05936420871893309,0.3423487964885857,4.279433934513013
9,127,0.25,648608.8805257402,-0.8524688820336326,9.972709636464497,-3.3456462911497566,-3.345646291149757,4.440892098500626e-16,0.014453172063043862,-1.9335436421132022,3.009353266530958,5.648410596146218,0.0570207349913266,0.34199395070685035,4.294280246307218
9,128,0.25,612174.3927320216,-0.8114932483823111,10.078799482817606,-3.331193119086713,-3.331193119086713,0.0,-0.03343515534962638,-1.9335226545861957,2.9516245283868097,5.5906818580020685,0.05782434514979748,0.33914634083825956,4.23832527616995
9,129,0.25,699774.2750058192,-0.8704554557890727,9.976691274589065,-3.364628274436339,-3.364628274436339,0.0,-0.046849735193556175,-1.958563506482483,2.985201742200165,5.624259071815424,0.05809348084545561,0.33854910370255803,4.254509020911631
9,130,0.25,844003.5996182906,-0.9727320286221549,9.754983924030958,-3.4114780096298953,-3.4114780096298944,8.881784197001252e-16,0.01827728086871483,-1.9947919923311037,3.0276867395799054,5.666744069195164,0.05966921884884817,0.33798013769824126,4.247678518404092
9,131,0.25,784500.8346217552,-0.9760173167732864,9.668733647951578,-3.3932007287611805,-3.393200728761181,4.440892098500626e-16,-0.02011651029871553,-1.9694916873149142,3.0557788361698064,5.694836165785064,0.06048567840622236,0.3366855668510133,4.240996293723293
9,132,0.25,850235.7612971896,-0.9913212137534108,9.68798410122594,-3.413317239059896,-3.4133172390598956,4.440892098500626e-16,-0.019525672272930006,-1.9926922847260489,3.0434424877201316,5.6824998173353904,0.059797753030797596,0.3352617920821658,4.222470182079762
9,133,0.25,919303.5443490986,-1.0077112599774294,9.700526605421588,-3.432842911332826,-3.4328429113328265,4.440892098500626e-16,0.03314016941923903,-2.014870071616888,3.0328340292484923,5.671891358863752,0.06293678029944046,0.3322333363147813,4.183456203819235
9,134,0.25,805171.8143920971,-0.9248728827111928,9.899319436809577,-3.399702741913587,-3.399702741913587,0.0,0.04934909178052038,-2.0100837251133066,2.9194187375858625,5.558476067201121,0.061815920787451496,0.3288402408598671,4.102558435065741
9,135,0.25,660937.526355169,-0.845571372589317,10.019129110174998,-3.3503536501330666,-3.3503536501330666,0.0,-0.024873637360507406,-1.973638095168569,2.867804890242732,5.50686221985799,0.0625065091830886,0.3264215799732173,4.051605122646497
9,136,0.25,730079.8202638659,-0.8679529156806931,10.029097487251525,-3.375227287493574,-3.3752272874935745,4.440892098500626e-16,-0.03540264255978354,-1.9946948931923303,2.883072247589716,5.522129577204974,0.06379802745405896,0.3260093883010246,4.059628178971046
9,137,0.25,841145.3215923312,-0.913162279156025,9.989870603589331,-3.4106299300533576,-3.410629930053358,4.440892098500626e-16,-0.01674339940050462,-2.027875981926488,2.8919584628922217,5.531015792507482,0.06398955064121785,0.32567910294034425,4.0613195684146515
9,138,0.25,899409.1419947976,-0.9438400408182688,9.934133154542373,-3.427373329453862,-3.4273733294538617,4.440892098500626e-16,0.09654614074244616,-2.0527145778431617,2.859577676827544,5.498635006442803,0.0641875704840855,0.322648898507371,4.0112438259728105
9,139,0.25,611278.9953769478,-0.7989974503766406,10.1273189533391,-3.330827188711416,-3.3308271887114156,4.440892098500626e-16,0.0061611511301116195,-1.9647775373560499,2.8251412758062036,5.464198605421464,0.06533798577757408,0.32038351175830726,3.9703097337159186
9,140,0.25,596398.3828352623,-0.8263997061261003,9.993065325820817,-3.3246660375813044,-3.3246660375813044,0.0,-0.0041053718962524854,-1.9492989796655016,2.8624109020479542,5.501468231663213,0.06669326978714256,0.31889061972594446,3.9635787480313502
9,141,0.25,606272.9874208666,-0.7999598724936585,10.115246147935594,-3.328771409477557,-3.328771409477557,0.0,-0.0564207793232403,-1.9557496874498772,2.8530295584954595,5.492086888110718,0.06651898462109514,0.3171021481124823,3.949880186841707
9,142,0.25,759768.2679708673,-0.884301889109546,10.003561198765002,-3.385192188800797,-3.3851921888007963,8.881784197001252e-16,-0.0018639746826782932,-2.010211183892475,2.860866690018031,5.499924019633289,0.0664369334627882,0.3150802830579057,3.929353731829491
9,143,0.25,765454.1937387977,-0.886621705580126,10.001737831613397,-3.3870561634834755,-3.387056163483475,4.440892098500626e-16,-0.07181771837419415,-2.0185660281837534,2.83490321158363,5.473960541198887,0.06651196315328249,0.31295108649611497,3.895811241668426
9,144,0.25,1020186.0059714804,-0.9651003031603791,9.97509431478916,-3.4588738818576696,-3.458873881857669,4.440892098500626e-16,0.046720954705555595,-2.0920401961886235,2.8282774130609254,5.467334742676185,0.06686206990912831,0.31059403241626893,3.880940073424347
9,145,0.25,846285.209302053,-0.9164023509192878,9.983002304931308,-3.412152927152114,-3.412152927152115,8.881784197001252e-16,0.021674995941802777,-2.050865550702262,2.806092176184149,5.445149505799407,0.06671272064157592,0.3094599396488701,3.851446643524276
9,146,0.25,776003.0463304693,-0.8813127285184549,10.036660810767426,-3.3904779312103113,-3.3904779312103113,0.0,-0.04616854909497903,-2.0256927435211414,2.820083421141422,5.4591407507566805,0.0683156082301794,0.3084431422554716,3.8405711038140096
9,147,0.25,933397.0212670901,-0.9300183601112949,10.026512480775983,-3.4366464803052903,-3.4366464803052907,4.440892098500626e-16,0.00599636636626677,-2.0841381392820684,2.77097603447763,5.4100333640928895,0.0707262868980886,0.30435325129571694,3.7770856085281523
9,148,0.25,911275.4182618042,-0.9291155450029265,10.006138275744386,-3.4306501139390235,-3.4306501139390226,8.881784197001252e-16,-0.013838032878471296,-2.0737600425368963,2.7885029559932493,5.427560285608508,0.07121416347843265,0.30321518458311225,3.7680945717163588
9,149,0.25,963138.5822901111,-0.9376844581973047,10.027214754480763,-3.444488146817495,-3.4444881468174957,8.881784197001252e-16,-0.045620076679835364,-2.0956318557488833,2.7563678346591867,5.395425164274447,0.07597631749454743,0.300785064225076,3.7308878752153283
9,150,0.25,1155949.7911261388,-1.0271577710040674,9.85180180997305,-3.49010822349733,-3.49010822349733,0.0,-0.03141075605177912,-2.1282888261333004,2.808220259840861,5.447277589456121,0.07744225751560535,0.3002633546759382,3.739689419418132
9,151,0.25,1310705.2619321032,-1.047807384841554,9.894846378830223,-3.5215189795491093,-3.5215189795491098,4.440892098500626e-16,-0.04209725170526646,-2.1710380396754725,2.7628664298792898,5.40192375949455,0.07843478303340232,0.29718780725928207,3.6949587403832944
9,152,0.25,1551084.5052160632,-1.1018340810450948,9.847128600837125,-3.5636162312543758,-3.563616231254376,4.440892098500626e-16,0.00571702051769174,-2.207725820957737,2.784504311571299,5.423561641186559,0.07721000457751796,0.29589981039342533,3.698928039569004
9,153,0.25,1516016.6726993,-1.0948896264630874,9.852038337094385,-3.557899210736684,-3.5578992107366836,4.440892098500626e-16,-0.01723561634517745,-2.2128360771765214,2.7411952046253907,5.380252534240649,0.07539512111473981,0.2945352966775128,3.6711074822054206
9,154,0.25,1624221.7051368537,-1.117851758755267,9.829132273306378,-3.5751348270818615,-3.5751348270818615,0.0,0.004040728766993684,-2.238456589518576,2.707655620637886,5.346712950253145,0.07640871041379922,0.2919723040117077,3.6235561350522447
9,155,0.25,1598180.5649465201,-1.1083319937621743,9.851048418210773,-3.571094098314868,-3.571094098314868,0.0,-0.025716594971224804,-2.241456693791214,2.679492288479355,5.318549618094613,0.07665418696900007,0.29003775180167213,3.5851889240315566
9,156,0.25,1771332.7248991868,-1.1463174581384943,9.801972940590394,-3.5968106932860926,-3.596810693286093,4.440892098500626e-16,-0.0399932239307339,-2.2637668287134947,2.6931181286751324,5.332175458290393,0.0779348170713434,0.28908890524154557,3.5766909519996135
9,157,0.25,2078621.8685061769,-1.2069865044774275,9.719269650957596,-3.6368039172168265,-3.6368039172168265,0.0,-0.019330463069545445,-2.306677461697959,2.6814484924602118,5.320505822075471,0.0781682504664927,0.2874156812333786,3.5518857159643775
9,158,0.25,2245721.7532554916,-1.250474441875649,9.622639753642892,-3.656134380286372,-3.656134380286372,0.0,-0.04093831538222403,-2.3007584486176937,2.782446397059453,5.421503726674712,0.08654454630676801,0.2864355880949246,3.573654267091192
9,159,0.25,2645288.74237178,-1.3257435100400405,9.485316742514224,-3.697072695668596,-3.6970726956685964,4.440892098500626e-16,-0.05527080419182129,-2.3451584820889377,2.7685995247033732,5.407656854318632,0.08750476706887722,0.284444871629793,3.5366609808700438
9,160,0.25,3299805.2166651646,-1.4103374534632216,9.368024185588785,-3.7523434998604173,-3.7523434998604177,4.440892098500626e-16,-0.025073548124893374,-2.3820230984646176,2.8422242759679412,5.4812816055832,0.09449995568508524,0.2831207123448255,3.5454578242585058
9,161,0.25,3647921.794156596,-1.432611537990236,9.379222039980299,-3.7774170479853106,-3.7774170479853106,0.0,0.05300991063355598,-2.4088584977814946,2.835176871200004,5.474234200815262,0.09048601985328636,0.2810009741218266,3.5171314782871685
9,162,0.25,2950922.9665726763,-1.3538215164758407,9.482342483503658,-3.7244071373517547,-3.724407137351755,4.440892098500626e-16,-0.06250045993543907,-2.3869938286680084,2.7105959051197255,5.349653234734985,0.0866477080629931,0.2773308718317678,3.436758026759257
9,163,0.25,3789067.062665385,-1.4157007414908547,9.484827423185356,-3.7869075972871937,-3.7869075972871937,0.0,-0.04180160827420343,-2.445174745535904,2.727874077389899,5.366931407005156,0.09043973723574744,0.27554394596352993,3.4287278823902034
9,164,0.25,4478670.613266682,-1.4900927868438276,9.354465674870275,-3.828709205561397,-3.8287092055613963,8.881784197001252e-16,0.03125905218938563,-2.472765850879916,2.7847160891106664,5.423773418725925,0.09698555143988784,0.273445287629247,3.418742182766061
9,165,0.25,3952269.8345334297,-1.435864346925895,9.446343225784469,-3.7974501533720115,-3.7974501533720124,8.881784197001252e-16,0.032600166182218615,-2.4526807114878832,2.7400204379212534,5.379077767536512,0.09830349388435543,0.27291476038218365,3.40413592504306
9,166,0.25,3469079.8670378504,-1.343539498452422,9.685241954949484,-3.764849987189793,-3.764849987189793,0.0,-0.07997351046562073,-2.4513837438774226,2.6148076436342214,5.253864973249479,0.08936787675450913,0.2687813848976442,3.32433559754906
9,167,0.25,4776860.0275888555,-1.4446747362260344,9.600595045717519,-3.8448234976554136,-3.844823497655414,4.440892098500626e-16,0.019517943502959767,-2.516121146419377,2.6757520753288877,5.314809404944147,0.0949428531124645,0.26789348366919147,3.338365425104475
9,168,0.25,4418108.479346946,-1.4258249990189618,9.59792222053397,-3.825305554152454,-3.8253055541524543,4.440892098500626e-16,-0.005641458678399491,-2.513861874879852,2.6067173874751504,5.24577471709041,0.08616578794417104,0.26548727770270175,3.2790949979274653
9,169,0.25,4518940.18207656,-1.4214015458282656,9.638181868010351,-3.8309470128308534,-3.8309470128308534,0.0,-0.05886438550931272,-2.5350881155448275,2.5443782595288433,5.183435589144102,0.08860322410993512,0.2620513905563239,3.220849237659266
9,170,0.25,5718662.991909067,-1.508146753636284,9.526658578815526,-3.889811398340166,-3.8898113983401656,4.440892098500626e-16,-0.030918995139519456,-2.5813592827794003,2.5947511326278034,5.233808462243061,0.09280184352583944,0.2609920984494345,3.22859586192191
9,171,0.25,6471520.029673684,-1.5597056283525017,9.444099060508737,-3.9207303934796855,-3.920730393479686,4.440892098500626e-16,0.03664951795744242,-2.59308178995995,2.671537084463682,5.310594414078941,0.10168768066707233,0.2616232214791124,3.262968309505627
9,172,0.25,5589070.219726875,-1.5069698903549256,9.508443940669274,-3.884080875522243,-3.884080875522244,8.881784197001252e-16,-0.035664658377945635,-2.5828795714876684,2.565747886523038,5.204805216138297,0.09410977336532494,0.25900252455984263,3.2020623135580624
9,173,0.25,6446076.026140228,-1.550575511395109,9.476680090020317,-3.9197455339001888,-3.919745533900188,8.881784197001252e-16,-0.01614860598019474,-2.626953427525111,2.532111095885053,5.171168425500314,0.09382162232973024,0.25595396564993755,3.1563282437798557
9,174,0.25,6876198.815790324,-1.5720706280114,9.455294047475938,-3.9358941398803835,-3.935894139880385,1.3322676295501878e-15,-0.010119816487804467,-2.6443962411598503,2.526934265266874,5.165991594882131,0.09457548999184177,0.2545763699155579,3.1351507797061164
9,175,0.25,7160252.656054867,-1.5753625613297044,9.482605580153935,-3.946013956368188,-3.946013956368188,0.0,-0.07513984791520123,-2.6578420293288985,2.5136303785418987,5.152687708157157,0.09768247541629516,0.2527003570071223,3.1107442583815326
9,176,0.25,9670738.329823727,-1.6830038256377717,9.35259991458247,-4.021153804283389,-4.021153804283389,0.0,0.008829196416828111,-2.7258563337197264,2.5421325526393934,5.181189882254652,0.09975856851973731,0.2520607726260901,3.112839234139667
9,177,0.25,9335159.597269097,-1.6768263154580303,9.341993169634122,-4.012324607866561,-4.012324607866561,0.0,-0.03632945108789709,-2.7303378838155132,2.488889566588934,5.127946896204193,0.0944616799139898,0.25050182361210105,3.0775250224814443
9,178,0.25,10795244.119668104,-1.7261126287270623,9.290165720909586,-4.048654058954458,-4.048654058954459,8.881784197001252e-16,-0.06109700163690501,-2.760500150691928,2.5135583034348636,5.1526156330501225,0.09589505535852934,0.24907628199674986,3.0752714535391754
9,179,0.25,13783795.793972425,-1.827843066444198,9.127631976588658,-4.109751060591363,-4.109751060591362,8.881784197001252e-16,-0.0095725981532917,-2.8124010582862415,2.550342679605226,5.189400009220485,0.1017930124061981,0.24692006797649588,3.0537666545725166
9,180,0.25,14321817.545034897,-1.8383481902417294,9.1239018740117,-4.119323658744655,-4.119323658744655,0.0,-0.02126789925400452,-2.8224164368156948,2.5485715581005786,5.187628887715837,0.10406418826691026,0.24627094046779976,3.0486390874743554
9,181,0.25,15593523.597212557,-1.8468342076466318,9.175029401408112,-4.140591557998659,-4.140591557998659,0.0,0.014715887023244001,-2.844700164656867,2.5445082437519098,5.1835655733671695,0.10612391442220204,0.24518225994296391,3.0410220898427363
9,182,0.25,14702126.246402714,-1.8262173795941168,9.198633165525196,-4.125875670975415,-4.125875670975416,8.881784197001252e-16,-0.016321151786950594,-2.84119268306507,2.4996746220261206,5.138731951641381,0.10731896367596688,0.2419215988444386,2.983472268810585
9,183,0.25,15693972.682732062,-1.8296735957540942,9.25009290803309,-4.142196822762366,-4.142196822762367,8.881784197001252e-16,-0.006003296383338963,-2.8755688503858643,2.427454559890747,5.066511889506005,0.10522834228381453,0.2389989130102746,2.928385723393529
9,184,0.25,16075396.2294381,-1.8344058324452803,9.2551771468017,-4.148200119145705,-4.148200119145705,0.0,0.027842213881796418,-2.881044698529955,2.4295643528477373,5.068621682462996,0.10521459090445122,0.23677306999329517,2.899679586141366
9,185,0.25,14381189.430470537,-1.803178028695806,9.26871950627241,-4.1203579052639085,-4.1203579052639085,0.0,-0.015857783947282655,-2.8613754966030243,2.396872305028276,5.035929634643535,0.11141790118752182,0.2350430580837897,2.8740417952995534
9,186,0.25,15322957.575030383,-1.8187834185265959,9.269729082738381,-4.136215689211191,-4.136215689211191,0.0,-0.031464070170120095,-2.8831229400066363,2.373313667202961,5.012370996818219,0.109774326837884,0.2330043179986187,2.840016748739373
9,187,0.25,17378059.800302587,-1.8726376094186539,9.180168599850631,-4.167679759381311,-4.167679759381311,0.0,0.015103957908445764,-2.914997133650022,2.371673173309896,5.010730502925156,0.10831390744775507,0.23178150241473489,2.8226222146869087
9,188,0.25,16359236.279898928,-1.847450697961332,9.220500414046134,-4.1525758014728655,-4.1525758014728655,0.0,-0.03723386432414255,-2.895412845572434,2.389594493986466,5.0286518236017255,0.11064860659611434,0.2309267266474059,2.8178321352061424
9,189,0.25,18986498.19469838,-1.9273002803094492,9.050037541950234,-4.189809665797008,-4.189809665797007,8.881784197001252e-16,0.004100938026250667,-2.9070644332384608,2.491923600618928,5.130980930234187,0.11567356503893253,0.23001372877606982,2.8207646246220905
9,190,0.25,18677588.947153643,-1.9183890082794366,9.069278877965287,-4.185708727770757,-4.185708727770758,8.881784197001252e-16,-0.04768731257872538,-2.912112547841871,2.4553273901002877,5.094384719715547,0.10859855119689069,0.22974825113024028,2.8140496191329576
9,191,0.25,22602795.728620708,-1.9645328026554678,9.075452950776063,-4.233396040349483,-4.233396040349484,8.881784197001252e-16,-0.04016905819622263,-2.971858385538712,2.4070932896278237,5.046150619243083,0.11355100144889506,0.22723196574369767,2.7751828228547177
9,192,0.25,26542569.39049236,-2.0237881915994955,8.999107627784843,-4.273565098545705,-4.273565098545706,8.881784197001252e-16,-0.0029096217884880815,-3.014848796930108,2.395807876847131,5.03486520646239,0.11676004898765643,0.2258404565194346,2.755297855247793
9,193,0.25,26853289.391388394,-2.033612396388495,8.971449295782794,-4.2764747203341935,-4.2764747203341935,0.0,0.015100752037217724,-3.022303285835079,2.3776284083812023,5.016685737996462,0.11516216012741595,0.2248233735628418,2.742201780882922
9,194,0.25,25279285.747579243,-1.988977644556218,9.08958529496303,-4.261373968296976,-4.261373968296976,0.0,-0.07744313802573721,-3.0189819935454714,2.3305105693907584,4.969567899006018,0.11575839289079486,0.2229432557843814,2.712169180556231
9,195,0.25,34458574.63385479,-2.1216113162360517,8.868823160346647,-4.338817106322713,-4.338817106322713,0.0,-0.014725275309700692,-3.081633760961234,2.389676051830656,5.028733381445913,0.11856880472895585,0.2223954431029729,2.7143794511304526
9,196,0.25,36549187.95462952,-2.137941663987617,8.86240287057919,-4.353542381632414,-4.353542381632415,8.881784197001252e-16,0.04042816459161891,-3.0952711435707267,2.3940276226314903,5.0330849522467505,0.11913104825890329,0.22109816631851698,2.6926657186680316
9,197,0.25,31091868.133850947,-2.064214489287027,8.995598911015072,-4.313114217040795,-4.313114217040795,0.0,0.013818039092028833,-3.059908483487046,2.3737656045997384,5.012822934214998,0.12017410185646225,0.2196821124696712,2.671733868896486
9,198,0.25,29419983.485308237,-2.0384545247239148,9.043366612899405,-4.299296177948766,-4.299296177948766,0.0,-0.03398845023477293,-3.0590803056110354,2.321806159735662,4.960863489350921,0.12456745320240158,0.2185164044293097,2.6547061466739605
9,199,0.25,33704385.24206177,-2.0687964953549733,9.057952531314267,-4.333284628183539,-4.33328462818354,8.881784197001252e-16,-0.0391096528790289,-3.087306961995988,2.3448533351349448,4.983910664750204,0.13474488352660602,0.2165694750184613,2.6348905637796958
9,200,0.25,39411851.33134959,-2.143127974215137,8.917065227389722,-4.372394281062568,-4.372394281062567,8.881784197001252e-16,0.007214078549918845,-3.1207476397503506,2.367529235633612,5.006586565248871,0.12639121132152464,0.21521740238693546,2.628652561714216
9,201,0.25,38290822.73064241,-2.106079766945547,9.03640174226841,-4.365180202512649,-4.365180202512649,0.0,-0.0030938793723320757,-3.142510657024254,2.251620852338321,4.8906781819535805,0.1239971459836223,0.21162842766918386,2.5556059374159057
9,202,0.25,38767635.79579213,-2.0969527757460225,9.08528522455584,-4.368274081884981,-4.368274081884982,8.881784197001252e-16,-0.09141876523188852,-3.1464277064090456,2.248328172288484,4.887385501903743,0.12928320480699104,0.21069838570090596,2.5494391409392345
9,203,0.25,55883034.149245605,-2.211018005994024,8.994699364491384,-4.4596928471168695,-4.4596928471168695,0.0,-0.00656231005214547,-3.2368688983103455,2.2522384656108403,4.8912957952261,0.13507496870466815,0.20848073266879572,2.52352294129966
9,204,0.25,57369343.23762196,-2.2116285991573643,9.018506232046605,-4.466255157169015,-4.466255157169016,8.881784197001252e-16,-0.0025004779944692856,-3.2471099660587024,2.237523434825989,4.876580764441248,0.13229364968900073,0.2075099998647602,2.512485082750776
9,205,0.25,57946025.514081836,-2.218706689774214,9.000195781557082,-4.468755635163484,-4.468755635163484,0.0,-0.07165491538261648,-3.2525420101359788,2.225797170494764,4.864854500110023,0.13511601224430098,0.20599731035388147,2.4925102184152133
9,206,0.25,77179327.61930929,-2.322933386097335,8.869908657795065,-4.540410550546101,-4.540410550546101,0.0,-0.04513052668335238,-3.3002121800523687,2.3217361523596693,4.960793481974927,0.14030447392497314,0.20644148278156388,2.5183233474777293
9,207,0.25,92448686.58331116,-2.4120565944068426,8.69393793129044,-4.585541077229453,-4.585541077229452,8.881784197001252e-16,-0.00028317920699283405,-3.3264595672405406,2.3972687103403927,5.036326039955652,0.15168444296885997,0.2063868452868825,2.522241573228515
9,208,0.25,92553464.09675138,-2.4425708938574067,8.573013450316154,-4.585824256436446,-4.585824256436445,8.881784197001252e-16,0.04803925110053431,-3.3184177120606266,2.430568847888018,5.0696261775032765,0.16596184121623742,0.20461322048166403,2.4980277567046736
9,209,0.25,76373017.78038993,-2.312979912547194,8.89922037115487,-4.537785005335912,-4.537785005335912,0.0,-0.011712608461945884,-3.322071556982413,2.223796463798737,4.862853793413996,0.1411131800603242,0.20057391852617862,2.419521382464176
9,210,0.25,80036269.22338133,-2.3125597361432386,8.947751510618474,-4.5494976137978576,-4.5494976137978576,0.0,-0.021539150781662464,-3.352245902724596,2.1499495146777874,4.789006844293047,0.1380402318364345,0.19707965330918695,2.3625753992395713
9,211,0.25,87237693.31943347,-2.3316986811818614,8.95735233359064,-4.57103676457952,-4.571036764579521,8.881784197001252e-16,-0.07169840005109318,-3.373736976297113,2.150141823514369,4.789199153129628,0.13883265837296815,0.19623586236046062,2.35364918591334
9,212,0.25,116213625.96235903,-2.4351201067308335,8.830460231599115,-4.642735164630613,-4.642735164630612,8.881784197001252e-16,0.013360592425863516,-3.436063419785296,2.1876296497660066,4.8266869793812655,0.1421692934582445,0.19460009520522764,2.340760589326915
9,213,0.25,110165935.1878873,-2.41076671945917,8.87443141098232,-4.62937457220475,-4.62937457220475,0.0,0.0022751871704596027,-3.4156217226239796,2.2159540687078185,4.855011398323078,0.1483804866578346,0.19497085102446512,2.353330284562167
9,214,0.25,109167891.06128716,-2.3920223734122725,8.940308046488072,-4.62709938503429,-4.62709938503429,0.0,-0.062070485165325984,-3.438902360750668,2.1137307675192276,4.752788097134486,0.143888333368159,0.1915304125666231,2.2956760973031782
9,215,0.25,139933725.72314996,-2.49919774382648,8.75988850549255,-4.689169870199616,-4.689169870199617,8.881784197001252e-16,-0.010193268546195178,-3.4817407193990038,2.1906592735871913,4.82971660320245,0.14883240188855718,0.19010881434867635,2.28466930605395
9,216,0.25,145757166.96435946,-2.5299874954279735,8.67750257327135,-4.699363138745811,-4.699363138745811,0.0,0.05914421839871942,-3.4864569815543107,2.2125672991507437,4.851624628766002,0.15050949511722797,0.18979564554981812,2.283654218696717
9,217,0.25,115049805.21392457,-2.4391925926860516,8.80410531064416,-4.640218920347092,-4.640218920347092,0.0,0.015623266380720757,-3.4462842419508903,2.136681383969548,4.775738713584807,0.1425070470924038,0.18855510865866357,2.2540496639375047
9,218,0.25,108080039.36806794,-2.413428238025622,8.844669663762996,-4.624595653966371,-4.624595653966371,0.0,-0.024370859106707776,-3.434780911470996,2.120201640366241,4.7592589699815,0.1451534531402079,0.18811994735717563,2.2460747321871097
9,219,0.25,119146698.4925702,-2.458230941972828,8.762942284401003,-4.648966513073079,-4.648966513073079,0.0,-0.015933804894934234,-3.4614739874532003,2.1109127728642556,4.749970102479515,0.1464150615732252,0.1875395069610832,2.2382713713747253
9,220,0.25,126987761.27579468,-2.4882268797506217,8.706693752869569,-4.664900317968013,-4.664900317968014,8.881784197001252e-16,-0.0348172311328625,-3.477693361881976,2.1097704947288904,4.748827824344149,0.14851168813768137,0.18634908197915823,2.2196097445624257
9,221,0.25,145963944.89539728,-2.515256936571557,8.73784245011727,-4.699717549100876,-4.699717549100875,8.881784197001252e-16,-0.07501398885603017,-3.516232142531631,2.094884296661721,4.733941626276979,0.15450728458747204,0.18413985172008318,2.1965324467181087
9,222,0.25,197041741.85136098,-2.5948262852590673,8.719621010791355,-4.774731537956906,-4.774731537956907,8.881784197001252e-16,0.0017112658846691886,-3.5837934112794243,2.1246951770946696,4.7637525067099284,0.15886970509110587,0.18195780942269232,2.179413960543768
9,223,0.25,195697584.27897117,-2.604815701894207,8.672818280712118,-4.773020272072237,-4.773020272072237,0.0,0.002671521795323706,-3.5807188388192386,2.1301484033967317,4.769205733011991,0.16290989450407561,0.18185845357166464,2.1757086055144033
9,224,0.25,193617476.73183987,-2.6217418559777714,8.594427577196567,-4.770348750276913,-4.770348750276913,0.0,-0.004332543090796115,-3.5829826608387556,2.1104070281373675,4.749464357752626,0.1635803699499807,0.1810436732719712,2.164079089692442
9,225,0.25,197002144.70508343,-2.6398590076411392,8.539289142906279,-4.774681293367709,-4.774681293367709,0.0,-0.06424314056846914,-3.5847683719547576,2.1205943560365497,4.759651685651809,0.15986796500975045,0.1814171229746487,2.172061002980294
9,226,0.25,254725673.98288655,-2.719405389059881,8.47807617950519,-4.838924433936178,-4.838924433936178,0.0,-0.07258829118741517,-3.647181689005609,2.127913650107019,4.766970979722278,0.16003042347121965,0.18026112477575082,2.1593838580244524
9,227,0.25,340542639.0377601,-2.7849738425752806,8.506155530193247,-4.911512725123593,-4.911512725123592,8.881784197001252e-16,0.0016760561212390002,-3.725682519909285,2.1042634912419724,4.743320820857231,0.1624873866074233,0.1773850464017406,2.126448864933639
9,228,0.25,338267200.7861382,-2.7721707883337823,8.550663522674284,-4.909836669002354,-4.909836669002353,8.881784197001252e-16,-0.03371425793443539,-3.7378673180152227,2.0488200743332685,4.687877403948527,0.16307249708111024,0.1741782354828071,2.077485015799484
9,229,0.25,387103906.7100559,-2.7989819536773743,8.578275893037663,-4.94355092693679,-4.9435509269367905,8.881784197001252e-16,-0.01671433257105459,-3.7838441128065847,1.9997699269055593,4.638827256520818,0.16162265663662548,0.17205934599712372,2.047658907383073
9,230,0.25,413869406.1859503,-2.8350073900401176,8.501031477870907,-4.960265259507844,-4.960265259507844,0.0,-0.04045394238098776,-3.797328778703794,2.0126885936009415,4.651745923216201,0.1646054840809286,0.17121642669930498,2.0358472289784375
9,231,0.25,486562931.85493493,-2.884125876808803,8.466373300320116,-5.000719201888832,-5.000719201888832,0.0,-0.020839200476037156,-3.835737404702416,2.0208698591304017,4.6599271887456615,0.16641165842105055,0.16968388440092846,2.0209151135060917
9,232,0.25,528859632.41414535,-2.9119017872182824,8.438626460586345,-5.021558402364869,-5.021558402364869,0.0,-0.052223461003960026,-3.859171379609418,2.010490761406545,4.649548091021804,0.1700896571573844,0.16831871176436064,2.0048826175616385
9,233,0.25,651721221.1134548,-2.998461101187803,8.301283048724109,-5.073781863368829,-5.07378186336883,8.881784197001252e-16,0.00011288216999538747,-3.895321944006238,2.074782347835105,4.713839677450364,0.16795112286105,0.16838123462395335,2.0121666278624404
9,234,0.25,651427016.7166287,-2.973482894327406,8.400744347485713,-5.073668981198834,-5.073668981198834,0.0,-0.0421672754498843,-3.913644509393802,2.001040557604871,4.64009788722013,0.16930985514695965,0.16601748777760958,1.975680073721572
9,235,0.25,771112647.525288,-3.052366358172366,8.253879593905403,-5.115836256648718,-5.115836256648716,1.7763568394002505e-15,-0.0012337873277497025,-3.9412221480059553,2.059399104955793,4.698456434571051,0.17515024142175495,0.165845721337558,1.9783407645722668
9,236,0.25,774927609.5369942,-3.081375340699953,8.14277881310606,-5.117070043976468,-5.117070043976469,8.881784197001252e-16,0.027373710714245547,-3.9299540794072785,2.1094065286614945,4.748463858276755,0.1771568124548845,0.16522504616059097,1.9750198050001386
9,237,0.25,694557377.0222626,-3.0209646292195265,8.274926816170781,-5.089696333262222,-5.089696333262221,8.881784197001252e-16,-0.04411085487354427,-3.920645908497263,2.037144369444577,4.676201699059837,0.17600483342601186,0.1632166755964163,1.9463422791610243
9,238,0.25,828583979.1204298,-3.0690491685526124,8.259032078332611,-5.1338071881357665,-5.133807188135766,8.881784197001252e-16,-0.036689310122115515,-3.968684918900142,2.0214317473272385,4.660489076942499,0.17880122212481128,0.16166039388065134,1.924695061640879
9,239,0.25,959560565.1863155,-3.1209704338566917,8.198104257604765,-5.170496498257882,-5.170496498257883,8.881784197001252e-16,0.02134633147175613,-3.9997974741133655,2.043738766962805,4.6827960965780635,0.18371722239790425,0.16011096430147137,1.9038900005842179
9,240,0.25,881028618.202812,-3.0518415462160977,8.389234482280115,-5.149150166786126,-5.149150166786127,8.881784197001252e-16,-0.04453032518733657,-4.006337311420144,1.9321940918486682,4.571251421463928,0.18103804847788174,0.15825956827966922,1.8713598634722124
9,241,0.25,1052802999.808925,-3.102411807918334,8.36507473622051,-5.1936804919734625,-5.193680491973462,8.881784197001252e-16,0.002754748530262141,-4.0420337610844195,1.9675295939409128,4.606586923556171,0.18779327026735834,0.1577990726763167,1.8709046912258402
9,242,0.25,1041265850.369122,-3.0902663445256318,8.402637595670278,-5.1909257434432,-5.190925743443201,8.881784197001252e-16,-0.07076292990580146,-4.048811942041232,1.9293978759926145,4.568455205607873,0.1901544441155891,0.15624844849721542,1.8478991778454428
9,243,0.25,1381940756.4557528,-3.2015534998192363,8.24054069411907,-5.261688673349002,-5.2616886733490045,2.6645352591003757e-15,0.015349982044932098,-4.0971856123458625,2.0189549143973013,4.65801224401256,0.1937208688573125,0.15609419588693746,1.8568368021751247
9,244,0.25,1299642112.215083,-3.206035210290119,8.161213924055803,-5.24633869130407,-5.24633869130407,0.0,0.034467799799680066,-4.085238901251975,2.005341830593122,4.644399160208381,0.19210205447773254,0.15459744526196187,1.8285485433062962
9,245,0.25,1132262370.5973809,-3.114113671963284,8.39102887816442,-5.21187089150439,-5.211870891504389,8.881784197001252e-16,-0.04735789118956557,-4.091739526558906,1.8414681301666718,4.480525459781931,0.19422223807066297,0.15050464932678065,1.7659581654414482
9,246,0.25,1368409742.6432426,-3.18493916363377,8.297158476240742,-5.259228782693955,-5.259228782693956,8.881784197001252e-16,-0.06128149937370342,-4.123354536348198,1.9044396557677692,4.543496985383028,0.20117713959601286,0.15001276293386004,1.7690814552463408
9,247,0.25,1748529748.887494,-3.2862478297826554,8.137049809140011,-5.320510282067659,-5.320510282067659,0.0,0.013677743108313045,-4.15831190013819,2.009736198102615,4.648793527717875,0.20467981627617768,0.14913952284186524,1.764438506242222
9,248,0.25,1655435835.5299416,-3.252248111129372,8.218337711319892,-5.306832538959346,-5.306832538959345,8.881784197001252e-16,-0.03154152167975255,-4.167555473441417,1.9180509324564565,4.557108262071715,0.20530459561433223,0.14737853436316514,1.7375375770239692
9,249,0.25,1878043241.117113,-3.3218985271228174,8.065902134065125,-5.338374060639098,-5.338374060639099,8.881784197001252e-16,0.017638834114662494,-4.173922097476482,2.0187505230352065,4.657807852650465,0.21872459951934844,0.14810211795029116,1.7570980269865497
9,250,0.25,1750103745.2028832,-3.328624826215336,7.9684416012364006,-5.320735226524436,-5.3207352265244365,8.881784197001252e-16,0.06997306884979881,-4.146718314593172,2.0570103181097954,4.696067647725053,0.22521506974061262,0.14750163697582355,1.7440512596107813
9,251,0.25,1322842451.4848762,-3.2473784129661274,8.013534978834038,-5.250762157674637,-5.250762157674637,0.0,0.00945440744130277,-4.079656850790685,2.0453638979205473,4.684421227535807,0.22284851167464853,0.14776028826473897,1.7428422486173942
9,252,0.25,1273749819.6779368,-3.1708192084042475,8.281954167316346,-5.241307750233334,-5.241307750233334,0.0,-0.018166003922567064,-4.118513992200337,1.8521177025167275,4.491175032131986,0.21617086254135576,0.1438431911543761,1.6860793600231556
9,253,0.25,1369751285.155945,-3.1725341281963466,8.347758503838223,-5.259473754155901,-5.259473754155902,8.881784197001252e-16,-0.03686364872792769,-4.152317005570838,1.789569664724993,4.428626994340251,0.20652144983152043,0.14314161102146794,1.6753155452307742
9,254,0.25,1587378279.6183093,-3.2512608516767174,8.180306204828444,-5.296337402883829,-5.296337402883829,0.0,-0.009435827294113075,-4.1645226275467815,1.888201771732931,4.52725910134819,0.22153547734927775,0.14411418185846123,1.702805365860229
9,255,0.25,1648436204.6730034,-3.262684870804423,8.172353437494074,-5.305773230177942,-5.305773230177941,8.881784197001252e-16,-0.021546179366312757,-4.174548570901465,1.8858413074906442,4.5248986371059035,0.22429277192003322,0.14381005531018423,1.697094831200691
9,256,0.25,1796808078.84165,-3.265821558331963,8.245991404849168,-5.327319409544255,-5.3273194095442555,8.881784197001252e-16,-0.06432403224964656,-4.211880015730971,1.8227002456378751,4.4617575752531335,0.21971494327780536,0.14149328951883258,1.6666947015573719
9,257,0.25,2324042044.420985,-3.408161048550088,7.933929572975253,-5.391643441793901,-5.391643441793901,0.0,-0.015430087199836073,-4.236363384335335,1.9820629002190093,4.6211202298342675,0.23894861087494787,0.1426408564229118,1.693399083918166
9,258,0.25,2472001827.8792844,-3.4299073808615628,7.90866459252869,-5.407073528993737,-5.4070735289937355,1.7763568394002505e-15,-0.010567737326407034,-4.268160239806366,1.9165958271342258,4.555653156749485,0.24365096243913065,0.1399012619074953,1.643944027348543
9,259,0.25,2578735669.7477217,-3.4476367584448733,7.880018031501083,-5.417641266320144,-5.417641266320144,0.0,-0.0074893044271870934,-4.284439232216834,1.8937508067979834,4.532808136413241,0.24225905535240522,0.13813283052162967,1.6134814717233883
9,260,0.25,2657156181.0977983,-3.487876389196532,7.7490167262032,-5.425130570747331,-5.425130570747331,0.0,-0.045804997787329604,-4.272912371271585,1.9698154682877294,4.608872797902989,0.26264047541896746,0.13817068995401607,1.6170986030251986
9,261,0.25,3191453441.0724792,-3.5090623907413936,7.8474927111730715,-5.470935568534661,-5.470935568534662,8.881784197001252e-16,-0.007556961275994034,-4.335643868102994,1.902109472111412,4.54116680172667,0.2573742219408984,0.13534316885978423,1.5839010039218628
9,262,0.25,3289397055.893505,-3.4573779771672792,8.084458210573505,-5.478492529810655,-5.478492529810655,0.0,-0.03173648070279356,-4.389939674087179,1.7151540932786449,4.354211422893903,0.24247223949510094,0.1317749530243002,1.5243117000788844
9,263,0.25,3734635431.4556117,-3.536582535040953,7.894585901889982,-5.510229010513449,-5.510229010513449,0.0,-0.03099982816516267,-4.390173200366253,1.8411659109735223,4.480223240588781,0.24484197649568307,0.13258069045703635,1.5387870968206965
9,264,0.25,4227663674.9630065,-3.5688459424515715,7.889531584908165,-5.541228838678611,-5.541228838678613,1.7763568394002505e-15,-0.0031721623081431005,-4.438636425418452,1.7713123234253758,4.410369653040634,0.244700663684,0.13069257651068095,1.5088097781439596
9,265,0.25,4281648791.203231,-3.54790623313749,7.985979071397056,-5.544401000986754,-5.544401000986754,0.0,0.01146326486290139,-4.461214905153872,1.6936870537162698,4.332744383331529,0.2387268844136066,0.1289974037207761,1.4884692846616514
9,266,0.25,4089755169.679803,-3.5136559236344636,8.077127249957563,-5.532937736123853,-5.532937736123854,8.881784197001252e-16,-0.0793367363697044,-4.462145225743216,1.6441127119072896,4.283170041522548,0.242993913354579,0.12757411296543625,1.4724330450680068
9,267,0.25,5617192888.157063,-3.670236621181952,7.768151405246426,-5.612274472493557,-5.612274472493558,8.881784197001252e-16,-0.05088403559773891,-4.505938684331978,1.7862858230310557,4.425343152646314,0.2645443783799603,0.12818473921382476,1.4897215478139867
9,268,0.25,6885158792.225821,-3.688283948645489,7.899498237783225,-5.663158508091296,-5.663158508091295,8.881784197001252e-16,-0.04650192569073397,-4.57364559319113,1.7189943299854051,4.358051659600664,0.25639892871122394,0.12593106404513335,1.463795677808358
9,269,0.25,8292702392.066166,-3.73290119784068,7.9070369437654,-5.70966043378203,-5.70966043378203,0.0,-0.09862973843193679,-4.622538378451885,1.7094308917053198,4.348488221320578,0.2527763539980011,0.12509151957519513,1.4584995215123022
9,270,0.25,12303636288.630316,-3.9083368988564633,7.59981309343002,-5.808290172213967,-5.808290172213969,1.7763568394002505e-15,-0.0441348852124257,-4.684617981030091,1.8556314351202439,4.4946887647355025,0.27578190644559913,0.1252040669038028,1.4725380536573174
9,271,0.25,14679242084.894493,-3.951304043560298,7.604484055464386,-5.852425057426393,-5.8524250574263945,1.7763568394002505e-15,0.023450432556916923,-4.724783055957874,1.8715106762588118,4.510568005874071,0.2673071883135845,0.12503629602128835,1.47636518097357
9,272,0.25,13364910627.750076,-3.9082134617163686,7.683044652612429,-5.828974624869476,-5.828974624869476,0.0,0.006825229715243353,-4.732207448072468,1.7480113775727708,4.387068707188029,0.27805456788776445,0.12163816967306215,1.4209447997384195
9,273,0.25,13004971971.262787,-3.863168045614405,7.835925398159305,-5.8221493951542325,-5.822149395154232,8.881784197001252e-16,-0.019740098119290117,-4.7521801038839815,1.6408198354657426,4.279877165081001,0.2752783574407078,0.11892501535688434,1.3798393986214406
9,274,0.25,14073479449.006138,-3.925417934305101,7.6658862358736855,-5.841889493273523,-5.841889493273523,0.0,0.016140975571176774,-4.748171559029055,1.7358144073626058,4.374871736977864,0.2815674254035824,0.11938217483853257,1.38885533668954
9,275,0.25,13193552111.706131,-3.891694978174702,7.736214158110574,-5.825748517702346,-5.825748517702346,0.0,-0.06320335485989403,-4.741377400201146,1.698427140389537,4.337484470004796,0.280104429922507,0.1188089898001932,1.377713822510344
9,276,0.25,16988585091.261166,-3.9873138438411764,7.606552114884257,-5.88895187256224,-5.888951872562241,8.881784197001252e-16,0.01871936127582252,-4.790848221204868,1.753357275814227,4.392414605429486,0.29477703045976733,0.1180153571776847,1.3748071894605942
9,277,0.25,15762980872.475725,-3.948200770125715,7.688126964642804,-5.870232511286417,-5.870232511286416,8.881784197001252e-16,0.0375044321687108,-4.793781107393869,1.6667482859549385,4.305805615570198,0.28970388172741246,0.11670382136303074,1.3511177061857766
9,278,0.25,13567082840.643108,-3.8640966903785827,7.874525554956489,-5.8327280791177065,-5.832728079117705,1.7763568394002505e-15,-0.04418648769436029,-4.782387619244676,1.5623045098768629,4.2013618394921215,0.2736546401326496,0.11493779761964612,1.3229329472131308
9,279,0.25,16189978347.70781,-3.920434390342849,7.82592070587687,-5.876914566812067,-5.876914566812067,0.0,0.05663698316294319,-4.825149196926897,1.5680041499254185,4.207061479540678,0.2799885964689883,0.11374739282221193,1.31079199472299
9,280,0.25,12907964160.476162,-3.8521728334365757,7.872419000850192,-5.820277583649124,-5.820277583649124,0.0,-0.0627870671433417,-4.775882692326417,1.5385222356755666,4.177579565290825,0.2751045411805294,0.11355493003513255,1.3024550154774082
9,281,0.25,16593196570.848995,-3.964158610159769,7.675624162530783,-5.883064650792465,-5.883064650792464,8.881784197001252e-16,-0.03054797766992401,-4.813344293492155,1.6398240995859852,4.2788814292012445,0.2901673261896953,0.11251950222285415,1.296082101735316
9,282,0.25,18749829834.89827,-3.9850468560772363,7.7142630895406095,-5.913612628462389,-5.913612628462388,8.881784197001252e-16,0.026516822475310065,-4.85616408262983,1.59073685371498,4.22979418333024,0.287760474510423,0.11154350862611473,1.279943527152781
9,283,0.25,16862924358.044235,-3.942673889000033,7.777687667948186,-5.887095805987079,-5.887095805987079,0.0,-0.05411556634583636,-4.836971897285785,1.5614383051899183,4.200495634805177,0.2855743980791962,0.11133686939895315,1.2745518352430132
9,284,0.25,20938292348.61654,-4.060500102610661,7.52284507888902,-5.941211372332916,-5.941211372332916,0.0,0.038497158954355015,-4.851394801054474,1.720208955498507,4.359266285113766,0.30508757643500256,0.1116791366602938,1.2845404789157704
9,285,0.25,17950016184.329384,-3.959473697172661,7.772962064823598,-5.902714213378561,-5.902714213378561,0.0,-0.030996089173692454,-4.863822424984737,1.5165098239600383,4.155567153575297,0.2944571207001137,0.10953456926364011,1.2495731266919676
9,286,0.25,20319385340.519775,-4.0050459158667975,7.714657546741827,-5.933710302552253,-5.933710302552254,8.881784197001252e-16,-0.12251025731835696,-4.888300193944379,1.5425831048162397,4.181640434431499,0.3022738353972655,0.10888222561033864,1.2461391137999256
9,287,0.25,33169023143.85588,-4.1679021450244145,7.553273659384784,-6.05622055987061,-6.05622055987061,0.0,-0.028931143692433103,-4.986109092216373,1.6413885410016888,4.280445870616949,0.29983274298611556,0.10886070290918502,1.25821304717743
9,288,0.25,37238418260.752815,-4.226042564142498,7.436436557682179,-6.085151703563043,-6.085151703563042,8.881784197001252e-16,0.029857643404910483,-5.001226339386219,1.6966441270920412,4.3357014567073,0.3044901061324386,0.10848307091627972,1.2556740869973633
9,289,0.25,33046326279.881317,-4.203304127568587,7.407959730358179,-6.055294060158133,-6.055294060158132,8.881784197001252e-16,-0.0051162285059120904,-4.969943427702611,1.7023452002068316,4.341402529822091,0.3060449009489676,0.1079673341463079,1.2429329097435802
9,290,0.25,33729584065.6638,-4.210082336513044,7.401311808604002,-6.060410288664045,-6.060410288664045,0.0,-0.01128936975780448,-4.993060683208905,1.6303410922053,4.269398421820559,0.31603299123336936,0.1058108968421207,1.2128619076946225
9,291,0.25,35287641261.839935,-4.256120388605066,7.262317079267145,-6.071699658421849,-6.071699658421852,2.6645352591003757e-15,0.012497993320106815,-4.996918536775878,1.6600671569686223,4.299124486583881,0.3248554945538927,0.10546981323250644,1.2072666603287086
9,292,0.25,33566912120.596767,-4.247668737604903,7.246131709987361,-6.059201665101742,-6.059201665101743,8.881784197001252e-16,-0.0933544445983232,-4.978430086929107,1.6840289830752833,4.323086312690542,0.32372974330821885,0.10544375057477771,1.2032742323980188
9,293,0.25,48762355030.33069,-4.401780681202174,7.0031017139915805,-6.152556109700066,-6.152556109700069,3.552713678800501e-15,0.10509960121794482,-5.027609475817093,1.8607292059166307,4.499786535531889,0.3364505713809542,0.1060734042477491,1.2209086177437094
9,294,0.25,32026388288.19711,-4.191191093548137,7.425061659735934,-6.047456508482121,-6.047456508482121,0.0,-0.010260436612148816,-4.99495468071529,1.5709499814520633,4.210007311067322,0.3180274841115772,0.10364014258007281,1.1746933157525308
9,295,0.25,33368153043.88503,-4.170901250061899,7.54726278012948,-6.05771694509427,-6.057716945094269,8.881784197001252e-16,-0.07385906647504115,-5.021636771404374,1.5052633651443248,4.144320694759584,0.3152518166115413,0.10236853425477259,1.1606230877897397
9,296,0.25,44837202570.19413,-4.279369680166121,7.40882532561276,-6.131576011569311,-6.131576011569311,0.0,-0.013033206880846748,-5.0825980403102715,1.5568545554208992,4.195911885036158,0.32873058475526923,0.1010191766385194,1.1514182891119051
9,297,0.25,47236695466.18852,-4.288737816495795,7.4234856078174545,-6.1446092184501575,-6.144609218450158,8.881784197001252e-16,-0.013875257703086952,-5.095556053757326,1.5571553291560687,4.196212658771327,0.3243709644027995,0.10063185367364494,1.1463331081164772
9,298,0.25,49932498717.20298,-4.288008049136636,7.4819057080664315,-6.1584844761532445,-6.158484476153244,8.881784197001252e-16,-0.031569551807520746,-5.126232997413697,1.4899485853429268,4.129005914958186,0.32204954866552066,0.0993981698935888,1.1295287298272365
9,299,0.25,56653302078.7261,-4.3403348322067785,7.398876783015946,-6.190054027960765,-6.190054027960765,0.0,-0.0758910295056392,-5.1574210168659205,1.4914747147641194,4.130532044379379,0.33657101052331057,0.0977631576827996,1.1092306632380882
9,300,0.25,76747007303.53171,-4.497240904453517,7.074816612051545,-6.265945057466404,-6.2659450574664035,8.881784197001252e-16,0.010959500261392918,-5.2088467340282145,1.5893359641374973,4.228393293752757,0.3563198075273363,0.09749889999069092,1.109937863438791
9,301,0.25,73455251073.38335,-4.423126999389246,7.327434231263062,-6.2549855572050115,-6.2549855572050115,0.0,0.050939894277494346,-5.2305505059909185,1.4586828752411136,4.097740204856373,0.34350511173821474,0.0961521457670765,1.0925910961826808
9,302,0.25,59914396277.283806,-4.360724015041904,7.373286591542454,-6.204045662927517,-6.204045662927518,8.881784197001252e-16,-0.058938328740409496,-5.189750129543265,1.4181248039217482,4.057182133537007,0.3419884569453955,0.09593281955393032,1.0844727000281262
9,303,0.25,75843357646.00769,-4.453017562735303,7.239865715730504,-6.262983991667927,-6.262983991667928,1.7763568394002505e-15,-0.08540510458166306,-5.23778915410165,1.4617220206498462,4.100779350265105,0.3538038582356752,0.09495304396684305,1.0756809256530022
9,304,0.25,106728747757.71198,-4.57473542999486,7.094614665018914,-6.34838909624959,-6.348389096249588,1.7763568394002505e-15,-0.03844808775281461,-5.315562865719045,1.4922475925069236,4.131304922122183,0.36746508067169886,0.09355935842436033,1.065745269666218
9,305,0.25,124472262393.54382,-4.6661531813298085,6.882736010690385,-6.386837184002404,-6.386837184002404,0.0,-0.015280911458473767,-5.338019518729881,1.5562133314748308,4.19527066109009,0.38085336903029615,0.09318879620310344,1.0595748699089882
9,306,0.25,132317792076.847,-4.607938349274031,7.176718984747389,-6.402118095460878,-6.402118095460878,0.0,0.008861279655282495,-5.380369707079219,1.4479362239113784,4.0869935535266375,0.3616839698942946,0.09179978293989058,1.0437646723770215
9,307,0.25,127709917980.55194,-4.5806458936349665,7.25044368868252,-6.393256815805596,-6.3932568158055965,8.881784197001252e-16,-0.04440206950678238,-5.374831747044303,1.4346429454299057,4.073700275045164,0.35125038036034045,0.09160453582356652,1.0396622267949618
9,308,0.25,152531282216.99524,-4.6616952974037975,7.103854351634317,-6.437658885312378,-6.437658885312377,8.881784197001252e-16,-0.014116577594853297,-5.393512014633431,1.5375301531005225,4.176587482715782,0.3552201326743556,0.09245346062809405,1.0539622656989807
9,309,0.25,161391971977.5153,-4.618176576681733,7.334395544902,-6.451775462907231,-6.451775462907232,8.881784197001252e-16,-0.013517300409438882,-5.446751850945158,1.3810371182330352,4.020094447848294,0.34987136309455874,0.08925525598549545,1.0144187831635547
9,310,0.25,170358530015.0909,-4.633198440501239,7.328377291261717,-6.46529276331667,-6.465292763316668,1.7763568394002505e-15,0.04823490046511569,-5.46173755220225,1.3751635148424215,4.014220844457681,0.34847091730519314,0.08873855447663775,1.0090919197192625
9,311,0.25,140466020768.40118,-4.59422469960517,7.291332652985531,-6.417057862851554,-6.417057862851553,1.7763568394002505e-15,-0.024453187787829123,-5.414809845040933,1.3699347416272276,4.008992071242487,0.36269465656051403,0.08829837479911681,0.9970855397836169
9,312,0.25,154899785957.51535,-4.649977742643049,7.166133231985334,-6.441511050639384,-6.441511050639383,8.881784197001252e-16,-0.07322860552933363,-5.424911039569869,1.4273427146627977,4.0664000442780575,0.37094914153104713,0.08868525237457499,1.0037091078330835
9,313,0.25,207616533182.57678,-4.742737337005108,7.088009276654427,-6.514739656168717,-6.5147396561687145,2.6645352591003757e-15,-0.02553314911057214,-5.4867331824357395,1.4729685653166567,4.112025894931915,0.3773687507603619,0.08751028678859829,0.9949308776499649
9,314,0.25,229941604721.2535,-4.810379854488308,6.919571803163925,-6.540272805279289,-6.540272805279289,0.0,0.03538685239315775,-5.50115985847647,1.5173944575960174,4.156451787211275,0.3938421966578932,0.08690302796809342,0.9877222588080998
9,315,0.25,199592537239.37653,-4.698397802127866,7.225952603033065,-6.504885952886132,-6.5048859528861325,8.881784197001252e-16,-0.05125796622029455,-5.514007627334471,1.3244559725913856,3.9635133022066436,0.3724631170996524,0.08485114073124264,0.9547746136643797
9,316,0.25,245012649415.50366,-4.760193496191703,7.183801691658884,-6.556143919106426,-6.5561439191064235,2.6645352591003757e-15,0.04552552901783091,-5.569320197663914,1.3082375561547952,3.9472948857700536,0.3784487263043742,0.08400729619686789,0.9462771052533278
9,317,0.25,204222017556.64566,-4.697933729757114,7.250738641325918,-6.510618390088595,-6.510618390088593,1.7763568394002505e-15,0.0011983325789435284,-5.532899706185182,1.271817405998395,3.9108747356136533,0.3698481628804727,0.0839335007068522,0.9423161392451032
9,318,0.25,203245456328.8015,-4.697855148665615,7.246259635376141,-6.509420057509652,-6.50942005750965,1.7763568394002505e-15,-0.02929044070249809,-5.531679548217693,1.2719047075525718,3.91096203716783,0.36882467016838133,0.08357734536281668,0.9379942674899187
9,319,0.25,228509127744.57718,-4.733696077620936,7.220057682364856,-6.53871049821215,-6.53871049821215,0.0,-0.09800708020704274,-5.565290273562489,1.254623568983383,3.893680898598642,0.37451646815099354,0.08235373398840992,0.92291355272101
9,320,0.25,338188853201.61945,-4.86781502330571,7.075610220453932,-6.6367175784191925,-6.6367175784191925,0.0,-0.027105759349491443,-5.644729856342549,1.3288935586913162,3.967950888306575,0.38272230940424135,0.08186298769636573,0.923952988834712
9,321,0.25,376917946089.2758,-4.895326571385621,7.0739870655322425,-6.663823337768684,-6.663823337768682,1.7763568394002505e-15,-0.07846434488526022,-5.6756505189156465,1.3136339457968897,3.9526912754121475,0.3861006787786733,0.08093877868072029,0.9141993122685893
9,322,0.25,515885526844.55975,-5.010814861437113,6.925891284867324,-6.742287682653944,-6.742287682653943,8.881784197001252e-16,0.021453026102278727,-5.73613266344037,1.3855627472390428,4.024620076854302,0.3957871439729428,0.08023419214866968,0.9119898402841669
9,323,0.25,473462536568.3904,-5.006758224870023,6.856305726726578,-6.7208346565516655,-6.720834656551667,1.7763568394002505e-15,0.02518582742008757,-5.700157979725441,1.4436493776896346,4.082706707304894,0.3950015030040956,0.0807014110258016,0.9144098195791402
9,324,0.25,428088298658.17474,-4.980266288532373,6.86153016239682,-6.695648829131578,-6.695648829131578,0.0,0.01676858075604848,-5.679395973671627,1.4259540922245406,4.0650114218398,0.39320055166524814,0.08061415972975551,0.9086193288190468
9,325,0.25,400316368824.701,-4.958185224936785,6.88278009375497,-6.678880248375529,-6.678880248375528,1.7763568394002505e-15,-0.0028306646827864768,-5.664627172965804,1.41795497202364,4.057012301638899,0.3909751055834599,0.08072541717559094,0.9072350439085428
9,326,0.25,404874772377.45953,-4.9614925943517525,6.880873274826246,-6.681710913058316,-6.681710913058314,1.7763568394002505e-15,-0.005360385275607449,-5.680330411266715,1.3664646775511469,4.005522007166405,0.3981340903540448,0.07884661683959471,0.8828703125795483
9,327,0.25,413649648709.16455,-5.001916450017946,6.740619393263919,-6.687071298333923,-6.687071298333926,2.6645352591003757e-15,0.04563058392580999,-5.666399565629362,1.443629601202988,4.082686930818247,0.4101313601328296,0.07901781933752836,0.8852542392127688
9,328,0.25,344638837434.059,-4.976626239596521,6.6592578992463745,-6.641440714408113,-6.641440714408114,8.881784197001252e-16,-0.012015252961464107,-5.620039402568691,1.4465479177424314,4.08560524735769,0.4078844519664981,0.07920947271374792,0.883859821352667
9,329,0.25,361607016559.49207,-5.032798687648357,6.482629118884878,-6.6534559673695775,-6.653455967369576,1.7763568394002505e-15,0.014154674795282318,-5.609892030789078,1.535198416706735,4.174255746321994,0.41593871495648543,0.08022366957018467,0.8960242049604533
9,330,0.25,341702109740.7415,-4.988829052659959,6.60188895965733,-6.639301292574295,-6.639301292574292,3.552713678800501e-15,-0.0773715783725688,-5.600718137586498,1.5152752903359286,4.154332619951188,0.41008013886269035,0.0799592514810456,0.891023032787961
9,331,0.25,465645980467.5867,-5.129390871384644,6.349127998248883,-6.716672870946864,-6.716672870946865,8.881784197001252e-16,0.03210974391306731,-5.634671219458498,1.6889492763382048,4.328006605953464,0.4221250166325051,0.08043771776545212,0.9039721371330229
9,332,0.25,409520380460.4108,-5.050987082494563,6.534304178156931,-6.684563127033797,-6.684563127033796,8.881784197001252e-16,-0.061207185842963696,-5.632124074086408,1.5706988821742944,4.209756211789554,0.41052524075451213,0.0796978388289239,0.8907639807372288
9,333,0.25,523122370423.00745,-5.124271261460259,6.485996205666015,-6.74577031287676,-6.745770312876763,2.6645352591003757e-15,0.02458383236799211,-5.702736832796057,1.533076590707555,4.172133920322814,0.4192756408454807,0.0779623027362414,0.8721644031001459
9,334,0.25,474129307482.93243,-5.055178139369852,6.6640333645556655,-6.721186480508768,-6.721186480508768,0.0,-0.05817742172379514,-5.705991131040922,1.4217240682561278,4.060781397871387,0.41466079957012264,0.07696941149749394,0.8573234781296089
9,335,0.25,598358320093.2449,-5.135484948817302,6.57551581366104,-6.779363902232563,-6.7793639022325625,8.881784197001252e-16,-0.02460359674812551,-5.7549519197979455,1.458590600123214,4.097647929738473,0.41833685100137225,0.07653110329659885,0.8567269467774395
9,336,0.25,660240497617.7372,-5.179777183399869,6.496761262323277,-6.803967498980689,-6.803967498980688,8.881784197001252e-16,0.036381143269143656,-5.771379990202485,1.491292705497555,4.130350035112814,0.42610775123778794,0.07647602989640714,0.8589282211334676
9,337,0.25,570823232202.3542,-5.0803986047182885,6.748751003973028,-6.767586355711545,-6.767586355711545,0.0,0.01334416145684525,-5.7803934216289905,1.3097144067149586,3.9487717363302175,0.4105695367703281,0.07435003474946007,0.8294031360136315
9,338,0.25,541153482490.7033,-5.037928638863438,6.86525422156506,-6.7542421942547,-6.754242194254703,2.6645352591003757e-15,-0.027657669312153743,-5.7831041864086385,1.2454947017689935,3.8845520313842528,0.4044162787454642,0.07402695840320377,0.8246357253406351
9,339,0.25,604458863522.1315,-5.082817348224672,6.796330061368729,-6.781899863566854,-6.781899863566854,0.0,0.010425647605647903,-5.804787480372235,1.2693922031632157,3.9084495327784743,0.4120324969790619,0.07392421155694744,0.8256568749866995
9,340,0.25,579769741265.8173,-5.053713677522672,6.871042153754136,-6.771474215961206,-6.771474215961206,0.0,0.022130612708891384,-5.811707784574688,1.2000083959308117,3.8390657255460705,0.4093849321259092,0.07273565861285694,0.8091799853833149
9,341,0.25,530653133951.2179,-5.016554901661954,6.931154806361436,-6.749343603252314,-6.7493436032523135,8.881784197001252e-16,0.021821835776231424,-5.8000650134087,1.158057029759205,3.797114359374464,0.4092319427211619,0.07227742313453607,0.7998498883752797
9,342,0.25,486297819215.97015,-4.980459052160015,6.988250861264274,-6.727521767476083,-6.727521767476083,0.0,0.011198288554342462,-5.787561154673732,1.1207851215941467,3.7598424512094053,0.40489650701951646,0.07231556747567251,0.7988443083362647
9,343,0.25,464995663036.4613,-4.974383022106414,6.967761827261303,-6.7163234789217405,-6.71632347892174,8.881784197001252e-16,-0.018673062405679453,-5.772299496984026,1.1370385981355973,3.776095927750856,0.40411574119665233,0.072387086930856,0.7994553444860104
9,344,0.25,501057231135.0963,-4.984691835783994,7.001218822173702,-6.73499654132742,-6.734996541327419,8.881784197001252e-16,-0.07721908033927782,-5.805763951453242,1.0778730298814503,3.71693035949671,0.40798307789045896,0.07047693930629045,0.775437954390825
9,345,0.25,682386798105.3887,-5.091397152353463,6.883273877252946,-6.812215621666698,-6.8122156216667,1.7763568394002505e-15,-0.024315518628584165,-5.86921136949328,1.1329596790784122,3.772017008693672,0.4209636829763538,0.06873384386995307,0.7599010324585881
9,346,0.25,752092050647.6245,-5.126030795505109,6.842001379160685,-6.836531140295282,-6.83653114029528,1.7763568394002505e-15,0.019288343492672944,-5.893042673947695,1.1348965357750933,3.7739538653903524,0.4311435723368318,0.06819122966696517,0.7518678050277927
9,347,0.25,696247604223.5587,-5.09270973454135,6.898132249045036,-6.817242796802609,-6.817242796802608,8.881784197001252e-16,-0.04301577801118661,-5.8873848602373755,1.0803744166456806,3.71943174626094,0.424236761214887,0.06820800063895929,0.7503893930161516
9,348,0.25,826970036087.6022,-5.155938414762316,6.817280640205912,-6.860258574813796,-6.860258574813794,1.7763568394002505e-15,-0.025421626116137297,-5.92705153503816,1.0937708294872872,3.732828159102546,0.4345899520813935,0.06738631563706748,0.7419286209786967
9,349,0.25,915485903842.613,-5.213052640658939,6.690510241083963,-6.885680200929933,-6.885680200929929,3.552713678800501e-15,-0.05736427034007008,-5.935061701102844,1.1634166696930925,3.802473999308351,0.4442259779504854,0.06743175932679434,0.7440544897779231
9,350,0.25,1151605169999.555,-5.284446805747531,6.634390662089885,-6.943044471270003,-6.943044471270002,8.881784197001252e-16,-0.07266467085881079,-5.989537089444405,1.1749721976871332,3.814029527302392,0.44615487012679367,0.06652965352746326,0.7372872379873119
9,351,0.25,1540050876528.5784,-5.391194678344254,6.498057855138246,-7.015709142128814,-7.015709142128816,1.7763568394002505e-15,-0.0026480324115478737,-6.045139523071695,1.2432211466132213,3.8822784762284797,0.45611071886775956,0.06603899655263201,0.7347297762787813
9,352,0.25,1556449992533.736,-5.381606594676672,6.547002319454758,-7.018357174540362,-7.018357174540362,0.0,0.00920953397860913,-6.052137852901481,1.2258199569402635,3.8648772865555228,0.45451333663506693,0.06572622855495035,0.7327280072539686
9,353,0.25,1500156515480.5789,-5.372885632680332,6.545048031525692,-7.0091476405617525,-7.009147640561755,2.6645352591003757e-15,-0.05811025565725547,-6.05072559391172,1.1946308569848778,3.833688186600137,0.4602632009875054,0.06501938849788959,0.7209084964508545
9,354,0.25,1892711522574.5356,-5.446857302828743,6.48160237356106,-7.067257896219008,-7.067257896219008,0.0,0.0023535225739488297,-6.105749981067526,1.2069743309906695,3.8460316606059277,0.4668569946973619,0.06404744846649757,0.7131899731447954
9,355,0.25,1874976973696.356,-5.441817578160256,6.492347181939213,-7.064904373645059,-7.064904373645059,0.0,0.026630128398251962,-6.111713003741664,1.173708149998324,3.8127654796135824,0.4662787343590088,0.06331010682842526,0.7008633028493122
9,356,0.25,1685522938743.665,-5.415689979794789,6.4903370618080665,-7.038274245246807,-7.0382742452468054,1.7763568394002505e-15,-0.02281358257031041,-6.086290981952403,1.1688757235623564,3.8079330531776145,0.4691065937622798,0.06368685897746165,0.7032545811103335
9,357,0.25,1846570611564.4524,-5.512739980951459,6.1933913874626345,-7.061087827817118,-7.061087827817117,8.881784197001252e-16,-0.04207055781816926,-6.060257499715819,1.3642639827899394,4.003321312405199,0.4781758121006304,0.06467544647126533,0.7185226026035311
9,358,0.25,2184992566784.7651,-5.563864397803558,6.157175951326905,-7.103158385635287,-7.103158385635284,2.6645352591003757e-15,0.0028528304649286795,-6.104348465137447,1.3561823523761052,3.9952396819913636,0.48219334903682437,0.06354943285225381,0.707010619789055
9,359,0.25,2160200636720.4404,-5.534303966529143,6.2640063545648665,-7.100305555170358,-7.10030555517036,1.7763568394002505e-15,-0.012140484052360456,-6.118125317242513,1.2896636220961233,3.9287209517113824,0.47282625971413106,0.06272035813939364,0.6958809506363017
9,360,0.25,2267693058531.5396,-5.5235748377120295,6.355484806042748,-7.112446039222719,-7.112446039222716,2.6645352591003757e-15,0.028918252809456035,-6.149687747462733,1.2119758374246907,3.85103316703995,0.4756649858688648,0.061860866598538455,0.6858625325783102
9,361,0.25,2019984887045.541,-5.484938521918391,6.394357057979492,-7.083527786413263,-7.0835277864132635,8.881784197001252e-16,-0.027264793982596736,-6.11959524329069,1.2166728428750293,3.8557301724902877,0.46969919020327855,0.06236257495489127,0.689844368731756
9,362,0.25,2252744398593.3774,-5.508127557791308,6.410660090418205,-7.110792580395859,-7.110792580395859,0.0,-0.02425058005435332,-6.152777001810553,1.1930049847259618,3.832062314341221,0.4737899651411095,0.06187682601711094,0.6846677749259639
9,363,0.25,2482215543979.7837,-5.529018833313338,6.424097308547492,-7.135043160450213,-7.135043160450211,1.7763568394002505e-15,0.012210072852171017,-6.1833149488082855,1.1678555169524516,3.8069128465677102,0.4758936685345106,0.06097507410939188,0.674195519118948
9,364,0.25,2363896305224.631,-5.498971247442346,6.495447360622771,-7.122833087598042,-7.122833087598039,2.6645352591003757e-15,-0.03172440284896805,-6.182496810898036,1.12228777718476,3.7613451068000185,0.47250948640383006,0.06086555044077511,0.670495743772476
9,365,0.25,2683733295449.0215,-5.587334889239737,6.268890404829087,-7.15455749044701,-7.154557490447009,8.881784197001252e-16,-0.004829414464909476,-6.179373902136926,1.261677023625074,3.9007343532403334,0.485880912456339,0.061865091199324755,0.6828904908729065
9,366,0.25,2736080724022.176,-5.580463364640405,6.315694161086046,-7.159386904911919,-7.1593869049119165,2.6645352591003757e-15,0.03760931080363239,-6.204094592971672,1.1821119181457322,3.8211692477609907,0.4869385977717567,0.060589623167361155,0.667239424534741
9,367,0.25,2353937035265.08,-5.497358822571638,6.497675086146603,-7.121777594108287,-7.121777594108289,1.7763568394002505e-15,-0.021953424323975845,-6.196039662988582,1.0638943948635602,3.7029517244788193,0.4766066417024959,0.059750462350267056,0.6530289234380608
9,368,0.25,2569992441367.0845,-5.543146098073714,6.402339681434191,-7.143731018432263,-7.143731018432262,8.881784197001252e-16,-0.055723217080422494,-6.201872164531699,1.1283780859869907,3.7674354156022494,0.48211259651698807,0.06004067565943592,0.6577828716265024
9,369,0.25,3211685335895.09,-5.597863940634107,6.4063611795143185,-7.199454235512685,-7.199454235512686,8.881784197001252e-16,-0.013346510185823668,-6.258063094357886,1.126507235003938,3.7655645646191975,0.4841666042563765,0.05907555043554627,0.6494541362018208
9,370,0.25,3387803806857.2227,-5.612108903522903,6.402767368702421,-7.212800745698509,-7.212800745698508,8.881784197001252e-16,-0.03127969663370678,-6.282422149649938,1.0824570545790293,3.7215143841942893,0.48796459022017213,0.05825309726716722,0.6390835847920231
9,371,0.25,3839340677923.371,-5.648931788553955,6.380594615113031,-7.244080442332216,-7.244080442332212,3.552713678800501e-15,-0.039153320840534356,-6.320429777950882,1.0555453279100766,3.694602657525336,0.4934359960760144,0.05722598349581975,0.6282241975169439
9,372,0.25,4490274953605.521,-5.699707937063053,6.334103304438782,-7.28323376317275,-7.283233763172748,1.7763568394002505e-15,-0.0533557823455979,-6.35303875979571,1.0817226838929035,3.7207800135081626,0.49767057683574684,0.0568681427923111,0.6263179611389535
9,373,0.25,5558548795246.891,-5.781316827708674,6.22109087123868,-7.336589545518348,-7.336589545518344,3.552713678800501e-15,0.0012943173527402152,-6.3901791641024985,1.1465841960481347,3.7856415256633933,0.5045616994482117,0.056497816731411465,0.6246032059074993
9,374,0.25,5529845058204.646,-5.777993821945269,6.229205624881359,-7.335295228165608,-7.3352952281656085,8.881784197001252e-16,-0.013660234138186844,-6.394636370977501,1.1235780991371656,3.7626354287524246,0.5095981912937793,0.05619070233626263,0.6195221110907047
9,375,0.25,5840408443129.89,-5.827633902177378,6.08528624050566,-7.3489554623037945,-7.348955462303793,1.7763568394002505e-15,0.022130714086134873,-6.381406135831928,1.231139976272207,3.8701973058874657,0.5165039608659083,0.05665548274378883,0.6252321303040874
9,376,0.25,5345621833194.855,-5.773090915188442,6.214935332116867,-7.32682474821766,-7.326824748217659,8.881784197001252e-16,-0.02093416145658189,-6.388978494456118,1.1123276854309145,3.7513850150461727,0.5131239713762138,0.05586132392845784,0.6112641534627038
9,377,0.25,5812521807697.766,-5.798005360444071,6.19901419692068,-7.3477589096742415,-7.347758909674241,8.881784197001252e-16,-0.008002666786278922,-6.407548688200676,1.1217835562790028,3.7608408858942615,0.5129791460213717,0.055791192359005835,0.6118453688035554
9,378,0.25,6001594535954.088,-5.806976145752819,6.195141722830807,-7.35576157646052,-7.355761576460521,8.881784197001252e-16,-0.033099491542841974,-6.419893504122001,1.1044149597388204,3.74347228935408,0.5164046733689064,0.055386866105364696,0.6064608193466322
9,379,0.25,6851195455406.481,-5.880552855587381,6.033232849663916,-7.388861068003362,-7.38886106800336,2.6645352591003757e-15,-0.005858077743670087,-6.428517584342062,1.202316605029943,3.8413739346452025,0.5277524774188226,0.056073548967088986,0.615997298790548
9,380,0.25,7013630479540.056,-5.8794004960630675,6.06127459873586,-7.3947191457470325,-7.3947191457470325,0.0,-0.013708341925720013,-6.438234681973027,1.1868805254807602,3.8259378550960195,0.5240229279888814,0.05609840656749789,0.6163119385821778
9,381,0.25,7408950784606.195,-5.885913464002126,6.090056094682505,-7.4084274876727525,-7.4084274876727525,0.0,-0.017121104584711944,-6.4598220671347315,1.1553643525368251,3.7944216821520835,0.5217889913212416,0.05557505693001753,0.6107319819543234
9,382,0.25,7934126397633.583,-5.918284541150789,6.0290562044267,-7.425548592257464,-7.4255485922574636,8.881784197001252e-16,-0.025700964762157774,-6.4667078000351905,1.1963058392738282,3.8353631688890877,0.524107488744164,0.055588158135357946,0.610659722952481
9,383,0.25,8793186077263.662,-5.95384893250059,5.989602498076119,-7.451249557019622,-7.45124955701962,1.7763568394002505e-15,-0.001196660856074061,-6.495744744907621,1.1829619188327478,3.822019248448007,0.5334040675504669,0.05499718452137483,0.6048785460552975
9,384,0.25,8835376819041.336,-5.957939427843768,5.978027160127703,-7.452446217875696,-7.452446217875694,2.6645352591003757e-15,0.04132596339800987,-6.499330861580586,1.1734040955651872,3.8124614251804467,0.535516757302009,0.054699786082216005,0.6009479415027978
9,385,0.25,7489184416760.982,-5.8910933942114765,6.080107441064833,-7.411120254477686,-7.411120254477685,1.7763568394002505e-15,-0.015517895422366479,-6.476948704331913,1.097628870967837,3.736686200583095,0.5307586839825303,0.05416570319699922,0.5915152961124005
9,386,0.25,7968780610521.469,-5.895495978247532,6.12456868661008,-7.426638149900053,-7.426638149900052,8.881784197001252e-16,-0.03211923244923032,-6.504534212214586,1.0493584211266103,3.6884157507418687,0.5267394821219938,0.053282097913251426,0.58188864066729
9,387,0.25,9061262086226.195,-5.910542239677254,6.192860570688117,-7.458757382349283,-7.458757382349283,0.0,-0.039032866826531176,-6.554896051964337,0.9763879919245261,3.615445321539785,0.527938060184338,0.05200432093919887,0.5678292663064314
9,388,0.25,10592433026547.299,-5.980506250155317,6.069135996081998,-7.497790249175814,-7.497790249175816,1.7763568394002505e-15,0.0355928130165335,-6.58636532199924,1.0066423790910368,3.6456997087062954,0.5397964625095458,0.05144729696339992,0.5633944146783124
9,389,0.25,9186808796810.336,-5.9298467802210695,6.129402623752847,-7.462197436159281,-7.462197436159281,0.0,-0.014085393781524402,-6.562407950594172,0.9601006126451773,3.5991579422604363,0.5321494882148843,0.05129049055782807,0.5594340218367231
9,390,0.25,9719266997361.7,-5.972251996991801,6.01612333179601,-7.476282829940805,-7.4762828299408035,1.7763568394002505e-15,0.030729268412648558,-6.568196545090316,0.9932878097866951,3.6323451394019544,0.5426442987868322,0.051128448800907424,0.5571556908308717
9,391,0.25,8595107363817.486,-5.925174809798202,6.081515006919818,-7.445553561528157,-7.445553561528157,0.0,0.02047328982695973,-6.538478931132572,0.9892411919670757,3.6282985215823342,0.5349771067723448,0.051604730402586695,0.561491016969105
9,392,0.25,7919277452156.557,-5.8923832864859085,6.130787940861149,-7.425080271701197,-7.425080271701196,8.881784197001252e-16,-0.040651730138141495,-6.528349368913629,0.9478662815350157,3.586923611150275,0.5292215200451597,0.05156319025912638,0.5580701067490083
9,393,0.25,9317616833401.033,-5.955783853562948,6.039792593105569,-7.4657320018393385,-7.46573200183934,1.7763568394002505e-15,-0.005988098579745582,-6.555528573609495,1.0017563833041088,3.6408137129193676,0.5338203127429688,0.05185266742789648,0.5636118736777914
9,394,0.25,9543490373094.463,-5.942193783637375,6.118105267126823,-7.471720100419084,-7.4717201004190805,3.552713678800501e-15,-0.010527840073067729,-6.580113586120099,0.9273687275806805,3.5664260571959394,0.535127400800838,0.05050294216112998,0.5463397418824402
9,395,0.25,9953961832492.371,-5.9506666473054795,6.126325172746683,-7.482247940492152,-7.48224794049215,1.7763568394002505e-15,-0.024534517761974683,-6.592070918774363,0.9216507572558993,3.5607080868711583,0.5368244184201577,0.04997794264521851,0.5407493133414637
9,396,0.25,10980365431533.086,-5.982540745728642,6.096966850101932,-7.5067824582541265,-7.506782458254125,1.7763568394002505e-15,-0.011933502458861156,-6.613581617648615,0.9337460328067871,3.572803362422046,0.5397815157482262,0.04973219550113908,0.5395400572142146
9,397,0.25,11517213322574.879,-6.005943175814828,6.051091139592642,-7.518715960712988,-7.5187159607129885,8.881784197001252e-16,-0.015626173946567512,-6.621564649680262,0.9495479145156455,3.588605244130904,0.5414136845888533,0.04965454387156893,0.5393365223962572
9,398,0.25,12260067334576.627,-6.041314795173779,5.972109357943106,-7.534342134659555,-7.534342134659555,0.0,-0.027889985198738643,-6.6334956477147475,0.9643286181639661,3.6033859477792256,0.5482538511953693,0.049091626075128646,0.5315273564647941
9,399,0.25,13707009762887.988,-6.0897583924725875,5.8898949095428215,-7.562232119858294,-7.562232119858293,8.881784197001252e-16,-0.004759698449792182,-6.650543655129347,1.0076965293005193,3.6467538589157784,0.5516694701898475,0.04879487790876276,0.529311223058743
9,400,0.25,13970474765035.098,-6.0940518972774615,5.891759684122502,-7.566991818308086,-7.566991818308087,8.881784197001252e-16,-0.021691536312718362,-6.655452365132232,1.0071004830881543,3.646157812703413,0.5498321613295822,0.04864041229671385,0.5265689261971479
9,401,0.25,15236780925016.682,-6.151326199028736,5.74942862236828,-7.588683354620804,-7.588683354620805,8.881784197001252e-16,-0.023235715450645067,-6.664779703689987,1.0565572741080056,3.695614603723265,0.561990083751474,0.048516187701993035,0.5256627090429894
9,402,0.25,16720828608566.986,-6.192855651246574,5.676253675299499,-7.611919070071449,-7.6119190700714485,8.881784197001252e-16,0.032769103629895824,-6.671777190265694,1.1215101896077655,3.760567519223024,0.5633086698339068,0.04890702725012247,0.5306645727430942
9,403,0.25,14666687267298.03,-6.123730591282624,5.821677500635722,-7.579149966441554,-7.5791499664415545,8.881784197001252e-16,-0.04900701311704392,-6.661769493711153,1.0304645613063443,3.6695218909216036,0.5590418582904764,0.04835853540103496,0.5225669594020282
9,404,0.25,17842920203722.86,-6.147997083357202,5.920639584805565,-7.6281569795585975,-7.628156979558593,4.440892098500626e-15,0.0,-6.724870848811967,0.9740871933712606,3.6131445229865196,0.5631214269379389,0.04715976334920471,0.5111459232653418
9,405,0.25,17842920203722.86,-6.147997083357202,5.920639584805565,-7.6281569795585975,-7.628156979558593,4.440892098500626e-15,-0.06266255013441047,-6.724870848811967,0.9740871933712606,3.6131445229865196,0.5631214269379389,0.04715976334920471,0.5111459232653418
9,406,0.25,22925664483899.28,-6.2649480041634265,5.703486102118312,-7.690819529693008,-7.690819529693004,3.552713678800501e-15,-0.05784697945166606,-6.76566147373526,1.06157489421573,3.700632223830989,0.578506009139064,0.04676173691978212,0.5076271496836215
9,407,0.25,28894316666769.5,-6.365516977861886,5.532598125131155,-7.748666509144674,-7.748666509144675,8.881784197001252e-16,-0.03277656981976662,-6.807998932944346,1.123612975186047,3.7626703048013055,0.5872480540697688,0.046270236833308755,0.5036491256161987
9,408,0.25,32942090938780.64,-6.426348857747217,5.420376884868891,-7.781443078964441,-7.78144307896444,8.881784197001252e-16,-0.017125135312286766,-6.82134507979382,1.2013346670672198,3.840391996682478,0.5937163180255037,0.0461770455347768,0.5036958248284059
9,409,0.25,35277724867565.47,-6.44572069020756,5.4113900962766746,-7.798568214276727,-7.798568214276729,1.7763568394002505e-15,-0.021053054325257392,-6.838426311719706,1.201510280612831,3.840567610228089,0.5950043548343681,0.0459716591161593,0.501964055740011
9,410,0.25,38377216318950.03,-6.458879015514491,5.442969012349977,-7.819621268601985,-7.819621268601985,0.0,-0.024183728808708338,-6.878923688026528,1.1237329926865631,3.762790322301822,0.5941020408178892,0.04506906813000255,0.4919505484263674
9,411,0.25,42275125934435.64,-6.505033704337337,5.355085172293425,-7.843804997410693,-7.843804997410693,0.0,0.016747836128041094,-6.895883595355128,1.1526282786070008,3.7916856082222594,0.6043013478350193,0.04480056577152267,0.4896669797232119
9,412,0.25,39535837110268.234,-6.464542251568555,5.450059638856388,-7.827057161282652,-7.827057161282652,0.0,-0.017185405022615896,-6.890116889688075,1.1087037567630447,3.7477610863783037,0.6011432893725768,0.044748064600023854,0.48902958579298533
9,413,0.25,42349183846899.75,-6.462451049877458,5.527166065711235,-7.844242566305268,-7.844242566305267,8.881784197001252e-16,0.019323014857419274,-6.9158394477943315,1.0745551444284873,3.7136124740437455,0.5941686756779713,0.044480575500686854,0.4873649595112507
9,414,0.25,39199229455777.33,-6.408823174082885,5.664385509459865,-7.824919551447849,-7.824919551447851,2.6645352591003757e-15,-0.01846847323213474,-6.920690369068689,0.9778593999013793,3.616916729516638,0.5860101067732008,0.04407080434260118,0.4815910318857868
9,415,0.25,42204674404693.41,-6.443999119417276,5.5975556210508275,-7.843388024679983,-7.8433880246799825,8.881784197001252e-16,0.0417854590792297,-6.936043584255674,0.9903204320819791,3.629377761697238,0.5946331472008027,0.04379195735122261,0.47768819817892794
9,416,0.25,35708513954561.41,-6.358179724977633,5.773691362492486,-7.801602565600754,-7.801602565600755,8.881784197001252e-16,-0.037878955997321384,-6.924025799885262,0.8712497332467122,3.5103070628619713,0.5890855097979919,0.04290657826521052,0.46492099019505606
9,417,0.25,41550309513846.12,-6.429329237926559,5.640609134686061,-7.839481521598075,-7.839481521598074,8.881784197001252e-16,-0.013726907065090721,-6.943986022516255,0.9429246667120188,3.581981996327277,0.5943809911107476,0.042974134606344035,0.467917296373522
9,418,0.25,43895534659541.41,-6.4595604023953275,5.57459210507136,-7.853208428663166,-7.853208428663168,1.7763568394002505e-15,-0.010018050897334874,-6.9538890970296565,0.9582199969187845,3.597277326534043,0.6012659191231391,0.042745963357809655,0.4642885915120658
9,419,0.25,45690244293124.84,-6.462303682307892,5.603691189010442,-7.863226479560501,-7.8632264795605025,1.7763568394002505e-15,-0.033086478045586176,-6.968562192954968,0.939599816806873,3.578657146422132,0.5996517007687053,0.042525681630547804,0.4622495955320168
9,420,0.25,52155555994449.5,-6.528798216808078,5.47005896319202,-7.896312957606087,-7.896312957606083,3.552713678800501e-15,-0.028406636086835135,-6.982011051951823,1.0181502930018007,3.6572076226170593,0.6052820925939245,0.042784235529529424,0.4671658453868477
9,421,0.25,58431624509615.516,-6.613851757448088,5.243471344979325,-7.924719593692922,-7.9247195936929185,3.552713678800501e-15,-0.06023862749002884,-6.981695472122553,1.133039156666218,3.7720964862814768,0.619704101731093,0.042922119228085066,0.4681291632595656
9,422,0.25,74352088959294.28,-6.7589372552339775,4.904083863795911,-7.984958221182951,-7.984958221182955,4.440892098500626e-15,0.07006611551295627,-6.993132415061463,1.3282458948706946,3.967303224485953,0.637767246845205,0.0433846973736293,0.4747645021944922
9,423,0.25,56179240736662.96,-6.592568148955919,5.2892958268563195,-7.914892105669995,-7.914892105669999,4.440892098500626e-15,-0.05221317357185207,-6.986215524027429,1.0756489969550114,3.71470632657027,0.6210230531386289,0.0418458841955684,0.45421075092635765
9,424,0.25,69227625891243.305,-6.668788886574075,5.193265570671083,-7.967105279241847,-7.967105279241846,8.881784197001252e-16,-0.003914507383393939,-7.0274289987894685,1.1196477921942531,3.7587051218095127,0.6267992338021557,0.041677487928669224,0.4543457555679852
9,425,0.25,70320124972498.04,-6.664490469235826,5.226117269557655,-7.971019786625241,-7.97101978662524,8.881784197001252e-16,-0.022861856732014907,-7.042435475814556,1.0752799136274762,3.7143372432427353,0.6259467091604185,0.041263806392010716,0.4491981823881562
9,426,0.25,77053921616127.64,-6.698972088186117,5.179638220684565,-7.9938816433572555,-7.993881643357257,1.7763568394002505e-15,0.0373477517735088,-7.058986157405632,1.1005246141912421,3.7395819438065,0.6297079391233719,0.04117223396366359,0.44937430353955
9,427,0.25,66361326223439.48,-6.631790509601309,5.298973527929741,-7.956533891583747,-7.956533891583744,2.6645352591003757e-15,0.010004329285913549,-7.044622748490839,1.0085872427563698,3.647644572371629,0.6234635059684811,0.040859819960957756,0.4425110246659168
9,428,0.25,63758157284893.89,-6.608166154149452,5.353453632593542,-7.946529562297833,-7.946529562297838,4.440892098500626e-15,-0.015822058513260018,-7.047182592641582,0.9583305490097455,3.597387878625004,0.6199655446963036,0.04049691037408674,0.4380276190205823
9,429,0.25,67923723837320.22,-6.629582937151207,5.331074734639533,-7.962351620811093,-7.9623516208110905,2.6645352591003757e-15,-0.0010075019522863826,-7.062251826615156,0.9613418471684894,3.6003991767837484,0.6245061731569818,0.040230626950826874,0.4347054251150377
9,430,0.25,68198009289847.02,-6.6346228212568805,5.314945206025999,-7.9633591227633795,-7.96335912276338,8.881784197001252e-16,-0.03524999384928318,-7.056000219397438,0.9903782838485077,3.6294356134637655,0.6243226865409129,0.04008935164666651,0.43216098962889493
9,431,0.25,78524866907885.61,-6.681870845631535,5.266953083924509,-7.998609116612663,-7.998609116612663,0.0,0.05491851852812424,-7.08787053029856,1.0038970156411509,3.6429543452564093,0.6338601318448923,0.03959919222508002,0.4265228812415095
9,432,0.25,63038224242424.12,-6.585979620610279,5.43084390989706,-7.9436905980845385,-7.943690598084544,5.329070518200751e-15,0.033832868933907356,-7.056881450432582,0.9081792609925764,3.547236590607836,0.6271496774643422,0.03949775897062984,0.42353091352195726
9,433,0.25,55059245735997.31,-6.513260767241799,5.5863878476353355,-7.909857729150631,-7.909857729150633,1.7763568394002505e-15,-0.03366274322933194,-7.046440350076393,0.8146121866816939,3.4536695162969524,0.6170537723941624,0.03929145719783464,0.41868231328793143
9,434,0.25,62995341145855.47,-6.558147248168513,5.541492896845797,-7.943520472379963,-7.943520472379962,8.881784197001252e-16,-0.030988571762725847,-7.0789975757347445,0.819034256965619,3.4580915865808777,0.623891818874433,0.038947385206473846,0.415328900508829
9,435,0.25,71308466181324.1,-6.621672927080283,5.411344468249627,-7.974509044142689,-7.97450904414269,8.881784197001252e-16,-0.040314479302130835,-7.089612866493524,0.9005273809814006,3.539584710596659,0.6329361800529627,0.03923671859336491,0.4194173946744942
9,436,0.25,83786590589373.62,-6.670840120687535,5.375933611029142,-8.01482352344482,-8.01482352344482,0.0,-0.024464613000766633,-7.132623116442206,0.8897442983952016,3.5288016280104606,0.6350824467224753,0.03854463883454462,0.4131880323979445
9,437,0.25,92400411292364.45,-6.6921849062411685,5.3884129208176645,-8.039288136445586,-8.039288136445585,1.7763568394002505e-15,-0.017194159765500316,-7.161726016117394,0.8711911516975093,3.510248481312768,0.637108135732722,0.03817758815790262,0.4093748189772767
9,438,0.25,98979035879321.33,-6.706769917530715,5.398849514721489,-8.056482296211087,-8.056482296211087,0.0,-0.02035715402839955,-7.18464440534924,0.8482942338321227,3.487351563447381,0.6383049511777321,0.03757016081945416,0.4038808759134606
9,439,0.25,107375999099492.9,-6.736024117457128,5.363261331129431,-8.076839450239486,-8.076839450239486,0.0,0.005131517344555192,-7.197248309428303,0.8793072336294746,3.518364563244733,0.6396778554707047,0.037579624551628124,0.405512785658471
9,440,0.25,105194457720561.44,-6.725205505243973,5.386009710603819,-8.071707932894931,-8.071707932894927,3.552713678800501e-15,-0.018995175945066833,-7.196612836093626,0.8613230575899536,3.5003803872052126,0.6373879933870467,0.037520902708096875,0.4047200383077034
9,441,0.25,113498692772411.19,-6.751821174921932,5.355527735672274,-8.090703108839998,-8.09070310884,1.7763568394002505e-15,-0.014877946452283908,-7.213716211563325,0.8688902594914344,3.507947589106693,0.6405325262673917,0.037349141424063724,0.40343715150429205
9,442,0.25,120458236192421.0,-6.77775001883582,5.311324145825851,-8.105581055292282,-8.105581055292284,1.7763568394002505e-15,0.031113809827326477,-7.226537883886231,0.8771153560089395,3.516172685624199,0.6468230146274828,0.03700928627620191,0.3982426862011052
9,443,0.25,106361946358633.22,-6.738923632170499,5.342174453177835,-8.074467245464955,-8.074467245464957,1.7763568394002505e-15,-0.03603959598824247,-7.205712639769325,0.8359610931672606,3.475018422782519,0.6461232273954246,0.036774233803947495,0.3946302053911821
9,444,0.25,122855178349295.34,-6.793146273249075,5.269442272816484,-8.110506841453198,-8.110506841453196,1.7763568394002505e-15,-0.01788863501204574,-7.239665042935589,0.8443098644551791,3.4833671940704383,0.6532891281893232,0.036117470348525076,0.3875404650875608
9,445,0.25,131968174326937.73,-6.81666498151467,5.24692197980229,-8.128395476465244,-8.128395476465242,1.7763568394002505e-15,0.016772150763562976,-7.25524197039005,0.8535566946855179,3.492614024300777,0.6588855844810737,0.03587904214767005,0.3849249712705084
9,446,0.25,123405068809311.12,-6.780895263997581,5.322912246816389,-8.11162332570168,-8.111623325701679,1.7763568394002505e-15,-0.05740055872016647,-7.2485141234782935,0.8133794792782856,3.452436808893544,0.6545589682828816,0.03555430513117544,0.3809094331377399
9,447,0.25,155255853182085.22,-6.848507725468203,5.282064635814576,-8.169023884421847,-8.169023884421847,0.0,0.01018076633882714,-7.297729676595539,0.8461195016899714,3.485176831305231,0.6579098793416994,0.03535584623404462,0.3811257676811847
9,448,0.25,149060364742810.28,-6.838009731788381,5.283333545178547,-8.15884311808302,-8.158843118083016,3.552713678800501e-15,-0.008348352717945318,-7.2842063738105525,0.8594896474746118,3.4985469770898705,0.6576513843390358,0.03549680300380188,0.38234235740009914
9,449,0.25,154122041720898.47,-6.85912050203127,5.232283875078764,-8.167191470800965,-8.167191470800962,3.552713678800501e-15,-0.008581747784599969,-7.277272474001238,0.9206186575836478,3.559675987198907,0.660220353728428,0.035774985323996616,0.385757923455202
9,450,0.25,159504439933910.72,-6.871222032665695,5.218204743679459,-8.175773218585565,-8.17577321858556,5.329070518200751e-15,0.0023189726618539908,-7.2828395883636246,0.9326771912725006,3.571734520887759,0.661641991312847,0.035680224684882425,0.38408694554267425
9,451,0.25,158031735075460.62,-6.8749786634656385,5.193902329832294,-8.173454245923711,-8.173454245923711,0.0,-0.012404147490579831,-7.27610452927612,0.9503415369751048,3.589398866590364,0.6620564891268631,0.03564422391891768,0.3836863640277435
9,452,0.25,166070510086441.3,-6.891848433578272,5.176039839344085,-8.185858393414291,-8.185858393414293,1.7763568394002505e-15,-0.0366205946066529,-7.284516128854884,0.966311728622368,3.6053690582376268,0.6614087437722787,0.0356492518842935,0.3843292284765468
9,453,0.25,192268885216192.03,-6.969269946527764,5.012836165972723,-8.222478988020944,-8.222478988020946,1.7763568394002505e-15,0.01918158032369277,-7.283213213334702,1.1180057691297087,3.7570630987449674,0.667766253521784,0.03627996103028382,0.3922899444913935
9,454,0.25,178068536884459.25,-6.936094255123946,5.068812610293231,-8.203297407697251,-8.203297407697253,1.7763568394002505e-15,-0.00260315045471593,-7.282302007453082,1.044924271361412,3.6839816009766713,0.6647688660521369,0.03578620871792714,0.38543127867572596
9,455,0.25,179932380546306.7,-6.932859994933053,5.092162252875667,-8.205900558151967,-8.20590055815197,3.552713678800501e-15,-0.008324689623590231,-7.294172630739163,1.0078543800359554,3.646911709651215,0.6630319048311196,0.035499654633844954,0.3822034836262023
9,456,0.25,186024777121786.8,-6.9660607834708665,4.992657857218788,-8.214225247775557,-8.214225247775563,5.329070518200751e-15,-0.00118896342259589,-7.277876409087712,1.1063380251361177,3.7453953547513765,0.6713870285445508,0.03584207384135882,0.38596837062001804
9,457,0.25,186911590851232.03,-6.940022860796256,5.10156540160758,-8.215414211198153,-8.215414211198151,1.7763568394002505e-15,0.013461915402563918,-7.314483189615553,0.9646667567151432,3.603724086330402,0.6713169965739021,0.03466747947841045,0.3722404154304054
9,458,0.25,177113021307228.22,-6.926299586566181,5.102610836917628,-8.20195229579559,-8.201952295795587,1.7763568394002505e-15,0.03603949535297346,-7.314666597116873,0.9100854650996073,3.5491427947148657,0.6726322206332986,0.034289295795530146,0.3667533242827195
9,459,0.25,153335769056801.1,-6.880108209332771,5.143218364439379,-8.165912800442616,-8.165912800442616,0.0,-0.011203501292147422,-7.295081976153257,0.8442659675421778,3.4833232971574364,0.6711964306206377,0.034076641129099035,0.362528916625915
9,460,0.25,160363656768649.25,-6.885679049369856,5.165749009459618,-8.177116301734763,-8.177116301734761,1.7763568394002505e-15,0.023462216746967357,-7.311314312162794,0.8241506286726185,3.4632079582878776,0.6704416204864007,0.033832997318688836,0.36004914068417776
9,461,0.25,145998335947371.1,-6.8751706251516564,5.113933839344559,-8.153654084987796,-8.153654084987796,0.0,-0.022963997703021377,-7.27542173143435,0.8738720845985269,3.5129294142137857,0.6690408442428935,0.03422891574565015,0.3641083589245497
9,462,0.25,160044390092755.66,-6.872495706619995,5.216489504283293,-8.176618082690817,-8.176618082690819,1.7763568394002505e-15,-0.008222247405599958,-7.323923957205309,0.7717191723267735,3.4107765019420326,0.6686386388943739,0.03344152672304721,0.3550855146206805
9,463,0.25,165395604035307.88,-6.883651563598141,5.204755065993092,-8.184840330096417,-8.184840330096414,3.552713678800501e-15,-0.012069054292444648,-7.329928271188643,0.7805909060158432,3.4196482356311018,0.6707926060839167,0.03332746653231776,0.3535371873744012
9,464,0.25,173576152366091.28,-6.9056251507272135,5.1651369346466,-8.196909384388862,-8.196909384388864,1.7763568394002505e-15,0.022599516895564165,-7.342625466152876,0.7780783433286754,3.4171356729439344,0.6742083902933635,0.03320943365245987,0.3519070654246999
9,465,0.25,158573523122528.97,-6.877675205057355,5.186538649743758,-8.174309867493298,-8.174309867493294,3.552713678800501e-15,0.02333983640642856,-7.316739773694173,0.7912230455812439,3.4302803751965034,0.6691351289644523,0.03344045287459688,0.3542710528464822
9,466,0.25,144439250648621.2,-6.863344318295032,5.150502851167355,-8.15097003108687,-8.150970031086871,1.7763568394002505e-15,-0.03768017435494464,-7.291809954483503,0.7975829767982098,3.4366403064134685,0.6657379827608338,0.03386829507576861,0.3579118225132288
9,467,0.25,167935454443525.62,-6.903758554771533,5.1395666026811355,-8.188650205441814,-8.188650205441817,3.552713678800501e-15,-0.005963914176744467,-7.326543545468157,0.8093693102793791,3.4484266398946373,0.6690237492379253,0.0335211645254629,0.35525126648942373
9,468,0.25,171989832646465.03,-6.892038604424367,5.210302060776773,-8.194614119618558,-8.19461411961856,1.7763568394002505e-15,-0.05975233385869494,-7.340855485754496,0.7759772058409903,3.4150345354562495,0.6664624022004351,0.0332802577025108,0.3522496067412943
9,469,0.25,218425435058541.03,-6.975216024342096,5.116601716540631,-8.254366453477253,-8.254366453477253,0.0,-0.03734210319748499,-7.391082603758684,0.8140780692590199,3.4531353988742786,0.6739652186825178,0.03305915508411602,0.3511591563528708
9,470,0.25,253613920031398.78,-7.0228375834279415,5.075483892987188,-8.291708556674738,-8.291708556674738,0.0,-0.03045703352279361,-7.432996563467599,0.7957906432132942,3.434847972828553,0.6785539708107842,0.03251665270840102,0.3459333198945385
9,471,0.25,286472127400397.1,-7.064853839121298,5.029247004304934,-8.322165590197532,-8.322165590197532,0.0,0.015136731750558852,-7.449019795823108,0.8535258478824351,3.4925831774976936,0.680075773972612,0.03268418178381718,0.34966941335066143
9,472,0.25,269641774742374.44,-7.055736412967491,5.0051697819179335,-8.307028858446973,-8.307028858446975,1.7763568394002505e-15,-0.029714588966859523,-7.433744179752341,0.8540813851632721,3.4931387147785307,0.6815890872977151,0.03257717620865526,0.3470748887357286
9,473,0.25,303673367186564.8,-7.119075727236388,4.870670880709765,-8.336743447413832,-8.336743447413829,3.552713678800501e-15,-0.0046807462438742675,-7.450313660278533,0.9066618189259391,3.5457191485411976,0.6884444037657992,0.032625397175251813,0.34653045595440407
9,474,0.25,309412599198810.9,-7.113734838286909,4.910757421483195,-8.341424193657707,-8.341424193657708,1.7763568394002505e-15,0.03812778257650429,-7.462957516362198,0.8748093795667733,3.5138667091820315,0.6886420879678281,0.032313552951929406,0.3431012466057858
9,475,0.25,265645982206774.38,-7.050537662582281,5.011034993995666,-8.303296411081202,-8.303296411081197,5.329070518200751e-15,0.0010785117304088487,-7.444074291495846,0.7978311487261642,3.4368884783414235,0.6843141107804827,0.0320867627742321,0.3389270857103214
9,476,0.25,264502441392890.88,-7.060226894990144,4.9679640174426005,-8.302217899350794,-8.302217899350794,0.0,-0.02324141259423307,-7.440163382313469,0.809160738534038,3.448218068149296,0.6837346720198701,0.03227137837816889,0.340516828813643
9,477,0.25,290271337431412.1,-7.072613444751729,5.011383468773191,-8.325459311945027,-8.325459311945027,0.0,0.05414199104257733,-7.468802004605534,0.7875718997427129,3.426629229357972,0.6812704364087465,0.03194259175329851,0.3376782515054662
9,478,0.25,233749064887905.72,-6.995631678855079,5.1027425681894805,-8.27131732090245,-8.27131732090245,0.0,-0.030503868648578347,-7.431226136791257,0.7213074068295098,3.3603647364447684,0.6798093133335246,0.0316653227612766,0.33248371706716723
9,479,0.25,264083051390891.56,-7.037279747167873,5.058165769532621,-8.301821189551028,-8.301821189551028,0.0,0.00017820282745084626,-7.459084999015059,0.731887432528613,3.3709447621438713,0.6831538342442385,0.03144755866872843,0.3305363311742505
9,480,0.25,263894877079489.72,-7.035278560494991,5.065457704914334,-8.301642986723577,-8.301642986723575,1.7763568394002505e-15,0.0020404855729658777,-7.463317754928363,0.7142435975655922,3.3533009271808507,0.6832847086558621,0.031174647119629972,0.3271768007671703
9,481,0.25,261749748438281.94,-7.036914573497951,5.050751710610659,-8.299602501150611,-8.299602501150616,5.329070518200751e-15,-0.06423135221884557,-7.460753439423073,0.7163389172948949,3.3553962469101544,0.6829719250133619,0.031158449023868492,0.3264554918735763
9,482,0.25,338428991907991.75,-7.120606226713964,4.972910506621977,-8.363833853369457,-8.363833853369458,1.7763568394002505e-15,-0.01864615022807925,-7.513705492139046,0.7614561153063845,3.400513444921643,0.6886608174121258,0.030915243693971084,0.3250486840494469
9,483,0.25,364635745756890.2,-7.133612011191716,4.995471969623281,-8.382480003597536,-8.382480003597536,0.0,-0.020225501594470785,-7.538123258528473,0.738369650660995,3.3774269802762538,0.6901080210535439,0.030509328075586734,0.3211832031228633
9,484,0.25,395361645728635.5,-7.169453888360731,4.933006467325107,-8.402705505192007,-8.402705505192007,0.0,0.01599124494573978,-7.5497410050550755,0.7728006709324633,3.4118580005477215,0.6936063358604616,0.03055283910124179,0.3211127300412026
9,485,0.25,370864187833093.3,-7.13561806334233,5.004384787615748,-8.386714260246267,-8.386714260246267,0.0,-0.04999983108565864,-7.5464236355947,0.7221051689910095,3.3611624986062685,0.6912901322302423,0.03036900902965082,0.3186128109436545
9,486,0.25,452974235866690.8,-7.19330306959831,4.973644086934458,-8.436714091331925,-8.436714091331924,1.7763568394002505e-15,-0.04954980493596217,-7.592036412493634,0.7396533857379056,3.3787107153531646,0.6963785288654528,0.030128129650587022,0.31758267318043204
9,487,0.25,552268570736160.4,-7.258150017281407,4.912455515945927,-8.486263896267888,-8.48626389626789,1.7763568394002505e-15,-0.044400625962994766,-7.631366063329868,0.7805340021368306,3.41959133175209,0.7034046981672831,0.029889884334478433,0.31609070080073515
9,488,0.25,659602230975144.2,-7.318185082632239,4.849917758394599,-8.530664522230882,-8.53066452223089,7.105427357601002e-15,0.01789892946208127,-7.6675166427569135,0.8135341882806164,3.4525915178958755,0.7086706752017489,0.029582297724279647,0.3137625665119419
9,489,0.25,614028445436593.5,-7.301231873430494,4.846134877353248,-8.512765592768801,-8.512765592768806,5.329070518200751e-15,-0.02130085583339003,-7.644979421514426,0.8320873554022408,3.4711446850174994,0.7065808878614864,0.02963349525657029,0.31416790627060553
9,490,0.25,668639250976926.6,-7.324979103672212,4.836349379719905,-8.534066448602191,-8.534066448602188,3.552713678800501e-15,0.0005265034838579652,-7.6709985838275125,0.813214129483458,3.4522714590987165,0.7065465138967921,0.029671662773787483,0.3145453419396147
9,491,0.25,667232569162263.8,-7.323473129124925,4.84026726397362,-8.533539945118333,-8.53353994511833,3.552713678800501e-15,0.04177346771008672,-7.6768783176608135,0.7875891802148137,3.4266465098300722,0.7077603061825739,0.029462848759367926,0.3120805165225038
9,492,0.25,564558942586807.0,-7.273451355270219,4.873260488552104,-8.491766477408246,-8.491766477408245,1.7763568394002505e-15,0.0,-7.635158224561086,0.7873756817733913,3.42643301138865,0.7033696312816806,0.029536502847130323,0.3122331863920987
9,493,0.25,564558942586807.0,-7.273451355270219,4.873260488552104,-8.491766477408246,-8.491766477408245,1.7763568394002505e-15,0.0053746540768671025,-7.635158224561086,0.7873756817733913,3.42643301138865,0.7033696312816806,0.029536502847130323,0.3122331863920987
9,494,0.25,552551243439020.56,-7.287224389969454,4.796669733447691,-8.48639182333138,-8.486391823331378,1.7763568394002505e-15,0.007194422863914696,-7.6184444215517795,0.8327322775031428,3.4717896071184016,0.7061248203268957,0.029813919172321866,0.3150226491037675
9,495,0.25,536876714353484.7,-7.25851365601062,4.8827349778274005,-8.479197400467465,-8.47919740046747,5.329070518200751e-15,-0.050711668490851736,-7.62765222206192,0.7671233840069147,3.4061807136221733,0.702480178826455,0.029470299202981106,0.3103479788739022
9,496,0.25,657612044818929.0,-7.313527520667799,4.8655261931620695,-8.529909068958316,-8.529909068958316,0.0,0.0,-7.677680603269406,0.7698565331403859,3.4089138627556443,0.707243863172205,0.02904050840169968,0.30677474617488365
9,497,0.25,657612044818929.0,-7.313527520667799,4.8655261931620695,-8.529909068958316,-8.529909068958316,0.0,0.009913104371298331,-7.677680603269406,0.7698565331403859,3.4089138627556443,0.707243863172205,0.02904050840169968,0.30677474617488365
9,498,0.25,632046357808435.6,-7.290696279294333,4.917198741170731,-8.519995964587018,-8.519995964587016,1.7763568394002505e-15,-0.0041114616802033765,-7.684262706885641,0.7038757011902484,3.3429330308055074,0.7073064989396026,0.028770479077303034,0.3027687076258984
9,499,0.25,642526839308910.9,-7.293296995147197,4.923241724480085,-8.524107426267221,-8.524107426267218,3.552713678800501e-15,-0.02292168552417806,-7.686421385199756,0.7116868346546096,3.3507441642698685,0.7073599969260163,0.028691646981596566,0.30201715505901483
9,500,0.25,704223185825925.1,-7.326425465619805,4.8824145846863765,-8.5470291117914,-8.5470291117914,0.0,,-7.702333567405369,0.7397248479288623,3.378782177544121,0.7084056720530094,0.028820802686268878,0.30371311122296174
