seed,epoch,temperature,Z,E,S,F,F_check,err,delta_F,F_data,KL,NLL,data_mass,recon_sq,recon_ce
8,1,0.25,470814.6584805518,-0.17893107812072337,12.346495476660982,-3.265554947285968,-3.2655549472859686,4.440892098500626e-16,0.141484298576664,-1.693009753924071,3.651123443832329,6.290180773447587,0.02766621315164562,0.4951155600987593,6.245451012053203
8,2,0.25,267341.6199013118,-0.03796098510242191,12.344438654427526,-3.124070648709304,-3.1240706487093033,8.881784197001252e-16,0.09404067427710094,-1.560702535645054,3.6144151226417423,6.253472452257001,0.027808912786956123,0.4941999324018687,6.2007519477342425
8,3,0.25,183527.51811788802,0.042677640875180826,12.290830461229534,-3.0300299744322032,-3.030029974432203,4.440892098500626e-16,-0.06125246510174387,-1.4605176997701044,3.638991769033138,6.278049098648396,0.027442604075499248,0.4933878909639638,6.21672661513328
8,4,0.25,234480.98077350884,-0.013934355661400846,12.309392335490186,-3.091282439533947,-3.091282439533947,0.0,-0.042592473754250904,-1.5251597555973126,3.6254334061312767,6.264490735746535,0.027562837855074095,0.4933503525751788,6.203874007322885
8,5,0.25,278034.2685253792,-0.058903232177084174,12.299886724444455,-3.133874913288198,-3.133874913288198,0.0,0.1443248166320128,-1.568904179758449,3.620825604503738,6.259882934118998,0.02803235419006063,0.493268364444306,6.198238570642505
8,6,0.25,156091.92673569807,0.06262886552356846,12.208715848719017,-2.989550096656185,-2.9895500966561857,4.440892098500626e-16,-0.03586923808240927,-1.4121641021326727,3.6704866484787937,6.3095439780940525,0.02891242907065964,0.49150734717320366,6.228405233092253
8,7,0.25,180173.82150831982,0.03880853750495958,12.256911488974218,-3.0254193347385945,-3.025419334738595,4.440892098500626e-16,-0.02769837598407987,-1.4606003360411937,3.620218665174344,6.259275994789603,0.02774352030775962,0.49213518861489886,6.18737295193731
8,8,0.25,201283.74190978616,0.0029471810780326542,12.224259567202829,-3.0531177107226743,-3.0531177107226743,0.0,-0.052154661766927735,-1.4787387628429838,3.658458461903503,6.297515791518761,0.026677063042216564,0.49202337201390506,6.223457509340031
8,9,0.25,247976.55638134052,-0.042235461058269065,12.25214764572533,-3.105272372489602,-3.1052723724896016,4.440892098500626e-16,0.04425347484315134,-1.5410675534186193,3.617761946668672,6.25681927628393,0.028556125782356417,0.49197222743247637,6.183388621464829
8,10,0.25,207746.85840085323,-0.004552443835740128,12.225865815242845,-3.0610188976464507,-3.061018897646451,4.440892098500626e-16,0.017249844531980862,-1.498873390955483,3.609524697148611,6.248582026763869,0.028877231816789674,0.491192196833442,6.168322366560115
8,11,0.25,193895.8062262951,-0.0022134235868859244,12.166222518110336,-3.04376905311447,-3.04376905311447,0.0,-0.021597039202881252,-1.4724995194568642,3.646020805015166,6.2850781346304245,0.028668492032470905,0.4904302878880289,6.196639187025277
8,12,0.25,211390.91355761222,-0.03805619596415453,12.109239585412789,-3.065366092317351,-3.0653660923173516,4.440892098500626e-16,0.07267029193513697,-1.479637647057371,3.7038564514246604,6.342913781039919,0.026290325608879908,0.4903199860424001,6.251464511673584
8,13,0.25,158068.41135033104,0.029331289331701257,12.088108358855663,-2.992695800382214,-2.9926958003822146,4.440892098500626e-16,0.062349965962358755,-1.409851079965208,3.692321552052768,6.331378881668027,0.02681868356617228,0.4889696051638784,6.226483329171306
8,14,0.25,123177.70375384353,0.08883290789423146,12.076714969256349,-2.9303458344198554,-2.930345834419856,4.440892098500626e-16,-0.011761423490474154,-1.3617205651109612,3.6354437476203194,6.274501077235577,0.030375347116121786,0.48743310372826243,6.158141844959744
8,15,0.25,129111.16179801853,0.075188965351174,12.069184893046012,-2.9421072579103296,-2.942107257910329,4.440892098500626e-16,-0.06685037853177134,-1.3759000444606897,3.6257715241832997,6.264828853798558,0.02966140062563045,0.4867403800275182,6.142813493171653
8,16,0.25,168692.11805356832,0.00446115734940616,12.053675175166028,-3.008957636442101,-3.008957636442101,0.0,0.011324494106419003,-1.4366460197383104,3.650189137199903,6.289246466815162,0.029588168316916984,0.48665417222882673,6.165729659717536
8,17,0.25,161221.19279141046,0.018382605309175393,12.064062990579428,-2.997633142335682,-2.9976331423356815,4.440892098500626e-16,0.013335987138104244,-1.4339158621986456,3.6158117909328857,6.254869120548144,0.02835961513600153,0.48642526936552694,6.132490373142673
8,18,0.25,152846.37650004326,0.018342660606360747,12.010559263215756,-2.9842971551975777,-2.984297155197578,4.440892098500626e-16,0.03194141534095962,-1.4115140744505674,3.6520749933727816,6.29113232298804,0.026911953878620012,0.48605430982950315,6.162839670179149
8,19,0.25,134513.91896879315,0.04859980761121556,12.003822189871334,-2.952355739856618,-2.952355739856618,0.0,-0.05806059303343192,-1.390478333690931,3.6084522950474907,6.247509624662749,0.027711389169844114,0.48512208772083415,6.112970157052908
8,20,0.25,169679.27755867314,-0.014501747990175777,11.983658339599497,-3.01041633289005,-3.01041633289005,0.0,0.043851810316612116,-1.4479485149549876,3.6108139421249907,6.249871271740249,0.028166459238702608,0.4851267053795353,6.115914167179347
8,21,0.25,142380.4658162795,0.023269125246221288,11.959334591278635,-2.966564522573438,-2.9665645225734374,4.440892098500626e-16,0.11118920212358141,-1.4103532404739891,3.5857877987825337,6.224845128397793,0.028618678324525408,0.48371522493116775,6.0791302525225746
8,22,0.25,91263.0506280305,0.12657638978449035,11.927806840937386,-2.8553753204498564,-2.855375320449856,4.440892098500626e-16,-0.043684231777215476,-1.3030356801529834,3.5703012315722327,6.209358561187492,0.030340373212363613,0.48187454069856317,6.04700381433077
8,23,0.25,108688.1671054509,0.07662234868732322,11.902727603657583,-2.899059552227072,-2.8990595522270723,4.440892098500626e-16,-0.0895709376986682,-1.3440977199110715,3.5807899996487436,6.219847329264003,0.029586016453035924,0.48162898569271784,6.0554831185912885
8,24,0.25,155518.80872271486,-0.017975156061936882,11.882621335455214,-2.98863048992574,-2.9886304899257405,4.440892098500626e-16,0.13615162499081457,-1.4299412958548958,3.5956994466681187,6.234756776283377,0.02973216565222524,0.4816709746153002,6.068517190277618
8,25,0.25,90211.79475383357,0.1122836405951466,11.859050022120288,-2.8524788649349255,-2.8524788649349255,0.0,0.015292897129751903,-1.2893739378318203,3.613362378797162,6.252419708412421,0.030761538046092576,0.48005536192183784,6.06825268193637
8,26,0.25,84858.79096274015,0.11700570796643012,11.816766703086417,-2.8371859678051736,-2.837185967805174,4.440892098500626e-16,-0.05351092659828316,-1.2760385289440594,3.6055324258291996,6.244589755444458,0.029254918957474153,0.4801721172744723,6.064805578483435
8,27,0.25,105112.61493770932,0.06588819221109221,11.826340346458197,-2.890696894403457,-2.8906968944034572,4.440892098500626e-16,0.08378196848974317,-1.3435716021392758,3.5494438394414662,6.188501169056724,0.029939319426402648,0.47975546534036007,6.009566782764068
8,28,0.25,75181.44245766582,0.13409860022939066,11.764054104572415,-2.8069149259137136,-2.806914925913713,4.440892098500626e-16,0.01106684081276077,-1.2427568175448422,3.617575103860226,6.256632433475486,0.03023388279478664,0.4783517014705912,6.059021585073774
8,29,0.25,71925.94596267428,0.1420896947051295,11.751751119224327,-2.795848085100953,-2.7958480851009524,4.440892098500626e-16,-0.02864390203356093,-1.2371543359052661,3.5957176671674866,6.234774996782746,0.030959873163154256,0.47785769748336077,6.032704313901342
8,30,0.25,80657.57056631602,0.10640223000130483,11.723576868543278,-2.8244919871345138,-2.8244919871345147,8.881784197001252e-16,0.003584999208386286,-1.2710009240573434,3.5749069226934225,6.21396425230868,0.031465595884223284,0.4772445965365858,6.009894551060039
8,31,0.25,79509.19479111928,0.10787064409986208,11.71511052810396,-2.8209069879261275,-2.820906987926128,4.440892098500626e-16,-0.0359712964287251,-1.2736517342694786,3.549963685011337,6.189021014626596,0.030462932380415086,0.4762045006238214,5.978022207826421
8,32,0.25,91813.3634550081,0.06294397632584166,11.679289042722777,-2.8568782843548526,-2.8568782843548526,0.0,0.009152939106506164,-1.296495228861198,3.6024748923593606,6.2415322219746185,0.03023919827749466,0.4753233212095182,6.020276465796046
8,33,0.25,88512.70508665251,0.06460532421348347,11.649322677847316,-2.8477253452483464,-2.8477253452483455,8.881784197001252e-16,-0.019620010770696084,-1.2994235862304282,3.554149706456414,6.193207036071674,0.030255899171103665,0.47438668824920477,5.967370137176977
8,34,0.25,95739.03888337889,0.036346304765262946,11.61476664313722,-2.8673453560190425,-2.867345356019042,4.440892098500626e-16,0.036019904746072307,-1.3210454683303199,3.5461422211396316,6.1851995507548905,0.030550726924328413,0.4738518281810948,5.95451024719752
8,35,0.25,82892.66068788977,0.06531725361867273,11.586570819566571,-2.83132545127297,-2.83132545127297,0.0,-0.05094053219240546,-1.2900640592143355,3.5259882386192793,6.165045568234539,0.031242163442606212,0.4730053649677417,5.9272978003077395
8,36,0.25,101626.93973604444,-0.003471144567704223,11.51517935559069,-2.8822659834653757,-2.8822659834653765,8.881784197001252e-16,-0.05059846885842312,-1.335650060354226,3.547406362829341,6.1864636924446,0.030422891223223513,0.47250397271198896,5.9432119737765765
8,37,0.25,124424.9260378752,-0.07154090365326764,11.445294194682125,-2.9328644523237988,-2.9328644523237988,0.0,0.06400421155408731,-1.3745787974568913,3.5940852898523716,6.233142619467631,0.030561884664962773,0.4719504848266409,5.979853793885437
8,38,0.25,96320.93455282028,0.003999318884100052,11.491438238615245,-2.8688602407697115,-2.8688602407697115,0.0,0.08714673248901184,-1.3292871127225359,3.519235182573443,6.1582925121887016,0.03059985648508549,0.47073283704112545,5.901495310919714
8,39,0.25,67972.197015007,0.09521467614425937,11.507712737699837,-2.7817135082806996,-2.7817135082807,4.440892098500626e-16,0.010464043001386703,-1.2431231788087236,3.5153039882726467,6.154361317887905,0.031090085584509288,0.46956190637855527,5.887271646880529
8,40,0.25,65185.860514192806,0.10192322589200235,11.492690764685262,-2.771249465279313,-2.7712494652793134,4.440892098500626e-16,-0.05295021299801439,-1.2291627530579612,3.5292895192701477,6.168346848885408,0.03181769363659949,0.4685694397303488,5.890133205254429
8,41,0.25,80563.31798967716,0.04026709616282578,11.45786709776061,-2.8241996782773273,-2.824199678277327,4.440892098500626e-16,-0.033140642864896375,-1.2850468360180514,3.517554039421847,6.1566113690371065,0.031197248352365484,0.4683098109668792,5.878844887388081
8,42,0.25,91983.2049586643,-0.00043810839377507807,11.427608850993794,-2.8573403211422237,-2.8573403211422237,0.0,-0.0072573488054819,-1.325906971728829,3.4866760680383186,6.125733397653576,0.03140050800724785,0.46778032257737556,5.8453068830234685
8,43,0.25,94692.55693091125,-0.017753863134170177,11.38737522725414,-2.8645976699477056,-2.864597669947705,4.440892098500626e-16,-0.022637326002347802,-1.3349580753284391,3.479501048861809,6.1185583784770685,0.03189926682357032,0.46691434845171276,5.830760349823717
8,44,0.25,103667.08976301737,-0.051047754699002836,11.3447489650042,-2.8872349959500534,-2.887234995950053,4.440892098500626e-16,0.052670717379186716,-1.3551796230656041,3.4891641619225373,6.128221491537796,0.03163779016712499,0.46607885960975043,5.832601764056944
8,45,0.25,83973.54722852139,0.00022380082599076506,11.33915231758743,-2.8345642785708667,-2.8345642785708667,0.0,0.020632744027833994,-1.3059353779739726,3.4754582727723187,6.114515602387578,0.03253355912417964,0.4646198489018822,5.807517357490438
8,46,0.25,77321.40761180402,0.010854309129278743,11.299143374689244,-2.8139315345430327,-2.8139315345430322,4.440892098500626e-16,-0.09703841651523692,-1.2884038981808295,3.463053215833554,6.102110545448814,0.03274362551718236,0.46351843094185924,5.787727927004354
8,47,0.25,113991.57307311114,-0.10313582711558289,11.231336495770744,-2.9109699510582696,-2.910969951058269,4.440892098500626e-16,0.02619533618979597,-1.3832166793769924,3.471955757109851,6.1110130867251105,0.03266892130548882,0.4632482560255376,5.791561119897369
8,48,0.25,102651.8515175004,-0.08591369305988861,11.195443687234338,-2.8847746148684736,-2.884774614868473,4.440892098500626e-16,-0.01375169937801557,-1.3572635317177049,3.4709870029878167,6.110044332603077,0.032978562913263856,0.46208299071586467,5.77973218099364
8,49,0.25,108456.58753233375,-0.10972121853487607,11.155220382846451,-2.898526314246489,-2.8985263142464888,4.440892098500626e-16,0.04485993719667691,-1.368153285527861,3.482434785259253,6.121492114874512,0.03257068693105959,0.46147602915983055,5.784940913662791
8,50,0.25,90641.32448643778,-0.0626025805948153,11.164255185819986,-2.8536663770498123,-2.853666377049812,4.440892098500626e-16,-0.017466084854925512,-1.3275327008747624,3.4654773750849404,6.1045347047002,0.0332026787119989,0.4599113702314535,5.75651927694834
8,51,0.25,97200.3749176879,-0.09783424853867728,11.093192853464242,-2.871132461904738,-2.871132461904738,0.0,0.03188169496211124,-1.3511058333286223,3.441049184689202,6.080106514304462,0.0333683946103136,0.45838850856338637,5.721652797120362
8,52,0.25,85562.55867362334,-0.06403713142734545,11.100854542061123,-2.8392507669426266,-2.839250766942626,4.440892098500626e-16,-0.018402023669993106,-1.3225440259357835,3.427769634412114,6.066826964027372,0.03342438179274008,0.4574668333248208,5.70268400546052
8,53,0.25,92098.24460980092,-0.09860824164199912,11.036178195882485,-2.8576527906126197,-2.8576527906126206,8.881784197001252e-16,-0.04061645979038131,-1.3272743575336452,3.482456402700639,6.121513732315899,0.033920926638003134,0.45595333134318217,5.734257409543092
8,54,0.25,108345.1237797854,-0.1635254079736958,10.938975369717221,-2.898269250403001,-2.898269250403001,0.0,-0.06627797159090676,-1.3658213550493463,3.490734251799362,6.129791581414621,0.033760626907106975,0.454987727144322,5.732381526538079
8,55,0.25,141236.1919290375,-0.26245831048304125,10.808355646043466,-2.9645472219939077,-2.9645472219939077,0.0,-0.0008907372818289794,-1.4199452678060764,3.539350487136067,6.178407816751326,0.033638551563098265,0.4543288292829822,5.765042605542258
8,56,0.25,141740.30683039548,-0.2648027526458662,10.80254082651948,-2.9654379592757367,-2.9654379592757363,4.440892098500626e-16,0.0731827937896532,-1.4291319999803453,3.506166507566305,6.145223837181566,0.03392066659441289,0.453178983152467,5.726371047094196
8,57,0.25,105769.83686282957,-0.17245325585479604,10.879207638525148,-2.8922551654860835,-2.892255165486083,4.440892098500626e-16,0.006640222098900139,-1.3701559577342188,3.449339501392199,6.088396831007458,0.03413742648006963,0.45153709362042715,5.667367039760913
8,58,0.25,102997.47718360364,-0.15978911930976386,10.903303296309678,-2.8856149433871834,-2.8856149433871834,0.0,-0.08618787883951473,-1.370093459386496,3.423028606387491,6.062085936002751,0.03442175461473175,0.4507199449931132,5.637012031532184
8,59,0.25,145395.26655463877,-0.2958732671299166,10.703718220387126,-2.971802822226698,-2.971802822226698,0.0,0.10506277343895132,-1.442044271745028,3.4799768723114197,6.119034201926679,0.035122637322386595,0.44991980954207444,5.672588923395698
8,60,0.25,95507.51315466795,-0.14638466798317248,10.881421523218298,-2.866740048787747,-2.8667400487877472,4.440892098500626e-16,0.0401400648627428,-1.3456781946171876,3.4451900870669796,6.0842474166822385,0.03366101484596796,0.44880175571962994,5.641593668839454
8,61,0.25,81340.54955432052,-0.10239888402793457,10.896804399588277,-2.826599983925004,-2.8265999839250036,4.440892098500626e-16,-0.031108709462818407,-1.3165359213188566,3.401198920809332,6.040256250424592,0.03519213317353976,0.44728854424806425,5.590739159871084
8,62,0.25,92118.84110237719,-0.12768380593856482,10.920099549797031,-2.8577086933878224,-2.857708693387823,4.440892098500626e-16,-0.019597941864465618,-1.3473216168243813,3.402490976638506,6.041548306253765,0.03454866609031514,0.44639709898877444,5.582866248412676
8,63,0.25,99630.79086311486,-0.15947823147342374,10.87131361511546,-2.877306635252288,-2.8773066352522885,4.440892098500626e-16,0.07517480288513045,-1.36454030507775,3.4120079910828918,6.051065320698149,0.03469898717498029,0.4448317760167517,5.575987411005622
8,64,0.25,73756.71563165127,-0.06942591443920165,10.930823671711824,-2.8021318323671576,-2.8021318323671576,0.0,-0.07986077426941263,-1.2883687345042092,3.4159950618365342,6.055052391451793,0.034917720035930584,0.4445627139118815,5.580791339677197
8,65,0.25,101515.87067250378,-0.1857624887667066,10.784920471479452,-2.88199260663657,-2.8819926066365698,4.440892098500626e-16,-8.834912961663832e-06,-1.3731867873754495,3.3961659474292216,6.035223277044481,0.036213125800268725,0.4437069868548583,5.550575951452939
8,66,0.25,101519.45827142225,-0.18123909999451387,10.80304936622007,-2.882001441549532,-2.8820014415495314,4.440892098500626e-16,0.004794673779811021,-1.3757761868549685,3.385843689162994,6.024901018778253,0.036008130705427605,0.44307033152042963,5.5367270105332045
8,67,0.25,99590.99930633056,-0.16906733483054295,10.832557731756712,-2.877206767769721,-2.877206767769721,0.0,0.03621026538562466,-1.3755712669202524,3.3674846737826156,6.006542003397874,0.03548073939763015,0.4413387864522439,5.506567107059674
8,68,0.25,86162.12798063684,-0.12124681961423167,10.878998731079456,-2.840996502384096,-2.8409965023840957,4.440892098500626e-16,0.0009478014843118387,-1.3380160093717046,3.3728646424343083,6.011921972049568,0.035910684710090846,0.440661468226791,5.505277635124209
8,69,0.25,85836.08804226671,-0.12988337492160376,10.840661303912722,-2.8400487008997843,-2.8400487008997843,0.0,0.02389261051364766,-1.3322558716120683,3.392113987535605,6.031171317150863,0.03701760900050957,0.4396574631304954,5.510511455411593
8,70,0.25,78012.50095972909,-0.09967119848353724,10.8659395676104,-2.8161560903861367,-2.8161560903861376,8.881784197001252e-16,-0.0013563640103706476,-1.313204695576637,3.3727482496227372,6.011805579237996,0.0373848080289969,0.43786609590588293,5.479401083987255
8,71,0.25,78436.90460498635,-0.11200572810257296,10.822026905175738,-2.8175124543965073,-2.8175124543965073,0.0,-0.050917273746553526,-1.3157879006495925,3.3678408853724,6.006898214987659,0.03675128205938496,0.43631495278686605,5.463106513109031
8,72,0.25,96155.2077745731,-0.18424854378737635,10.736724737422737,-2.868429728143061,-2.8684297281430604,4.440892098500626e-16,-0.021606310728788714,-1.367548763953739,3.3644665271420284,6.003523856757286,0.037584113989949194,0.43498168676105486,5.444025036982828
8,73,0.25,104835.12484892069,-0.2158605626015936,10.696701905081024,-2.8900360388718496,-2.8900360388718496,0.0,-0.03528806132262163,-1.3837725760072528,3.3859965218431287,6.025053851458387,0.03776796696058038,0.43371440893202473,5.4501883599540895
8,74,0.25,120728.12561507418,-0.2666434124942626,10.634722750800833,-2.925324100194471,-2.9253241001944708,4.440892098500626e-16,0.03634825100328243,-1.4224392415644502,3.372482104904825,6.011539434520082,0.03803741328224773,0.4320183872241391,5.423978133871633
8,75,0.25,104391.48572688473,-0.21027770498629372,10.714792576819578,-2.8889758491911888,-2.8889758491911883,4.440892098500626e-16,-0.047754098496301634,-1.391080495569309,3.35252408487226,5.991581414487518,0.03734624579271267,0.43075903329250903,5.400345754884514
8,76,0.25,126363.73220309336,-0.2809415389999979,10.62315363474997,-2.9367299476874904,-2.9367299476874904,0.0,0.004109180387287914,-1.4408182155955098,3.3445895987526657,5.983646928367924,0.038037842190595084,0.4301502394157321,5.384107118194393
8,77,0.25,124303.70316372102,-0.29182776292909285,10.563172017484439,-2.9326207673002025,-2.9326207673002025,0.0,0.02148820569741261,-1.4374888411830065,3.341470374853525,5.980527704468783,0.038665655767093424,0.4287057489617288,5.369901512107712
8,78,0.25,114065.74211890671,-0.2741211988493593,10.54804545101372,-2.91113256160279,-2.9111325616027894,4.440892098500626e-16,0.04910035975256877,-1.3991337769616046,3.4089378089494824,6.047995138564742,0.03953731121480623,0.429359992928122,5.421965304258364
8,79,0.25,93725.80283274084,-0.20955489694096602,10.609909219637021,-2.862032201850221,-2.8620322018502216,4.440892098500626e-16,0.09055815496957376,-1.3607588130732708,3.3660362254925427,6.005093555107801,0.04004776023156151,0.42689434624622075,5.368658101553005
8,80,0.25,65244.44500400469,-0.07953296471035304,10.76776432868118,-2.7714740468806474,-2.771474046880648,4.440892098500626e-16,-0.03590341432812183,-1.285885585344092,3.303296516530962,5.94235384614622,0.04065831052644789,0.4238696636165605,5.300647633925519
8,81,0.25,75320.66749361723,-0.13096422594127077,10.705652941069992,-2.807377461208769,-2.8073774612087687,4.440892098500626e-16,-0.03179280211076296,-1.3274841948573832,3.2805157357902828,5.919573065405542,0.04049057567756114,0.422210997654675,5.267797717646479
8,82,0.25,85535.01072538279,-0.17568768415493136,10.653930316658405,-2.839170263319532,-2.8391702633195326,4.440892098500626e-16,0.008632623136374473,-1.357660948218093,3.2869799307904985,5.9260372604057565,0.03987409693917983,0.4215799914183972,5.267742639113767
8,83,0.25,82631.85680268251,-0.17014094500059185,10.641586780730263,-2.8305376401831577,-2.8305376401831577,0.0,-0.042194130717738254,-1.3514008181798611,3.2774899583979282,5.916547288013187,0.04025756004005913,0.4210427279385298,5.2551161847797845
8,84,0.25,97824.18184647655,-0.23209585674732439,10.562543656614285,-2.872731770900896,-2.8727317709008955,4.440892098500626e-16,-0.028429699641097095,-1.3887460209976008,3.296885669997922,5.9359429996131805,0.040518258701148904,0.41842898982956284,5.2459924013987855
8,85,0.25,109605.83401770954,-0.2641080684247635,10.548213608468918,-2.901161470541993,-2.901161470541993,0.0,-0.07968355805215221,-1.4182346044987253,3.292650134557811,5.931707464173071,0.040723635433940565,0.4160071071553559,5.217197934725613
8,86,0.25,150750.30146821422,-0.39601493870108007,10.339320359572262,-2.9808450285941452,-2.9808450285941457,4.440892098500626e-16,-0.021236063909463088,-1.4979313748887126,3.292597285206472,5.93165461482173,0.04067262422499171,0.4146508753286669,5.200653007469372
8,87,0.25,164115.27726193046,-0.4331196563391538,10.27584574465782,-3.0020810925036083,-3.0020810925036088,4.440892098500626e-16,0.042814588378882856,-1.5199492557050462,3.289470017578993,5.92852734719425,0.04134097760681364,0.4132152711127358,5.181809286351618
8,88,0.25,138284.16539696648,-0.3606896154429188,10.394307554727225,-2.9592665041247255,-2.959266504124725,4.440892098500626e-16,-0.029862232931040733,-1.484951642593941,3.258202116507878,5.897259446123137,0.04070964279659512,0.41264909734220095,5.159782229386598
8,89,0.25,155829.0649890532,-0.3992885756414095,10.359360645657427,-2.989128737055766,-2.989128737055766,0.0,0.0015767234691499432,-1.5179019272143874,3.2458499097502567,5.884907239365517,0.041479701078682416,0.4096181739476365,5.123183226201116
8,90,0.25,154849.3603074726,-0.3900049668854252,10.390188186804766,-2.9875520135866163,-2.9875520135866167,4.440892098500626e-16,-0.08504583710799407,-1.516333654010074,3.245816108690911,5.88487343830617,0.04132909424322957,0.4092751365428269,5.120120487760998
8,91,0.25,217595.12773258696,-0.510257431916128,10.249361675113928,-3.0725978506946103,-3.07259785069461,4.440892098500626e-16,0.020141189956967676,-1.595017570228741,3.271263792248219,5.910321121863477,0.0427277980255428,0.4080585552715131,5.120190952280391
8,92,0.25,200752.21049883874,-0.48081065624377806,10.286584017975459,-3.0524566607376427,-3.0524566607376427,0.0,-0.030050032709290075,-1.579105508514078,3.254347279278999,5.893404608894257,0.042666657118452626,0.40728339049376633,5.100746046345699
8,93,0.25,226392.78892993688,-0.5328796353962099,10.19850823220289,-3.0825066934469327,-3.0825066934469323,4.440892098500626e-16,-0.048139740849649115,-1.6084128771698833,3.2573179354929382,5.896375265108197,0.043737349646818136,0.4047897552092691,5.07590521091987
8,94,0.25,274466.8416492391,-0.5932065207293655,10.149759654268868,-3.130646434296582,-3.1306464342965823,4.440892098500626e-16,0.08452044474655596,-1.6529638588026923,3.2716729723603004,5.91073030197556,0.04402270174085103,0.4041478812854849,5.081741535240655
8,95,0.25,195732.4506926448,-0.4580093417979919,10.352466591008133,-3.046125989550026,-3.046125989550025,8.881784197001252e-16,0.04687479967204444,-1.579240655333369,3.2284840072513687,5.867541336866628,0.0443599143905052,0.40208477494891004,5.04203105502125
8,96,0.25,162268.0310242517,-0.40671060644722534,10.370162333723023,-2.9992511898779814,-2.999251189877981,4.440892098500626e-16,-0.08788887941648449,-1.5390198970341837,3.2018678417599324,5.840925171375191,0.04389436660602984,0.40009522032730094,5.001581210703625
8,97,0.25,230627.76368839975,-0.5251267433450185,10.248053303797787,-3.087140069294466,-3.0871400692944655,4.440892098500626e-16,0.015850980741244136,-1.622476062506084,3.2195986975382698,5.858656027153529,0.04331091580243196,0.3989927240568839,4.999215949928869
8,98,0.25,216458.98315204564,-0.5018438564766047,10.27778092830647,-3.071289088553222,-3.0712890885532222,4.440892098500626e-16,0.002394060356472938,-1.609306259315487,3.208873987335679,5.847931316950939,0.04406224159215842,0.3974282975486524,4.9787281572268745
8,99,0.25,214396.01318506867,-0.48354767006433663,10.341389432529647,-3.068895028196749,-3.0688950281967484,4.440892098500626e-16,0.027338966486081695,-1.599091126318724,3.2401582778968385,5.879215607512099,0.044187410252630885,0.3966911906257586,4.993856959112217
8,100,0.25,192187.02142675576,-0.4316678766693999,10.43955274016507,-3.041556061710667,-3.041556061710667,0.0,0.015901505738857846,-1.5782399461471492,3.214207132638811,5.85326446225407,0.04455888173045491,0.39449969879748675,4.961061829499578
8,101,0.25,180343.42411803105,-0.4111286044067649,10.45810380626018,-3.0256545559718093,-3.0256545559718098,4.440892098500626e-16,-0.07311894385350426,-1.5649641475574365,3.203704304042233,5.842761633657491,0.04487852484722928,0.3927242636975321,4.940105561839002
8,102,0.25,241613.34979765667,-0.4954871099385407,10.413145559547093,-3.0987734998253136,-3.098773499825314,4.440892098500626e-16,0.010707044171196944,-1.6400976711134425,3.1956459852322268,5.834703314847487,0.04424532330922239,0.39002740446735135,4.909638826103188
8,103,0.25,231483.9506863665,-0.5034029925910328,10.338653852252335,-3.0880664556541166,-3.0880664556541166,0.0,-0.024371776376317822,-1.6356729116461,3.1705168464168074,5.809574176032066,0.04581013547233589,0.38683227555934185,4.859607760246071
8,104,0.25,255187.26524286976,-0.549720008465858,10.250872894258306,-3.1124382320304345,-3.1124382320304345,0.0,0.05662835049486281,-1.6538471389746972,3.1953070426076904,5.834364372222948,0.04608835829014978,0.38539296672431306,4.860359201720077
8,105,0.25,203463.0156646674,-0.46106342408942785,10.378985829784574,-3.0558098815355716,-3.055809881535571,4.440892098500626e-16,-0.07902902568228765,-1.5992636573622072,3.1871275670781993,5.826184896693458,0.04875862918626361,0.38368974690508123,4.833822094061261
8,106,0.25,279108.4315561096,-0.5667607419635302,10.272312661017317,-3.1348389072178593,-3.1348389072178593,0.0,-0.018196624355138802,-1.683141876197512,3.1677307944661286,5.806788124081388,0.04735618946032827,0.38091342841436615,4.791178146320634
8,107,0.25,300181.36659708165,-0.5647221846581253,10.353253387659493,-3.153035531572998,-3.1530355315729985,4.440892098500626e-16,-0.010929366945990004,-1.712911413300125,3.1214391434762336,5.760496473091492,0.04742827313154587,0.37794245858926306,4.737318819292343
8,108,0.25,313595.61797788367,-0.5978551049445795,10.264439174297632,-3.163964898518988,-3.163964898518987,8.881784197001252e-16,0.011814574951957368,-1.7219221068152701,3.1291138371996134,5.768171166814873,0.04822779603898675,0.3767789994002614,4.727980089486579
8,109,0.25,299120.3543428852,-0.5585617567529264,10.374354267256418,-3.1521503235670307,-3.1521503235670307,0.0,-0.02281358292617064,-1.7101064335277534,3.12911823054185,5.768175560157109,0.049557356027610674,0.37467684852915145,4.710013735242251
8,110,0.25,327700.58700491476,-0.5759296506796441,10.396137023254228,-3.1749639064932014,-3.1749639064932014,0.0,0.030056085628990203,-1.7283698504142582,3.1473188947005144,5.786376224315774,0.05094290334083888,0.3729124347023856,4.710495957230866
8,111,0.25,290579.1511681012,-0.5730925309874096,10.287261159507205,-3.144907820864211,-3.1449078208642107,4.440892098500626e-16,-0.045990531092657605,-1.6954872487167325,3.1586249589746567,5.7976822885899155,0.050797559997105904,0.3711285642251056,4.69240089218436
8,112,0.25,349267.50858871744,-0.6549422230924364,10.143824515457728,-3.1908983519568688,-3.1908983519568688,0.0,0.0788629283666169,-1.7419945974027617,3.1565576886011693,5.795615018216429,0.04900608996265441,0.37002323605978427,4.674433876712944
8,113,0.25,254776.42997051217,-0.5363974822307781,10.302551765437896,-3.112035423590252,-3.112035423590252,0.0,0.010191250572672672,-1.6711879023970615,3.1243327551575026,5.7633900847727615,0.05048624942264867,0.3689960807677536,4.640491466577877
8,114,0.25,244599.31263463298,-0.5061010319867058,10.382972564123495,-3.101844173017579,-3.1018441730175796,4.440892098500626e-16,-0.021719866897103035,-1.6748722314287081,3.068830436740222,5.707887766355483,0.050794129707073865,0.3676494647373044,4.60508603552053
8,115,0.25,266800.41797857813,-0.5401333644872437,10.333722701709753,-3.1235640399146822,-3.1235640399146822,0.0,-0.09164716923264882,-1.6941355652829913,3.0786565689115055,5.717713898526765,0.05076863313008004,0.36554493943265254,4.58828483116188
8,116,0.25,384940.8005298355,-0.7029431292902004,10.049072319428522,-3.215211209147331,-3.2152112091473306,4.440892098500626e-16,-0.004479888173428925,-1.764847418686158,3.16239783222943,5.80145516184469,0.05094923618689768,0.3645240723728259,4.601466024585567
8,117,0.25,391900.94255798846,-0.70031041443096,10.077522731559199,-3.21969109732076,-3.2196910973207595,4.440892098500626e-16,0.05984950171622261,-1.780886394516388,3.1161614816022323,5.755218811217491,0.05164799218638046,0.3624733055996001,4.566390305103483
8,118,0.25,308465.8386294895,-0.5974480757411288,10.249574079453637,-3.1598415956045374,-3.1598415956045383,8.881784197001252e-16,0.055707298611097134,-1.7385171348375226,3.0462405134528,5.685297843068057,0.052617795581882426,0.35992914881615473,4.512854011245642
8,119,0.25,246850.25778231944,-0.5102522246271297,10.375528289465242,-3.1041342969934402,-3.1041342969934402,0.0,-0.07236281664211974,-1.6821464085385902,3.048894224204144,5.687951553819403,0.05534485245089682,0.3595026289603724,4.512347539417599
8,120,0.25,329716.49381410494,-0.6112023136752778,10.261179199841129,-3.17649711363556,-3.17649711363556,0.0,-0.10585392734885701,-1.7585760191144764,3.0326270484690765,5.671684378084335,0.05221389101143875,0.3570786497792481,4.479776075444487
8,121,0.25,503532.8155725755,-0.7801872193939758,10.008655286361764,-3.282351040984417,-3.282351040984417,0.0,0.009094417864370818,-1.843131187932663,3.1178220825917564,5.756879412207015,0.05214561268265597,0.3572437113462112,4.51485493644551
8,122,0.25,485544.63201110205,-0.7346179787542777,10.154554577463076,-3.273256623120046,-3.2732566231200466,4.440892098500626e-16,-0.06444408508054922,-1.8572277445519974,3.025058184656936,5.664115514272195,0.05041550305269798,0.354758531330966,4.450997929544895
8,123,0.25,628318.720107523,-0.8313352581707573,10.025461800119352,-3.3377007082005954,-3.3377007082005954,0.0,0.05480613813287283,-1.9015693966471894,3.1054679165983674,5.744525246213626,0.04955150587384464,0.35587093996653624,4.5099523347774015
8,124,0.25,504628.7453990088,-0.757174407253242,10.102880651257923,-3.2828945700677226,-3.2828945700677226,0.0,-0.07201585733031823,-1.8659624761892248,3.028671045898732,5.667728375513991,0.0504870430691888,0.35227202812775343,4.432036879222162
8,125,0.25,673094.9676495017,-0.8599454470023009,9.979859921582962,-3.354910427398041,-3.3549104273980417,8.881784197001252e-16,-0.11227396010749091,-1.9357603475225404,3.037542989886742,5.6766003195020005,0.05087617766347605,0.34994793926838047,4.416946728941105
8,126,0.25,1054669.01944137,-1.0202444645023834,9.787759692012592,-3.4671843875055317,-3.4671843875055313,4.440892098500626e-16,0.0587366095837325,-2.0340249855337382,3.0935802782719137,5.732637607887173,0.05451057745817161,0.34723667567150535,4.4027144378550656
8,127,0.25,833835.2431848347,-0.9151260808894748,9.973286788129297,-3.408447777921799,-3.4084477779217988,4.440892098500626e-16,0.011182679933515516,-2.001933762198336,2.986998733278596,5.626056062893854,0.0555514245570381,0.3436282437266827,4.310027671750311
8,128,0.25,797359.0769062687,-0.8782587068078656,10.07602556472167,-3.3972650979882837,-3.3972650979882832,4.440892098500626e-16,-0.03740498643659995,-1.999952293602717,2.9501938879270084,5.589251217542268,0.055386382724306696,0.3414609590469072,4.271879250170275
8,129,0.25,926047.0642859372,-0.9495842959911459,9.940343153734952,-3.4346700844248836,-3.434670084424884,4.440892098500626e-16,0.0126174739764493,-2.0316654621452526,2.9729611595032637,5.612018489118523,0.05587805812478482,0.3409179966681111,4.273703450357354
8,130,0.25,880469.3898398228,-0.9332284319402068,9.955296714032912,-3.4220526104484343,-3.422052610448435,4.440892098500626e-16,-0.05635669423190892,-2.023611429202671,2.954707395367795,5.593764724983053,0.05435161042432751,0.33868483430105,4.243601914165686
8,131,0.25,1103102.4960576824,-1.050687283065266,9.71088808646031,-3.4784093046803433,-3.4784093046803433,0.0,-0.025785125508216655,-2.046083636875094,3.090245341605738,5.7293026712209985,0.05319467109274198,0.3382943097938457,4.301062484778827
8,132,0.25,1222951.4553053398,-1.0953117542313415,9.635530703828872,-3.50419443018856,-3.5041944301885595,4.440892098500626e-16,0.0818494956653999,-2.0719548394259255,3.089901033435276,5.728958363050533,0.055188719057809914,0.3370684710249906,4.270323906227671
8,133,0.25,881499.5215859071,-0.9616112270554537,9.842934829870828,-3.42234493452316,-3.4223449345231605,4.440892098500626e-16,-0.008480601194525317,-2.0065618991054914,3.0240748120554173,5.663132141670674,0.05522123795223891,0.33574812514861074,4.227826415097348
8,134,0.25,911915.0728731478,-0.9636861491908821,9.868557546107214,-3.4308255357176853,-3.430825535717686,4.440892098500626e-16,-0.02620582156521012,-2.023534371639661,2.990107326696839,5.629164656312097,0.05632558814380171,0.3338089159997322,4.197753406191073
8,135,0.25,1012694.7742902902,-1.0246973534313786,9.72933601540607,-3.4570313572828955,-3.457031357282896,4.440892098500626e-16,0.0030737771186903906,-2.026274726592969,3.0839691931444477,5.723026522759706,0.05767391926126682,0.33243018452472206,4.228767387723923
8,136,0.25,1000319.8138220859,-0.9864839419057098,9.869894553033983,-3.453957580164205,-3.4539575801642055,4.440892098500626e-16,-0.022193032050310535,-2.056556553989622,2.950546775083072,5.5896041046983305,0.057281126362233675,0.3281427729094345,4.1329301615370815
8,137,0.25,1093181.105099916,-1.018164409181964,9.831944812130207,-3.4761506122145156,-3.4761506122145156,0.0,-0.15060501670973014,-2.0873714450685577,2.9160593389685707,5.55511666858383,0.06098795365022488,0.32655610703232824,4.10489763428156
8,138,0.25,1996732.2268423154,-1.2492159084261159,9.510158881992524,-3.6267556289242457,-3.626755628924247,1.3322676295501878e-15,-0.024897032138218034,-2.213422698864407,3.0142743906240987,5.653331720239358,0.05912410857396405,0.3257574072837547,4.12822246924536
8,139,0.25,2205821.6861991757,-1.26684701285196,9.539222592842018,-3.651652661062464,-3.6516526610624647,8.881784197001252e-16,0.10001360909938706,-2.247704851850958,2.9767339072307655,5.615791236846023,0.06155000621604713,0.32300132309688084,4.085813816172667
8,140,0.25,1478526.006419259,-1.115547682063637,9.744365479597755,-3.5516390519630767,-3.551639051963076,8.881784197001252e-16,-0.0127289004000124,-2.168323440579031,2.894205115920925,5.533262445536185,0.06137686210930436,0.3219459888207708,4.051275358044967
8,141,0.25,1555755.45605732,-1.1542108438643717,9.640628433994868,-3.564367952363089,-3.5643679523630887,4.440892098500626e-16,0.020622766796775327,-2.162989041119729,2.9664583153581803,5.605515644973439,0.06286776989169726,0.32138036061946024,4.077067353268047
8,142,0.25,1432570.2152702508,-1.1145798374330886,9.716661392532899,-3.543745185566314,-3.5437451855663133,4.440892098500626e-16,0.0016278032943106702,-2.1543261552139965,2.9186187917940103,5.557676121409267,0.06468306323859013,0.32000264687217717,4.0422012647501
8,143,0.25,1423272.7469542187,-1.097153846893258,9.779854141514983,-3.542117382272003,-3.5421173822720036,4.440892098500626e-16,-0.04617421697700941,-2.1489609843047117,2.933568262253909,5.572625591869167,0.06697969530005575,0.3196670118577409,4.059036100951976
8,144,0.25,1711988.9770020163,-1.1517673207299093,9.746097114076415,-3.5882915992490125,-3.588291599249013,4.440892098500626e-16,-0.037135783489833596,-2.2037943067765764,2.8989318402744817,5.537989169889741,0.06856317237021528,0.3158190063128417,3.9998653810248426
8,145,0.25,1986151.750830472,-1.1935252627533275,9.727608479942075,-3.625427382738846,-3.625427382738846,0.0,0.0643164385688011,-2.243031580520588,2.890525879257772,5.529583208873033,0.06781429615035295,0.3143501779811308,3.9787748188002245
8,146,0.25,1535618.4803990454,-1.0836241710396197,9.9099470925217,-3.561110944170045,-3.5611109441700446,4.440892098500626e-16,-0.03681510862213555,-2.196655408125061,2.8187648145646773,5.457822144179937,0.06850843778831073,0.311167587756763,3.9095611422511767
8,147,0.25,1779253.0710009697,-1.1237411892663713,9.896739454103237,-3.5979260527921806,-3.5979260527921806,0.0,0.02524887642861895,-2.2395296231338366,2.7945283890181165,5.433585718633375,0.06830399793219254,0.30849450850612303,3.870099779272342
8,148,0.25,1608332.8530322113,-1.1013819166915126,9.885181038688197,-3.5726771763635616,-3.5726771763635616,0.0,-0.03496087026201877,-2.213224860326265,2.7987519345339273,5.437809264149186,0.06831700712753234,0.30820029664360316,3.8637705471486163
8,149,0.25,1849733.5996611468,-1.1558825843947202,9.80702184892344,-3.6076380466255804,-3.6076380466255804,0.0,-0.0645848407341334,-2.250839251612404,2.7881378504374488,5.427195180052707,0.06874617140257586,0.3060463043769322,3.8392797780866172
8,150,0.25,2394994.6366710328,-1.2497016587811973,9.690084914314063,-3.672222887359714,-3.6722228873597134,4.440892098500626e-16,-0.029047399458570933,-2.309003583593202,2.8138198854507896,5.452877215066048,0.06850078074013674,0.30473428172395517,3.8330500237321288
8,151,0.25,2690079.0755820996,-1.3209833043767392,9.521147929766181,-3.7012702868182847,-3.7012702868182847,0.0,0.03743977563265366,-2.31429839510371,2.9088302372430372,5.547887566858296,0.06575490642678741,0.3043571513709049,3.852854447743265
8,152,0.25,2315930.3521355977,-1.254480863549286,9.637398590545383,-3.663830511185631,-3.6638305111856315,4.440892098500626e-16,-0.021425540767205487,-2.290658521100492,2.8536306307252985,5.4926879603405565,0.0686698215803032,0.30207847995823006,3.804467812708864
8,153,0.25,2523163.950341412,-1.2790838365825044,9.62468886148133,-3.6852560519528366,-3.6852560519528366,0.0,0.03866401744435333,-2.3294650673897186,2.784106608637214,5.423163938252473,0.07056261133667494,0.3000925906367559,3.7661605566468914
8,154,0.25,2161619.2206994677,-1.2304652567129597,9.664507111182093,-3.6465920345084832,-3.6465920345084832,0.0,-0.015264169442338105,-2.2933912710291025,2.773745724302264,5.412803053917523,0.0711277640204143,0.29937018083438954,3.750213512517036
8,155,0.25,2297712.9481216664,-1.2690505315755065,9.571222689501258,-3.6618562039508213,-3.661856203950821,4.440892098500626e-16,0.07413826791517719,-2.29533571919167,2.8270246094213496,5.466081939036607,0.07189160533388167,0.29807191912482145,3.7504704871171994
8,156,0.25,1708065.0603458586,-1.14324154939732,9.777905546553297,-3.587717936035644,-3.587717936035644,0.0,-0.07219090619800417,-2.2462293341008537,2.7268970781239026,5.365954407739161,0.07712136512128484,0.2955696546183503,3.688469466546745
8,157,0.25,2279884.5619715042,-1.264532113987526,9.581506912984487,-3.6599088422336483,-3.659908842233648,4.440892098500626e-16,0.03632592630813347,-2.296916466581951,2.812912172991532,5.451969502606791,0.07899521009041335,0.2958651890342486,3.7127159907711156
8,158,0.25,1971552.1101981853,-1.191489409176013,9.728374026998003,-3.623582915925515,-3.623582915925514,8.881784197001252e-16,0.018785929384643296,-2.2836087960318845,2.7208391499592635,5.359896479574522,0.07480584298588318,0.2938105489252568,3.662853029418379
8,159,0.25,1828831.774104724,-1.2046152820204399,9.600726818081728,-3.6047969865408716,-3.604796986540872,4.440892098500626e-16,0.04739280849530614,-2.2591231687422484,2.7436379415792334,5.382695271194492,0.07921159961213958,0.2933026745350835,3.6684739653259197
8,160,0.25,1513017.7315739084,-1.128564301969882,9.715359504302732,-3.5574041780455654,-3.557404178045565,4.440892098500626e-16,-0.048802518795469485,-2.222629998233016,2.700039389634937,5.339096719250196,0.08028178778830233,0.2909643890227008,3.629743558788153
8,161,0.25,1839173.3960412433,-1.2326186417085452,9.49435222052996,-3.606206696841035,-3.606206696841035,0.0,-0.005983007115930139,-2.247683580750858,2.7950351347454485,5.434092464360708,0.0862815942648463,0.29079790210151246,3.655388384079821
8,162,0.25,1883719.4588299114,-1.2501948551614885,9.447979395181905,-3.612189703956965,-3.6121897039569646,4.440892098500626e-16,-0.00154559819265776,-2.2492662800384267,2.812636366058895,5.4516936956741535,0.08837441818077524,0.2902034791034479,3.6518826015597345
8,163,0.25,1895401.42644116,-1.2039513063126979,9.639135983347701,-3.613735302149623,-3.6137353021496232,4.440892098500626e-16,0.010627844958365884,-2.2820220601943553,2.687795638205811,5.326852967821069,0.08029501115839276,0.28767765669187284,3.5878349475379827
8,164,0.25,1816513.9836917731,-1.1926068683587832,9.642002355329899,-3.603107457191257,-3.603107457191258,8.881784197001252e-16,-0.02343884545790731,-2.265414631513925,2.7117139730940707,5.350771302709328,0.08233756848175239,0.28798043066972073,3.5899546868099566
8,165,0.25,1995061.0525038263,-1.2101118230069647,9.665737918568798,-3.626546302649164,-3.626546302649164,0.0,-0.088930330115359,-2.294270779156622,2.6900447643549086,5.3291020939701665,0.0828722693763843,0.28497285120408167,3.552826515846555
8,166,0.25,2847370.603298901,-1.3693193449344156,9.384629151320432,-3.7154766327645232,-3.7154766327645237,4.440892098500626e-16,-0.0684497484931379,-2.369690794213227,2.7440860245899255,5.383143354205186,0.08884695215831606,0.28281965658309516,3.538487876771577
8,167,0.25,3744151.2922973614,-1.4879543341737176,9.183888188335779,-3.783926381257661,-3.783926381257662,8.881784197001252e-16,0.04026203476834711,-2.4286342638750265,2.78211113991528,5.4211684695305395,0.09638739528645368,0.28066056336093415,3.524595241832586
8,168,0.25,3187212.874990804,-1.4204905090721294,9.292695349668739,-3.743664346489314,-3.743664346489314,0.0,0.01580333393825617,-2.397541284520886,2.7454349182584528,5.384492247873712,0.08828524365672252,0.2808281990965288,3.5205266842899947
8,169,0.25,2991974.3650359767,-1.3820936529564745,9.38306943837833,-3.727861012551058,-3.727861012551057,8.881784197001252e-16,-0.044123407875894305,-2.393334946765798,2.6990469335257807,5.338104263141039,0.08787763573002999,0.2792476445038674,3.480089086458393
8,170,0.25,3569505.6890135077,-1.4478856827808442,9.296394950584432,-3.771984420426952,-3.771984420426952,0.0,0.013397005613416724,-2.4417520247033115,2.681872253279303,5.320929582894562,0.09095634979373847,0.27731611587203175,3.4566351586315247
8,171,0.25,3383257.8332998585,-1.4425623191224324,9.264100382764415,-3.7585874148135354,-3.758587414813536,4.440892098500626e-16,-0.035266719639278854,-2.4258859995296107,2.6917483315204405,5.3308056611357,0.09498736770798916,0.2762706299089833,3.443967262719975
8,172,0.25,3895826.998325021,-1.4895228165104357,9.217325271769512,-3.7938541344528143,-3.793854134452814,4.440892098500626e-16,-0.023458488110333686,-2.4568418751275556,2.708991707685777,5.348049037301036,0.09582000816572488,0.27453940935215826,3.428657278816125
8,173,0.25,4279088.126286188,-1.49427498916601,9.29215053358855,-3.817312622563148,-3.817312622563148,0.0,-0.05326496392862268,-2.4938667246519417,2.6547262620295666,5.293783591644825,0.09002887464319002,0.2732705707321179,3.4028875107151504
8,174,0.25,5295194.906974413,-1.573824842140625,9.187010977404581,-3.8705775864917706,-3.87057758649177,4.440892098500626e-16,-0.12345937857852407,-2.5434072895429543,2.6696238581800067,5.3086811877952655,0.09394490046529676,0.27116492142392334,3.3810081247707697
8,175,0.25,8676665.5558672,-1.755932238022685,8.952418908190444,-3.9940369650702947,-3.994036965070296,1.3322676295501878e-15,-0.041526705043774204,-2.646926352718535,2.74938511979178,5.388442449407039,0.09655912326562811,0.2700012058548574,3.409784040638644
8,176,0.25,10244532.232186709,-1.8031977834706945,8.929463546573498,-4.035563670114069,-4.035563670114069,0.0,0.049607027897232925,-2.688761484349779,2.7481514134419016,5.387208743057161,0.10018696336302962,0.2684767219703188,3.39729042139307
8,177,0.25,8400708.192303617,-1.7043381153894992,9.126474107309349,-3.985956642216836,-3.9859566422168364,4.440892098500626e-16,-0.018297728483519293,-2.6702690959152613,2.623692855591041,5.2627501852063014,0.09102159794434325,0.26562326535839487,3.307034984474683
8,178,0.25,9038623.768682841,-1.766857082065277,8.949589154540316,-4.004254370700355,-4.004254370700356,8.881784197001252e-16,-0.03092469733900227,-2.6817176561344063,2.6510895286485385,5.290146858263797,0.09884230802727903,0.26327037892290256,3.2907309114723775
8,179,0.25,10228784.075436374,-1.805782515198642,8.917586211362865,-4.0351790680393576,-4.035179068039358,8.881784197001252e-16,0.0030006006917036032,-2.7075977565996903,2.6712679161434107,5.310325245758669,0.10254349195044545,0.26210428514766,3.279502571695562
8,180,0.25,10106747.917723576,-1.7983525203707202,8.935303787907735,-4.032178467347654,-4.032178467347654,0.0,-0.0016634006152758118,-2.7143388530520114,2.6323011275673105,5.27135845718257,0.09713126880349356,0.25967383088132073,3.23825337050233
8,181,0.25,10174218.412555814,-1.7685145474733661,9.061309281958254,-4.03384186796293,-4.03384186796293,0.0,-0.05027689496577192,-2.721517775407225,2.6102390406075604,5.249296370222818,0.08875922294764214,0.2581000119397506,3.216345818865596
8,182,0.25,12440589.750086222,-1.863429125845378,8.882758548333294,-4.084118762928702,-4.084118762928702,0.0,-0.04563024837294627,-2.7591716854259594,2.6607309803957087,5.2997883100109675,0.10447592956753092,0.25765341036595296,3.2265791182287207
8,183,0.25,14931685.329184461,-1.9307472207083356,8.79600716237325,-4.129749011301648,-4.129749011301648,0.0,-0.012159656924722206,-2.812617129759978,2.6294701965514236,5.2685275261666815,0.10240943878883574,0.25497443635789996,3.1901565611604106
8,184,0.25,15675893.946008258,-1.913406959980041,8.914006832985313,-4.14190866822637,-4.141908668226369,8.881784197001252e-16,0.023998101816972373,-2.835399111521106,2.586980897205797,5.226038226821056,0.1008629222925011,0.25229039928025504,3.1526000137597685
8,185,0.25,14241093.698056687,-1.8881447488782517,8.919063270124582,-4.117910566409398,-4.117910566409397,8.881784197001252e-16,0.024343359358089067,-2.802475932281227,2.6226812068974223,5.261738536512681,0.09740348711037539,0.250260928567368,3.1311081961407554
8,186,0.25,12919764.494920041,-1.8567389630296531,8.94731297608662,-4.093567207051309,-4.093567207051308,8.881784197001252e-16,-0.08797919199200166,-2.7831881290293774,2.602458982472466,5.241516312087725,0.09405869297871146,0.24843061784210355,3.1046250737875885
8,187,0.25,18369194.290767852,-1.9974359946132911,8.736441617720079,-4.18154639904331,-4.181546399043311,8.881784197001252e-16,0.012937836497711963,-2.859940377666512,2.6473667558919334,5.286424085507192,0.09863660024685852,0.24582490480097308,3.073307391105313
8,188,0.25,17442743.06967901,-1.9658653542300302,8.810972833262271,-4.168608562545598,-4.168608562545598,0.0,0.09844744677651107,-2.8654169318721396,2.573709193078576,5.212766522693835,0.10351260178194586,0.2444044813949915,3.040696029133678
8,189,0.25,11765057.447844073,-1.8259665145350692,8.97677840493607,-4.070161115769087,-4.0701611157690865,8.881784197001252e-16,0.01037847993680252,-2.783161471634993,2.508941246921118,5.147998576536375,0.10760080059954585,0.2438269623745727,3.0274450298476325
8,190,0.25,11286642.934533475,-1.787063825809752,9.090875240090135,-4.059782635832285,-4.059782635832286,8.881784197001252e-16,-0.04426592653873218,-2.7791646455006496,2.483414631711283,5.122471961326541,0.10251015491267455,0.24289918280879727,3.008107499875766
8,191,0.25,13472946.225943282,-1.8624761022346101,8.966289840545627,-4.104048562371017,-4.104048562371017,0.0,-0.05787603017364429,-2.828491406441718,2.4631712941019366,5.102228623717195,0.11447839786226968,0.24100491393724982,2.975036638065197
8,192,0.25,16982574.895215746,-1.935789538314222,8.904540216921763,-4.161924592544661,-4.161924592544663,1.7763568394002505e-15,0.012033477859850095,-2.8861768554328258,2.4639336188320837,5.102990948447343,0.11414037948191438,0.2394767110806715,2.95599678823122
8,193,0.25,16184498.489596708,-1.9166368608231663,8.93301701544658,-4.149891114684811,-4.149891114684811,0.0,-0.0224331537197191,-2.86882810391337,2.4851947134705044,5.124252043085763,0.11656655548953777,0.2389739007776309,2.9561208702204653
8,194,0.25,17703927.64221972,-1.9609492917217441,8.84549990673114,-4.17232426840453,-4.172324268404529,8.881784197001252e-16,-0.011084901355983945,-2.8761104960061563,2.5457977599782375,5.184855089593497,0.1039410260267839,0.23810415645510435,2.9554058454432126
8,195,0.25,18506575.86480561,-1.9559834393572952,8.909702921612878,-4.183409169760514,-4.183409169760514,0.0,-0.05339336892274549,-2.914350692210107,2.437176580586374,5.0762339102016325,0.10933186942664781,0.23543312820424267,2.9032832195973484
8,196,0.25,22912889.14010685,-2.0682870465515686,8.67406196852676,-4.23680253868326,-4.236802538683259,8.881784197001252e-16,-0.022444879136170215,-2.948319991692641,2.5148728583472133,5.153930187962472,0.11631021867840542,0.23468627204523135,2.9047194329674313
8,197,0.25,25065166.99857466,-2.0570953096364226,8.808608432732031,-4.25924741781943,-4.259247417819431,8.881784197001252e-16,-0.036038775068866435,-2.987708617816081,2.4470978703981388,5.0861552000133985,0.10904700444960526,0.23223332907478503,2.862903322751413
8,198,0.25,28951853.13635738,-2.094131465813912,8.804618908297542,-4.295286192888296,-4.295286192888297,8.881784197001252e-16,0.025958146951352568,-3.015783255623476,2.4789544194440225,5.118011749059282,0.10483715662682987,0.2319713312255405,2.867544645337211
8,199,0.25,26096510.962199036,-2.0726851106032784,8.78657174133466,-4.269328045936944,-4.269328045936943,8.881784197001252e-16,0.07167946959119753,-2.988762784882398,2.483203714602923,5.122261044218182,0.11634132994133502,0.23124675135100878,2.8627234444341605
8,200,0.25,19591263.89867576,-1.9436556631323922,9.015971652853418,-4.197648576345746,-4.197648576345747,8.881784197001252e-16,0.022969825649616915,-2.9438125102534656,2.376286934753864,5.015344264369122,0.10745985329773947,0.22975473212124778,2.8158532716403237
8,201,0.25,17871449.595437627,-1.9117086308502367,9.051880479383573,-4.174678750696129,-4.17467875069613,8.881784197001252e-16,-0.04492664781250344,-2.92990028482983,2.34005653384994,4.979113863465199,0.11373851390811748,0.22856953353982093,2.795881217469782
8,202,0.25,21389732.90422303,-1.9773117285587074,8.969174679799702,-4.219605398508633,-4.219605398508633,0.0,0.03669554550728549,-2.9774948793488427,2.3293847470239006,4.9684420766391595,0.1121475044617171,0.22731155889458587,2.769581805057587
8,203,0.25,18469650.17837231,-1.9014600597916917,9.12579917283862,-4.182909853001347,-4.182909853001346,8.881784197001252e-16,-0.001993471617776521,-2.946030952392458,2.3084582728202983,4.9475156024355575,0.11314194987376745,0.22675369235141626,2.7618894321589758
8,204,0.25,18617513.81250634,-1.9075536821996129,9.109398569678046,-4.184903324619124,-4.184903324619125,8.881784197001252e-16,-0.0477960104739763,-2.9460899432900507,2.316196195701038,4.955253525316296,0.1109304573362166,0.22678936393450022,2.7579662602967887
8,205,0.25,22539893.47162479,-1.97391318096226,9.035144616523363,-4.2326993350931,-4.232699335093101,8.881784197001252e-16,0.022853143448076096,-2.998056534271089,2.299513873672786,4.938571203288044,0.11339474526495374,0.22389932261341047,2.73015288956722
8,206,0.25,20570833.203715492,-1.9486492855631123,9.044787624327649,-4.209846191645024,-4.209846191645024,0.0,-0.03197561313391262,-2.967878007308877,2.328815407729329,4.967872737344588,0.11829234019569511,0.22326479938787105,2.726286515498196
8,207,0.25,23377561.712567177,-2.012268306075976,8.918213994811843,-4.241821804778937,-4.241821804778937,0.0,-0.024005340068387504,-3.0016025350133737,2.3218197494469917,4.960877079062251,0.12267621561267252,0.22222221877180462,2.7094579402413075
8,208,0.25,25733612.620321345,-2.042088101007212,8.894956175360443,-4.265827144847324,-4.265827144847323,8.881784197001252e-16,0.048629266050466136,-3.0208641114665626,2.3407948039077873,4.979852133523046,0.1218953108895026,0.22137881686869576,2.7008484641673385
8,209,0.25,21184736.738704838,-1.9593550931797488,9.031371142468437,-4.217197878796858,-4.217197878796858,0.0,-0.019379688186327293,-2.99209187509268,2.261366685201452,4.9004240148167115,0.11980714010607242,0.22039194189032243,2.669365483184309
8,210,0.25,22892279.408216685,-1.9784916015742082,9.032343861635908,-4.236577566983185,-4.236577566983185,0.0,-0.0004207051981737209,-3.0111417037681,2.262686123245082,4.901743452860342,0.12055101955583691,0.21790796334485246,2.643516600704826
8,211,0.25,22930835.44434781,-1.9619320887806473,9.100264733602845,-4.236998272181359,-4.236998272181358,8.881784197001252e-16,-0.030578337411703238,-3.0237713784956997,2.213850245127376,4.852907574742635,0.1210353619470701,0.21602842240568346,2.609986765572525
8,212,0.25,25914324.372786026,-1.9969826263196127,9.082375933093793,-4.267576609593062,-4.2675766095930605,1.7763568394002505e-15,-0.03449201112355471,-3.051543865418093,2.2250736470846184,4.864130976699878,0.12791054070786392,0.2141199526585916,2.58711740409672
8,213,0.25,29748060.152335595,-2.0331307279023427,9.075751571257095,-4.302068620716617,-4.302068620716616,8.881784197001252e-16,-0.02471709001708522,-3.0896800351603027,2.2104970126100008,4.849554342225259,0.1259880459448982,0.21222608768770834,2.5673070676143306
8,214,0.25,32839507.41638061,-2.077220245598354,8.998261860541394,-4.326785710733702,-4.326785710733702,0.0,-0.11085893021295679,-3.1145082102052144,2.2100526724986955,4.849110002113955,0.13076456070462103,0.2120395252916316,2.564433485140159
8,215,0.25,51165629.39904886,-2.2581045003571947,8.718160562357859,-4.437644640946659,-4.43764464094666,8.881784197001252e-16,-0.08530914128331357,-3.213590004543765,2.2571612159963155,4.896218545611575,0.1344285996732634,0.21048569559654567,2.5504843987027392
8,216,0.25,71973973.24489321,-2.4044949797866377,8.473835209773334,-4.522953782229973,-4.522953782229971,1.7763568394002505e-15,-0.08188489897812712,-3.275754923623663,2.349738104809982,4.98879543442524,0.1431614979659048,0.20964811179415274,2.555890183452894
8,217,0.25,99867485.96549185,-2.5230411032362623,8.327190311887353,-4.6048386812081,-4.604838681208101,8.881784197001252e-16,0.0640383271381122,-3.332610816863949,2.4498541277613413,5.088911457376599,0.14706926067353066,0.2104874858012047,2.5878732919970013
8,218,0.25,77299760.58080459,-2.3991639576318224,8.566545585752664,-4.5408003540699875,-4.540800354069988,8.881784197001252e-16,-0.03931588036362754,-3.29991394583345,2.3244883033308894,4.963545632946148,0.14373179744513503,0.20645243782482348,2.5166370770517927
8,219,0.25,90464216.95636295,-2.418697924269065,8.645673240658201,-4.580116234433615,-4.580116234433616,8.881784197001252e-16,0.05279219616025266,-3.3426448555632766,2.310828185866094,4.949885515481354,0.14356508735477935,0.20445876077027483,2.489345716663238
8,220,0.25,73243213.49914293,-2.319500316711001,8.831294886249445,-4.527324038273362,-4.527324038273362,0.0,-0.015520371965849655,-3.320195290773416,2.1894576603845306,4.828514989999789,0.1372673207700793,0.20248018000367554,2.442701268776313
8,221,0.25,77934371.61664666,-2.3298832000325658,8.851844840826587,-4.542844410239212,-4.542844410239212,0.0,-0.06512089124682863,-3.334685376596965,2.193578804953728,4.832636134568987,0.13930638440649437,0.20094877816496015,2.4281071080701233
8,222,0.25,101124319.69408809,-2.4356678324596674,8.689189876105493,-4.607965301486041,-4.607965301486041,0.0,-0.010754002870766222,-3.392322969037339,2.223512000179547,4.862569329794806,0.14604382022322013,0.20008090649246968,2.422101445347969
8,223,0.25,105569199.72556783,-2.4575375296652364,8.644727098766282,-4.618719304356807,-4.618719304356807,0.0,-0.022718269573078764,-3.4132703644117375,2.1827384301650214,4.82179575978028,0.14639443982519437,0.19774889060166223,2.3852767728049584
8,224,0.25,115611997.7659266,-2.4611539080294946,8.721134663601564,-4.641437573929886,-4.641437573929886,0.0,0.020074588280988515,-3.4442366034617065,2.1497465522574606,4.7888038818727185,0.14723135969151072,0.19568688079411387,2.357703170035397
8,225,0.25,106691488.48823047,-2.4388105469412493,8.730209754830591,-4.621362985648897,-4.621362985648897,0.0,0.03308271617543035,-3.4317598466492156,2.1193552263834645,4.7584125559987225,0.14907937803637808,0.1937669420718327,2.3239376982660214
8,226,0.25,93467195.07609692,-2.3883582118115414,8.799688230647698,-4.588280269473467,-4.588280269473466,8.881784197001252e-16,0.0006877180465520993,-3.4060614879750086,2.0898177963785756,4.7288751259938335,0.14692223867138085,0.19279509497857747,2.3042281238154305
8,227,0.25,93210432.0918321,-2.4058254481609334,8.727068413063925,-4.587592551426915,-4.587592551426915,0.0,-0.02708190799928989,-3.4023238297797738,2.10201755697331,4.741074886588568,0.14664731945053175,0.1920388943700088,2.290304019443377
8,228,0.25,103874898.8844814,-2.49625531067948,8.473676594986898,-4.614674459426205,-4.614674459426205,0.0,-0.08415462313177269,-3.4033289080393025,2.206324875932348,4.845382205547606,0.1609382192297439,0.19264913883826373,2.3181689510005086
8,229,0.25,145446129.23813424,-2.5887511306272373,8.440311807722962,-4.698829082557977,-4.698829082557978,8.881784197001252e-16,0.08022924447357305,-3.4844932254984493,2.2182860986228543,4.857343428238113,0.14149150907017252,0.19102116276873032,2.293718368188746
8,230,0.25,105518763.942191,-2.448827383105858,8.679089819914184,-4.618599838084404,-4.618599838084403,8.881784197001252e-16,-0.03470090276662052,-3.4247782603743198,2.1362289812250848,4.775286310840344,0.1338975582143701,0.19048680048140706,2.2727407183444637
8,231,0.25,121230344.01259588,-2.482050697185863,8.685000174660644,-4.653300740851025,-4.653300740851024,8.881784197001252e-16,-0.08259585485402887,-3.4551533903257554,2.153532072485817,4.792589402101075,0.1421460207750629,0.19016458831319746,2.2716345136717764
8,232,0.25,168692212.19555014,-2.588717914366824,8.588714725352922,-4.735896595705054,-4.7358965957050545,8.881784197001252e-16,-0.015923342284634323,-3.542574372838718,2.134231561850086,4.773288891465344,0.14569776535932819,0.1859226863751418,2.216804833711886
8,233,0.25,179786348.6561277,-2.594289401401314,8.630122146353495,-4.751819937989688,-4.751819937989687,8.881784197001252e-16,-0.03508397132766472,-3.562960249074575,2.1163814260451916,4.7554387556604505,0.1553620673699865,0.18325705896983932,2.190831532639579
8,234,0.25,206873000.1849978,-2.6659036515255723,8.484001031167123,-4.786903909317353,-4.786903909317353,0.0,-0.16371628158527507,-3.5731941823575575,2.2157815782239196,4.854838907839179,0.15751108960907775,0.18382897332027479,2.2092893295875142
8,235,0.25,398206297.19101894,-2.908951320907301,8.166675479981308,-4.950620190902628,-4.950620190902628,0.0,0.08038196109779783,-3.6940192147367705,2.38734657504817,5.02640390466343,0.1597286232994935,0.18335071263914912,2.2228681295402657
8,236,0.25,288715669.49824685,-2.774263667286147,8.38389825007473,-4.87023822980483,-4.87023822980483,0.0,0.06220010545168542,-3.651747732583918,2.2349046592683877,4.873961988883647,0.1610882433892126,0.180492966675491,2.1666535847298714
8,237,0.25,225121878.8778708,-2.6484121884804317,8.638503743490851,-4.8080381243531445,-4.8080381243531445,0.0,0.029300056823115206,-3.6347524324680975,2.0540854379249303,4.693142767540189,0.16470187900333597,0.17824709080809464,2.1208404611639984
8,238,0.25,200224995.5842574,-2.5958497021703524,8.731553461438706,-4.778738067530029,-4.778738067530028,8.881784197001252e-16,-0.011987865378209506,-3.621726874689059,1.9889874417486217,4.62804477136388,0.15852454871334673,0.17538374297470374,2.0724274679733665
8,239,0.25,210059993.58771977,-2.6242670657854554,8.665835468491137,-4.790725932908239,-4.79072593290824,8.881784197001252e-16,-0.04447795835765245,-3.624464753510366,2.0259873879762367,4.665044717591495,0.16580622403818426,0.17499605083232325,2.0722086252068945
8,240,0.25,250962871.80613622,-2.666408592773964,8.67518119396771,-4.835203891265891,-4.835203891265891,0.0,0.021002120407749736,-3.674392892966682,2.0041866635815775,4.643243993196836,0.16860407227516203,0.1738110907558192,2.060047326651265
8,241,0.25,230741151.38835406,-2.6254433166541475,8.755033816815974,-4.8142017708581415,-4.814201770858141,8.881784197001252e-16,-0.051261227967747125,-3.6606820071766757,1.975021725110602,4.6140790547258606,0.16302858899452152,0.17253323986744074,2.038804587404578
8,242,0.25,283253267.99622947,-2.705635328958539,8.639310679469395,-4.865462998825889,-4.865462998825888,8.881784197001252e-16,-0.034870278064873084,-3.7067870963178677,1.9956462804168231,4.634703610032082,0.16520995033017968,0.1707558922559331,2.0175649857389444
8,243,0.25,325649793.08412707,-2.7318972676827613,8.673744036832003,-4.900333276890762,-4.900333276890763,8.881784197001252e-16,0.03283551482135749,-3.753982279866592,1.9463466584814175,4.585403988096677,0.16901792479611083,0.16839110622820122,1.9871905745871423
8,244,0.25,285568088.7954782,-2.690287245287455,8.708842067127797,-4.867497762069404,-4.867497762069404,0.0,-0.023510616761194925,-3.731840936129857,1.9035699741429284,4.542627303758187,0.1751712950695334,0.16568090552285875,1.947182215186572
8,245,0.25,313726929.84190106,-2.7372314148903283,8.615107855761085,-4.891008378830599,-4.8910083788306,8.881784197001252e-16,0.006305965087216592,-3.754918199661952,1.9053033870593283,4.544360716674587,0.18094573001513525,0.16478802658050704,1.9339781755631977
8,246,0.25,305912495.00143135,-2.763735907017567,8.483866026903264,-4.8847024137433825,-4.884702413743383,8.881784197001252e-16,-0.07781462873762113,-3.734257552040473,1.9627221171963767,4.601779446811636,0.19067461883224873,0.16499360281751915,1.9415651462120525
8,247,0.25,417614021.3187959,-2.8647948270688244,8.390888861648717,-4.962517042481004,-4.962517042481004,0.0,-0.12018916332395069,-3.812185858609678,1.9622674058700424,4.601324735485302,0.19447233990247653,0.16283707864815897,1.918867627166439
8,248,0.25,675406184.8714924,-3.08726362075116,7.981770340215177,-5.082706205804954,-5.082706205804954,0.0,0.04353004427307017,-3.8800840563020067,2.1714312683965358,4.810488598011794,0.20542411800697427,0.1633388381969986,1.9466594459753057
8,249,0.25,567473520.3911614,-2.9594891544151056,8.318748028467112,-5.039176161531884,-5.039176161531884,0.0,-0.042122011618728195,-3.88637586910608,1.9721438400879572,4.611201169703215,0.1921993627783675,0.15934616775940258,1.8738461819475816
8,250,0.25,671612901.1803176,-3.0540152348743623,8.109131753105006,-5.081298173150612,-5.081298173150614,1.7763568394002505e-15,-0.01096289073546508,-3.896528293437705,2.100022189236371,4.73907951885163,0.20313855014869142,0.1607146620688366,1.9049021251969207
8,251,0.25,701719462.1451939,-3.1146100163227555,7.910604190253286,-5.0922610638860775,-5.0922610638860775,0.0,0.04146457368312273,-3.8825410931198934,2.1998225534494784,4.838879883064736,0.20885840136423042,0.16204645607697574,1.9315636010384178
8,252,0.25,594473061.8634148,-2.9567380907875136,8.376233597661761,-5.050796490202955,-5.050796490202954,8.881784197001252e-16,0.011961525701232212,-3.8964136455015788,1.9784740491902453,4.617531378805504,0.19008807643050551,0.15973444483991842,1.8837621400167852
8,253,0.25,566699567.5327177,-2.9553954154717843,8.333758196119756,-5.0388349645017225,-5.038834964501723,8.881784197001252e-16,-0.026776801403940453,-3.8671537112431547,2.047667683419013,4.686725013034272,0.18751587618173476,0.16029791018694128,1.8948604150878126
8,254,0.25,630766978.8435646,-3.0261498451434594,8.15784768304882,-5.065611765905663,-5.065611765905665,1.7763568394002505e-15,-0.014781697143750883,-3.8566909963083376,2.1966257487740433,4.835683078389303,0.1918128522871632,0.16185575711904104,1.9336641713264007
8,255,0.25,669186833.7003037,-2.9836141713323587,8.38711716686822,-5.080393463049414,-5.080393463049414,0.0,-0.019551616628808333,-3.936153861488544,1.9379010766282199,4.576958406243478,0.18647847333002285,0.15573360682231002,1.8317213121464744
8,256,0.25,723622437.1776553,-2.997855162610618,8.40835966827042,-5.099945079678222,-5.099945079678223,8.881784197001252e-16,-0.08245358444968343,-3.9762682997882615,1.8556497899445858,4.494707119559845,0.19009643191709022,0.15259221387672456,1.7832466761015797
8,257,0.25,1006348888.8597306,-3.0896599750631255,8.370954756259117,-5.182398664127906,-5.182398664127905,8.881784197001252e-16,-0.031922205235852985,-4.057608006010418,1.8601053028546912,4.499162632469949,0.1951957627400219,0.15075815989944175,1.7646154187227328
8,258,0.25,1143412989.853446,-3.1392116970877577,8.300436689104,-5.214320869363759,-5.214320869363758,8.881784197001252e-16,-0.040470733556275285,-4.094370662062668,1.840743499589101,4.47980082920436,0.195307406376387,0.14933413011316155,1.7455739009943867
8,259,0.25,1344336489.1737916,-3.191506210959338,8.253141567842777,-5.254791602920034,-5.254791602920032,1.7763568394002505e-15,-0.10713289905873147,-4.120461742467042,1.8982621121967054,4.537319441811965,0.19797453056865988,0.1495004245585327,1.756910088218538
8,260,0.25,2063559018.5084248,-3.373361413712482,7.954252353065133,-5.361924501978765,-5.361924501978765,0.0,0.05823315825927278,-4.185205787113365,2.067817529846342,4.706874859461601,0.21125506056702012,0.14968659650474192,1.7729631174662046
8,261,0.25,1634765776.1857367,-3.26813095588517,8.1422415513373,-5.303691343719493,-5.303691343719494,1.7763568394002505e-15,0.005419232315301059,-4.174174027120547,1.8790119367805251,4.518069266395784,0.20303219322404237,0.14716386726974093,1.7230428101685953
8,262,0.25,1599710393.2925675,-3.2969157050054894,8.005425625594807,-5.2982721114041915,-5.2982721114041915,0.0,-0.09036552094253558,-4.169019975117094,1.8779512155331284,4.5170085451483875,0.21564367495970313,0.14555610110333272,1.701586384490072
8,263,0.25,2296266842.810511,-3.4425040672522242,7.784534260378013,-5.388637632346727,-5.388637632346727,0.0,0.032096610045337925,-4.226179091105432,2.010776835349923,4.649834164965182,0.22664971519041133,0.1453629640606062,1.7112111203631337
8,264,0.25,2019597536.607571,-3.3993431630662725,7.828791436940455,-5.356541022301389,-5.3565410223013865,2.6645352591003757e-15,-0.010803961419430408,-4.2023186433920605,1.977832186022054,4.616889515637313,0.2290425938786082,0.14442086636250592,1.6928154195561496
8,265,0.25,2108789524.7957036,-3.398944010677053,7.873603892175064,-5.36734498372082,-5.36734498372082,0.0,0.0010749180560072347,-4.215381031664326,1.9687984786107169,4.607855808225976,0.22915371233345536,0.14358677750812063,1.685533809427767
8,266,0.25,2099741885.9291604,-3.3612186288119243,8.020205747411556,-5.366270065664812,-5.366270065664813,8.881784197001252e-16,0.02537475600159489,-4.2466230852081965,1.8395305922112062,4.478587921826465,0.22051025199880137,0.14142133908121424,1.6491698432598618
8,267,0.25,1897079126.9497552,-3.295438936292677,8.181825493482165,-5.3408953096632175,-5.340895309663218,8.881784197001252e-16,0.029225202243112314,-4.244732107957996,1.745595477205624,4.384652806820882,0.21459120869910797,0.14051428478719577,1.6320280974501125
8,268,0.25,1687780906.0135772,-3.242857729452185,8.275249511871678,-5.311670107420105,-5.311670107420104,8.881784197001252e-16,-0.05065163758651359,-4.220175744385524,1.726920122523064,4.365977452138322,0.20998080197757382,0.1392354978127775,1.612138079735556
8,269,0.25,2066840562.6897378,-3.3353235437958832,8.107992804842945,-5.362321745006619,-5.36232174500662,8.881784197001252e-16,-0.059288465285042946,-4.2483035011474435,1.8170156458214444,4.456072975436703,0.21173486126532812,0.13999249932594698,1.6288680320348152
8,270,0.25,2620001798.49236,-3.425874845809495,7.982941457928667,-5.421610210291662,-5.421610210291662,0.0,0.036796997902169615,-4.304230672095523,1.8304608231692978,4.469518152784557,0.21855593673028037,0.13803393506244013,1.6024382779945447
8,271,0.25,2261406608.0297465,-3.38034182410284,8.017885553146606,-5.384813212389492,-5.384813212389491,8.881784197001252e-16,-0.055098704519073394,-4.277094771500009,1.7918164339426748,4.430873763557934,0.21867992568398187,0.13731421485303072,1.591873484320601
8,272,0.25,2818998924.709217,-3.466912472453712,7.891997777819411,-5.4399119169085655,-5.439911916908565,8.881784197001252e-16,0.006305071553741826,-4.317313860644547,1.8513348954408155,4.490392225056074,0.227176967347719,0.13702074055218397,1.592693475796073
8,273,0.25,2748792005.58061,-3.4352305139603914,7.9935053255777335,-5.433606845354824,-5.4336068453548245,8.881784197001252e-16,0.07747870805260781,-4.324557950057184,1.7971382515753025,4.436195581190561,0.22810039272010188,0.1359375522016419,1.5782010034086102
8,274,0.25,2016264843.2943113,-3.29498387658669,8.244577042862106,-5.356128137302216,-5.356128137302217,8.881784197001252e-16,-0.02978083979191215,-4.288097371717585,1.633065732723266,4.272123062338525,0.22011295728612038,0.13430554240274412,1.545912118999055
8,275,0.25,2271340240.1492324,-3.3591722238391264,8.106947013020008,-5.385908977094128,-5.385908977094129,8.881784197001252e-16,0.04397751636658409,-4.2973664754745355,1.7151126768631109,4.354170006478371,0.22469327602325007,0.13447482037282435,1.5561066550364144
8,276,0.25,1904958085.479735,-3.2943723693643587,8.190236365452744,-5.341931460727544,-5.341931460727545,8.881784197001252e-16,-0.027982745841502066,-4.272376698450949,1.6391617194911217,4.27821904910638,0.22786797723182517,0.1328800161729358,1.5316205582243623
8,277,0.25,2130573067.5428596,-3.356930033239366,8.051936693318721,-5.369914206569046,-5.369914206569046,0.0,-0.04941849727567771,-4.292859054758176,1.6691632776282237,4.3082206072434825,0.23266464490957847,0.13242805663553692,1.524920277359472
8,278,0.25,2596241905.4874563,-3.446465511089532,7.891468771020776,-5.419332703844724,-5.419332703844725,1.7763568394002505e-15,-0.055505273837414215,-4.322958841887858,1.7464381182122009,4.38549544782746,0.24424712309874666,0.13241218899859908,1.5312377245207547
8,279,0.25,3241661716.4695525,-3.5664610928764575,7.633507539222721,-5.474837977682138,-5.474837977682138,0.0,-0.021713318161318718,-4.356998927762283,1.8322988700641587,4.471356199679418,0.2498047455146166,0.13146066439745632,1.5247621397533708
8,280,0.25,3535799166.745089,-3.5592330264774077,7.749273077464199,-5.496551295843457,-5.4965512958434575,8.881784197001252e-16,-0.056726224908610234,-4.401595745513354,1.7407648717051531,4.379822201320412,0.2397846158875371,0.1293452034249391,1.496187157144289
8,281,0.25,4436404477.720261,-3.6166447707888807,7.74653099985275,-5.553277520752067,-5.553277520752069,1.7763568394002505e-15,0.010396521555509075,-4.460184894607191,1.7333131749642434,4.372370504579503,0.24441600881308867,0.1274229185319117,1.4765802538172133
8,282,0.25,4255695314.5055094,-3.5922773512482484,7.802414591793237,-5.542880999196558,-5.542880999196558,0.0,0.01124315450349389,-4.458975768400146,1.6965635935703853,4.335620923185644,0.24708168498727073,0.12593059633997972,1.455053135443052
8,283,0.25,4068545407.4444532,-3.586780473637903,7.779429484220643,-5.531637844693064,-5.531637844693064,0.0,-0.1022960031658835,-4.44763748692577,1.6969441014539173,4.336001431069176,0.24947576114966766,0.12598281811403103,1.4557944408677395
8,284,0.25,6125556163.357735,-3.720123342204261,7.65524202261874,-5.633933847858947,-5.6339338478589465,8.881784197001252e-16,0.02015907628906799,-4.53692904275354,1.7489618908063693,4.388019220421628,0.2508584687513327,0.12471292652125758,1.4450615450696809
8,285,0.25,5651004117.802693,-3.716351883914183,7.589691550622789,-5.613774771569879,-5.61377477156988,8.881784197001252e-16,0.0300640952266491,-4.520825869084126,1.7327382803277522,4.371795609943011,0.2520753825316262,0.12472388110768891,1.442459752683377
8,286,0.25,5010706225.953253,-3.618343333044897,7.861469373193332,-5.58371067634323,-5.58371067634323,0.0,-0.01697522782889127,-4.517804299917709,1.6245681760868216,4.263625505702081,0.24575016751936857,0.12301479469343705,1.4145233382291837
8,287,0.25,5362754700.602592,-3.6410855552751036,7.838401395588073,-5.6006859041721215,-5.6006859041721215,0.0,-0.09458469467593478,-4.518331647961307,1.6903596952279956,4.329417024843254,0.24504491030673692,0.12319556492844068,1.4189574639686866
8,288,0.25,7828857282.702197,-3.797224491212472,7.592184430542334,-5.695270598848056,-5.695270598848055,8.881784197001252e-16,0.0875707842926765,-4.568696321590456,1.8672397794151439,4.506297109030402,0.25779942290362234,0.12284846918325934,1.426374223849979
8,289,0.25,5515340664.182632,-3.6596537494564068,7.792184260395885,-5.60769981455538,-5.607699814555378,1.7763568394002505e-15,-0.06739504161763943,-4.516215852200294,1.7268785198050824,4.3659358494203415,0.2525219515888464,0.12241732097037497,1.4108698090309884
8,290,0.25,7221867585.052401,-3.72828336750056,7.787245954689842,-5.675094856173019,-5.67509485617302,8.881784197001252e-16,-0.07898151382247498,-4.595973199533886,1.6774292969412732,4.316486626556531,0.2539664828842005,0.120467496349326,1.3867628841515898
8,291,0.25,9904999632.376451,-3.849269591992879,7.6192271120104635,-5.754076369995494,-5.754076369995495,8.881784197001252e-16,-0.0557827849163095,-4.664201364412238,1.7204426927177627,4.359500022333021,0.26078161239536607,0.11966893039722523,1.3793338902749837
8,292,0.25,12381095869.70108,-3.9669711184533787,7.3715521458336974,-5.809859154911804,-5.809859154911803,8.881784197001252e-16,0.05187957704605051,-4.691210060270659,1.8355390489493195,4.474596378564578,0.2744515744746645,0.11992642883234321,1.3885973381649575
8,293,0.25,10060858253.649017,-3.8400269179646536,7.671810639604395,-5.757979577865753,-5.757979577865752,8.881784197001252e-16,-0.05079169256524274,-4.678286275960325,1.6797158780064536,4.318773207621712,0.2580657500279189,0.11905535129717053,1.3764107459911747
8,294,0.25,12327336115.130644,-3.8937566369724994,7.660058533833985,-5.808771270430996,-5.808771270430996,0.0,-0.021393668302968294,-4.739672809872816,1.6373365126174644,4.276393842232722,0.26716834526874284,0.11781878428903599,1.363162179535023
8,295,0.25,13428696110.411257,-3.911044513075348,7.676481702634465,-5.830164938733964,-5.830164938733964,0.0,-0.0633815918559506,-4.771780784978725,1.5944792854056968,4.233536615020955,0.27185943113844463,0.11622523949280744,1.343081401948964
8,296,0.25,17303698856.99858,-3.9996639900467508,7.575530162172656,-5.893546530589915,-5.893546530589915,0.0,-0.023494636127078472,-4.8372152120548195,1.5862679445251238,4.225325274140383,0.2844378400619452,0.11458554596616151,1.324993387454523
8,297,0.25,19008739173.551113,-4.039851079284025,7.508760349731869,-5.917041166716993,-5.917041166716992,8.881784197001252e-16,-0.08330474693980783,-4.855589273838398,1.606750241899125,4.2458075715143835,0.2898101057184618,0.1138606809322687,1.3125961043217682
8,298,0.25,26525799294.66188,-4.184652211337979,7.262774809275298,-6.000345913656801,-6.000345913656803,1.7763568394002505e-15,0.15851208692450758,-4.903771342213557,1.7472409561577202,4.386298285772979,0.3057701115596976,0.11457166523813259,1.3304261306217033
8,299,0.25,14070346110.167414,-3.9552780970416466,7.546222918762586,-5.841833826732294,-5.841833826732293,8.881784197001252e-16,0.022580114614041413,-4.786488694683301,1.5823231985807067,4.221380528195965,0.28615167913090966,0.11398635614145665,1.3123031909326541
8,300,0.25,12855207877.427166,-3.9155679559593697,7.614743024635532,-5.819253712118252,-5.819253712118252,0.0,0.03425887681977269,-4.778154709914491,1.5253386791997845,4.164396008815044,0.28249518067387147,0.11232732684510831,1.2854587495918566
8,301,0.25,11208960513.100168,-3.8610238545633404,7.695883922940562,-5.7849948352984795,-5.78499483529848,8.881784197001252e-16,-0.009445419885825146,-4.753528298512591,1.4868088175282932,4.125866147143552,0.27707498306355954,0.11182393681010785,1.2783279330800268
8,302,0.25,11640555724.180145,-3.8751400879847013,7.677200668798416,-5.794440255184305,-5.7944402551843055,8.881784197001252e-16,-0.04703222396625506,-4.755717042964802,1.5158355192627515,4.154892848878011,0.28115889287001183,0.11184366608398705,1.2802246663492833
8,303,0.25,14050023658.478725,-3.958762254445188,7.530840898821484,-5.84147247915056,-5.841472479150559,8.881784197001252e-16,0.04404710047225269,-4.7870316953285,1.5787058056729795,4.217763135288239,0.29545156176358994,0.11176151324628172,1.2828281304848095
8,304,0.25,11780382850.842188,-3.867748478412103,7.718707601064816,-5.797425378678307,-5.797425378678307,0.0,-0.0517158518295302,-4.7758168867987445,1.4473766379029915,4.086433967518251,0.2769314443144519,0.10985161625020688,1.2505187524076138
8,305,0.25,14487686548.322279,-3.9577703376383275,7.56548357147804,-5.849141230507837,-5.849141230507838,8.881784197001252e-16,-0.003091377473293022,-4.819777968458171,1.4783957185834062,4.117453048198665,0.28687491554989164,0.10903758287271616,1.242002332373262
8,306,0.25,14667946385.170109,-3.9678796563554757,7.5374118065026146,-5.85223260798113,-5.852232607981129,8.881784197001252e-16,-0.07046724786697123,-4.812739407994772,1.5189154703301744,4.1579727999454335,0.2888658575711329,0.10987991845348143,1.2561569301087927
8,307,0.25,19443903699.216064,-4.116674164952514,7.224102763582349,-5.922699855848101,-5.9226998558481005,8.881784197001252e-16,0.04205000138844994,-4.850844363453443,1.648364639963371,4.287421969578629,0.31203406369210124,0.10939900490913448,1.2569516983772817
8,308,0.25,16433691395.109081,-4.053179633689539,7.309880883080451,-5.8806498544596515,-5.8806498544596515,0.0,-0.051969619334702344,-4.826112083935203,1.5790937524825297,4.218151082097788,0.30188240445666414,0.10865925352222743,1.2410283218024645
8,309,0.25,20230918605.50424,-4.131060105997876,7.206237471185915,-5.932619473794354,-5.932619473794355,8.881784197001252e-16,-0.023163246346840083,-4.847942235857867,1.6996516221306845,4.338708951745944,0.3119412721444601,0.1094959597897744,1.2588646744674057
8,310,0.25,22194955728.396,-4.171317997015285,7.137858892503641,-5.955782720141194,-5.955782720141195,8.881784197001252e-16,0.014745450165666085,-4.870367347904512,1.702604159331471,4.3416614889467295,0.31891147327255953,0.10785412099037242,1.2390519870947028
8,311,0.25,20923715800.59811,-4.147434514210334,7.174411023060768,-5.941037269975528,-5.941037269975526,1.7763568394002505e-15,-0.05888615797466823,-4.869006184933265,1.6490670105537923,4.288124340169051,0.3205718141888853,0.10715541673283804,1.2278363446178358
8,312,0.25,26481010066.705517,-4.2394695299714,7.041815591915184,-5.999923427950196,-5.999923427950196,0.0,-0.02313537251822151,-4.923526303349544,1.6665311687873496,4.305588498402607,0.32201344091755113,0.10688523074559296,1.2270281368045775
8,313,0.25,29048573146.374924,-4.259961357850156,7.052389770473047,-6.023058800468418,-6.023058800468418,0.0,-0.01665927046019977,-4.9298807398365225,1.7336549129123164,4.372712242527576,0.3289542818944396,0.10735409256401751,1.2390140279698454
8,314,0.25,31050237172.870895,-4.284254461349075,7.021854438318166,-6.039718070928617,-6.0397180709286165,8.881784197001252e-16,0.03489213405257363,-4.956318136671736,1.694542407412263,4.333599737027521,0.3276660864355082,0.105670955222125,1.2146405959277806
8,315,0.25,27005428748.63459,-4.225377987571042,7.117791797220011,-6.004825936876044,-6.004825936876045,8.881784197001252e-16,0.02937689052725645,-4.94691727568552,1.5925773151468365,4.231634644762096,0.31921403026515627,0.10434770367573297,1.19060068910281
8,316,0.25,24011439159.68584,-4.2013435477039,7.096421994579558,-5.975449046348787,-5.975449046348789,1.7763568394002505e-15,-0.07870508632711815,-4.920960376209591,1.578897350941532,4.217954680556791,0.32629195701034985,0.1043200917047977,1.1904237072857347
8,317,0.25,32895987628.62301,-4.317285164120339,6.947475874222262,-6.054154132675905,-6.0541541326759045,8.881784197001252e-16,-0.014595042441189143,-4.9766791615118535,1.6708425550409454,4.309899884656204,0.33936887189978576,0.10441116889496926,1.2004471752411077
8,318,0.25,34873626767.429596,-4.259701871614976,7.236189214008474,-6.0687491751170946,-6.0687491751170946,0.0,-0.00808973625528342,-5.025379430898712,1.5344216472582677,4.173478976873526,0.3234681607028878,0.10235333900806447,1.1690645807792148
8,319,0.25,36020557190.31595,-4.236575609111415,7.3610532090438525,-6.076838911372378,-6.076838911372378,0.0,0.043932794321283275,-5.0504341428885295,1.4665617443201382,4.105619073935397,0.31463789727382896,0.10147474836826088,1.1572471885905071
8,320,0.25,30215608579.872757,-4.217405777115007,7.262001359744346,-6.032906117051095,-6.032906117051094,8.881784197001252e-16,0.029651286452175185,-5.002486611617677,1.4826206921184146,4.121678021733674,0.3158266438817312,0.10128834843143918,1.1471386038912772
8,321,0.25,26836247314.96972,-4.166389101914557,7.34746291473745,-6.0032548305989195,-6.0032548305989195,0.0,0.00712646579768883,-4.980437633240621,1.4522114598179328,4.091268789433192,0.3094789046884184,0.10151386050548034,1.1493589493928058
8,322,0.25,26082057407.16594,-4.145727517961773,7.4016033873578335,-5.996128364801231,-5.996128364801232,8.881784197001252e-16,-0.013763105851159807,-4.991377313021587,1.379946877503318,4.019004207118575,0.31645091627119765,0.0988727658412356,1.1143990011517058
8,323,0.25,27558197621.64646,-4.1464720802523,7.453677561600365,-6.0098914706523905,-6.009891470652391,8.881784197001252e-16,-0.10313778067102941,-5.016591608082642,1.334142120663738,3.9731994502789973,0.31263282388883035,0.09750618043959454,1.0962137365629312
8,324,0.25,41631253379.12201,-4.293965746345577,7.276254019911372,-6.11302925132342,-6.11302925132342,0.0,0.02330199673754141,-5.0988166321809345,1.417793146954682,4.056850476569942,0.3169862430025937,0.09770121909779013,1.1062177653242478
8,325,0.25,37926238505.18533,-4.270319757095289,7.277629989962355,-6.0897272545858785,-6.089727254585878,8.881784197001252e-16,-0.009504928096005116,-5.081073253311485,1.3955586754823146,4.034616005097573,0.31994436417057986,0.09708817857639036,1.0962769280934368
8,326,0.25,39395945061.278946,-4.264404194485193,7.33931195278677,-6.099232182681884,-6.099232182681885,1.7763568394002505e-15,-0.0326057090709897,-5.099411831580482,1.3602240747903445,3.9992814044056035,0.3175636233853516,0.09659237926704602,1.0895585521732039
8,327,0.25,44884195078.06836,-4.326622800016763,7.220860366944444,-6.131837891752873,-6.131837891752873,0.0,-0.022874313193710805,-5.127787806830624,1.3771430100737365,4.016200339688995,0.32189244065000494,0.09552114741081334,1.075151504157757
8,328,0.25,49184718853.205444,-4.335926115655997,7.275144357162345,-6.154712204946584,-6.154712204946584,0.0,-0.02083395561319623,-5.151696707147624,1.3730046615805787,4.0120619911958375,0.3239929619174864,0.09469270846613959,1.0666261534785784
8,329,0.25,53459203162.288895,-4.374715333461227,7.20332330839421,-6.17554616055978,-6.1755461605597795,8.881784197001252e-16,-0.050757534619171985,-5.166944749964762,1.3953483127648103,4.03440564238007,0.32908854440127655,0.0940381725110825,1.0585007158055837
8,330,0.25,65493371809.28504,-4.523958264429078,6.809381722999494,-6.226303695178952,-6.226303695178951,8.881784197001252e-16,0.057611603845570514,-5.183336078487821,1.5328131371492622,4.1718704667645214,0.3575057195076474,0.0930071330021225,1.0470483210477697
8,331,0.25,52013459851.59148,-4.4042493402769995,7.057771004225527,-6.168692091333382,-6.168692091333382,0.0,0.012839517883944218,-5.163893031375653,1.3801389102156503,4.019196239830909,0.3369551361357336,0.09257265647622219,1.0355895183989061
8,332,0.25,49409586143.26105,-4.379488162871576,7.1054576423114515,-6.155852573449438,-6.1558525734494385,8.881784197001252e-16,-0.0800786577260384,-5.156046224313778,1.3601680669273766,3.9992253965426348,0.3337812005031069,0.09281498588640831,1.0389770195359365
8,333,0.25,68064724799.53969,-4.4993879848816265,6.946172985175396,-6.235931231175476,-6.235931231175476,0.0,0.02769778121690436,-5.214653650776834,1.446052991979306,4.0851103215945646,0.3397699921911997,0.09316486339667338,1.0490193328966653
8,334,0.25,60926484356.80163,-4.439216199802396,7.076069000624697,-6.208233449958572,-6.20823344995857,1.7763568394002505e-15,-0.031710924504814386,-5.205658797290852,1.3712412810556234,4.0102986106708824,0.3340464758032262,0.09225834332580059,1.036692177083975
8,335,0.25,69166155520.28268,-4.521353645176594,6.874362917147179,-6.239944374463386,-6.23994437446339,3.552713678800501e-15,0.048884287737309684,-5.216015842522199,1.4566567981494902,4.095714127764749,0.35003510597020987,0.0912112029179716,1.0253444712594304
8,336,0.25,56881747634.297615,-4.414983775690026,7.104305244144199,-6.191060086726076,-6.191060086726076,0.0,0.024673502292585248,-5.198240220746394,1.3322221343034701,3.971279463918729,0.33495626026149833,0.09053784440249271,1.0123623124207712
8,337,0.25,51535995268.928856,-4.378045023186115,7.153366244989501,-6.166386584433491,-6.166386584433491,0.0,-0.0031635696019565174,-5.189226846777573,1.2695816210084125,3.9086389506236716,0.33694288189528204,0.08959357134110056,0.9971809759406628
8,338,0.25,52192289810.286255,-4.413194445707238,7.025422833312836,-6.169550154035448,-6.169550154035447,8.881784197001252e-16,-0.10155229449129699,-5.17360049886888,1.344741291051014,3.9837986206662737,0.3500476271731109,0.08978559591762367,1.0005733938733736
8,339,0.25,78346708457.03357,-4.5888715545152206,6.728923576046089,-6.271102448526745,-6.271102448526743,1.7763568394002505e-15,0.010351583756126104,-5.242641457365791,1.474786635028559,4.113843964643818,0.36895940639745556,0.08925384952516534,1.0013823582537762
8,340,0.25,75168903048.18616,-4.540280097504425,6.881883069064765,-6.2607508647706185,-6.260750864770616,2.6645352591003757e-15,-0.13128123074410158,-5.2570305956470085,1.3758237468791783,4.014881076494437,0.36223987827128457,0.08789589729996682,0.980425886929777
8,341,0.25,127085812227.08539,-4.741915696712799,6.600465595207673,-6.39203209551472,-6.392032095514717,2.6645352591003757e-15,-0.053422506758320054,-5.344259416449155,1.552033386646998,4.191090716262257,0.3811220115720877,0.08689557153548239,0.9745534876501786
8,342,0.25,157362580420.65656,-4.811640168549033,6.535257734896026,-6.44545460227304,-6.44545460227304,0.0,0.05663190502841342,-5.396105663692899,1.5583384247053031,4.197395754320562,0.3886865540692058,0.08569104797051764,0.9607272426610497
8,343,0.25,125464763726.78168,-4.706153574494575,6.730676491000207,-6.388822697244627,-6.388822697244627,0.0,-0.009682353352763684,-5.370960630597075,1.4323909369749501,4.071448266590209,0.37755091732273655,0.08525413425581818,0.9535200366216012
8,344,0.25,130419263582.69196,-4.687104339533576,6.845602844255255,-6.39850505059739,-6.3985050505973895,8.881784197001252e-16,0.0838776501199412,-5.399776284713459,1.3558577339204696,3.994915063535729,0.36639704858749866,0.08465841829239662,0.9438347322749597
8,345,0.25,93246242701.17766,-4.56060149317439,7.016103629212235,-6.314627400477449,-6.314627400477449,0.0,-0.12325905033473639,-5.334019599153641,1.2833738756799702,3.922431205295229,0.35546591551289625,0.08443967960086944,0.9388045387843581
8,346,0.25,152670188858.01804,-4.761595713337147,6.705162949900147,-6.437886450812186,-6.437886450812184,1.7763568394002505e-15,-0.025854909594612785,-5.423535796696001,1.4183452868494804,4.057402616464739,0.3780453773950367,0.0838421528019461,0.9366787683577191
8,347,0.25,169304624584.36966,-4.783032845841148,6.722834058262605,-6.463741360406798,-6.463741360406799,8.881784197001252e-16,0.02753501830623506,-5.449665661327287,1.417245466702788,4.056302796318047,0.37976907036413,0.08332335566404127,0.9311299181399909
8,348,0.25,151647618707.4641,-4.740739313078261,6.781868116089219,-6.436206342100563,-6.436206342100565,1.7763568394002505e-15,-0.012491337076965259,-5.442468570902113,1.335893755178546,3.974951084793805,0.3862137448645493,0.08288334351253658,0.9267966615380878
8,349,0.25,159417234208.77734,-4.747790686061281,6.803627972465002,-6.448697679177529,-6.448697679177531,2.6645352591003757e-15,-0.03602650153372533,-5.458492912694465,1.3217617363169984,3.960819065932257,0.38511554960095606,0.08283420454141496,0.9266962269874144
8,350,0.25,184127948070.29962,-4.7782389827986655,6.825940791650358,-6.484724180711254,-6.484724180711255,8.881784197001252e-16,-0.013902523651334597,-5.487081164343019,1.3515147358576773,3.9905720654729357,0.3789636346065753,0.0831739340092453,0.9341992531519863
8,351,0.25,194657378629.84958,-4.782375844663094,6.865003438797971,-6.4986267043625885,-6.498626704362587,1.7763568394002505e-15,0.024197570439013383,-5.518228387998043,1.2825359358429227,3.921593265458181,0.37383711676854725,0.08256257722264376,0.9250415596406766
8,352,0.25,176699526342.54428,-4.7424062925959625,6.928091365310449,-6.474429133923575,-6.474429133923575,0.0,0.0017320833513903011,-5.507569696110721,1.2283804216361582,3.8674377512514178,0.3743111842540162,0.08128920390182495,0.9063615242343143
8,353,0.25,175479524282.14148,-4.75170477116547,6.883969117626861,-6.472697050572185,-6.472697050572186,8.881784197001252e-16,-0.019482703431832782,-5.498371767753492,1.2582438016595099,3.897301131274768,0.37812680701693246,0.08094651682549531,0.903090219743793
8,354,0.25,189701764622.02,-4.78712546297368,6.820217164121353,-6.492179754004018,-6.4921797540040185,8.881784197001252e-16,-0.033566465876162965,-5.493063065838668,1.357409423046137,3.996466752661395,0.37717820672750674,0.08184093093469837,0.9178058025444138
8,355,0.25,216961309969.8764,-4.842252475188987,6.733974978764778,-6.5257462198801806,-6.525746219880181,8.881784197001252e-16,-0.014375986090727544,-5.530914581065007,1.3402692256454274,3.9793265552606867,0.3860161207464563,0.08106598610812416,0.9079322102293188
8,356,0.25,229803130247.205,-4.87178599156609,6.673344857619265,-6.540122205970908,-6.540122205970906,1.7763568394002505e-15,-0.016297497695930474,-5.5388954696004875,1.3658496158664273,4.004906945481687,0.39332583739400007,0.08039163689989316,0.8995545898478353
8,357,0.25,245283081373.25525,-4.875676243992202,6.722973838698543,-6.556419703666839,-6.556419703666838,8.881784197001252e-16,0.002786557193458883,-5.5688126941828955,1.311370708320513,3.9504280379357715,0.3914579265769764,0.07965107394161929,0.8893100673862475
8,358,0.25,242564280371.133,-4.867437118465988,6.74478411202956,-6.55363314647338,-6.553633146473378,1.7763568394002505e-15,-0.006886310397344886,-5.570462306865935,1.2936260288145225,3.9326833584297813,0.3919933362355944,0.07926483782319882,0.8851231570793843
8,359,0.25,249338644496.60986,-4.883935895344487,6.706334246104948,-6.560519456870725,-6.560519456870724,8.881784197001252e-16,-0.02014660788768108,-5.572408886019825,1.313384953788338,3.9524422834035966,0.3992283793162625,0.07891813050646813,0.8813388995863359
8,360,0.25,270263773795.71484,-4.896577352286932,6.736354849885897,-6.580666064758406,-6.580666064758406,0.0,-0.075487705672586,-5.594482673187178,1.3056762366696513,3.94473356628491,0.3976298289332344,0.07815909561244633,0.8729333373660273
8,361,0.25,365530325180.268,-5.057500857517321,6.394611651654684,-6.656153770430992,-6.6561537704309925,8.881784197001252e-16,-0.00432009604377992,-5.64599825674766,1.4015647251180725,4.040622054733332,0.4227043806696572,0.07736817256624663,0.8641434823631287
8,362,0.25,371901721165.23517,-5.047177774711863,6.453184367051622,-6.660473866474772,-6.660473866474769,2.6645352591003757e-15,-0.06859251121764842,-5.650378891821812,1.4013225689965787,4.040379898611837,0.40976183514652526,0.07729250763516751,0.8651595938591793
8,363,0.25,489311682435.40485,-5.207232323785589,6.087336215627319,-6.72906637769242,-6.729066377692419,8.881784197001252e-16,-0.02961143005381217,-5.675598815243516,1.5748129201803533,4.213870249795613,0.4371492134670474,0.0769765222052314,0.8639710438701893
8,364,0.25,550840555345.927,-5.239818908718904,6.075435596109308,-6.758677807746232,-6.758677807746231,8.881784197001252e-16,-0.108089941140733,-5.6964601726417,1.6098132108028729,4.248870540418132,0.4401131567913468,0.07679138613045296,0.8636111889156238
8,365,0.25,848784357864.9941,-5.40920660111396,5.83024459109203,-6.866767748886965,-6.866767748886967,1.7763568394002505e-15,-0.0360057764420354,-5.76050594397375,1.7859898900376023,4.425047219652861,0.45156055099443315,0.07713217411172044,0.8719012854006287
8,366,0.25,980270216097.4666,-5.471378635619031,5.725579558839875,-6.902773525329001,-6.902773525329,8.881784197001252e-16,-0.029502953998946424,-5.762432153789949,1.9223081565409497,4.561365486156208,0.45672481172789964,0.07756147027086889,0.8800354185517134
8,367,0.25,1103056321844.3135,-5.558838034896921,5.4937537777241126,-6.932276479327947,-6.932276479327949,1.7763568394002505e-15,-0.0006613016736256583,-5.772319782988952,2.0007694557407154,4.639826785355974,0.47528974180480044,0.07714294493056113,0.8746429087987575
8,368,0.25,1105977996324.108,-5.544711695578149,5.552904341693715,-6.932937781001573,-6.932937781001578,5.329070518200751e-15,0.06823313503673134,-5.778167837907879,1.9800224427595197,4.619079772374779,0.47292328921623394,0.07672183390039156,0.8694332235876036
8,369,0.25,841808662651.8566,-5.449692576643215,5.66004827728652,-6.864704645964841,-6.864704645964845,3.552713678800501e-15,-0.010094373182100824,-5.7541787817073695,1.8030461274146263,4.442103457029885,0.4636274075398287,0.07585722187563004,0.8543803954316349
8,370,0.25,876494333691.2949,-5.437175887871467,5.750492525101902,-6.874799019146942,-6.874799019146942,0.0,0.05495491363908567,-5.791235864636602,1.695195288426105,4.334252618041363,0.45894536574608036,0.07488190059844879,0.8421759133725555
8,371,0.25,703530046092.8644,-5.273457635679991,6.185545879311458,-6.8198441055078565,-6.819844105507856,8.881784197001252e-16,-0.02210110555950706,-5.789587767611119,1.481968021971689,4.121025351586948,0.4380046200230746,0.07400664038797028,0.8271479354578382
8,372,0.25,768557212608.2166,-5.303186014704172,6.155036785452761,-6.8419452110673635,-6.841945211067363,8.881784197001252e-16,-0.017870274975269496,-5.812365272241246,1.479262425689209,4.118319755304468,0.4468527108636529,0.07324646571816956,0.8181806642369898
8,373,0.25,825505649629.0122,-5.324557419635138,6.1410322656299865,-6.859815486042633,-6.859815486042635,1.7763568394002505e-15,-0.04917657167903133,-5.830081908103705,1.479876982140458,4.118934311755717,0.44946765875066813,0.07299266131129183,0.8164512143616364
8,374,0.25,1004959372135.5316,-5.394603532736982,6.057554099938732,-6.908992057721664,-6.908992057721664,0.0,0.009729369300566226,-5.872578542283362,1.5065967321379503,4.145654061753208,0.4486663924872554,0.07263040273252117,0.8129865710519321
8,375,0.25,966600152072.2896,-5.382592240965745,6.066681789821418,-6.899262688421098,-6.8992626884211,1.7763568394002505e-15,0.07237752233984285,-5.868455803305217,1.4841702108482668,4.1232275404635255,0.44934759070013297,0.07214886352634196,0.8063773020364172
8,376,0.25,723626103514.0898,-5.2510919671602645,6.303172795683961,-6.826885166081255,-6.826885166081254,8.881784197001252e-16,-0.03597615524717224,-5.840562905597422,1.3062317123200715,3.94528904193533,0.44701736983371027,0.0710293291097326,0.7888959494597322
8,377,0.25,835624582614.6857,-5.369745703000025,5.972462473313612,-6.8628613213284275,-6.862861321328428,8.881784197001252e-16,0.031346889275090106,-5.8181636956399245,1.5397331731387496,4.178790502754008,0.4671171653902763,0.07237201190830703,0.8096328059278461
8,378,0.25,737150362656.5917,-5.325760855880086,6.023014304693002,-6.831514432053337,-6.8315144320533365,8.881784197001252e-16,0.09483542637589526,-5.809840018943966,1.4476403228222285,4.086697652437486,0.46846642521340653,0.07141818151952214,0.796703374389043
8,379,0.25,504440647033.3374,-5.198624981397838,6.152216097118419,-6.736679005677442,-6.736679005677443,8.881784197001252e-16,-0.052212457624125186,-5.714957378809635,1.4478291778559689,4.0868865074712275,0.4553613220627241,0.0723214007270763,0.8058852422674034
8,380,0.25,621601999818.7285,-5.287767095518657,6.004497471131651,-6.788891463301567,-6.788891463301569,1.7763568394002505e-15,0.0012244296032566382,-5.767986446233307,1.4445627386577804,4.0836200682730395,0.4665346944834166,0.07102890135084913,0.7892378322299124
8,381,0.25,618565011486.3271,-5.228096089204669,6.2382837779745595,-6.787667033698311,-6.787667033698309,1.7763568394002505e-15,0.01817974217244611,-5.789867860907138,1.3521393615494373,3.9911966911646966,0.4453944757075671,0.06995576873340137,0.7739553610413734
8,382,0.25,575180169027.7816,-5.212348395771613,6.228555583017004,-6.769487291525865,-6.769487291525865,0.0,0.01917880740981648,-5.77431716576637,1.3416231734227193,3.9806805030379775,0.44611286279075724,0.06995135412426508,0.7749509068425847
8,383,0.25,532705159541.351,-5.138518758588611,6.447158902109748,-6.750308484116048,-6.750308484116048,0.0,-0.06148818192983718,-5.789924061963073,1.2024803589966477,3.8415376886119055,0.4256836141454429,0.06918180392656435,0.7618108458029444
8,384,0.25,681244196632.8732,-5.228030483165659,6.335064731520903,-6.811796666045885,-6.811796666045884,8.881784197001252e-16,-0.06769466651276002,-5.836873553194309,1.2606351217910483,3.8996924514063065,0.4407055010405493,0.06868652991638081,0.7570555276721737
8,385,0.25,893100836476.3604,-5.331630645756267,6.191442747209513,-6.879491332558645,-6.879491332558645,0.0,-0.01091092940858207,-5.872683314976607,1.3881747407128915,4.02723207032815,0.44969530685532055,0.06913829669014038,0.7661413226214487
8,386,0.25,932942165192.7268,-5.330487407556337,6.239659417643564,-6.890402261967227,-6.890402261967228,8.881784197001252e-16,0.021981751326470622,-5.894807862544537,1.343320268075509,3.982377597690767,0.4447910026794877,0.06862559116840312,0.7594307127370137
8,387,0.25,854414300563.3665,-5.299560740778323,6.275439079449745,-6.868420510640757,-6.8684205106407585,1.7763568394002505e-15,0.05675427770075814,-5.8834101142227455,1.3009842560567912,3.9400415856720494,0.4411483766865487,0.06835009636668374,0.7547525126864075
8,388,0.25,680888862149.9575,-5.206209546791718,6.421826744593134,-6.811666232939999,-6.811666232940001,2.6645352591003757e-15,-0.07046369637482286,-5.864101622710299,1.1512011113035416,3.7902584409188003,0.4340027639164369,0.06730586043239466,0.7381110359843469
8,389,0.25,902576887345.4922,-5.313868040933744,6.273047553524309,-6.8821299293148215,-6.8821299293148215,0.0,0.013142361844650452,-5.912405782660015,1.23983925700397,3.8788965866192293,0.44905476952583506,0.0666573085416787,0.7324945962557603
8,390,0.25,856354506002.1508,-5.313427480972278,6.222240345991572,-6.868987567470171,-6.868987567470171,0.0,-0.030482508573292932,-5.891941280190656,1.2691278195028077,3.9081851491180677,0.44879132722386395,0.06718364725371995,0.7381380601435418
8,391,0.25,967402328378.4274,-5.353518551865674,6.183806096711168,-6.899470076043464,-6.899470076043466,1.7763568394002505e-15,0.09239048992557652,-5.913299226285099,1.3056260694181965,3.944683399033455,0.4479961711229276,0.06720879336406388,0.7402514968067978
8,392,0.25,668510770278.9889,-5.215379871274439,6.366798859373798,-6.807079586117887,-6.807079586117888,8.881784197001252e-16,-0.0007411787969662242,-5.861145957450105,1.1446771850558772,3.7837345146711354,0.44379530560456865,0.06661830684537272,0.7285813970406346
8,393,0.25,670495655168.2229,-5.209218800686489,6.394407856913457,-6.807820764914854,-6.807820764914853,8.881784197001252e-16,0.01838265555704055,-5.868714353773287,1.1173683149510028,3.7564256445662605,0.438859240823292,0.06658122656096399,0.7287152398226647
8,394,0.25,622962672015.7998,-5.1922468155594,6.388765175193647,-6.789438109357813,-6.789438109357812,8.881784197001252e-16,-0.03309041208605823,-5.845619243192281,1.1362181350468792,3.775275464662138,0.44639084937873613,0.0668203753462576,0.7336416617208822
8,395,0.25,711125018317.3445,-5.247138841922956,6.301558718083659,-6.822528521443871,-6.8225285214438705,8.881784197001252e-16,0.00029147289867470505,-5.868940856216364,1.1752933312947673,3.814350660910026,0.4492036002260298,0.06632831229401685,0.7293499587342799
8,396,0.25,710296406765.1921,-5.240121561444095,6.328461948404412,-6.822237048545197,-6.8222370485451975,8.881784197001252e-16,-0.04392296809843188,-5.871144490013063,1.1653129045132815,3.80437023412854,0.45124259741612477,0.06581859425123951,0.7221727070220443
8,397,0.25,846723529256.1829,-5.309019139249825,6.228563509575219,-6.8661600166436285,-6.866160016643629,8.881784197001252e-16,-0.056531123464599986,-5.898472641962761,1.2316921691082092,3.8707494987234687,0.45981702780139067,0.06578527056393436,0.7224419739602344
8,398,0.25,1061564161486.3143,-5.392746889350558,6.119777003030687,-6.9226911401082285,-6.92269114010823,1.7763568394002505e-15,0.0025085582944655016,-5.941083876576654,1.2873717245110414,3.926429054126299,0.46768662645994163,0.06553667079168787,0.7218595397472303
8,399,0.25,1050965443090.8342,-5.355301584392048,6.259523989686864,-6.920182581813763,-6.920182581813764,8.881784197001252e-16,0.04035789382100141,-5.965516378804826,1.1796074824204899,3.818664812035748,0.46739166101311985,0.0642197380569891,0.7052852074974095
8,400,0.25,894292510870.2755,-5.296909015352912,6.331662690559396,-6.879824687992762,-6.879824687992761,8.881784197001252e-16,0.05261009074487255,-5.944635971279541,1.1016975372376197,3.7407548668528787,0.46642939914643394,0.06379643527379625,0.6981666369748911
8,401,0.25,724580272007.6515,-5.211855315152872,6.461437128380066,-6.827214597247889,-6.827214597247888,8.881784197001252e-16,-0.0054422941037461925,-5.908345910475226,1.0364174174753966,3.6754747470906546,0.4633945015785791,0.06400560675464011,0.6979527902836195
8,402,0.25,740526728646.4407,-5.240237068627537,6.369679290896389,-6.832656891351635,-6.832656891351634,8.881784197001252e-16,0.002277415057616139,-5.904659498070521,1.0729322435091968,3.711989573124456,0.4732405837358491,0.06390908352508085,0.6958040527661397
8,403,0.25,733811415307.9556,-5.239999904296097,6.361518287991684,-6.830379476294019,-6.830379476294018,8.881784197001252e-16,-0.019526509295642924,-5.905161449699903,1.0618147767612,3.7008721063764582,0.46667463038280266,0.06391910440485017,0.6941344767724571
8,404,0.25,793424276294.6083,-5.263616791013985,6.34515677830271,-6.849905985589662,-6.849905985589662,0.0,-0.009151794757650933,-5.927376859690225,1.0510591739824888,3.6901165035977472,0.4666139134500168,0.06365602080498088,0.6912039320563775
8,405,0.25,823007475973.1848,-5.2774162337773,6.326566186280049,-6.859057780347313,-6.859057780347312,8.881784197001252e-16,-0.018133631782827564,-5.936288009876223,1.052021752269103,3.6910790818843617,0.4661443336643621,0.0635977091463851,0.6913065114373536
8,406,0.25,884922270824.7668,-5.323914322112783,6.213108360069437,-6.8771914121301405,-6.877191412130142,1.7763568394002505e-15,-0.013342625877429626,-5.927717162688519,1.158839668151227,3.7978969977664856,0.46159367061226064,0.06468992532856321,0.7074952239179915
8,407,0.25,933434052516.8567,-5.356939701215931,6.134377347166549,-6.89053403800757,-6.890534038007568,1.7763568394002505e-15,-0.04394438754965613,-5.929955919811115,1.203255143170564,3.842312472785823,0.4656067861514457,0.06527183470902448,0.7142986855456152
8,408,0.25,1112814716513.7158,-5.411088230543201,6.0935607800560945,-6.934478425557226,-6.9344784255572245,1.7763568394002505e-15,0.023829024536931698,-5.980487311419499,1.1769071269356493,3.8159644565509074,0.47195782074574966,0.06399822418122522,0.6998901966382861
8,409,0.25,1011643755012.3344,-5.374249111648984,6.145601157485245,-6.910649401020295,-6.9106494010202955,8.881784197001252e-16,0.049214487683285846,-5.967800277507554,1.1323391644357044,3.7713964940509634,0.47898857911600123,0.06326578600962614,0.6879652412605254
8,410,0.25,830870392013.1619,-5.290947128438068,6.28195113959577,-6.861434913337009,-6.8614349133370105,1.7763568394002505e-15,0.025284249955639382,-5.945791965054513,1.0235144635147229,3.6625717931299815,0.47311444906670913,0.06245308646385381,0.676052374441948
8,411,0.25,750948306555.1978,-5.235314521844623,6.403344566146985,-6.836150663381369,-6.836150663381369,0.0,-0.03168118031109124,-5.937034653206161,0.9574067110855771,3.596464040700836,0.46611989296909784,0.06224114102231474,0.6714844051076853
8,412,0.25,852404805502.9075,-5.288171096736293,6.318642987824676,-6.867831843692461,-6.867831843692462,1.7763568394002505e-15,-0.037854936953917395,-5.957310073223285,1.003029752261442,3.6420870818767006,0.46496759145432554,0.06187095941526082,0.6689077022528885
8,413,0.25,991760141929.999,-5.325654272649679,6.320130031986793,-6.905686780646378,-6.905686780646377,8.881784197001252e-16,-0.015148382852672171,-5.99886973336229,0.9882108595210918,3.627268189136351,0.46058199846415043,0.06111541160095617,0.6610903943512979
8,414,0.25,1053712389945.6115,-5.365372756472113,6.22184962810774,-6.92083516349905,-6.920835163499048,1.7763568394002505e-15,-0.02423427462641481,-6.004286351206653,1.0271379195543309,3.66619524916959,0.4702266859229466,0.060720270011945285,0.6573806977192798
8,415,0.25,1160970898573.3574,-5.407813064133315,6.149025495968611,-6.945069438125465,-6.945069438125468,2.6645352591003757e-15,0.035425150315497866,-6.013700781118672,1.0864172984119118,3.7254746280271713,0.47228792663619107,0.06063756802479201,0.6574567328184828
8,416,0.25,1007584654182.4562,-5.36676962415,6.171498654639866,-6.909644287809967,-6.909644287809966,8.881784197001252e-16,-0.02715472677301367,-5.9758587701287285,1.0960847411096952,3.7351420707249536,0.4785160184164246,0.06083072197036452,0.6605776462377095
8,417,0.25,1123192348915.6663,-5.40874888935106,6.112200500927692,-6.936799014582981,-6.9367990145829825,1.7763568394002505e-15,-0.059126042763604225,-5.994906226127564,1.128513824206403,3.767571153821661,0.4783567765761672,0.0608461996689855,0.6619658037321737
8,418,0.25,1422874488895.6353,-5.484413830322567,6.046044908096064,-6.995925057346585,-6.995925057346583,1.7763568394002505e-15,-0.06824896333097552,-6.047500392886467,1.1546413282252106,3.7936986578404697,0.4797020102718383,0.06009925267392915,0.6526371719724305
8,419,0.25,1869507387057.1821,-5.5842041178046395,5.919879611491693,-7.0641740206775605,-7.064174020677562,1.7763568394002505e-15,-0.029196651837788856,-6.087947922290531,1.2658470639328616,3.90490439354812,0.47569348218533447,0.059995902138416844,0.6546085667464235
8,420,0.25,2101101170355.0098,-5.614932266274786,5.913753624962252,-7.093370672515349,-7.0933706725153485,8.881784197001252e-16,-0.026287196842693206,-6.12949146915369,1.2164594838313778,3.8555168134466373,0.4819716601687554,0.05876596167788917,0.6400137821042619
8,421,0.25,2334062616549.953,-5.674568537072077,5.7803573291438575,-7.119657869358043,-7.119657869358042,8.881784197001252e-16,0.03782168968622024,-6.139215821647305,1.2827108612276903,3.921768190842949,0.49178653769189407,0.05870518241451484,0.6400634830622922
8,422,0.25,2006362944747.0679,-5.636545311402642,5.781163473076716,-7.081836179671822,-7.081836179671821,8.881784197001252e-16,-0.02518149962643612,-6.105837019308195,1.264939311839252,3.903996641454511,0.49468258449116176,0.05897085800880178,0.642845707110651
8,423,0.25,2218984372334.857,-5.659354759536672,5.790651679046348,-7.1070176792982585,-7.107017679298259,8.881784197001252e-16,0.008763349655828812,-6.133364747370659,1.2555543980951338,3.894611727710393,0.4929718568724651,0.058552745790845455,0.6381260465742981
8,424,0.25,2142548916300.2178,-5.698365910863415,5.599553675116053,-7.09825432964243,-7.098254329642428,1.7763568394002505e-15,-0.005727688028989597,-6.097473891502943,1.3640644229426828,4.003121752557942,0.5022563366167133,0.059068718013060025,0.6453693635389143
8,425,0.25,2192202957186.9414,-5.649742878768193,5.816956555612908,-7.103982017671419,-7.10398201767142,8.881784197001252e-16,-0.009049397476797338,-6.140104095309349,1.2164543598330226,3.855511689448281,0.48968012905716707,0.05760980434337924,0.6276405074129482
8,426,0.25,2273009091549.747,-5.63525281424854,5.911114403598708,-7.113031415148217,-7.1130314151482175,8.881784197001252e-16,-0.1382544751581829,-6.169659711448568,1.1344294851833367,3.773486814798596,0.4906139391364529,0.05693537824524791,0.6181965426016092
8,427,0.25,3951607449203.2217,-5.84567344465029,5.622449782624434,-7.2512858903063995,-7.251285890306399,8.881784197001252e-16,0.02920913617854115,-6.250861366305553,1.3626407663881288,4.001698096003388,0.5009326492752123,0.05689905566404298,0.6222557834294863
8,428,0.25,3515866115941.124,-5.747625925407341,5.897803314882067,-7.222076754127858,-7.222076754127858,0.0,0.028252955219492115,-6.283696988840977,1.114461731532262,3.7535190611475207,0.4979545073419485,0.055657070403178376,0.6034970771389088
8,429,0.25,3140161022652.693,-5.706872108569293,5.947806761356291,-7.193823798908366,-7.193823798908365,8.881784197001252e-16,0.030162457999503012,-6.268289367278352,1.0630803969047935,3.7021377265200526,0.4945351355175724,0.05553950676593732,0.6009744086842242
8,430,0.25,2783263743945.7217,-5.646224040366901,6.0697492021678485,-7.163661340908863,-7.163661340908863,0.0,0.020586988739137446,-6.254526226207538,0.9974831291900433,3.6365404588053023,0.4940738878379838,0.05525396688529381,0.5976050188963552
8,431,0.25,2563250789948.3833,-5.613480940803634,6.118373645464365,-7.143074352169726,-7.143074352169725,8.881784197001252e-16,-0.03669678659768927,-6.2411074787313465,0.9688101641382622,3.607867493753521,0.4933176051860823,0.05538721315131791,0.5991401517769376
8,432,0.25,2968519783374.4893,-5.683706513511674,5.9842585010229685,-7.179771138767415,-7.179771138767416,8.881784197001252e-16,0.010870966492188217,-6.261460940318979,1.0341834641784866,3.6732407937937452,0.504410322912111,0.05488460184665384,0.5945164282264953
8,433,0.25,2842203333893.2744,-5.66306732362076,6.023331394617866,-7.168900172275227,-7.168900172275227,0.0,-0.008904579325231587,-6.263389568328215,0.9829850861727871,3.6220424157880458,0.5011262906603703,0.05441517346877029,0.5883688140013518
8,434,0.25,2945262332757.1265,-5.672096209985457,6.022834166460009,-7.177804751600458,-7.177804751600459,8.881784197001252e-16,-0.03778051089426082,-6.272857002158022,0.9807336681544828,3.6197909977697416,0.4996273094115336,0.054295138583081784,0.5867815446393639
8,435,0.25,3425748315237.6455,-5.72208035584324,5.974019626605917,-7.215585262494719,-7.215585262494719,0.0,0.011601622243129661,-6.30721173040787,0.9944367987321393,3.6334941283473983,0.5013658447395442,0.053940930035468675,0.5833528570471814
8,436,0.25,3270403739673.846,-5.706538277789116,5.9897814498498985,-7.2039836402515895,-7.203983640251591,1.7763568394002505e-15,-0.02313265265599984,-6.300456796141611,0.9750500468246521,3.6141073764399105,0.5016145895080686,0.05374535314780153,0.5800297192040038
8,437,0.25,3587458652923.424,-5.739595377500193,5.950083661629581,-7.227116292907589,-7.2271162929075885,8.881784197001252e-16,-0.017901171589721265,-6.318481067236369,0.9954835730696227,3.634540902684882,0.5031633834284349,0.053733178663426674,0.5804814490980487
8,438,0.25,3853757868758.459,-5.7801594486279395,5.8594320634774775,-7.245017464497311,-7.245017464497309,1.7763568394002505e-15,-0.08025024388177737,-6.328351575541225,1.0276062262090815,3.6666635558243406,0.5120510610683378,0.05353665114305023,0.5776603472047795
8,439,0.25,5312431911915.569,-5.890317758560099,5.739799799275962,-7.325267708379088,-7.325267708379089,8.881784197001252e-16,-0.013628712137815135,-6.402482125031375,1.0520850037755987,3.691142333390858,0.5246027900520672,0.052857853702721426,0.5715492296368971
8,440,0.25,5610077679988.828,-5.89673157376008,5.768659387027283,-7.338896420516903,-7.338896420516901,1.7763568394002505e-15,-0.0330281108846977,-6.420675806418774,1.0338251267772567,3.672882456392515,0.5241317150296007,0.052538735806997514,0.5683087162957993
8,441,0.25,6402426183354.401,-5.90976384692595,5.848642737902624,-7.371924531401601,-7.371924531401605,4.440892098500626e-15,0.023444880165585325,-6.4606358061989395,1.0060975711953823,3.6451549008106414,0.5154727166244863,0.052228764749844545,0.5654021078075872
8,442,0.25,5829303290480.818,-5.87486635881589,5.894453169680497,-7.3484796512360155,-7.348479651236014,1.7763568394002505e-15,-0.07991583808142533,-6.444623873883453,0.9763657797949882,3.615423109410247,0.5136185645103247,0.05244541548397275,0.5676541791613562
8,443,0.25,8024993357911.973,-5.980408484777973,5.791948018157883,-7.428395489317441,-7.4283954893174435,2.6645352591003757e-15,-0.0880571636105314,-6.514508245374897,1.0164916461549178,3.6555489757701767,0.5210608885294008,0.05223828325751568,0.566450306458292
8,444,0.25,11413415888302.453,-6.133927497820972,5.530100620427996,-7.516452652927972,-7.5164526529279705,1.7763568394002505e-15,-0.06152634964753556,-6.559435313289034,1.189012028940496,3.8280693585557546,0.5348190089891643,0.05221857325163315,0.5690931120358058
8,445,0.25,14598151255683.95,-6.189641292046319,5.553350842116761,-7.577979002575508,-7.577979002575509,8.881784197001252e-16,0.002053761323725034,-6.623870921676629,1.1773749939802474,3.8164323235955058,0.5450358707317589,0.05081201970681447,0.5532976787096221
8,446,0.25,14478718028264.607,-6.193602368613563,5.529291490552879,-7.575925241251783,-7.575925241251783,0.0,-0.0492385184314017,-6.6186863686733375,1.1898981606985213,3.8289554903137812,0.5489424535136647,0.05064349822786902,0.5510220750206659
8,447,0.25,17630562871318.62,-6.278331545480231,5.387328856811806,-7.6251637596831845,-7.625163759683183,1.7763568394002505e-15,0.032415199159342656,-6.6426109989438755,1.2911537133419742,3.9302110429572323,0.5601356013336278,0.05051027044206554,0.5499940882065689
8,448,0.25,15486568907278.312,-6.228617807260152,5.456523013054746,-7.592748560523842,-7.592748560523838,3.552713678800501e-15,0.04301868493191918,-6.617003154845472,1.2639242930982177,3.902981622713477,0.5525437530274183,0.0505602968684153,0.550889802380273
8,449,0.25,13038393961335.848,-6.160712700948101,5.5560686985752925,-7.549729875591923,-7.5497298755919235,8.881784197001252e-16,0.03228696906781181,-6.605739931189553,1.1369024479942182,3.775959777609476,0.5424070417065764,0.05023457900002669,0.5442088477211319
8,450,0.25,11458714247312.492,-6.120637370724951,5.587222143196635,-7.517442906524111,-7.517442906524109,1.7763568394002505e-15,0.014834068110035403,-6.587447634824665,1.0809237571825239,3.7199810867977834,0.5368536682792144,0.050168620045193825,0.5419269211550485
8,451,0.25,10798575612791.691,-6.089599485354646,5.652037412237721,-7.502608838414075,-7.502608838414076,8.881784197001252e-16,0.0182900700940678,-6.5866358669254685,1.0248345563391665,3.6638918859544245,0.5346046567745419,0.050244128443652177,0.5429060597402691
8,452,0.25,10036756028786.582,-6.049526560639028,5.739168830723923,-7.484318768320008,-7.4843187683200085,8.881784197001252e-16,0.0029638304250978464,-6.576033096023003,0.9940853595727626,3.6331426891880207,0.5296051770312776,0.049792154758466246,0.5377186344301023
8,453,0.25,9918469604456.812,-6.058225343498966,5.692518377583768,-7.48135493789491,-7.481354937894908,1.7763568394002505e-15,-0.02087159695586127,-6.56786558884342,1.0149000665907022,3.6539573962059606,0.5354543501318356,0.04958446586479099,0.5353074361062369
8,454,0.25,10782074896830.773,-6.069663081947733,5.730253811612156,-7.502226534850771,-7.502226534850772,8.881784197001252e-16,-0.03236981466800337,-6.587263453611263,1.0207949953427724,3.659852324958032,0.5322189995830579,0.04975948620674513,0.5393033998044375
8,455,0.25,12272540440365.44,-6.125798791119929,5.635190233595387,-7.534596349518774,-7.534596349518776,1.7763568394002505e-15,-0.058039323504607054,-6.602321141078693,1.0900435041450678,3.7291008337603273,0.5301362957683027,0.05032769548322145,0.5484551597782904
8,456,0.25,15479577525657.68,-6.203304674233836,5.557323995158198,-7.5926356730233815,-7.592635673023386,4.440892098500626e-15,-0.11094609181330561,-6.645713113946721,1.1486329066913803,3.787690236306639,0.5385054064427699,0.049962656259600356,0.5458465148568761
8,457,0.25,24126382310259.97,-6.3958692090774525,5.230850223036942,-7.703581764836687,-7.703581764836688,8.881784197001252e-16,0.04500570996622422,-6.702505322019492,1.3652484416535196,4.004305771268778,0.5664145763801322,0.050312797771690454,0.5528984875262289
8,458,0.25,20151588188072.13,-6.30239198909166,5.424736263115208,-7.658576054870463,-7.658576054870462,8.881784197001252e-16,0.004483210902342272,-6.695638504085515,1.2126928735245308,3.85175020313979,0.5539017225701918,0.04995562689254284,0.5473841417620691
8,459,0.25,19793433869400.16,-6.306864017231906,5.3889153069448685,-7.654092843968121,-7.654092843968122,1.7763568394002505e-15,0.006257593050008836,-6.692724988385382,1.2064140927156983,3.845471422330957,0.5663195785968403,0.04897705702283255,0.5341830452685362
8,460,0.25,19304145927617.812,-6.310384460118147,5.349803163199839,-7.647835250918112,-7.6478352509181065,5.329070518200751e-15,0.001449419266190688,-6.681005434000049,1.2282619380569932,3.867319267672253,0.5717379809554941,0.04912582291727885,0.5364044099874066
8,461,0.25,19192550533136.33,-6.302379044113366,5.376027150154223,-7.646385831651921,-7.646385831651921,0.0,-0.001923019013436722,-6.680183429045271,1.2257522808113472,3.8648096104266068,0.5692071034551038,0.049247972448680996,0.5375968229687351
8,462,0.25,19340750342882.918,-6.287422050376228,5.4435472011565125,-7.648308850665358,-7.648308850665356,1.7763568394002505e-15,0.038530060397681254,-6.6947347500730965,1.1752390727537814,3.8142964023690396,0.5631412167383542,0.048519531358051385,0.5286389075930822
8,463,0.25,16578290614436.684,-6.217190723848208,5.570352265677885,-7.609778790267677,-7.609778790267679,2.6645352591003757e-15,-0.06415162611457426,-6.680194414009855,1.079280175416031,3.71833750503129,0.5525421757379668,0.04799534234364679,0.520627049049568
8,464,0.25,21428044389899.53,-6.294864217475659,5.516264795626356,-7.673930416382251,-7.673930416382248,2.6645352591003757e-15,-0.011456837385534158,-6.728041221401294,1.1444994503085628,3.7835567799238214,0.5524682334226627,0.047524289384309706,0.5164268728349036
8,465,0.25,22432883575531.652,-6.303883390172301,5.52601545438193,-7.685387253767785,-7.685387253767783,1.7763568394002505e-15,-0.019337317155377676,-6.745146722254939,1.1219047964361217,3.7609621260513797,0.5524887374145574,0.04731899340077751,0.5140015218424892
8,466,0.25,24236921874541.812,-6.345811880889296,5.435650760135466,-7.704724570923163,-7.704724570923163,0.0,0.022126160205576006,-6.75971110769308,1.1409965233050714,3.78005385292033,0.5635229294573902,0.0472145345240315,0.5123584360862975
8,467,0.25,22184027034067.184,-6.330341338316855,5.409028289602917,-7.682598410717587,-7.682598410717585,1.7763568394002505e-15,-0.017446759371483544,-6.752679961242352,1.0806164682856747,3.7196737979009336,0.572173893834083,0.04650863783839224,0.5033001694952904
8,468,0.25,23787484105327.766,-6.344163403484258,5.423527066419238,-7.70004517008907,-7.7000451700890675,2.6645352591003757e-15,-0.040315989151326725,-6.771267999529927,1.0760513526213031,3.7151086822365613,0.5743662533416023,0.04638335986532142,0.5021238017249409
8,469,0.25,27950176684580.953,-6.421363751734813,5.275989630022337,-7.740361159240397,-7.740361159240398,8.881784197001252e-16,-0.0012990420869813946,-6.773199841713857,1.2295879404909014,3.86864527010616,0.5759715512916018,0.046431601839916764,0.5036320146879713
8,470,0.25,28095788492092.527,-6.391708128154064,5.399808292693257,-7.741660201327378,-7.741660201327378,0.0,0.011710944155095326,-6.784418811023199,1.1899082316014602,3.8289655612167195,0.5640026612537972,0.04654978848453342,0.5065718838250464
8,471,0.25,26810025751358.258,-6.371746314021202,5.432811772604321,-7.729949257172283,-7.729949257172282,8.881784197001252e-16,-0.045937264211887374,-6.790195106192441,1.1199592743041076,3.7590166039193664,0.5690648906272385,0.04597905784091973,0.49869056774749126
8,472,0.25,32217989272450.387,-6.43960604546621,5.345121903671847,-7.77588652138417,-7.775886521384171,8.881784197001252e-16,0.0020938742008249633,-6.827280029978139,1.1553686360088633,3.7944259656241224,0.5761956762287394,0.04574147190423924,0.4963041260286528
8,473,0.25,31949274487039.676,-6.440548479085678,5.33297667239067,-7.773792647183345,-7.773792647183345,0.0,0.08188892137401105,-6.823129262475617,1.1635962092156575,3.8026535388309166,0.5738870034456245,0.04595960001526131,0.49971861127014844
8,474,0.25,23025304050987.312,-6.3376729515353665,5.416923097095866,-7.691903725809334,-7.691903725809333,1.7763568394002505e-15,-0.0023029164777090827,-6.77036611293274,1.0470931218911204,3.686150451506379,0.5760586348734749,0.04553288629534039,0.4920294516428551
8,475,0.25,23238385369614.598,-6.344491308639575,5.398861334589887,-7.694206642287043,-7.694206642287046,2.6645352591003757e-15,-0.0009973275569841178,-6.760686005240264,1.0950252185718654,3.7340825481871245,0.5798063888876341,0.04538706572668161,0.4902924580748738
8,476,0.25,23331275658948.39,-6.3473018572151005,5.391608450515712,-7.6952039698440275,-7.695203969844028,8.881784197001252e-16,0.0016324196771044797,-6.7597764651909245,1.1026526889971495,3.741710018612408,0.5884658607006685,0.04506791488863551,0.48593160853892
8,477,0.25,23179426228563.69,-6.362356984482067,5.324858262739428,-7.693571550166923,-7.693571550166924,8.881784197001252e-16,-0.0522185902377732,-6.7488007246819155,1.1400259723247643,3.7790833019400227,0.5931271704916689,0.04517690335135194,0.48672986197759877
8,478,0.25,28563778972719.5,-6.470411774102128,5.101513465210271,-7.745790140404696,-7.745790140404695,8.881784197001252e-16,-0.0352294656190999,-6.771856810949916,1.2566759882038603,3.8957333178191194,0.6094399881449077,0.045202351123671394,0.48756457565164435
8,479,0.25,32886337835489.383,-6.53908524336651,4.967737450629125,-7.781019606023796,-7.781019606023792,4.440892098500626e-15,-0.09567628252036275,-6.800571548582172,1.2827349001512334,3.921792229766492,0.617678634353127,0.044968624517390664,0.48549160683427195
8,480,0.25,48219448631324.23,-6.7897016921402535,4.347976785615624,-7.876695888544159,-7.87669588854416,8.881784197001252e-16,0.01849138359876168,-6.835457005222136,1.5258982036728348,4.164955533288093,0.6531316673957555,0.04552953103096994,0.49519282299025935
8,481,0.25,44781580434208.07,-6.722262698284859,4.543767226642162,-7.858204504945397,-7.8582045049454,2.6645352591003757e-15,0.009377502586403352,-6.839632227183789,1.4352317814311724,4.074289111046432,0.6425397070457504,0.04501494314269315,0.4882517722030603
8,482,0.25,43132936513182.234,-6.674574351038315,4.697010605282718,-7.848827002358994,-7.848827002358994,0.0,-0.05490808650523249,-6.842669465640783,1.385572817257584,4.024630146872843,0.6312132790883627,0.04503715658685113,0.4889610876270198
8,483,0.25,53727191863523.76,-6.688137523984556,4.862390259518686,-7.903735088864226,-7.903735088864228,1.7763568394002505e-15,-0.016428609421329732,-6.900294136572648,1.3747064795510524,4.013763809166311,0.6298466392085442,0.04419567931504118,0.47913314664785256
8,484,0.25,57376434899733.9,-6.6862175574854374,4.9357845632004835,-7.920163698285556,-7.920163698285558,1.7763568394002505e-15,0.04516481222589963,-6.919168163689903,1.364924808767352,4.003982138382612,0.6274817698524193,0.04386585217875043,0.47541641188924516
8,485,0.25,47893242931126.35,-6.612382744975814,5.050464564335367,-7.8749988860596565,-7.874998886059656,8.881784197001252e-16,-0.06443100228546328,-6.889771898130666,1.3018506221007085,3.9409079517159675,0.619289416596707,0.04366747671655405,0.471667925782201
8,486,0.25,61972977139927.375,-6.829096600152165,4.4413331527718185,-7.93942988834512,-7.93942988834512,0.0,-0.07180399136113369,-6.89613243608255,1.534132479435024,4.173189809050282,0.6582120009591435,0.04388470608231489,0.4747143548648268
8,487,0.25,82592130442625.72,-6.916104905622512,4.380515896334948,-8.011233879706253,-8.01123387970625,3.552713678800501e-15,-0.020129621159380662,-6.973277280842216,1.512769065840892,4.15182639545615,0.6648426597370483,0.04338313172825758,0.4701341870479098
8,488,0.25,89517388160536.36,-6.905990408950622,4.501492367660051,-8.031363500865634,-8.031363500865634,0.0,0.07796446257241918,-6.999656306140132,1.487771449286755,4.126828778902014,0.6591907531523059,0.04324523111998947,0.46917829939387257
8,489,0.25,65534389621177.2,-6.736503064601011,4.867583894768803,-7.953399038293215,-7.953399038293211,3.552713678800501e-15,0.020116125326842038,-6.9683324934073285,1.301208849928291,3.9402661795435496,0.6352523114757401,0.0426031701013962,0.4596067917175387
8,490,0.25,60467772426116.08,-6.684059538592935,4.996893497493749,-7.933282912966373,-7.933282912966373,0.0,-0.010705497629719396,-6.979109763224307,1.1776352693530037,3.8166925989682627,0.6254053704787469,0.04268568238619839,0.46078479846531967
8,491,0.25,63113363275769.164,-6.683521196960165,5.041868854543699,-7.943988410596092,-7.94398841059609,2.6645352591003757e-15,-0.008170027016933368,-6.994484389708021,1.1589587539370239,3.798016083552284,0.6244182884725111,0.04233102199155085,0.456613878313337
8,492,0.25,65209987161355.01,-6.699193211793041,5.01186090327993,-7.952158437613026,-7.952158437613024,1.7763568394002505e-15,-0.02290401180802437,-7.004774923499448,1.1504767268390503,3.789534056454309,0.625499076773767,0.04225536917883763,0.4556968008576254
8,493,0.25,71466490946580.47,-6.739189737501901,4.943490847676607,-7.97506244942105,-7.975062449421053,2.6645352591003757e-15,0.06491869344333345,-7.024097667481788,1.1648017981417866,3.8038591277570455,0.6305459292620358,0.04170916933438447,0.44896360010561687
8,494,0.25,55122275470950.336,-6.595380814462726,5.259051766059969,-7.910143755977717,-7.910143755977718,1.7763568394002505e-15,-0.018835116920714157,-6.994681976455369,1.022789788474134,3.6618471180893932,0.6090883642691844,0.04182802469728962,0.44961264000600226
8,495,0.25,59435659567678.53,-6.620606532201568,5.2334893627874575,-7.928978872898431,-7.928978872898432,8.881784197001252e-16,0.017478915601769174,-7.008365986532743,1.0433942158474934,3.682451545462752,0.613552011356678,0.04158780612337846,0.4471368744272849
8,496,0.25,55422115633666.1,-6.611908009527434,5.198367791076921,-7.911499957296662,-7.911499957296664,2.6645352591003757e-15,-0.024085133009187132,-6.994263042108642,1.0298903311368204,3.6689476607520786,0.6076076386624131,0.041727282891355556,0.4486117950812429
8,497,0.25,61027174299424.516,-6.633951760210689,5.206533320380659,-7.935585090305849,-7.935585090305853,4.440892098500626e-15,-0.006186770754624149,-7.012705614627136,1.0524605730996002,3.6915179027148595,0.6006778124456044,0.04203275700286163,0.4530837939410092
8,498,0.25,62556261030428.86,-6.629692039629151,5.248319285725274,-7.941771861060473,-7.941771861060469,3.552713678800501e-15,0.0030978373415138094,-7.030690012388395,1.0052700650730575,3.6443273946883155,0.61046574043982,0.04149519990607527,0.4464238737834164
8,499,0.25,61785887386708.71,-6.646064115722933,5.1704396319840935,-7.938674023718959,-7.938674023718956,2.6645352591003757e-15,0.05456368107886167,-7.026510563338887,1.009596511905027,3.648653841520286,0.6110158021064779,0.041570591015436587,0.44728826646355563
8,500,0.25,49670949973294.34,-6.5769525715101,5.2286310845199875,-7.884110342640097,-7.884110342640097,0.0,,-6.972686737280152,1.006637091824518,3.645694421439777,0.5951517814899447,0.04171434392946978,0.4484974609141363
