seed,epoch,temperature,Z,E,S,F,F_check,err,delta_F,F_data,KL,NLL,data_mass,recon_sq,recon_ce
9,1,1.0,269448.9337940844,-0.04295712766027773,12.46117703872224,-12.504134166382519,-12.504134166382519,0.0,0.1384294688579253,-6.257088714275525,3.607988122491732,6.247045452106993,0.027249195085843243,0.4996466897565631,6.2438467900760495
9,2,1.0,234615.83188717524,0.09363219515473578,12.459336892679328,-12.365704697524594,-12.365704697524592,1.7763568394002505e-15,-0.04260652357835859,-6.1197381653230565,3.606909202586278,6.245966532201537,0.027480493654315756,0.4995585445740495,6.241972572564097
9,3,1.0,244828.00463666685,0.05390863192859001,12.462219853031543,-12.408311221102952,-12.408311221102954,1.7763568394002505e-15,-0.007277342979786994,-6.164322463169715,3.604931428317979,6.243988757933239,0.02745194354181943,0.49958960325732693,6.240282005540272
9,4,1.0,246616.2007638739,0.04909713361518591,12.464685697697927,-12.41558856408274,-12.415588564082741,1.7763568394002505e-15,-0.2070836556989626,-6.174068112015975,3.6024631224515047,6.241520452066764,0.02741921699560551,0.4996089281084615,6.2379955720443245
9,5,1.0,303359.0055065252,-0.16490414257363653,12.457768077208067,-12.622672219781702,-12.622672219781704,1.7763568394002505e-15,0.03701324269602857,-6.372164549854948,3.6114503403114986,6.2505076699267565,0.027473823140526026,0.49960907437068947,6.246963710195765
9,6,1.0,292335.9627079346,-0.12777396094160248,12.457885016144068,-12.585658977085673,-12.585658977085671,1.7763568394002505e-15,-0.0577753512334791,-6.335651765211404,3.61094988225901,6.250007211874269,0.027435853725304018,0.49960374909439287,6.2464175589896
9,7,1.0,309723.21671240765,-0.18194325030263436,12.461491078016518,-12.643434328319152,-12.643434328319152,0.0,0.011704475416225435,-6.396366665061429,3.608010333642464,6.247067663257723,0.02739951499894433,0.49963267864332706,6.243749947443283
9,8,1.0,306119.2016336736,-0.17655717605732404,12.455172676845603,-12.631729852902927,-12.631729852902927,0.0,0.05946203061939492,-6.378608032856024,3.6140644904316437,6.253121820046902,0.02732666039658686,0.4995978695781039,6.2494698255854875
9,9,1.0,288447.34125278995,-0.11571908864561731,12.456548733637915,-12.572267822283532,-12.572267822283532,0.0,0.04372766190981636,-6.321239485079439,3.6119710075888323,6.251028337204091,0.02722740697240249,0.49961465053396165,6.247535593941521
9,10,1.0,276106.00867933675,-0.06963075800824739,12.458909402365467,-12.528540160373716,-12.528540160373716,0.0,0.03345749809378695,-6.280497156583538,3.6089856741749182,6.248043003790177,0.027370746607585563,0.49957382990610516,6.244191075033702
9,11,1.0,267021.02037504636,-0.03972432987315296,12.455358332406778,-12.495082662279929,-12.49508266227993,1.7763568394002505e-15,0.15098999935147184,-6.244191299873251,3.611834032791418,6.250891362406677,0.027309308674240432,0.49955391403091265,6.246849133573692
9,12,1.0,229599.70599759693,0.10800125869028691,12.452093921618742,-12.344092662928457,-12.344092662928455,1.7763568394002505e-15,-0.1150646271202902,-6.092943168666035,3.612092164647162,6.251149494262421,0.027349914340417926,0.49948532298708165,6.246476082697561
9,13,1.0,257598.45874167024,-0.010163950497807701,12.44899333955094,-12.459157290048747,-12.459157290048747,0.0,-0.13652031543527343,-6.202200968875615,3.617898991557872,6.2569563211731305,0.026999864289050414,0.49956548429303654,6.25297964373669
9,14,1.0,295279.4885105629,-0.15153711418017468,12.444140491303846,-12.59567760548402,-12.59567760548402,0.0,0.23475512489385686,-6.332561191530784,3.624059084337978,6.263116413953236,0.026918133608183153,0.49959107349995296,6.259356066354664
9,15,1.0,233496.52659636817,0.08819337089690635,12.449115851487068,-12.360922480590164,-12.360922480590162,1.7763568394002505e-15,0.020130980024884337,-6.106978543855312,3.614886607119591,6.25394393673485,0.027260370436115174,0.4994734189337164,6.249149748934454
9,16,1.0,228843.00976530783,0.1069717351450403,12.447763235710319,-12.34079150056528,-12.34079150056528,0.0,-0.1300986876834198,-6.08638508797153,3.615349082978489,6.254406412593748,0.027357680328208504,0.4994271242158943,6.249195269192186
9,17,1.0,260638.63540013132,-0.03675520737103101,12.434134980877666,-12.470890188248699,-12.470890188248697,1.7763568394002505e-15,0.05755232055421011,-6.201340276465381,3.6304925821680567,6.269549911783316,0.027552928664591587,0.49932382732212505,6.263272101419228
9,18,1.0,246061.76673690855,0.019788973418383704,12.433126841112871,-12.413337867694489,-12.413337867694487,1.7763568394002505e-15,-0.16258347175866739,-6.143451618453278,3.630828919625953,6.269886249241212,0.027380399344676083,0.4993236767839046,6.263612476675301
9,19,1.0,289503.116037852,-0.14709730800731052,12.428824031445846,-12.575921339453156,-12.575921339453156,0.0,0.07842986417615272,-6.299924786970389,3.636939222867509,6.275996552482767,0.02738239886893428,0.49934041138206925,6.269832321382464
9,20,1.0,267664.99938053277,-0.06391537058403926,12.433576104692959,-12.497491475277004,-12.497491475276998,5.329070518200751e-15,0.11071425607686791,-6.227179420689343,3.631254724972401,6.2703120545876585,0.027393616724399696,0.4993416345070794,6.264213652062325
9,21,1.0,239612.23763732795,0.0389216127430271,12.425698831943162,-12.386777219200136,-12.386777219200136,0.0,-0.018568483795082358,-6.1105729496638,3.6371469399210747,6.276204269536334,0.027271588875365158,0.49928923744749554,6.269569885509922
9,22,1.0,244103.03823742576,0.014743786223458451,12.420089489218675,-12.405345702995218,-12.405345702995216,1.7763568394002505e-15,-0.01133916323691686,-6.12266973923423,3.6436186341457293,6.282675963760988,0.02688358738189649,0.49933639740871977,6.276418121865874
9,23,1.0,246886.71489036267,0.0034774143044584947,12.420162280536593,-12.416684866232135,-12.416684866232133,1.7763568394002505e-15,-0.00355315643179388,-6.133976076333755,3.6436514602831203,6.282708789898379,0.026818948706032554,0.49935616789284487,6.276640092999311
9,24,1.0,247765.50231935113,-0.014879522410572554,12.405358500253353,-12.420238022663929,-12.420238022663925,3.552713678800501e-15,0.08301569105464424,-6.12280367801913,3.658377015029541,6.297434344644799,0.026681345480004722,0.4992853977676459,6.290522038724307
9,25,1.0,228027.6862782281,0.06421428962639486,12.401436621235678,-12.337222331609285,-12.337222331609283,1.7763568394002505e-15,-0.050441612869638774,-6.0372588563435,3.660906145650528,6.299963475265787,0.02640799639337718,0.49929593453339277,6.293104829758846
9,26,1.0,239824.80209475884,0.029937708212352594,12.417601652691276,-12.387663944478923,-12.387663944478923,0.0,0.03577971455124107,-6.103146893412512,3.645459721451153,6.284517051066412,0.026679267969578292,0.4993505414673709,6.278348346512005
9,27,1.0,231395.63495460406,0.07306554612424836,12.424949776051932,-12.351884229927682,-12.351884229927684,1.7763568394002505e-15,-0.15254814976948872,-6.0759827890275036,3.6368441112849195,6.27590144090018,0.026915562674703537,0.4993274272813955,6.269605482751266
9,28,1.0,269529.2990361576,-0.06497179226854181,12.439460587428625,-12.504432379697171,-12.504432379697167,3.552713678800501e-15,0.10435117716303566,-6.239933112467555,3.6254419376143567,6.264499267229614,0.026896694823466384,0.499456237533616,6.259494541114345
9,29,1.0,242821.33440547736,0.03821597275858826,12.438297175292723,-12.400081202534135,-12.400081202534135,0.0,0.01086983768234795,-6.136917925124017,3.624105947794859,6.263163277410118,0.027087024863877863,0.49937005506168547,6.257376684120543
9,30,1.0,240196.1991590207,0.05176562796053834,12.440976992812327,-12.389211364851787,-12.38921136485179,1.7763568394002505e-15,-0.135812028442718,-6.129149176577805,3.6210048586587242,6.2600621882739835,0.02707895212543001,0.49937322631823416,6.254319560220865
9,31,1.0,275136.7135492349,-0.08469839579669414,12.440324997497815,-12.525023393294505,-12.525023393294509,3.552713678800501e-15,0.03586696592594052,-6.262093005590237,3.6238730580890093,6.262930387704269,0.02725247353937827,0.4993657712072196,6.257110458204686
9,32,1.0,265443.2707570442,-0.049910995636167604,12.439245431732395,-12.489156427368565,-12.489156427368563,1.7763568394002505e-15,-0.04104239105100227,-6.225678447977645,3.624420649775661,6.263477979390919,0.02709687686940692,0.4993876401400788,6.257851282525304
9,33,1.0,276564.35414625745,-0.08000918084795315,12.450189637571611,-12.530198818419567,-12.530198818419565,1.7763568394002505e-15,0.13817176846846557,-6.277296110865254,3.6138453779390542,6.2529027075543135,0.027217906039972397,0.4994483679229772,6.247895788078936
9,34,1.0,240873.4690598344,0.05844377146685009,12.45047082141795,-12.392027049951102,-12.3920270499511,1.7763568394002505e-15,0.05214784370671133,-6.142335510479861,3.6106342098559794,6.249691539471237,0.027302941729516257,0.4993761440261976,6.244035352955271
9,35,1.0,228634.33278900682,0.11507764258705636,12.454956848831447,-12.33987920624439,-12.33987920624439,0.0,-0.17570737929515268,-6.096442522873845,3.6043793537552857,6.243436683370545,0.027362736261692278,0.49937876013986127,6.237829292375088
9,36,1.0,272552.5137530836,-0.06020239737798598,12.455384188161558,-12.515586585539543,-12.515586585539545,1.7763568394002505e-15,-0.08231032185424425,-6.2694643328437385,3.6070649230805456,6.246122252695804,0.027420564625113348,0.4994143333984658,6.240831744453088
9,37,1.0,295935.53055173974,-0.1458581908877868,12.452038716506003,-12.597896907393787,-12.597896907393789,1.7763568394002505e-15,-0.05699918220929412,-6.348051589265944,3.610787988512584,6.249845318127844,0.027615816979417937,0.49938542789763757,6.2442770875705405
9,38,1.0,313293.612712365,-0.1993930609578108,12.455503028645271,-12.654896089603081,-12.654896089603081,0.0,-0.052510304534084895,-6.407492909072433,3.6083458509153905,6.2474031805306485,0.027535274627814826,0.499440542961262,6.242346574438549
9,39,1.0,330184.34349869436,-0.255936196278723,12.451470197858445,-12.707406394137166,-12.707406394137168,1.7763568394002505e-15,0.054254324056309144,-6.456258614682698,3.6120904498392092,6.2511477794544685,0.027609169621340454,0.4994149829546199,6.245845339368183
9,40,1.0,312747.6987163109,-0.21222371205844864,12.44092835802241,-12.653152070080857,-12.653152070080859,1.7763568394002505e-15,-0.14416872231636724,-6.393016264530308,3.621078475935291,6.260135805550549,0.027725098619232634,0.4992908943248683,6.253667597228682
9,41,1.0,361248.2927323603,-0.35690418495478454,12.440416607442442,-12.797320792397224,-12.797320792397226,1.7763568394002505e-15,0.06134090980756035,-6.535273940790959,3.6229895219910064,6.262046851606264,0.027464766599138234,0.4993943042194924,6.256525520390724
9,42,1.0,339754.94359425525,-0.2899336692776086,12.446046213312055,-12.735979882589664,-12.735979882589664,0.0,0.04639984190336577,-6.479879095041876,3.6170434579325317,6.256100787547791,0.027547888631622483,0.4993813673321389,6.250478432614701
9,43,1.0,324350.51313673303,-0.23825489760562685,12.45132514308067,-12.689580040686298,-12.689580040686296,1.7763568394002505e-15,0.006672461028299992,-6.438185179590532,3.612337531480507,6.251394861095767,0.02738635103210295,0.49941360465400414,6.2460943011257175
9,44,1.0,322193.5012699486,-0.24095166031827778,12.44195591933972,-12.682907579657998,-12.682907579657996,1.7763568394002505e-15,0.027591883496215885,-6.422477094289566,3.621373155753173,6.260430485368432,0.02712359550307423,0.4993989670470788,6.254962783508759
9,45,1.0,313425.100351667,-0.2080966260683146,12.447219070093468,-12.655315696161782,-12.655315696161782,0.0,-0.10587814494969727,-6.400605410493895,3.6156529560526285,6.254710285667886,0.027173390110307435,0.4994112208708879,6.24937731798986
9,46,1.0,348430.42262359575,-0.31863689793496375,12.442556943176516,-12.76119384111148,-12.76119384111148,0.0,-0.028340707937376308,-6.501923075946233,3.6202134355499878,6.259270765165246,0.027380657618359464,0.4993732828496864,6.253577120883838
9,47,1.0,358446.44769488345,-0.3448109788616641,12.444723570187191,-12.789534549048856,-12.789534549048856,0.0,0.07422425921462406,-6.533174352045555,3.6173028673880414,6.256360197003299,0.02762442151322336,0.4993373089106983,6.250345367500846
9,48,1.0,332804.4269034406,-0.26692557932397587,12.448384710510256,-12.715310289834232,-12.715310289834232,0.0,0.008853787646977196,-6.4626162873287525,3.613636672890221,6.252694002505479,0.0275330350376468,0.4993383644684795,6.2467022030531405
9,49,1.0,329870.8529634573,-0.2665901437896806,12.439866358397575,-12.706456502187255,-12.706456502187256,1.7763568394002505e-15,-0.004608379109901861,-6.445640987140321,3.6217581854316756,6.260815515046935,0.027569156344737795,0.499267767070033,6.254133785188512
9,50,1.0,331394.53105782135,-0.26609789994276556,12.44496698135439,-12.711064881297157,-12.711064881297157,0.0,0.06927693012528913,-6.455220647702901,3.6167869039789955,6.255844233594254,0.027544167471606207,0.49928928999081384,6.2493977033923755
9,51,1.0,309213.71501748805,-0.1998611990681496,12.441926752103715,-12.641787951171867,-12.641787951171864,3.552713678800501e-15,0.10769526873555613,-6.383642757937362,3.619087863619243,6.258145193234503,0.027265803090861265,0.49928505129157874,6.251651034542879
9,52,1.0,277643.3575160435,-0.08209239144653094,12.45200029098978,-12.534092682436311,-12.534092682436311,0.0,0.08526708608856914,-6.2875933185137045,3.607442034307348,6.246499363922607,0.02727310245104112,0.49930111781323083,6.2401967335891415
9,53,1.0,254950.73167298888,0.0009589874065210951,12.449784583754262,-12.448825596347742,-12.44882559634774,1.7763568394002505e-15,0.03927926104816315,-6.201934386195523,3.6078338805369605,6.246891210152219,0.027196292922712775,0.4992742686546001,6.240342834883199
9,54,1.0,245130.58200125917,0.031994784112086054,12.441541119411665,-12.409546335299579,-12.409546335299579,0.0,0.2319628474678055,-6.155286566164809,3.6152024395195106,6.254259769134769,0.027102418408680013,0.4992134616101522,6.247125916167902
9,55,1.0,194382.5663722123,0.2586148183776438,12.436198306209418,-12.177583487831773,-12.177583487831773,0.0,-0.010929684001396822,-5.925408883107608,3.6131172751089053,6.252174604724165,0.027306269721415484,0.49905274574960656,6.243560439250222
9,56,1.0,196518.759088319,0.24572537175578207,12.43423854358895,-12.18851317183317,-12.188513171833169,1.7763568394002505e-15,-0.008783984314305826,-5.934435306793978,3.615020535423935,6.254077865039193,0.027395883266557536,0.4990184757159188,6.245136061185783
9,57,1.0,198252.58056773333,0.23581141424906066,12.433108570396536,-12.197297156147476,-12.197297156147476,0.0,-0.043726776136752576,-5.942583437176033,3.615656389356185,6.254713718971444,0.027437479090539414,0.4990010866830399,6.245622985410923
9,58,1.0,207113.8523261551,0.19049359463893556,12.431517526923162,-12.241023932284229,-12.241023932284227,1.7763568394002505e-15,-0.06163276792165995,-5.983798559624169,3.6181680430447996,6.257225372660058,0.02755914290216226,0.4989776903814982,6.247889260349001
9,59,1.0,220280.43105081754,0.13650114676005953,12.439157846965948,-12.302656700205889,-12.302656700205889,0.0,0.013951232260344781,-6.051569943741527,3.612029426849104,6.251086756464363,0.027406919441952456,0.4990729742240099,6.2426783786706626
9,60,1.0,217228.58559717162,0.1439414168737917,12.432646884819338,-12.288705467945544,-12.288705467945546,1.7763568394002505e-15,0.06293425798651775,-6.032057847811858,3.6175902905184265,6.256647620133685,0.027363611414139552,0.4990344679825599,6.247850367331325
9,61,1.0,203978.77227959293,0.20992021301469466,12.435691422973722,-12.225771209959026,-12.225771209959028,1.7763568394002505e-15,-0.07702431813326704,-5.97483741112501,3.6118764692187573,6.250933798834017,0.027410154622397737,0.4990075118724519,6.241924370562109
9,62,1.0,220311.01424032712,0.14132595345737062,12.444121481549663,-12.302795528092293,-12.302795528092293,0.0,-0.026900017568795676,-6.058229796889397,3.605508401587636,6.244565731202896,0.027409628272924196,0.4990594700823133,6.236078520695768
9,63,1.0,226317.8136882142,0.11366175696291558,12.443357302624003,-12.329695545661089,-12.329695545661087,1.7763568394002505e-15,-0.2064009542216425,-6.084446238539906,3.6061919775059232,6.245249307121183,0.02744171625441513,0.4990664488762578,6.236819985918058
9,64,1.0,278200.26190073334,-0.09226646299015004,12.443830036892582,-12.536096499882731,-12.536096499882731,0.0,0.10643902472785349,-6.28716314618668,3.609876024080793,6.248933353696051,0.027459704899370264,0.4991327103297541,6.241086877965216
9,65,1.0,250110.34392202282,0.014047381293623477,12.4437048564485,-12.429657475154878,-12.429657475154876,1.7763568394002505e-15,-0.1318172987804207,-6.183630625601564,3.6069695199380556,6.246026849553315,0.02747230861718479,0.4990731689876586,6.237648411393531
9,66,1.0,285350.85547214875,-0.11041991207495537,12.451054861860344,-12.561474773935299,-12.561474773935299,0.0,-0.024838412306692703,-6.319566703524439,3.602850740795603,6.2419080704108625,0.027381564538889867,0.4991660581476337,6.234395631238702
9,67,1.0,292527.27414348203,-0.14391408739227038,12.442399098849723,-12.586313186241991,-12.586313186241993,1.7763568394002505e-15,0.23717183138611375,-6.3365962951755295,3.610659561451203,6.249716891066462,0.027480514688281454,0.4991009209872863,6.2415765058079975
9,68,1.0,230761.8152772304,0.09054019118542113,12.439681546041296,-12.349141354855877,-12.349141354855874,3.552713678800501e-15,0.1418697452700748,-6.101714454305259,3.6083695709353605,6.24742690055062,0.027488407290396536,0.4989741997152294,6.238151562904419
9,69,1.0,200239.93662007464,0.2255254181951287,12.432797027780932,-12.207271609585803,-12.207271609585803,0.0,0.0048364587660216785,-5.957788416838928,3.610425863131616,6.249483192746875,0.027619106074341784,0.4988549981839705,6.239101538846977
9,70,1.0,199273.822591855,0.22991246358050313,12.432347614400284,-12.202435150819781,-12.202435150819781,0.0,-0.048316153059614564,-5.953226976602962,3.6101508446015607,6.249208174216819,0.02766144143220321,0.49883183251362173,6.238621337770636
9,71,1.0,209138.3563180653,0.18600228005811922,12.436753583937517,-12.250751303879396,-12.250751303879397,1.7763568394002505e-15,-0.04641320703675689,-6.004878646066959,3.606815328197178,6.245872657812436,0.02754389949288359,0.4988878112540143,6.235823783631029
9,72,1.0,219073.92543802998,0.12787023523575847,12.42503474615191,-12.297164510916152,-12.297164510916152,0.0,-0.051017831452803364,-6.037573097363847,3.6205340839370472,6.259591413552306,0.027246087864782793,0.4988803484856607,6.2493770376972275
9,73,1.0,230540.61789735273,0.08180363062951491,12.429985972998473,-12.348182342368956,-12.348182342368958,1.7763568394002505e-15,-0.024400710208901444,-6.0921979431961715,3.616927069557526,6.2559843991727835,0.027127711051636385,0.49893006976498294,6.246255021525347
9,74,1.0,236235.16567191563,0.06619865159021121,12.438781704168068,-12.372583052577857,-12.372583052577857,0.0,-0.06948170097149386,-6.124959604880757,3.6085661180818427,6.2476234476971015,0.02735077682224372,0.49892160532073937,6.237877016637628
9,75,1.0,253232.86351658724,-0.0012356006200272673,12.440829152929323,-12.442064753549351,-12.442064753549351,0.0,0.006758627564201092,-6.195747506555348,3.607259917378745,6.246317246994004,0.02758977341832219,0.49890212085133145,6.236399293783525
9,76,1.0,251527.12761493097,0.004492428759422816,12.43979855474457,-12.43530612598515,-12.435306125985147,3.552713678800501e-15,-0.046151610723267567,-6.1895604017744095,3.60668839459548,6.245745724210737,0.027649135620238866,0.49887357465658005,6.235581739231948
9,77,1.0,263407.5513693065,-0.0419408959964929,12.439516840711926,-12.481457736708418,-12.48145773670842,1.7763568394002505e-15,-0.0817758237345636,-6.234506247700978,3.607894159392181,6.246951489007441,0.027613455658694927,0.49888072403589095,6.236850128581717
9,78,1.0,285853.1683077429,-0.12480017851915594,12.438433381923828,-12.563233560442981,-12.563233560442983,1.7763568394002505e-15,0.19331077014619424,-6.313818914798091,3.6103573160296323,6.24941464564489,0.027577347874441452,0.49889946520653705,6.239479682405997
9,79,1.0,235607.55334804632,0.061318866452330374,12.431241656749116,-12.369922790296787,-12.369922790296785,1.7763568394002505e-15,0.022303857921652792,-6.1184615303919,3.6124039302896285,6.251461259904888,0.02755946813164835,0.4987710839055221,6.2403330246241095
9,80,1.0,230410.76559272557,0.09160372592638728,12.439222658301523,-12.347618932375134,-12.347618932375136,1.7763568394002505e-15,-0.18468620063854857,-6.105496449619086,3.6030651531407907,6.24212248275605,0.027458743223917396,0.4988049639662809,6.231355885983476
9,81,1.0,277147.4996099118,-0.09028657894392797,12.442018554069755,-12.532305133013683,-12.532305133013683,0.0,0.020311951228052294,-6.2891602555767525,3.6040875478216714,6.243144877436931,0.02745424409638801,0.49887828318247524,6.233039786714825
9,82,1.0,271574.8800952315,-0.07030006537113212,12.441693116414498,-12.51199318178563,-12.51199318178563,0.0,0.004262890338111447,-6.268905326042956,3.604030526127416,6.243087855742674,0.027407173890091025,0.4988670229592255,6.232882832373734
9,83,1.0,270419.6502213587,-0.0660154475014601,12.441714843946059,-12.507730291447519,-12.507730291447519,0.0,4.2929484550313646e-05,-6.264605999568809,3.604066962263448,6.243124291878709,0.027496649324923027,0.498830989749327,6.232594765532178
9,84,1.0,270408.0414943428,-0.06271230257699234,12.444975059385975,-12.507687361962969,-12.507687361962967,1.7763568394002505e-15,-0.028739926724831832,-6.269102597801636,3.5995274345460744,6.238584764161334,0.02748374548788505,0.49884930717838505,6.228242609397994
9,85,1.0,278292.3026551238,-0.09158847283126496,12.444838815856537,-12.5364272886878,-12.536427288687802,1.7763568394002505e-15,-0.03622704888578809,-6.297486142852738,3.5998838162198052,6.2389411458350645,0.02747917198143694,0.49884388357741516,6.2285499141030645
9,86,1.0,288558.85210949735,-0.13256743676573285,12.440086900807854,-12.572654337573589,-12.572654337573587,1.7763568394002505e-15,0.0437531324789866,-6.328618135528219,3.6049788724301086,6.244036202045367,0.027516302037522793,0.49880411268291636,6.233272540949222
9,87,1.0,276205.7132940046,-0.0947006516443834,12.434200553450218,-12.528901205094602,-12.528901205094602,0.0,-0.08513899630950839,-6.28000553457717,3.6098383409021713,6.24889567051743,0.02736541858367372,0.49876480813146407,6.237748145021096
9,88,1.0,300751.67445049196,-0.18818598276100523,12.425854218643103,-12.61404020140411,-12.614040201404109,1.7763568394002505e-15,0.04014576055234009,-6.356791767756733,3.618191104032117,6.2572484336473755,0.02708604150022592,0.49879369084492964,6.246316866655405
9,89,1.0,288916.91686069494,-0.1469553112804137,12.426939129571357,-12.57389444085177,-12.57389444085177,0.0,-0.10074578674329082,-6.319021438371634,3.615815672864877,6.254873002480136,0.027214221041754243,0.49872258144080306,6.243314691353027
9,90,1.0,319540.7947012814,-0.24065325653903932,12.433986971056019,-12.674640227595061,-12.674640227595058,3.552713678800501e-15,0.14380883176045067,-6.425829055951833,3.60975384202797,6.248811171643228,0.027498855081017046,0.49874142685013956,6.237456642997976
9,91,1.0,276739.35785635846,-0.09270075955324052,12.438130636281373,-12.53083139583461,-12.530831395834614,3.552713678800501e-15,0.11085040461480489,-6.287644111302221,3.604129954917131,6.2431872845323895,0.02749865831588321,0.4986931819772576,6.23142180926468
9,92,1.0,247701.82697811883,0.004826173834231218,12.424807165054036,-12.419980991219806,-12.419980991219804,1.7763568394002505e-15,-0.12831362847514605,-6.165842508273687,3.615081153330859,6.254138482946118,0.027842495125373592,0.4984623730591515,6.240167797624545
9,93,1.0,281614.56372297474,-0.11713787309524787,12.431156746599704,-12.548294619694952,-12.548294619694952,0.0,-0.0051451839901694996,-6.299013862547821,3.6102234275318743,6.249280757147134,0.027697066475423072,0.49859257451238886,6.2365614190352705
9,94,1.0,283067.25644856796,-0.12044560971913698,12.432994193965985,-12.553439803685121,-12.553439803685123,1.7763568394002505e-15,0.1091949280835589,-6.3069367557815905,3.6074457182882727,6.2465030479035315,0.027477423886546254,0.4986514320673459,6.234339947283497
9,95,1.0,253785.54430356552,-0.008512459412730405,12.43573241618883,-12.444244875601562,-12.44424487560156,1.7763568394002505e-15,-0.053175828645800394,-6.203222508424291,3.6019650375620116,6.241022367177272,0.027562284390220557,0.4985805412322376,6.228248497238616
9,96,1.0,267646.0571232173,-0.06033911122856078,12.437081593018803,-12.497420704247363,-12.497420704247364,1.7763568394002505e-15,0.20354617208725045,-6.257945143173444,3.6004182314586615,6.239475561073921,0.02752289980148647,0.49860733169505916,6.226954215863345
9,97,1.0,218354.36120190608,0.13535572017986258,12.429230252339973,-12.293874532160112,-12.29387453216011,1.7763568394002505e-15,-0.02510361557532903,-6.05098952647097,3.6038276760738817,6.242885005689141,0.027386522578833245,0.4984940642376589,6.2293082328640725
9,98,1.0,223905.2270397831,0.10405504341985651,12.423033191155298,-12.318978147735441,-12.318978147735441,0.0,0.06019844243880357,-6.069009147783804,3.610911670336379,6.249968999951638,0.027492442974838854,0.49842288221669095,6.235681650920038
9,99,1.0,210824.16109817033,0.1584661112868768,12.417245816583513,-12.258779705296638,-12.258779705296636,1.7763568394002505e-15,-0.1408505847206829,-6.005642163972944,3.6140802117084347,6.253137541323694,0.02758142054568919,0.4983206708546369,6.237885179758189
9,100,1.0,242711.8679082057,0.024213517400844098,12.423843807418162,-12.39963029001732,-12.399630290017319,1.7763568394002505e-15,0.10560448799503064,-6.150648768777073,3.6099241916249887,6.248981521240247,0.027560851631657442,0.49840065902324465,6.234535722955536
9,101,1.0,218387.3941344114,0.1210173841674255,12.415043186189713,-12.29402580202229,-12.294025802022288,1.7763568394002505e-15,-0.0453486396999363,-6.039883285445488,3.615085186961543,6.254142516576802,0.027793378879034786,0.49822394209203613,6.237994902849091
9,102,1.0,228518.95541091956,0.07990693107122296,12.419281372793451,-12.339374441722226,-12.339374441722228,1.7763568394002505e-15,0.0011213048116136548,-6.089414777175207,3.610902334931758,6.249959664547016,0.02777135567599624,0.4982506469490581,6.234143107034545
9,103,1.0,228262.8596142299,0.08329767607328302,12.421550812983893,-12.338253136910613,-12.33825313691061,1.7763568394002505e-15,0.04229198858013561,-6.092144746650706,3.6070510606446455,6.246108390259904,0.027492335608700656,0.4983190787085384,6.230951063590708
9,104,1.0,218810.45862750537,0.12816869074207685,12.424129839072553,-12.295961148330477,-12.295961148330475,1.7763568394002505e-15,-0.011906866411964145,-6.053476449441277,3.6034273692739407,6.2424846988892,0.02763101657140655,0.49827057606850583,6.226896778280181
9,105,1.0,221431.3780318729,0.11356178160955539,12.421429796352,-12.307868014742441,-12.307868014742445,3.552713678800501e-15,0.04020326721216705,-6.063260047705251,3.6055506374219304,6.244607967037189,0.027489211131124434,0.49826789389086273,6.229007084065562
9,106,1.0,212705.6890230116,0.14194347182421724,12.409608219354489,-12.267664747530274,-12.267664747530272,1.7763568394002505e-15,-0.02541318931253933,-6.013645397546301,3.614962020368714,6.254019349983973,0.027411286581542932,0.4981579738591951,6.2373224092729425
9,107,1.0,218180.49040178795,0.10955336960906285,12.40263130645188,-12.293077936842813,-12.293077936842817,3.552713678800501e-15,-0.01864701669765445,-6.031601449886158,3.622419157341398,6.261476486956657,0.027344878665041043,0.49811427236615985,6.24429047617487
9,108,1.0,222287.0744284438,0.09609273302765173,12.407817686568118,-12.311724953540468,-12.311724953540466,1.7763568394002505e-15,-0.03906556228376168,-6.055338641560008,3.6173289823652004,6.256386311980459,0.027389610057482174,0.49813131954485335,6.239391562818433
9,109,1.0,231142.69263368318,0.05069352910323817,12.401484044927471,-12.35079051582423,-12.350790515824233,3.552713678800501e-15,-0.12105150856194236,-6.086887773632001,3.624845412576969,6.263902742192228,0.027270906382278588,0.49810575608262064,6.246601838490724
9,110,1.0,260886.83877785996,-0.06833767579315356,12.40350434859302,-12.471842024386172,-12.471842024386174,1.7763568394002505e-15,0.03601405123479573,-6.20766757956644,3.625117115204475,6.264174444819735,0.027695912883145407,0.498053939600246,6.246439805939358
9,111,1.0,251658.4205881596,-0.03444721865120952,12.401380754500165,-12.435827973151376,-12.435827973151374,1.7763568394002505e-15,0.15669690354947008,-6.171190141411789,3.625580502124328,6.264637831739586,0.027865416125783003,0.4979649848646189,6.2460852004335266
9,112,1.0,215158.67746174554,0.11846302816156476,12.39759409776347,-12.279131069601906,-12.279131069601906,0.0,0.01212008055082947,-6.014976095425242,3.6250976445614045,6.264154974176663,0.027823505409394593,0.4978751132783962,6.2447163768438685
9,113,1.0,212566.67632055716,0.12291675201510091,12.38992774106618,-12.267010989051077,-12.267010989051078,1.7763568394002505e-15,0.03225158746804624,-5.995764833106111,3.6321888263297075,6.271246155944968,0.027563766685702817,0.49786144540170946,6.251557824046655
9,114,1.0,205820.43679021602,0.17066221490961486,12.405421616492644,-12.23475940158303,-12.234759401583029,1.7763568394002505e-15,0.0005521597817779167,-5.982957498600752,3.6127445733670207,6.2518019029822804,0.027449758843105024,0.4979578888121325,6.233299888500598
9,115,1.0,205706.82239228976,0.17353968734269637,12.40774692914395,-12.234207241801252,-12.234207241801254,1.7763568394002505e-15,-0.1769591562664523,-5.9865122273610565,3.608637684824937,6.247695014440195,0.027448359454645813,0.49796640885814947,6.229326553067234
9,116,1.0,245528.03078955197,0.0038813055203275864,12.415047703588032,-12.411166398067705,-12.411166398067705,0.0,0.2010684072320803,-6.166339974954468,3.6057690934979787,6.244826423113237,0.027552771924840073,0.4980495804938228,6.227262266508055
9,117,1.0,200806.69157790605,0.20476802918871895,12.414866020024347,-12.210097990835624,-12.210097990835628,3.552713678800501e-15,-0.06645910857814563,-5.97114320324305,3.599897457977318,6.238954787592578,0.027620593730250477,0.49792504860776365,6.220279860501891
9,118,1.0,214605.57757691958,0.1333915493224999,12.409948648736268,-12.27655709941377,-12.276557099413768,1.7763568394002505e-15,-0.03050201791758056,-6.0299655119019615,3.60753425789655,6.246591587511809,0.02760410271343526,0.49788923794675777,6.227532191632106
9,119,1.0,221252.33518685802,0.10361382722651113,12.410672944557861,-12.30705911733135,-12.30705911733135,0.0,0.012269721039078973,-6.062416605170484,3.6055851825456062,6.244642512160865,0.02748528693476418,0.4979199506300925,6.2258949998674975
9,120,1.0,218554.21718166454,0.1110100301510811,12.405799426443354,-12.294789396292272,-12.294789396292272,0.0,0.037403049905728736,-6.045748617142202,3.60998344953481,6.249040779150071,0.027588181301776826,0.49784141807919313,6.229494114879047
9,121,1.0,210530.6119320067,0.14820354886301693,12.405589895249557,-12.257386346386543,-12.25738634638654,3.552713678800501e-15,-0.030943060921837073,-6.009988890203794,3.60834012656749,6.247397456182748,0.027643981351418514,0.4977846317880479,6.227329478264255
9,122,1.0,217146.90983534398,0.11607086700192658,12.404400274310312,-12.28832940730838,-12.288329407308385,5.329070518200751e-15,0.006242005552886454,-6.0389364462424515,3.610335631450671,6.24939296106593,0.02764061011192356,0.49777515184742943,6.229202693363817
9,123,1.0,215795.69913792223,0.11433283349148678,12.39642023524698,-12.282087401755494,-12.282087401755494,0.0,-0.11797150726602723,-6.025007604994795,3.6180224671454404,6.257079796760698,0.02763456720176798,0.4976989777515146,6.236068330341907
9,124,1.0,242815.92112533617,0.004545620978452768,12.404604529999974,-12.40005890902152,-12.40005890902152,0.0,0.11160784808978264,-6.149742655401453,3.611258924004809,6.250316253620069,0.02752628453446917,0.4978045735106337,6.230445143869133
9,125,1.0,217173.32815063547,0.10161968813303164,12.390070749064767,-12.288451060931738,-12.288451060931736,1.7763568394002505e-15,-0.042136506588366984,-6.027031979249246,3.6223617520672318,6.261419081682491,0.02741631810523885,0.4976732140762778,6.24010391343162
9,126,1.0,226519.7841927691,0.06485776795852546,12.39544533547863,-12.330587567520105,-12.330587567520105,0.0,-0.007315807061347712,-6.075698871042838,3.615831366862009,6.254888696477268,0.027424504603542562,0.4976940557570454,6.233894221118404
9,127,1.0,228183.03582528175,0.0572162283762247,12.395119602957678,-12.337903374581453,-12.337903374581453,0.0,0.061675627647460374,-6.083933245585142,3.6149127993810546,6.253970128996314,0.02742298497186364,0.4976660331513645,6.2327364859696655
9,128,1.0,214534.90833595398,0.11308468748267796,12.389312434416668,-12.276227746933992,-12.27622774693399,1.7763568394002505e-15,-0.060513224986758374,-6.019228700216437,3.6179417171022967,6.256999046717555,0.02729946030654652,0.49761536879282225,6.235245751541479
9,129,1.0,227917.94935576816,0.057991281378755456,12.394732253299505,-12.33674097192075,-12.336740971920749,1.7763568394002505e-15,-0.0395725906794393,-6.085582393590819,3.6121012487146706,6.25115857832993,0.027516871454955436,0.4975927247918406,6.229316360340185
9,130,1.0,237118.089178629,0.014391329281791172,12.390704891881981,-12.37631356260019,-12.37631356260019,0.0,-0.1659239231371945,-6.122158110044367,3.615098122940565,6.254155452555824,0.027110366468709172,0.49763543824208206,6.232713486705045
9,131,1.0,279913.94223168166,-0.16059266896875812,12.381644816768624,-12.542237485737385,-12.542237485737383,1.7763568394002505e-15,-0.05611648853926887,-6.276741105266539,3.6264390508555855,6.265496380470844,0.027387528548341453,0.4975957119930646,6.243539544033472
9,132,1.0,296070.8237988944,-0.21515900619164993,12.383194968085007,-12.598353974276653,-12.598353974276657,3.552713678800501e-15,-0.016289969313005415,-6.335272498212829,3.6240241464485665,6.263081476063826,0.027827606640788725,0.4975071208432931,6.240352623353447
9,133,1.0,300933.3057474535,-0.22753321043977018,12.38711073314989,-12.614643943589659,-12.61464394358966,1.7763568394002505e-15,-0.0973728774104341,-6.357782127746675,3.6178044862277248,6.256861815842982,0.02773516900228411,0.4975246856736448,6.23443313131276
9,134,1.0,331710.1488700006,-0.3197718809787965,12.392244940021296,-12.712016821000093,-12.712016821000093,0.0,-0.029698033031248627,-6.460505690702136,3.6124538006827,6.251511130297958,0.027777141164354254,0.49756542740938253,6.229529956230757
9,135,1.0,341709.0264418041,-0.3518824666133427,12.389832387418002,-12.741714854031342,-12.741714854031345,3.552713678800501e-15,-0.026943616704251383,-6.4896866173033585,3.612970907112726,6.252028236727986,0.027907438438231652,0.49752103459925623,6.229622088641409
9,136,1.0,351041.0582701551,-0.3790044592752124,12.389654011460381,-12.768658470735593,-12.768658470735593,0.0,0.0866643711254067,-6.5178869632641945,3.611714177856141,6.250771507471399,0.027871942687478984,0.4974877783881982,6.228106691171482
9,137,1.0,321899.31832058757,-0.28874799228248543,12.3932461073277,-12.681994099610186,-12.681994099610186,0.0,-0.05182920478717179,-6.435160425658084,3.6077763443368425,6.246833673952103,0.027760366293249315,0.4974272546917358,6.223694448255751
9,138,1.0,339023.0249956847,-0.3455846448489798,12.388238659548378,-12.733823304397358,-12.733823304397358,0.0,0.10977059676467782,-6.487319024777068,3.6074469500050306,6.2465042796202885,0.027816901557666418,0.4974148062434883,6.223182758349646
9,139,1.0,303778.07812388643,-0.22757801352525053,12.396474694107429,-12.62405270763268,-12.624052707632679,1.7763568394002505e-15,0.09900666121649415,-6.385484433454323,3.599510944563097,6.2385682741783555,0.027742297564027265,0.49737730634962846,6.215016389070792
9,140,1.0,275142.94632528146,-0.12902034456810946,12.39602570184808,-12.525046046416186,-12.52504604641619,3.552713678800501e-15,0.1955595396535994,-6.287685271135636,3.598303445665292,6.237360775280551,0.02770177077657511,0.4972967096185314,6.21309831286013
9,141,1.0,226270.50940611915,0.06491390895398462,12.39440041571657,-12.329486506762587,-12.329486506762585,1.7763568394002505e-15,0.07763375989501675,-6.094299830938546,3.5961293462087824,6.235186675824042,0.027672824248121987,0.4971982207117029,6.210044446778542
9,142,1.0,209368.8372016656,0.14270410163319566,12.394556848500768,-12.25185274686757,-12.251852746867572,1.7763568394002505e-15,0.04222273366727691,-6.022646461343973,3.5901489559083397,6.229206285523597,0.027625094015739506,0.49714068702120334,6.203625927552534
9,143,1.0,200712.74052243377,0.17881774975192896,12.388447762952223,-12.209630013200293,-12.209630013200295,1.7763568394002505e-15,0.07095569392222423,-5.976150616821067,3.5944220667639657,6.2334793963792245,0.02758354852191964,0.49705855405488675,6.20711379073154
9,144,1.0,186964.55254364118,0.23720919952495917,12.375883518803029,-12.138674319278069,-12.13867431927807,1.7763568394002505e-15,-0.028854921277003953,-5.899661190184668,3.599955799478144,6.239013129093402,0.027580960695937722,0.4969236840777601,6.211390138154472
9,145,1.0,192437.9880006073,0.21603388441201943,12.38356312496709,-12.167529240555073,-12.167529240555071,1.7763568394002505e-15,0.049083303702007086,-5.933896162548728,3.5945757483910867,6.233633078006345,0.027560746871652143,0.49693471903955777,6.206179274489348
9,146,1.0,183220.55722487735,0.2628518359290629,12.38129777278213,-12.118445936853066,-12.118445936853067,1.7763568394002505e-15,-0.09547859664942493,-5.88423824814103,3.595150359096776,6.234207688712035,0.027764775209500464,0.4968121539927365,6.205629613055733
9,147,1.0,201576.55897685213,0.16741356519364603,12.381338098696135,-12.21392453350249,-12.213924533502489,1.7763568394002505e-15,-0.057051520432462866,-5.97995635918305,3.594910844704181,6.233968174319439,0.02765685290604035,0.4968426983106655,6.2056940952747865
9,148,1.0,213411.19015395534,0.10716350888769444,12.378139562822646,-12.270976053934953,-12.270976053934952,1.7763568394002505e-15,-0.12372506453353438,-6.035561131163435,3.5963575931562604,6.235414922771521,0.02761251339892735,0.4968262233919826,6.206960185165904
9,149,1.0,241518.4431882952,-0.027039012601422975,12.367662105867062,-12.394701118468488,-12.394701118468484,3.552713678800501e-15,0.047375835433653535,-6.151611012642974,3.604032776210256,6.243090105825515,0.027687502553000527,0.4967844685385381,6.214120454426103
9,150,1.0,230343.11555659163,0.018296124702549158,12.365621407737386,-12.347325283034834,-12.347325283034836,1.7763568394002505e-15,0.03572187184637876,-6.102806204946098,3.6054617484734792,6.244519078088737,0.027569569255813914,0.49672875787617826,6.215077881590128
9,151,1.0,222260.05877640226,0.06205410495443197,12.37365751614289,-12.311603411188456,-12.311603411188457,1.7763568394002505e-15,-0.04843977376962805,-6.076016858708078,3.596529222865119,6.2355865524803775,0.027733335554047955,0.49667776884225545,6.205817971679337
9,152,1.0,233291.30435915696,0.01842273946368253,12.378465924421764,-12.360043184958084,-12.360043184958082,1.7763568394002505e-15,0.04167870190023848,-6.1286713027494875,3.592314552593336,6.231371882208594,0.027708057484932887,0.4967012960750335,6.201865818804761
9,153,1.0,223767.86646179797,0.05733078845980545,12.375695271517651,-12.318364483057845,-12.318364483057845,0.0,-0.05440891660792957,-6.089478493248125,3.5898286601944602,6.228885989809719,0.02780599666828286,0.49663164821019407,6.19874340379073
9,154,1.0,236280.13662767436,-0.004639938636335061,12.368133461029442,-12.372773399665775,-12.372773399665778,3.552713678800501e-15,-0.10359390993654216,-6.139650771286246,3.5940652987642707,6.233122628379529,0.027754854232760088,0.49659834466552655,6.202609624876691
9,155,1.0,262070.10141366697,-0.10971641732175777,12.36665089228056,-12.476367309602317,-12.476367309602319,1.7763568394002505e-15,-0.03722672507289815,-6.24115122274907,3.5961587572379874,6.235216086853247,0.027763574703690303,0.496593527611276,6.20464351499712
9,156,1.0,272009.9796990792,-0.14688765980333884,12.366706374871875,-12.513594034675215,-12.513594034675213,1.7763568394002505e-15,-0.019762403158248176,-6.281348007574336,3.5931886974856195,6.232246027100878,0.027899425316452633,0.49653443958210836,6.201131895411595
9,157,1.0,277439.0193232314,-0.17561667294230263,12.35773976489116,-12.533356437833463,-12.533356437833463,0.0,-0.007378700066054122,-6.296524047543381,3.5977750606748233,6.236832390290083,0.027858721098984403,0.4964531404877669,6.204868382545695
9,158,1.0,279493.7298573938,-0.17805529028493097,12.362679847614586,-12.540735137899517,-12.540735137899517,0.0,0.03478786461110239,-6.307363947340426,3.594313860943831,6.233371190559091,0.027845140388864417,0.4964352980813163,6.201342212877058
9,159,1.0,269937.9166718944,-0.1453486844152307,12.360598588873186,-12.505947273288415,-12.505947273288417,1.7763568394002505e-15,0.004252246974578711,-6.273072845847404,3.5938170978257533,6.232874427441012,0.027904178385175997,0.4963740325857423,6.200282159164975
9,160,1.0,268792.5109822384,-0.14007109716116606,12.361623929152671,-12.501695026313836,-12.501695026313836,0.0,-0.16961995603566216,-6.268669941639284,3.5939677550592948,6.233025084674552,0.027869715947818872,0.4963330343830288,6.2001313689749695
9,161,1.0,318480.0078585893,-0.3253081629846384,12.346006819364863,-12.671314982349498,-12.671314982349502,3.552713678800501e-15,0.11825301714572944,-6.426821028431064,3.605436624303173,6.244493953918433,0.028229355004347905,0.4962086796509084,6.210218877674888
9,162,1.0,282960.3229493382,-0.19882909925038483,12.354232865953383,-12.553061965203769,-12.553061965203769,0.0,-0.003106386690092222,-6.319770671810603,3.5942339637779073,6.233291293393165,0.02801811397061501,0.4962005552932386,6.199083565735286
9,163,1.0,283840.67377749813,-0.20885875007310528,12.347309601820754,-12.556168351893861,-12.55616835189386,1.7763568394002505e-15,0.07953268188128249,-6.319192158899754,3.5979188633788506,6.236976192994109,0.028116080070948117,0.49610541285922305,6.201828474651202
9,164,1.0,262140.4400912358,-0.12301455319679415,12.353621116815786,-12.476635670012579,-12.47663567001258,1.7763568394002505e-15,0.12282158745636806,-6.246439873734387,3.5911384666629305,6.23019579627819,0.027902904304093968,0.4960808278206474,6.195019469995664
9,165,1.0,231842.62560326178,-0.0025256343573059163,12.351288448198904,-12.35381408255621,-12.35381408255621,0.0,-0.17837820191879494,-6.123060415743823,3.591696337197128,6.2307536668123875,0.027854052407404024,0.49596570797771444,6.194620389874297
9,166,1.0,277116.2256842245,-0.18047158706265842,12.351720697412349,-12.532192284475006,-12.532192284475007,1.7763568394002505e-15,-0.058665869351059996,-6.298850460901027,3.59428449395872,6.233341823573978,0.027859890415273522,0.49601904323079377,6.197643874420444
9,167,1.0,293859.82703291735,-0.24422046142430248,12.34663769240176,-12.590858153826066,-12.590858153826062,3.552713678800501e-15,-0.04180897477716705,-6.357317845101564,3.5944829791092414,6.233540308724501,0.028022880245696644,0.4959517035560931,6.197155539916513
9,168,1.0,306406.2542254573,-0.29741655633452785,12.335250572268704,-12.632667128603233,-12.63266712860323,1.7763568394002505e-15,0.09262460055172816,-6.390902557796911,3.6027072411910637,6.241764570806324,0.027928056115705716,0.49587644821338206,6.204558576819754
9,169,1.0,279300.2167699074,-0.19598438065284135,12.344058147398664,-12.540042528051504,-12.540042528051506,1.7763568394002505e-15,0.04176553815248596,-6.306042267365642,3.594942931070604,6.234000260685861,0.02785142778657625,0.4958260439533609,6.196551883259615
9,170,1.0,267875.3367520729,-0.15989772047650697,12.338379269422514,-12.498276989899018,-12.498276989899022,3.552713678800501e-15,0.1281348698279281,-6.258796144879158,3.6004235154046014,6.239480845019861,0.027622518991627123,0.4957630733462121,6.201469532647216
9,171,1.0,235659.2347669762,-0.02814762221976984,12.34199449785132,-12.37014212007109,-12.37014212007109,0.0,0.08975076208924726,-6.141217123143195,3.5898676673126366,6.228924996927895,0.02789370195018502,0.49561186350538444,6.18966463364888
9,172,1.0,215430.01038574494,0.05750675821131737,12.337898116193161,-12.280391357981843,-12.280391357981843,0.0,0.02773999386395154,-6.048756094940813,3.5925779334257717,6.2316352630410305,0.02791004237064581,0.4954872447853859,6.1912897840865275
9,173,1.0,209536.109551136,0.08512371139914057,12.337775075517031,-12.252651364117892,-12.252651364117892,0.0,0.11357784992408604,-6.023966226354231,3.5896278081484025,6.2286851377636605,0.027794673712329555,0.4954540270118037,6.188110700712558
9,174,1.0,187039.202741438,0.20074827497781172,12.339821789171614,-12.139073514193806,-12.139073514193802,3.552713678800501e-15,-0.11047572489051305,-5.913726161645017,3.5862900229335293,6.225347352548789,0.02784411352209637,0.4953237497422185,6.183671213918236
9,175,1.0,208887.10950036586,0.08843653578891346,12.337985774873232,-12.249549239084319,-12.249549239084319,0.0,0.10776248242022923,-6.025119238365855,3.5853726711032055,6.224430000718465,0.02777436843524345,0.49533363581053325,6.182863411621349
9,176,1.0,187547.37453482012,0.1879434173228719,12.329730173986963,-12.14178675666409,-12.141786756664091,1.7763568394002505e-15,0.03950742167237031,-5.909227418379933,3.5935020086688985,6.232559338284156,0.027734341237352272,0.4951969543318512,6.189672665705944
9,177,1.0,180282.31808887993,0.22826455920420535,12.330543894195923,-12.102279334991719,-12.102279334991717,1.7763568394002505e-15,0.031929558138212855,-5.874477653537425,3.5887443518390376,6.227801681454296,0.027887175167110544,0.49510132322621553,6.18411774939477
9,178,1.0,174616.9116087096,0.2539184435964522,12.32426822044996,-12.070349776853506,-12.070349776853508,1.7763568394002505e-15,0.059237069019348,-5.842368287220897,3.5889241600173523,6.227981489632611,0.028089624708715445,0.4949715839924701,6.183100454509471
9,179,1.0,164573.5246737093,0.3039268471123801,12.315039554946537,-12.011112707834158,-12.011112707834156,1.7763568394002505e-15,-0.13156144005403725,-5.778500793466194,3.5935545847527024,6.23261191436796,0.028120433658855935,0.49482879532218893,6.186367289881341
9,180,1.0,187713.87629426032,0.16970390127706336,12.31237804916526,-12.142674147888195,-12.142674147888195,0.0,-0.044867362604074756,-5.907282660569849,3.5963341577030894,6.235391487318348,0.027913146802945155,0.49483445538507,6.189126975872733
9,181,1.0,196327.90214652312,0.12229290129251644,12.309834411784786,-12.18754151049227,-12.18754151049227,0.0,0.04144059650256793,-5.9477381958859095,3.600745984991103,6.239803314606362,0.028012219796566023,0.4947687740525594,6.1928654795422755
9,182,1.0,188358.23123862813,0.1637667877652012,12.309867701754904,-12.146100913989702,-12.146100913989702,0.0,0.03404897269076734,-5.9093228645388765,3.59772071983557,6.236778049450829,0.02787020621083043,0.4946939218737051,6.189279917913729
9,183,1.0,182052.78314621333,0.19349631928784872,12.305548260586786,-12.112051941298935,-12.112051941298937,1.7763568394002505e-15,-0.04073312316847044,-5.869317032083679,3.603677579599996,6.2427349092152555,0.027930720107032368,0.4945809176886758,6.1940653597808
9,184,1.0,189621.46311270297,0.14999963037225716,12.302784694839664,-12.152785064467405,-12.152785064467407,1.7763568394002505e-15,-0.06699681277563663,-5.909805386897356,3.6039223479547897,6.242979677570049,0.02810950248782724,0.49449097871670267,6.1935056900287
9,185,1.0,202760.72682630667,0.0747535219532569,12.294535399196302,-12.219781877243042,-12.219781877243046,3.552713678800501e-15,-0.04141562605539839,-5.96812279364366,3.612601753984123,6.251659083599381,0.028439361404899527,0.49434844568941627,6.2006602317075865
9,186,1.0,211334.50804290373,0.036778106641460175,12.2979756099399,-12.26119750329844,-12.26119750329844,0.0,0.038394673295513826,-6.014874225214762,3.60726594846842,6.246323278083679,0.028247382938732205,0.4943530215308494,6.195586096874206
9,187,1.0,203374.18354895661,0.07423331596533622,12.297036145968262,-12.222802830002927,-12.222802830002925,1.7763568394002505e-15,0.15048305256866712,-5.978949219596409,3.6047962807912577,6.243853610406517,0.028238306826595005,0.4942649395672628,6.192367046818559
9,188,1.0,174961.24608418578,0.22986208851992596,12.302181865954182,-12.07231977743426,-12.072319777434256,3.552713678800501e-15,0.016595542507223726,-5.835266144719262,3.597996303099739,6.237053632714997,0.028242213847349523,0.49418841081479237,6.184934363578466
9,189,1.0,172081.62977488968,0.23818830304172564,12.29391253796876,-12.055724234927036,-12.055724234927034,1.7763568394002505e-15,0.06580181972877774,-5.816045177250638,3.6006217280611397,6.239679057676398,0.028262587549095716,0.49405210569160063,6.186324396814618
9,190,1.0,161122.8530167138,0.30005197413246865,12.28997438933073,-11.989922415198258,-11.989922415198262,3.552713678800501e-15,0.03364168765426534,-5.751385959507921,3.5994791260750785,6.238536455690338,0.028294456790764876,0.4939328532161605,6.18411920058155
9,191,1.0,155792.57087363733,0.3281969946221671,12.284477722166159,-11.956280727543993,-11.95628072754399,1.7763568394002505e-15,-0.13414012952489607,-5.716142328956658,3.601081068972077,6.2401383985873355,0.028267525362975963,0.49382377683327233,6.184700549280842
9,192,1.0,178157.07020741203,0.19566944934113106,12.28609030641002,-12.090420857068889,-12.090420857068889,0.0,-0.07693983494535672,-5.85061694521226,3.6007465822413707,6.239803911856629,0.02814244607961382,0.4938640666152958,6.184825221522929
9,193,1.0,192405.5555918246,0.11615624129026828,12.283516933304512,-12.167360692014245,-12.167360692014244,1.7763568394002505e-15,-0.04009196866655884,-5.927951967077691,3.6003513953212964,6.239408724936554,0.028200565114779523,0.49383551857303837,6.184231200701636
9,194,1.0,200276.19356194336,0.08124491926775451,12.288697579948558,-12.207452660680804,-12.207452660680802,1.7763568394002505e-15,-0.1760813642441832,-5.974381657633757,3.594013673431788,6.233071003047047,0.028071442054527395,0.49384903276080394,6.1782199484382945
9,195,1.0,238836.38739654963,-0.10546712437134434,12.278066900553643,-12.383534024924987,-12.383534024924987,0.0,-0.03132293237455386,-6.14509172227003,3.599384973039698,6.238442302654957,0.027868105685007385,0.4938386361300122,6.183499867358373
9,196,1.0,246435.84066293013,-0.1363502346039706,12.27850672269557,-12.414856957299541,-12.41485695729954,1.7763568394002505e-15,-0.024284289327919595,-6.181198607168078,3.5946010205162047,6.2336583501314635,0.027954594554620946,0.49379847944545896,6.178421067214293
9,197,1.0,252493.616610492,-0.16426797394813908,12.274873272679322,-12.439141246627461,-12.439141246627461,0.0,0.019444592046809817,-6.202819821641425,3.597264095370778,6.236321424986037,0.027884162638602723,0.49377028628002184,6.180768554636477
9,198,1.0,247631.4062851896,-0.14879877501883476,12.270897879561817,-12.419696654580651,-12.419696654580651,0.0,0.08887159402696732,-6.183907655455285,3.5967316695101075,6.235788999125367,0.027964470066428836,0.49367185022713894,6.179344727107973
9,199,1.0,226573.58745217923,-0.07692701733296121,12.253898043220719,-12.330825060553684,-12.33082506055368,3.552713678800501e-15,0.026062942907232767,-6.081606096765496,3.610161634172929,6.249218963788189,0.027657173026711328,0.49350631013251567,6.191076385404922
9,200,1.0,220744.70188261886,-0.04795768636004543,12.256804431286406,-12.304762117646451,-12.304762117646451,0.0,0.02617316315448015,-6.059518971284449,3.606185816746742,6.245243146362001,0.02800740969290843,0.4933705517344719,6.185872913465439
9,201,1.0,215042.06830230917,-0.01924429176260092,12.259344662729369,-12.27858895449197,-12.278588954491969,1.7763568394002505e-15,0.11928914787978506,-6.045313998980743,3.5942176258959693,6.233274955511229,0.028379334432573625,0.49321561013801735,6.17272586873036
9,202,1.0,190860.83074685786,0.1041597805723295,12.263459587184514,-12.159299806612186,-12.159299806612184,1.7763568394002505e-15,-0.09157102477057322,-5.932584377198127,3.5876580997988,6.2267154294140585,0.028320181422418784,0.4931078679725767,6.165339077406938
9,203,1.0,209163.35559767438,0.00536368816719723,12.256234519549954,-12.250870831382759,-12.250870831382757,1.7763568394002505e-15,0.09824045055804476,-6.018965421829165,3.5928480799383347,6.231905409553595,0.02843476648773022,0.49299374192596956,6.169319541989394
9,204,1.0,189592.13404247834,0.10343743793940613,12.25606781876412,-12.152630380824714,-12.152630380824712,1.7763568394002505e-15,0.029215131320654564,-5.918383942444857,3.5951891087645973,6.234246438379856,0.02850948692030142,0.4928448172446476,6.170272737478208
9,205,1.0,184133.3034401905,0.1240785646771226,12.247493814181183,-12.12341524950406,-12.123415249504061,1.7763568394002505e-15,-0.05611264092904733,-5.8858333101249825,3.598524609763818,6.237581939379078,0.028753014616732075,0.4926611723425599,6.1718565069441045
9,206,1.0,194760.8920294217,0.0616595082776129,12.24118739871072,-12.179527890433107,-12.179527890433107,0.0,0.03845069513408461,-5.948364209836356,3.5921063509814917,6.231163680596751,0.028585583930357747,0.4926158286144983,6.165298244320504
9,207,1.0,187414.34536549138,0.10534074763860031,12.246417942937622,-12.141077195299022,-12.141077195299022,0.0,-0.06138314915031984,-5.919277379641925,3.582742486041839,6.221799815657097,0.028495090613251988,0.49251775551122,6.155384307289345
9,208,1.0,199278.84308596473,0.03409251593848821,12.236552860387828,-12.202460344449342,-12.20246034444934,1.7763568394002505e-15,0.14188328261730732,-5.977319730474266,3.5860832843598183,6.225140613975077,0.02856794161472011,0.49242228654076453,6.157723432473397
9,209,1.0,172918.741674465,0.17829150749247125,12.238868569324504,-12.060577061832035,-12.060577061832033,1.7763568394002505e-15,-0.061011512688915914,-5.839071587452514,3.5824481447642613,6.22150547437952,0.02856665112577452,0.49228904658795514,6.153076659574702
9,210,1.0,183797.25875688822,0.11095392094008374,12.232542495461033,-12.12158857452095,-12.121588574520949,1.7763568394002505e-15,0.12246084408744551,-5.9024969226164,3.5800343222892894,6.219091651904548,0.028477274488283404,0.49224095200319845,6.150315452176353
9,211,1.0,162612.88726598228,0.23238093517884192,12.231508665612347,-11.999127730433505,-11.999127730433505,0.0,-0.0872423944436207,-5.782214177361069,3.5778562234571787,6.2169135530724375,0.028464714726940746,0.49210887229286804,6.147060617774395
9,212,1.0,177436.8632953828,0.14247753576581093,12.228847660642936,-12.086370124877126,-12.086370124877124,1.7763568394002505e-15,-0.12361369734763095,-5.873732414594703,3.5735803806671633,6.212637710282422,0.0284798843020178,0.492002446445492,6.141849363178333
9,213,1.0,200783.7670655305,0.022486197945625536,12.232470020170384,-12.209983822224757,-12.209983822224759,1.7763568394002505e-15,0.04302724057406593,-6.0024765290751265,3.568449963534372,6.2075072931496305,0.028322648800843803,0.4920512654260041,6.137277375790779
9,214,1.0,192327.81822110107,0.06220455069776125,12.229161132348453,-12.166956581650691,-12.166956581650693,1.7763568394002505e-15,0.20821334620917575,-5.955448166080048,3.5724510859553855,6.211508415570643,0.028163048677740304,0.4919825947671472,6.140683518788884
9,215,1.0,156176.68405655885,0.2708027237268237,12.22954595916834,-11.958743235441515,-11.958743235441515,0.0,-0.06182929567803086,-5.7486628842380245,3.5710230215882333,6.2100803512034926,0.028454212657608047,0.4917748485644193,6.1375052331690725
9,216,1.0,166137.74810825946,0.20788155487924825,12.228454085998795,-12.020572531119546,-12.020572531119546,0.0,-0.14090760215500886,-5.812195308930308,3.5693198925739806,6.20837722218924,0.02834981503611971,0.4917352964481384,6.135515228943331
9,217,1.0,191277.42369425835,0.06909984007929006,12.230579973353848,-12.161480133274555,-12.161480133274559,3.552713678800501e-15,0.10153473607862828,-5.951500717904414,3.570922085754883,6.209979415370141,0.028275798966758286,0.491749356784449,6.137197111958035
9,218,1.0,172809.549510474,0.16378553730907364,12.223730934505001,-12.059945397195927,-12.059945397195927,0.0,-0.05962054824224339,-5.840586920989012,3.580301146591656,6.2193584762069145,0.028188322831562376,0.49163095888086805,6.145308153429327
9,219,1.0,183425.8807825469,0.0981758678752403,12.21774181331341,-12.11956594543817,-12.11956594543817,0.0,0.12642031716596058,-5.903429977032512,3.577078638790397,6.2161359684056565,0.028290765539708815,0.49152177492957627,6.141228216008329
9,220,1.0,161643.02416394826,0.21619815595168781,12.209343784223899,-11.99314562827221,-11.993145628272211,1.7763568394002505e-15,0.06937174382673739,-5.766812413417843,3.587275885239108,6.226333214854367,0.028142227228317718,0.4913824292472587,6.149974027761499
9,221,1.0,150809.67411362685,0.29154095002495356,12.215314834470425,-11.923773884445472,-11.92377388444547,1.7763568394002505e-15,0.042810529493712224,-5.703916029368214,3.580800525462,6.219857855077259,0.02828030882936016,0.49128501027248744,6.142733209034287
9,222,1.0,144489.67850492094,0.3297053667096562,12.210668721661419,-11.88096335495176,-11.880963354951762,1.7763568394002505e-15,-0.047289940572401434,-5.666380903323693,3.575525122012807,6.214582451628067,0.02861576898411209,0.4910750089163376,6.1357553799464934
9,223,1.0,151486.72790766103,0.28179353688453496,12.210046832408697,-11.928253295524161,-11.928253295524161,0.0,-0.07820455634310797,-5.715682886700299,3.5735130792086056,6.212570408823864,0.028640247928661267,0.4909984931390821,6.133076992797429
9,224,1.0,163809.2388206966,0.19282243039695143,12.19928028226422,-12.00645785186727,-12.00645785186727,0.0,0.01421171660304843,-5.785331410137471,3.582069112114539,6.221126441729799,0.028817289197512787,0.4908431539250049,6.1399588858726215
9,225,1.0,161497.69276600986,0.18789920244782884,12.180145337712052,-11.992246135264221,-11.992246135264223,1.7763568394002505e-15,-0.039665348766101616,-5.766894073903485,3.5862947317454776,6.225352061360738,0.028823536764602094,0.4906433701973519,6.1422874231247
9,226,1.0,168032.2970124053,0.14633158402966706,12.178243068059988,-12.031911484030323,-12.03191148403032,1.7763568394002505e-15,0.081246462080248,-5.805036427250788,3.587817727164279,6.226875056779539,0.02884015851806866,0.49052034830524993,6.142689968451129
9,227,1.0,154920.13761881014,0.22249735860746242,12.173162380557535,-11.950665021950075,-11.950665021950073,1.7763568394002505e-15,0.03272103698335549,-5.722026033746904,3.5895816585879112,6.228638988203171,0.02906573424157441,0.49030500559124074,6.142493636611645
9,228,1.0,149933.02673909315,0.24858815630412084,12.16653214127084,-11.917943984966719,-11.917943984966719,0.0,-0.06012614376098746,-5.688141024747639,3.59074563060382,6.22980296021908,0.029057161173608348,0.4901529435372009,6.14231371040976
9,229,1.0,159224.45123009477,0.19024876388705153,12.168318892614758,-11.978070128727706,-11.978070128727706,0.0,0.1052471677637623,-5.754590273796031,3.584422525316419,6.223479854931677,0.02871407418627184,0.49019205817570133,6.136617816406283
9,230,1.0,143318.2500082812,0.3001913405007731,12.173014301464713,-11.872822960963944,-11.87282296096394,3.552713678800501e-15,0.07650639262393355,-5.650735931992583,3.5830296993561035,6.2220870289713615,0.028931990017463518,0.490079859916203,6.1342127683019445
9,231,1.0,132762.42986294592,0.37900194108359275,12.175318509423604,-11.79631656834001,-11.796316568340012,1.7763568394002505e-15,0.07342198466831107,-5.573012655725314,3.584246582999437,6.223303912614695,0.028863915087447706,0.48999503633628855,6.134444956946715
9,232,1.0,123363.99629645306,0.454746149348283,12.177640733019983,-11.7228945836717,-11.7228945836717,0.0,-0.04998182324223954,-5.505078247583261,3.5787590064731805,6.217816336088439,0.02887515642609491,0.4898861552315944,6.1280844081756545
9,233,1.0,129686.64633572083,0.40793515637997646,12.180811563293918,-11.772876406913939,-11.772876406913943,3.552713678800501e-15,-0.02619572927422631,-5.557576699030853,3.5762423782678305,6.21529970788309,0.029046138562329155,0.4897952077732683,6.124859994734891
9,234,1.0,133128.77025221175,0.377086478336872,12.176158614525038,-11.799072136188165,-11.799072136188165,0.0,-0.0806679620913684,-5.5886247973777925,3.571390009195114,6.210447338810374,0.02890273565202667,0.4896841823912469,6.119377603786766
9,235,1.0,144313.03860161838,0.29099854078413595,12.17073863906367,-11.879740098279534,-11.879740098279534,0.0,0.028874746097079296,-5.667958825224545,3.5727239434397293,6.211781273054988,0.028745242536057515,0.4896207425482876,6.120194992995002
9,236,1.0,140205.6219364111,0.3182067753830135,12.16907212756547,-11.850865352182455,-11.850865352182456,1.7763568394002505e-15,-0.02237482515643663,-5.638240734607189,3.573567287960008,6.2126246175752655,0.028861795802853685,0.4895009259630042,6.1199890237496675
9,237,1.0,143378.05720441672,0.2844403690587589,12.157680546397653,-11.873240177338891,-11.873240177338895,3.552713678800501e-15,-0.12251867528680016,-5.659563057626345,3.574619790097287,6.213677119712545,0.02875726469374924,0.4893287052155156,6.1195582322546045
9,238,1.0,162065.9860577264,0.15653276510134406,12.152291617727037,-11.995758852625691,-11.995758852625693,1.7763568394002505e-15,-0.00013355607930343183,-5.7885875073988,3.568114015611633,6.207171345226891,0.02871827511536449,0.48925566896105976,6.112612374043192
9,239,1.0,162087.63240088068,0.15103847122415995,12.146930879929155,-11.995892408704995,-11.995892408704995,0.0,-0.17688766359936814,-5.793079972172913,3.563755106916823,6.202812436532082,0.028766327236716373,0.48909663171306983,6.107033054671478
9,240,1.0,193451.1050235461,-0.0469210250016847,12.12585904730268,-12.172780072304363,-12.172780072304365,1.7763568394002505e-15,0.00643801871290961,-5.968648928041147,3.565073814647957,6.204131144263216,0.028919608094607953,0.48893375443995246,6.10654883449103
9,241,1.0,192209.66368858825,-0.03888317977251574,12.127458873818936,-12.166342053591453,-12.166342053591451,1.7763568394002505e-15,-0.04651480870100855,-5.965035257265981,3.5622494667102145,6.201306796325473,0.028840984564455417,0.4888240500134052,6.103021680035751
9,242,1.0,201361.4563380967,-0.09404297206105018,12.11881389023141,-12.212856862292462,-12.21285686229246,1.7763568394002505e-15,0.17348093635677309,-6.00802316578622,3.5657763668909825,6.204833696506243,0.0289559934545646,0.4886688116881435,6.10499893764323
9,243,1.0,169291.25720373896,0.07846630612194978,12.11784223205764,-12.039375925935689,-12.03937592593569,1.7763568394002505e-15,0.006140184037269236,-5.834717135837233,3.565601460483197,6.204658790098455,0.028896654769489983,0.48848278307720655,6.103311192582261
9,244,1.0,168254.96250454333,0.08350304948778486,12.116738791386204,-12.03323574189842,-12.03323574189842,0.0,0.0832231231877465,-5.8284997203729985,3.5656786919101626,6.20473602152542,0.02876542504889445,0.4883887187168462,6.102630022621774
9,245,1.0,154819.10018133855,0.1657472095510163,12.11575982826169,-11.950012618710673,-11.950012618710673,0.0,0.052737478838846386,-5.7470993963489345,3.563855892746481,6.2029132223617385,0.028869351813245448,0.48820419458064096,6.099409740830786
9,246,1.0,146865.89050622386,0.2051741831838657,12.102449323055694,-11.897275139871827,-11.897275139871828,1.7763568394002505e-15,0.027903345127684887,-5.689137725721485,3.5690800845350816,6.2081374141503405,0.028796259386266024,0.48802746930516727,6.102959031052799
9,247,1.0,142824.4874236297,0.2366442708701945,12.10601606561434,-11.869371794744142,-11.869371794744145,3.552713678800501e-15,-0.11339374632504118,-5.667998697642284,3.5623157674866,6.2013730971018575,0.02893759552897848,0.4878385824992178,6.094884531040395
9,248,1.0,159973.83363636883,0.1066674256793967,12.089432966748578,-11.982765541069183,-11.982765541069181,1.7763568394002505e-15,0.10551427616993436,-5.782083312868369,3.561624898585553,6.2006822282008125,0.02896052662895971,0.48770487045526845,6.092834716101511
9,249,1.0,143954.31408188626,0.20620841625776756,12.083459681157018,-11.877251264899249,-11.87725126489925,1.7763568394002505e-15,0.007075872504195502,-5.671990918218273,3.566203017065718,6.205260346680978,0.02906691796020999,0.4874871841206072,6.0954906098786354
9,250,1.0,142939.3069743977,0.20545240833721487,12.075627800732269,-11.870175392395053,-11.870175392395055,1.7763568394002505e-15,0.025042411828186673,-5.664933683613024,3.5661843791667707,6.20524170878203,0.029137295449721202,0.4873384236913433,6.094188271961374
9,251,1.0,139404.21039779135,0.23695093449808882,12.082083915064956,-11.845132980566866,-11.845132980566868,1.7763568394002505e-15,0.009929298457162616,-5.644964901397938,3.5611107495536696,6.200168079168928,0.029154927637410913,0.48724353626553074,6.088511384850146
9,252,1.0,138026.87369622078,0.22475191680013112,12.059955598909832,-11.835203682109704,-11.835203682109702,1.7763568394002505e-15,-0.07846049088035656,-5.623388237144462,3.572758115349983,6.211815444965242,0.029292870422631345,0.4869297282940031,6.096997294849378
9,253,1.0,149292.71276464112,0.1305359978746768,12.044200170864741,-11.91366417299006,-11.913664172990064,3.552713678800501e-15,0.06333321009827841,-5.700556230585958,3.5740506127888443,6.213107942404103,0.02923057738770196,0.4866985693223252,6.096200513367159
9,254,1.0,140130.71756938443,0.2008754713663142,12.051206434258095,-11.850330962891782,-11.85033096289178,1.7763568394002505e-15,-0.019019738307067158,-5.640377299249612,3.5708963340269118,6.20995366364217,0.029497246333342837,0.48652089105945295,6.091686750606501
9,255,1.0,142821.4747806092,0.1836554567394737,12.053006157938324,-11.869350701198849,-11.86935070119885,1.7763568394002505e-15,0.05825270744036537,-5.660376489147909,3.5699168824356824,6.208974212050941,0.029350823762925533,0.48647455249801996,6.09035594997638
9,256,1.0,134739.4232121487,0.23388357000319632,12.044981563761684,-11.811097993758484,-11.811097993758487,3.552713678800501e-15,0.06841641031716783,-5.603332815227629,3.568707848915598,6.207765178530857,0.02966123109464568,0.48620309626312286,6.086716541793763
9,257,1.0,125829.30980613558,0.3000010292250705,12.04268261266639,-11.742681583441316,-11.74268158344132,3.552713678800501e-15,-0.05659388800069998,-5.534161329532962,3.5694629242930964,6.208520253908357,0.02978028429203932,0.48602225139671146,6.08585145076585
9,258,1.0,133155.84277681183,0.23745795122901456,12.036733422671027,-11.799275471442016,-11.799275471442012,3.552713678800501e-15,-0.07996628425792984,-5.58741861479169,3.5727995270350656,6.211856856650326,0.02964118482451316,0.48596558750940394,6.088412571378157
9,259,1.0,144241.13918645147,0.15985665187902942,12.03909840757897,-11.879241755699946,-11.87924175569994,5.329070518200751e-15,0.005354169525196184,-5.679485284426141,3.5606991416585445,6.199756471273804,0.029460242066546752,0.4859502100688903,6.076678863108065
9,260,1.0,143470.91147961494,0.15524258770877222,12.029130173883523,-11.87388758617475,-11.873887586174751,1.7763568394002505e-15,0.03151990140735528,-5.674801795054393,3.560028461505098,6.199085791120356,0.029583819324260248,0.4857528598755088,6.074282520179866
9,261,1.0,139019.249031686,0.18764219920877304,12.030009883976165,-11.842367684767394,-11.842367684767392,1.7763568394002505e-15,-0.0463938144156959,-5.643062180033971,3.5602481751181636,6.199305504733423,0.029606395751539717,0.48560058323544114,6.073476114672196
9,262,1.0,145620.8345847431,0.1412609183570925,12.03002241754018,-11.88876149918309,-11.888761499183088,1.7763568394002505e-15,-0.005343934722942478,-5.691349429014783,3.5583547405530496,6.1974120701683075,0.02938674236550653,0.48559449497127,6.071564686986983
9,263,1.0,146401.10582145097,0.13487084470218658,12.02897627860822,-11.894105433906033,-11.894105433906033,0.0,-0.011795741951170058,-5.699734242635871,3.5553138616549016,6.19437119127016,0.029446268439586268,0.48543494475726845,6.067311449251153
9,264,1.0,148138.24074275547,0.10955080497667091,12.015451980833873,-11.905901175857203,-11.905901175857203,0.0,-0.1709626984673811,-5.711821792609327,3.5550220536326163,6.194079383247875,0.029627573174813526,0.4852062031194257,6.064915454386133
9,265,1.0,175758.0960490008,-0.06563856617531394,12.011225308149271,-12.076863874324584,-12.076863874324586,1.7763568394002505e-15,0.022277837356437402,-5.890823975442245,3.54698256926708,6.1860398988823375,0.02940523600830151,0.48520226151132984,6.056815016707341
9,266,1.0,171885.87823825018,-0.03738473205949002,12.017201304908653,-12.054586036968146,-12.054586036968143,3.552713678800501e-15,0.06898697589871006,-5.871894866118706,3.5436338412341817,6.1826911708494405,0.02935954392336874,0.4850457590162081,6.052393830414897
9,267,1.0,160427.7655022932,0.048100606823286464,12.033699667892725,-11.985599061069436,-11.985599061069438,1.7763568394002505e-15,-0.11725180561313309,-5.807859895211879,3.538681836242297,6.177739165857558,0.029398931970512344,0.48494113415323176,6.047038078618454
9,268,1.0,180385.3845970497,-0.09083849556061319,12.012012371121951,-12.10285086668257,-12.102850866682564,5.329070518200751e-15,-0.10994763793893192,-5.919573705895712,3.544219831171598,6.183277160786856,0.029352346653972742,0.4847706585770823,6.050699891671323
9,269,1.0,201349.70569535682,-0.2115531423655842,12.001245362255919,-12.212798504621501,-12.212798504621503,1.7763568394002505e-15,0.08985505453487086,-6.028105751195839,3.5456354238104026,6.184692753425662,0.029450513305296827,0.4846696002883372,6.05109424519489
9,270,1.0,184046.44994522328,-0.10434874975819197,12.018594700328437,-12.12294345008663,-12.122943450086629,1.7763568394002505e-15,-0.028947077727123016,-5.939566171333174,3.5443199491381963,6.183377278753455,0.029512986742805086,0.48456347441391573,6.049299192910488
9,271,1.0,189451.91560816392,-0.14006067452410823,12.011829853289644,-12.151890527813753,-12.151890527813752,1.7763568394002505e-15,-0.023998604491239917,-5.966108784370233,3.5467244138282608,6.18578174344352,0.02965511337843045,0.48442913527580295,6.050419755598681
9,272,1.0,194053.4920597367,-0.17281550102675264,12.003073631278241,-12.175889132304993,-12.175889132304993,0.0,0.06300547981112459,-5.983558086634259,3.553273716055478,6.192331045670737,0.029782417223848612,0.4842078615843251,6.0548033059441
9,273,1.0,182204.26146840095,-0.11551659981226288,11.997367052681609,-12.112883652493869,-12.112883652493872,3.552713678800501e-15,0.12154349764854722,-5.915815213150535,3.5580111097280747,6.197068439343333,0.029862121063888577,0.4839831644943806,6.057396581221467
9,274,1.0,161351.44527735026,0.011663421525206219,12.003003576370531,-11.991340154845322,-11.991340154845325,3.552713678800501e-15,0.03790060419482444,-5.7990538225762,3.5532290026538624,6.192286332269122,0.029835480254779,0.48384489374316636,6.051690294830128
9,275,1.0,155350.5648271092,0.05271023939373274,12.006149790044232,-11.953439550650497,-11.953439550650499,1.7763568394002505e-15,0.05995439697796279,-5.764279775442453,3.550102445592786,6.1891597752080445,0.029891346409232654,0.4837013069765302,6.047445271882498
9,276,1.0,146310.32426726012,0.11694396402195946,12.010429117694493,-11.893485153672534,-11.893485153672533,1.7763568394002505e-15,0.057098771408851334,-5.705241121416084,3.549186702641191,6.18824403225645,0.029952793583195875,0.4835817635446794,6.045448501728073
9,277,1.0,138190.21467365447,0.18040363834593895,12.016790020609623,-11.836386382263683,-11.836386382263683,0.0,-0.0364782384583453,-5.6545147383203,3.5428143143281248,6.181871643943384,0.029929719380658946,0.48342606574299163,6.038022620925248
9,278,1.0,143324.22073627444,0.13934680835715335,12.012211429079183,-11.872864620722028,-11.87286462072203,1.7763568394002505e-15,-0.07715621928958427,-5.6833346283129975,3.550472662793774,6.1895299924090335,0.030012584710187425,0.4832870334979369,6.044028093977259
9,279,1.0,154820.37300098463,0.044938918738696695,11.99495975875031,-11.950020840011613,-11.950020840011614,1.7763568394002505e-15,-0.04089111372044307,-5.7663818908220685,3.5445816195742847,6.183638949189543,0.02958248689447548,0.4831342559539204,6.037401637690926
9,280,1.0,161282.3691991377,-0.01481389692990081,11.976098056802156,-11.990911953732056,-11.990911953732057,1.7763568394002505e-15,-0.01007496522773721,-5.806960103927997,3.5448945201887994,6.183951849804059,0.029386889968139228,0.482903814963014,6.035812921040148
9,281,1.0,162915.49649685257,-0.03655013481016869,11.96443678414962,-12.000986918959793,-12.00098691895979,3.552713678800501e-15,0.017732737292897482,-5.809802035380491,3.5521275539640422,6.191184883579303,0.029151237097577856,0.4827556387298302,6.041669376683919
9,282,1.0,160052.02244761345,-0.013606469947097952,11.9696477117198,-11.983254181666895,-11.983254181666897,1.7763568394002505e-15,0.03689491065334671,-5.801565252023353,3.5426316000282836,6.181688929643542,0.029641453014599736,0.48244147099071777,6.029955185188223
9,283,1.0,154254.5241025261,0.025014419877616323,11.971373690891165,-11.946359271013549,-11.946359271013549,0.0,-0.06507241110107387,-5.771268915737545,3.536033025660744,6.175090355276002,0.02981129710519021,0.4823044274688438,6.022456492791049
9,284,1.0,164626.02776844887,-0.04826558788087099,11.963166094233749,-12.011431682114623,-12.01143168211462,1.7763568394002505e-15,-0.07043060603095341,-5.843203490174205,3.5291708623251594,6.168228191940417,0.02987196541213581,0.4820977322469511,6.014077299625787
9,285,1.0,176638.80699066518,-0.13115727749059902,11.950705010654975,-12.081862288145576,-12.081862288145574,1.7763568394002505e-15,0.015107712977906473,-5.9095852225141225,3.5332197360161954,6.172277065631454,0.03002652396788493,0.48194721204500585,6.016790812893156
9,286,1.0,173990.2557458111,-0.10617857813369552,11.960575997033974,-12.06675457516767,-12.06675457516767,0.0,0.11574947452358586,-5.8929308745530395,3.5347663709993697,6.173823700614629,0.029996391604469878,0.48196993144328454,6.018332093370552
9,287,1.0,154972.83161643235,0.006007004040142282,11.957012104684225,-11.951005100644084,-11.951005100644082,1.7763568394002505e-15,0.13818068175206122,-5.779412940064497,3.532534830964329,6.171592160579587,0.02998683947545852,0.48175612203515317,6.014512369571975
9,288,1.0,134972.24165283723,0.14338692679525256,11.956211345687274,-11.812824418892022,-11.81282441889202,1.7763568394002505e-15,0.17548051163782752,-5.6423601983961325,3.531406890880633,6.170464220495893,0.0299364374385895,0.4814980348865281,6.011203714238731
9,289,1.0,113248.96534241085,0.33564377391729594,11.972987681171489,-11.637343907254195,-11.637343907254193,1.7763568394002505e-15,-0.007469143021630487,-5.458766528505022,3.539520049133914,6.178577378749172,0.0302870597213272,0.4814395457313198,6.017799350284667
9,290,1.0,114098.00491341022,0.3302919965329655,11.975105046808787,-11.644813050275825,-11.644813050275822,3.552713678800501e-15,0.10228171687310628,-5.460261487377388,3.545494233283179,6.184551562898437,0.030339757855922293,0.4814128429121699,6.022949711027303
9,291,1.0,103004.8479317534,0.43068086037978465,11.973212193782503,-11.542531333402719,-11.542531333402719,0.0,0.015747601731296967,-5.361730836852556,3.541743166934903,6.180800496550162,0.03061105043665806,0.48114751096455366,6.016946237839362
9,292,1.0,101395.47376038818,0.43163023122320515,11.958413962894628,-11.526783731671422,-11.526783731671424,1.7763568394002505e-15,-0.04557508540197297,-5.357831427778348,3.529894974277815,6.168952303893073,0.03052685505415348,0.48080014692653283,6.003223543577437
9,293,1.0,106123.50295397465,0.36866965568444315,11.941028472757838,-11.572358817073395,-11.572358817073395,0.0,0.04453432557124515,-5.406695309774315,3.52660617768382,6.165663507299079,0.03032408866142265,0.4806294452072716,5.999097463394482
9,294,1.0,101501.05703037827,0.4224914553262715,11.950315946828423,-11.52782449150215,-11.527824491502152,1.7763568394002505e-15,0.17710185423778135,-5.362098174848566,3.5266689870383243,6.165726316653583,0.030487883927189825,0.480626521907403,5.998751418723994
9,295,1.0,85026.87289937491,0.6087037153394089,11.959426352603781,-11.350722637264369,-11.350722637264372,3.552713678800501e-15,-0.07450779072236813,-5.172900165935778,3.5387651417133332,6.17782247132859,0.031045599382376086,0.48063508734719573,6.009306465926094
9,296,1.0,91604.01925110196,0.5279104747617029,11.95314090274844,-11.425230427986737,-11.425230427986738,1.7763568394002505e-15,0.08315719242478359,-5.253192988692296,3.532980109679182,6.172037439294441,0.030817396323169113,0.48046994954110683,6.002709733999828
9,297,1.0,84294.61269166916,0.6081416830250418,11.950214918586994,-11.342073235561953,-11.342073235561951,1.7763568394002505e-15,-0.07546497917529038,-5.164348432541549,3.5386674734051455,6.177724803020404,0.031110026373737124,0.4802740920396445,6.0060029273075415
9,298,1.0,90902.08477647172,0.5258955659644526,11.943433780701696,-11.417538214737244,-11.417538214737244,0.0,-0.0055538137887936045,-5.244415285167207,3.534065599954777,6.173122929570036,0.030835455080152913,0.4801167347622038,6.000713430706656
9,299,1.0,91408.34255777033,0.5186741969019262,11.941766225427966,-11.423092028526037,-11.423092028526039,1.7763568394002505e-15,-0.05991397689051148,-5.2455245149365926,3.5385101839741884,6.1775675135894454,0.030739023558908507,0.47999777389305953,6.003803525484644
9,300,1.0,97052.36968125195,0.45175284695137624,11.934758852367926,-11.483006005416549,-11.48300600541655,1.7763568394002505e-15,-0.15026374515781704,-5.313305999831229,3.53064267597006,6.1697000055853195,0.030697491822390097,0.47974046149259686,5.994473186583498
9,301,1.0,112788.50993443081,0.29479586068745606,11.928065611261824,-11.633269750574366,-11.633269750574367,1.7763568394002505e-15,-0.03987227939266447,-5.470737184661774,3.523475236297333,6.162532565912591,0.03045148019243359,0.4795796174195282,5.986521312296566
9,302,1.0,117376.50398908836,0.2229045371199533,11.896046567086984,-11.67314202996703,-11.67314202996703,0.0,0.09254762929779581,-5.517373224671922,3.516711475679851,6.155768805295109,0.030340762734973707,0.4792355595599159,5.977748179502308
9,303,1.0,107001.10073875722,0.3318963562732505,11.912490756942487,-11.580594400669234,-11.580594400669236,1.7763568394002505e-15,0.09650571227897942,-5.422596427110315,3.5189406439436604,6.15799797355892,0.0305617995619364,0.47914857992622983,5.978897995363721
9,304,1.0,97157.50353250923,0.4234919843903817,11.907580672780632,-11.484088688390255,-11.484088688390251,3.552713678800501e-15,-0.06398335524889198,-5.32093965387003,3.5240917049049676,6.163149034520226,0.03073741008063852,0.4789858107037445,5.982225421261309
9,305,1.0,103577.15196838914,0.35196382348508504,11.900035867124233,-11.548072043639147,-11.548072043639149,1.7763568394002505e-15,0.012736484302001472,-5.39133692032521,3.5176777936986747,6.1567351233139345,0.030655829376432207,0.4787771040670576,5.974583534206023
9,306,1.0,102266.30868589622,0.35949661839553265,11.894832177732674,-11.535335559337145,-11.535335559337142,3.552713678800501e-15,-0.07847945266271594,-5.377540509330537,3.5187377203913512,6.15779505000661,0.030691262121174866,0.4786184257043577,5.974294307607429
9,307,1.0,110615.44569702532,0.2770424812610489,11.89085749326091,-11.613815011999861,-11.613815011999861,0.0,-0.07397849348256003,-5.462245284935891,3.512512397448711,6.15156972706397,0.030592756783649894,0.47845253517733344,5.967061624511847
9,308,1.0,119108.90307430737,0.17889960090880958,11.866693106391232,-11.687793505482421,-11.687793505482421,0.0,0.14926274890879476,-5.538382345506264,3.5103538303608994,6.149411159976158,0.030546814713927506,0.47816728153395344,5.962743813000087
9,309,1.0,102593.59230220353,0.3380078219327064,11.876538578506333,-11.538530756573627,-11.538530756573627,0.0,-0.16818477735854032,-5.384236836564488,3.5152365903938803,6.154293920009139,0.030828952643678135,0.4779684353878948,5.965598170841978
9,310,1.0,121384.1433214616,0.15861591322680743,11.865331447158972,-11.706715533932167,-11.706715533932165,1.7763568394002505e-15,-0.0827931700887774,-5.557570874932416,3.5100873293844908,6.14914465899975,0.030594998571538502,0.47778685067761,5.959223783263693
9,311,1.0,131861.67085527885,0.05197845620347791,11.841487160224421,-11.789508704020944,-11.789508704020943,1.7763568394002505e-15,-0.022171388981934825,-5.643184007610259,3.5072673667954284,6.146324696410687,0.030444171453943063,0.4775063878281734,5.954268685745281
9,312,1.0,134817.87776054206,0.024376448906484875,11.836056541909365,-11.81168009300288,-11.81168009300288,0.0,0.05319069913114305,-5.664879414409351,3.507743348978269,6.146800678593528,0.03045510601634201,0.47730424746637923,5.953172509068908
9,313,1.0,127834.2003978665,0.08916030843955149,11.847649702311289,-11.758489393871736,-11.758489393871738,1.7763568394002505e-15,0.021785347502071062,-5.608733040678408,3.5106990235780713,6.149756353193331,0.030522177978374237,0.4772724967456284,5.955615391118756
9,314,1.0,125079.40396993997,0.09709931304349782,11.833803359413164,-11.736704046369665,-11.736704046369667,1.7763568394002505e-15,-0.04777323544421641,-5.591319647760345,3.506327068994061,6.145384398609319,0.03055715175120492,0.47702253590189647,5.949291551771348
9,315,1.0,131199.8853734645,0.045256543023363106,11.829733824837245,-11.784477281813881,-11.784477281813881,0.0,0.10502046423180822,-5.640581039123686,3.504838913074938,6.143896242690196,0.030604328210193002,0.47684466029041944,5.946324428770587
9,316,1.0,118120.05690127787,0.15608838783934817,11.835545205421418,-11.679456817582073,-11.67945681758207,3.552713678800501e-15,0.10131701297933837,-5.534464914887248,3.505934573079567,6.144991902694825,0.030757074859978417,0.4766100080043246,5.945237069683585
9,317,1.0,106738.77833724883,0.2655161766119219,11.843655981214656,-11.578139804602735,-11.578139804602735,0.0,0.0752085642289888,-5.429991719444861,3.5090907555426147,6.148148085157873,0.030989824291853006,0.47646092526924205,5.946818874694565
9,318,1.0,99005.5551702973,0.3476780307290725,11.850609271102822,-11.502931240373746,-11.50293124037375,3.552713678800501e-15,-0.048735745512431095,-5.353158816243366,3.5107150945151235,6.149772424130383,0.031216587557618573,0.47630406605640974,5.9466551448658835
9,319,1.0,103950.17594592072,0.2796350452523934,11.83130203113857,-11.551666985886177,-11.551666985886177,0.0,-0.13267532552130312,-5.403078735795132,3.509530920475786,6.148588250091044,0.031132897830386745,0.47595194550967457,5.942797479962285
9,320,1.0,118698.5436560479,0.11662923227171554,11.800971543679198,-11.68434231140748,-11.684342311407482,1.7763568394002505e-15,-0.12862241117188766,-5.54049303179369,3.504791949998531,6.1438492796137885,0.030975146414684594,0.4756259132434141,5.935919237325325
9,321,1.0,134991.18008456528,-0.04720764018684974,11.765757082392518,-11.812964722579368,-11.812964722579368,0.0,0.09390181558108424,-5.669029253244366,3.504878139719744,6.143935469335004,0.030843454338044883,0.4753853117014995,5.933881566963909
9,322,1.0,122892.20979339462,0.06380674584784432,11.782869652846129,-11.719062906998284,-11.719062906998285,1.7763568394002505e-15,-0.01462304795876257,-5.575454796686599,3.5045507806964267,6.143608110311686,0.03087973815233939,0.47530633178439374,5.933156683183111
9,323,1.0,124702.47198862955,0.05220521184789388,11.785891166804943,-11.733685954957046,-11.733685954957048,1.7763568394002505e-15,0.03068619773561032,-5.588807717227014,3.505820908114773,6.1448782377300315,0.030792199156034386,0.4752748870799724,5.933946931888405
9,324,1.0,120933.94388693442,0.07886882851666374,11.7818685857381,-11.702999757221436,-11.702999757221436,0.0,-0.016543992235119376,-5.560760512181671,3.503181915424505,6.142239245039765,0.030898874074190327,0.4749606031929761,5.928688500083032
9,325,1.0,122951.31579485271,0.05800293634640326,11.777546685802958,-11.719543749456555,-11.719543749456555,0.0,0.021046230522081544,-5.580229766879867,3.500256652961429,6.139313982576687,0.030918926757745314,0.4747647675636154,5.924350243623489
9,326,1.0,120390.6942917823,0.07216398781465969,11.770661506749134,-11.698497518934474,-11.698497518934474,0.0,-0.040256723640080594,-5.555342180371058,3.5040980089481573,6.143155338563416,0.030885037745574186,0.4746032877065248,5.926426344897554
9,327,1.0,125336.10434241784,0.025260657810806636,11.76401490038536,-11.738754242574554,-11.738754242574554,0.0,0.08945137840385087,-5.595673396420041,3.5040235165392546,6.143080846154513,0.031013849814710167,0.4744074758227742,5.924581768537226
9,328,1.0,114611.43546255934,0.11325376228698573,11.76255662645769,-11.649302864170703,-11.649302864170703,0.0,-0.07005415547329186,-5.493952352969717,3.516293181585727,6.155350511200986,0.03130305351745831,0.4741551820523012,5.933822490091016
9,329,1.0,122928.3592621016,0.04306992261624058,11.762426942260237,-11.719357019643995,-11.719357019643997,1.7763568394002505e-15,-0.07509707422960332,-5.5741011922777215,3.5061984977510146,6.145255827366273,0.0313662380021576,0.4739455555843922,5.922669181419569
9,330,1.0,132515.39334823817,-0.04225472873248603,11.752199365141113,-11.794454093873599,-11.794454093873599,0.0,0.09246476324153363,-5.648847304991625,3.506549459266715,6.145606788881973,0.0314594280877994,0.4738045106054496,5.9218440029072354
9,331,1.0,120811.81072816036,0.0694566332429689,11.771445963875035,-11.701989330632065,-11.701989330632067,1.7763568394002505e-15,0.07749418082037174,-5.556629722541211,3.5063022784755953,6.145359608090855,0.03157741169121513,0.4737631396134934,5.921089452180971
9,332,1.0,111803.16511493895,0.1654310185033699,11.789926168315063,-11.624495149811693,-11.624495149811693,0.0,-0.09394367518002511,-5.47593393854194,3.5095038816544957,6.148561211269754,0.03172497167631671,0.4736550376249942,5.92266332677248
9,333,1.0,122815.53890346526,0.034860239398269904,11.75329906438999,-11.718438824991718,-11.71843882499172,1.7763568394002505e-15,0.0974019332381566,-5.583244300767141,3.496137194609318,6.135194524224578,0.031510767025930725,0.47323880603691454,5.907365236164131
9,334,1.0,111417.18870594408,0.1484196913736736,11.769456583127235,-11.621036891753562,-11.621036891753562,0.0,-0.07837919276441774,-5.488176973764276,3.4938025883740274,6.132859917989286,0.031594322737919935,0.47305465591585993,5.903636151419652
9,335,1.0,120501.33184627866,0.044896876530848395,11.744312961048829,-11.69941608451798,-11.699416084517981,1.7763568394002505e-15,0.06236897224604654,-5.572156282274916,3.4882024726278056,6.127259802243064,0.03145382130349055,0.4728053634930502,5.89639365434017
9,336,1.0,113215.35860515322,0.11816050668143535,11.75520761895337,-11.637047112271933,-11.637047112271935,1.7763568394002505e-15,0.051273200606431146,-5.508964541330712,3.489025241325964,6.128082570941222,0.03153125272845838,0.47262854696410667,5.895655645618902
9,337,1.0,107556.75187501224,0.1703234259138792,11.756097337579382,-11.585773911665502,-11.585773911665502,0.0,-0.023149176479469347,-5.456304397813812,3.49041218423643,6.1294695138516895,0.03168006017492156,0.47240116349647165,5.894918101796994
9,338,1.0,110075.64476851422,0.13104788702243036,11.7399709751674,-11.608923088144971,-11.60892308814497,1.7763568394002505e-15,0.036776245882538916,-5.473451558774888,3.496414199754824,6.135471529370082,0.03169419880903142,0.47217373375409627,5.898534803728529
9,339,1.0,106101.00982856961,0.18096461548941245,11.753111457751846,-11.572146842262432,-11.572146842262434,1.7763568394002505e-15,0.08542811434486985,-5.430219781395057,3.502869731252118,6.141927060867376,0.03171353736188367,0.4721954988145239,5.904246168432908
9,340,1.0,97413.36792642222,0.27758160372503105,11.764300331642593,-11.486718727917562,-11.486718727917562,0.0,0.010591109747984717,-5.340221294119011,3.5074401041832926,6.146497433798551,0.032071289342327294,0.47208896994639743,5.90695403461592
9,341,1.0,96387.09652550316,0.27572340444048093,11.751851022610056,-11.476127618169578,-11.476127618169576,1.7763568394002505e-15,-0.09820012969868408,-5.335515196721607,3.5015550918327114,6.140612421447971,0.031895684977827465,0.4718124938631933,5.899439648394436
9,342,1.0,106332.65862595242,0.1385220966170095,11.712849844485271,-11.574327747868262,-11.574327747868262,0.0,-0.0512318083034522,-5.442568137939904,3.492702280313101,6.131759609928359,0.03190037587717555,0.47137832341407376,5.888250894698032
9,343,1.0,111922.23247174209,0.06825974036286672,11.69381929653458,-11.625559556171714,-11.625559556171712,1.7763568394002505e-15,-0.046428462634077405,-5.498549450156545,3.4879527763999114,6.12701010601517,0.03166245340678406,0.4711295692343433,5.882126535755057
9,344,1.0,117241.12832095748,0.023197993646363532,11.695186012452155,-11.671988018805791,-11.671988018805791,0.0,-0.0377568309760683,-5.545899905597584,3.487030783592948,6.1260881132082075,0.03164746605590903,0.4710439411928007,5.880468016805695
9,345,1.0,121752.41174979456,-0.025425353235705918,11.684319496546154,-11.70974484978186,-11.70974484978186,0.0,-0.002363636370633415,-5.587517479618592,3.4831700405480084,6.122227370163268,0.03153098623578307,0.4707909774686567,5.875117362413204
9,346,1.0,122040.53054831625,-0.029899900932291917,11.682208585220199,-11.712108486152493,-11.712108486152491,1.7763568394002505e-15,0.08965830467740687,-5.588965879735848,3.4840852768013866,6.1231426064166445,0.03170033607634557,0.4705594079382645,5.873727680868934
9,347,1.0,111574.7647976503,0.06739266430891058,11.689842845783994,-11.622450181475086,-11.622450181475084,1.7763568394002505e-15,0.00026731655899503437,-5.501657816442148,3.4817350354176777,6.120792365032936,0.031885657155689064,0.47033320866125733,5.869594339328596
9,348,1.0,111544.94300156142,0.05399732632479447,11.676180191240883,-11.622182864916091,-11.62218286491609,1.7763568394002505e-15,0.0845300231267796,-5.499919146591387,3.4832063887094447,6.122263718324703,0.03189665060435693,0.47001139853449037,5.868592982070269
9,349,1.0,102503.56339538198,0.12514165576682146,11.662794497556133,-11.537652841789312,-11.537652841789312,0.0,-0.14893584401105642,-5.414630222996579,3.483965289177473,6.123022618792732,0.032189218377662907,0.46958813092363993,5.866049713224165
9,350,1.0,118965.48473754172,-0.060024108277996105,11.626564577522373,-11.686588685800368,-11.68658868580037,1.7763568394002505e-15,-0.0019726725943680634,-5.5721314272423665,3.4753999289427426,6.114457258558001,0.03201591289387874,0.4693108799226827,5.855473930855086
9,351,1.0,119200.39631459574,-0.06264734418262724,11.62591401421211,-11.688561358394736,-11.688561358394738,1.7763568394002505e-15,-0.012144352407940318,-5.573307326728501,3.4761967020509768,6.115254031666235,0.03204707796103136,0.4691059387133546,5.854572052758878
9,352,1.0,120656.83377930705,-0.09212712865095514,11.608578582151722,-11.700705710802676,-11.700705710802676,0.0,0.1047035424574716,-5.578126725068932,3.483521656118486,6.122578985733744,0.03220107132195713,0.46877755675175986,5.858531755719467
9,353,1.0,108662.51531683726,0.017482290152729382,11.613484458497934,-11.596002168345205,-11.596002168345205,0.0,-0.013719533180221788,-5.474911589986582,3.482033248743364,6.121090578358624,0.03239574743674262,0.4685348849981308,5.855333301205049
9,354,1.0,110163.58776284069,-0.010996442103336238,11.598725259422094,-11.609721701525427,-11.60972170152543,3.552713678800501e-15,-0.03931912335996479,-5.486733094124475,3.4839312777856923,6.122988607400949,0.032494939432767454,0.46829281259692296,5.854914343757991
9,355,1.0,114581.40669845199,-0.05535730878009112,11.593683516105301,-11.649040824885391,-11.649040824885391,0.0,0.022975144018621663,-5.530120476972441,3.479863018297693,6.118920347912953,0.03231763730997287,0.46818923194896284,5.85020813430198
9,356,1.0,111978.89341506352,-0.02520112688606614,11.600864553980703,-11.62606568086677,-11.62606568086677,0.0,-0.06261985482007226,-5.510795960335298,3.4762123909162135,6.115269720531472,0.032258364784117574,0.46803975925996394,5.845621496678004
9,357,1.0,119215.19921610113,-0.09180194014117588,11.596883595545668,-11.688685535686842,-11.688685535686844,1.7763568394002505e-15,-0.05345797626769233,-5.570568264908379,3.4790599411632033,6.118117270778462,0.03224336089195898,0.4679690472219357,5.8473683344893015
9,358,1.0,125761.62285417008,-0.16697985529901305,11.575163656655523,-11.742143511954534,-11.742143511954536,1.7763568394002505e-15,0.013017674327690187,-5.624276800884508,3.478809381454768,6.117866711070027,0.03231532094802296,0.46761973649959565,5.844143393070482
9,359,1.0,124135.10868977828,-0.17181400522572665,11.557311832401114,-11.729125837626844,-11.72912583762684,3.552713678800501e-15,-0.043929633883642794,-5.618175910460695,3.4718925975508905,6.110949927166149,0.032249201108365426,0.4673209939719411,5.835482200933435
9,360,1.0,129709.87070199341,-0.22943147598439767,11.54362399552609,-11.773055471510487,-11.773055471510489,1.7763568394002505e-15,-0.06994348618802526,-5.656850391213436,3.477147750681792,6.11620508029705,0.031884102488820176,0.4671801330407576,5.839315895132974
9,361,1.0,139107.03582630234,-0.32609904135098927,11.516899916347523,-11.842998957698512,-11.842998957698512,0.0,0.005044543533108126,-5.730173469937588,3.473768158145664,6.112825487760924,0.03205087230821167,0.4669314515363692,5.8332748764609255
9,362,1.0,138407.07131340043,-0.3518490607349324,11.486105353430471,-11.837954414165404,-11.837954414165404,0.0,-0.010931419518659169,-5.72127693428407,3.4776201502660746,6.116677479881334,0.032250750323839145,0.4665692468215571,5.833168300964749
9,363,1.0,139928.35683045094,-0.3621929918314417,11.486692841852623,-11.848885833684063,-11.848885833684065,1.7763568394002505e-15,0.005568391584480636,-5.739896056668522,3.469932447400283,6.108989777015542,0.03237070467871978,0.46627997506526053,5.823782340574587
9,364,1.0,139151.34630301542,-0.3629566793910955,11.480360762708488,-11.843317442099583,-11.843317442099583,0.0,-0.03858828718376017,-5.7355450058941795,3.468715106590145,6.107772436205404,0.03245132821434911,0.46604364059380204,5.82083888383126
9,365,1.0,144625.90604771077,-0.41809435839497777,11.463811370888365,-11.881905729283343,-11.881905729283343,0.0,-0.01858434251250074,-5.77504674819675,3.467801651471334,6.106858981086591,0.0325639888788152,0.4658545016776514,5.817906777342734
9,366,1.0,147338.814147481,-0.4507858468359955,11.449704224959849,-11.900490071795844,-11.900490071795844,0.0,-0.11330881309455876,-5.792213321460721,3.4692194207198632,6.108276750335121,0.03274416597004165,0.4656238467421709,5.816624284032682
9,367,1.0,165016.19257575995,-0.6159224406939958,11.397876444196406,-12.013798884890402,-12.013798884890402,0.0,0.08559751033098806,-5.900365282077857,3.474376273197287,6.113433602812544,0.032895691482942024,0.4653089531385798,5.817234993697381
9,368,1.0,151478.86277478596,-0.5016738811224215,11.426527493436996,-11.928201374559414,-11.928201374559418,3.552713678800501e-15,0.012706685862116984,-5.81923098664985,3.469913058294306,6.108970387909564,0.032653723356766653,0.46517937160774714,5.813377148644727
9,369,1.0,149566.24569711825,-0.4670033510632955,11.448491337634001,-11.915494688697297,-11.915494688697297,0.0,0.0068989886576211745,-5.810118666490946,3.466318692591092,6.105376022206349,0.03252301757689037,0.465063497119713,5.810058152549526
9,370,1.0,148537.941074056,-0.46084464167310646,11.447751058366569,-11.908595700039676,-11.908595700039676,0.0,-0.1430318796984693,-5.80199313078406,3.467545239640356,6.106602569255615,0.0325618240031538,0.46481705469193857,5.809014533588978
9,371,1.0,171378.1126907188,-0.6529177653847177,11.398709814353428,-12.051627579738145,-12.051627579738145,0.0,0.005241065496180752,-5.933790166319441,3.4787800838034437,6.117837413418704,0.03289939567485328,0.464595692544359,5.816418401958971
9,372,1.0,170482.2584435537,-0.6400939850502099,11.406292529191756,-12.046386514241965,-12.046386514241966,1.7763568394002505e-15,0.10288822327866498,-5.9330648670152994,3.474264317611404,6.113321647226663,0.032736003211354184,0.4642635851488041,5.809982938063192
9,373,1.0,153813.83568738395,-0.49827232037156893,11.445225970591729,-11.9434982909633,-11.943498290963298,1.7763568394002505e-15,-0.007650063522921968,-5.836376088050851,3.468064873297188,6.107122202912448,0.032574318538714626,0.4642220336805744,5.804890422946859
9,374,1.0,154995.03366021445,-0.5168086244888785,11.434339729997339,-11.951148354486222,-11.951148354486218,3.552713678800501e-15,0.021271833616285818,-5.847633874706558,3.4644571501644044,6.103514479779664,0.03271809464060711,0.46393838346695776,5.798681982494666
9,375,1.0,151732.82468517657,-0.4841068671763395,11.445769653693597,-11.929876520869936,-11.929876520869938,1.7763568394002505e-15,0.11096039506142752,-5.831971860436324,3.458847330818354,6.097904660433612,0.03279369906307919,0.4638292355829072,5.792697473835708
9,376,1.0,135796.96241907403,-0.32669140947747377,11.492224716331034,-11.818916125808508,-11.818916125808508,0.0,-0.10220442104638394,-5.725409306662093,3.454449489531156,6.093506819146414,0.032763671597632014,0.46375862287041775,5.788867354434893
9,377,1.0,150410.0555322296,-0.46862929479319626,11.452491252061696,-11.921120546854892,-11.921120546854892,0.0,-0.01375085276679755,-5.827783639763925,3.454279577475712,6.09333690709097,0.03285816132622855,0.46341793570119977,5.7851636720181405
9,378,1.0,152492.6076794675,-0.49016178861690773,11.44470961100478,-11.93487139962169,-11.934871399621688,1.7763568394002505e-15,0.04810565912158715,-5.84292786651554,3.452886203490891,6.091943533106149,0.03300646161273149,0.4630474062018354,5.780527659939112
9,379,1.0,145330.50035459534,-0.4342090097800573,11.452556730720048,-11.886765740500103,-11.886765740500104,1.7763568394002505e-15,-0.0160626336964782,-5.798116081128426,3.4495923297564177,6.088649659371676,0.032984661953797435,0.4628582593110238,5.776411063913668
9,380,1.0,147683.7399635944,-0.44510520285734256,11.45772317133924,-11.90282837419658,-11.902828374196583,1.7763568394002505e-15,-0.033735733568963866,-5.813430368504007,3.450340676077315,6.089398005692574,0.0330262155232315,0.46268140210726183,5.775596432696625
9,381,1.0,152750.9517472326,-0.489886917640961,11.446677190124586,-11.936564107765545,-11.936564107765546,1.7763568394002505e-15,0.03328280548703333,-5.842946199680555,3.454560578469731,6.093617908084991,0.03292812879031896,0.4623826333397282,5.7771669641912675
9,382,1.0,147750.64522716095,-0.4514306867347614,11.451850615543748,-11.903281302278511,-11.90328130227851,1.7763568394002505e-15,-0.18701964686621153,-5.809289653700288,3.4549343189629633,6.093991648578223,0.03300209132633303,0.4621457934061511,5.775135119372872
9,383,1.0,178135.70904365982,-0.7121256804731184,11.378175268671601,-12.090300949144723,-12.09030094914472,3.552713678800501e-15,0.10640599561799036,-5.993272208448201,3.4579714110812643,6.097028740696523,0.03330164735563107,0.4618128800644426,5.773027219082406
9,384,1.0,160154.61214449315,-0.5790364733405198,11.404858480186215,-11.983894953526733,-11.983894953526734,1.7763568394002505e-15,-0.0036090694697676895,-5.89705052643121,3.4477870974802634,6.086844427095522,0.03334109123593484,0.4614601243862706,5.761691246579984
9,385,1.0,160733.6655590937,-0.5899084850686545,11.397595537927847,-11.9875040229965,-11.987504022996502,1.7763568394002505e-15,0.02654740981500403,-5.904603728202884,3.443842965178358,6.082900294793617,0.0333661932714396,0.46113559912875945,5.755418916106518
9,386,1.0,156522.74489294912,-0.5549115457446687,11.406045067436828,-11.960956613181496,-11.960956613181498,1.7763568394002505e-15,-0.05404230139794741,-5.880923547803819,3.440975735762418,6.080033065377677,0.03343531560691136,0.4609389030505266,5.751046328732319
9,387,1.0,165214.3357711035,-0.6431709556865477,11.371827958892897,-12.014998914579444,-12.014998914579445,1.7763568394002505e-15,0.03742928933119316,-5.932525063800136,3.4434165211640493,6.082473850779308,0.03359336410013133,0.46068458232926773,5.750223812509225
9,388,1.0,159144.77877807262,-0.5896981124174944,11.387871512830756,-11.97756962524825,-11.97756962524825,0.0,0.03241596674881286,-5.895557044185102,3.4429552514478914,6.0820125810631485,0.0335070630259625,0.4604867239368391,5.748898665947402
9,389,1.0,154068.6649774658,-0.549101529120631,11.396052129378809,-11.945153658499438,-11.94515365849944,1.7763568394002505e-15,0.04272626853325079,-5.866504819314351,3.43959150956983,6.078648839185088,0.03360392887021794,0.46026530819766487,5.744301307523755
9,390,1.0,147624.5329841091,-0.5215019566020973,11.380925433364089,-11.902427389966187,-11.902427389966187,0.0,0.07337451693337194,-5.825670779508819,3.4376992808421067,6.076756610457366,0.03364164749747058,0.4599287165974319,5.73972101006088
9,391,1.0,137180.50235126802,-0.45052741099802956,11.378525462034782,-11.829052873032815,-11.829052873032811,3.552713678800501e-15,0.020418178287673783,-5.752040597891518,3.4379549455260374,6.077012275141298,0.03373099257584194,0.45954700320631003,5.736863338173639
9,392,1.0,134407.92817720957,-0.4310112793422673,11.377623415402875,-11.808634694745141,-11.808634694745141,0.0,0.02343205341213661,-5.729546755140937,3.4400306099889453,6.079087939604205,0.03370507147285404,0.45926062122819733,5.7364129583867145
9,393,1.0,131295.08698275045,-0.40816774144179,11.377034899891212,-11.785202641333004,-11.785202641333003,1.7763568394002505e-15,0.0003557547266073158,-5.712188671632069,3.4339566400856767,6.073013969700937,0.03382281005318671,0.4588420849160637,5.72780281123129
9,394,1.0,131248.38644243754,-0.4042192514447556,11.38062763516164,-11.784846886606397,-11.784846886606395,1.7763568394002505e-15,0.1297668941661243,-5.712971553411505,3.4328180035796323,6.071875333194891,0.03376620991239808,0.458696226575034,5.725819378335276
9,395,1.0,115275.47670522833,-0.26317747555838955,11.391902516881883,-11.655079992440273,-11.655079992440273,0.0,-0.04379174757586313,-5.576874351105423,3.4391483117195913,6.078205641334849,0.03373455923594717,0.458539828197501,5.731253168090933
9,396,1.0,120435.75545851562,-0.3160122033111459,11.38285953670499,-11.698871740016136,-11.698871740016136,0.0,0.1340109381459964,-5.625877720213872,3.4339366901870045,6.072994019802264,0.033971059137942246,0.4581478858614011,5.722489404233734
9,397,1.0,105330.7630174497,-0.13940055864937972,11.425460243220762,-11.56486080187014,-11.564860801870141,1.7763568394002505e-15,-0.008415890944222681,-5.497009002923305,3.4287944693315757,6.067851798946834,0.0341067621442859,0.4579177774277556,5.716492946058824
9,398,1.0,106220.95586087015,-0.15576459918783386,11.41751209362653,-11.573276692814362,-11.573276692814364,1.7763568394002505e-15,0.11874379472520324,-5.508567024435474,3.425652338763629,6.064709668378888,0.034134629517633186,0.4575806043367127,5.711014898128395
9,399,1.0,94327.95744229572,-0.0022240243850927682,11.452308873704066,-11.454532898089159,-11.454532898089159,0.0,0.03190665326110853,-5.391474275444817,3.4240012930290824,6.063058622644341,0.03445070381835808,0.45746874650496877,5.708427397718118
9,400,1.0,91365.77595613104,0.06290252707717736,11.485528771905225,-11.42262624482805,-11.422626244828047,3.552713678800501e-15,-0.023466700287285036,-5.357647442543166,3.4259214726696263,6.064978802284886,0.03462245416155478,0.4573863834997883,5.708655265771951
9,401,1.0,93535.18410814574,0.008722357809268624,11.454815302924603,-11.446092945115335,-11.446092945115334,1.7763568394002505e-15,0.0624555852798494,-5.3821351009490765,3.4249005145510005,6.06395784416626,0.03462860769802566,0.45705801589039396,5.7053460637883475
9,402,1.0,87872.07651087284,0.07966429262523791,11.463301652460721,-11.383637359835486,-11.383637359835484,1.7763568394002505e-15,0.006271498694520261,-5.319647639841867,3.4249323903783577,6.063989719993617,0.03476904902151086,0.4568446219178228,5.7035843185894
9,403,1.0,87322.71136975358,0.05978786208074459,11.437153723221709,-11.377365861140966,-11.377365861140964,1.7763568394002505e-15,-0.09688684217083576,-5.31080562824143,3.427502903284278,6.066560232899536,0.03489003359141585,0.4564533677666302,5.7026894214250285
9,404,1.0,96206.5482353557,-0.05882578330951603,11.415426920002282,-11.474252703311802,-11.474252703311798,3.552713678800501e-15,0.01464059691599573,-5.408357271387432,3.426838102309111,6.065895431924369,0.03478450706996104,0.45613915133936817,5.699029193596745
9,405,1.0,94808.28760311348,-0.04005386010325637,11.41955824629255,-11.459612106395806,-11.459612106395806,0.0,0.00016570034537011225,-5.395195026300085,3.425359750480463,6.064417080095721,0.03483928604797457,0.4559024572395271,5.695747551392898
9,406,1.0,94792.57913859858,-0.04067215845589174,11.418774247594547,-11.459446406050436,-11.459446406050438,1.7763568394002505e-15,0.016563890820465943,-5.393723385781255,3.426665690653922,6.06572302026918,0.03486199842339083,0.4556371914564619,5.694585168400278
9,407,1.0,93235.37746935364,-0.014533963759899751,11.42834855147007,-11.44288251522997,-11.44288251522997,0.0,-0.11056807186536943,-5.375818262684311,3.4280069229303995,6.067064252545658,0.03502161483924171,0.4554313762520778,5.693862285208254
9,408,1.0,104135.74704865679,-0.16858040791149664,11.384870179183844,-11.55345058709534,-11.553450587095341,1.7763568394002505e-15,-0.06732331576992223,-5.488810634666346,3.4255826228137343,6.064639952428992,0.03486173291618301,0.4549242801208671,5.687556847160525
9,409,1.0,111387.89107599323,-0.27670771856172716,11.344066184303536,-11.620773902865261,-11.620773902865263,1.7763568394002505e-15,0.04859428517979225,-5.553224461523774,3.4284921117262286,6.067549441341488,0.03502574419874977,0.4545754525247802,5.686857813561738
9,410,1.0,106104.48739104025,-0.22786953152247574,11.344310086162992,-11.57217961768547,-11.572179617685467,1.7763568394002505e-15,-0.11215078438758219,-5.504170955100212,3.428951332969998,6.068008662585257,0.035190916546886546,0.45431789991071986,5.685211398044425
9,411,1.0,118697.13004381306,-0.38712258917824877,11.297207812894804,-11.684330402073051,-11.684330402073053,1.7763568394002505e-15,0.05469949369621219,-5.617701247799529,3.4275718246582643,6.066629154273523,0.03523894906836609,0.4538763259388617,5.679896112596245
9,412,1.0,112378.8361662294,-0.32368260405890026,11.305948304317939,-11.62963090837684,-11.62963090837684,0.0,0.051503798336623774,-5.573263972585905,3.417309606175676,6.056366935790934,0.03518145499406544,0.4535327310745215,5.6685337760806025
9,413,1.0,106737.42334375446,-0.2534124380685474,11.32471467197167,-11.578127110040215,-11.578127110040217,1.7763568394002505e-15,-0.03265362033739372,-5.515352975426697,3.4237168049982585,6.062774134613519,0.035181888372549375,0.45341285458161584,5.6737747661504425
9,414,1.0,110280.31597910631,-0.2865839474368195,11.324196782940792,-11.61078073037761,-11.610780730377611,1.7763568394002505e-15,0.014731664630563301,-5.559149127217695,3.4125742735446565,6.051631603159916,0.035042124084340126,0.4531684552699775,5.661831450514322
9,415,1.0,108667.61142597934,-0.26994121449314257,11.326107851253905,-11.596049065747046,-11.596049065747048,1.7763568394002505e-15,0.1686723528896863,-5.545824559324806,3.411167176806981,6.05022450642224,0.035088356887962045,0.45295752687600604,5.659027122665127
9,416,1.0,91800.8387114692,-0.06737538664604029,11.360001326211322,-11.42737671285736,-11.427376712857361,1.7763568394002505e-15,-0.040178743065656164,-5.375879950082784,3.4124394331593177,6.051496762774577,0.03543196278411759,0.45283632799262624,5.659227232925593
9,417,1.0,95564.38195488659,-0.10542446419477729,11.362130991728238,-11.467555455923016,-11.467555455923016,0.0,-0.08182537375704868,-5.422430414325661,3.4060677119820952,6.0451250415973545,0.035302352457984076,0.4525659650965344,5.651404366107561
9,418,1.0,103712.80104749091,-0.22521574600303074,11.324165083677034,-11.549380829680064,-11.549380829680064,0.0,-0.05080039536909453,-5.509787869819155,3.4005356302456513,6.03959295986091,0.03529125216050171,0.4520515059040912,5.642167522408309
9,419,1.0,109117.57232217614,-0.2909493076242732,11.309231917424889,-11.600181225049159,-11.600181225049162,3.552713678800501e-15,-0.05209471270449306,-5.5603509370795345,3.4007729583543655,6.0398302879696235,0.035300662850721774,0.4517249073643816,5.639568740903854
9,420,1.0,114952.69073078071,-0.3708833333992684,11.281392604354382,-11.652275937753652,-11.65227593775365,1.7763568394002505e-15,-0.1786067477679918,-5.613955278054466,3.399263330083925,6.038320659699184,0.035297482334799866,0.451456751888604,5.635331727032898
9,421,1.0,137431.7467426551,-0.6134712591355092,11.217411426386139,-11.830882685521644,-11.830882685521647,3.552713678800501e-15,-0.007580038654023014,-5.794212545579744,3.397612810326642,6.036670139941902,0.03533855251078167,0.4510189876205015,5.628830315169613
9,422,1.0,138477.44289701513,-0.6395329224158088,11.198929801759858,-11.838462724175667,-11.838462724175667,0.0,0.03125613319013354,-5.800783131064215,3.3986222634961933,6.037679593111453,0.035379461355144845,0.4506677345361697,5.6265665583633515
9,423,1.0,134216.11670560006,-0.6071840748310677,11.200022516154466,-11.807206590985533,-11.807206590985533,0.0,-0.01760145792319001,-5.766522228185233,3.4016270331850422,6.040684362800301,0.03547581376892431,0.45030830745159955,5.626614764995452
9,424,1.0,136599.4293942917,-0.6511380618731755,11.173669987035547,-11.824808048908723,-11.824808048908722,1.7763568394002505e-15,0.24590491427590244,-5.782910424411024,3.4028402948824414,6.041897624497699,0.035545672582210475,0.44999786269537273,5.62456725026766
9,425,1.0,106820.28635693017,-0.33703387741855173,11.241869257214269,-11.57890313463282,-11.57890313463282,0.0,-0.07048317590703412,-5.54010200812222,3.3997437968953412,6.0388011265106005,0.03577658883100982,0.4497350084096896,5.6213234194766395
9,426,1.0,114620.99976975989,-0.44506172404468197,11.204324586495174,-11.649386310539855,-11.649386310539857,1.7763568394002505e-15,0.14004332143638187,-5.608383714796821,3.4019452661277767,6.041002595743036,0.03585930314302759,0.4493173147103456,5.618974509382063
9,427,1.0,99642.39335437755,-0.24642710864393397,11.262915880459541,-11.509342989103473,-11.509342989103475,1.7763568394002505e-15,-0.0025624672437096763,-5.476714740659811,3.3935709188284022,6.03262824844366,0.036043735357650424,0.44900482768462546,5.610189083789057
9,428,1.0,99898.05114089223,-0.2538207473780794,11.258084708969099,-11.511905456347183,-11.511905456347177,5.329070518200751e-15,-0.006375520150712077,-5.479520761718081,3.393327365013844,6.032384694629101,0.03609518014363781,0.4487471704639759,5.607551398354758
9,429,1.0,100536.98779145279,-0.2516052243455133,11.266675752152382,-11.518280976497895,-11.518280976497895,0.0,-0.1222820415982202,-5.490804024812806,3.38841962206983,6.027476951685089,0.036099314988993866,0.4484046387009082,5.600387218215798
9,430,1.0,113614.11372581482,-0.4028748219870839,11.237688196109032,-11.640563018096115,-11.640563018096115,0.0,0.02617509321075495,-5.615007728098513,3.386497960382344,6.0255552899976035,0.03591391234016847,0.44805257559116796,5.595179592716037
9,431,1.0,110678.83686827595,-0.3641223575450846,11.250265567340275,-11.61438792488536,-11.61438792488536,0.0,-0.08122569630276288,-5.590859751552526,3.3844708437175757,6.023528173332833,0.03606517832436812,0.447670762791085,5.590393680819976
9,432,1.0,120043.99999556653,-0.4854214216591824,11.21019219952894,-11.695613621188123,-11.695613621188123,0.0,-0.03413901035182043,-5.676234765138385,3.380321526434479,6.019378856049738,0.03600825144379164,0.44722355597509605,5.582866211778716
9,433,1.0,124212.9402099203,-0.523125828960002,11.206626802579942,-11.729752631539943,-11.729752631539943,0.0,0.007525955733580503,-5.713378237766522,3.377317064158162,6.016374393773421,0.03607513093343881,0.44694413223995894,5.577711958569106
9,434,1.0,123281.6280232981,-0.5060605024910779,11.216166173315285,-11.722226675806363,-11.722226675806363,0.0,-0.0587786683852336,-5.701857295469509,3.3813120507215944,6.020369380336853,0.03606414644261125,0.4467389291891242,5.579720172786881
9,435,1.0,130745.15740575366,-0.5964079684289716,11.184597375762625,-11.781005344191597,-11.781005344191597,0.0,-0.09410416065760963,-5.759859651354499,3.3820883632218375,6.021145692837096,0.03594969140343118,0.4464282794997628,5.5771503115961725
9,436,1.0,143646.32841638254,-0.701615231824957,11.173494273024252,-11.875109504849206,-11.87510950484921,3.552713678800501e-15,0.11548934589991688,-5.851829769051726,3.384222406182221,6.02327973579748,0.036170050571130825,0.4462172772503544,5.5766140594947275
9,437,1.0,127978.83260450649,-0.5403275660241976,11.219292592925093,-11.75962015894929,-11.759620158949291,1.7763568394002505e-15,-0.1535764236747479,-5.7438723273824195,3.3766905019516105,6.01574783156687,0.036164688454799365,0.4460051788407766,5.569218994156787
9,438,1.0,149222.9212486269,-0.7583710017368007,11.154825580887236,-11.913196582624037,-11.913196582624037,0.0,-0.04221601990043489,-5.892980253420514,3.3811589995882634,6.020216329203522,0.0362638899119725,0.4456238757160133,5.568811256642012
9,439,1.0,155657.3821338605,-0.8471199594758674,11.108292643048607,-11.955412602524472,-11.955412602524474,1.7763568394002505e-15,-0.03963422701329122,-5.932267582459481,3.3840876904497312,6.023145020064989,0.03647646406293174,0.445209449726252,5.566286436847602
9,440,1.0,161950.6324059905,-0.9036273144503222,11.091419515087445,-11.995046829537763,-11.995046829537767,3.552713678800501e-15,0.06389094759476777,-5.973482016548311,3.3825074833741935,6.0215648129894515,0.036655053146292346,0.4448211958802049,5.56072483662497
9,441,1.0,151927.06998302607,-0.831422045642319,11.099733836300677,-11.931155881942995,-11.931155881942995,0.0,-0.12343615290666143,-5.911829183003734,3.380269369324003,6.0193266989392615,0.0365867732370847,0.444706325366043,5.557878011141686
9,442,1.0,171886.90919247273,-1.0325551503868993,11.022036884462759,-12.054592034849657,-12.054592034849659,1.7763568394002505e-15,0.03515725946144954,-6.026998050821897,3.3885366544125017,6.027593984027761,0.03683536597060011,0.44424925914000757,5.558774035929489
9,443,1.0,165948.83142405676,-0.9741779054090351,11.04525686997917,-12.019434775388207,-12.019434775388206,1.7763568394002505e-15,-0.03789859910009952,-5.993863553074232,3.3865138926987166,6.0255712223139755,0.03688241002545552,0.4439542898300842,5.55492768181486
9,444,1.0,172358.7560407497,-1.0223472629385362,11.03498611154977,-12.057333374488307,-12.057333374488307,0.0,0.09880947175899202,-6.0316295142572445,3.386646530615803,6.025703860231062,0.03693361954221029,0.44378713302340006,5.553048393876835
9,445,1.0,156142.43315717086,-0.8822397087959001,11.076284193933414,-11.958523902729315,-11.958523902729315,0.0,0.14440550681525366,-5.939630169010294,3.379836404103762,6.01889373371902,0.03677950279057337,0.4433921707054501,5.545849654664349
9,446,1.0,135147.0056780804,-0.6653784385806216,11.148739957333438,-11.814118395914061,-11.81411839591406,1.7763568394002505e-15,-0.017884667286413247,-5.797833987263432,3.3772270790353702,6.016284408650629,0.03664848372832059,0.44328808426195554,5.544259818810635
9,447,1.0,137585.80849162515,-0.6886867960282563,11.143316267172217,-11.832003063200474,-11.832003063200474,0.0,-0.0646065258991424,-5.8225982148921505,3.3703475186930647,6.009404848308324,0.036711540238744324,0.4429792718016168,5.5356375576390375
9,448,1.0,146768.17631986918,-0.7883675611408831,11.108242027958733,-11.896609589099617,-11.896609589099615,1.7763568394002505e-15,-0.07734979915820084,-5.886124023235618,3.371428236248743,6.010485565864002,0.03652642542410703,0.44272800974965665,5.533994415477086
9,449,1.0,158571.26429541665,-0.8908309467619141,11.083128441495903,-11.973959388257818,-11.973959388257818,0.0,-0.0927577562856019,-5.962310937758002,3.3725911208845565,6.011648450499815,0.03660304844834988,0.44246091860901365,5.532032412846393
9,450,1.0,173983.74330380833,-1.0217096144098907,11.04500753013353,-12.06671714454342,-12.066717144543421,1.7763568394002505e-15,0.16592893876732795,-6.053270208082011,3.374389606846151,6.013446936461408,0.03688095035061008,0.4421818435756816,5.5296729667484525
9,451,1.0,147382.74740326044,-0.7766647712530211,11.12412343452307,-11.900788205776092,-11.900788205776092,0.0,0.09095590542526821,-5.892066521936499,3.3696643542243327,6.008721683839592,0.03673895217772834,0.4420914311656197,5.527567378280302
9,452,1.0,134568.99229183552,-0.6683378913953938,11.141494408955431,-11.809832300350823,-11.809832300350825,1.7763568394002505e-15,-0.05572492279392627,-5.805490064344522,3.3652849063910426,6.004342236006302,0.03672366333492331,0.44173243098684,5.521256438967924
9,453,1.0,142280.7109866544,-0.7698568990727661,11.095700324071988,-11.86555722314475,-11.865557223144753,3.552713678800501e-15,0.09300043654735823,-5.862494189576436,3.3640057039530546,6.003063033568314,0.03684695273651115,0.4411185015098206,5.513871861745181
9,454,1.0,129645.20247227006,-0.6253210605883491,11.147235726009043,-11.772556786597391,-11.772556786597393,1.7763568394002505e-15,-0.1897116848786684,-5.772763231832163,3.3607362251499704,5.999793554765229,0.03701436516331095,0.4410568097381897,5.511016364043683
9,455,1.0,156728.21529868536,-0.9041572443223723,11.058111227153685,-11.96226847147606,-11.962268471476056,3.552713678800501e-15,0.005699277566662886,-5.958074804177082,3.365136337683718,6.004193667298976,0.03705473303772412,0.44058642552123367,5.508900376221115
9,456,1.0,155837.51827290884,-0.9093676889757296,11.047201504933671,-11.956569193909397,-11.9565691939094,3.552713678800501e-15,0.12625560788296042,-5.9574663561210714,3.3600455081730667,5.999102837788326,0.037264086799138924,0.44007953729608534,5.499960112693344
9,457,1.0,137353.55665603807,-0.7416608373419501,11.088652748684487,-11.830313586026437,-11.830313586026437,0.0,0.024508183374402748,-5.832900534213223,3.3583557221979548,5.997413051813212,0.0372088266137475,0.4397160716391281,5.496966389910577
9,458,1.0,134028.1863423683,-0.6967812535009865,11.109024149151045,-11.805805402652034,-11.805805402652032,1.7763568394002505e-15,0.15383802143008118,-5.806170846211222,3.3605772268255536,5.999634556440812,0.0372397912109668,0.4395018257399167,5.496997789790233
9,459,1.0,114917.22679881477,-0.4851123364504055,11.166855044771548,-11.651967381221953,-11.651967381221954,1.7763568394002505e-15,0.04812561220956724,-5.6619969455565755,3.3509131060501196,5.989970435665378,0.03761754359910473,0.4390740758956036,5.486108917015309
9,460,1.0,109517.73395060543,-0.4207363958894207,11.183105373122963,-11.603841769012385,-11.603841769012384,1.7763568394002505e-15,0.06591723218932977,-5.613737814440164,3.3510466249569646,5.9901039545722226,0.03780472173202129,0.43888161043613133,5.4844397887079035
9,461,1.0,102531.4168881541,-0.34024276130403114,11.197681775519024,-11.537924536823056,-11.537924536823056,0.0,-0.024034013951254707,-5.550068230512947,3.348798976694849,5.987856306310109,0.03807174422669383,0.43872153966522276,5.481225420375601
9,462,1.0,105025.50986996244,-0.36281229561639017,11.199146255157922,-11.56195855077431,-11.561958550774312,1.7763568394002505e-15,0.1087270742356683,-5.573994006509722,3.3489072146493295,5.987964544264588,0.03791936678575192,0.43848599631545804,5.479553643305634
9,463,1.0,94205.2768525611,-0.23917895926126181,11.21405251727738,-11.453231476538642,-11.453231476538642,0.0,-0.15613181556097544,-5.462345047191129,3.3518290997322544,5.990886429347513,0.038324361257726,0.438155790341006,5.4795071161554745
9,464,1.0,110124.1111694197,-0.45634685824383614,11.153016433855782,-11.609363292099617,-11.60936329209962,1.7763568394002505e-15,-0.08420695860792371,-5.623101246554597,3.347204715929762,5.986262045545021,0.038025439249974716,0.43752327447459144,5.470768086103219
9,465,1.0,119798.95607262618,-0.5681690099304975,11.125401240777045,-11.693570250707541,-11.693570250707541,0.0,0.14688668142845884,-5.711667276633323,3.342845644458959,5.9819029740742184,0.037893095658597435,0.43719377802190146,5.463566635566743
9,466,1.0,103433.43754357804,-0.3590699481926023,11.18761362108648,-11.546683569279082,-11.546683569279082,0.0,-0.0037750469706274714,-5.5646961542759374,3.342930085387887,5.981987415003145,0.03831866437002156,0.4369970748968585,5.461460800894679
9,467,1.0,103824.64157084086,-0.349027838669205,11.201430777580502,-11.55045861624971,-11.550458616249706,3.552713678800501e-15,-0.029433381704503603,-5.567196026485966,3.3442052601484846,5.983262589763744,0.038433658845914216,0.436721240801409,5.460078552239052
9,468,1.0,106925.96926445277,-0.39463511018090025,11.185256887773313,-11.579891997954213,-11.579891997954213,0.0,0.02136748234680752,-5.6015662034269,3.3392684649120548,5.978325794527313,0.03845076290599838,0.43636357044837115,5.452476708162083
9,469,1.0,104665.46712918342,-0.3660727507084825,11.192451764898923,-11.558524515607406,-11.558524515607406,0.0,0.019292941954320852,-5.5810611172516715,3.3384060687404755,5.977463398355733,0.03851953862171618,0.43617821523607236,5.450452798556803
9,470,1.0,102665.51684396171,-0.32484638077665917,11.214385192876428,-11.539231573653085,-11.539231573653087,1.7763568394002505e-15,-0.020147203186168028,-5.5608362536669915,3.339337990370833,5.978395319986093,0.038759777104634664,0.43592629642588043,5.448010100309519
9,471,1.0,104754.91698139589,-0.4038522468538871,11.15552652998537,-11.559378776839253,-11.559378776839257,3.552713678800501e-15,0.0829918224685624,-5.579312736167765,3.341008711056229,5.980066040671488,0.03862544112043414,0.4355459779242899,5.446476951611617
9,472,1.0,96412.09643050254,-0.3062769258009464,11.170110028569741,-11.47638695437069,-11.476386954370687,3.552713678800501e-15,-0.04681364308729208,-5.498686043803404,3.3386435809520276,5.977700910567287,0.039011138760308456,0.4350773745598485,5.440952594623341
9,473,1.0,101032.81029322318,-0.35923208220057523,11.163968515257409,-11.523200597457983,-11.523200597457985,1.7763568394002505e-15,0.004470972379854388,-5.550491748181381,3.3336515196613448,5.972708849276602,0.03907204352052902,0.4348080097994581,5.433932128881241
9,474,1.0,100582.10368812116,-0.332706571305055,11.186023053773075,-11.518729625078128,-11.51872962507813,1.7763568394002505e-15,-0.015050198806255466,-5.546330348679428,3.333341946783441,5.9723992763987,0.03915460753537615,0.43471850168747667,5.432517183262517
9,475,1.0,102107.33305792512,-0.367669015544813,11.166110808339573,-11.533779823884384,-11.533779823884386,1.7763568394002505e-15,-0.03854846744533447,-5.560011885185466,3.334710609083658,5.9737679386989155,0.039186304588215835,0.4342026200134653,5.429491502528809
9,476,1.0,106120.26350456905,-0.41760760844492106,11.154720682884797,-11.572328291329718,-11.572328291329718,0.0,-0.15905290269274808,-5.60212028822253,3.3311506734919307,5.970208003107189,0.0391614731013192,0.43384872479852915,5.4230597391455815
9,477,1.0,124415.39355340418,-0.6189909561571598,11.112390237865307,-11.731381194022466,-11.731381194022468,1.7763568394002505e-15,-0.036687231899177775,-5.755887029854838,3.3364368345523716,5.975494164167629,0.03894220486458544,0.4334427512391521,5.423822373097056
9,478,1.0,129064.6119681723,-0.6777949560842241,11.09027346983742,-11.768068425921644,-11.768068425921644,0.0,-0.014763500081739878,-5.796176083757176,3.332835012549208,5.971892342164468,0.03893005870219683,0.4332522405119184,5.419170623206348
9,479,1.0,130984.19237425359,-0.7011014417754431,11.081730484227942,-11.782831926003384,-11.782831926003384,0.0,0.0006049306922086828,-5.808093522314513,3.3356810740736123,5.97473840368887,0.0389964099148999,0.4330857176032389,5.41927400771663
9,480,1.0,130904.97997751292,-0.6908684634886981,11.091358531822475,-11.782226995311175,-11.782226995311174,1.7763568394002505e-15,-0.027080907481197514,-5.8079288426922675,3.3352408230036494,5.974298152618908,0.038794015790052774,0.4327901226896338,5.41666374052221
9,481,1.0,134498.44314035258,-0.7279505307918792,11.081357372000495,-11.809307902792373,-11.809307902792375,1.7763568394002505e-15,-0.08120944219996318,-5.8300764105994745,3.3401741625776404,5.979231492192901,0.03891818410573747,0.4325610641409158,5.418169135440401
9,482,1.0,145876.7469224424,-0.8433753195929107,11.047142025399424,-11.890517344992336,-11.890517344992334,1.7763568394002505e-15,0.035845849137079,-5.910449363104604,3.3410106522724727,5.980067981887731,0.03897182023567883,0.4321543524427491,5.4152206077599105
9,483,1.0,140740.28152738966,-0.811610554118353,11.043060941736904,-11.854671495855257,-11.854671495855257,0.0,0.02236425264613473,-5.882688222615445,3.332925943624553,5.971983273239812,0.039132261999733214,0.431698409337409,5.405044448369211
9,484,1.0,137627.6657097836,-0.7642302266943681,11.068077016514751,-11.832307243209122,-11.832307243209119,3.552713678800501e-15,0.02674729748372684,-5.856890552974085,3.336359360619778,5.975416690235035,0.039219840717434604,0.4314128296266159,5.406361132711603
9,485,1.0,133995.2922328745,-0.7441575035743694,11.061402442151024,-11.805559945725395,-11.805559945725394,1.7763568394002505e-15,-0.05163060063017966,-5.834760257924411,3.3317423581857253,5.970799687800984,0.039275755227249125,0.4309791338082928,5.3987101905859545
9,486,1.0,141095.26032102667,-0.8360724123066335,11.02111813404894,-11.857190546355575,-11.857190546355573,1.7763568394002505e-15,-0.14392962405760024,-5.897858292783353,3.3202749239569624,5.959332253572221,0.03933141242574323,0.43047318973592935,5.384598365127403
9,487,1.0,162937.2066699632,-1.080761149320061,10.920359021093116,-12.001120170413175,-12.001120170413177,1.7763568394002505e-15,-0.13536043170834944,-6.043590011945555,3.318472828852362,5.9575301584676215,0.039167853661094716,0.4300318288149888,5.3781074695646085
9,488,1.0,186554.85474191123,-1.315708925618523,10.820771676503002,-12.136480602121525,-12.136480602121525,0.0,0.06809067825470194,-6.170557597416434,3.326865675089833,5.9659230047050915,0.03939101872700767,0.4296215850318129,5.378339057423173
9,489,1.0,174275.02326784437,-1.2264361917657562,10.841953732101066,-12.068389923866823,-12.068389923866823,0.0,-0.015521515004529363,-6.104191850581393,3.325140743670172,5.96419807328543,0.03930272044395422,0.42920746313838826,5.374297254120182
9,490,1.0,177001.13763847915,-1.2863088125825037,10.797602626288848,-12.083911438871352,-12.083911438871352,0.0,0.13680494189964598,-6.122602650108988,3.322251459147103,5.961308788762362,0.03962753469827544,0.4286429253013123,5.36516075720471
9,491,1.0,154369.83016157392,-1.0980192146077674,10.849087282363936,-11.947106496971706,-11.947106496971703,3.552713678800501e-15,-0.05935788377096962,-5.992747896194933,3.315301271161515,5.954358600776773,0.03948197291224702,0.4283459869421706,5.359466831535619
9,492,1.0,163810.30831429854,-1.1970160037636528,10.809448376979025,-12.006464380742676,-12.006464380742678,1.7763568394002505e-15,0.023102774054269304,-6.048220321565422,3.319186729561996,5.958244059177254,0.03971287457006305,0.42795319926770564,5.3572535355305835
9,493,1.0,160069.21696311166,-1.1258689120768572,10.857492694611551,-11.983361606688407,-11.983361606688408,1.7763568394002505e-15,-0.08612931501364862,-6.0342220550316386,3.3100822220415083,5.949139551656766,0.03966662389824818,0.42781731521404986,5.3498593301899815
9,494,1.0,174467.0053577367,-1.235419327762873,10.834071593939182,-12.069490921702055,-12.069490921702055,0.0,-0.018662496514908256,-6.120468361517653,3.3099652305691447,5.949022560184402,0.039759764424652025,0.42739524237655113,5.344396364852812
9,495,1.0,177753.5675763265,-1.2721493619772841,10.81600405623968,-12.088153418216963,-12.088153418216965,1.7763568394002505e-15,-0.0692495976119396,-6.140136633418633,3.3089594551830723,5.948016784798332,0.03987869008532519,0.426836032657251,5.3384798004127365
9,496,1.0,190499.15080623474,-1.4217356836830244,10.735667332145878,-12.157403015828903,-12.157403015828903,0.0,0.15430045106004897,-6.198596315606317,3.3197493706073273,5.958806700222587,0.0401860425300009,0.4262661358298983,5.339792722168121
9,497,1.0,163260.5328428998,-1.1363494091232946,10.866753155645558,-12.003102564768854,-12.003102564768852,1.7763568394002505e-15,-0.11839451929352052,-6.064501665678421,3.2995435694751762,5.938600899090434,0.03991143567339461,0.426199399682565,5.326940956810099
9,498,1.0,183780.443830614,-1.3140839205216719,10.8074131635407,-12.121497084062375,-12.121497084062371,3.552713678800501e-15,0.11933775733943186,-6.176600611193914,3.3058391432532024,5.944896472868463,0.04002628918388498,0.42574479854759484,5.326436638872969
9,499,1.0,163106.611900383,-1.1230994151692373,10.879059911553707,-12.002159326722943,-12.002159326722944,1.7763568394002505e-15,0.017392449712938074,-6.068776613620661,3.294325383487023,5.933382713102281,0.04000450200192454,0.42545850037624294,5.316707876486442
9,500,1.0,160294.3156082906,-1.1241579242282151,10.860608952781789,-11.984766877010005,-11.984766877010003,1.7763568394002505e-15,,-6.051071137983337,3.2946384094114074,5.933695739026666,0.040111036476068056,0.4250742203525659,5.31289776387552
