seed,epoch,temperature,Z,E,S,F,F_check,err,delta_F,F_data,KL,NLL,data_mass,recon_sq,recon_ce
4,1,1.0,284979.57420446863,-0.09691626785198243,12.463256519372425,-12.560172787224404,-12.560172787224408,3.552713678800501e-15,0.010849878637511523,-6.313666697486053,3.6074487601230922,6.246506089738352,0.027411612810865283,0.4997137725015719,6.243915997803994
4,2,1.0,281904.29378823395,-0.08309758356641633,12.466225325020474,-12.549322908586893,-12.549322908586891,1.7763568394002505e-15,0.015056432757990734,-6.305832702015087,3.6044328769565466,6.243490206571805,0.027322750490072375,0.4997364386827836,6.241109562451797
4,3,1.0,277691.61429030926,-0.07138247224874841,12.462884003580156,-12.534266475828902,-12.534266475828904,1.7763568394002505e-15,-0.08221387292235605,-6.2877441633643185,3.6074649828493266,6.2465223124645854,0.02717823212043825,0.4997381682340878,6.24415026664865
4,4,1.0,301486.44896550477,-0.16458763151504582,12.451892717236213,-12.616480348751258,-12.616480348751258,0.0,0.0412654786129778,-6.358213431762894,3.619209587373107,6.258266916988367,0.026937934421583806,0.4997437416875008,6.25590164939336
4,5,1.0,289298.6631981422,-0.12917188781791605,12.446042982320362,-12.57521487013828,-12.575214870138279,1.7763568394002505e-15,0.050030682469493826,-6.311701290223117,3.624456250299906,6.263513579915164,0.02686288110417342,0.49970302562767027,6.260736466797526
4,6,1.0,275180.957541929,-0.09238091213326415,12.432803275535523,-12.525184187668787,-12.525184187668787,0.0,0.1746339682274627,-6.249488045971007,3.6366388120825226,6.275696141697781,0.026739591088905914,0.4996248828743184,6.272093389022565
4,7,1.0,231087.15655353497,0.09110601225048713,12.44165623169181,-12.350550219441324,-12.350550219441324,0.0,-0.10645938996348647,-6.086835314343454,3.624657575482611,6.263714905097869,0.02691476355413841,0.4995910953150198,6.259903009860386
4,8,1.0,257045.8131834318,-0.021565060515217466,12.435444548889594,-12.45700960940481,-12.45700960940481,0.0,-0.143377027651729,-6.185115585250043,3.6328366945395083,6.271894024154768,0.026765203495668913,0.49961182541174776,6.26819920540712
4,9,1.0,296673.24799784325,-0.1655057649192547,12.434880872137285,-12.60038663705654,-12.60038663705654,0.0,-0.17873604433587786,-6.325877467681545,3.635451839759733,6.274509169374992,0.026628040468814625,0.4996918862875281,6.2715468981581495
4,10,1.0,354733.7125137149,-0.3439071406217099,12.435215540770706,-12.779122681392417,-12.779122681392415,1.7763568394002505e-15,-0.01501405547426593,-6.50445111364789,3.6356142381292718,6.274671567744531,0.026816247262775803,0.49971735908525783,6.27196214290076
4,11,1.0,360099.88737143885,-0.3693177271386345,12.424819009728049,-12.794136736866683,-12.794136736866683,0.0,0.25923770489466236,-6.509223399926486,3.6458560073249378,6.284913336940197,0.026558588044247648,0.49971847224848626,6.2821109801850605
4,12,1.0,277867.32539453125,-0.0909321923633086,12.443966839608708,-12.53489903197202,-12.534899031972015,5.329070518200751e-15,-0.16781270827299366,-6.27058488319313,3.625256819163632,6.264314148778891,0.02679460728008324,0.4996813072461377,6.261330506172592
4,13,1.0,328637.8751924039,-0.2528895022124542,12.449822238032562,-12.702711740245014,-12.702711740245016,1.7763568394002505e-15,0.051893219338266405,-6.443035259179014,3.6206191514507404,6.259676481065999,0.027124107025641588,0.4997111860039271,6.257003609642622
4,14,1.0,312018.73744654487,-0.20211469191196096,12.448703828994784,-12.650818520906748,-12.650818520906745,3.552713678800501e-15,-0.05957000521638811,-6.39028202819303,3.6214791630984577,6.260536492713717,0.027030096625027727,0.499701654768635,6.257772565438139
4,15,1.0,331170.4664342739,-0.2687399625732178,12.441648563549919,-12.710388526123136,-12.710388526123136,0.0,0.04519563754241673,-6.442784030489756,3.628547166018122,6.267604495633379,0.02699697447839784,0.4996769603312195,6.264584661338609
4,16,1.0,316536.19954653765,-0.21727325273855136,12.447919635842167,-12.66519288858072,-12.665192888580718,1.7763568394002505e-15,-0.18316197014289592,-6.404070526403667,3.6220650325617925,6.261122362177052,0.027027914802946054,0.4996880957230134,6.2582367864398964
4,17,1.0,380162.7991311424,-0.4114885699017946,12.436866288821818,-12.848354858723615,-12.848354858723614,1.7763568394002505e-15,0.009602315354714008,-6.576598705945513,3.6326988231628428,6.271756152778102,0.027227000052984424,0.49965592795851554,6.268517174928233
4,18,1.0,376529.82643714326,-0.38810424718440933,12.450648296184495,-12.838752543368901,-12.838752543368905,3.552713678800501e-15,0.19684492011567478,-6.580174194542081,3.619521019211562,6.258578348826821,0.027454691618631108,0.4996795191484228,6.255647667725763
4,19,1.0,309250.72148062557,-0.18746805236679695,12.454439570886429,-12.641907623253227,-12.641907623253225,1.7763568394002505e-15,-0.08301007728231902,-6.387642758476703,3.615207535161264,6.254264864776523,0.02731648904374208,0.4996504237767448,6.251079633508952
4,20,1.0,336017.22433577816,-0.2722166621336548,12.45270103840189,-12.724917700535546,-12.724917700535546,0.0,0.01588654347441576,-6.469124265568202,3.6167361053520843,6.255793434967343,0.02759432871221927,0.4996166354695317,6.2522883962888525
4,21,1.0,330721.25083353656,-0.25028660951837844,12.45874454754275,-12.70903115706113,-12.709031157061128,1.7763568394002505e-15,-0.018636660437644892,-6.45905630095052,3.6109175264953506,6.249974856110611,0.027527470163204247,0.49964182814483327,6.246731642230591
4,22,1.0,336942.5828432075,-0.2715564302403288,12.456111387258446,-12.727667817498775,-12.727667817498775,0.0,0.23506322383775924,-6.475320323347445,3.613290164536071,6.25234749415133,0.027595337724715428,0.4996172604681162,6.248874815751165
4,23,1.0,266360.1431516129,-0.03119465558762591,12.461409938073388,-12.492604593661015,-12.492604593661014,1.7763568394002505e-15,0.11407254862708527,-6.247740630532013,3.605806633513743,6.244863963129002,0.02733236954541286,0.49961535581689237,6.241392092193734
4,24,1.0,237644.71543375208,0.07702087263762097,12.455552917671548,-12.37853204503393,-12.378532045033927,3.552713678800501e-15,-0.033768586557522795,-6.130428742955627,3.609045972463044,6.248103302078304,0.02734654329246672,0.49953424212401326,6.243882389060681
4,25,1.0,245806.6749069703,0.039093166424266815,12.45139379801572,-12.412300631591453,-12.412300631591453,0.0,0.006746500639318143,-6.159752694145309,3.6134906078308853,6.252547937446144,0.0273492450821382,0.49951488110995074,6.248127257942718
4,26,1.0,244153.9214375196,0.046553573122821185,12.452107704074955,-12.405554130952135,-12.405554130952133,1.7763568394002505e-15,0.0715939468500224,-6.154433803242341,3.6120629980945345,6.251120327709794,0.027479091732751676,0.4994864695286663,6.246446372254795
4,27,1.0,227285.03830207183,0.11622778702202241,12.450187971124134,-12.333960184102112,-12.33396018410211,1.7763568394002505e-15,-0.0341321780382291,-6.08262772508054,3.612275129406315,6.251332459021574,0.027411514177001942,0.49946400333332036,6.24644717134126
4,28,1.0,235176.6851055092,0.0855303278826774,12.453622690023021,-12.368092362140342,-12.368092362140343,1.7763568394002505e-15,0.01018906135949571,-6.119505742711202,3.6095292898138824,6.248586619429141,0.02742834902947453,0.4994778367246942,6.243848771081697
4,29,1.0,232792.6217400883,0.09789553636551317,12.455798837146359,-12.357903300780846,-12.357903300780846,0.0,-0.06976108913076828,-6.112030340388628,3.606815630776958,6.245872960392218,0.027492750000314925,0.499470731480743,6.241083263621192
4,30,1.0,249612.34912425792,0.03214112020748298,12.459805510119098,-12.427664389911614,-12.427664389911616,1.7763568394002505e-15,-0.15988611943530806,-6.183694001941489,3.604913058354868,6.243970387970125,0.02735066848681207,0.49954669724558415,6.23987557349277
4,31,1.0,292889.4489160031,-0.12712343595193248,12.46042707339499,-12.587550509346922,-12.587550509346924,1.7763568394002505e-15,-0.0018902234133761908,-6.341446088799608,3.607047090932054,6.246104420547313,0.027346848149384397,0.49960252527474175,6.242515184181359
4,32,1.0,293443.59897859057,-0.13337489739460412,12.456065835365692,-12.589440732760298,-12.589440732760297,1.7763568394002505e-15,0.028967013612602344,-6.33927326695394,3.611110136191098,6.250167465806356,0.027308269863509736,0.49958295132031916,6.246391404180541
4,33,1.0,285065.3465610055,-0.10824772362529403,12.452225995522403,-12.560473719147696,-12.560473719147696,0.0,0.06295678486849177,-6.306861239204573,3.6145551503278632,6.253612479943121,0.027155000443790798,0.49957753515025577,6.249771663472563
4,34,1.0,267671.813951087,-0.03979385746693568,12.457723076812272,-12.497516934279204,-12.497516934279208,3.552713678800501e-15,0.04187049748476035,-6.250547771222285,3.607911833441662,6.24696916305692,0.027206434690141695,0.49957259498373613,6.2431046102037175
4,35,1.0,256695.6540891573,0.003464080738327888,12.459110517532771,-12.455646436794444,-12.455646436794444,0.0,0.0014923563508570936,-6.211261799616211,3.6053273075629733,6.244384637178233,0.02735737422069166,0.4995248683052302,6.240092452240678
4,36,1.0,256312.8584043702,0.0024160457705212596,12.456570126214109,-12.454154080443587,-12.454154080443587,0.0,-0.08464525546117763,-6.207248249118375,3.607848501709955,6.246905831325215,0.027197005988919103,0.499535561184108,6.24270512234055
4,37,1.0,278953.2086773969,-0.08469201798686071,12.454107317917904,-12.538799335904764,-12.538799335904764,0.0,0.0756763177455344,-6.28802355366745,3.6117184526220583,6.250775782237317,0.02713669846592827,0.4995565258457157,6.2467519730951375
4,38,1.0,258622.05249647854,-0.0077696384334901775,12.455353379725741,-12.46312301815923,-12.463123018159232,1.7763568394002505e-15,0.01511916952287784,-6.215312543833525,3.608753144710446,6.247810474325705,0.027157177480571965,0.4995292164200176,6.24354503683769
4,39,1.0,254741.312549347,0.002570400311579084,12.450574248947932,-12.448003848636352,-12.448003848636352,0.0,-0.06186312892469559,-6.196236907830468,3.6127096111906267,6.251766940805885,0.027158556829248028,0.49948543238324944,6.247089588035995
4,40,1.0,270998.0698633596,-0.05970121276881637,12.450165764792228,-12.509866977561048,-12.509866977561044,3.552713678800501e-15,-0.0456692112424566,-6.257153877465442,3.6136557704803485,6.252713100095607,0.027314276850850257,0.4994637974078899,6.247839297951685
4,41,1.0,283661.29688369326,-0.10472467071170884,12.450811518091797,-12.555536188803504,-12.555536188803506,1.7763568394002505e-15,0.1691706273640694,-6.302940331010319,3.6135385281779264,6.252595857793184,0.027355024699244074,0.4994648999135688,6.247724553840461
4,42,1.0,239513.61969995825,0.06209240437289792,12.44845796581233,-12.386365561439435,-12.386365561439433,1.7763568394002505e-15,-0.06061565932558466,-6.135187505761658,3.61212072606252,6.251178055677778,0.02735529649007899,0.49938164949538244,6.245555660211754
4,43,1.0,254480.94013788732,0.009128586801932011,12.45610980756695,-12.44698122076502,-12.446981220765018,1.7763568394002505e-15,-0.1378348849776163,-6.202326144911796,3.6055977462379674,6.244655075853225,0.027411481998220997,0.49943908514363944,6.2395828193342435
4,44,1.0,292089.6649156859,-0.1342711310099939,12.450544974732642,-12.584816105742636,-12.584816105742636,0.0,-0.10360591836396793,-6.332399567729839,3.6133592083975374,6.252416538012796,0.02733940778774982,0.4994647861826474,6.2475486698292615
4,45,1.0,323975.1272583733,-0.2402526075709358,12.44816941653567,-12.688422024106604,-12.688422024106606,1.7763568394002505e-15,0.09883647074396684,-6.432535094245701,3.616829600245643,6.255886929860902,0.027316578765352192,0.49949134964014497,6.251249112183759
4,46,1.0,293486.09873469296,-0.13602795288680797,12.453557600475829,-12.589585553362637,-12.589585553362637,0.0,-0.09087789693862369,-6.340221281515866,3.610306942231513,6.249364271846772,0.02733182994960299,0.4994710693664311,6.244570557861027
4,47,1.0,321406.98024604766,-0.22450452246700342,12.455958927834256,-12.68046345030126,-12.680463450301259,1.7763568394002505e-15,-0.12452997053579651,-6.432263258473377,3.609142862212624,6.248200191827882,0.027333651560846484,0.4995307645972507,6.24395798866655
4,48,1.0,364030.67710804363,-0.3552984385698243,12.449694982267234,-12.804993420837057,-12.804993420837057,0.0,-0.08386504067853551,-6.550541154200901,3.615394937020897,6.254452266636156,0.027605663860742976,0.4994875452990843,6.249798273016581
4,49,1.0,395876.85177878407,-0.4415662874322923,12.447292174083302,-12.888858461515593,-12.888858461515595,1.7763568394002505e-15,-0.04650865308182972,-6.632021901870481,3.6177792300298535,6.2568365596451105,0.027691943006298403,0.4994937380283501,6.252236312097667
4,50,1.0,414723.41809129977,-0.4976038869127123,12.437763227684709,-12.935367114597422,-12.93536711459742,1.7763568394002505e-15,0.06267004625053829,-6.670252512812186,3.6260572721699766,6.2651146017852355,0.027981007993623127,0.4993989926079379,6.259608687364287
4,51,1.0,389530.3526015949,-0.4386792525831872,12.434017815763696,-12.872697068346884,-12.872697068346882,1.7763568394002505e-15,0.0832716620183156,-6.603812329304781,3.6298274094268446,6.268884739042101,0.027650447279370133,0.4994019335414754,6.2633768456255385
4,52,1.0,358407.32800935814,-0.3462228428526424,12.443202563475927,-12.789425406328569,-12.789425406328569,0.0,0.02099022860675248,-6.529445079086221,3.620922997627089,6.259980327242347,0.027481252765314858,0.4994447079054265,6.25491213164308
4,53,1.0,350962.6820050566,-0.315705380250062,12.452729797471754,-12.768435177721816,-12.768435177721816,0.0,0.142021662925659,-6.5179022298944576,3.6114756182121,6.250532947827359,0.027550371124614705,0.4994733497248595,6.245761219010297
4,54,1.0,304496.0867933536,-0.1722310297964596,12.454182484999697,-12.626413514796157,-12.626413514796157,0.0,0.06121537622363249,-6.3788124497595176,3.608543735421379,6.247601065036638,0.027343427783233655,0.4994485249662906,6.242613033872732
4,55,1.0,286415.3011866418,-0.1174364386064106,12.447761699966113,-12.565198138572525,-12.565198138572525,0.0,-0.08100215671611366,-6.312255440546766,3.6138853684105006,6.25294269802576,0.027260043430406604,0.49939850166023547,6.247472880637261
4,56,1.0,310581.0867727094,-0.19293948530645222,12.453260809982188,-12.646200295288638,-12.64620029528864,1.7763568394002505e-15,0.06654436585703216,-6.398135379617839,3.60900758605554,6.248064915670798,0.027417697457875475,0.49943023083514104,6.242906647315349
4,57,1.0,290586.3128627804,-0.12084708095046279,12.458808848481144,-12.579655929431606,-12.579655929431608,1.7763568394002505e-15,0.051909180863562554,-6.33827364278513,3.602324957031219,6.241382286646477,0.027411093256099705,0.49943027723399885,6.236246026009224
4,58,1.0,275887.0297941371,-0.07201920695289635,12.455727541615147,-12.527746748568044,-12.527746748568044,0.0,0.061338191327408254,-6.284701967652132,3.6039874513006525,6.243044780915911,0.02746716677269831,0.4993690737989735,6.237349544415591
4,59,1.0,259473.16276967363,-0.006699944973331349,12.459708612267304,-12.466408557240635,-12.466408557240635,0.0,-0.027920004227201645,-6.228730770321631,3.5986204573037455,6.237677786919003,0.027411905276372637,0.4993660464614257,6.231972956166225
4,60,1.0,266819.7355108145,-0.04432694627463909,12.450001615193194,-12.494328561467837,-12.494328561467833,3.552713678800501e-15,0.043293003753897,-6.246872877215071,3.608398354637507,6.247455684252766,0.027414489734809807,0.4993048994754898,6.241165343713453
4,61,1.0,255514.78597981646,0.0014772469116433058,12.45251280462558,-12.45103555771394,-12.451035557713938,1.7763568394002505e-15,0.11253906950593517,-6.20696390190571,3.6050143261929697,6.244071655808228,0.027323972396955977,0.4993123263746817,6.237865999573304
4,62,1.0,228318.41443665847,0.10693235490621564,12.445428843114222,-12.338496488208005,-12.338496488208007,1.7763568394002505e-15,0.13044926051584937,-6.090636196116984,3.6088029624757616,6.24786029209102,0.02728833995181597,0.49922616594726704,6.240854084644857
4,63,1.0,200395.30658662278,0.22978606120782813,12.437833288899983,-12.208047227692155,-12.208047227692154,1.7763568394002505e-15,-0.02958368552292079,-5.957198873333811,3.6117910247430864,6.250848354358345,0.02726006496067305,0.49914294277088816,6.243058315259104
4,64,1.0,206412.30193570763,0.20630834032356157,12.443939253538638,-12.237630913215076,-12.237630913215076,0.0,0.055145733510368444,-5.992507088625001,3.6060664949748147,6.245123824590074,0.027419596020628295,0.499148357520834,6.237421702312135
4,65,1.0,195337.70881260806,0.2600493126462722,12.44253449235098,-12.182485179704708,-12.182485179704708,0.0,-0.04732982614156711,-5.938826650720181,3.6046011993692693,6.24365852898453,0.02761569024816222,0.4990629048895035,6.235187300448701
4,66,1.0,204805.29080985143,0.2100834777045805,12.439898483550854,-12.229815005846275,-12.229815005846273,1.7763568394002505e-15,-0.10977954821995972,-5.982212062684542,3.608545613546473,6.247602943161732,0.02761187152680937,0.499051516149879,6.239013392896346
4,67,1.0,228569.2607900599,0.10804922829620064,12.447643782362436,-12.339594554066235,-12.339594554066235,0.0,0.018288608898078706,-6.095959223969012,3.604578000481965,6.2436353300972245,0.027358520254878997,0.49919117449979444,6.236336522702502
4,68,1.0,224427.0401544455,0.12448662839638457,12.445792573564539,-12.321305945168156,-12.321305945168154,1.7763568394002505e-15,-0.020903616852105955,-6.076577681049577,3.6056709345033204,6.244728264118581,0.02741521330067783,0.49915250373121534,6.237073401419257
4,69,1.0,229167.75341550552,0.10565361894024415,12.447863180960502,-12.342209562020262,-12.342209562020258,3.552713678800501e-15,-0.039582176678012004,-6.099408376987954,3.6037438554170484,6.242801185032308,0.027504570699427695,0.4991499401399285,6.2351363335542995
4,70,1.0,238420.62833916198,0.05813161408794846,12.439923352786224,-12.381791738698274,-12.381791738698276,1.7763568394002505e-15,0.004503790612975678,-6.130143956004898,3.6125904530781177,6.251647782693377,0.02750797713740483,0.49910686403671856,6.243555454880637
4,71,1.0,237349.2462027167,0.06144014455167019,12.43872809263697,-12.377287948085298,-12.3772879480853,1.7763568394002505e-15,-0.06875615942144364,-6.125338944281123,3.612891674188918,6.251949003804175,0.027675401976149205,0.4990443983216793,6.24328146364157
4,72,1.0,254242.57438020516,-0.011760798111269625,12.434283309395472,-12.446044107506742,-12.446044107506742,0.0,0.07182275884494693,-6.1884795013151574,3.6185072765763264,6.257564606191586,0.027724429347544332,0.4990270398202698,6.2487001191277916
4,73,1.0,236622.50602117716,0.06117450649312629,12.435395855154919,-12.374221348661795,-12.374221348661793,1.7763568394002505e-15,0.038483480089789524,-6.11973507954483,3.615428939501705,6.254486269116964,0.02766824170018087,0.4990051430333672,6.2454432969347025
4,74,1.0,227689.43872657995,0.09529942539702932,12.431037293969034,-12.335737868572005,-12.335737868572005,0.0,0.05867949112901627,-6.078407546674265,3.61827299228248,6.257330321897738,0.027583496304808164,0.4989765655483012,6.247958499709595
4,75,1.0,214713.18160542124,0.1470016659330489,12.42406004337604,-12.27705837744299,-12.277058377442991,1.7763568394002505e-15,0.00012106098750663818,-6.0152775152147715,3.6227235326129597,6.2617808622282185,0.027772877314382587,0.49887076090319377,6.25137312756713
4,76,1.0,214687.1897889544,0.15098641581169905,12.427923732267182,-12.276937316455482,-12.276937316455482,0.0,0.04231276771597692,-6.019290024356725,3.618589962483496,6.2576472920987545,0.027723550886637895,0.4988843414580019,6.247442112017354
4,77,1.0,205792.6831904273,0.18331984870047227,12.417944397439978,-12.234624548739506,-12.234624548739506,0.0,0.15072269290796214,-5.9693065140060755,3.6262607051181726,6.265318034733432,0.027930956515058964,0.4987507529687129,6.253776635089098
4,78,1.0,176999.44143765862,0.33115294687744795,12.41505480270899,-12.083901855831543,-12.083901855831542,1.7763568394002505e-15,-0.005385263828539877,-5.822092491957172,3.6227520342591117,6.261809363874371,0.02800055872702489,0.498649376972836,6.249335558529625
4,79,1.0,177955.20132704827,0.326286090666823,12.415573210326908,-12.089287119660083,-12.089287119660085,1.7763568394002505e-15,-0.1056122119164602,-5.828029137726413,3.62220065231841,6.26125798193367,0.02786654964476323,0.49867187901006627,6.249021821115176
4,80,1.0,197777.77513635557,0.22960655084972764,12.424505882426272,-12.194899331576543,-12.194899331576545,1.7763568394002505e-15,-0.012132273075794231,-5.938791497815144,3.6170505041461403,6.2561078337614,0.02791231811805223,0.49874002418520613,6.2445682574621335
4,81,1.0,200191.88381409505,0.21294857269309553,12.419980177345433,-12.207031604652338,-12.207031604652338,0.0,0.03452247224428895,-5.94609693068331,3.621877344353769,6.260934673969028,0.02789101229656532,0.49871853701000185,6.249121463941043
4,82,1.0,193398.69850103854,0.2445114652273168,12.417020597635368,-12.172509132408049,-12.17250913240805,1.7763568394002505e-15,0.17220236770934427,-5.910916680988172,3.6225351218046202,6.2615924514198795,0.028031595685555202,0.49863501516832537,6.249004441546411
4,83,1.0,162804.72650232518,0.4045842914114366,12.40489105611014,-12.000306764698704,-12.000306764698703,1.7763568394002505e-15,2.8146653590965798e-05,-5.734257012452233,3.6269924226312122,6.266049752246472,0.027875402624853458,0.4985281565299898,6.252371204170635
4,84,1.0,162800.14415857452,0.4096970471268244,12.409975665171938,-12.000278618045114,-12.000278618045114,0.0,-0.015096656421716759,-5.7400367439709985,3.621184544458857,6.260241874074117,0.027838899489828192,0.4985578162804894,6.2469420023183275
4,85,1.0,165276.52752241516,0.38782928690586643,12.403204561372693,-12.01537527446683,-12.015375274466827,3.552713678800501e-15,-0.056942032318819,-5.748256790532247,3.6280611543193237,6.267118483934582,0.027761571011994942,0.4985227941079555,6.253428918940891
4,86,1.0,174960.81381696026,0.33010867458670434,12.402425981372353,-12.07231730678565,-12.07231730678565,0.0,0.009073285956693766,-5.802386090812409,3.630873886357982,6.26993121597324,0.027738723495364784,0.4985219978414178,6.256210188049249
4,87,1.0,173380.5243723613,0.3381128622297404,12.401356883058696,-12.063244020828956,-12.063244020828956,0.0,0.04185772561020862,-5.793266188356806,3.630920502856891,6.26997783247215,0.027930451626717534,0.49845570168841175,6.2555914907780865
4,88,1.0,166273.00006732263,0.3745811214924491,12.395967416711196,-12.021386295218747,-12.021386295218747,0.0,-0.03851099930451696,-5.748174055871972,3.634154909731515,6.273212239346774,0.027911779264939707,0.49839584536428977,6.258203028616886
4,89,1.0,172801.23710920668,0.33473114274821425,12.394628437271477,-12.059897294523264,-12.059897294523262,1.7763568394002505e-15,-0.10096014242314233,-5.783226689494748,3.637613275413255,6.276670605028514,0.027639724558650703,0.49845801372229365,6.26214103377755
4,90,1.0,191158.35302114917,0.21870905181540767,12.379566488761812,-12.160857436946406,-12.160857436946404,1.7763568394002505e-15,-0.10661920597684649,-5.865550313134968,3.6562497941961767,6.295307123811436,0.02789294707297338,0.4983207755500441,6.279159201628694
4,91,1.0,212665.6818658502,0.13451748713420275,12.401994130057457,-12.267476642923253,-12.267476642923254,1.7763568394002505e-15,-0.01753899349111876,-5.9918498772164765,3.6365694360915173,6.275626765706776,0.02771799288556506,0.49852885626451504,6.261910562879867
4,92,1.0,216428.5256634733,0.11993539474288015,12.404951031157253,-12.285015636414371,-12.285015636414373,1.7763568394002505e-15,-0.15762280157714947,-6.0123556809833545,3.633602625815757,6.272659955431017,0.027791354757554596,0.4985259588871378,6.258955519943773
4,93,1.0,253378.1809498228,-0.0220443514382619,12.420594086553258,-12.442638437991521,-12.442638437991521,0.0,0.013973748959870136,-6.181379354283102,3.622201754093158,6.261259083708417,0.027617741332394745,0.49872694646814525,6.249627210805917
4,94,1.0,249862.16105993677,-0.012624276535314442,12.416040412496336,-12.42866468903165,-12.42866468903165,0.0,-0.04090505347519269,-6.163353552184142,3.6262538072322505,6.26531113684751,0.02753602225893064,0.4987059498876548,6.253432529257762
4,95,1.0,260294.70334563527,-0.05132540749797064,12.418244335008872,-12.469569742506843,-12.469569742506842,1.7763568394002505e-15,0.09249982643087762,-6.2059830590389,3.6245293538526844,6.263586683467944,0.027502218273145057,0.49873394150822087,6.251990374822858
4,96,1.0,237297.5021107929,0.03364874855814793,12.410718664634112,-12.377069916075966,-12.377069916075964,1.7763568394002505e-15,0.216488731393083,-6.1088617820961115,3.6291508043645964,6.268208133979854,0.027666252010850906,0.4986034258333131,6.25530222995082
4,97,1.0,191105.5523869188,0.24066169927379283,12.401242883956677,-12.160581184682883,-12.160581184682885,1.7763568394002505e-15,0.02194229641323986,-5.891254998403278,3.630268856664345,6.269326186279605,0.027735612857945416,0.4984107808394994,6.254570182483357
4,98,1.0,186957.92831835672,0.27085436182277395,12.409493250092414,-12.138638888269643,-12.13863888826964,3.552713678800501e-15,-0.0845509901541881,-5.879538228095959,3.620043330558423,6.259100660173681,0.027838371361552334,0.4984222243960145,6.244626809127074
4,99,1.0,203452.91444090285,0.18689456712739042,12.410084445551224,-12.223189878423831,-12.223189878423833,1.7763568394002505e-15,-0.013836477923966584,-5.9619170461128,3.6222155026957736,6.261272832311032,0.027908080116726748,0.4984313098845128,6.246875098995886
4,100,1.0,206287.55167419475,0.17745792580438155,12.414484282152177,-12.237026356347798,-12.237026356347796,1.7763568394002505e-15,0.1371779803990787,-5.9807997395505845,3.6171692871819516,6.256226616797211,0.02788840337881908,0.4984462877741788,6.242048763042417
4,101,1.0,179844.59142079402,0.3124761467102353,12.412324522658956,-12.099848375948719,-12.09984837594872,1.7763568394002505e-15,0.046711006274678724,-5.847958640912442,3.6128324054210177,6.2518897350362765,0.027793197560271016,0.49837517096544,6.237075709573629
4,102,1.0,171637.0530640896,0.35569989806929314,12.408837267743332,-12.05313736967404,-12.053137369674038,1.7763568394002505e-15,-0.11905307384559904,-5.800528936840353,3.613551103218427,6.252608432833687,0.027933615826632507,0.49828544942803166,6.236941064231979
4,103,1.0,193337.07430478808,0.24171800615130673,12.413908449670943,-12.17219044351964,-12.172190443519636,3.552713678800501e-15,0.049887660411913615,-5.920406232286384,3.612726881617995,6.251784211233253,0.02770479452229031,0.4983862600072533,6.237098848763763
4,104,1.0,183928.57522541098,0.27943640030264416,12.40173918341037,-12.122302783107726,-12.122302783107726,0.0,-0.09484552868782004,-5.860889106685867,3.6223563468066007,6.261413676421859,0.027810517679166737,0.4982408221474129,6.2452417307284
4,105,1.0,202227.4457056158,0.17831874858274727,12.39546706037829,-12.217148311795546,-12.217148311795544,1.7763568394002505e-15,0.03387762368751801,-5.946007060920505,3.6320839212597824,6.271141250875041,0.02788883997130675,0.49820983157319515,6.254529551406692
4,106,1.0,195491.20850412152,0.2163179386266181,12.399588626734644,-12.183270688108028,-12.183270688108026,1.7763568394002505e-15,-0.0641780416043467,-5.918744873114564,3.6254684853782044,6.264525814993464,0.028061902170535166,0.49816298708859197,6.2475653257187345
4,107,1.0,208448.80066624537,0.1560975724897179,12.403546302202091,-12.247448729712374,-12.247448729712373,1.7763568394002505e-15,-0.05805355900313458,-5.985275876738485,3.62311552335863,6.2621728529738885,0.027969896188496896,0.49821201427621437,6.24575309564634
4,108,1.0,220908.15120736888,0.10506092196431656,12.410563210679829,-12.305502288715509,-12.305502288715513,3.552713678800501e-15,0.020887740938896115,-6.048931930596405,3.6175130285038466,6.256570358119105,0.02770490835769255,0.4983350783549268,6.241389041156752
4,109,1.0,216341.73604727077,0.13259354493684625,12.41720809271346,-12.284614547776613,-12.284614547776615,1.7763568394002505e-15,0.07069763703504783,-6.036465130086052,3.609092088075303,6.248149417690563,0.02754995570311745,0.4983872543535196,6.233539574223518
4,110,1.0,201575.02241279132,0.20039511778865723,12.414312028530222,-12.213916910741565,-12.213916910741565,0.0,0.059206917629460065,-5.966880276207896,3.607979304918412,6.247036634533671,0.02760874704843779,0.4983128783382355,6.231775306127799
4,111,1.0,189986.82243119186,0.24459895429085393,12.39930894740296,-12.154709993112105,-12.154709993112105,0.0,-0.1441003249614763,-5.895246093531158,3.6204065699656853,6.259463899580944,0.027818143801371233,0.49813856096233683,6.242450655722167
4,112,1.0,219434.7757360713,0.11275195666918945,12.411562274742767,-12.298810318073581,-12.298810318073578,3.552713678800501e-15,-0.08079014249259231,-6.047111780720099,3.612641207738225,6.251698537353484,0.02771143691424329,0.49829881101308243,6.23628234163665
4,113,1.0,237898.75442431305,0.026567230312939727,12.406167690879114,-12.379600460566174,-12.379600460566174,0.0,0.014957317461774977,-6.120829835724291,3.619713295226624,6.258770624841882,0.02769238023612066,0.4982927210163189,6.2432407853872
4,114,1.0,234366.90656105368,0.04485691932243412,12.409500062426833,-12.364643143104399,-12.364643143104399,0.0,0.12639559065079986,-6.110916726706857,3.6146690867822824,6.253726416397541,0.027601991605768143,0.49831029669303023,6.238402158925777
4,115,1.0,206539.62311197718,0.1684984774020066,12.406746029855608,-12.238247552453599,-12.2382475524536,1.7763568394002505e-15,-0.1040671571921532,-5.986725637613929,3.6124645852244117,6.25152191483967,0.02771672887412629,0.4981838600960838,6.235049066377755
4,116,1.0,229191.85112750274,0.07008961934563936,12.41240432899139,-12.342314709645752,-12.34231470964575,1.7763568394002505e-15,0.2436387438840626,-6.0942434533053405,3.609013926725152,6.248071256340411,0.027644233748950066,0.49828301589557433,6.232553537010072
4,117,1.0,179633.86334374035,0.30385728335098117,12.402533249112672,-12.09867596576169,-12.098675965761691,1.7763568394002505e-15,0.14759820787845612,-5.850299362379784,3.609319273766648,6.2483766033819075,0.027633573125078047,0.4980896456139451,6.2310571981191964
4,118,1.0,154984.0919235873,0.445374562445304,12.396452320328537,-11.951077757883233,-11.951077757883233,0.0,-0.209480861041202,-5.705919386895035,3.606101041372938,6.2451583709881975,0.027909393155884893,0.4978945816089747,6.2260947647699805
4,119,1.0,191101.239993842,0.24754291327957265,12.408101532204007,-12.160558618924435,-12.160558618924435,0.0,0.1232933232465161,-5.916920244531101,3.6045810447780737,6.243638374393333,0.027639049269498558,0.49810478640101635,6.226527643046622
4,120,1.0,168934.3227647271,0.36274070002649134,12.400005995704412,-12.03726529567792,-12.037265295677921,1.7763568394002505e-15,-0.03181568511015165,-5.7921745135790355,3.6060334524836244,6.245090782098883,0.02770685068572545,0.49796145990681184,6.226640007437177
4,121,1.0,174395.4988518227,0.3327198910463923,12.401800871834466,-12.06908098078807,-12.069080980788073,1.7763568394002505e-15,-0.045743543593442126,-5.825665436191264,3.604358214981548,6.2434155445968065,0.027725753452094812,0.49795874740457574,6.224961245257085
4,122,1.0,182558.23999966483,0.288368714126127,12.403193238507637,-12.114824524381513,-12.11482452438151,3.552713678800501e-15,0.008577810015625076,-5.872446185432258,3.603321009333996,6.242378338949253,0.027665800969733874,0.49799202336588494,6.224261861728015
4,123,1.0,180998.98714817848,0.2965953513453491,12.402842065711239,-12.106246714365888,-12.10624671436589,1.7763568394002505e-15,0.058332439280622594,-5.865468969504425,3.6017204152462043,6.240777744861463,0.027716596452139718,0.49794099785709683,6.222209760885471
4,124,1.0,170742.9136211697,0.34674151664811637,12.394655791733383,-12.047914275085265,-12.047914275085267,1.7763568394002505e-15,0.027693403448973086,-5.803319751210895,3.6055371942591115,6.244594523874371,0.027754176696731615,0.49782238803342616,6.224897964987812
4,125,1.0,166079.33446506856,0.3662943397341376,12.386515211370432,-12.020220871636292,-12.020220871636294,1.7763568394002505e-15,0.10089727554047911,-5.769977570753084,3.6111859712679526,6.250243300883212,0.0277007643383104,0.4977405996939243,6.229730713417551
4,126,1.0,150140.01876281976,0.45578403886625607,12.37510763496207,-11.919323596095813,-11.919323596095815,1.7763568394002505e-15,-0.07391646305121569,-5.664256122484602,3.6160101439959518,6.255067473611212,0.027894591148841078,0.49756984566854645,6.232923244186288
4,127,1.0,161658.28897685205,0.378681206174184,12.371921265321214,-11.993240059147029,-11.99324005914703,1.7763568394002505e-15,-0.04529855894094048,-5.7313306895182725,3.6228520400134974,6.261909369628755,0.02746379526670049,0.4976474110620748,6.240415365136556
4,128,1.0,169149.56763270477,0.34410113452469515,12.382639752612661,-12.03853861808797,-12.038538618087966,3.552713678800501e-15,0.0298872627388036,-5.787030941170932,3.6124503473017766,6.251507676917036,0.027570354537592736,0.4977037704704577,6.230707389485793
4,129,1.0,164168.94932531103,0.36358159342958524,12.372232948778752,-12.008651355349166,-12.008651355349167,1.7763568394002505e-15,-0.033162623978762795,-5.748211929172407,3.621382096561498,6.260439426176759,0.02758042593850171,0.4976149202466961,6.238704063476684
4,130,1.0,169704.50187923506,0.33835832862730464,12.380172307955235,-12.041813979327928,-12.04181397932793,1.7763568394002505e-15,-0.10518350915854668,-5.788541448578774,3.614215201133895,6.253272530749155,0.0274293115423285,0.49769127316658207,6.232343948141853
4,131,1.0,188527.18415313322,0.23671464675948053,12.383712135245954,-12.146997488486475,-12.146997488486473,1.7763568394002505e-15,0.04333930094145444,-5.893491971097036,3.6144481877741805,6.253505517389438,0.027180024826237006,0.4977791686657267,6.2333936033025354
4,132,1.0,180531.07228175717,0.2815063100129134,12.385164497557934,-12.10365818754502,-12.10365818754502,0.0,0.13602748564961153,-5.855107640121225,3.6094932178085366,6.248550547423796,0.02739744013572635,0.4976781933139871,6.227537137536997
4,133,1.0,157570.88537875586,0.41154834864694423,12.379179050542355,-11.96763070189541,-11.967630701895411,1.7763568394002505e-15,-0.10174754345577419,-5.720058616257293,3.6085147560228563,6.247572085638116,0.027677051376446545,0.49749116192718257,6.224822204431647
4,134,1.0,174447.34815969688,0.31435704007686116,12.383735285428042,-12.069378245351183,-12.069378245351182,1.7763568394002505e-15,-0.07806628538440741,-5.82329176507788,3.6070291506580445,6.246086480273305,0.027867346535080422,0.4974786294182426,6.223251106342908
4,135,1.0,188611.48261063872,0.23325764391617368,12.380702174651766,-12.14744453073559,-12.147444530735592,1.7763568394002505e-15,-0.0017211649367716575,-5.895656584328932,3.6127306167914006,6.251787946406661,0.027832699377230322,0.49747274070898095,6.22883558420721
4,136,1.0,188936.39361368367,0.23157146828788394,12.380737163960248,-12.149165695672362,-12.149165695672364,1.7763568394002505e-15,-0.07141262654794822,-5.899362351577364,3.6107460144797408,6.2498033440950005,0.027893216180408745,0.4974353492956753,6.226523715939748
4,137,1.0,202922.27891390934,0.16836598410169237,12.388944306322003,-12.22057832222031,-12.22057832222031,0.0,0.056304774941771996,-5.976975371065341,3.604545621539711,6.24360295115497,0.02761485558453328,0.4975536465865324,6.221521992881647
4,138,1.0,191812.48770797392,0.22111331404463128,12.38538686132317,-12.164273547278539,-12.164273547278539,0.0,0.08678321959115998,-5.92198583269153,3.6032303849717513,6.242287714587009,0.02780277480832216,0.4974211091413416,6.218995820045282
4,139,1.0,175868.2347941007,0.305542894572763,12.38303322226014,-12.077490327687379,-12.077490327687377,1.7763568394002505e-15,-0.03106566956244805,-5.837595681001699,3.6008373170704187,6.239894646685678,0.027765029340483614,0.4973471425830882,6.215973059610719
4,140,1.0,181417.4479974847,0.2728107748389447,12.381366772088771,-12.108555997249827,-12.108555997249827,0.0,0.013551821066863923,-5.86558593078624,3.603912736848325,6.242970066463584,0.02761778406844585,0.497369222997651,6.219233431493108
4,141,1.0,178975.49503096196,0.29208961137326,12.387093787556223,-12.095004176182963,-12.095004176182963,0.0,0.021756435204228097,-5.861015042291952,3.594931804275752,6.23398913389101,0.027701670106444126,0.49736455830377263,6.210316094948227
4,142,1.0,175123.67909654856,0.31221120105949457,12.385458942038227,-12.073247740978735,-12.073247740978733,1.7763568394002505e-15,-0.0013329992684614211,-5.838897875799181,3.595292535564295,6.234349865179554,0.027754971540199895,0.49730378562613287,6.210111351294602
4,143,1.0,175357.27448932923,0.3069582704432769,12.381539010690473,-12.074580740247196,-12.074580740247196,0.0,-0.0834659525807826,-5.837518422317259,3.5980049883146807,6.237062317929939,0.027811591925972146,0.4972285104923652,6.21210574204239
4,144,1.0,190621.81020023234,0.21816923454169193,12.376215927369671,-12.158046692827979,-12.158046692827979,0.0,0.0016276736253502122,-5.912118875958794,3.6068704872539255,6.245927816869186,0.0276731508732829,0.4972309623168695,6.220893133937204
4,145,1.0,190311.7924796313,0.21781581678207204,12.3742348359847,-12.156419019202628,-12.156419019202628,0.0,-0.05026495765735106,-5.909452173547545,3.607909516039823,6.246966845655082,0.027533377727942343,0.4972426528177145,6.222038278427136
4,146,1.0,200122.30364617752,0.17490243093511082,12.381586407795089,-12.20668397685998,-12.206683976859978,1.7763568394002505e-15,-0.04463886649372206,-5.968224346363466,3.599402300881254,6.238459630496513,0.027807935867520978,0.4972163466908494,6.213422644605795
4,147,1.0,209257.92130909383,0.12544873206588658,12.376771575419586,-12.251322843353702,-12.251322843353698,3.552713678800501e-15,0.004979748630431047,-6.00786875701787,3.6043967567205706,6.243454086335828,0.027809695464565347,0.4971645951398554,6.2179058132120755
4,148,1.0,208218.45973875117,0.1259407132767297,12.372283807999999,-12.24634309472327,-12.246343094723269,1.7763568394002505e-15,-0.21115833965467345,-6.000182897686075,3.607102867421936,6.246160197037194,0.02784876646135458,0.49709721376246924,6.219995716123104
4,149,1.0,257172.26582733,-0.09642473896905814,12.361076695408885,-12.457501434377944,-12.457501434377942,1.7763568394002505e-15,-0.1349513478767541,-6.1957843429390325,3.622659761823653,6.2617170914389115,0.028015110603608298,0.49707685731527584,6.235210645090828
4,150,1.0,294328.79808504635,-0.22581822319326875,12.36663455906143,-12.592452782254698,-12.592452782254698,0.0,-0.08748661176626626,-6.336311388326657,3.617084064312781,6.256141393928039,0.028174857887954097,0.49714188806428206,6.2302487236882005
4,151,1.0,321238.5890266107,-0.30571832078245464,12.374221073238509,-12.679939394020964,-12.679939394020964,0.0,-0.12601192754480905,-6.431717174700793,3.609164889704914,6.248222219320171,0.02812879529212637,0.4972579273742514,6.223419140588691
4,152,1.0,364379.5494247678,-0.4445677858591516,12.36138353570662,-12.805951321565773,-12.805951321565772,1.7763568394002505e-15,0.2180210507905027,-6.545868253663047,3.6210257382874693,6.260083067902729,0.028473656083336137,0.4971439192261143,6.234113262718223
4,153,1.0,293000.69815421914,-0.21294285625961204,12.374987414515658,-12.58793027077527,-12.58793027077527,0.0,0.16764127034391052,-6.3433528988748185,3.6055200422851947,6.244577371900454,0.028073657032789318,0.4971382424179008,6.218800622045057
4,154,1.0,247778.1331734493,-0.04345772059121747,12.376831279840143,-12.42028900043136,-12.42028900043136,0.0,0.07125270680969109,-6.181911455856139,3.599320214959962,6.23837754457522,0.02781571531298874,0.497070441967817,6.212064320337729
4,155,1.0,230737.5724296234,0.02666971342384176,12.37570600704551,-12.349036293621669,-12.349036293621669,0.0,-0.034374276809895576,-6.113127315512777,3.596851648493633,6.235908978108891,0.0276925504888194,0.49701751153485796,6.209146957169915
4,156,1.0,238806.90379131163,-0.007278792222117905,12.376131778209448,-12.383410570431565,-12.383410570431566,1.7763568394002505e-15,0.07121008907155435,-6.14918359699418,3.5951696438221243,6.2342269734373845,0.027661761284469087,0.4970163057522929,6.207465411896153
4,157,1.0,222392.80325276553,0.06397956595346445,12.376180047313474,-12.31220048136001,-12.312200481360009,1.7763568394002505e-15,-0.02404294678649599,-6.082113738157284,3.591029413587468,6.230086743202726,0.02771701713059261,0.49694490412321574,6.202707509955054
4,158,1.0,227804.57840487204,0.039849386876275414,12.376092815022783,-12.336243428146506,-12.336243428146508,1.7763568394002505e-15,-0.027662376609388417,-6.1071072798210295,3.5900788187102175,6.229136148325476,0.027698795481717088,0.49693332930714695,6.2016599383815025
4,159,1.0,234194.16254644553,0.004917629771896265,12.36882343452779,-12.363905804755895,-12.363905804755895,0.0,0.018246878679502032,-6.130947755910573,3.5939007192300645,6.232958048845323,0.02774186123638743,0.49685833884142944,6.204760244829241
4,160,1.0,229959.60132770025,0.01938942643767086,12.365048352514066,-12.345658926076393,-12.345658926076394,1.7763568394002505e-15,-0.021373618624210167,-6.110836108805249,3.5957654876558847,6.2348228172711435,0.027574329331445813,0.4968174046282394,6.206266635835669
4,161,1.0,234927.57278332324,-0.0010445797389650215,12.365987964961636,-12.367032544700603,-12.367032544700601,1.7763568394002505e-15,-0.00012810875589686077,-6.13356126489166,3.594413950193683,6.233471279808943,0.0275869637943575,0.49679548339384066,6.2047360277259145
4,162,1.0,234957.6709902794,-0.0031524582306990956,12.364008195225802,-12.3671606534565,-12.367160653456502,1.7763568394002505e-15,-0.0886296425533466,-6.132879926388875,3.595223397452369,6.2342807270676275,0.02761233129757604,0.4967398214063511,6.20503802936518
4,163,1.0,256732.58478089812,-0.09584161212061812,12.359948683889227,-12.455790296009846,-12.455790296009845,1.7763568394002505e-15,-0.05973184193671344,-6.218410886622277,3.59832207977231,6.23737940938757,0.02788643961847197,0.4966649511395124,6.207381749603187
4,164,1.0,272534.94896562124,-0.1555470515344628,12.359975086412097,-12.51552213794656,-12.51552213794656,0.0,-0.1313818945880385,-6.278580340392166,3.5978844679391377,6.236941797554396,0.028030312426021886,0.49665560921283175,6.20682531698908
4,165,1.0,310799.73117644363,-0.2977221663146827,12.349181866219915,-12.646904032534598,-12.646904032534598,0.0,-0.034403922873122994,-6.400686986625092,3.6071597162942446,6.246217045909504,0.02824204945792899,0.49660202534961734,6.215402511517467
4,166,1.0,321678.5247263295,-0.32953222988603337,12.35177572552169,-12.681307955407721,-12.681307955407725,3.552713678800501e-15,0.0858921009433864,-6.438094720738753,3.6041559050537093,6.2432132346689695,0.028157434333637536,0.49663127241931,6.212774104239579
4,167,1.0,295202.20891780016,-0.24288837484863976,12.35252747961569,-12.595415854464335,-12.59541585446433,5.329070518200751e-15,0.03110836852552268,-6.354158444266175,3.6022000805829006,6.24125741019816,0.02790989621435033,0.4965913235916227,6.21051119970499
4,168,1.0,286160.3182117891,-0.21788008620670224,12.34642739973211,-12.564307485938812,-12.564307485938812,0.0,0.15498942844542896,-6.320132739670858,3.6051174166526976,6.244174746267956,0.02783079562944687,0.49649718638093265,6.212581258387933
4,169,1.0,245074.6305162526,-0.06015911996795613,12.349158937525427,-12.409318057493383,-12.409318057493383,0.0,0.03826065977776594,-6.1717167455912065,3.598543982286917,6.237601311902176,0.027960354647019486,0.49636516497991245,6.204953091776505
4,170,1.0,235875.02713618558,-0.02233078369441416,12.3487266140212,-12.371057397715617,-12.371057397715614,3.552713678800501e-15,-0.019765518399953663,-6.135401951083616,3.5965981170167423,6.235655446632001,0.027943216980999594,0.49633982075129796,6.202821464668774
4,171,1.0,240583.5997214214,-0.041443185187277805,12.349379730928293,-12.390822916115571,-12.390822916115571,0.0,0.10634656231992246,-6.157673281178633,3.5940923053216793,6.233149634936938,0.027943077319409704,0.49630782138385887,6.200066075992831
4,172,1.0,216311.84098722378,0.06270892451807203,12.34718527831372,-12.284476353795649,-12.284476353795649,0.0,0.061501108941556026,-6.051846547261013,3.593572476919377,6.232629806534637,0.027876365520439355,0.496195471988614,6.198564137120885
4,173,1.0,203409.25130155802,0.12184907717567751,12.344824322029769,-12.222975244854092,-12.22297524485409,1.7763568394002505e-15,-0.04923224248463676,-5.991005686610391,3.592912228628442,6.231969558243702,0.027926997464061715,0.49606984516144925,6.196749101636321
4,174,1.0,213674.15370006743,0.07189950960886085,12.344106996947591,-12.27220748733873,-12.272207487338731,1.7763568394002505e-15,0.02373933865918687,-6.0414845343585455,3.5916656233649276,6.230722952980186,0.027770931422016892,0.49607966571316214,6.1956243240179605
4,175,1.0,208661.4056757059,0.08924862123645634,12.337716769916,-12.248468148679542,-12.248468148679544,1.7763568394002505e-15,0.07621887196824062,-6.012714643871865,3.5966961751924194,6.235753504807677,0.027742880023063687,0.49600871704907457,6.199969345197313
4,176,1.0,193348.4492765458,0.17141303352715032,12.343662310238454,-12.172249276711302,-12.172249276711304,1.7763568394002505e-15,0.01874247929300843,-5.948826556908233,3.5843653901878096,6.223422719803069,0.027800723867621606,0.4959240185404822,6.187042328446135
4,177,1.0,189758.3685694739,0.1826238752489805,12.336130672667275,-12.153506797418293,-12.153506797418295,1.7763568394002505e-15,0.0011860490122739265,-5.926734750523658,3.587714717279378,6.226772046894636,0.027796574591279502,0.49581505287603067,6.189400664777469
4,178,1.0,189533.43925882212,0.18117367251957073,12.33349442092559,-12.15232074840602,-12.15232074840602,0.0,-0.06040253492182224,-5.923014239412935,3.590249179377825,6.2293065089930835,0.0276561329208077,0.4957731162759136,6.19152875681497
4,179,1.0,201334.56047964512,0.11583085308334233,12.328554136411183,-12.212723283327842,-12.212723283327842,0.0,0.04393723750923506,-5.978753513997296,3.594912439715287,6.233969769330547,0.027594786360941006,0.49574850245652846,6.1959158701714685
4,180,1.0,192679.99712414498,0.1563042931180993,12.325090338936702,-12.168786045818607,-12.168786045818603,3.552713678800501e-15,0.11618046220555911,-5.934477520223355,3.595251195979992,6.23430852559525,0.02777560166167932,0.4956237298135115,6.195115595393817
4,181,1.0,171545.80313659034,0.2606111720450028,12.31321675565805,-12.052605583613047,-12.052605583613047,0.0,-0.09277070375842911,-5.809732009280465,3.6038162447173225,6.242873574332582,0.027964452994903757,0.495397179261841,6.201449994852459
4,182,1.0,188221.79129049004,0.16602503295209925,12.311401320323576,-12.145376287371477,-12.145376287371477,0.0,-0.0528287035245949,-5.90160628071285,3.604712677043367,6.243770006658626,0.028074052242462583,0.4953557509423219,6.201927061420865
4,183,1.0,198432.64287041227,0.11031053710223158,12.308515527998301,-12.198204990896071,-12.19820499089607,1.7763568394002505e-15,-0.014563302943312095,-5.953793051732946,3.6053546095478635,6.244411939163122,0.028124175721544374,0.4953065439920444,6.202122555299094
4,184,1.0,201343.62285515261,0.09754249488943541,12.310310788728817,-12.212768293839384,-12.212768293839382,1.7763568394002505e-15,-0.09069341975682121,-5.9706998043552195,3.603011159868906,6.242068489484166,0.027942719947899326,0.4952931365523227,6.199731447763055
4,185,1.0,220457.83114258255,0.007805294750916056,12.311267008347121,-12.303461713596205,-12.303461713596205,0.0,0.1365309119579372,-6.063318569320787,3.601085814660159,6.240143144275419,0.027987181441259876,0.4953043360254805,6.197979142105453
4,186,1.0,192322.86007146857,0.1417951016994454,12.308725903337717,-12.166930801638268,-12.166930801638271,3.552713678800501e-15,-0.06208342460902294,-5.928864351183448,3.599009120839561,6.238066450454819,0.02821760192097691,0.4950928832663854,6.194009220225412
4,187,1.0,204641.35255917066,0.07649212854513446,12.305506354792426,-12.22901422624729,-12.229014226247292,1.7763568394002505e-15,0.0033107947548707273,-5.9905596248483155,3.5993972717837175,6.238454601398976,0.027898492707633803,0.49514549141650643,6.194896992632782
4,188,1.0,203964.9473797083,0.06766882202612065,12.29337225351854,-12.22570343149242,-12.225703431492418,1.7763568394002505e-15,-0.1538860147620369,-5.978280819244846,3.6083652826323136,6.247422612247574,0.028185680883701613,0.49495081921659423,6.201889831196682
4,189,1.0,237896.13414770475,-0.10188749134914643,12.27770195490531,-12.379589446254457,-12.379589446254457,0.0,-0.024466223602713555,-6.114960928978115,3.625571187661083,6.264628517276342,0.028324130987850492,0.49487754699870623,6.2180678460261385
4,190,1.0,243788.3402580553,-0.1248404289507739,12.279215240906396,-12.40405566985717,-12.40405566985717,0.0,0.11471040294546242,-6.145407042620372,3.6195912976215365,6.258648627236796,0.028751823160765567,0.49475867163017,6.211084278226927
4,191,1.0,217367.61269161105,-0.013357274771831833,12.275987992139877,-12.289345266911708,-12.289345266911708,0.0,-0.03909020031451327,-6.027481162565506,3.622806774730942,6.2618641043462,0.028665625376780073,0.4946142607702807,6.2129702112416
4,192,1.0,226032.81508976343,-0.04814654138453172,12.280288925841687,-12.328435467226221,-12.328435467226218,3.552713678800501e-15,0.02091319553549198,-6.073540002164173,3.6158381354467886,6.254895465062047,0.028648918398364327,0.49458814693877096,6.205997548257351
4,193,1.0,221354.83290472272,-0.024350702150462346,12.283171569540267,-12.307522271690729,-12.307522271690729,0.0,0.09161018843411561,-6.061036704995049,3.6074282370804207,6.2464855666956804,0.02842873480488973,0.49460173580558203,6.19786936083905
4,194,1.0,201977.6008303809,0.06871129898548914,12.284623382242101,-12.215912083256613,-12.215912083256612,1.7763568394002505e-15,0.0918220733121089,-5.975121845539891,3.6017329081014635,6.2407902377167215,0.028213634199887802,0.4945504744514229,6.191959583948391
4,195,1.0,184257.59123664864,0.16732882877273392,12.291418838717236,-12.124090009944505,-12.124090009944503,1.7763568394002505e-15,0.06409205755489644,-5.893814656538931,3.5912180237903124,6.230275353405571,0.028056319909329618,0.4945682885843735,6.181742787070787
4,196,1.0,172818.63178847695,0.22357175183683128,12.28356970422644,-12.059997952389608,-12.05999795238961,1.7763568394002505e-15,-0.007698529659345255,-5.824453388418702,3.596487234355648,6.235544563970906,0.02819182155522066,0.4944029725614264,6.185412287887644
4,197,1.0,174154.21557029575,0.21238350997966923,12.280079992028623,-12.067696482048953,-12.067696482048953,0.0,-0.08318402642303369,-5.8318050717677465,3.5968340806659476,6.235891410281206,0.028312300326852845,0.49428631191744543,6.184689203493628
4,198,1.0,189260.66211018982,0.12999645171449611,12.28087696018648,-12.150880508471987,-12.150880508471985,1.7763568394002505e-15,-0.09569644837761793,-5.918981531686187,3.592841647170539,6.231898976785798,0.02838158350023645,0.4942357082832556,6.1803749052094785
4,199,1.0,208267.1598448209,0.03151910677999127,12.278096063629595,-12.246576956849605,-12.246576956849605,0.0,-0.07696230973811602,-6.013604068018379,3.593915559215966,6.232972888831226,0.028124947022040894,0.4942828138166421,6.181907012889492
4,200,1.0,224928.81797737145,-0.04863638710840878,12.274902879479312,-12.323539266587721,-12.323539266587721,0.0,0.000859451662527988,-6.092521618132492,3.5919603188399702,6.2310176484552295,0.028109305690583473,0.4942673769446038,6.179809504482116
4,201,1.0,224735.58557965732,-0.04974029040623561,12.272939524518959,-12.322679814925193,-12.322679814925195,1.7763568394002505e-15,0.004080220129569767,-6.095256033516051,3.588366451793884,6.227423781409143,0.027926174770549074,0.49424144929433345,6.176066172409113
4,202,1.0,223820.48309889282,-0.05416513874356642,12.264434456052058,-12.318599594795623,-12.318599594795625,1.7763568394002505e-15,0.06709653314672259,-6.088850695246263,3.5906915699341044,6.229748899549364,0.027843640321851028,0.49412490841119044,6.177306304912315
4,203,1.0,209295.6368133391,0.002048478014145736,12.253551539663048,-12.2515030616489,-12.251503061648902,1.7763568394002505e-15,-0.15873668835497767,-6.016829119148789,3.5956166128848523,6.234673942500112,0.027864363702446035,0.4939249246054456,6.1803355311166
4,204,1.0,245300.6180972439,-0.16645220815556844,12.24378754184831,-12.410239750003878,-12.410239750003878,0.0,-0.023044812795150804,-6.172174972610585,3.599007447778035,6.238064777393293,0.028216587729829525,0.4938356868156302,6.182690027443861
4,205,1.0,251019.16324745904,-0.18554188738131705,12.247742675417713,-12.43328456279903,-12.433284562799031,1.7763568394002505e-15,-0.001655987761163047,-6.203100123451674,3.591127109732099,6.230184439347357,0.02827626147883014,0.493763114265577,6.174367661330945
4,206,1.0,251435.1922840376,-0.1966551270239101,12.238285423536281,-12.434940550560192,-12.43494055056019,1.7763568394002505e-15,0.02346133285529639,-6.2011007945667656,3.594782426378168,6.233839755993427,0.02837536516474165,0.49360536878281164,6.1764526775580935
4,207,1.0,245604.8487935273,-0.17482330118802206,12.236655916516874,-12.411479217704896,-12.411479217704896,0.0,0.009167375719082216,-6.1801162232775395,3.5923056648120992,6.231362994427358,0.028354039272561297,0.4934937623694813,6.173099514567339
4,208,1.0,243363.58581255964,-0.16851872046600433,12.233793121519808,-12.402311841985814,-12.402311841985812,1.7763568394002505e-15,0.0443518475886755,-6.173117960120853,3.590136552249702,6.229193881864961,0.028170223455192968,0.493443074520007,6.170597248979107
4,209,1.0,232805.8199697847,-0.12554642927684612,12.232413565120293,-12.357959994397138,-12.35795999439714,1.7763568394002505e-15,0.04492039328040143,-6.134062514575297,3.5848401502065843,6.223897479821843,0.028421610113410226,0.4932815657266302,6.163911202046718
4,210,1.0,222579.49576546223,-0.07873685220384564,12.234302748912892,-12.313039601116737,-12.313039601116738,1.7763568394002505e-15,0.14655124783818252,-6.094269652448564,3.579712619052914,6.218769948668174,0.028249006588829124,0.493226984787483,6.158469698813733
4,211,1.0,192237.78595933336,0.0731294246536265,12.239617777932182,-12.166488353278554,-12.166488353278556,1.7763568394002505e-15,0.1358166106210632,-5.953450183104285,3.573980840559013,6.213038170174272,0.028142107847196025,0.4931445050547538,6.152243807306019
4,212,1.0,167824.1094978291,0.20968513248283852,12.240356875140327,-12.030671742657491,-12.030671742657487,3.552713678800501e-15,-0.05054384727937489,-5.820113217143019,3.571501195899213,6.210558525514472,0.02827750570795938,0.4929897509305394,6.148486837280388
4,213,1.0,176524.61191944953,0.15231106769211814,12.233526657628984,-12.081215589936866,-12.081215589936866,0.0,-0.04362682889467884,-5.869834049378978,3.5723242109426296,6.2113815405578885,0.028269118850519782,0.4929013033801704,6.148512260454932
4,214,1.0,184396.28045475707,0.1026138548560413,12.227456273687585,-12.124842418831545,-12.124842418831543,1.7763568394002505e-15,0.11738305143192385,-5.910757358949466,3.575027730266819,6.214085059882079,0.028242358627376552,0.4928288798686467,6.150490711032277
4,215,1.0,163973.37849821663,0.22290473479917433,12.230364102198795,-12.00745936739962,-12.00745936739962,0.0,-0.07654444817904427,-5.7950689113607705,3.5733331264235937,6.212390456038851,0.028252552311598875,0.4927206529205151,6.147911923180088
4,216,1.0,177017.48917600393,0.14239273466146155,12.226396550240125,-12.084003815578665,-12.084003815578663,1.7763568394002505e-15,-0.17946279693814482,-5.871303181633792,3.573643304329616,6.212700633944875,0.02817559868869182,0.4926974933262279,6.148039344506122
4,217,1.0,211814.59360055483,-0.04539823031428356,12.218068382202524,-12.26346661251681,-12.263466612516808,1.7763568394002505e-15,0.007254739396792331,-6.048635704890308,3.5757735780112436,6.214830907626502,0.028267779043434558,0.4926432989574574,6.149601984092096
4,218,1.0,210283.49450132131,-0.05134290250031973,12.204868970619696,-12.256211873120018,-12.256211873120016,1.7763568394002505e-15,0.1953303030586735,-6.032163038799935,3.584991504704827,6.224048834320086,0.028225762840927517,0.49252608551099664,6.1576067314421525
4,219,1.0,172971.40487208834,0.15139195610855202,12.2122735261699,-12.060881570061344,-12.060881570061348,3.552713678800501e-15,0.018707930173762932,-5.84270992005333,3.579114320392756,6.218171650008014,0.028093145832934548,0.49241334476409143,6.150926591706827
4,220,1.0,169765.5488727963,0.16097337198461006,12.203147011872188,-12.042173639887581,-12.042173639887578,3.552713678800501e-15,0.1120674000716484,-5.822824284194531,3.580292026077793,6.21934935569305,0.02811827677132737,0.4922473097808607,6.150591698429864
4,221,1.0,151767.6845935739,0.27364654849306247,12.203752788308996,-11.930106239815933,-11.930106239815935,1.7763568394002505e-15,-0.02748880369330209,-5.710199086983576,3.5808498232171,6.21990715283236,0.028185440351851394,0.49211601926873344,6.149946517156939
4,222,1.0,155997.4661558779,0.2360654569281086,12.193660500437343,-11.957595043509235,-11.957595043509235,0.0,0.15777742480243795,-5.733929128221244,3.5846085856727306,6.223665915287989,0.028229409630815966,0.4919472434395721,6.152154273052601
4,223,1.0,133228.05242512602,0.39521783212681666,12.195035450833615,-11.799817618706797,-11.799817618706799,1.7763568394002505e-15,0.003509623089080094,-5.577979921218011,3.5827803678735273,6.221837697488786,0.02859112702244833,0.4917231336025549,6.148238148869402
4,224,1.0,132761.29173238217,0.39949962821502255,12.19580762383274,-11.796307995617717,-11.796307995617719,1.7763568394002505e-15,-0.027326477896984613,-5.585633926005161,3.571616739997297,6.2106740696125575,0.028605207564404725,0.49158864473894887,6.136239370476777
4,225,1.0,136439.21369610616,0.36489823475387284,12.188532708268573,-11.823634473514701,-11.8236344735147,1.7763568394002505e-15,0.06933524584450801,-5.60813307874552,3.5764440651539213,6.21550139476918,0.028532036825164822,0.49149759487577294,6.140099252715556
4,226,1.0,127299.6745101899,0.42869761926671723,12.182996846936913,-11.754299227670193,-11.754299227670195,1.7763568394002505e-15,0.0174928118542379,-5.537236046008767,3.578005852046167,6.217063181661425,0.028594703123241225,0.491339504782061,6.140160463100206
4,227,1.0,125092.20893467395,0.4441283417165537,12.180934757532508,-11.736806415815956,-11.736806415815956,0.0,0.039326589350858754,-5.524688377562869,3.573060708637827,6.212118038253087,0.028660041299672943,0.4912328911869538,6.134495326064686
4,228,1.0,120268.23591187321,0.47534063731024634,12.172820463775343,-11.697479826465097,-11.697479826465097,0.0,-0.05461756824756847,-5.482197645837819,3.5762248510120194,6.215282180627279,0.028703957607787697,0.49105524019004265,6.136016095043518
4,229,1.0,127019.69024377863,0.41868609418107405,12.170783488893742,-11.752097394712665,-11.752097394712667,1.7763568394002505e-15,-0.06867776261967506,-5.5407752878241485,3.5722647772732583,6.211322106888516,0.0287094063874661,0.4909408214546196,6.131248551731085
4,230,1.0,136049.6480555603,0.34531977930256946,12.166094936634913,-11.82077515733234,-11.820775157332344,3.552713678800501e-15,0.04451394224847682,-5.6120731202998195,3.569644707417265,6.208702037032524,0.028619201618287383,0.49087138265379404,6.128175117720351
4,231,1.0,130126.35449985253,0.3818554544548821,12.158116669538746,-11.776261215083863,-11.776261215083863,0.0,-0.025907474202320202,-5.565139624314964,3.572064261153642,6.2111215907689,0.028786339340479358,0.4906565037217104,6.128630508674141
4,232,1.0,133541.6494794842,0.3492705431427526,12.151439232428935,-11.802168689286184,-11.802168689286182,1.7763568394002505e-15,-0.04840909766440582,-5.594449014295665,3.568662345375259,6.207719674990517,0.028809856421065767,0.49050368420323043,6.124032189566544
4,233,1.0,140165.3094707396,0.29019204637626844,12.140769833326857,-11.85057778695059,-11.850577786950588,1.7763568394002505e-15,-0.015540204399515645,-5.640805075857425,3.5707153814779056,6.209772711093164,0.028820603595075496,0.4903194664573244,6.124386020730095
4,234,1.0,142360.5198606592,0.26470393488875177,12.130821926238854,-11.866117991350105,-11.866117991350102,3.552713678800501e-15,-0.04519516092457643,-5.652243753306763,3.574816908428083,6.213874238043341,0.028869854116927583,0.49014693150770006,6.126762365745563
4,235,1.0,148942.13477381485,0.21164141373906303,12.122954566013743,-11.911313152274682,-11.91131315227468,1.7763568394002505e-15,-0.07318958048377588,-5.698376309558273,3.573879513101147,6.212936842716407,0.028846085269929295,0.4900859299608948,6.125389114693662
4,236,1.0,160251.98037781703,0.13663865159102878,12.121141384349487,-11.984502732758457,-11.984502732758457,0.0,-0.07693003955364297,-5.779368399703349,3.5660770034398466,6.205134333055106,0.028676708685158772,0.49004377150130646,6.117552870723144
4,237,1.0,173066.77338102405,0.04807444978173289,12.109507222093832,-12.0614327723121,-12.061432772312099,1.7763568394002505e-15,0.015035433295546241,-5.856287294484708,3.5660881482121347,6.205145477827393,0.028639666635256775,0.48993565965935243,6.116575910129648
4,238,1.0,170484.10388556117,0.05591203558366428,12.102309374600217,-12.046397339016554,-12.046397339016552,1.7763568394002505e-15,-0.020285246465846285,-5.838543550852391,3.5687964585489036,6.207853788164164,0.028631151797660338,0.4897836378659304,6.117881143618801
4,239,1.0,173977.7306929027,0.024788830761030015,12.09147141624343,-12.0666825854824,-12.066682585482399,1.7763568394002505e-15,-0.015452811179180515,-5.852703650682622,3.5749216051845174,6.213978934799776,0.028549153437931275,0.4896838337029425,6.122957347796368
4,240,1.0,176687.05514130177,0.0045417932447383985,12.086677189906318,-12.082135396661581,-12.08213539666158,1.7763568394002505e-15,-0.13027645126336118,-5.865672618416596,3.577405448629726,6.216462778244986,0.028478319962869657,0.4895856857380238,6.124526408689931
4,241,1.0,201271.8675325928,-0.14100652913720646,12.071405318787736,-12.212411847924942,-12.212411847924942,0.0,0.03669248870144415,-5.996311213181106,3.577043305128577,6.216100634743836,0.028847260526305905,0.4893752794691581,6.122164921952297
4,242,1.0,194020.54979684856,-0.10620808764625148,12.069511271577245,-12.175719359223498,-12.175719359223496,1.7763568394002505e-15,-0.05518680759291783,-5.963283393023856,3.5733786365843843,6.212435966199643,0.0289980033231795,0.4891859953286831,6.11688024335835
4,243,1.0,205028.88831791325,-0.16714475935072073,12.063761407465696,-12.230906166816416,-12.230906166816418,1.7763568394002505e-15,0.09358157244689558,-6.022838082784375,3.5690107544167806,6.208068084032041,0.028921812518802697,0.48909207217552875,6.111817613143489
4,244,1.0,186712.3720554848,-0.07009277947824678,12.067231814891272,-12.13732459436952,-12.137324594369518,1.7763568394002505e-15,-0.11317637649753998,-5.926722269361494,3.5715449953927676,6.2106023250080264,0.028792495321517675,0.488975162874648,6.113480563538565
4,245,1.0,209086.00863578328,-0.19673321910581093,12.053767751761251,-12.25050097086706,-12.250500970867062,1.7763568394002505e-15,0.00886239441353176,-6.043652512251007,3.5677911290007946,6.206848458616053,0.02899911758896478,0.4888383465646932,6.108438828160552
4,246,1.0,207241.19277839272,-0.19543132057137003,12.046207255882154,-12.241638576453528,-12.241638576453523,5.329070518200751e-15,0.10622312776009046,-6.037257084494306,3.5653241623439618,6.20438149195922,0.029131410550600798,0.4886318836682044,6.104242190809023
4,247,1.0,186356.25098936757,-0.07749812002060115,12.057917328672836,-12.135415448693438,-12.135415448693438,0.0,-0.011732414452909623,-5.934675127209857,3.5616829918683197,6.200740321483579,0.02907319904011972,0.4885518135515226,6.100237932206376
4,248,1.0,188555.53599597298,-0.09683166790715456,12.050316195239196,-12.147147863146348,-12.147147863146351,3.552713678800501e-15,-0.01225670194323314,-5.950451316771035,3.557639216760054,6.196696546375312,0.028961753472647782,0.4883960003697775,6.094953185025994
4,249,1.0,190880.82608420373,-0.11626459782566217,12.043139967263919,-12.15940456508958,-12.15940456508958,0.0,-0.12558750924188722,-5.962779704752451,3.557567530721873,6.196624860337132,0.029036050782592766,0.4882235654882448,6.093382058025173
4,250,1.0,216423.42621668582,-0.2674805928287721,12.017511481502694,-12.284992074331468,-12.284992074331466,1.7763568394002505e-15,0.20153317276577276,-6.077965174994506,3.567969569721702,6.20702689933696,0.02928689446442575,0.48802959831781667,6.101466144565391
4,251,1.0,176921.05614185333,-0.0548773820063971,12.0285815195593,-12.083458901565695,-12.083458901565697,1.7763568394002505e-15,0.04683481223182362,-5.872505792311863,3.5718957796385733,6.210953109253832,0.029420198697089346,0.4878043339715651,6.103601323718946
4,252,1.0,168826.03572612136,-0.00845708819473636,12.028167001139135,-12.036624089333872,-12.036624089333872,0.0,-0.040056763516654215,-5.826636885565313,3.5709298741533013,6.209987203768561,0.029346001176002535,0.487695790417536,6.101839726097202
4,253,1.0,175725.93148667683,-0.05561943322124964,12.021061419629275,-12.076680852850526,-12.076680852850524,1.7763568394002505e-15,0.04120986820400141,-5.871562304885395,3.5660612183498723,6.205118547965131,0.029173708691822894,0.4876066772961049,6.096412762052151
4,254,1.0,168631.47382965474,-0.021466138286038217,12.014004846360487,-12.035470984646524,-12.035470984646526,1.7763568394002505e-15,0.08185514200321364,-5.82792803688214,3.5684856181491265,6.207542947764385,0.0291028260699768,0.48740143346302506,6.097039706891862
4,255,1.0,155377.95430196886,0.07006530223610752,12.023681144879422,-11.95361584264331,-11.953615842643314,3.552713678800501e-15,0.006999887269985905,-5.751516203789286,3.563042309238766,6.202099638854024,0.029356628897639975,0.4872481933398473,6.090363031500364
4,256,1.0,154294.12390839608,0.07473266410410875,12.021348619477434,-11.946615955373325,-11.946615955373325,0.0,0.07557286077332215,-5.744840455762585,3.56271816999548,6.201775499610739,0.029389587360731786,0.48708834508201876,6.088667360537829
4,257,1.0,143063.38955181112,0.149176172100747,12.02021926670075,-11.871043094600003,-11.871043094600003,0.0,-0.044183015934779135,-5.670519393360384,3.5614663716243595,6.200523701239619,0.0294281888401482,0.4869220217328452,6.085834981563694
4,258,1.0,149526.0808636148,0.10322327390421107,12.018449384438993,-11.915226110534782,-11.915226110534782,0.0,0.032265459999337054,-5.717704480992899,3.558464299926625,6.197521629541884,0.02929361671440986,0.48691104013217046,6.083048344540969
4,259,1.0,144778.55549202015,0.1317144668451647,12.014675117380612,-11.882960650535445,-11.882960650535448,3.552713678800501e-15,0.05530046310540726,-5.679213949614962,3.5646893713052257,6.203746700920484,0.029291108499520224,0.4867711323579517,6.087759231521136
4,260,1.0,136989.58601473624,0.18732823972973034,12.014988427159766,-11.827660187430038,-11.827660187430036,1.7763568394002505e-15,-0.047372461115624986,-5.623093100370994,3.5655097574437846,6.204567087059042,0.02951918451445205,0.48656732900771604,6.086692837559865
4,261,1.0,143635.28871480358,0.12964726190859316,12.004679910454255,-11.875032648545663,-11.875032648545663,0.0,-0.04936980517483214,-5.67147849692132,3.5644968220090805,6.20355415162434,0.0295178291639017,0.4863877681125321,6.08436888308585
4,262,1.0,150904.49823979483,0.06520210727948955,11.989604560999986,-11.924402453720495,-11.924402453720496,1.7763568394002505e-15,-0.027066739446620858,-5.7249021417786325,3.560442982326601,6.19950031194186,0.029105048188411968,0.48632214031868204,6.080110732657365
4,263,1.0,155044.77004060996,0.03551069575305611,11.98697988892017,-11.951469193167116,-11.951469193167114,1.7763568394002505e-15,0.2125351475932895,-5.758479167284122,3.553932696267738,6.192990025882997,0.029198417338041568,0.486202301705486,6.07280192726082
4,264,1.0,125358.64217601993,0.26665767284981196,12.00559171842364,-11.738934045573826,-11.738934045573828,1.7763568394002505e-15,-0.10605936424264151,-5.544026233557161,3.555850482401407,6.194907812016667,0.02936560654528117,0.4861115343640382,6.073661221136114
4,265,1.0,139384.75500527097,0.146499864153383,11.991493273969851,-11.844993409816468,-11.844993409816468,0.0,0.003332964462710919,-5.649733385322832,3.5562026948783774,6.195260024493636,0.02936903991181169,0.48594472052694077,6.072635392220829
4,266,1.0,138920.96389917313,0.14589920319650876,11.987559648550267,-11.841660445353757,-11.841660445353758,1.7763568394002505e-15,0.10189784598654583,-5.646723289775532,3.5558798259629647,6.194937155578223,0.02945471806408575,0.4858325393952977,6.071393903926638
4,267,1.0,125462.55159585594,0.25415038408491036,11.99391298345212,-11.73976259936721,-11.739762599367209,1.7763568394002505e-15,-0.05192484012440879,-5.547800646400572,3.5529046233513806,6.191961952966638,0.02954608898174006,0.4856678612334141,6.067006846840148
4,268,1.0,132149.27574851597,0.18850155648511413,11.980188995976732,-11.79168743949162,-11.791687439491618,1.7763568394002505e-15,0.06106505183221955,-5.596397004361809,3.5562331055145515,6.195290435129811,0.02936484804979479,0.4854948210377606,6.068761016707252
4,269,1.0,124321.0221704435,0.2535710641292985,11.984193451788697,-11.7306223876594,-11.730622387659398,1.7763568394002505e-15,-0.02554063987955857,-5.5428392665390565,3.548725791505084,6.187783121120342,0.02929807584359775,0.4853823629636056,6.060585589887173
4,270,1.0,127537.1568678832,0.2214371282899879,11.977600155828947,-11.756163027538959,-11.756163027538959,0.0,0.046113453027736284,-5.567726054634619,3.54937964328908,6.188436972904339,0.029394396414032867,0.48523758351581603,6.059922218286517
4,271,1.0,121789.51837388007,0.2692355746055261,11.979285149116748,-11.710049574511222,-11.710049574511222,0.0,-0.049566094603838096,-5.52954431700076,3.541447927895205,6.180505257510464,0.02957560410286544,0.4850237936369534,6.050423116030059
4,272,1.0,127978.2580020532,0.20588995704807633,11.965505626163138,-11.75961566911506,-11.75961566911506,0.0,-0.031226434006994097,-5.577976634523712,3.5425817049760897,6.181639034591348,0.0294120602033154,0.4848790774733989,6.0504273252499
4,273,1.0,132037.612362724,0.1643882079658241,11.955230311087877,-11.790842103122054,-11.790842103122053,1.7763568394002505e-15,-0.042404394520279,-5.61188412683361,3.539900646673183,6.178957976288443,0.029419905616764525,0.4846810518611883,6.04621486541651
4,274,1.0,137756.99383143222,0.1113970726917562,11.944643570334094,-11.833246497642333,-11.833246497642337,3.552713678800501e-15,-0.019924267783775207,-5.651277344947177,3.542911823079899,6.181969152695158,0.029489710119872017,0.4845020483434288,6.047579818833974
4,275,1.0,140529.2267120976,0.08669261783905467,11.939863383265164,-11.853170765426109,-11.85317076542611,1.7763568394002505e-15,-0.06453754870083017,-5.674558116144893,3.539555319665957,6.178612649281216,0.029497221983129925,0.4843551966385204,6.043126411144613
4,276,1.0,149897.69606013954,0.0033211775010983727,11.921029491628039,-11.917708314126939,-11.91770831412694,1.7763568394002505e-15,0.04533311498812864,-5.7378670180981635,3.5407839664135174,6.179841296028775,0.02958307186222729,0.4841503931391488,6.042404918394346
4,277,1.0,143254.09193192315,0.047761882756539156,11.920137081895351,-11.87237519913881,-11.872375199138812,1.7763568394002505e-15,0.019682722893556104,-5.695199702916325,3.5381181666072243,6.177175496222484,0.02955293328939802,0.484003354624422,6.038665258896677
4,278,1.0,140462.02917457605,0.05992170248323399,11.912614178728488,-11.852692476245254,-11.852692476245254,0.0,-0.009595604817388192,-5.676892626989222,3.536742519640773,6.175799849256031,0.02949209940040562,0.4838506069954914,6.03608622475963
4,279,1.0,141816.33459667192,0.04764596405190571,11.909934045114545,-11.862288081062642,-11.862288081062639,3.552713678800501e-15,-0.04090825761234207,-5.681570732946922,3.5416600185004614,6.18071734811572,0.029462233823114407,0.4837934427374298,6.040298449230689
4,280,1.0,147738.09233319608,-0.00645154213062657,11.89674479654436,-11.903196338674984,-11.903196338674986,1.7763568394002505e-15,0.0631970950193903,-5.7276410664480215,3.536497942611704,6.175555272226964,0.029680354578776123,0.48350171729476243,6.032857577136828
4,281,1.0,138690.37973446294,0.06371125137548697,11.903710495031081,-11.839999243655594,-11.839999243655594,0.0,0.01456745624121858,-5.666171322463528,3.5347705915768066,6.173827921192066,0.02982202494219776,0.4833279746050825,6.029755290856501
4,282,1.0,136684.65829576552,0.07522762449306222,11.900659411907437,-11.825431787414376,-11.825431787414376,0.0,0.02414228153723741,-5.650599268281362,3.5357751895177545,6.174832519133013,0.029823255139770053,0.48320957772077705,6.029714489040669
4,283,1.0,133424.29347313152,0.09135949154479577,11.892648997421936,-11.801289505877138,-11.80128950587714,1.7763568394002505e-15,0.046158179751975226,-5.622731490190695,3.5395006860711837,6.178558015686442,0.029813617270075282,0.4830845522318086,6.032183022257695
4,284,1.0,127405.64445526735,0.1359753182583057,11.891106644383468,-11.755131326125163,-11.755131326125163,0.0,0.07355633336029044,-5.579239270968075,3.5368347255418287,6.175892055157087,0.02974100283249079,0.4829363160027949,6.028432253951432
4,285,1.0,118370.52104421722,0.21551532873258145,11.897090321497457,-11.681574992764872,-11.681574992764876,3.552713678800501e-15,0.048800130027796484,-5.509605992169054,3.53291167098056,6.171969000595818,0.029815640397754296,0.4828188151759464,6.023718009196167
4,286,1.0,112732.70608214109,0.27438093708617506,11.907155799823252,-11.632774862737076,-11.632774862737078,1.7763568394002505e-15,-0.04834213641557206,-5.459539480478507,3.5341780526433118,6.17323538225857,0.029909591716950058,0.4827541530400496,6.024189683042401
4,287,1.0,118316.32051439892,0.21216703627987143,11.893284035432517,-11.681116999152648,-11.681116999152646,1.7763568394002505e-15,-0.12245453437223297,-5.508348843679738,3.5337108258576504,6.17276815547291,0.0299282513662616,0.48254635958249115,6.022109670730565
4,288,1.0,133729.119077661,0.07475592005324772,11.87832745357813,-11.803571533524881,-11.803571533524883,1.7763568394002505e-15,0.10282907838472966,-5.634097847269642,3.53041635663998,6.169473686255238,0.029905918878906642,0.48238857132806445,6.017611550198666
4,289,1.0,120661.26731617916,0.18004581383384655,11.880788268973998,-11.700742455140151,-11.700742455140151,0.0,-0.0632265407668271,-5.526988048054335,3.5346970774705575,6.173754407085817,0.029699323341474487,0.4822857648574763,6.020796485369226
4,290,1.0,128536.6036300992,0.0940741974179104,11.858043193324889,-11.763968995906978,-11.763968995906978,0.0,0.008483620417944593,-5.581797177030763,3.543114489260956,6.182171818876215,0.0293772627947403,0.4820807819945328,6.027205927742274
4,291,1.0,127450.76032879221,0.09173902135250056,11.847224396841534,-11.755485375489034,-11.755485375489034,0.0,-0.015052836192054997,-5.577266734435526,3.5391613114382494,6.178218641053509,0.029429701171644607,0.48183079049713323,6.02136319489523
4,292,1.0,129383.76786997697,0.0637895971764235,11.834327808857514,-11.770538211681089,-11.77053821168109,1.7763568394002505e-15,-0.11428793311551289,-5.596334305867925,3.535146576197905,6.1742039058131635,0.029524839113386766,0.4815867583933814,6.015451853407211
4,293,1.0,145048.89113282325,-0.08522659145605033,11.799599553340549,-11.884826144796602,-11.8848261447966,1.7763568394002505e-15,0.03875315414559566,-5.716058134940899,3.5297106802404454,6.168768009855705,0.02974901932024406,0.48120271375998114,6.006815956158149
4,294,1.0,139535.31337074138,-0.04548305040627114,11.800589940244734,-11.846072990651006,-11.846072990651006,0.0,0.004116716675781618,-5.675445840612737,3.53156982042301,6.1706271500382694,0.029636731325499287,0.48105826252908823,6.007534552982473
4,295,1.0,138962.0667758202,-0.045528991766800114,11.796427282208425,-11.841956273975224,-11.841956273975224,0.0,0.11385966450340312,-5.673559442046441,3.529339502313524,6.168396831928782,0.02972578027509219,0.48084296997066217,6.003616134186517
4,296,1.0,124007.41106715484,0.08647178947679401,11.814568398948616,-11.728096609471821,-11.728096609471821,0.0,0.00042172905303949904,-5.563694028707054,3.525345251149507,6.164402580764766,0.0298962649302084,0.48075676231142694,5.999134149464064
4,297,1.0,123955.12456525896,0.07482164193231003,11.802496522351094,-11.727674880418782,-11.727674880418784,1.7763568394002505e-15,-0.12918982377301624,-5.5601453031317645,3.5284722476717585,6.167529577287017,0.029862600681101362,0.4805911221650793,6.0008283697227816
4,298,1.0,141049.2930255534,-0.07809978885691721,11.778764915334882,-11.856864704191798,-11.8568647041918,1.7763568394002505e-15,0.022380867285271222,-5.697102327708066,3.5207050468684744,6.159762376483734,0.030018284125778547,0.48029295592490784,5.990705574725886
4,299,1.0,137927.55146588554,-0.04873858555688654,11.785745251349642,-11.834483836906527,-11.834483836906529,1.7763568394002505e-15,-0.03752558351527391,-5.671878733088392,3.523547774202875,6.162605103818133,0.029963962031154655,0.4802686401825607,5.993247176756641
4,300,1.0,143201.7022160757,-0.10671754652208873,11.765291873899713,-11.8720094204218,-11.872009420421803,1.7763568394002505e-15,0.1274111628971486,-5.708932043392297,3.5240200474142456,6.163077377029504,0.03007266544382355,0.48002675696864944,5.991489512186378
4,301,1.0,126070.71485666418,0.04397060381480618,11.788568861339456,-11.744598257524652,-11.74459825752465,1.7763568394002505e-15,0.06464488980735084,-5.5863161223418825,3.519224805567511,6.158282135182769,0.03013479234990266,0.4799571533353688,5.986496722041257
4,302,1.0,118178.72399587689,0.12527816951548076,11.805231537232784,-11.679953367717301,-11.679953367717303,1.7763568394002505e-15,-0.014166618135385889,-5.521085399386917,3.5198106387151262,6.1588679683303855,0.030177299851272505,0.4799420977193909,5.98691251937631
4,303,1.0,119864.83187459384,0.08786009596834689,11.78198008182103,-11.694119985852687,-11.694119985852684,3.552713678800501e-15,0.01647186579108073,-5.53199117325481,3.523071482982618,6.162128812597877,0.030338220241241203,0.479613799099226,5.987258362134761
4,304,1.0,117906.60653900362,0.09349676269369185,11.771144882755294,-11.677648120061606,-11.677648120061603,3.552713678800501e-15,0.011744798250209243,-5.51613214093512,3.522458649511228,6.161515979126485,0.030384325973826603,0.4793510355447057,5.984590352378865
4,305,1.0,116529.91752523278,0.10190633750791138,11.767809659319306,-11.665903321811397,-11.665903321811395,1.7763568394002505e-15,-0.01626255322389092,-5.510207362132957,3.516638630063182,6.155695959678441,0.030484439685623126,0.47906965558390896,5.97672812106165
4,306,1.0,118440.48475456436,0.06618621341058528,11.748352088445872,-11.682165875035288,-11.682165875035286,1.7763568394002505e-15,0.04849901735083506,-5.522203184001816,3.520905361418213,6.159962691033472,0.03062577289290762,0.47880752516724584,5.978492122099468
4,307,1.0,112833.30794787811,0.11909728785126245,11.752764145535718,-11.633666857684453,-11.633666857684455,1.7763568394002505e-15,-0.0480356376479687,-5.47125700055223,3.523352527516965,6.162409857132223,0.030636871855190647,0.4787140223091523,5.980071179947042
4,308,1.0,118385.61455178254,0.049790133289203314,11.731492628621625,-11.681702495332422,-11.681702495332422,0.0,0.1159481561562572,-5.521633282675832,3.52101188304133,6.160069212656589,0.030643891875468482,0.4784599271475579,5.97572606709226
4,309,1.0,105424.9220447148,0.1883968622093091,11.754151201385472,-11.565754339176165,-11.565754339176163,1.7763568394002505e-15,0.12041535256413383,-5.409903851215469,3.5167931583454353,6.155850487960693,0.030645288057371385,0.47837713798799464,5.971034837072176
4,310,1.0,93464.68903924701,0.322824387598769,11.768163374210799,-11.44533898661203,-11.445338986612029,1.7763568394002505e-15,-0.058693427108069685,-5.283066354981684,3.523215302015088,6.162272631630346,0.03079362978420833,0.4782791094132182,5.976157337577171
4,311,1.0,99114.63749704459,0.24372473105765968,11.747757144777761,-11.5040324137201,-11.504032413720102,1.7763568394002505e-15,0.038712948840236905,-5.343968491603988,3.521006592500853,6.160063922116111,0.030812395360136875,0.47796321311517315,5.971609499149856
4,312,1.0,95350.93956935052,0.276180760604404,11.741500225484268,-11.465319464879864,-11.465319464879864,0.0,-0.12759918811760151,-5.296597913150571,3.5296642221140346,6.168721551729292,0.03084852832777622,0.4777829060917826,5.97822911733557
4,313,1.0,108327.9688378092,0.11846995905729905,11.711388612054764,-11.592918652997465,-11.592918652997465,0.0,0.012639774524078717,-5.43127176601893,3.522589557363277,6.161646886978535,0.030573946676165902,0.4774470934926162,5.968888735132661
4,314,1.0,106967.34484214123,0.12254508740963052,11.702823965883015,-11.580278878473386,-11.580278878473385,1.7763568394002505e-15,-0.11212614176154467,-5.417272593989774,3.523948954868353,6.163006284483612,0.030572582827879453,0.47722182526616996,5.968306877154194
4,315,1.0,119659.44397608185,-0.015744936505692635,11.676660083729237,-11.692405020234931,-11.69240502023493,1.7763568394002505e-15,-0.060497260216772375,-5.531468204156263,3.521879486463407,6.160936816078666,0.03082044719461553,0.47697154271522946,5.963963274400547
4,316,1.0,127121.96773635886,-0.0915965176810419,11.661305762770661,-11.752902280451703,-11.752902280451703,0.0,0.05678871379005379,-5.5935579654606284,3.5202869853758147,6.159344314991076,0.030795065603366978,0.47679618490593423,5.960943375761942
4,317,1.0,120104.03045471606,-0.02567902196271811,11.670434544698931,-11.69611356666165,-11.69611356666165,0.0,-0.0420976771983792,-5.531490378480973,3.525565858565417,6.164623188180675,0.03061167387089335,0.4767398031402951,5.965608655082905
4,318,1.0,125268.06547305721,-0.08570711735130593,11.652504126508724,-11.738211243860029,-11.73821124386003,1.7763568394002505e-15,-0.0191497194545569,-5.57753507375397,3.5216188404907993,6.160676170106059,0.03076018411389489,0.4764915109417341,5.959726141424497
4,319,1.0,127690.02973847567,-0.11621817867869805,11.641142784635885,-11.757360963314586,-11.757360963314584,1.7763568394002505e-15,-0.06090749286962982,-5.599808286611628,3.5184953470876974,6.157552676702956,0.030788576916345636,0.4762089528040169,5.954433288160901
4,320,1.0,135709.03932707544,-0.20778065513032873,11.610487801053885,-11.818268456184216,-11.818268456184214,1.7763568394002505e-15,-0.0006117407101449146,-5.65498448785239,3.524226638716566,6.163283968331825,0.030786886240545448,0.4759293902788638,5.957312252860895
4,321,1.0,135792.08346931785,-0.22223018194293342,11.596650014951429,-11.81888019689436,-11.818880196894362,1.7763568394002505e-15,-0.18941735348243327,-5.652328680090574,3.5274941871885277,6.1665515168037865,0.03042674287748114,0.47570718845354704,5.958792053093488
4,322,1.0,164110.8758086861,-0.4659203594518231,11.542377190924972,-12.008297550376794,-12.008297550376795,1.7763568394002505e-15,-0.020829163012098917,-5.837443078114993,3.5317971426465435,6.170854472261802,0.03064790793310894,0.4754991138041921,5.9598906455444975
4,323,1.0,167565.01654131952,-0.5154817795747773,11.513644933814113,-12.029126713388893,-12.02912671338889,1.7763568394002505e-15,0.08723653267514209,-5.84584498548992,3.544224398283713,6.183281727898971,0.030867160076401567,0.4752169647748388,5.969016590741011
4,324,1.0,153566.68485784516,-0.4048388753176783,11.537051305396071,-11.94189018071375,-11.941890180713749,1.7763568394002505e-15,0.051190366774111595,-5.770757191550936,3.5320756595475538,6.171132989162814,0.031029908029606416,0.4749979937245344,5.95625718464202
4,325,1.0,145903.3673275141,-0.3454435750179804,11.545256238921656,-11.890699813939639,-11.890699813939637,1.7763568394002505e-15,0.11005131069119933,-5.733555025483207,3.51808745884117,6.157144788456429,0.031066031284430938,0.47470881171170276,5.9409980084908165
4,326,1.0,130698.5105037291,-0.20465324925168835,11.57599525399675,-11.78064850324844,-11.780648503248438,1.7763568394002505e-15,-0.039693074190918054,-5.632828747568943,3.508762426064237,6.147819755679497,0.03098232880034854,0.4745817181216128,5.931734873717907
4,327,1.0,135990.6724499583,-0.26324606895305547,11.557095508486302,-11.820341577439358,-11.820341577439358,0.0,-0.014595311035350278,-5.672184204007621,3.5091000438164777,6.1481573734317365,0.0311160879264063,0.47428543171870435,5.92937000494745
4,328,1.0,137990.05391672018,-0.2973579202356247,11.537578968239083,-11.834936888474708,-11.834936888474708,0.0,0.1034900733077766,-5.693058657798793,3.5028209010606566,6.141878230675915,0.03135361119729499,0.4739820131328709,5.920656381301951
4,329,1.0,124423.55810179866,-0.15716489320889712,11.574281921958033,-11.731446815166931,-11.73144681516693,1.7763568394002505e-15,0.08963724467151302,-5.59603063904062,3.4963588465110527,6.135416176126312,0.031217867103927377,0.4739741620283091,5.914996801986199
4,330,1.0,113755.82798064592,-0.04277905256398856,11.59903051793143,-11.641809570495418,-11.641809570495418,0.0,-0.06588524517449912,-5.505570739394109,3.497181501486051,6.136238831101308,0.03131188421783063,0.47388249726626247,5.915111279100115
4,331,1.0,121503.07081852766,-0.129783194554898,11.577911621115017,-11.707694815669917,-11.707694815669916,1.7763568394002505e-15,0.09715176411858018,-5.57792129149881,3.4907161945558483,6.1297735241711075,0.031409870910406555,0.4735833824498524,5.906276322962786
4,332,1.0,110254.10779773172,-0.007474237612385776,11.603068813938952,-11.610543051551337,-11.610543051551337,0.0,0.10573040220149466,-5.4837746311595,3.4877110907765805,6.126768420391839,0.03143360778785307,0.4734816685459878,5.902784885719666
4,333,1.0,99192.0004453884,0.11990363287824528,11.624716282228087,-11.504812649349843,-11.504812649349843,0.0,-0.023944910116215468,-5.377739025174711,3.488016294559874,6.127073624175132,0.03158100203098919,0.4733889562962179,5.902230187923299
4,334,1.0,101595.80861295486,0.08530770817837403,11.61406526764443,-11.528757559466058,-11.528757559466055,3.552713678800501e-15,-0.05151649578881212,-5.401886124606929,3.4878141052438707,6.126871434859128,0.031545841782244025,0.4731868893171377,5.900313228466076
4,335,1.0,106966.82891650725,0.008250129690137248,11.588524184945008,-11.58027405525487,-11.58027405525487,0.0,-0.08764224723385539,-5.452611821108914,3.4886049045306975,6.127662234145958,0.03156460320338855,0.47294670733930355,5.89894055323917
4,336,1.0,116764.72625096687,-0.12184261865916682,11.546073683829562,-11.667916302488726,-11.66791630248873,3.552713678800501e-15,0.050365792729271774,-5.5461768778401614,3.4826820950333066,6.121739424648566,0.03155098260223803,0.4725934242176001,5.890567410866526
4,337,1.0,111029.42216931176,-0.05900128644030029,11.558549223319153,-11.617550509759454,-11.617550509759454,0.0,-0.03996537006852563,-5.49652765569338,3.4819655244508145,6.121022854066074,0.03159705278582952,0.47244345471151855,5.8887461180398315
4,338,1.0,115556.61705915439,-0.1134775108740595,11.54403836895392,-11.65751587982798,-11.65751587982798,0.0,0.01976518500843838,-5.5343830768981475,3.484075473314572,6.123132802929831,0.03161615961964192,0.4722647595277001,5.8889735564035925
4,339,1.0,113295.04298457115,-0.0908673510916623,11.54688334372788,-11.637750694819541,-11.637750694819541,0.0,-0.10031804736094152,-5.51812946496742,3.4805639002368634,6.119621229852122,0.03164151376546048,0.47208215573131757,5.884354911799096
4,340,1.0,125250.2158351658,-0.230100436417072,11.507968305763413,-11.738068742180483,-11.738068742180484,1.7763568394002505e-15,-0.029153875452541556,-5.618069114688434,3.480942297876792,6.11999962749205,0.03172609332480281,0.4717321243503799,5.881782858323218
4,341,1.0,128955.49420246262,-0.2804533165369077,11.486769301096112,-11.767222617633024,-11.76722261763302,3.552713678800501e-15,-0.02446088779241684,-5.646698056695504,3.481467231322262,6.12052456093752,0.03178839916986882,0.4713869513211486,5.879375481194507
4,342,1.0,132148.7558655423,-0.3258411598891944,11.465842345536245,-11.791683505425441,-11.79168350542544,1.7763568394002505e-15,0.11903656631532833,-5.670486367566327,3.482139808243857,6.1211971378591175,0.031885840019203894,0.4710935744762269,5.877659860780335
4,343,1.0,117318.406338141,-0.17275053722291542,11.499896401887197,-11.672646939110113,-11.672646939110113,0.0,-0.029100510540949642,-5.55204440894291,3.481545200551944,6.120602530167203,0.03187492168117933,0.47098068456635334,5.876610503874336
4,344,1.0,120782.59218271225,-0.21806656187807466,11.483680887772984,-11.701747449651062,-11.701747449651059,3.552713678800501e-15,-0.006550976021024724,-5.579186662985613,3.48350345705019,6.12256078666545,0.0319942234684561,0.47073691641674803,5.8763078753024915
4,345,1.0,121576.43342634242,-0.23849654005046877,11.469801885621619,-11.708298425672087,-11.708298425672087,0.0,-0.05800878257066877,-5.5810284925451095,3.488212603511719,6.1272699331269775,0.0319888068694537,0.4704775684234017,5.878522237610471
4,346,1.0,128837.50114635844,-0.3250950801233823,11.441212128119375,-11.766307208242756,-11.766307208242758,1.7763568394002505e-15,-0.060307709989155356,-5.635035944643291,3.4922139339842064,6.131271263599466,0.032170359880680344,0.4702808543808886,5.880180565354122
4,347,1.0,136846.46983051114,-0.4237087189692301,11.40290619926268,-11.826614918231911,-11.826614918231911,0.0,0.08789130313299331,-5.699409212816098,3.488148375800555,6.127205705415813,0.03228718817078697,0.46978147110338414,5.8721808658937125
4,348,1.0,125332.26567272043,-0.3116117355813319,11.427111879517588,-11.738723615098918,-11.73872361509892,1.7763568394002505e-15,0.11396813568498843,-5.610520477586386,3.4891458078972737,6.128203137512533,0.032291729443471195,0.46958502028327326,5.872018044084728
4,349,1.0,111832.2745773049,-0.1683150101618724,11.456440469252057,-11.62475547941393,-11.62475547941393,0.0,-0.09801815644342327,-5.494898395145912,3.4907997546527554,6.129857084268013,0.032405744450921654,0.4694646864202662,5.872503273582933
4,350,1.0,123349.07659300287,-0.30126747455485187,11.421506161302501,-11.722773635857353,-11.722773635857353,0.0,-0.018907904830998135,-5.598012085095064,3.485704221147031,6.124761550762289,0.032289294056243006,0.46915608173235396,5.864975319085091
4,351,1.0,125703.53801581897,-0.330567977798211,11.41111356289014,-11.74168154068835,-11.74168154068835,0.0,0.02654372449648079,-5.612886494643489,3.489737716429602,6.1287950460448615,0.03225607045198855,0.46891515461421446,5.867126863205622
4,352,1.0,122410.79213264515,-0.30234250456125783,11.412795311630614,-11.71513781619187,-11.715137816191872,1.7763568394002505e-15,0.08726154288831012,-5.594276552750001,3.4818039338266105,6.12086126344187,0.03233897439441094,0.4687088733400695,5.858157594879187
4,353,1.0,112181.82521050969,-0.19411147052153543,11.433764802782022,-11.62787627330356,-11.627876273303558,1.7763568394002505e-15,0.008059877924525338,-5.5127214440882915,3.476097499600009,6.115154829215268,0.032310966336836604,0.46857412225446704,5.851836820214165
4,354,1.0,111281.28738147543,-0.19442538378176624,11.42539101159727,-11.619816395379035,-11.619816395379036,1.7763568394002505e-15,0.07457844019114823,-5.502172534042827,3.4785865317209486,6.117643861336207,0.0323120437217889,0.4682870681085838,5.8517963106456135
4,355,1.0,103284.02073430753,-0.0999257346380323,11.445312220549852,-11.545237955187886,-11.545237955187885,1.7763568394002505e-15,-0.10602172071127214,-5.433268124577785,3.472912500994844,6.111969830610102,0.03244206624261707,0.4681161524086222,5.845196443198538
4,356,1.0,114835.92803690497,-0.259362610504673,11.391897065394486,-11.651259675899158,-11.65125967589916,1.7763568394002505e-15,-0.013778672898920874,-5.5384611755585365,3.473741170725364,6.112798500340623,0.03246967549709838,0.46764228512819156,5.841997598629163
4,357,1.0,116429.16587134177,-0.29323038633681986,11.371807962461258,-11.66503834879808,-11.665038348798078,1.7763568394002505e-15,0.063536282902934,-5.551481214081258,3.474499805101561,6.113557134716821,0.03259257489850054,0.4672992457062227,5.839653998170074
4,358,1.0,109261.79449501481,-0.21108395948233205,11.390418106412817,-11.601502065895145,-11.601502065895149,3.552713678800501e-15,-0.03084638670599915,-5.486992054283125,3.475452681996763,6.114510011612022,0.03261067038388193,0.46719427747677966,5.839792823707917
4,359,1.0,112684.64596100623,-0.2646473684138703,11.367701084187274,-11.632348452601144,-11.632348452601144,0.0,0.12374177123197327,-5.522772761163887,3.4705183618219997,6.109575691437259,0.03272375924845593,0.46679341521221945,5.832112690394524
4,360,1.0,99569.0528933742,-0.10226437716058101,11.406342304208593,-11.508606681369171,-11.508606681369175,3.552713678800501e-15,-0.11639278168304301,-5.394539150588689,3.4750102011652255,6.114067530780484,0.03254996286967559,0.4667955751767807,5.83641744790545
4,361,1.0,111859.56315138136,-0.26765495469211614,11.357344508360097,-11.624999463052214,-11.624999463052212,1.7763568394002505e-15,-0.009920417842623763,-5.511485262553092,3.4744568708838623,6.113514200499121,0.032427683973610344,0.4664264939764925,5.832952437186789
4,362,1.0,112974.77931658555,-0.29082892153798445,11.344090959356853,-11.634919880894838,-11.634919880894838,0.0,-0.057471722277286474,-5.5231660731052825,3.4726964781742953,6.111753807789555,0.032624376230378116,0.4661324637486167,5.828650370489705
4,363,1.0,119657.83850857697,-0.3809701711063111,11.311421432065812,-11.692391603172124,-11.692391603172123,1.7763568394002505e-15,0.0722430522293287,-5.577095601364249,3.476238672192615,6.115296001807872,0.03248512820003494,0.4659145621753593,5.8298392253545375
4,364,1.0,111318.25621958441,-0.2775707330687549,11.34257781787404,-11.620148550942796,-11.620148550942796,0.0,0.13991239124043098,-5.509977851066365,3.4711133702611714,6.110170699876429,0.032479264498782155,0.4659017551372123,5.825244378154255
4,365,1.0,96783.92154263082,-0.09707410708910848,11.383162052613255,-11.480236159702365,-11.480236159702363,1.7763568394002505e-15,0.06980923415190432,-5.368659385034249,3.4725194450528565,6.111576774668115,0.03260300589872718,0.4657845739214828,5.825785007566494
4,366,1.0,90257.94680416922,-0.013472253902986953,11.396954671647475,-11.41042692555046,-11.410426925550462,1.7763568394002505e-15,-0.0843846189483699,-5.302747418252151,3.468622177683051,6.107679507298309,0.032601257814115485,0.4655602890109438,5.820602977215594
4,367,1.0,98204.91504834453,-0.13536259173764736,11.359448952761184,-11.49481154449883,-11.494811544498832,1.7763568394002505e-15,-0.04123063689661599,-5.3918272006504955,3.463927014233076,6.102984343848335,0.032650998069248045,0.4652124283216294,5.8133823154800695
4,368,1.0,102338.59785298682,-0.20749755927622193,11.328544622119223,-11.536042181395446,-11.536042181395445,1.7763568394002505e-15,0.026686014898022137,-5.433342063959699,3.463642787820486,6.102700117435745,0.03268543960879232,0.46482441568904026,5.809851872461948
4,369,1.0,99643.7063901002,-0.17476535079977076,11.334590815697652,-11.509356166497424,-11.509356166497422,1.7763568394002505e-15,0.04748889361545139,-5.4164755325470955,3.45382330433507,6.092880633950329,0.033057116525550746,0.4645231023043314,5.79811001584581
4,370,1.0,95022.33734411054,-0.11376573035857473,11.348101542523393,-11.461867272881973,-11.461867272881967,5.329070518200751e-15,0.007506891689354589,-5.372838834295374,3.449971108971338,6.089028438586596,0.03313805471088812,0.46441219220479674,5.793791312326185
4,371,1.0,94311.68567943826,-0.11382487834707147,11.340535502845546,-11.454360381192618,-11.454360381192616,1.7763568394002505e-15,0.060860559753090016,-5.363577650712863,3.451725400864496,6.090782730479754,0.03317718861237954,0.46412659247076926,5.7931209245210775
4,372,1.0,88742.99915267828,-0.040092916362622084,11.353406905076904,-11.393499821439528,-11.393499821439526,1.7763568394002505e-15,0.005161871328672518,-5.301387259044931,3.4530552327793376,6.092112562394596,0.03320199376988539,0.4639631043198031,5.793196046911424
4,373,1.0,88286.09945296575,-0.028311694549246688,11.360026255561609,-11.388337950110856,-11.388337950110856,0.0,-0.04501820072158225,-5.299982549801887,3.44929807069371,6.088355400308969,0.03333265355243718,0.46384502509588016,5.788345675268367
4,374,1.0,92351.40051730606,-0.10533356991003351,11.328022580922402,-11.433356150832438,-11.433356150832436,1.7763568394002505e-15,0.018462170727422844,-5.348741141294775,3.445557679922403,6.0846150095376625,0.03352382166186252,0.4633902416931754,5.781096884021241
4,375,1.0,90662.0358484765,-0.08550417031450992,11.329389809790506,-11.414893980105015,-11.414893980105015,0.0,-0.021488731649618842,-5.325372552626395,3.450464097863363,6.089521427478622,0.033561425712715205,0.4631966952668886,5.784040598075434
4,376,1.0,92631.33105695601,-0.12575430409277097,11.310628407661861,-11.436382711754634,-11.436382711754632,1.7763568394002505e-15,0.03416227482905754,-5.342505181523121,3.454820200616255,6.093877530231514,0.033672494104646934,0.4629112559598033,5.785786500581432
4,377,1.0,89520.27696991657,-0.08222384861125032,11.319996588314325,-11.402220436925576,-11.402220436925575,1.7763568394002505e-15,0.0256064085027905,-5.314268669616944,3.4488944376933715,6.08795176730863,0.03374032000440079,0.46265450268030006,5.778333247446101
4,378,1.0,87257.08397180936,-0.05122511009078644,11.325388918331996,-11.376614028422786,-11.376614028422782,3.552713678800501e-15,-0.0010863655056496668,-5.287945961844154,3.449610736963372,6.088668066578632,0.03402050525004445,0.4624456640470201,5.777009737521494
4,379,1.0,87351.92856658011,-0.06605643785357783,11.311643956074857,-11.377700393928436,-11.377700393928434,1.7763568394002505e-15,-0.13292540589091395,-5.295211449900878,3.4434316144122974,6.082488944027555,0.03393962428410914,0.46222560871082735,5.769849827573974
4,380,1.0,99770.29770532408,-0.2621354916833775,11.248490308135969,-11.51062579981935,-11.510625799819346,3.552713678800501e-15,-0.06300021153342072,-5.424739263875047,3.446829206329044,6.085886535944303,0.033822500070520456,0.4618679844685822,5.769859499408393
4,381,1.0,106258.06729139779,-0.3570484708450311,11.21657754050774,-11.57362601135277,-11.573626011352772,1.7763568394002505e-15,-0.05386715855816426,-5.48870976377382,3.4458589179636903,6.08491624757895,0.033862174919530655,0.4615494381885746,5.765959170903737
4,382,1.0,112138.85620399223,-0.4409176379419918,11.186575531968941,-11.627493169910935,-11.627493169910933,1.7763568394002505e-15,0.04256480802343354,-5.541437599372928,3.4469982409227478,6.086055570538006,0.03405698596740555,0.46119409712175163,5.763812073503163
4,383,1.0,107465.84572559512,-0.3870009887475781,11.197927373139924,-11.584928361887501,-11.584928361887503,1.7763568394002505e-15,0.12614297468094904,-5.501685126878625,3.444185905393617,6.083243235008875,0.03404575092623845,0.4609625232604704,5.759513489862086
4,384,1.0,94729.94016258029,-0.2174047988831787,11.241380588323377,-11.458785387206552,-11.458785387206555,3.552713678800501e-15,0.026700091343979437,-5.375419424740994,3.444308632850301,6.083365962465561,0.034017144831385585,0.46087419575288224,5.7596822503971
4,385,1.0,92234.10982649939,-0.18872656608171973,11.243358729780853,-11.432085295862572,-11.432085295862572,0.0,0.03056579606938037,-5.342546734054105,3.4504812321932095,6.089538561808469,0.03419736364547671,0.46076468896050293,5.7643416291610325
4,386,1.0,89457.55086978167,-0.15341865225110868,11.248100847542087,-11.401519499793192,-11.401519499793196,3.552713678800501e-15,-0.031602980335152964,-5.323225569733192,3.4392366004447403,6.07829393006,0.03427666696668705,0.4604858649774822,5.751448486997129
4,387,1.0,92329.82322161236,-0.2073756990991183,11.225746781029226,-11.433122480128345,-11.433122480128345,0.0,0.1297590876667254,-5.351009638443391,3.443055512069695,6.082112841684953,0.034264886020170464,0.4601482188763672,5.752098334400981
4,388,1.0,81093.93008340549,-0.030582255413360113,11.272781137048263,-11.30336339246162,-11.303363392461623,3.552713678800501e-15,-0.0059568762343413795,-5.2227753365994944,3.4415307262468673,6.080588055862127,0.034587383912652314,0.4600856318262279,5.749874633906454
4,389,1.0,81578.43823310491,-0.04447006888779926,11.264850199808164,-11.309320268695961,-11.309320268695963,1.7763568394002505e-15,0.0865733740735859,-5.225706485882861,3.4445564531978405,6.0836137828131,0.03465203975956928,0.45983461015198196,5.749900876147298
4,390,1.0,74812.99618223852,0.07423032507151588,11.296977219693892,-11.222746894622375,-11.222746894622375,0.0,0.028470114699413074,-5.137323429880264,3.4463661351268513,6.085423464742111,0.03474991075450203,0.459738940423144,5.750612556250168
4,391,1.0,72713.09564171279,0.11313487735878974,11.30741165728175,-11.194276779922962,-11.194276779922959,3.552713678800501e-15,-0.16914702511963853,-5.109746527356516,3.445472922951187,6.084530252566445,0.03477115180963793,0.4596512160321783,5.749081947997676
4,392,1.0,86113.70085934027,-0.12931206806434517,11.234111736978258,-11.3634238050426,-11.363423805042604,3.552713678800501e-15,0.027419842543602968,-5.284618680602939,3.4397477948244024,6.078805124439661,0.034258029671491885,0.45901741607198066,5.739890639947343
4,393,1.0,83784.55507469416,-0.1001819254533276,11.235822037045669,-11.336003962498998,-11.336003962498996,1.7763568394002505e-15,-0.09004387475726716,-5.252662963825649,3.444283669058092,6.083340998673352,0.03436156288432252,0.45879812167266326,5.742012721308088
4,394,1.0,91678.92783687911,-0.23454544595787905,11.191502391298386,-11.426047837256265,-11.426047837256265,0.0,-0.05383836295785294,-5.3583867211241625,3.428603786516843,6.0676611161321015,0.034368336999072074,0.45825860747492164,5.723866825115683
4,395,1.0,96750.05701692899,-0.31636166970004886,11.163524530514067,-11.479886200214118,-11.479886200214116,1.7763568394002505e-15,-0.11533956550369773,-5.404629040146548,3.43619983045231,6.0752571600675696,0.03429735661629026,0.4579864546773322,5.728480896883662
4,396,1.0,108578.1821969109,-0.4778445274991609,11.117381238218655,-11.595225765717815,-11.595225765717815,0.0,-0.009516293123532193,-5.520445933538928,3.435722502563628,6.074779832178886,0.034439017436256575,0.45755750616720364,5.72447330387353
4,397,1.0,109616.37604914857,-0.5100208305734732,11.094721228267876,-11.604742058841348,-11.60474205884135,1.7763568394002505e-15,0.018681064248566415,-5.533303640801369,3.4323810884247217,6.07143841803998,0.03458759344863795,0.4571435131277409,5.718223018612078
4,398,1.0,107587.63401484459,-0.49552069592750336,11.090540298665276,-11.586060994592781,-11.58606099459278,1.7763568394002505e-15,-0.034445020763502754,-5.519499080258545,3.4275045847189776,6.066561914334236,0.03468395748436525,0.45685132953040647,5.711353479264132
4,399,1.0,111358.05564777036,-0.5644649118881783,11.056041103468106,-11.620506015356284,-11.620506015356284,0.0,-0.09955671930834065,-5.551128630476353,3.430320055264672,6.069377384879931,0.03463487515075807,0.4565245317248921,5.711202231129635
4,400,1.0,123015.14227012853,-0.7348103033989553,10.985252431265668,-11.720062734664625,-11.720062734664623,1.7763568394002505e-15,-0.13695599114533863,-5.646291522389987,3.4347138826593784,6.073771212274637,0.034804868666398335,0.45611828852834246,5.711020178567482
4,401,1.0,141071.01933902418,-0.9665276786236807,10.890491047186284,-11.857018725809963,-11.857018725809965,1.7763568394002505e-15,-0.1457862571153168,-5.779257903729006,3.4387034924656974,6.077760822080956,0.03536536221427926,0.45565795061193454,5.708408663361326
4,402,1.0,163211.9567006008,-1.1987851262086435,10.804019856716636,-12.00280498292528,-12.00280498292528,0.0,-0.18345621119605582,-5.913604153102715,3.450143500207307,6.089200829822565,0.03605612609070831,0.4553306142575748,5.712668485228101
4,403,1.0,196076.7011620145,-1.4926528628589342,10.693608331262402,-12.186261194121336,-12.186261194121336,0.0,0.22056924981601433,-6.07810194682064,3.4691019176854376,6.108159247300696,0.03714176570529168,0.45499762749291756,5.72216321176301
4,404,1.0,157265.6895746888,-1.134006944271432,10.83168500003389,-11.965691944305322,-11.965691944305322,0.0,-0.057563138778869316,-5.875673788793678,3.4509608258963858,6.090018155511645,0.035819895415684866,0.45499938305611065,5.712115811998848
4,405,1.0,166584.0195564065,-1.2384213479974178,10.784833735086771,-12.02325508308419,-12.023255083084189,1.7763568394002505e-15,0.006285698711328891,-5.921707418806294,3.4624903346626374,6.101547664277896,0.03602067307040414,0.454724874393338,5.718966842018454
4,406,1.0,165540.20658303652,-1.2351797454834719,10.781789638889391,-12.016969384372862,-12.016969384372864,1.7763568394002505e-15,0.014828927906696876,-5.92222551256326,3.4556865421943455,6.094743871809605,0.036203948858382955,0.45446618049427884,5.7104905451803845
4,407,1.0,163103.5340657742,-1.224336644995256,10.77780381147091,-12.002140456466165,-12.002140456466167,1.7763568394002505e-15,-0.06759616778360211,-5.91503156974762,3.448051557103286,6.087108886718545,0.036387298482707726,0.4542426551723573,5.701212414365693
4,408,1.0,174509.8776121402,-1.3372045781372908,10.732532046112476,-12.069736624249767,-12.069736624249767,0.0,-0.03132029321117891,-5.980131858570522,3.450547436063985,6.089604765679243,0.03700947931862286,0.45400651032062683,5.699166918287735
4,409,1.0,180062.07246624085,-1.3888834720879075,10.71217344537304,-12.101056917460946,-12.101056917460948,1.7763568394002505e-15,0.0984098251816441,-6.00847488497459,3.4535247028710976,6.092582032486355,0.037250091560348725,0.45374712308282805,5.6988231081562875
4,410,1.0,163186.18909361158,-1.2237570361563568,10.778890056122943,-12.002647092279302,-12.0026470922793,1.7763568394002505e-15,0.13542745505951714,-5.92307448540019,3.4405152772638528,6.079572606879111,0.0367788876304022,0.4536442401730986,5.688846831000824
4,411,1.0,142517.437157145,-1.0087347092657637,10.858484927954022,-11.867219637219785,-11.867219637219785,0.0,0.11747646947966217,-5.802128105857513,3.426034201747013,6.065091531362272,0.036295122196547125,0.45352074969206224,5.677677953671698
4,412,1.0,126721.00878288916,-0.8375199751563873,10.912223192583735,-11.749743167740123,-11.749743167740123,0.0,-0.06840185580765556,-5.69304315463165,3.4176426834932165,6.0567000131084745,0.03599660372192652,0.45338422070551615,5.670550511737055
4,413,1.0,135692.28943632575,-0.9398306486597054,10.878314374888074,-11.818145023547778,-11.81814502354778,1.7763568394002505e-15,-0.017172702621847336,-5.76023376953882,3.4188539243937006,6.0579112540089595,0.0361215294634659,0.45307122171123215,5.668364821895801
4,414,1.0,138042.61573890166,-0.969554242401778,10.86576348376785,-11.835317726169626,-11.835317726169627,1.7763568394002505e-15,0.018793484538173644,-5.776534348307613,3.4197260482467544,6.058783377862014,0.03620048916814112,0.45277312506230066,5.666546680475084
4,415,1.0,135472.539958518,-0.9363172107939434,10.88020703083751,-11.816524241631452,-11.816524241631454,1.7763568394002505e-15,-0.14363531198843305,-5.760422521482956,3.4170443905332357,6.056101720148495,0.036205108177947566,0.4527406067220822,5.663983339804913
4,416,1.0,156398.03664907377,-1.1772776371792972,10.782881916440584,-11.960159553619885,-11.960159553619881,3.552713678800501e-15,0.06421866348236449,-5.895944527570696,3.425157696433932,6.06421502604919,0.03687752231655842,0.452203602692117,5.663723615571113
4,417,1.0,146670.0653996865,-1.0892967471421193,10.8066441429954,-11.89594089013752,-11.89594089013752,0.0,0.17131387561418876,-5.839024944051067,3.4178586164711953,6.056915946086455,0.036680710188911544,0.4519352132281865,5.656070677113301
4,418,1.0,123577.90112377911,-0.8103088875915077,10.914318126931825,-11.724627014523332,-11.724627014523332,0.0,0.21887312959794336,-5.677720865539123,3.40784881936895,6.046906148984208,0.036083903198385094,0.45195488955375407,5.650758005834439
4,419,1.0,99285.407437113,-0.4825955949809737,11.023158289944416,-11.505753884925388,-11.50575388492539,1.7763568394002505e-15,0.013553571306403,-5.468693042503426,3.398003512806704,6.037060842421961,0.03583242263019746,0.4519480620534731,5.643878301236898
4,420,1.0,97948.81385680698,-0.44436463946591553,11.04783567415307,-11.492200313618985,-11.492200313618985,0.0,0.1430096257904374,-5.4570090034675625,3.3961339805361654,6.035191310151425,0.035871364251225904,0.4518713285914279,5.641255199765713
4,421,1.0,84896.71575194651,-0.23256340809788678,11.116627279730661,-11.349190687828548,-11.349190687828548,0.0,-0.023181612491342207,-5.313977482716054,3.3961558754972354,6.035213205112494,0.03607640419709474,0.45181521379274603,5.641070453270362
4,422,1.0,86887.74701379356,-0.27693864845148697,11.095433651868403,-11.37237230031989,-11.37237230031989,0.0,0.0037331285428354732,-5.33838698356976,3.3949279871348716,6.033985316750131,0.03604094049989272,0.4514742536225876,5.637215104144487
4,423,1.0,86563.98857732187,-0.2766606977336071,11.091978474043447,-11.368639171777055,-11.368639171777055,0.0,0.026307249830404444,-5.338618241677304,3.390963600484492,6.030020930099751,0.036111360035620634,0.45118465572188315,5.631129415893456
4,424,1.0,84316.42138095973,-0.2541575580205795,11.08817436392607,-11.34233192194665,-11.34233192194665,0.0,-0.014328588332848113,-5.313616966857755,3.3896576254736366,6.028714955088895,0.036215511829623785,0.45084130721932725,5.627295982075156
4,425,1.0,85533.25359782312,-0.2780795380921925,11.078580972187305,-11.356660510279498,-11.356660510279498,0.0,0.019451283194163338,-5.329836708545228,3.387766472119012,6.0268238017342695,0.036327839126245126,0.4504740278349581,5.622532397820346
4,426,1.0,83885.59851161398,-0.25342655105371986,11.083782676031618,-11.337209227085335,-11.337209227085337,1.7763568394002505e-15,-0.002579524721031845,-5.308307323295145,3.389844574174932,6.0289019037901905,0.03637734333715436,0.45036355293672736,5.623311416665267
4,427,1.0,84102.26281203338,-0.2699056572032007,11.069883094603169,-11.339788751806367,-11.339788751806369,1.7763568394002505e-15,0.0031468412766830767,-5.310125236047688,3.3906061861434202,6.029663515758679,0.03646657557488267,0.44997122977269766,5.620505408738434
4,428,1.0,83838.02231945434,-0.28199977109082386,11.05464213943886,-11.336641910529684,-11.336641910529684,0.0,0.06802592616913294,-5.307576591081201,3.3900079898332236,6.029065319448483,0.036417281476085195,0.4496510759317076,5.617672778562886
4,429,1.0,78324.51975488025,-0.18986826792396777,11.078747716436581,-11.268615984360551,-11.26861598436055,1.7763568394002505e-15,0.12964513617715312,-5.236611003142881,3.39294765160241,6.032004981217669,0.03660758712935487,0.4494693144296043,5.618793629808144
4,430,1.0,68800.81351403263,-0.013592133695112946,11.125378714488287,-11.138970848183398,-11.1389708481834,1.7763568394002505e-15,-0.09475354435054406,-5.104701306146635,3.395212212421505,6.034269542036763,0.03711169920242224,0.44942134108986304,5.619897743580632
4,431,1.0,75638.77991860369,-0.14979759124500142,11.083926801288941,-11.233724392533942,-11.233724392533942,0.0,-0.134751162441475,-5.203073693297405,3.39159336962128,6.0306506992365385,0.036851124378822354,0.4490485863519196,5.613645670428368
4,432,1.0,86549.8264129895,-0.34826182408051864,11.0202137308949,-11.368475554975417,-11.368475554975419,1.7763568394002505e-15,0.07212433074601421,-5.340726899423385,3.3886913259367746,6.027748655552033,0.03660658102582252,0.4486875338558816,5.6080371910692515
4,433,1.0,80527.27486579839,-0.2419938053503566,11.054357418879047,-11.296351224229403,-11.296351224229403,0.0,-0.09671444580854782,-5.267255954067151,3.3900379405469905,6.029095270162251,0.03665297699479,0.4485462679600197,5.608276985136599
4,434,1.0,88704.47961747611,-0.39195268606739614,11.001112983970554,-11.39306567003795,-11.39306567003795,0.0,0.02340021567971995,-5.366528021202301,3.3874803192203897,6.0265376488356495,0.03658743980106202,0.44810636789187897,5.602523875668502
4,435,1.0,86652.87329357231,-0.364222799084693,11.005442655273537,-11.36966545435823,-11.36966545435823,0.0,0.09445788664599064,-5.343501523257478,3.387106601485494,6.026163931100753,0.03671595841273391,0.44785028082010875,5.600133056924087
4,436,1.0,78842.50766004948,-0.2175436238388616,11.057663943873377,-11.27520756771224,-11.27520756771224,0.0,-0.023397456471760947,-5.250867792321682,3.3852824457752995,6.024339775390559,0.037009022656086965,0.4477362487117289,5.5969606817185635
4,437,1.0,80708.9719117192,-0.25382737120375876,11.044777652980244,-11.298605024184,-11.298605024184003,1.7763568394002505e-15,-0.19837126716208608,-5.273380365072327,3.386167329496417,6.025224659111676,0.036961071872185766,0.4475720292505593,5.59604168916112
4,438,1.0,98417.73409515273,-0.5493627791749265,10.947613512171158,-11.496976291346087,-11.496976291346083,3.552713678800501e-15,0.02265795732748721,-5.473018522459682,3.3849004392711453,6.0239577688864046,0.03670175225509148,0.44706340247259624,5.5905182794508415
4,439,1.0,96212.86254631897,-0.5116355703320468,10.962682763686551,-11.4743183340186,-11.474318334018598,1.7763568394002505e-15,0.04667933972142535,-5.458026516496113,3.3772344879072262,6.016291817522486,0.036801801163204105,0.4467400156216796,5.581514717202615
4,440,1.0,91824.91952545982,-0.44131050651222903,10.986328487784945,-11.427638994297174,-11.427638994297174,0.0,0.12987428245468813,-5.411246007596405,3.377335657085511,6.01639298670077,0.036907889656988706,0.4464940571956018,5.5797445138150605
4,441,1.0,80641.17965387538,-0.23857963360567191,11.059185078236814,-11.297764711842486,-11.297764711842486,0.0,-0.007201169419793985,-5.281771027752012,3.3769363544752156,6.015993684090475,0.0370975579978465,0.4465319064600891,5.579356874992419
4,442,1.0,81223.98637721113,-0.2576353730315847,11.047330508230695,-11.30496588126228,-11.30496588126228,0.0,-0.0058217811332479386,-5.282584912730099,3.3833236389169232,6.022380968532182,0.03736576542899066,0.44626092753406316,5.581993585084049
4,443,1.0,81698.23379151673,-0.28337463520147627,11.027413027194052,-11.310787662395528,-11.310787662395528,0.0,0.04724191132876321,-5.29809975661978,3.373630576160487,6.0126879057757465,0.03739609516487382,0.4458481197572051,5.57093099615382
4,444,1.0,77928.40122237844,-0.22427799391479158,11.039267757151974,-11.263545751066765,-11.263545751066765,0.0,-0.06009789040465918,-5.25188656664401,3.3726018548074967,6.011659184422755,0.03754378897148235,0.445471039848562,5.56687856978313
4,445,1.0,82755.32498753241,-0.314338632305233,11.00930500916619,-11.323643641471424,-11.323643641471424,0.0,-0.027382077476360678,-5.3166025312393845,3.3679837806167816,6.00704111023204,0.03741007246588716,0.44504385314126677,5.559700472392625
4,446,1.0,85052.64689276413,-0.35530832043147575,10.995717398516307,-11.351025718947785,-11.351025718947783,1.7763568394002505e-15,-0.05353531773458364,-5.344834106124724,3.3671342832078017,6.00619161282306,0.03739275543330531,0.4448337175648604,5.557136945533822
4,447,1.0,89730.05351411442,-0.4297695171732594,10.97479151950911,-11.404561036682368,-11.404561036682368,0.0,-0.030344728297114543,-5.39597705618067,3.36952665088644,6.008583980501698,0.03732791897336313,0.44458840046527226,5.557237267483087
4,448,1.0,92494.62049323798,-0.49225069717655223,10.942655067802932,-11.434905764979483,-11.434905764979483,0.0,-0.06922216646963442,-5.424785115818948,3.3710633195452755,6.010120649160535,0.03721100571996117,0.4442639572782649,5.555891646106547
4,449,1.0,99124.10515428793,-0.6056633419130248,10.898464589536093,-11.504127931449117,-11.50412793144912,1.7763568394002505e-15,0.12766023603535537,-5.496875709673754,3.368194892160104,6.007252221775362,0.037336700726147073,0.4438765901799537,5.549341325587429
4,450,1.0,87244.31631434079,-0.41280484838969045,10.963662847024072,-11.376467695413762,-11.376467695413762,0.0,0.1285777163464754,-5.369771874026348,3.367638491772155,6.006695821387415,0.03739643325152738,0.44371573579571566,5.548101191505305
4,451,1.0,76717.87254630246,-0.21965404711717518,11.028235931950112,-11.247889979067287,-11.247889979067287,0.0,0.00851468413079104,-5.242201713600574,3.366630935851454,6.005688265466714,0.037774571121074976,0.4435960699448989,5.546079187802122
4,452,1.0,76067.41723496404,-0.2169720876019486,11.022403207334548,-11.239375294936496,-11.239375294936497,1.7763568394002505e-15,-0.09590646850880091,-5.232483647445272,3.367834317875963,6.006891647491222,0.03779936188532602,0.4433547418870739,5.545165500415798
4,453,1.0,83724.0677928623,-0.3721986590056279,10.963083104439667,-11.335281763445296,-11.335281763445295,1.7763568394002505e-15,-0.00085381413212815,-5.327954521852462,3.3682699119775745,6.007327241592833,0.03773072046329598,0.44298713454317334,5.542806555049294
4,454,1.0,83795.5831111932,-0.3826986041754061,10.953436973402017,-11.336135577577425,-11.336135577577423,1.7763568394002505e-15,-0.11923717008054524,-5.329821098633197,3.3672571493289674,6.006314478944226,0.037801115868536246,0.4427038603879777,5.539080697408397
4,455,1.0,94407.21201298056,-0.578638071201833,10.876734676456138,-11.45537274765797,-11.455372747657972,1.7763568394002505e-15,0.05100708377044505,-5.445697992303278,3.3706174257394355,6.009674755354694,0.03777251398657347,0.4422213925118456,5.536765961662318
4,456,1.0,89712.52441518827,-0.5093460836359189,10.89501958025161,-11.404365663887525,-11.404365663887528,3.552713678800501e-15,-0.07815485326983129,-5.387211435735291,3.378096898536974,6.017154228152232,0.03799806652721025,0.44207725811285875,5.540835314253981
4,457,1.0,97005.26333096011,-0.6244630084577589,10.858057508699599,-11.482520517157356,-11.482520517157358,1.7763568394002505e-15,-0.02015952780579333,-5.470581415293353,3.3728817722487436,6.011939101864003,0.037664139736272834,0.44174834461776574,5.534479180221147
4,458,1.0,98980.68855253576,-0.6703183561689015,10.832361688794247,-11.50268004496315,-11.50268004496315,0.0,0.029539134961069635,-5.494665872667733,3.368956842680157,6.008014172295418,0.03784911116260977,0.4413437813581541,5.527658855648511
4,459,1.0,96099.64587635167,-0.6225664769659549,10.850574433036128,-11.47314091000208,-11.473140910002083,3.552713678800501e-15,-0.025561770388922156,-5.467390069235152,3.3666935111516696,6.005750840766929,0.03795552149285379,0.44112261003264625,5.524699635665139
4,460,1.0,98587.78814060442,-0.681515533399974,10.817187146991028,-11.498702680391002,-11.498702680391002,0.0,-0.035962204966764943,-5.495054614014751,3.3645907367609924,6.003648066376251,0.03819814129425125,0.4406047065614563,5.51854647584715
4,461,1.0,102197.74432842892,-0.7507675038632764,10.78389738149449,-11.534664885357767,-11.534664885357767,0.0,0.12463303637963108,-5.532069272530572,3.3635382832119354,6.002595612827194,0.038247504406546194,0.4401686754999628,5.5136934043631225
4,462,1.0,90222.29504697147,-0.5676383243130706,10.842393524665065,-11.410031848978136,-11.410031848978136,0.0,-0.00856452082790149,-5.408025526769734,3.362948992593142,6.002006322208402,0.03817260604403283,0.4400564106640466,5.513536653888692
4,463,1.0,90998.32418737219,-0.5825564212393874,10.83603994856665,-11.418596369806037,-11.418596369806037,0.0,-0.026239393169023018,-5.421401905941813,3.358137134248963,5.99719446386422,0.03846284201966962,0.43968103119815455,5.506376030967145
4,464,1.0,93417.66723073536,-0.6252069501201635,10.819628812854898,-11.44483576297506,-11.444835762975062,1.7763568394002505e-15,-0.05550205224450977,-5.452266691572937,3.353511741786864,5.992569071402123,0.03837505216406677,0.4394283778146229,5.500306296169488
4,465,1.0,98749.12433393237,-0.7091831379108622,10.791154677308707,-11.50033781521957,-11.50033781521957,0.0,-0.0687300226940053,-5.511123444959432,3.3501570406448775,5.989214370260137,0.0383550107654479,0.4390136115211868,5.49362316477511
4,466,1.0,105774.82677510126,-0.8287261654061711,10.740341672507402,-11.569067837913575,-11.569067837913572,3.552713678800501e-15,-0.06538866233221619,-5.575322100925652,3.3546884073726666,5.9937457369879255,0.038434082831883126,0.4386184682614006,5.493017045458378
4,467,1.0,112922.44111721091,-0.9446916892704077,10.689764810975383,-11.634456500245792,-11.634456500245792,0.0,-0.041154077822119106,-5.63939462405932,3.3560045465712145,5.995061876186472,0.03874633955653091,0.4382738967473708,5.489834061444474
4,468,1.0,117666.61145990202,-1.0167462134732823,10.65886436459463,-11.67561057806791,-11.675610578067912,1.7763568394002505e-15,0.047671348936585645,-5.678489880102843,3.35806336834981,5.997120697965069,0.03893376439583255,0.43801838930158943,5.488145223839539
4,469,1.0,112188.8879324934,-0.9311096809227399,10.696829548208584,-11.627939229131325,-11.627939229131323,1.7763568394002505e-15,0.10781141072859413,-5.636281627768426,3.35260027174764,5.991657601362897,0.03869472721389822,0.4378755518617326,5.484013643877553
4,470,1.0,100722.83527612886,-0.7361763395425108,10.783951478860216,-11.520127818402731,-11.520127818402726,5.329070518200751e-15,0.03269984892541622,-5.535606092425346,3.345464396362126,5.984521725977386,0.03857800674474429,0.43787220776897506,5.479003609238869
4,471,1.0,97482.4820418354,-0.6895441268240401,10.797883842653274,-11.487427969477315,-11.487427969477315,0.0,-0.12691297456667172,-5.497794992692022,3.350575647170033,5.989632976785293,0.03860420311182598,0.4376594960470035,5.48148346826419
4,472,1.0,110673.63720554083,-0.890858554119145,10.72348238992484,-11.614340944043986,-11.614340944043985,1.7763568394002505e-15,0.11108969369305832,-5.61785862941673,3.3574249850119977,5.996482314627257,0.0386907477903841,0.4372342866229499,5.482969622777008
4,473,1.0,99037.24300568954,-0.7078085786479735,10.795442671702956,-11.503251250350928,-11.50325125035093,1.7763568394002505e-15,0.03154266297159225,-5.513075707683698,3.351118213051971,5.99017554266723,0.03876330900753604,0.43713404466530437,5.47761729492467
4,474,1.0,95962.09870900043,-0.6511030288146339,10.820605558564703,-11.471708587379336,-11.471708587379336,0.0,-0.06968185374294222,-5.4864977475636065,3.34615351020047,5.985210839815729,0.03892076012221458,0.43700148881782874,5.471777441449504
4,475,1.0,102887.39750778096,-0.7981994695531812,10.7431909715691,-11.541390441122278,-11.54139044112228,1.7763568394002505e-15,0.056676903387019806,-5.561023502653477,3.341309608853542,5.9803669384688005,0.03898995037029736,0.43645129081664186,5.4623384143846625
4,476,1.0,97218.23130583242,-0.6979632541410227,10.786750283594236,-11.484713537735258,-11.484713537735258,0.0,-0.08766585099046509,-5.504247901776188,3.341408306343811,5.980465635959069,0.03890695717429135,0.43644527961469454,5.4635135910448485
4,477,1.0,106125.6861122369,-0.8412695758992008,10.73110981282652,-11.572379388725723,-11.572379388725722,1.7763568394002505e-15,0.060454267683693885,-5.594085604707618,3.339236454402847,5.978293784018105,0.03914568941035246,0.43597769509057804,5.456808890474297
4,478,1.0,99900.01562489907,-0.7557849603902735,10.756140160651753,-11.51192512104203,-11.511925121042028,1.7763568394002505e-15,-0.013658191353792759,-5.537205405354266,3.3356623860725043,5.974719715687763,0.03920689564000891,0.4355545641197944,5.450608842036369
4,479,1.0,101273.82970576924,-0.7926142689106199,10.732969043485204,-11.525583312395822,-11.525583312395824,1.7763568394002505e-15,-0.0024941331056940186,-5.553703675270774,3.3328223075097907,5.971879637125051,0.03936736472229707,0.4351453063943537,5.4443903486846805
4,480,1.0,101526.73537627733,-0.7944915858595378,10.733585859641977,-11.528077445501516,-11.528077445501514,1.7763568394002505e-15,0.03863339021762613,-5.5584071892527405,3.330612926633518,5.969670256248777,0.0394775764387339,0.43493891168465504,5.4408070351363085
4,481,1.0,97679.21333721961,-0.7508857506421456,10.738558304641744,-11.48944405528389,-11.48944405528389,0.0,-0.009890779390470783,-5.521333924611802,3.329052801056831,5.968110130672089,0.03953499123149389,0.4346445375521129,5.437283115344369
4,482,1.0,98650.13053609453,-0.7626849706525867,10.736649864021771,-11.499334834674361,-11.499334834674357,3.552713678800501e-15,0.16144939678529724,-5.5326388676084575,3.3276386374506446,5.966695967065904,0.03963752382695337,0.43430660686400807,5.432844232271542
4,483,1.0,83942.34204273696,-0.5085334913947692,10.829351946494295,-11.337885437889064,-11.337885437889064,0.0,-0.03258546309391086,-5.377127261539734,3.3217008467340707,5.96075817634933,0.0398278694604173,0.4340955918653987,5.427035513168542
4,484,1.0,86722.69567321627,-0.5550026696588634,10.815468231324111,-11.370470900982975,-11.370470900982975,0.0,0.049046238174584644,-5.411918927585332,3.319494643782383,5.9585519733976415,0.03984747014526209,0.4336615201407677,5.421515668756743
4,485,1.0,82571.89627459753,-0.48209692151971256,10.839327741288681,-11.32142466280839,-11.321424662808393,3.552713678800501e-15,0.04484856665394865,-5.365282054146054,3.317085279047077,5.9561426086623355,0.04006530599565218,0.4333457739396485,5.41664002511422
4,486,1.0,78950.47973881563,-0.4047289568138833,10.871847139340556,-11.276576096154441,-11.27657609615444,1.7763568394002505e-15,-0.03631449983453905,-5.31999906320354,3.3175197033356416,5.956577032950902,0.0402104177982103,0.4332713570271652,5.415609082130525
4,487,1.0,81870.22052684253,-0.4656913092684669,10.847199286720514,-11.31289059598898,-11.31289059598898,0.0,-0.09133579065885122,-5.360803009099236,3.3130302572744874,5.952087586889747,0.040221292642188586,0.4327318375997457,5.4074702967168875
4,488,1.0,89700.03037250985,-0.6186534117637206,10.785572974884111,-11.404226386647832,-11.404226386647832,0.0,0.023507440060289042,-5.452383202093209,3.312785854939363,5.951843184554623,0.04010489612183128,0.4323655579821332,5.404256727870302
4,489,1.0,87616.00332410043,-0.5891133581281836,10.791605588459358,-11.380718946587542,-11.380718946587542,0.0,-0.13984281207524596,-5.430307526080306,3.311354090891978,5.950411420507236,0.04020490623754878,0.43202429804780806,5.400124526464049
4,490,1.0,100766.55245409819,-0.812127202045102,10.708434556617684,-11.520561758662788,-11.520561758662787,1.7763568394002505e-15,-0.09451667494168703,-5.5648836602609535,3.3166207687865756,5.955678098401835,0.04013704171138895,0.4316177363726534,5.400269253569832
4,491,1.0,110755.28796219084,-0.9753372685486104,10.639741165055863,-11.615078433604475,-11.615078433604474,1.7763568394002505e-15,-0.08940707268239123,-5.657586821460143,3.318434282529075,5.9574916121443335,0.04036688486094011,0.4310134245220911,5.39559158426492
4,492,1.0,121113.75492500723,-1.1157711190454591,10.58871438724141,-11.704485506286867,-11.704485506286868,1.7763568394002505e-15,0.17504959905787487,-5.73561087750674,3.3298172991648696,5.968874628780129,0.04019233915981254,0.43092999664121406,5.402847987361612
4,493,1.0,101664.74928268192,-0.8149679048601315,10.71446800236886,-11.529435907228992,-11.529435907228992,0.0,0.11047025214361561,-5.571342252793506,3.3190363248202304,5.958093654435489,0.03996950961202113,0.43083202601400683,5.395100024877928
4,494,1.0,91031.93473449729,-0.6519366239068897,10.767029031178485,-11.418965655085376,-11.418965655085374,1.7763568394002505e-15,0.016402552660769842,-5.465588634785445,3.3143196906846724,5.953377020299931,0.040136536830635075,0.4306793438595506,5.39047853020414
4,495,1.0,89550.95773661777,-0.6337882521833356,10.76877485024127,-11.402563102424606,-11.402563102424605,1.7763568394002505e-15,0.019475970268489462,-5.449298137404611,3.3142076354047356,5.953264965019995,0.04043769117212983,0.43017297965676105,5.385734935696602
4,496,1.0,87823.74016135119,-0.6056827733585165,10.7774043587976,-11.383087132156117,-11.383087132156117,0.0,-0.03581364147325772,-5.4350925722350505,3.308937230305807,5.947994559921065,0.04060394927731,0.42989091610085095,5.378737922639447
4,497,1.0,91026.02864162912,-0.6527419929625946,10.766158780666782,-11.418900773629375,-11.418900773629376,1.7763568394002505e-15,0.07952643713089991,-5.466874653660784,3.3129687903533314,5.952026119968591,0.0406843421697455,0.4295818803667524,5.3793081303587735
4,498,1.0,84067.41676776152,-0.5324416584497467,10.806932678048726,-11.339374336498475,-11.339374336498473,1.7763568394002505e-15,0.07294293682699404,-5.390177563106417,3.3101394437768015,5.949196773392059,0.04081357906704279,0.429394662804773,5.375352549766649
4,499,1.0,78153.59997059172,-0.4186758221190636,10.847755577552416,-11.26643139967148,-11.266431399671479,1.7763568394002505e-15,0.0229007343899017,-5.31649946095231,3.31087460910391,5.9499319387191685,0.041465136449796325,0.4291173121831518,5.372902822371873
4,500,1.0,76384.16316732293,-0.394640066321471,10.848890598960107,-11.243530665281579,-11.243530665281579,0.0,,-5.300521588849503,3.3039517468168165,5.943009076432077,0.04153294853378413,0.4287023955326753,5.363986432827415
