seed,epoch,temperature,Z,E,S,F,F_check,err,delta_F,F_data,KL,NLL,data_mass,recon_sq,recon_ce
31,1,1.0,392203.9199043391,-0.4224026578447595,12.45713452950633,-12.879537187351088,-12.87953718735109,1.7763568394002505e-15,0.06556422878822588,-6.626465273674974,3.614014584060858,6.253071913676117,0.027542369840310586,0.49979035595305327,6.251170392649933
31,2,1.0,367314.22461258457,-0.3598882624683871,12.454084696094473,-12.813972958562863,-12.813972958562859,3.552713678800501e-15,-0.05302363913069463,-6.558050398143002,3.6168652308046023,6.255922560419862,0.02761258631548844,0.4997255942434245,6.253421819519494
31,3,1.0,387316.163214724,-0.4148547293132576,12.4521418683803,-12.866996597693557,-12.866996597693557,0.0,0.10432307081390313,-6.609853400941935,3.618085867136363,6.257143196751622,0.027677833940510956,0.49970098132524243,6.2544123533971545
31,4,1.0,348946.37178833113,-0.3133392352433882,12.44933429163627,-12.762673526879654,-12.762673526879658,3.552713678800501e-15,0.05782490449359656,-6.50235972221809,3.6212564750463057,6.260313804661566,0.027646516138467143,0.49967241570316506,6.2573056375568035
31,5,1.0,329340.8864573698,-0.2522960166067929,12.452552605779267,-12.704848622386057,-12.704848622386061,3.552713678800501e-15,-0.11941338914895283,-6.447559865235748,3.6182314275350502,6.257288757150309,0.027520040691860054,0.4996865500231774,6.254410123333074
31,6,1.0,371113.04977031675,-0.38401030837131717,12.440251703163694,-12.82426201153501,-12.824262011535012,1.7763568394002505e-15,-0.005341845342957896,-6.556030566197066,3.6291741157226842,6.268231445337944,0.027731084200572582,0.4996043617605783,6.264545544057733
31,7,1.0,373100.7826410199,-0.38316855704668107,12.44643529983129,-12.829603856877968,-12.82960385687797,1.7763568394002505e-15,0.023603178433123873,-6.567442224015248,3.623104303247461,6.262161632862719,0.027624493873919083,0.4996435336989655,6.258871319897282
31,8,1.0,364397.53450596466,-0.3490839568367048,12.45691672160814,-12.806000678444844,-12.806000678444844,0.0,0.08773335397343374,-6.553371993330461,3.6135713554991247,6.2526286851143835,0.027609330266202443,0.4997040427161678,6.249939305292313
31,9,1.0,333789.99758636736,-0.2595294855576838,12.458737838913727,-12.71826732447141,-12.71826732447141,0.0,-0.15460628117179098,-6.467410019037265,3.611799975818886,6.250857305434146,0.02748202620465847,0.4996971102301838,6.248102451573916
31,10,1.0,389599.12530717195,-0.41782146867181513,12.455052136971387,-12.872873605643202,-12.872873605643203,1.7763568394002505e-15,0.08063610249259234,-6.619358357580169,3.6144579184477736,6.253515248063032,0.027646199468933694,0.4996939172171551,6.250721541084983
31,11,1.0,359416.6225693459,-0.3314243429179469,12.46081316023266,-12.79223750315061,-12.792237503150607,1.7763568394002505e-15,0.09695974155388143,-6.543736268665014,3.6094439048703357,6.248501234485595,0.027565270244370648,0.49972903248899647,6.246039003294868
31,12,1.0,326203.84671258955,-0.24133425093249172,12.453943510664235,-12.695277761596728,-12.695277761596726,1.7763568394002505e-15,0.14517556317531444,-6.440454464872324,3.615765967109145,6.254823296724404,0.027606407905338318,0.4996641581207019,6.251756251727338
31,13,1.0,282124.0645601331,-0.09336058853364353,12.456741609887773,-12.550102198421413,-12.550102198421417,3.552713678800501e-15,0.111550892006397,-6.298561588689775,3.612483280116379,6.251540609731639,0.027403789975361217,0.4996823925130253,6.248649477972596
31,14,1.0,252344.70440163655,0.020706395622811895,12.459257702037828,-12.438551306415016,-12.438551306415016,0.0,0.0821225138131414,-6.190892507536684,3.608601469263074,6.247658798878334,0.027397843715581335,0.49967125977713944,6.244682994390671
31,15,1.0,232449.62005686722,0.09816232424324606,12.45459111684512,-12.356428792601875,-12.356428792601875,0.0,-0.10802077444225411,-6.10616771865835,3.6112037443282645,6.2502610739435225,0.027445756602089047,0.4995980712929072,6.2466078086185925
31,16,1.0,258965.354945225,-0.00713729577209687,12.457312271272032,-12.464449567044129,-12.464449567044129,0.0,-0.06955763979523866,-6.214713857745427,3.6106783796834434,6.249735709298703,0.027322017100785773,0.4996660893966231,6.246702698776908
31,17,1.0,277619.6267985351,-0.0795493046194072,12.454457902219962,-12.534007206839368,-12.53400720683937,1.7763568394002505e-15,-0.012653616122133116,-6.280815257364504,3.6141346198596023,6.253191949474861,0.027325051454976365,0.49965424324982666,6.250036784228663
31,18,1.0,281154.8384197828,-0.1042077638798477,12.442453059081652,-12.5466608229615,-12.546660822961499,1.7763568394002505e-15,0.11257381533347477,-6.282725350851293,3.624878142494949,6.263935472110208,0.02761088426892761,0.4995046828069376,6.259336828837105
31,19,1.0,251220.67311644924,0.013141932974953814,12.44722894060298,-12.434087007628026,-12.434087007628026,0.0,-0.0433864662263872,-6.175719502510394,3.6193101755023727,6.258367505117632,0.027388071322145435,0.49954342712345234,6.254161467539407
31,20,1.0,262360.1543849324,-0.029277001199319926,12.448196472655093,-12.477473473854413,-12.477473473854413,0.0,-0.16097904123508755,-6.219774775528319,3.6186413687108376,6.257698698326095,0.027343708909714888,0.4995534862928252,6.25359269168384
31,21,1.0,308184.070546494,-0.2003214880136541,12.438131027075848,-12.6384525150895,-12.6384525150895,0.0,0.12373812507012794,-6.369920278328311,3.6294749071459314,6.268532236761191,0.02734278991363637,0.4995170348335142,6.264022500977397
31,22,1.0,272314.8983102027,-0.0845115895055272,12.430202800513845,-12.514714390019373,-12.514714390019373,0.0,0.13481372452993412,-6.239828591173956,3.6358284692301552,6.274885798845413,0.027398481485945658,0.49940236292671414,6.269240001050276
31,23,1.0,237970.18352277688,0.06415489781753175,12.44405556330697,-12.379900665489439,-12.379900665489437,1.7763568394002505e-15,0.003586425207938504,-6.120438926933949,3.6204044089402316,6.25946173855549,0.027338984388485994,0.4994683655850987,6.254557085915317
31,24,1.0,237118.24986918067,0.06651690930788397,12.442831149589383,-12.3763142402815,-12.376314240281499,1.7763568394002505e-15,-0.18811135884314822,-6.116047957801546,3.6212089528646962,6.260266282479955,0.027369526585632548,0.49945227532844927,6.255207098390057
31,25,1.0,286194.1195147832,-0.11821791083463229,12.446207688290016,-12.564425599124649,-12.564425599124649,0.0,0.008353791362743834,-6.304939955575169,3.6204283139342204,6.2594856435494775,0.027403359076193717,0.49951233944782103,6.2549863746474825
31,26,1.0,283813.2719487983,-0.10836363575249247,12.447708172009415,-12.556071807761905,-12.556071807761908,3.552713678800501e-15,-0.015125627849569057,-6.298335984266693,3.6186784938799543,6.2577358234952145,0.02753261609700449,0.4994849679884927,6.252992152858971
31,27,1.0,288138.7562452247,-0.12500169909676906,12.446195736514703,-12.571197435611474,-12.571197435611472,1.7763568394002505e-15,0.09970060203123943,-6.3114220063780335,3.620718099618181,6.25977542923344,0.027259203957451274,0.49954401881997296,6.255561913435933
31,28,1.0,260796.798581142,-0.020499563512827525,12.450997270067408,-12.471496833580234,-12.471496833580234,0.0,0.13584757721483953,-6.218132517172697,3.6143069867922812,6.2533643164075405,0.027446523612674023,0.4995067183826381,6.248853506189504
31,29,1.0,227669.26355688862,0.12062325429368667,12.456272510659083,-12.335649256365395,-12.335649256365397,1.7763568394002505e-15,0.005863577891158656,-6.089480046766004,3.60711187998413,6.246169209599388,0.02732989394909735,0.49953652163267237,6.24196157700264
31,30,1.0,226338.21326874915,0.12503248970068903,12.454818168174922,-12.329785678474236,-12.329785678474233,3.552713678800501e-15,0.019271942799866437,-6.082565435939064,3.6081629129199118,6.247220242535171,0.02744553106526853,0.49951522034072793,6.242819301555071
31,31,1.0,222017.99933966628,0.1411311491372588,12.451644884811628,-12.31051373567437,-12.31051373567437,0.0,-0.16717203574185646,-6.060912710750329,3.6105436953087824,6.249601024924042,0.02751394357949134,0.499466852662326,6.244749150610404
31,32,1.0,262415.8587187631,-0.018624028333103868,12.45906174308312,-12.477685771416226,-12.477685771416224,1.7763568394002505e-15,0.031985143529791316,-6.232055546676791,3.606572895124176,6.245630224739435,0.027474831022506564,0.4995627537392922,6.2416801668258435
31,33,1.0,254155.2622331211,0.010164380066474344,12.455865007952907,-12.445700627886435,-12.445700627886433,1.7763568394002505e-15,-0.08647789286730934,-6.197862621230508,3.6087806770406674,6.247838006655926,0.02747860537614166,0.499537299217214,6.243648611904526
31,34,1.0,277112.41155998525,-0.07201189185728399,12.46016662889646,-12.532178520753744,-12.532178520753744,0.0,-0.03634675880062588,-6.287030564220557,3.6060906269179296,6.245147956533188,0.02730493471872803,0.4996143879764133,6.241666384097743
31,35,1.0,287369.83232233283,-0.11169068060121629,12.45683459895315,-12.56852527955437,-12.568525279554366,3.552713678800501e-15,0.06253624893691168,-6.319428608740897,3.610039341198213,6.249096670813471,0.02718549591980635,0.49963876131388296,6.245826966533035
31,36,1.0,269949.18879364704,-0.05369378547485029,12.452295245142606,-12.505989030617458,-12.505989030617457,1.7763568394002505e-15,0.009263037361895599,-6.253475281437653,3.6134564195645464,6.252513749179805,0.027219366406625756,0.4995833441705749,6.248723977363709
31,37,1.0,267460.18503658805,-0.04112819949391131,12.455597793761655,-12.496725993255563,-12.496725993255566,3.552713678800501e-15,0.015262113472202188,-6.247879966081848,3.6097886975584563,6.248846027173714,0.027128344209056153,0.49960832222468915,6.245292854615225
31,38,1.0,263409.1695066053,-0.027734720203912343,12.45372915957945,-12.48146387978336,-12.481463879783362,1.7763568394002505e-15,0.06778145100072663,-6.231629923092625,3.610776627075475,6.249833956690734,0.027202054914484904,0.4995502525858894,6.245744976163469
31,39,1.0,246146.5646551987,0.03682910677789929,12.450511535560533,-12.413682428782634,-12.413682428782634,0.0,-0.19728122705250328,-6.161632129327769,3.6129929698396075,6.252050299454867,0.027112458621592964,0.49953065169273836,6.247779760414166
31,40,1.0,299827.8200878236,-0.1602747908159158,12.450688865019222,-12.610963655835137,-12.610963655835137,0.0,0.10687183743275419,-6.356671744558123,3.615234581661754,6.254291911277014,0.02731399915547074,0.49954474459741804,6.250142339310761
31,41,1.0,269437.52341759356,-0.05320435276359982,12.450887465638784,-12.504091818402383,-12.504091818402385,1.7763568394002505e-15,0.1583150675824747,-6.25219676932701,3.6128377194601144,6.251895049075373,0.027457181339956643,0.49946518743618395,6.247021992645919
31,42,1.0,229986.69785503484,0.09582723473028731,12.441603985550197,-12.345776750819908,-12.34577675081991,1.7763568394002505e-15,0.061257857197809074,-6.088421089787838,3.6182983314168102,6.25735566103207,0.027622707039086418,0.4993286472963198,6.251194025016679
31,43,1.0,216321.04305112443,0.1562548613835094,12.440773755005612,-12.2845188936221,-12.284518893622103,3.552713678800501e-15,-0.08222205525584059,-6.027891123865202,3.617570440141638,6.256627769756896,0.02761635261021944,0.4993389234732452,6.250562962262042
31,44,1.0,234859.07887122623,0.0801052343514978,12.446846183229438,-12.36674094887794,-12.36674094887794,0.0,-0.05877304142383544,-6.114080458842693,3.6136031604199874,6.252660490035246,0.027575004556789042,0.4994147279896884,6.247325558582541
31,45,1.0,249076.159543644,0.024698087909164543,12.45021207821094,-12.425513990301775,-12.425513990301775,0.0,-0.17852371613755302,-6.175101875914559,3.611354784771958,6.250412114387217,0.027604604440315966,0.4994341734669324,6.245269364270466
31,46,1.0,297758.4023918393,-0.1557147571154174,12.448322949323911,-12.604037706439328,-12.604037706439328,0.0,-0.04705367081775513,-6.348651170050504,3.616329206773565,6.255386536388825,0.027520557426307424,0.49951571134462247,6.250977462756964
31,47,1.0,312103.8853565263,-0.20639350335532003,12.444697873901763,-12.651091377257083,-12.651091377257083,0.0,-0.029189486494590966,-6.390878671493743,3.6211553761480824,6.260212705763341,0.02741813673176432,0.4995514339558696,6.256114167603358
31,48,1.0,321348.3010116942,-0.23406705393359087,12.446213809818087,-12.680280863751674,-12.680280863751678,3.552713678800501e-15,0.14944491354854783,-6.42131251364033,3.6199110204960854,6.258968350111344,0.02737296899162729,0.49957290167339574,6.255073178699923
31,49,1.0,276740.61823224684,-0.07786945021116679,12.452966499991962,-12.530835950203127,-12.53083595020313,3.552713678800501e-15,-0.06543117456359582,-6.280267675271446,3.611510945316422,6.25056827493168,0.02728367197646218,0.49954935832371283,6.246482741790868
31,50,1.0,295453.61278259155,-0.1436187343831849,12.45264839038354,-12.596267124766722,-12.596267124766726,3.552713678800501e-15,-0.07893284434471681,-6.344925914113985,3.6122838810374787,6.251341210652738,0.027347889980795778,0.49953475336451836,6.247124258264664
31,51,1.0,319719.705017347,-0.22216470954205153,12.453035259569392,-12.67519996911144,-12.675199969111443,3.552713678800501e-15,0.2200975308709623,-6.423687995062514,3.6124546444336665,6.251511974048925,0.027535988516509905,0.49954140346002424,6.247356014956899
31,52,1.0,256556.05000017714,-0.003949429646189511,12.451153008594288,-12.455102438240477,-12.455102438240477,0.0,-0.021946731425414256,-6.204609237545456,3.611435871079761,6.25049320069502,0.027269171915472484,0.49949921082130216,6.245941634425536
31,53,1.0,262248.8574860656,-0.024382832733409042,12.452666336932484,-12.477049169665891,-12.477049169665893,1.7763568394002505e-15,0.09574479000428937,-6.228237167195043,3.6097546728555883,6.2488120024708484,0.0274305998534352,0.4994924986190243,6.244204983100778
31,54,1.0,238304.460201507,0.06527257281971464,12.446576952481319,-12.381304379661602,-12.381304379661604,1.7763568394002505e-15,-0.19230265541330382,-6.128684790536197,3.613562259510144,6.252619589125404,0.027465367277373722,0.49941560228665066,6.24728226968506
31,55,1.0,288833.89240118116,-0.1372558990269243,12.43635113604798,-12.573607035074906,-12.573607035074904,1.7763568394002505e-15,0.14020926216561413,-6.308085346018578,3.626464359441067,6.265521689056326,0.027776421386224312,0.4993609858249411,6.259637741591518
31,56,1.0,251047.58276326605,0.012259732707114238,12.445657505616406,-12.433397772909291,-12.433397772909291,0.0,-0.00912899817497248,-6.1793783159643185,3.6149621273297146,6.254019456944973,0.027656152400210597,0.4993936394939947,6.248490807204946
31,57,1.0,253349.8885716802,0.00452764543208933,12.447054416516352,-12.442526771084264,-12.442526771084262,1.7763568394002505e-15,-0.052845963482429426,-6.189885646279805,3.6135837951891996,6.252641124804457,0.027553284425109775,0.49940183016193623,6.247194443492447
31,58,1.0,267098.4870079592,-0.06076875928159129,12.4346039752851,-12.495372734566693,-12.495372734566692,1.7763568394002505e-15,0.06313582368195902,-6.22967422054164,3.6266411844097943,6.265698514025053,0.027545557992301645,0.4993334287550626,6.25954280366129
31,59,1.0,250756.32024858447,0.008312478413960368,12.440549389298694,-12.432236910884734,-12.432236910884733,1.7763568394002505e-15,0.001982561234557423,-6.173838865105668,3.619340716163808,6.258398045779067,0.027392356452308225,0.4993464595166647,6.252416011113242
31,60,1.0,250259.6729682367,0.0005348491487282099,12.430789198798905,-12.430254349650177,-12.430254349650177,0.0,0.012523346973225102,-6.161841449894103,3.629355570140818,6.268412899756077,0.02712507126670733,0.4993436079347951,6.262317340633744
31,61,1.0,247145.12722426353,0.008319746151060469,12.426050748828013,-12.417731002676952,-12.417731002676952,0.0,0.013958406502267096,-6.145256428153326,3.633417244908368,6.272474574523626,0.027227113201270036,0.49929533780717117,6.265888836989784
31,62,1.0,243719.33996137645,0.00998668887878608,12.413759285053471,-12.403772596174685,-12.403772596174685,0.0,0.1869566673762666,-6.1194447887108225,3.645270477848606,6.284327807463866,0.027154158020577298,0.4992168212510625,6.27686427003181
31,63,1.0,202160.23991076136,0.19545927967626367,12.412275208474682,-12.216815928798418,-12.216815928798418,0.0,-0.016835924528818325,-5.936477594521777,3.641281004661384,6.280338334276642,0.027270491906500282,0.49910954800524465,6.271907927717585
31,64,1.0,205592.6069140226,0.19210280207466365,12.4257546554019,-12.233651853327236,-12.233651853327236,0.0,0.04038740482686265,-5.966531484650907,3.6280630390610713,6.26712036867633,0.027194385910987183,0.4992125897386461,6.259803561067874
31,65,1.0,197454.695769399,0.23162643006752218,12.424890878567895,-12.193264448500374,-12.193264448500374,0.0,-0.04053783918964804,-5.928074959522687,3.6261321593624274,6.265189488977685,0.027507011220044255,0.49911296853303183,6.256985102610976
31,66,1.0,205623.53743328518,0.20739632856981338,12.441198616259836,-12.233802287690022,-12.233802287690022,0.0,-0.2127948919051672,-5.983894217859965,3.6108507402148007,6.249908069830059,0.02732725874376939,0.49924850339214333,6.243082216621668
31,67,1.0,254383.22774392925,0.00012756216722290253,12.446724741762413,-12.446597179595189,-12.44659717959519,1.7763568394002505e-15,0.019634532877223165,-6.197139544745542,3.610400305234388,6.249457634849646,0.027359882525824365,0.4993198926089285,6.243297445959138
31,68,1.0,249437.246802826,0.019792166611387503,12.446754813329353,-12.426962646717966,-12.426962646717966,0.0,0.1253413000836492,-6.177910601175918,3.6099947159267893,6.249052045542048,0.02731287264155653,0.4993142992238631,6.242846830743759
31,69,1.0,220052.48094462257,0.1478389512276685,12.449460297861982,-12.301621346634317,-12.301621346634313,3.552713678800501e-15,-0.01489777786638058,-6.0591940950591905,3.6033699219598643,6.242427251575123,0.027469182520384626,0.4992427574576969,6.235594183050473
31,70,1.0,223355.31528410438,0.13074243196344013,12.447261556464138,-12.316519124500697,-12.316519124500697,0.0,-0.01782324817658676,-6.071901499766608,3.6055602951188312,6.24461762473409,0.027435461257232552,0.4992175188165554,6.237541579963631
31,71,1.0,227371.92064868088,0.09913375574397566,12.433476128421256,-12.334342372677284,-12.33434237267728,3.552713678800501e-15,0.11051935056474882,-6.076454686913768,3.618830356148258,6.257887685763518,0.02759753898072105,0.4990658026859688,6.249332132080691
31,72,1.0,203581.770157417,0.2081815809591973,12.432004603071732,-12.223823022112535,-12.223823022112535,0.0,-0.03789157297672929,-5.967862135216522,3.6169035572807546,6.255960886896013,0.027298706394260887,0.4990938214774944,6.247664451089223
31,73,1.0,211443.81564072566,0.1731525729590935,12.43486716804836,-12.261714595089265,-12.261714595089266,1.7763568394002505e-15,0.018666968742373058,-6.007964068681282,3.614693196792724,6.253750526407982,0.02746199559181146,0.4990682491779392,6.2452330752392085
31,74,1.0,207533.41178621043,0.1889193472386266,12.431966973585517,-12.243047626346891,-12.24304762634689,1.7763568394002505e-15,0.03629985885655174,-5.98773469865017,3.6162555980814632,6.255312927696722,0.027608649837835505,0.49899228497967757,6.246092234732735
31,75,1.0,200135.06998125813,0.229791331337965,12.436539098828305,-12.20674776749034,-12.20674776749034,0.0,-0.06260535900750241,-5.957695264042505,3.6099951738325773,6.249052503447835,0.02745390058654734,0.49904894832919044,6.240416561096941
31,76,1.0,213065.1201772572,0.16341148963307506,12.432764616130918,-12.269353126497842,-12.269353126497842,0.0,0.1957316193264127,-6.014764073183964,3.6155317236986195,6.254589053313878,0.027301969665362504,0.49906943311324437,6.246110928222838
31,77,1.0,175189.14664135056,0.34415953417615597,12.417781041347585,-12.07362150717143,-12.07362150717143,0.0,-0.03062189000559634,-5.811631148183954,3.6229330293722164,6.261990358987475,0.027443608580743753,0.4988711664421823,6.251599474963436
31,78,1.0,180636.7517234303,0.31773101739360055,12.421974414570627,-12.104243397177026,-12.104243397177026,0.0,-0.12284455564187269,-5.845375622995484,3.6198104445662813,6.25886777418154,0.027379690767485504,0.4989237822909394,6.248996378649968
31,79,1.0,204247.53677959356,0.19742832150107656,12.424516274319974,-12.227087952818898,-12.227087952818897,1.7763568394002505e-15,-0.02058324474791995,-5.966370440016691,3.6216601831869477,6.2607175128022075,0.027269657168503568,0.49898142583982047,6.251383297171002
31,80,1.0,208495.17898234216,0.17759178437688766,12.425262981943703,-12.247671197566818,-12.247671197566815,3.552713678800501e-15,-0.019599173020097282,-5.988002096447298,3.6206117715042603,6.259669101119519,0.027192674960145217,0.49899608301998094,6.25046316023196
31,81,1.0,212621.8193427611,0.16080638568782585,12.42807675627474,-12.267270370586916,-12.267270370586914,1.7763568394002505e-15,0.035140891307282374,-6.00992112128786,3.6182919196837986,6.257349249299058,0.027052653244098432,0.4990574276707401,6.248745985597752
31,82,1.0,205279.85618707578,0.20016764294448935,12.432297122224123,-12.232129479279633,-12.232129479279633,0.0,0.1597769292639093,-5.980971572492551,3.6121005771718235,6.251157906787081,0.027214820300231465,0.49902678058046235,6.242310938131113
31,83,1.0,174966.98010983504,0.35280909556478596,12.425161645580515,-12.072352550015724,-12.07235255001573,5.329070518200751e-15,-0.060140236462777,-5.821026444003592,3.6122687763968755,6.251326106012135,0.02749225970984595,0.49887438562727693,6.241072391812792
31,84,1.0,185812.3897645462,0.2978792819715442,12.430372068450044,-12.132492786478501,-12.1324927864785,1.7763568394002505e-15,-0.11204458412916551,-5.8837980666118295,3.609637390251414,6.248694719866672,0.027519187087966003,0.4989271880533367,6.238960106601401
31,85,1.0,207842.8139031296,0.18921923585959868,12.433756606467265,-12.244537370607667,-12.244537370607667,0.0,-0.10012120340288533,-5.9957165770376495,3.609763463954757,6.248820793570017,0.02748202689400472,0.4990032610761813,6.239797224524016
31,86,1.0,229729.67578787034,0.09337706320884862,12.4380356372194,-12.344658574010552,-12.344658574010552,0.0,0.09856423660918168,-6.097401239271224,3.6082000051240692,6.247257334739328,0.02735962357199373,0.49907196357749933,6.238879490780641
31,87,1.0,208166.67031410278,0.18839727332196288,12.434491610723335,-12.24609433740137,-12.246094337401372,1.7763568394002505e-15,0.001583629931870334,-5.999214484033059,3.607822523753054,6.246879853368313,0.027340592006071963,0.4989885983751412,6.237737467717416
31,88,1.0,207837.27223534492,0.18520008527452025,12.42971079274402,-12.2445107074695,-12.2445107074695,0.0,-0.012733398111047123,-5.993366944761876,3.6120864330923643,6.251143762707623,0.027252888166595393,0.4989816371310831,6.241919159316507
31,89,1.0,210500.66801775247,0.16958551151606077,12.426829617096606,-12.257244105580547,-12.257244105580545,1.7763568394002505e-15,-0.12711961913169034,-6.003780480747339,3.614406295217947,6.253463624833205,0.027262269549896436,0.49895602950409795,6.243999389476706
31,90,1.0,239034.63212679245,0.03688558805403089,12.42124931276627,-12.384363724712237,-12.38436372471224,1.7763568394002505e-15,0.11300033526973685,-6.122162972733828,3.6231434223631496,6.262200751978407,0.026902120146072826,0.49904341687068116,6.25348392652369
31,91,1.0,213493.86789658864,0.1533974047476034,12.424760794190101,-12.2713633894425,-12.271363389442499,1.7763568394002505e-15,0.05917085256256627,-6.018521989931755,3.6137840698954844,6.252841399510744,0.02737437077304452,0.498859216397086,6.242486386067403
31,92,1.0,201227.73122895983,0.21478762154704478,12.42698015842698,-12.212192536879934,-12.212192536879936,1.7763568394002505e-15,0.060601253931396926,-5.96357616607163,3.6095590411930454,6.248616370808305,0.027435481714756946,0.4988218137330886,6.237943888405973
31,93,1.0,189395.23157683847,0.27618523829079145,12.42777652123933,-12.151591282948537,-12.151591282948539,1.7763568394002505e-15,-0.07458661708245451,-5.90705148843986,3.605482464893416,6.2445397945086745,0.02752177474567331,0.49877365769217386,6.233462321096842
31,94,1.0,204061.74529217774,0.20738665977256301,12.433564559803555,-12.226177900030992,-12.226177900030992,0.0,-0.12714219941811322,-5.9845729368939535,3.6025476335217808,6.24160496313704,0.02746557888638019,0.49885263500613763,6.231266340352717
31,95,1.0,231728.1275450884,0.08650726309701368,12.439827362546119,-12.353320099449105,-12.353320099449105,0.0,-0.11232348598616682,-6.114416039734522,3.5998467300993253,6.238904059714584,0.027478864482993293,0.4989359566612625,6.229335593360964
31,96,1.0,259274.7490160456,-0.02660298021618745,12.439040605219084,-12.465643585435272,-12.465643585435272,0.0,0.10224666016812023,-6.222676323837121,3.603909931982893,6.242967261598151,0.02750571962805243,0.4989680055693663,6.233673564988883
31,97,1.0,234075.0162588647,0.07479334255106594,12.438190267818218,-12.363396925267152,-12.363396925267152,0.0,0.22351183239569394,-6.123015643145706,3.601323952506188,6.240381282121447,0.027460760097381014,0.49890054661326394,6.230483987408407
31,98,1.0,187191.0613845509,0.2842471483065975,12.424132241178054,-12.139885092871458,-12.139885092871456,1.7763568394002505e-15,-0.1598508293520613,-5.893363969395282,3.607463793860915,6.246521123476173,0.027669179853724864,0.49865035800506924,6.234282135128005
31,99,1.0,219637.97950375045,0.12962259132010454,12.429358513543622,-12.299735922223519,-12.299735922223517,1.7763568394002505e-15,0.09477945328812609,-6.05313813727823,3.6075404553300294,6.246597784945289,0.027589898467262976,0.4987651702670076,6.235425724866252
31,100,1.0,199776.88921972286,0.21806423564884342,12.423020704584236,-12.204956468935393,-12.204956468935393,0.0,-0.020261900428561574,-5.9562306755688486,3.609668463751286,6.248725793366544,0.02770160303254866,0.4986468557115278,6.236452179263968
31,101,1.0,203866.0356992945,0.18835595382926287,12.413574323193217,-12.225218369363954,-12.225218369363954,0.0,-0.17497499673999606,-5.966543542235172,3.619617497513524,6.258674827128783,0.027521936071438907,0.4986275763107372,6.246150546317357
31,102,1.0,242848.57164065575,0.019533198777822693,12.419726564881776,-12.40019336610395,-12.400193366103952,1.7763568394002505e-15,0.16386743271524296,-6.1428905529912665,3.618245483497425,6.257302813112683,0.027247340466092087,0.49879266091182856,6.246323109239227
31,103,1.0,206143.11372656006,0.185727162974058,12.422053096362767,-12.236325933388708,-12.23632593338871,1.7763568394002505e-15,0.09765732389555914,-5.988177371389708,3.6090912323837414,6.248148561999,0.027305837746638324,0.49871978490531016,6.236563585151622
31,104,1.0,186963.48501930613,0.27272807186850256,12.411396681361651,-12.138668609493148,-12.138668609493148,0.0,-0.07376446315240237,-5.884301000870745,3.615310279007144,6.2543676086224025,0.027478519768859015,0.4985476959041986,6.241146308320119
31,105,1.0,201276.13951708318,0.19837753791357038,12.410810610559123,-12.21243307264555,-12.212433072645553,1.7763568394002505e-15,-0.013654481493007964,-5.955757140844168,3.6176186021861225,6.256675931801381,0.027513356007590122,0.49853414762437637,6.243306369459441
31,106,1.0,204043.3099844773,0.17179032570897979,12.397877879847538,-12.226087554138559,-12.226087554138559,0.0,0.030702158345984998,-5.957803623964232,3.6292266005590688,6.268283930174327,0.027454894109269736,0.4984516358586452,6.254027595882408
31,107,1.0,197873.93120269378,0.2031881265658237,12.398573522358397,-12.195385395792574,-12.195385395792574,0.0,-0.06865004249000073,-5.929245232906502,3.62708283327081,6.266140162886069,0.027370931067339312,0.49845503813522457,6.251945630042964
31,108,1.0,211935.11347311447,0.14337384815870874,12.407409286441283,-12.264035438282574,-12.264035438282574,0.0,0.05284363345339571,-6.006240989848751,3.618737118818563,6.257794448433822,0.02766003327880909,0.4984373042952969,6.2435189486987985
31,109,1.0,201026.45691644325,0.18697598575623434,12.398167790585415,-12.211191804829179,-12.21119180482918,1.7763568394002505e-15,0.007161203021365026,-5.945667343374509,3.6264671318394113,6.26552446145467,0.027570561192322467,0.49836470926758186,6.250481159336475
31,110,1.0,199592.0079660892,0.20044435363478386,12.4044749554426,-12.204030601807814,-12.204030601807816,1.7763568394002505e-15,0.011960719365486483,-5.9451766545070575,3.619796617685496,6.2588539473007545,0.027344246104776967,0.498435634022108,6.2445545967282206
31,111,1.0,197218.96391849717,0.21356103662605838,12.405630919068384,-12.192069882442327,-12.192069882442325,1.7763568394002505e-15,-0.1305411929900817,-5.935867611494635,3.6171449413324317,6.256202270947691,0.027361254176157868,0.4984359345715572,6.2419564384537365
31,112,1.0,224720.13790043307,0.09301542508222199,12.41562650051463,-12.322611075432409,-12.322611075432409,0.0,0.046246709881598846,-6.0731229853102,3.610430760506952,6.249488090122212,0.027422818517197235,0.49853783557958764,6.236257492007271
31,113,1.0,214564.2198005904,0.14313531654377235,12.419499682094582,-12.27636436555081,-12.27636436555081,0.0,-0.1079961257381079,-6.032526838063258,3.6047801978722935,6.243837527487551,0.027433034997380507,0.49852784604713096,6.23056032907587
31,114,1.0,239033.85922788855,0.03334738322637324,12.417707874515292,-12.384360491288918,-12.38436049128892,1.7763568394002505e-15,0.0421645063401872,-6.137205174137093,3.608097987536567,6.247155317151824,0.027348287859535806,0.4985626622995422,6.234169079266963
31,115,1.0,229164.64200964692,0.07746412930831076,12.419660114257043,-12.34219598494873,-12.342195984948733,1.7763568394002505e-15,-0.004916280984051724,-6.098721896999062,3.6044167583344096,6.243474087949669,0.02748727742075953,0.49852747651571533,6.23019872182722
31,116,1.0,230294.0537593244,0.07558763133793127,12.422699897270714,-12.347112265932783,-12.347112265932783,0.0,0.031883498450230974,-6.106664237860533,3.60139069845699,6.240448028072248,0.027515756945312435,0.49853299832837217,6.227246864516239
31,117,1.0,223067.29305120575,0.10538654195823347,12.420615309440786,-12.315228767482552,-12.315228767482552,0.0,-0.12982975428155719,-6.073430394214536,3.602741043652756,6.241798373268016,0.027605671930383397,0.498459822549621,6.227918333885335
31,118,1.0,253992.11996614927,-0.030381902637523984,12.414676619126586,-12.445058521764109,-12.44505852176411,1.7763568394002505e-15,-0.2114191596426771,-6.194136886130501,3.6118643060183513,6.25092163563361,0.02749430863202742,0.49849248087105635,6.237290547102267
31,119,1.0,313789.5073704763,-0.2376909385006511,12.418786742906136,-12.656477681406786,-12.656477681406786,0.0,-0.03788563792391031,-6.4066973486888505,3.610723003102675,6.2497803327179335,0.02773489192230149,0.4985905518811114,6.2370706994359955
31,120,1.0,325905.6884728384,-0.2757733986161683,12.418589920714528,-12.694363319330696,-12.694363319330696,0.0,0.046432106312584764,-6.44516279091071,3.6101431988047303,6.249200528419989,0.02786494960013832,0.4986130665506802,6.236681742469169
31,121,1.0,311119.14261310204,-0.2265974705345173,12.421333742483593,-12.647931213018111,-12.647931213018111,0.0,0.031399718936329535,-6.403239945882051,3.6056339375208006,6.24469126713606,0.027623861560015985,0.49861214410371935,6.232190351355902
31,122,1.0,301501.868983913,-0.19818793711135083,12.418343556970429,-12.616531494081782,-12.61653149408178,1.7763568394002505e-15,0.13245975673552834,-6.370589177684159,3.606884986782366,6.245942316397625,0.027509803823504014,0.498564984585839,6.2330190622077195
31,123,1.0,264096.99959306157,-0.07487474287376072,12.409196994472492,-12.484071737346254,-12.484071737346252,1.7763568394002505e-15,-0.10061221212221305,-6.231376352194005,3.6136380555369882,6.252695385152248,0.027163196207227527,0.4984885116311965,6.239050592024306
31,124,1.0,292051.06598444877,-0.17537423272966796,12.4093097167388,-12.584683949468467,-12.584683949468468,1.7763568394002505e-15,0.04181638102399532,-6.332488486949828,3.613138132903381,6.252195462518638,0.027432912844659374,0.4984689824835276,6.238346574760871
31,125,1.0,280090.366741334,-0.13059501620775937,12.412272552236713,-12.542867568444471,-12.542867568444473,1.7763568394002505e-15,0.08541560061898856,-6.294725116204134,3.6090851226250793,6.248142452240337,0.027580652367367633,0.49840812832693265,6.2337843340471135
31,126,1.0,257159.54471658834,-0.04626963143435009,12.41118233639113,-12.457451967825483,-12.457451967825481,1.7763568394002505e-15,-0.04099198136692195,-6.210075732422548,3.6083189057876766,6.2473762354029345,0.02740277953835828,0.49839773002959636,6.232937601112032
31,127,1.0,267920.06476278714,-0.09576116979591236,12.402682779396493,-12.498443949192405,-12.498443949192405,0.0,0.007927835895939594,-6.241863190149338,3.617523429427808,6.256580759043067,0.02737436135311275,0.4983753330676276,6.241883285362079
31,128,1.0,265804.43571676343,-0.08970599588305031,12.400810117413416,-12.490516113296465,-12.490516113296467,1.7763568394002505e-15,-0.022627757915016034,-6.233329404989141,3.618129378692067,6.257186708307326,0.027437462931356123,0.4983413278649063,6.24217134160594
31,129,1.0,271887.55830133543,-0.11176241700717604,12.401381454204307,-12.513143871211481,-12.513143871211483,1.7763568394002505e-15,0.015952993361905143,-6.257802118034525,3.6162844235616993,6.255341753176958,0.027667645430011663,0.4982909575523241,6.239876801198551
31,130,1.0,267584.5520620409,-0.10089984174773958,12.396291036101838,-12.497190877849576,-12.497190877849578,1.7763568394002505e-15,-0.04690837432884365,-6.238319304381228,3.619814243853089,6.258871573468347,0.02784298739907473,0.4982069157023817,6.242601270009637
31,131,1.0,280435.56203215773,-0.15388249716701888,12.3902167550114,-12.54409925217842,-12.544099252178418,1.7763568394002505e-15,0.23195458477275288,-6.280396092406107,3.624645830157053,6.263703159772312,0.028055147414098494,0.49814343448582593,6.246833827641022
31,132,1.0,222380.39097739087,0.08914560379363977,12.401290271199308,-12.312144667405667,-12.312144667405668,1.7763568394002505e-15,-0.042852885534960805,-6.065082404201403,3.608004933589004,6.2470622632042625,0.027785558067509077,0.4981013998014036,6.229918077723461
31,133,1.0,232117.1669082172,0.04627789283917942,12.40127544577981,-12.354997552940628,-12.35499755294063,1.7763568394002505e-15,0.05910605043345463,-6.107345495089452,3.6085947282359165,6.247652057851175,0.027746633637337877,0.4980908839046544,6.230416856068736
31,134,1.0,218795.219923629,0.09870320391327551,12.394594706420447,-12.295891502507173,-12.295891502507171,1.7763568394002505e-15,0.09666842078687665,-6.044116488449581,3.6127176844423325,6.251775014057592,0.027609807010471606,0.4980312684060331,6.2339554578249965
31,135,1.0,198634.76819685657,0.19167814332909464,12.390901225049388,-12.199223081720296,-12.199223081720294,1.7763568394002505e-15,-0.0968594239174898,-5.948192282474332,3.611973469630706,6.2510307992459655,0.02786251884256963,0.4978843189944208,6.231850086265017
31,136,1.0,218837.0144869167,0.10200150589038887,12.398084011528175,-12.296082505637786,-12.296082505637786,0.0,0.03293075543218826,-6.051697204950284,3.605327971072243,6.244385300687502,0.027731683589768286,0.49798435037122574,6.2262408557403806
31,137,1.0,211747.91166643007,0.13264213173247114,12.395793881938067,-12.263151750205598,-12.263151750205596,1.7763568394002505e-15,-0.03342861269428532,-6.018676020478642,3.605418400111698,6.244475729726957,0.027760569719159713,0.497918811296006,6.225742232789375
31,138,1.0,218945.9912089699,0.09149016265200845,12.38807052555189,-12.296580362899883,-12.296580362899883,0.0,0.03343438290014511,-6.045912009582935,3.611611023701689,6.250668353316947,0.027859520609997867,0.49783172187485625,6.23110754262954
31,139,1.0,211746.6898409145,0.12425885267410597,12.387404832673845,-12.263145979999738,-12.263145979999738,0.0,0.04332945747901462,-6.0129208840561,3.61116776632838,6.250225095943639,0.027851328349988193,0.497766553700722,6.230081022318317
31,140,1.0,202767.7516496783,0.16779893565013562,12.38761545817086,-12.219816522520723,-12.219816522520723,0.0,-0.0038109850822998226,-5.971932624568993,3.608826568336472,6.2478838979517315,0.027814081095504595,0.497736389564166,6.227467166762389
31,141,1.0,203541.97085827612,0.1589392341015162,12.382566741704537,-12.223627507603023,-12.22362750760302,3.552713678800501e-15,-0.008597546238577891,-5.9718260936479535,3.61274408433981,6.251801413955069,0.027930203190326856,0.49765400502942075,6.230572368881532
31,142,1.0,205299.47665700535,0.15398626751342598,12.386211321355026,-12.232225053841601,-12.2322250538416,1.7763568394002505e-15,0.11311420690246798,-5.985135456582364,3.608032267643979,6.247089597259238,0.027790810727030994,0.49769817711958625,6.226344003992937
31,143,1.0,183342.42293173,0.26029262705330836,12.379403473992443,-12.119110846939133,-12.119110846939135,1.7763568394002505e-15,0.03540147644531899,-5.871139070486143,3.60891444683773,6.24797177645299,0.027713862035927347,0.49760060085079183,6.226315599522747
31,144,1.0,176965.37491915337,0.2911964856716378,12.374905856165451,-12.083709370493814,-12.083709370493814,0.0,0.017881505827986643,-5.834838566326195,3.6098134745523605,6.248870804167619,0.027871892694359184,0.4975156814729974,6.226444817476818
31,145,1.0,173829.09183627085,0.30254205417842184,12.36836991884425,-12.065827864665827,-12.065827864665827,0.0,-0.048607525463829404,-5.814092895481459,3.61267763956911,6.25173496918437,0.028125458196886503,0.49739377416005004,6.22818334114245
31,146,1.0,182487.21415571313,0.24793934945384347,12.3623747395835,-12.114435390129657,-12.114435390129655,1.7763568394002505e-15,0.11155382211584097,-5.8557092741818835,3.619668786332515,6.258726115947774,0.028199310288132776,0.4973466338515966,6.234681651120131
31,147,1.0,163224.4567814087,0.3559432013917663,12.358824769405583,-12.002881568013816,-12.002881568013816,0.0,0.05559395208594431,-5.746924445287537,3.61689979311102,6.2559571227262785,0.028196543613300415,0.497242521674161,6.230980361513386
31,148,1.0,154397.79199620895,0.41158637709528556,12.358873993023158,-11.947287615927872,-11.947287615927872,0.0,0.045308752011669284,-5.693926723592454,3.6143035627201576,6.253360892335416,0.028206835218832955,0.49720154857667453,6.227970885776164
31,149,1.0,147558.33438245754,0.4636552756470809,12.365634139563287,-11.901978863916202,-11.901978863916206,3.552713678800501e-15,-0.02379877046126566,-5.660587189779954,3.6023343445209894,6.241391674136247,0.027986214261610763,0.49719049960111866,6.216052706577395
31,150,1.0,151112.16194165096,0.4425909833549202,12.36836861773239,-11.925777634377468,-11.92577763437747,1.7763568394002505e-15,-0.007845778111944313,-5.685885044448909,3.600835260313301,6.239892589928559,0.02782162513959408,0.497201390953192,6.214668625874835
31,151,1.0,152302.41756940575,0.43235941906619224,12.365982831555602,-11.933623412489412,-11.93362341248941,1.7763568394002505e-15,0.13433483233063193,-5.69269403316244,3.601872049711713,6.240929379326971,0.02770204034421077,0.49718182153798585,6.215546283835187
31,152,1.0,133157.58829048104,0.5505115784667862,12.349800158625566,-11.79928858015878,-11.79928858015878,0.0,0.013518707543450859,-5.548783852057899,3.6114473984856224,6.250504728100881,0.027923655923597388,0.4969512918692267,6.222805642026996
31,153,1.0,131369.5827894812,0.5568011167507996,12.342570989366127,-11.78576987261533,-11.785769872615328,1.7763568394002505e-15,-0.0022463006580117906,-5.530557146610962,3.6161553963891078,6.255212726004367,0.027886762898205925,0.4968527842400878,6.226525098891211
31,154,1.0,131665.01005475046,0.5576807689699935,12.345696942243336,-11.788016173273341,-11.788016173273343,1.7763568394002505e-15,0.010490041394552563,-5.539592889335197,3.609365954322887,6.248423283938147,0.02809479140334911,0.4968031651024704,6.219416304611341
31,155,1.0,130291.05765705607,0.5606619147833967,12.338188046662184,-11.777526131878789,-11.777526131878787,1.7763568394002505e-15,0.0260863462251244,-5.523629743371097,3.614839058892433,6.253896388507692,0.02813924119490851,0.49670281506568775,6.223848743847285
31,156,1.0,126936.18840359525,0.5854615145347427,12.336901300188408,-11.751439785653664,-11.751439785653666,1.7763568394002505e-15,0.0416433916086838,-5.498867139615283,3.6135153164231215,6.252572646038381,0.028075425324013036,0.4966671396837542,6.222221206960343
31,157,1.0,121758.68754988076,0.6234656980265559,12.333262092071537,-11.70979639404498,-11.709796394044982,1.7763568394002505e-15,0.003976207163109535,-5.457162468306011,3.61357659612371,6.2526339257389685,0.02826310732767116,0.4965799488608613,6.221432941312874
31,158,1.0,121275.51102584579,0.6278982695939581,12.33371845647583,-11.705820186881871,-11.705820186881873,1.7763568394002505e-15,0.04488375428161362,-5.458249045184501,3.60851381208211,6.247571141697369,0.028351916485575078,0.49649844925668035,6.215796583854226
31,159,1.0,115952.56135411735,0.6608086630949542,12.321745095695213,-11.660936432600257,-11.66093643260026,1.7763568394002505e-15,0.0006404447007319902,-5.408330395389113,3.613548707595886,6.252606037211146,0.02851697779849494,0.49631236600016015,6.219076056835014
31,160,1.0,115878.3239256832,0.6600354238856189,12.320331411785144,-11.660295987899525,-11.660295987899525,0.0,-0.05802008179889562,-5.408404178384399,3.6128344798998704,6.251891809515129,0.028572482913967658,0.4962455944436732,6.2177445533792834
31,161,1.0,122800.46357127305,0.6052584430023025,12.323574512700723,-11.718316069698421,-11.718316069698421,0.0,0.03287730665818245,-5.47067737267379,3.6085813674093727,6.247638697024631,0.02847984139051186,0.49626719917400147,6.213846158235415
31,162,1.0,118828.76224419173,0.6344810136186206,12.31991977665886,-11.685438763040239,-11.68543876304024,1.7763568394002505e-15,-0.057254684021032176,-5.436555962035992,3.6098254713889877,6.248882801004245,0.028493386069916134,0.49619105490297655,6.214323231818879
31,163,1.0,125830.80260610137,0.5816822467136118,12.324375693774886,-11.74269344706127,-11.742693447061274,3.552713678800501e-15,-0.14620801269759554,-5.496942854132461,3.606693263313552,6.245750592928809,0.028295467971899337,0.4962417186038468,6.211775631536033
31,164,1.0,145641.21718694366,0.44349289658290236,12.332394356341766,-11.888901459758866,-11.888901459758863,3.552713678800501e-15,-0.050230755878168054,-5.6482006128155335,3.6016435173280734,6.240700846943332,0.027957517662407547,0.4963944267444788,6.208321145875118
31,165,1.0,153143.73681012422,0.3907827159366504,12.329914931573681,-11.939132215637034,-11.93913221563703,3.552713678800501e-15,-0.06690035295310182,-5.695331487259933,3.6047433987618405,6.243800728377098,0.027845815920624416,0.49640600157047043,6.211492882806347
31,166,1.0,163739.5883024365,0.33017605409544065,12.336208622685579,-12.006032568590136,-12.006032568590138,1.7763568394002505e-15,0.005202395874825072,-5.768952292628035,3.5980229463468416,6.237080275962101,0.0278819228738898,0.49642121763250924,6.205031389755847
31,167,1.0,162889.96210587106,0.3381946893568593,12.339024862072177,-12.000830172715311,-12.000830172715318,7.105427357601002e-15,0.0057633744690956945,-5.770998592036717,3.5907742510633347,6.229831580678594,0.027900766799533603,0.49636213113922806,6.197354585168447
31,168,1.0,161953.8663832416,0.3417876553375,12.33685445358371,-11.995066798246215,-11.99506679824621,5.329070518200751e-15,-0.10055063999279845,-5.764763347156723,3.591246121474233,6.230303451089492,0.027850996653647996,0.49631386908199177,6.197397922243648
31,169,1.0,179085.28757338668,0.2433166262433164,12.33893406448233,-12.095617438239014,-12.095617438239014,0.0,-0.02862199101953422,-5.868310293181876,3.588249815441879,6.227307145057138,0.027837435995085796,0.49632214620570714,6.194527776714024
31,170,1.0,184285.12493652056,0.21032899999104454,12.334568429249595,-12.124239429258548,-12.12423942925855,1.7763568394002505e-15,-0.021036065478114097,-5.894222270166885,3.590959829476404,6.230017159091662,0.027766103750371217,0.4962646623727017,6.1967111177793495
31,171,1.0,188202.82087627146,0.18872461980542402,12.334000114542087,-12.145275494736662,-12.145275494736664,1.7763568394002505e-15,0.008856919641781147,-5.917295272559704,3.5889228925616985,6.227980222176957,0.027755851464826158,0.49623935282131443,6.194475664464922
31,172,1.0,186543.28365782913,0.18537416176366228,12.321792736858542,-12.136418575094881,-12.136418575094881,0.0,0.18419078349495877,-5.899984895778362,3.597376349701259,6.236433679316518,0.027628490906357397,0.49612449699946143,6.201798703517508
31,173,1.0,155162.43138339018,0.3668439535688196,12.31907174516874,-11.952227791599922,-11.95222779159992,1.7763568394002505e-15,-0.03699184789139309,-5.717846585584143,3.5953238764005215,6.234381206015781,0.027860333338602033,0.4959324177835497,6.197996061515032
31,174,1.0,161009.65956924178,0.3280787277283162,12.317298367219632,-11.989219639491315,-11.989219639491315,0.0,-0.095067286489817,-5.7536765304273345,3.596485779448721,6.23554310906398,0.027897185915172304,0.4958608945372471,6.1984653533611205
31,175,1.0,177067.61176338638,0.23311341547961853,12.31740034146075,-12.084286925981132,-12.084286925981132,0.0,-0.016343330256182398,-5.847861462193467,3.5973681341724038,6.236425463787662,0.027721867272738624,0.4959060017782364,6.19979599165032
31,176,1.0,179985.26334897397,0.21516995215753437,12.315800208394851,-12.100630256237315,-12.100630256237316,1.7763568394002505e-15,-0.05794355165182452,-5.8668030109259774,3.594769915696078,6.233827245311337,0.027651380834986115,0.495880170162285,6.197043654456544
31,177,1.0,190722.3163141908,0.158543017426089,12.317116825315228,-12.15857380788914,-12.15857380788914,0.0,-0.013823829492277895,-5.928261281933182,3.5912551963407005,6.230312525955959,0.027738046594650265,0.49584331315055913,6.193248801531033
31,178,1.0,193377.13671003724,0.1379067373329163,12.310304374714333,-12.172397637381417,-12.172397637381417,0.0,-0.04924862829865084,-5.93759778035232,3.5957425274138393,6.234799857029096,0.02762529755841755,0.4957858281401803,6.197195604182583
31,179,1.0,203139.10419247608,0.08245531547310908,12.304101581153176,-12.221646265680068,-12.221646265680068,0.0,-0.012415885825530992,-5.980567418706402,3.6020215173584083,6.241078846973665,0.027354178850848267,0.4958179883768699,6.203727286871135
31,180,1.0,205676.97849369317,0.07338755501247027,12.307449706518067,-12.234062151505599,-12.234062151505597,1.7763568394002505e-15,0.02518008096684099,-5.997941002646668,3.5970638192436732,6.236121148858932,0.02761603848490241,0.49576362808063806,6.198340083757803
31,181,1.0,200562.67502827162,0.09923663571898346,12.308118706257742,-12.208882070538758,-12.20888207053876,1.7763568394002505e-15,-0.11439707190031889,-5.97713105768866,3.5926936832348395,6.2317510128501,0.027660104542450135,0.4956890740720113,6.193368833951754
31,182,1.0,224870.31616928588,-0.021112241540604818,12.30216690089847,-12.323279142439077,-12.323279142439075,1.7763568394002505e-15,0.05097488696681651,-6.087809383192853,3.5964124296309663,6.235469759246224,0.027779827262204557,0.4956439259142855,6.196637000359429
31,183,1.0,213694.83154956682,0.021561631779598148,12.293865887251858,-12.27230425547226,-12.27230425547226,0.0,0.07838007603512054,-6.028557877111254,3.6046890487457475,6.243746378361007,0.027718995653927964,0.49555073140529293,6.203995462875321
31,184,1.0,197585.00572083474,0.09865960910169654,12.292583788538835,-12.19392417943714,-12.193924179437138,1.7763568394002505e-15,0.1183310625094709,-5.950286029063328,3.6045808207585526,6.24363815037381,0.028036956243590937,0.49539219030230774,6.202354822724238
31,185,1.0,175534.8919975149,0.21132040269714678,12.286913519624816,-12.075593116927669,-12.075593116927669,0.0,-0.07486242896259654,-5.830645206681942,3.6058905806304677,6.244947910245726,0.028077296770870157,0.4952590285631381,6.20235527902045
31,186,1.0,189180.25049777457,0.13692698564368383,12.287382531533947,-12.150455545890265,-12.150455545890264,1.7763568394002505e-15,0.1467748832773932,-5.908237825704005,3.603160390571,6.24221772018626,0.02799554251494058,0.4952533604749635,6.199765511157644
31,187,1.0,163354.9406908069,0.280742150853582,12.28442281346645,-12.003680662612872,-12.003680662612869,3.552713678800501e-15,0.01896055178297118,-5.762389861376936,3.6022334716206776,6.241290801235936,0.02797637587568029,0.4951113506399254,6.197498024839668
31,188,1.0,160286.81943074267,0.3020486881583248,12.286768798988227,-11.984720110829901,-11.984720110829903,1.7763568394002505e-15,-0.05522537210184808,-5.75171986753269,3.5939429136819543,6.233000243297213,0.0280564675865442,0.4950303678662784,6.188643094688295
31,189,1.0,169387.70568749815,0.24273862333354346,12.282684106265291,-12.03994548293175,-12.039945482931747,1.7763568394002505e-15,0.02343585486602251,-5.803034903253971,3.5978532500625198,6.236910579677778,0.028195880792966102,0.4949518030946874,6.191748276046089
31,190,1.0,165464.1159218963,0.26586767717082627,12.282377305236553,-12.016509628065727,-12.016509628065727,0.0,0.007653004383129769,-5.788941976928827,3.588510321521641,6.2275676511369005,0.028155814971086216,0.4948237262065993,6.1814723479045455
31,191,1.0,164202.65147081352,0.27259463603628625,12.281451259718882,-12.008856623682597,-12.008856623682595,1.7763568394002505e-15,0.0907482112616087,-5.782371591150313,3.587427702917025,6.226485032532283,0.028129587572603306,0.4947767082096347,6.180005931241874
31,192,1.0,149957.6818719254,0.34863900657610924,12.266747418997095,-11.918108412420988,-11.918108412420986,1.7763568394002505e-15,0.014476751706032687,-5.681814895166617,3.5972361876391115,6.23629351725437,0.028373221343204247,0.4945732780193265,6.187711805080908
31,193,1.0,147802.41998153788,0.36161539796035863,12.265247058675314,-11.903631660714955,-11.903631660714955,0.0,0.048199079222277064,-5.672612449511441,3.5919618815882566,6.231019211203516,0.02818850994679674,0.49449210354464107,6.181889931017127
31,194,1.0,140847.43770660873,0.40626087191829346,12.26169345341097,-11.855432581492678,-11.855432581492677,1.7763568394002505e-15,-0.09821563289986379,-5.622341726892527,3.594033524984893,6.233090854600151,0.028364401829926934,0.4943634915254787,6.182692984541567
31,195,1.0,155382.9842395552,0.30911680959710824,12.262765023989651,-11.953648214392542,-11.953648214392542,0.0,0.1324197124844666,-5.7236843539051065,3.5909065308721786,6.2299638604874366,0.028344905106257035,0.49433781705601304,6.179489253590266
31,196,1.0,136111.3394082004,0.4358581538246751,12.25708665573275,-11.821228501908076,-11.821228501908074,1.7763568394002505e-15,0.007397576399947425,-5.5904162373644155,3.591754934928404,6.230812264543663,0.028406530798674137,0.49418361225211266,6.1788318977397365
31,197,1.0,135108.1604971851,0.43360465087648464,12.247435576384614,-11.813830925508128,-11.81383092550813,1.7763568394002505e-15,-0.1148862011005054,-5.576384818821974,3.5983887770708978,6.237446106686156,0.028333971390866543,0.4940568007454337,6.184165397893724
31,198,1.0,151557.00845884153,0.32026464056642706,12.24898176717506,-11.928717126608634,-11.928717126608634,0.0,0.01434516349384829,-5.698443778276002,3.5912160187173714,6.230273348332631,0.027989715580759505,0.49413182935783734,6.178032306148119
31,199,1.0,149398.4180766044,0.3292212030280774,12.243593166142862,-11.914371963114785,-11.914371963114785,0.0,-0.07047464047358964,-5.680408218698257,3.594906414801268,6.233963744416527,0.028036690536347938,0.4940245731096673,6.180634177710019
31,200,1.0,160307.0958350615,0.2589278713164345,12.243774474904807,-11.984846603588375,-11.984846603588373,1.7763568394002505e-15,-0.011801328476320094,-5.754055332363458,3.59173394160966,6.230791271224919,0.028172141215433072,0.493927403506932,6.176750188428492
31,201,1.0,162210.13966620096,0.24287314904498172,12.239521081109675,-11.996647932064695,-11.996647932064693,1.7763568394002505e-15,-0.11261051228581564,-5.7642631524794385,3.593327449969998,6.232384779585256,0.028254078668897304,0.4938237223442431,6.17746026397868
31,202,1.0,181544.92892690684,0.12135301576539258,12.2306114601159,-12.10925844435051,-12.109258444350509,1.7763568394002505e-15,0.0515029265314606,-5.880464269964486,3.5897368447707647,6.2287941743860245,0.028262451796675577,0.4937066493299635,6.173056631949128
31,203,1.0,172431.531499864,0.16926642195823552,12.227021939777284,-12.05775551781905,-12.057755517819048,1.7763568394002505e-15,0.0034018262420882905,-5.830810863927302,3.5878873242764895,6.226944653891748,0.028084719168925052,0.4936356580981962,6.1706031465894835
31,204,1.0,171845.94598584878,0.16557032409426917,12.219924015671229,-12.054353691576962,-12.05435369157696,1.7763568394002505e-15,-0.14877075612422708,-5.824175344175886,3.5911210177858153,6.230178347401075,0.027893825334760824,0.49358551107352516,6.173349058877541
31,205,1.0,199411.22876769776,-0.0032026885781036123,12.199921759123086,-12.203124447701189,-12.203124447701189,0.0,-0.041177752623347885,-5.964267003417111,3.599800114668821,6.238857444284081,0.02788357937736136,0.49347066454207406,6.180813505691562
31,206,1.0,207793.941196667,-0.044039178507033365,12.200263021817506,-12.244302200324537,-12.244302200324539,1.7763568394002505e-15,0.012420180080244592,-6.006580633071371,3.5986642376379065,6.237721567253165,0.027995595187440197,0.493482031975687,6.179743370943167
31,207,1.0,205229.06411662637,-0.05153672279392829,12.180345297450364,-12.231882020244292,-12.231882020244292,0.0,-0.04280566175344802,-5.982544305485409,3.6102803851436245,6.249337714758882,0.02812739384462095,0.49320264255555674,6.188577810249887
31,208,1.0,214204.7649324166,-0.08124784401880095,12.193439837978941,-12.27468768199774,-12.274687681997742,1.7763568394002505e-15,0.19010886486140954,-6.0450269762981295,3.5906033760843523,6.229660705699611,0.028266621085152533,0.4932264349465799,6.169527920783459
31,209,1.0,177119.3037769862,0.12448093788367023,12.209059755020004,-12.08457881713633,-12.084578817136334,3.552713678800501e-15,0.0874262533771013,-5.861555476658907,3.5839660108621665,6.223023340477425,0.028183189789356584,0.49321613637440787,6.163071623769381
31,210,1.0,162292.01670098727,0.20804231461316766,12.205194878372396,-11.99715256375923,-11.997152563759228,1.7763568394002505e-15,0.0180430844701025,-5.771505723052248,3.5865895110917227,6.225646840706982,0.02803414001450054,0.4931202524004417,6.164838836850322
31,211,1.0,159390.02728374937,0.224208187657993,12.203317666947122,-11.979109479289127,-11.979109479289129,1.7763568394002505e-15,-0.11114970836738358,-5.759165094576117,3.5808870550977496,6.219944384713008,0.028234743105944697,0.4929787061805085,6.158024036076175
31,212,1.0,178128.26998668053,0.10468992103425574,12.194949108690764,-12.09025918765651,-12.090259187656509,1.7763568394002505e-15,0.08248127621925505,-5.868279605793022,3.582922252248228,6.221979581863486,0.028023494499609843,0.49293610921493963,6.159686475374383
31,213,1.0,164025.6195603657,0.18405272498426029,12.19183063642151,-12.007777911437255,-12.00777791143725,5.329070518200751e-15,0.04307842194990563,-5.788271812362697,3.580448769459299,6.219506099074558,0.02811533286437786,0.4927941818478975,6.156008330607788
31,214,1.0,157109.687908476,0.2307653510960493,12.195464840583398,-11.96469948948735,-11.964699489487348,1.7763568394002505e-15,0.008241107099379974,-5.7507831585215285,3.574859001350564,6.213916330965822,0.028241104313786087,0.49269545867871306,6.149661251877049
31,215,1.0,155820.25063715773,0.2352866815211485,12.191745063909114,-11.95645838238797,-11.956458382387964,5.329070518200751e-15,0.014605305472160879,-5.744590836148136,3.5728102166245734,6.211867546239832,0.02830813557265518,0.49254529821225657,6.146343914696058
31,216,1.0,153560.98705630537,0.24690704333438512,12.188760120250194,-11.941853076915809,-11.941853076915809,0.0,-0.015313958771963954,-5.729251547124327,3.5735442001762228,6.212601529791482,0.02839699105911302,0.49241490045125463,6.145921546643718
31,217,1.0,155930.71230683857,0.21903922983751167,12.176206265525286,-11.957167035687773,-11.957167035687775,1.7763568394002505e-15,-0.01020127109046065,-5.7400572622861485,3.5780524437863646,6.217109773401624,0.02830113114245033,0.4922507554572447,6.148941512742442
31,218,1.0,157529.5449718209,0.20635726709606622,12.173725573874298,-11.967368306778233,-11.967368306778232,1.7763568394002505e-15,0.012759618665052486,-5.749396148707162,3.5789148284558117,6.2179721580710705,0.02833906417991059,0.49218039448710654,6.1491662509428595
31,219,1.0,155532.2972066636,0.20824235135617747,12.16285103946936,-11.954608688113181,-11.954608688113181,0.0,0.08021407619504295,-5.734604336239314,3.580947022258608,6.220004351873867,0.028348418821778635,0.49198476481906095,6.149456162970216
31,220,1.0,143543.6733696794,0.2908504878777454,12.165245099795884,-11.874394611918138,-11.874394611918138,0.0,-0.24904872921590915,-5.65322890947565,3.582108372827228,6.221165702442488,0.02842076009537026,0.4919433834257496,6.150160442803933
31,221,1.0,184138.47611747327,0.026415103459411116,12.149858444593455,-12.123443341134047,-12.123443341134044,3.552713678800501e-15,-0.09364950809664307,-5.907421393060162,3.5769646184586277,6.2160219480738865,0.028597615380713405,0.49185501279462157,6.144245000608955
31,222,1.0,202216.22996382255,-0.07998853826486776,12.137104310965823,-12.21709284923069,-12.21709284923069,0.0,0.029827231310367353,-6.000294427126192,3.5777410924892386,6.216798422104498,0.02863496981386673,0.4917488092837626,6.144024377879462
31,223,1.0,196273.74420788494,-0.04651795171067208,12.140747666209652,-12.187265617920323,-12.187265617920325,1.7763568394002505e-15,0.03165457088600121,-5.976960858556753,3.5712474297483108,6.210304759363569,0.028636180015711336,0.4916792205476621,6.137160939010271
31,224,1.0,190158.08795085974,-0.01695093453973446,12.13866011249459,-12.155611047034322,-12.155611047034323,1.7763568394002505e-15,-0.12591406721841025,-5.9444447660910145,3.5721089513280497,6.211166280943308,0.028574402932421427,0.49163031470598256,6.13766449850564
31,225,1.0,215674.3940205191,-0.16162400861623738,12.119901105636492,-12.281525114252732,-12.28152511425273,1.7763568394002505e-15,-0.08157115929257053,-6.067957325126188,3.574510459511285,6.213567789126544,0.028541711342207333,0.4915018712834676,6.13867585879041
31,226,1.0,234004.65178031524,-0.26292962325887836,12.100166650286422,-12.363096273545302,-12.3630962735453,1.7763568394002505e-15,-0.03211856456243112,-6.140923668875421,3.583115275054623,6.222172604669882,0.028647127222454237,0.49136840179952745,6.145838911632114
31,227,1.0,241642.54783056784,-0.31060774645955586,12.084607091648179,-12.395214838107734,-12.395214838107735,1.7763568394002505e-15,-0.08665155815541503,-6.168945955956696,3.587211552535777,6.226268882151038,0.028936556356692695,0.491129667984827,6.147672212304854
31,228,1.0,263515.21737983567,-0.4162229706677234,12.065643425595425,-12.481866396263149,-12.481866396263149,0.0,0.009635114724783733,-6.245107162800409,3.597701903847482,6.236759233462741,0.029228346764565,0.4909097205503423,6.156059514493481
31,229,1.0,260988.41061326623,-0.4044395969020978,12.067791684636266,-12.472231281538365,-12.472231281538363,1.7763568394002505e-15,0.07805384547840788,-6.246849170158795,3.586324781764309,6.225382111379569,0.029007184164765967,0.49086413484776015,6.144513232852882
31,230,1.0,241391.9973398846,-0.32078742870451604,12.073390007355442,-12.394177436059957,-12.394177436059959,1.7763568394002505e-15,-0.10353655454193422,-6.178107512809919,3.577012593634779,6.2160699232500365,0.028968361891313223,0.49076394441651955,6.13459644025895
31,231,1.0,267724.56557178067,-0.4511435011881929,12.046570489413696,-12.497713990601891,-12.49771399060189,1.7763568394002505e-15,0.03817862377333903,-6.271335153675501,3.587321507311131,6.226378836926389,0.029169591499413453,0.4905824063688718,6.142710976550914
31,232,1.0,257695.86915058087,-0.40445588968717683,12.055079477141378,-12.459535366828552,-12.459535366828554,1.7763568394002505e-15,-0.07535227457153049,-6.2446578581110055,3.5758201791022874,6.214877508717545,0.029155824554261602,0.4904987595214881,6.130866385461687
31,233,1.0,277864.1603447978,-0.508521416414758,12.026366224985326,-12.534887641400083,-12.534887641400084,1.7763568394002505e-15,0.20838252956868608,-6.306437324991556,3.5893929867932672,6.228450316408526,0.02927680186216456,0.4903285646922285,6.142370559949471
31,234,1.0,225596.91228477078,-0.2697184673029063,12.056786644528493,-12.326505111831397,-12.3265051118314,3.552713678800501e-15,0.17883478784356477,-6.108295696287654,3.5791520859284853,6.218209415543744,0.028935599838070217,0.49032273586427644,6.1330475365679415
31,235,1.0,188654.07461902045,-0.07450361630929951,12.073166707678533,-12.147670323987832,-12.147670323987832,0.0,0.04395614839418194,-5.930310316692709,3.5783026776798645,6.217360007295123,0.028993775585179144,0.4902428284340192,6.131896077738316
31,236,1.0,180541.18014716817,-0.03355936083417279,12.070154814759473,-12.10371417559365,-12.103714175593646,3.552713678800501e-15,-0.05200094335656402,-5.894215999536405,3.570440846441987,6.209498176057244,0.02898273822845473,0.49006711571419526,6.122655141511756
31,237,1.0,190177.87909722852,-0.10079412157460141,12.054920997375607,-12.155715118950214,-12.155715118950209,5.329070518200751e-15,-0.056569189382409846,-5.939807927135108,3.576849862199846,6.215907191815106,0.02912016566638424,0.48991401047591654,6.127474753051041
31,238,1.0,201246.19903757202,-0.17217708623637018,12.040107222096253,-12.212284308332624,-12.212284308332624,0.0,-0.0028638331085630853,-5.994159810681493,3.579067168035872,6.2181244976511305,0.02904603723097096,0.4897619167934158,6.128270050418561
31,239,1.0,201823.36061810216,-0.19245998383018942,12.022688157610999,-12.215148141441187,-12.215148141441189,1.7763568394002505e-15,0.12254192657453977,-5.996052357805767,3.580038454020161,6.219095783635419,0.02907504481310422,0.4895151495819378,6.126866548464149
31,240,1.0,178546.83288034523,-0.060993849267911945,12.031612365598738,-12.092606214866647,-12.09260621486665,3.552713678800501e-15,0.19273351900548263,-5.8772170964077075,3.576331788843681,6.21538911845894,0.02883135749694553,0.4894476001043923,6.122958807909166
31,241,1.0,147247.8787829234,0.15801593584510265,12.057888631706268,-11.899872695861164,-11.899872695861164,0.0,-0.05109143851185394,-5.694253264561739,3.566562101684167,6.205619431299426,0.028810556048143126,0.48946784269882154,6.113981431170212
31,242,1.0,154966.48308744346,0.10225827859081937,12.053222412963839,-11.950964134373018,-11.95096413437302,1.7763568394002505e-15,-0.1486051790956715,-5.743938282365365,3.567968522392395,6.2070258520076536,0.028767400146386544,0.48942443072611636,6.115008148750536
31,243,1.0,179794.41054521772,-0.06569184455213123,12.033877468916558,-12.09956931346869,-12.099569313468688,1.7763568394002505e-15,0.19645746284856003,-5.8923025388035395,3.5682094450498925,6.20726677466515,0.028627292665493544,0.4892504679415571,6.1137164873996355
31,244,1.0,147725.6107564266,0.1492119972867635,12.052323847906894,-11.90311185062013,-11.903111850620132,1.7763568394002505e-15,-0.009688258337188671,-5.701706161991766,3.5623483590131064,6.201405688628367,0.028736689989357328,0.4891960957386913,6.107626598690365
31,245,1.0,149163.7700166086,0.13296022597839763,12.045760334935718,-11.912800108957319,-11.91280010895732,1.7763568394002505e-15,-0.060563873494086096,-5.71053795169062,3.5632048276514383,6.202262157266697,0.02865956285011497,0.4890630878313262,6.107379116764662
31,246,1.0,158476.8781457443,0.0515675699933476,12.024931552444755,-11.973363982451405,-11.973363982451408,3.552713678800501e-15,0.04823406564112709,-5.764015318661036,3.570291334175112,6.209348663790371,0.028626858274609545,0.4888716980329968,6.112639087891436
31,247,1.0,151014.31563155315,0.10630817743689223,12.031438094247173,-11.925129916810278,-11.925129916810281,3.552713678800501e-15,0.12157115953031905,-5.724849886429199,3.56122270076582,6.200280030381078,0.02878169344973314,0.48872236955697596,6.102618890150348
31,248,1.0,133727.41053259687,0.2336215917154945,12.037180348995454,-11.803558757279959,-11.80355875727996,1.7763568394002505e-15,-0.033816972452207494,-5.59964732951332,3.56485409815138,6.203911427766639,0.029047667266810694,0.48863259097774847,6.1052632608713875
31,249,1.0,138327.0004658923,0.1933508070001616,12.030726536732328,-11.837375729732166,-11.837375729732166,0.0,-0.038693312106300226,-5.636163555558302,3.562154844558606,6.2012121741738655,0.02885721603653087,0.48847754422663225,6.101414907979485
31,250,1.0,143784.22853141956,0.14504341968868112,12.021112461527146,-11.876069041838466,-11.876069041838464,1.7763568394002505e-15,0.104501074365702,-5.675201308060459,3.5618104041627467,6.200867733778005,0.02881148597540001,0.488334625473537,6.099904513676624
31,251,1.0,129517.07017692161,0.2568467110952664,12.028414678568026,-11.771567967472764,-11.77156796747276,3.552713678800501e-15,0.029790654267150884,-5.57411131009615,3.5583993277613546,6.197456657376614,0.029073372383937868,0.48819319853336146,6.09526369259556
31,252,1.0,125715.57753660195,0.2809402610261287,12.022717574231741,-11.741777313205613,-11.741777313205613,0.0,0.042489289687976495,-5.543805100847712,3.558914882742642,6.197972212357902,0.029027062074010554,0.48804093620035965,6.094507100509935
31,253,1.0,120485.90131322575,0.3194957156452456,12.018783739162885,-11.699288023517637,-11.699288023517639,1.7763568394002505e-15,0.018634329499368718,-5.502030041274508,3.558200652627872,6.197257982243131,0.029013739964202402,0.48789507707374297,6.092604080936275
31,254,1.0,118261.51665205929,0.3344515332248409,12.015105227243108,-11.680653694018268,-11.680653694018266,1.7763568394002505e-15,-0.022881075900958336,-5.4686642744021325,3.5729320900008763,6.211989419616136,0.02877022675300061,0.4879632563508837,6.107415478401314
31,255,1.0,120998.66239357564,0.30256054448975317,12.006095314408983,-11.703534769919226,-11.70353476991923,3.552713678800501e-15,-0.002213309827487464,-5.48229832464678,3.5821791156571856,6.221236445272445,0.028660481148113724,0.4878703315100976,6.1155564244254625
31,256,1.0,121266.76651145576,0.29635991695047953,12.002107996697193,-11.705748079746714,-11.705748079746714,0.0,-0.035611041746420824,-5.498992421992712,3.5676983281387407,6.206755657754,0.02887636602040835,0.4876025439023813,6.099292004037514
31,257,1.0,125663.01531525531,0.250536770101483,11.991895891594616,-11.741359121493135,-11.741359121493133,1.7763568394002505e-15,0.0226091026634343,-5.54561313346982,3.5566886584080564,6.195745988023316,0.029010488481673397,0.4873144395483742,6.086222498497966
31,258,1.0,122853.76428982435,0.2730046483211525,11.991754667150854,-11.7187500188297,-11.718750018829702,1.7763568394002505e-15,0.09485852746067991,-5.528482475674189,3.551210213540252,6.190267543155509,0.029184319045289432,0.4871854087671491,6.079796822724392
31,259,1.0,111735.69455703456,0.3722636058653084,11.996155097234327,-11.62389149136902,-11.623891491369019,1.7763568394002505e-15,0.05771460003882822,-5.432426525649218,3.552407636104543,6.191464965719802,0.029367402552851914,0.48709114630133754,6.080013830354333
31,260,1.0,105469.47898576585,0.4296089821981856,11.995785873528378,-11.566176891330192,-11.566176891330192,0.0,0.11691684449606754,-5.370513429397052,3.556606132317883,6.195663461933141,0.029445678982240504,0.48699591007022364,6.083115770111059
31,261,1.0,93831.88915001693,0.5480744245269883,11.997334471361112,-11.449260046834125,-11.449260046834125,0.0,-0.1122940306527429,-5.251660685644438,3.5585420315744267,6.197599361189686,0.02983313904518815,0.4868224817632909,6.083257281813728
31,262,1.0,104983.03844657709,0.4237182918666533,11.985272369353522,-11.561554077486868,-11.56155407748687,1.7763568394002505e-15,0.012286635536611357,-5.3716912658206954,3.550805482050914,6.189862811666171,0.029557011133761028,0.48662904570613413,6.074527658528728
31,263,1.0,103701.04195510907,0.42988398040800097,11.979151422358258,-11.549267441950256,-11.549267441950258,1.7763568394002505e-15,0.03365755421735628,-5.358049263169825,3.552160849165172,6.1912181787804315,0.029640454474997177,0.48645103556841607,6.074282740890434
31,264,1.0,100268.80290516686,0.46533487901050136,11.980944766743399,-11.5156098877329,-11.515609887732897,3.552713678800501e-15,-0.03240659614953856,-5.31991131451744,3.556641243600201,6.195698573215459,0.0297559423292742,0.48640150582973485,6.077944062455657
31,265,1.0,103571.39740688777,0.43093439817863705,11.978950882061074,-11.548016483882439,-11.548016483882437,1.7763568394002505e-15,-0.0019755716548903735,-5.359842621233608,3.5491165330335726,6.188173862648831,0.029633551080187455,0.486324031796479,6.070241446240623
31,266,1.0,103776.21237056656,0.42275933699883633,11.97275139253617,-11.549992055537329,-11.549992055537333,3.552713678800501e-15,-0.21249048691744754,-5.361722327650696,3.5492123982713735,6.188269727886633,0.02967880258903102,0.4861543291179256,6.0689095264046555
31,267,1.0,128345.68188519649,0.18592034787483477,11.94840289032961,-11.762482542454777,-11.762482542454777,0.0,-0.011911621634233427,-5.580395177539606,3.543030035299913,6.18208736491517,0.0294093172288923,0.48598882793740694,6.0619179466279025
31,268,1.0,129883.6286215327,0.16489251084259615,11.939286674931605,-11.77439416408901,-11.774394164089008,1.7763568394002505e-15,-0.12966724747678882,-5.592999510686144,3.542337323787607,6.181394653402864,0.02938863611156513,0.4858556017583548,6.060161344435526
31,269,1.0,147865.95184774042,0.008706101339037722,11.912767512904834,-11.904061411565799,-11.904061411565795,3.552713678800501e-15,-0.053407495555916285,-5.725783560782192,3.5392205211683465,6.178277850783604,0.02934920637599553,0.4855949541043115,6.054881782833241
31,270,1.0,155977.79043997265,-0.06356893188194922,11.893899975239764,-11.957468907121715,-11.957468907121713,1.7763568394002505e-15,0.0041858125335476615,-5.7788053124127865,3.53960626509367,6.178663594708929,0.029505920066628114,0.4853234377092131,6.052965519428779
31,271,1.0,155326.26119073087,-0.07189240591659854,11.881390688671571,-11.953283094588167,-11.95328309458817,1.7763568394002505e-15,0.02033938583756978,-5.777296679268551,3.536929085704357,6.175986415319615,0.029512853601347144,0.4850717630930616,6.048274972813845
31,272,1.0,152198.9322204268,-0.05796850480631928,11.874975203944281,-11.932943708750598,-11.932943708750601,3.552713678800501e-15,0.12751071190180951,-5.7543145855784505,3.5395717935568873,6.178629123172146,0.029579034803804777,0.4849181251774999,6.04949543222991
31,273,1.0,133978.28276074425,0.0951323355701716,11.900565332418958,-11.805432996848788,-11.805432996848786,1.7763568394002505e-15,-0.01008682829900387,-5.625923776914916,3.540451890318612,6.179509219933871,0.02947810378886378,0.48503363558628143,6.0515798866579305
31,274,1.0,135336.53741933027,0.07217142353072278,11.887691248678514,-11.815519825147792,-11.815519825147792,0.0,-0.04523584731425068,-5.638295466715389,3.5381670288171443,6.177224358432403,0.02956102936855798,0.48479857073857135,6.047367566234675
31,275,1.0,141599.1804527642,0.01575115068108396,11.876506823143126,-11.860755672462043,-11.860755672462043,0.0,-0.03976113579820684,-5.678706724269249,3.5429916185775348,6.1820489481927945,0.02944186642149501,0.4846476936112083,6.050858037052493
31,276,1.0,147342.75351910316,-0.035468932894885244,11.865047875365363,-11.90051680826025,-11.900516808260248,1.7763568394002505e-15,-0.1308448282015089,-5.71706809218962,3.5443913864553704,6.18344871607063,0.029273661493443428,0.48451033950300676,6.051207009006996
31,277,1.0,167939.9302585973,-0.20436469539146165,11.826996941070295,-12.031361636461758,-12.031361636461757,1.7763568394002505e-15,-0.002783248250761261,-5.83554910350798,3.5567552033385192,6.195812532953779,0.029053000725689407,0.4842528347426215,6.060812662508702
31,278,1.0,168407.9998505018,-0.2041670895646966,11.829977795147826,-12.03414488471252,-12.034144884712523,3.552713678800501e-15,-0.047396355798321466,-5.843862703275055,3.5512248518222083,6.190282181437467,0.02933360070035583,0.4841337626547253,6.05449988183136
31,279,1.0,176582.10662172505,-0.2687329407056638,11.812808299805178,-12.081541240510841,-12.081541240510843,1.7763568394002505e-15,0.05098655296097654,-5.895712669829385,3.546771241066197,6.185828570681457,0.029679621007360726,0.4838280168075777,6.047449277339067
31,280,1.0,167804.46597833929,-0.21284985601009682,11.817704831539768,-12.030554687549865,-12.030554687549865,0.0,0.0666694087978481,-5.84917944538523,3.542317912549376,6.181375242164634,0.029753630805891353,0.4836652260744948,6.04198060133411
31,281,1.0,156981.8195769043,-0.14473951419124517,11.819145764560771,-11.963885278752016,-11.963885278752016,0.0,-0.12792040253020254,-5.7825014253068785,3.5423265238298796,6.181383853445139,0.02973337027456669,0.48347812076187696,6.0405106393890975
31,282,1.0,178403.95734019548,-0.3214956182624208,11.770310063019801,-12.091805681282219,-12.091805681282223,3.552713678800501e-15,0.0716602244217075,-5.903665175321454,3.5490831763455057,6.188140505960763,0.02976913531117791,0.48314038427339984,6.0436510736608975
31,283,1.0,166066.8101015649,-0.23313538640399328,11.78701007045652,-12.020145456860512,-12.020145456860513,1.7763568394002505e-15,-0.03846178590386984,-5.8404980851245965,3.5405900421206558,6.179647371735916,0.029965360524405904,0.4830414000791214,6.034914111631641
31,284,1.0,172578.45829833185,-0.2875274728740277,11.771079769890354,-12.058607242764381,-12.058607242764381,0.0,-0.04366753309446736,-5.880554233262233,3.538995679886889,6.178053009502149,0.02993433309422116,0.48284698903196277,6.0316256839329885
31,285,1.0,180281.49615971098,-0.36059454752644293,11.741680228332406,-12.102274775858849,-12.102274775858849,0.0,0.08529876332065989,-5.917777338596586,3.5454401076470035,6.184497437262264,0.030012462894153512,0.4824889471560006,6.0346862155644585
31,286,1.0,165541.30381453008,-0.25038554858229556,11.76659046395589,-12.016976012538189,-12.016976012538185,3.552713678800501e-15,0.1689902892685211,-5.839872228250166,3.538046454672763,6.177103784288022,0.030038365147529025,0.48251047684749343,6.028179267088237
31,287,1.0,139802.46252708542,-0.050324255072644736,11.797661468197022,-11.847985723269668,-11.847985723269668,0.0,0.07068065910084975,-5.679022741043062,3.5299056526113484,6.168962982226607,0.02999249885656088,0.4824941487017567,6.020601125518643
31,288,1.0,130262.25769479833,0.031062784996014156,11.808367849164833,-11.777305064168818,-11.77730506416882,1.7763568394002505e-15,0.11162165334404328,-5.608170387011733,3.530077347541827,6.1691346771570865,0.03007375132261538,0.4823720782045517,6.019875707906061
31,289,1.0,116504.29413363463,0.15889042334311554,11.82457383416789,-11.665683410824775,-11.665683410824775,0.0,-0.024515634656372853,-5.494896550965952,3.531729530243561,6.170786859858821,0.029994965815573753,0.4824035097215278,6.02169715916341
31,290,1.0,119395.76920049526,0.12341517392685096,11.813614219407999,-11.690199045481148,-11.690199045481148,0.0,0.07151496773562016,-5.519599207985378,3.5315425078805114,6.17059983749577,0.03005465011371656,0.48217821508501973,6.01966211908063
31,291,1.0,111155.35292984964,0.19792349376310606,11.816607571508634,-11.618684077745527,-11.618684077745527,0.0,-0.014386120483859344,-5.451328211475689,3.528298536654581,6.167355866269839,0.03013096492565895,0.48203066056357324,6.015338028779072
31,292,1.0,112766.00496832067,0.17637129979313323,11.80944149802252,-11.633070198229387,-11.633070198229387,0.0,-0.007550806289785328,-5.467436224779175,3.5265766438349537,6.165633973450213,0.030174827499590974,0.4818559673816651,6.01232566050792
31,293,1.0,113620.7019928917,0.16188409125961237,11.802505095778782,-11.640621004519172,-11.64062100451917,1.7763568394002505e-15,-0.08168274393951869,-5.469857887850274,3.5317057870536397,6.170763116668897,0.030088286607889227,0.48171830903585994,6.016011272141428
31,294,1.0,123291.130031521,0.055663652311253156,11.777967400769944,-11.72230374845869,-11.72230374845869,0.0,-0.005515789766352697,-5.549418986922307,3.5338274319211247,6.172884761536383,0.030141067664878424,0.48141749487899793,6.015753988110816
31,295,1.0,123973.05693865122,0.04812378411768235,11.775943322342727,-11.727819538225043,-11.727819538225043,0.0,0.023889649166914495,-5.558484862817487,3.530277345792299,6.16933467540756,0.0301524376965137,0.4813467812638165,6.011702904641363
31,296,1.0,121046.48072721611,0.05985153373255105,11.763781422790682,-11.703929889058129,-11.70392988905813,1.7763568394002505e-15,0.11013645708597508,-5.542374407327224,3.522498152115644,6.161555481730903,0.0302135464714204,0.4810239366463944,6.001805564881552
31,297,1.0,108422.7733277609,0.18098712255216956,11.774780554524323,-11.593793431972154,-11.593793431972154,0.0,0.04677466058294577,-5.425888740835098,3.528847361521799,6.167904691137058,0.03030744510307642,0.4809377169654417,6.0070569740767015
31,298,1.0,103468.11446166356,0.21732646689717766,11.764345238286385,-11.547018771389208,-11.547018771389208,0.0,-0.02141399000095312,-5.376488568888382,3.531472872885568,6.170530202500827,0.030406691497807597,0.48073662963311226,6.007953479150585
31,299,1.0,105707.67299200072,0.19832740193317774,11.76676016332334,-11.568432761390161,-11.568432761390163,1.7763568394002505e-15,-0.13145777666039038,-5.397281454635602,3.5320939771393016,6.171151306754561,0.030486386092885173,0.48066665211920406,6.0078759342806025
31,300,1.0,120558.51769379368,0.02516467834445378,11.725055216395008,-11.699890538050552,-11.699890538050553,1.7763568394002505e-15,0.05632999555511553,-5.531977210130971,3.528855998304322,6.167913327919581,0.03051571639027106,0.4802595097566677,6.00162757744975
31,301,1.0,113955.18573426676,0.09362027877450374,11.73718082126994,-11.643560542495436,-11.643560542495436,0.0,0.11067732683456732,-5.478103720634334,3.5263994922458433,6.165456821861102,0.030453637045086423,0.4802161289929714,5.998941301238553
31,302,1.0,102015.82381352503,0.2252182308035138,11.758101446464382,-11.532883215660869,-11.532883215660869,0.0,0.07183352330515369,-5.371446044458365,3.522379841587245,6.161437171202503,0.03045123360926676,0.4802218274826408,5.995209193669171
31,303,1.0,94944.68068115193,0.3019129077257285,11.762962600081444,-11.461049692355715,-11.461049692355715,0.0,-0.0805536014220376,-5.29672276782278,3.5252695949176753,6.164326924532935,0.030560395431629223,0.4801592844698363,5.997344077165373
31,304,1.0,102909.29969444181,0.20097497801595657,11.74257827179371,-11.541603293777753,-11.541603293777753,0.0,-0.051068871215694145,-5.385393197410174,3.51715276675232,6.156210096367579,0.030584471764242782,0.47985278012275784,5.987292035641993
31,305,1.0,108301.27058352593,0.12539626851503238,11.718068433508481,-11.592672164993447,-11.592672164993449,1.7763568394002505e-15,-0.07005387310271871,-5.437567634792742,3.516047200585446,6.155104530200704,0.0304936955447001,0.47963919251011883,5.984577603945884
31,306,1.0,116160.25648592408,0.035965032072136194,11.698691070168302,-11.662726038096165,-11.662726038096165,0.0,0.027667592237259342,-5.506731488665509,3.516937219815398,6.155994549430657,0.030396736362236786,0.4794694640287113,5.983946047272879
31,307,1.0,112990.43474744426,0.05563193646900476,11.690690382327912,-11.635058445858906,-11.635058445858906,0.0,0.10380236467598891,-5.481173393398152,3.5148277228454945,6.153885052460753,0.030576447748786654,0.47921446454240574,5.979850621081927
31,308,1.0,101849.96532292923,0.193423333624761,11.724679414807678,-11.531256081182917,-11.531256081182917,0.0,0.1422419207714185,-5.3746751663487995,3.5175235852188584,6.156580914834118,0.03058179514012281,0.4794136518406029,5.984202971248456
31,309,1.0,88345.8196122372,0.3593470688555025,11.748361229267003,-11.389014160411499,-11.3890141604115,1.7763568394002505e-15,-0.10206024980384854,-5.229580773663153,3.5203760571330855,6.159433386748344,0.030985714704212113,0.47939337863759535,5.986237038256855
31,310,1.0,97838.59501343193,0.23169009817754738,11.722764508392892,-11.491074410215347,-11.491074410215344,3.552713678800501e-15,0.03714795878932087,-5.333322904919898,3.5186941756801886,6.157751505295448,0.030763441981601435,0.47909084419017856,5.9825422598212326
31,311,1.0,94270.76990961171,0.2662616810980239,11.720188132524049,-11.453926451426026,-11.453926451426025,1.7763568394002505e-15,0.0780189093440935,-5.294888920548864,3.519980201261906,6.159037530877165,0.03079668138742758,0.47899012532234625,5.9829408072395145
31,312,1.0,87195.45980472001,0.3563055897097701,11.732213131791706,-11.375907542081933,-11.375907542081936,3.552713678800501e-15,-0.1898327941021698,-5.215508108425145,3.5213421040415294,6.160399433656788,0.031076970642109743,0.4789691055648237,5.983670830555394
31,313,1.0,105423.44579070431,0.11611762598423782,11.68185796216834,-11.565740336184103,-11.565740336184103,0.0,0.04927524436980946,-5.412034031114863,3.51464897545398,6.15370630506924,0.03069961440389459,0.47853657585841464,5.974314193036598
31,314,1.0,100354.58987210135,0.17037436046971643,11.68683945228401,-11.516465091814293,-11.516465091814293,0.0,-0.023216160132323083,-5.3609017991541394,3.5165059630448954,6.155563292660155,0.03085239314889233,0.4784861820172905,5.9755994664515555
31,315,1.0,102711.69367996299,0.13475109964926754,11.674432351595886,-11.539681251946616,-11.539681251946618,1.7763568394002505e-15,-0.16664927888598058,-5.3771302208486755,3.5234937014826815,6.162551031097941,0.030867623103730292,0.47841685782158627,5.981506211308754
31,316,1.0,121337.41904511706,-0.0727120906580539,11.633618440174542,-11.706330530832597,-11.706330530832597,0.0,-0.0023349167330106724,-5.555696097070453,3.5115771041468853,6.150634433762145,0.030792060293287498,0.47806240064729244,5.967413203274266
31,317,1.0,121621.06282862896,-0.077200543882682,11.631464903682929,-11.708665447565608,-11.708665447565611,3.552713678800501e-15,-0.02087746729239015,-5.564154259505979,3.50545385844437,6.14451118805963,0.030869879464739174,0.47784264110094465,5.9599877115137145
31,318,1.0,124186.89341556386,-0.10354284139698323,11.626000073461013,-11.729542914857998,-11.729542914857996,1.7763568394002505e-15,-0.0027798515666663803,-5.579564353908133,3.510921231334605,6.149978560949864,0.030831661018780203,0.47773191530652637,5.964336437619942
31,319,1.0,124532.59482246396,-0.11136592024394341,11.620956846180722,-11.732322766424664,-11.732322766424664,0.0,-0.06857169404309005,-5.582510708225904,3.510754728583502,6.149812058198761,0.030911885596990322,0.47751654890321765,5.962443685452246
31,320,1.0,133371.5952282799,-0.19804998023491616,11.602844480232836,-11.800894460467754,-11.800894460467752,1.7763568394002505e-15,0.1382207764903285,-5.649950162848117,3.511886968004379,6.150944297619639,0.031068886569681348,0.4773394718908471,5.962023043469166
31,321,1.0,116154.17517725544,-0.03121601521272642,11.631457668764702,-11.662673683977426,-11.662673683977427,1.7763568394002505e-15,-0.05668656922227733,-5.512846227238875,3.510770127123294,6.149827456738554,0.030972039872688102,0.4773832730148755,5.961312103012976
31,322,1.0,122928.75675844189,-0.11050383014597137,11.60885642305373,-11.719360253199703,-11.719360253199701,1.7763568394002505e-15,0.0031494601103183584,-5.572075661385155,3.5082272621992905,6.147284591814549,0.031090958509735013,0.47701537720713755,5.955892274080155
31,323,1.0,122542.20657433203,-0.11750636339319528,11.59870442969619,-11.716210793089385,-11.716210793089385,0.0,0.10760709896323384,-5.570627376661626,3.5065260868124986,6.1455834164277565,0.030936081285877808,0.47692600248268086,5.953546775164623
31,324,1.0,110040.49287990766,0.015496642782386244,11.624100336908537,-11.60860369412615,-11.60860369412615,0.0,-0.10230843904124676,-5.459693111524845,3.5098532529860447,6.148910582601303,0.030890764043849384,0.4770356590577605,5.957604228160132
31,325,1.0,121894.61429636774,-0.12559092417283993,11.585321208994557,-11.710912133167398,-11.710912133167398,0.0,-0.07397388711271802,-5.569556929343235,3.502297874208904,6.141355203824163,0.031013924105655788,0.4765555494837056,5.946614802278055
31,326,1.0,131253.52277446975,-0.22970930659779956,11.555176713682316,-11.784886020280116,-11.784886020280116,0.0,0.06499905088655744,-5.643796670698536,3.502032019966321,6.141089349581579,0.03112509168470932,0.4762325311703107,5.943454248072544
31,327,1.0,122993.52238037072,-0.16840876681369768,11.55147820257986,-11.719886969393558,-11.719886969393558,0.0,0.09523208308891107,-5.581502977218143,3.4993266625601556,6.138383992175415,0.0312800823252754,0.47592377386458845,5.938430241764874
31,328,1.0,111821.02558688216,-0.03647758664333428,11.588177299661314,-11.624654886304647,-11.624654886304649,1.7763568394002505e-15,-0.05919289991560994,-5.489428486731809,3.49616906995758,6.135226399572838,0.031305002012608205,0.4760690584744773,5.937016284676455
31,329,1.0,118639.85874830188,-0.11982022636063835,11.56402755985962,-11.683847786220257,-11.683847786220257,0.0,-0.0624005336013731,-5.54766365984495,3.4971267967600497,6.136184126375308,0.0312875949073958,0.475794607616222,5.935657317929311
31,330,1.0,126278.91111115913,-0.21605917741320452,11.530189142408421,-11.74624831982163,-11.746248319821625,5.329070518200751e-15,0.03650486331724778,-5.609930901630654,3.4972600885757186,6.136317418190978,0.03142913343674832,0.4753915431888521,5.932247530404745
31,331,1.0,121752.24211501947,-0.18044673812384493,11.529296718380536,-11.709743456504382,-11.70974345650438,1.7763568394002505e-15,0.045254186511723304,-5.573070750889533,3.49761537599959,6.136672705614848,0.03140451250602837,0.47522822002477627,5.93140246703288
31,332,1.0,116365.25463178832,-0.11545992700272276,11.549029342989938,-11.664489269992659,-11.66448926999266,1.7763568394002505e-15,0.022761593065517616,-5.527584194584732,3.4978477457926673,6.136905075407926,0.03142844372595232,0.4751920261287655,5.9317959680877
31,333,1.0,113746.51249142483,-0.1060936081244454,11.535634068802695,-11.641727676927141,-11.64172767692714,1.7763568394002505e-15,-0.138965874765681,-5.506358993593885,3.4963113537179984,6.135368683333257,0.03148720377143763,0.47491300438848816,5.928118637247759
31,334,1.0,130704.3984009297,-0.2961133106512317,11.484580241041591,-11.780693551692822,-11.780693551692822,0.0,-0.061742294733253544,-5.645977690473839,3.495658531603723,6.134715861218981,0.031580666309342226,0.4745329679075156,5.923937909267124
31,335,1.0,139028.72513723868,-0.3967937606173507,11.445642085808725,-11.842435846426076,-11.842435846426076,0.0,-0.027305739249202432,-5.706242080619153,3.497136436191663,6.136193765806922,0.03162373997225713,0.4741938385827292,5.922258365202343
31,336,1.0,142877.31239031814,-0.43017302172798655,11.439568563947292,-11.869741585675278,-11.869741585675278,0.0,-0.08805610555297783,-5.7331397175667025,3.497544538493316,6.136601868108573,0.03174815274466291,0.4740000715616687,5.9213714538242925
31,337,1.0,156029.0818898873,-0.5584063672519635,11.39939132397629,-11.957797691228256,-11.957797691228254,1.7763568394002505e-15,0.11434630563892689,-5.812143071118406,3.506597290494588,6.1456546201098465,0.031847441850929775,0.47367037579792454,5.927022968873601
31,338,1.0,139169.98596824543,-0.40034686487073456,11.443104520718595,-11.84345138558933,-11.84345138558933,0.0,0.05893599860113419,-5.706759385771436,3.497634670202634,6.1366919998178915,0.03176293773084658,0.4737530873704073,5.91976790320885
31,339,1.0,131204.8848632192,-0.3339516185084183,11.450563768479778,-11.784515386988195,-11.784515386988197,1.7763568394002505e-15,0.0006473069073287263,-5.652950907974792,3.4925071493981434,6.131564479013404,0.03182653168565797,0.47360021654006673,5.91361044174581
31,340,1.0,131119.98251687415,-0.3461999997703588,11.437668080310509,-11.783868080080866,-11.783868080080868,1.7763568394002505e-15,0.10679786446180906,-5.654327702371921,3.490483048093687,6.129540377708947,0.03180903169625355,0.473336766104881,5.909691116515454
31,341,1.0,117838.48747233015,-0.21007177501392624,11.46699844060513,-11.677070215619057,-11.677070215619056,1.7763568394002505e-15,-0.028510137795704438,-5.546509338351209,3.4915035476525893,6.130560877267848,0.03179741097226536,0.4733616718055343,5.9112718650812806
31,342,1.0,121246.42858717166,-0.24384483363511325,11.461735519779648,-11.705580353414762,-11.705580353414762,0.0,0.03817028033506631,-5.573418688853932,3.493104334945573,6.132161664560831,0.03181506657174121,0.4732306023012746,5.911761717385588
31,343,1.0,116705.63147162083,-0.20951777098209945,11.457892302097596,-11.667410073079695,-11.667410073079695,0.0,0.0052917606611959656,-5.541478768409051,3.486873975055385,6.125931304670645,0.031778855912846474,0.4730865918559752,5.904802325804474
31,344,1.0,116089.68436175142,-0.21488429655192806,11.44723401586657,-11.6621183124185,-11.662118312418498,1.7763568394002505e-15,0.023299500543577878,-5.535789072850276,3.487271909952965,6.126329239568223,0.031832541182872674,0.4728009769031741,5.9030029719372825
31,345,1.0,113416.12000297608,-0.17630280500478102,11.46251600687014,-11.638818811874922,-11.638818811874922,0.0,0.03391358296151559,-5.516304643101683,3.4834568391579808,6.1225141687732405,0.031906803428246214,0.47275837189516595,5.89928230767095
31,346,1.0,109634.2636204458,-0.15385521919793896,11.451050009715468,-11.604905228913406,-11.604905228913406,0.0,-0.17451816334392056,-5.483747256423555,3.4821006428745913,6.12115797248985,0.03202802765290789,0.4724467225016807,5.895285325950641
31,347,1.0,130538.4883644445,-0.4013605849622761,11.378062807295048,-11.779423392257327,-11.779423392257325,1.7763568394002505e-15,0.14433905107865286,-5.652903841468673,3.4874622211733937,6.126519550788652,0.03209501035943866,0.4719877197825488,5.895954368160754
31,348,1.0,112993.36070876688,-0.21924500694672983,11.415839334231944,-11.635084341178674,-11.635084341178674,0.0,-0.11689478167998146,-5.5137582561368745,3.4822687554265412,6.121326085041799,0.03212979109394033,0.47192532077098703,5.891274060965598
31,349,1.0,127004.66827787308,-0.39979273280237226,11.352186390056282,-11.751979122858655,-11.751979122858653,1.7763568394002505e-15,0.08779684740140681,-5.621364572601613,3.491557220641783,6.130614550257042,0.03200927730412524,0.47148302192280717,5.895859198918309
31,350,1.0,116329.53661740285,-0.27845569221512484,11.385726583242125,-11.664182275457248,-11.66418227545725,1.7763568394002505e-15,0.2070915971594225,-5.529201037862848,3.495923907979143,6.134981237594402,0.032070974640745854,0.47146644406584926,5.900567022545616
31,351,1.0,94569.5364462576,0.014668059052420815,11.47175873735025,-11.457090678297826,-11.45709067829783,3.552713678800501e-15,-0.09149649973969964,-5.318064406226557,3.499968942456011,6.139026272071269,0.032247061621911696,0.4718693891409355,5.9078337051221395
31,352,1.0,103630.52186740935,-0.11727493147439383,11.431312246563133,-11.548587178037526,-11.548587178037527,1.7763568394002505e-15,-0.24871498637737766,-5.414994474808422,3.494535373613844,6.133592703229104,0.03225180969710589,0.4713991897957063,5.899209130204274
31,353,1.0,132893.34449658904,-0.4715428772862251,11.325759287128674,-11.797302164414903,-11.7973021644149,3.552713678800501e-15,0.008355792559944675,-5.6586329319063,3.499611902893342,6.1386692325086,0.032401155143115694,0.4707599949391827,5.897715581927123
31,354,1.0,131787.54164087054,-0.4884215161443995,11.300524855710561,-11.788946371854959,-11.78894637185496,1.7763568394002505e-15,0.14464118750809618,-5.651946194236566,3.4979428480031323,6.137000177618391,0.032495796288454316,0.47041772245127955,5.893037140439252
31,355,1.0,114040.07313618532,-0.2674654054606559,11.376839778886207,-11.644305184346862,-11.644305184346864,1.7763568394002505e-15,-0.04220988926847902,-5.513115628341545,3.492132226390058,6.131189556005317,0.03222948069906476,0.4707888287665165,5.891858149078861
31,356,1.0,118956.72775058195,-0.33604959316195515,11.350465480453385,-11.686515073615341,-11.68651507361534,1.7763568394002505e-15,0.08092440909748788,-5.5486327819952725,3.4988249620048104,6.137882291620069,0.032346405221330386,0.47051042254837433,5.895698150540363
31,357,1.0,109709.4366083766,-0.21782194638863284,11.387768718129221,-11.605590664517853,-11.605590664517853,0.0,0.2240870993130457,-5.472382339241725,3.4941509956608696,6.1332083252761285,0.03249059983863122,0.47061135188195674,5.892329207868356
31,358,1.0,87684.77544789505,0.08832481999917571,11.469828385203982,-11.381503565204808,-11.381503565204806,1.7763568394002505e-15,0.07654565108275868,-5.253723524822155,3.488722710767393,6.127780040382652,0.03260538461589343,0.47099413911048243,5.8902391965803895
31,359,1.0,81223.33925689937,0.19433996264421652,11.499297876766265,-11.304957914122049,-11.304957914122049,0.0,-0.04726044972323962,-5.162262821687553,3.503637762819238,6.142695092434498,0.032643212399311554,0.47121185932605403,5.905095808366296
31,360,1.0,85154.1450116759,0.12372316976337225,11.47594153360866,-11.352218363845289,-11.352218363845289,0.0,0.10622090380381977,-5.210519380618822,3.502641653611206,6.141698983226466,0.032651364844840755,0.4709138392357039,5.9021093506177
31,361,1.0,76572.81981371014,0.25102786475624245,11.497025324797711,-11.245997460041469,-11.245997460041469,0.0,-0.025631424235852407,-5.110959436985729,3.495980693440482,6.135038023055741,0.03287956246198008,0.47086659377302387,5.895223893248763
31,362,1.0,78560.85954922168,0.21219210067383787,11.483820984951159,-11.271628884277321,-11.271628884277321,0.0,-0.020535607417830448,-5.138524456049629,3.494047098612434,6.133104428227692,0.03272241949055318,0.4706416949352082,5.8918221038929195
31,363,1.0,80190.83349069762,0.18030800086775642,11.472472492562906,-11.292164491695152,-11.29216449169515,1.7763568394002505e-15,-0.002216745024851363,-5.156853887120712,3.496253274959181,6.135310604574441,0.03268833597500361,0.4704117553878858,5.8921340680728145
31,364,1.0,80368.79329475807,0.1795769163060558,11.473958153026059,-11.294381236720003,-11.294381236720003,0.0,-0.0038390856784111804,-5.158928610688811,3.4963952964159333,6.135452626031191,0.03307220927869566,0.47019970416143436,5.890135960470134
31,365,1.0,80677.928997627,0.1614862049644637,11.459706527362881,-11.298220322398414,-11.298220322398418,3.552713678800501e-15,0.02588604782343218,-5.165292069552528,3.4938709232306273,6.132928252845886,0.03330266061501142,0.469853277282093,5.885228176539086
31,366,1.0,78616.29516689834,0.18944806760406957,11.461782342179053,-11.272334274574982,-11.272334274574982,0.0,0.011539930438283719,-5.132678551779377,3.5005983931803466,6.139655722795605,0.03364424552129011,0.4696415591699042,5.889330283995743
31,367,1.0,77714.28317721996,0.18210174106194602,11.442896085198642,-11.260794344136698,-11.260794344136697,1.7763568394002505e-15,-0.1320775067360085,-5.139937707513734,3.4817993070077056,6.120856636622963,0.03356042645180211,0.46918761246788604,5.8690557814817685
31,368,1.0,88687.2886553061,-0.005467346951960883,11.387404503920747,-11.392871850872707,-11.392871850872709,1.7763568394002505e-15,0.08347386450865102,-5.27782439467701,3.4759901265804385,6.115047456195698,0.03322563633782107,0.4686245557722843,5.8599689130790935
31,369,1.0,81584.77856546591,0.10023331954556593,11.409631305909622,-11.309397986364056,-11.309397986364056,0.0,-1.466729669097333e-05,-5.188465698289183,3.4818749584596125,6.12093228807487,0.0333149877133865,0.4686103681686184,5.865039070740418
31,370,1.0,81585.97520239433,0.09237135674515923,11.401784010405912,-11.309412653660747,-11.309412653660752,5.329070518200751e-15,-0.06538782865159654,-5.19203630423101,3.478319019814478,6.117376349429738,0.033592445055989205,0.4683566975375132,5.8596496430497655
31,371,1.0,87098.98263193113,-0.0026618550251377993,11.372138627287207,-11.374800482312343,-11.374800482312345,1.7763568394002505e-15,-0.07720117742254473,-5.262119077332506,3.47362407536458,6.112681404979839,0.033523900978253696,0.46798416079145044,5.8525995504606
31,372,1.0,94089.49283124623,-0.11786508242653078,11.334136577308358,-11.452001659734888,-11.45200165973489,1.7763568394002505e-15,0.02579816087617992,-5.345775475581164,3.467168854538464,6.106226184153722,0.03343389193798919,0.46754798314610135,5.8433516656409035
31,373,1.0,91693.19983646888,-0.08785360339450912,11.3383498954642,-11.426203498858708,-11.426203498858708,0.0,0.020006824574565485,-5.31934019091217,3.4678059783312802,6.106863307946539,0.033410087804849053,0.4674548388874005,5.843391893985324
31,374,1.0,89876.93945698987,-0.06819548396224902,11.338001190321892,-11.406196674284143,-11.406196674284141,1.7763568394002505e-15,-0.12602519941301793,-5.298035214718605,3.469104129950278,6.108161459565537,0.0335325564982235,0.4672601335840745,5.843155923253911
31,375,1.0,101948.37877285102,-0.2540399671897896,11.278181906507367,-11.53222187369716,-11.532221873697157,3.552713678800501e-15,0.0020173131796354937,-5.426434684243949,3.4667298598379532,6.105787189453212,0.033507631399877495,0.4668340435919553,5.837334571119292
31,376,1.0,101742.92426742657,-0.2467527825779308,11.283451777939598,-11.530204560517525,-11.530204560517529,3.552713678800501e-15,-0.09058984861780672,-5.4306727658384535,3.4604744650638137,6.099531794679072,0.033468521784097906,0.46674060752061647,5.831058705433797
31,377,1.0,111390.17524959004,-0.3761205190781236,11.24467389005721,-11.620794409135332,-11.620794409135334,1.7763568394002505e-15,-0.042481270488638145,-5.519559341313523,3.46217773820655,6.1012350678218095,0.033662220502992314,0.46635109892823234,5.829287012363919
31,378,1.0,116224.12053632844,-0.45657732342440904,11.206698356199558,-11.66327567962397,-11.663275679623966,3.552713678800501e-15,-0.04156416037626087,-5.562260197689421,3.4619581523192884,6.101015481934547,0.03349120983139149,0.46603581305197445,5.8263038049849225
31,379,1.0,121156.67721548754,-0.5358777920541078,11.168962047946126,-11.704839840000231,-11.704839840000233,1.7763568394002505e-15,0.07553247623708081,-5.6016995745399925,3.4640829358449805,6.103140265460239,0.03361780613946713,0.4656849512986744,5.8246509141600695
31,380,1.0,112342.48248043183,-0.4440058120506413,11.18530155171251,-11.62930736376315,-11.62930736376315,0.0,-0.05138010235720181,-5.531476629504295,3.4587734046435954,6.097830734258854,0.033636874240351305,0.4655932687376233,5.819084151497745
31,381,1.0,118265.51065951481,-0.5271670838578126,11.153520382262538,-11.680687466120352,-11.68068746612035,1.7763568394002505e-15,0.05708403577708232,-5.580808270861193,3.4608218656438967,6.099879195259156,0.03364733328760279,0.4652879407879367,5.818145137150574
31,382,1.0,111703.51249366908,-0.43258032373906974,11.191023106604202,-11.62360343034327,-11.623603430343271,1.7763568394002505e-15,-0.08870106079695539,-5.523952699335648,3.460593401392362,6.099650731007621,0.033458686144128044,0.46534011853142315,5.819258653330936
31,383,1.0,122064.45344543616,-0.5782428678703645,11.134061623269861,-11.712304491140225,-11.712304491140227,1.7763568394002505e-15,-0.0671379249713393,-5.614909595367834,3.45833756615713,6.097394895772389,0.03380888194647235,0.4648293029425126,5.812000812139525
31,384,1.0,130540.97173324102,-0.6859901887474504,11.093452227364113,-11.779442416111564,-11.779442416111563,1.7763568394002505e-15,0.2109873231216426,-5.679055766468698,3.4613293200276076,6.100386649642865,0.03407682826544466,0.46448082941409835,5.811065475762904
31,385,1.0,105710.0336398041,-0.37596912585567543,11.192485967134246,-11.568455092989922,-11.568455092989922,0.0,0.055853204619136676,-5.474594844853761,3.4548029185209024,6.09386024813616,0.03390026175647459,0.46474525948709855,5.809307408298116
31,386,1.0,99967.64757458192,-0.29461263548177474,11.217989252889012,-11.512601888370785,-11.512601888370787,1.7763568394002505e-15,0.017036297918862076,-5.420750420018115,3.4527941387374113,6.091851468352671,0.0339438516869002,0.46473031833815465,5.807648570551803
31,387,1.0,98278.99399306465,-0.279624706588414,11.21594088386351,-11.495565590451923,-11.495565590451925,1.7763568394002505e-15,0.06881997231252335,-5.402505114104051,3.454003146732613,6.093060476347873,0.034029046831564845,0.46453111624937804,5.807201930389908
31,388,1.0,91742.92196445283,-0.1790463216750387,11.247699296464361,-11.4267456181394,-11.4267456181394,0.0,-0.1191298000264176,-5.33614114309209,3.451547145432051,6.09060447504731,0.034112667959919706,0.46443366924074736,5.804619940349894
31,389,1.0,103349.88146339549,-0.36257197289862614,11.183303445267189,-11.545875418165817,-11.545875418165815,1.7763568394002505e-15,-0.08431252779634413,-5.455986586585688,3.4508315019648705,6.08988883158013,0.03415932972738884,0.46394172135326534,5.799435755614818
31,390,1.0,112441.45284006992,-0.4694172317690778,11.160770714193085,-11.630187945962161,-11.630187945962163,1.7763568394002505e-15,-0.12343595785081085,-5.536552680116908,3.454577936229993,6.093635265845252,0.03420927464310357,0.4637515092884628,5.801510866837219
31,391,1.0,127213.73502473522,-0.6720575028071294,11.081566401005844,-11.753623903812972,-11.753623903812974,1.7763568394002505e-15,-0.052464339905078816,-5.6515882805038755,3.462978293693837,6.102035623309095,0.034174611908261925,0.4631738520377684,5.8038542560983135
31,392,1.0,134066.10037904035,-0.7525920129383896,11.053496230779665,-11.806088243718051,-11.806088243718055,3.552713678800501e-15,-0.2177703906206876,-5.704387132052219,3.462643782050574,6.101701111665832,0.034441627102397954,0.4630252373328587,5.801154149333092
31,393,1.0,166684.59189762585,-1.1043118338563467,10.919546800482392,-12.023858634338739,-12.023858634338739,0.0,0.2158828854102417,-5.90671513942804,3.4780861652954385,6.117143494910699,0.035362619515284105,0.4624312531844995,5.80595451960569
31,394,1.0,134319.38980941064,-0.755991841971725,11.051983906956773,-11.807975748928497,-11.807975748928497,0.0,0.11149449942389289,-5.701567807835659,3.4673506114775803,6.106407941092838,0.034749441687026775,0.4627140190195191,5.80276920974639
31,395,1.0,120148.19876555145,-0.5937828467573251,11.102698402747277,-11.696481249504604,-11.696481249504602,1.7763568394002505e-15,-0.16385724325730244,-5.593137605515859,3.464286314373486,6.103343643988746,0.03446848849728515,0.46277435475124096,5.801697380308529
31,396,1.0,141540.12046929303,-0.8535675341581153,11.00677095860379,-11.860338492761906,-11.860338492761905,1.7763568394002505e-15,0.018223596067343806,-5.755414288488204,3.465866874658443,6.1049242042737015,0.03488122961255069,0.46216171481151935,5.796221013171389
31,397,1.0,138984.11106505353,-0.8204528923529208,11.021662004341643,-11.842114896694563,-11.842114896694564,1.7763568394002505e-15,0.036745358151376806,-5.740590142022309,3.462467425056997,6.101524754672256,0.03476861265962795,0.46206788965114565,5.792653661274351
31,398,1.0,133969.78099568945,-0.7736259573886637,11.031743581154522,-11.805369538543186,-11.805369538543186,0.0,-0.03958594940927718,-5.70431273296752,3.461999475960407,6.101056805575666,0.03483802907711976,0.4618791429633958,5.790804248523733
31,399,1.0,139379.46937576844,-0.8336194907363903,11.01133599721607,-11.844955487952463,-11.844955487952461,1.7763568394002505e-15,-0.017354123264805565,-5.747493867475564,3.4584042908616413,6.0974616204769,0.0349520498561615,0.46162302016381884,5.785052572597254
31,400,1.0,141819.38795715378,-0.8649831075042629,10.997326503713008,-11.862309611217269,-11.86230961121727,1.7763568394002505e-15,0.006076514828388113,-5.76651429716284,3.4567379844391684,6.095795314054428,0.035235554131560376,0.4612871996764735,5.781059966920529
31,401,1.0,140960.23331984566,-0.8641124249464354,10.992120671442445,-11.85623309638888,-11.85623309638888,0.0,0.09714116853512778,-5.7649092670435635,3.452266499730058,6.091323829345316,0.03518923358369393,0.46117871900358043,5.776039569057271
31,402,1.0,127911.24805725561,-0.7194001546675426,11.039691773186211,-11.759091927853753,-11.759091927853754,1.7763568394002505e-15,-0.005443668992985096,-5.667220046022176,3.452814552216318,6.091871881831577,0.03510969110547729,0.46115987146554693,5.778117308152696
31,403,1.0,128609.45322688569,-0.7325217177300974,11.03201387911664,-11.764535596846738,-11.764535596846738,0.0,0.07948219119974986,-5.669910365147591,3.4555679020838883,6.094625231699146,0.03498243771277392,0.46106403482319913,5.779644521202614
31,404,1.0,118782.97952405142,-0.619927767097626,11.065125638549361,-11.685053405646988,-11.685053405646986,1.7763568394002505e-15,0.16881132122208875,-5.5933743182823585,3.452621757749371,6.091679087364629,0.03490991139875879,0.46096787620095864,5.777062625810138
31,405,1.0,100332.21255224684,-0.3692764534339318,11.146965630990968,-11.5162420844249,-11.5162420844249,0.0,0.030650738195944882,-5.426076307833727,3.451108446975915,6.090165776591173,0.03498928162541066,0.46113964469839946,5.77813184624337
31,406,1.0,97303.60776162159,-0.3151223351774528,11.170469011051502,-11.485591346228954,-11.485591346228954,0.0,0.1313788692629192,-5.3945363390119985,3.451997677601697,6.091055007216956,0.03501715872970586,0.46117709969088777,5.779333260927908
31,407,1.0,85324.12142930624,-0.11008966724715817,11.244122809718878,-11.354212476966035,-11.354212476966035,0.0,0.020494827840913388,-5.268578765797201,3.4465763815535766,6.085633711168835,0.03507417316733983,0.4615517730327485,5.777094414665946
31,408,1.0,83593.21613963341,-0.09035548583804302,11.243362163287077,-11.333717649125122,-11.33371764912512,1.7763568394002505e-15,0.07184708243162596,-5.249572613016449,3.445087706493415,6.084145036108673,0.03517345502666892,0.46144947633030875,5.774859752335304
31,409,1.0,77797.96606438875,-0.007604840880034158,11.25426572581346,-11.261870566693496,-11.261870566693494,1.7763568394002505e-15,-0.009589018897290913,-5.1765369830026415,3.446276254075596,6.085333583690853,0.035429573032030925,0.46126296021201907,5.774557201049772
31,410,1.0,78547.56042468084,-0.023205190345881352,11.248254395244905,-11.271459585590787,-11.271459585590787,0.0,-0.02783844451559858,-5.183546355833187,3.4488559001423416,6.087913229757601,0.03546839594157877,0.46101395498187664,5.775209469253647
31,411,1.0,80764.92309225402,-0.0656043161340316,11.233693713972354,-11.299298030106385,-11.299298030106385,0.0,-0.09034884198869264,-5.215762594615719,3.444478105875407,6.083535435490666,0.03540832814583499,0.4607404507769739,5.768956849076558
31,412,1.0,88401.73473171053,-0.19023578954747325,11.199411082547604,-11.389646872095078,-11.389646872095078,0.0,0.06430519989039851,-5.304310691369007,3.446278851110811,6.085336180726071,0.03535153572944141,0.46031560729702103,5.767358513632854
31,413,1.0,82895.96544481865,-0.10406603080493554,11.22127564139974,-11.32534167220468,-11.325341672204676,3.552713678800501e-15,0.0949348548509441,-5.240990734196211,3.445293608393208,6.084350938008467,0.03565984146338661,0.4602142002169404,5.765604228032427
31,414,1.0,75388.25837149424,0.020773839482458187,11.251180656836192,-11.230406817353735,-11.230406817353733,1.7763568394002505e-15,-0.006175045011337588,-5.147183914366006,3.44416557337247,6.083222902987728,0.03577635219056728,0.46021899484101014,5.76424805657889
31,415,1.0,75855.22454500469,-0.0052620995021709915,11.231319762862901,-11.236581862365073,-11.236581862365071,1.7763568394002505e-15,-0.021836345399878,-5.156577323757517,3.4409472089922972,6.080004538607556,0.0358103330944104,0.4598942345020252,5.758982654157774
31,416,1.0,77529.8426570521,-0.0581925134382045,11.200225694326745,-11.25841820776495,-11.258418207764949,1.7763568394002505e-15,-0.06547794833334919,-5.1883216653528015,3.4310392127968905,6.070096542412149,0.03566467953285243,0.4594654173533647,5.747198206947466
31,417,1.0,82776.22455615592,-0.1847589633044995,11.139137192793799,-11.3238961560983,-11.323896156098298,1.7763568394002505e-15,-0.14664823673164662,-5.255704481721469,3.4291343447615716,6.068191674376831,0.03562143175199899,0.4589628105006247,5.741714140022755
31,418,1.0,95850.44516257133,-0.4178001674834007,11.052744225346547,-11.470544392829947,-11.470544392829948,1.7763568394002505e-15,0.032961240892412036,-5.3958553822104,3.4356316810042875,6.0746890106195455,0.03536622351010563,0.45836331900276467,5.742262455753347
31,419,1.0,92742.59619916465,-0.36608095911996447,11.07150219281757,-11.437583151937535,-11.437583151937535,0.0,-0.1503710904725093,-5.365622073376145,3.4329037489461305,6.071961078561391,0.03541180131872502,0.4583487439250281,5.739910927652332
31,420,1.0,107791.5170077236,-0.5888288343282545,10.99912540808179,-11.587954242410044,-11.587954242410044,0.0,0.05722126743845557,-5.5083028750839045,3.44059403771088,6.0796513673261385,0.03511869263683613,0.4581060924901537,5.743776017441159
31,421,1.0,101796.7009061334,-0.5075535061557399,11.023179468815849,-11.530732974971588,-11.530732974971588,0.0,-0.029822638950431468,-5.451295581242237,3.440380064114092,6.079437393729352,0.03513882623433864,0.4581173187521287,5.744494726048401
31,422,1.0,104878.26902069242,-0.5435441940400626,11.017011419881957,-11.56055561392202,-11.56055561392202,0.0,-0.00920696495530926,-5.479978591092275,3.441519693214486,6.080577022829745,0.03510564413112629,0.45805092454010815,5.744325495147824
31,423,1.0,105848.33841301204,-0.5704270075655509,10.999335571311777,-11.569762578877329,-11.569762578877327,1.7763568394002505e-15,0.09651858338988184,-5.48145359082193,3.449251658440138,6.088308988055397,0.035027366444071006,0.45787379402040534,5.749562277697457
31,424,1.0,96109.55286561506,-0.4231652262728259,11.05007876921462,-11.473243995487447,-11.473243995487445,1.7763568394002505e-15,0.14777442646625083,-5.3917816243890355,3.442405041483153,6.081462371098412,0.03526538877512375,0.45784214270393336,5.744134367231082
31,425,1.0,82906.56825291943,-0.2058010217058103,11.119668547315385,-11.325469569021196,-11.325469569021195,1.7763568394002505e-15,-0.14642227385441586,-5.240421086903539,3.445991152502398,6.0850484821176565,0.03556145452247073,0.4580245163621695,5.74938003328741
31,426,1.0,95979.68590244868,-0.42218971411835515,11.049702128757255,-11.471891842875612,-11.47189184287561,1.7763568394002505e-15,-0.045160856949705064,-5.38666740260903,3.4461671106513214,6.085224440266581,0.03525740460094409,0.45760201578559356,5.745595880965639
31,427,1.0,100413.57636182301,-0.5045867280242876,11.01246597180103,-11.517052699825317,-11.517052699825317,0.0,0.16603559299239912,-5.439111805593835,3.438883564616223,6.077940894231483,0.035470746018004484,0.45710389367679344,5.7341833329841325
31,428,1.0,85051.91441275357,-0.24241266342990625,11.108604443403012,-11.351017106832918,-11.351017106832918,0.0,-0.01175491738673351,-5.271146644768741,3.4408131324489197,6.079870462064179,0.03564318859630093,0.45739718713624133,5.739037405983868
31,429,1.0,86057.59188788918,-0.2735391305915678,11.089232893628083,-11.362772024219652,-11.36277202421965,1.7763568394002505e-15,-0.08246611845868124,-5.282030373464846,3.441684321139547,6.080741650754804,0.03573165304028474,0.45707703086236906,5.736935059512026
31,430,1.0,93455.26416757102,-0.39797538341315286,11.04726275926518,-11.445238142678333,-11.445238142678333,0.0,0.04155419794743764,-5.378349337552042,3.4278314755110317,6.06688880512629,0.0358823688936727,0.45648591696637086,5.719600157522413
31,431,1.0,89651.386510513,-0.3449705064405105,11.058713438290384,-11.403683944730895,-11.403683944730895,0.0,-0.09088092226075162,-5.337990406110007,3.4266362090056313,6.065693538620891,0.036053186917587556,0.4563507741505465,5.717557554120272
31,432,1.0,98180.69309233584,-0.49726736722772347,10.997297499763924,-11.494564866991647,-11.494564866991647,0.0,0.02820637673738169,-5.421487557521648,3.4340199798547415,6.07307730947,0.03604836837819423,0.45593191885239015,5.7200099140241685
31,433,1.0,95450.06310205132,-0.4449836003100426,11.021374889944223,-11.466358490254265,-11.466358490254265,0.0,-0.10431069533461645,-5.401297099343802,3.4260040612952047,6.065061390910463,0.03600456660075964,0.4558713190461702,5.71305068030349
31,434,1.0,105944.34474043852,-0.620391268408897,10.950277917179985,-11.570669185588882,-11.570669185588882,0.0,-0.09576538288423286,-5.496904257519355,3.4347075984542683,6.073764928069528,0.03580375803345918,0.45550706246219597,5.71692570724241
31,435,1.0,116591.84010153286,-0.7598967859222643,10.906537782550847,-11.666434568473115,-11.666434568473111,3.552713678800501e-15,0.08725825784403263,-5.593085438344562,3.434291800513293,6.073349130128553,0.036121619333246854,0.45522705695496896,5.713000941189775
31,436,1.0,106849.47108117824,-0.6459905659798286,10.933185744649252,-11.579176310629082,-11.57917631062908,1.7763568394002505e-15,0.06496146079195952,-5.5048538830094556,3.435265098004368,6.0743224276196255,0.03615397048840923,0.45513102059696753,5.713717208992309
31,437,1.0,100129.02164809474,-0.5408875189133229,10.973327330923802,-11.514214849837122,-11.514214849837124,1.7763568394002505e-15,0.14389647948126338,-5.445276272012886,3.429881248208979,6.068938577824238,0.03606329361668405,0.4551486598351865,5.709486610741979
31,438,1.0,86709.46881483625,-0.3165907349828957,11.053727635372965,-11.370318370355859,-11.37031837035586,1.7763568394002505e-15,-0.015505320368768949,-5.303547572898237,3.4277134678423633,6.066770797457623,0.036336422812963044,0.45526464127783894,5.709378856798268
31,439,1.0,88064.40411532175,-0.3371709573480095,11.04865273337662,-11.385823690724628,-11.38582369072463,1.7763568394002505e-15,-0.14351980743665926,-5.317292240694195,3.429474120415174,6.0685314500304335,0.03626989574785253,0.4550043204139434,5.70867293624445
31,440,1.0,101655.35497204878,-0.5704433102906472,10.958900187870642,-11.529343498161287,-11.529343498161289,1.7763568394002505e-15,-0.0880058709307896,-5.463768952391603,3.426517216154427,6.065574545769686,0.03621872406686612,0.4543563133086813,5.70004690895134
31,441,1.0,111007.09188307778,-0.7186411158041375,10.898708253287941,-11.617349369092077,-11.617349369092079,1.7763568394002505e-15,-0.025235706487148235,-5.555412867445213,3.422879172031604,6.061936501646863,0.03642816899440873,0.45382993671907046,5.6913675462453694
31,442,1.0,113844.08041924202,-0.743651271011742,10.898933804567484,-11.642585075579225,-11.642585075579227,1.7763568394002505e-15,0.05277356717406079,-5.583296322648814,3.420231423315154,6.059288752930413,0.036539279257100134,0.4536216874842113,5.6872403278271735
31,443,1.0,107991.90055199503,-0.6400985425354874,10.949712965869676,-11.589811508405164,-11.589811508405162,1.7763568394002505e-15,-0.07284988460551034,-5.532847193723553,3.4179069850663533,6.056964314681613,0.03628582509719751,0.453705075969456,5.687279756600054
31,444,1.0,116152.74753892377,-0.7362506623261026,10.92641073068457,-11.662661393010675,-11.662661393010673,1.7763568394002505e-15,0.060033559648930535,-5.603066867498744,3.420537195896671,6.059594525511929,0.03632565288393797,0.45348745756618786,5.687362007165652
31,445,1.0,109384.86713118634,-0.6533840851311283,10.949243748230618,-11.602627833361744,-11.602627833361746,1.7763568394002505e-15,-0.05319384147171746,-5.552589083469142,3.4109814202773423,6.050038749892601,0.03655313241458843,0.4531858405610052,5.676532868931321
31,446,1.0,115361.0062106103,-0.745334483279934,10.910487191553523,-11.655821674833462,-11.655821674833458,3.552713678800501e-15,-0.03409195545955512,-5.603489103176516,3.413275242041686,6.052332571656946,0.03648779913714381,0.45288228701422806,5.675162976514229
31,447,1.0,119361.69669720321,-0.7957954679285941,10.894118162364423,-11.689913630293017,-11.689913630293017,0.0,-0.03204104781262984,-5.635193665610096,3.4156626350676613,6.0547199646829215,0.03657609520445807,0.4526892273457351,5.675532968736829
31,448,1.0,123248.10026387854,-0.8330462416541258,10.888908436451521,-11.721954678105647,-11.721954678105647,0.0,-0.0892730740629375,-5.664022259041166,3.418875089449221,6.05793241906448,0.03643928040801844,0.452661909470204,5.678068891852965
31,449,1.0,134756.9079198519,-0.9658925363274258,10.845335215841157,-11.811227752168584,-11.811227752168582,1.7763568394002505e-15,0.04165214664243244,-5.747212958899922,3.4249574636534033,6.064014793268661,0.036611998156341446,0.4522493431425175,5.679684852125539
31,450,1.0,129259.28218363263,-0.9096938390919991,10.85988176643415,-11.769575605526152,-11.769575605526148,3.552713678800501e-15,-0.024592266383999473,-5.709757889338081,3.4207603865728102,6.0598177161880695,0.0366721273128982,0.45202726281113614,5.674640753211994
31,451,1.0,132477.4699596792,-0.955242252222815,10.838925619687334,-11.794167871910151,-11.79416787191015,1.7763568394002505e-15,0.09185970679312483,-5.738250859949995,3.4168596823448985,6.055917011960157,0.03685721447814668,0.45180036323091893,5.668267007897592
31,452,1.0,120850.33584085197,-0.8084536856185538,10.893854479498472,-11.702308165117026,-11.702308165117026,0.0,-0.05246769722543121,-5.650509277998914,3.412741557502854,6.051798887118113,0.03673455747289102,0.4518493223505612,5.666161836412534
31,453,1.0,127360.36441113593,-0.9075440980812084,10.847231764261252,-11.754775862342457,-11.754775862342461,3.552713678800501e-15,-0.03247391322992499,-5.7040609848407495,3.4116575478864495,6.050714877501709,0.03694257995019262,0.45140495587176527,5.660797043455783
31,454,1.0,131564.14095160936,-0.973922780244469,10.813326995327914,-11.787249775572382,-11.787249775572384,1.7763568394002505e-15,-0.011129449929804025,-5.734048694000038,3.414143751957087,6.053201081572345,0.03704732528785747,0.4510362767784514,5.6591677272577865
31,455,1.0,133036.55585655238,-1.0251571237357717,10.773222101766414,-11.798379225502186,-11.798379225502186,0.0,0.058479398337889066,-5.745470815698544,3.413851080188384,6.052908409803643,0.037439706967054426,0.45060369930970506,5.654208689443202
31,456,1.0,125479.76972680431,-0.9382939201063446,10.801605907057954,-11.739899827164297,-11.7398998271643,1.7763568394002505e-15,-0.007242928147515926,-5.690611547849741,3.410230949699298,6.049288279314557,0.03728912599023684,0.4505387243563734,5.651409288049365
31,457,1.0,126391.90997848372,-0.9689420248619377,10.778200730449875,-11.747142755311813,-11.747142755311813,0.0,0.06712218312238427,-5.69872109978302,3.4093643259135353,6.048421655528793,0.03750754116541943,0.4501148721127768,5.646595372042728
31,458,1.0,118186.66640151934,-0.8708033905133151,10.809217181676116,-11.680020572189429,-11.68002057218943,1.7763568394002505e-15,-0.11158623300680581,-5.633247458026519,3.4077157845476536,6.046773114162913,0.03745931920492803,0.4499706311785277,5.645166129895045
31,459,1.0,132138.62041437865,-1.0456759322663087,10.745930872929925,-11.791606805196235,-11.791606805196235,0.0,-0.19348503465360878,-5.740389670315541,3.4121598052654365,6.0512171348806945,0.03768698148859225,0.44957107879812847,5.643547613133109
31,460,1.0,160346.4137688255,-1.3714348915937207,10.613656948256121,-11.985091839849844,-11.985091839849842,1.7763568394002505e-15,-0.0012677318088734069,-5.912963234250713,3.4330712759838717,6.072128605599131,0.03835679851811855,0.44912976489884904,5.652873348759293
31,461,1.0,160549.81892234873,-1.368058311518825,10.618301260139893,-11.986359571658717,-11.986359571658717,0.0,0.040249355535525666,-5.915229733911121,3.432072508132336,6.071129837747594,0.03844042284577391,0.4489531608485053,5.651062709912262
31,462,1.0,154216.11104261765,-1.298945838642727,10.647164377480465,-11.946110216123191,-11.946110216123191,0.0,0.02275464714475106,-5.884461788255356,3.4225910982525773,6.061648427867836,0.03826040814174639,0.4487835695758277,5.642772700609442
31,463,1.0,150746.6012874561,-1.2452296291338758,10.678125939844566,-11.92335556897844,-11.923355568978442,1.7763568394002505e-15,-0.047617504429958046,-5.8669857898725555,3.417312449490627,6.056369779105884,0.038073464771742935,0.4487708884617902,5.639128101329528
31,464,1.0,158098.42694615867,-1.3122760257533546,10.658697047655043,-11.970973073408398,-11.970973073408397,1.7763568394002505e-15,0.1850496158487278,-5.904328632648894,3.427587111144245,6.066644440759505,0.03791051031453427,0.4486047234128117,5.646409677100514
31,465,1.0,131389.76072901624,-1.0072218881573411,10.778701569402328,-11.78592345755967,-11.785923457559669,1.7763568394002505e-15,0.14122054775097048,-5.738038985949383,3.4088271419950273,6.047884471610287,0.03751722301879361,0.4486644438648277,5.6343329579539025
31,466,1.0,114085.43879788258,-0.7830286892439144,10.861674220564783,-11.6447029098087,-11.644702909808698,1.7763568394002505e-15,-0.11762504013170094,-5.603353883340968,3.402291696852473,6.041349026467732,0.037190085360306886,0.4488651793456665,5.632361327248549
31,467,1.0,128325.84213710256,-0.9861205655795859,10.776207384360815,-11.762327949940401,-11.762327949940401,0.0,0.21388511407865884,-5.714301354636094,3.40896926568905,6.048026595304309,0.03742927595310816,0.44842744148479524,5.632266619290293
31,468,1.0,103615.56469190701,-0.6495106794451122,10.898932156416626,-11.548442835861742,-11.548442835861739,3.552713678800501e-15,-0.09620491198216463,-5.512566717788104,3.396818788458379,6.035876118073638,0.037447789477935846,0.44854607511002975,5.625646935418885
31,469,1.0,114079.1457944931,-0.8094963770814809,10.835151370762425,-11.644647747843907,-11.644647747843905,1.7763568394002505e-15,0.07358688696086446,-5.606629115337965,3.398961302890683,6.038018632505943,0.03768756099955744,0.4480569979590939,5.621959310084513
31,470,1.0,105985.84865032687,-0.672320529308881,10.89874033157416,-11.571060860883042,-11.57106086088304,1.7763568394002505e-15,-0.10821945198537364,-5.540978958235085,3.3910245730326998,6.030081902647958,0.03758348437177341,0.4481413444780689,5.617304796459638
31,471,1.0,118099.20999430018,-0.8767001064600455,10.80258020640837,-11.679280312868416,-11.679280312868416,0.0,0.020191179412226035,-5.644144772950375,3.3960782103027825,6.03513553991804,0.037780247599578216,0.4475386411036033,5.61494493214758
31,472,1.0,115738.56000988238,-0.8432811127335156,10.815808020722677,-11.65908913345619,-11.659089133456193,3.552713678800501e-15,0.12651885012590824,-5.623176219440067,3.3968555844008637,6.035912914016122,0.037821367588330046,0.4473954113576995,5.614863934977878
31,473,1.0,101983.9047585349,-0.6402419076308765,10.892328375699407,-11.532570283330282,-11.532570283330283,1.7763568394002505e-15,-0.026250784010436234,-5.508522402065742,3.3849905516492798,6.024047881264538,0.038064062540746374,0.4472875013300402,5.604833716802136
31,474,1.0,104696.51045762755,-0.6868409375657517,10.871980129774967,-11.558821067340718,-11.558821067340718,0.0,-0.027233205658038884,-5.538390385483297,3.3813733522421616,6.02043068185742,0.038224232083322415,0.44699366695874465,5.599284956045708
31,475,1.0,107586.91085687703,-0.7277735099405239,10.858280763058232,-11.586054272998757,-11.586054272998757,0.0,-0.015786114140858842,-5.564443959084931,3.3825529842985667,6.021610313913826,0.038239033925494666,0.4466690034878761,5.597830407903501
31,476,1.0,109298.76633512806,-0.7527153396155064,10.84912504752411,-11.601840387139616,-11.601840387139616,0.0,0.008222503526697622,-5.578404458860283,3.384378598664072,6.023435928279332,0.03817130459862432,0.4464810440836101,5.5977350994225565
31,477,1.0,108403.74155834617,-0.7197762212472302,10.873841662365685,-11.593617883612918,-11.593617883612914,3.552713678800501e-15,0.08651147685585947,-5.57311545572072,3.3814450982769384,6.020502427892197,0.038268130468486226,0.44643122321972334,5.595554953719778
31,478,1.0,99419.78397135128,-0.5625789128719487,10.94452749388511,-11.507106406757059,-11.507106406757059,0.0,0.010965727800225977,-5.486563335955675,3.3814857411861245,6.0205430708013825,0.03838274969384749,0.4465624546680245,5.5974289816343274
31,479,1.0,98335.52936764808,-0.530318841529216,10.965821837427615,-11.496140678956833,-11.49614067895683,1.7763568394002505e-15,-0.010622342509668314,-5.4723082662880955,3.3847750830534786,6.023832412668738,0.03853118140901724,0.44654850851121314,5.600127008056661
31,480,1.0,99385.65054073959,-0.538574012210127,10.968189009256374,-11.5067630214665,-11.5067630214665,0.0,0.14639040063314468,-5.479832690089991,3.3878730017612506,6.02693033137651,0.038574717126121975,0.4463247955704703,5.60108524703135
31,481,1.0,85851.35253514323,-0.31799439333588697,11.042378227497473,-11.360372620833356,-11.36037262083336,3.552713678800501e-15,-0.0778802891189212,-5.337519380773959,3.383795910444138,6.022853240059395,0.03919577973047973,0.44642949636102214,5.597217764601654
31,482,1.0,92804.73210196376,-0.453722013723139,10.984530896229138,-11.438252909952277,-11.438252909952277,0.0,-0.2047545272711222,-5.4183835405356415,3.3808120398013766,6.019869369416634,0.03879474557094334,0.44595159600568685,5.5912154391788595
31,483,1.0,113892.1739479433,-0.8019102761026378,10.841097161120766,-11.6430074372234,-11.643007437223403,3.552713678800501e-15,-0.10427279743341877,-5.619188923068153,3.3847611845399888,6.023818514155247,0.03858196861339072,0.44515912266653845,5.587588866993607
31,484,1.0,126409.28744997593,-0.9694754247561003,10.777804809900719,-11.747280234656818,-11.747280234656818,0.0,0.15428552935512485,-5.7275300747705185,3.380692830271042,6.019750159886302,0.038870596242930745,0.44447931583591793,5.577087926342574
31,485,1.0,108336.2077427417,-0.723191477666151,10.869803227635543,-11.592994705301694,-11.592994705301695,1.7763568394002505e-15,-0.19090334780838702,-5.581790674149098,3.3721467015373383,6.011204031152596,0.03889665313805977,0.4445664699823746,5.571760824020101
31,486,1.0,131123.91263883922,-1.0115887676321376,10.772309285477942,-11.78389805311008,-11.783898053110079,1.7763568394002505e-15,0.1404108310576575,-5.763981460345304,3.38085926314952,6.019916592764779,0.03901231801455629,0.44400971432384356,5.572917098500388
31,487,1.0,113946.83079586276,-0.8012114243833117,10.842275797669114,-11.643487222052423,-11.643487222052425,1.7763568394002505e-15,0.04994142599162821,-5.630064054668575,3.3743658377685875,6.013423167383846,0.038891337658597425,0.4439595140991422,5.568358925469825
31,488,1.0,108395.92727963571,-0.7125989696675861,10.88094682639321,-11.593545796060795,-11.593545796060795,0.0,-0.06557237889482614,-5.586566666977667,3.3679217994678687,6.006979129083128,0.03906729344063774,0.4438037529038395,5.561791751451203
31,489,1.0,115741.92128001503,-0.8191044877729283,10.840013687182694,-11.659118174955621,-11.659118174955623,1.7763568394002505e-15,-0.09578506167696332,-5.644590568087073,3.37547027725329,6.014527606868549,0.03919678056715879,0.4434357386476412,5.565117791593791
31,490,1.0,127376.58788034762,-0.9971978377655317,10.757705398867053,-11.754903236632584,-11.754903236632584,0.0,0.15283212721713468,-5.734724051411633,3.3811218556056937,6.020179185220952,0.03939863767697154,0.44294658460840874,5.564559855159964
31,491,1.0,109323.98690460464,-0.7666201598109954,10.835450949604455,-11.60207110941545,-11.602071109415451,1.7763568394002505e-15,0.04379846084963823,-5.595058276218372,3.3679555035818214,6.007012833197082,0.03938862465005271,0.4429016893675131,5.553713781231774
31,492,1.0,104639.10866717392,-0.6857088837802976,10.872563764785514,-11.558272648565811,-11.558272648565811,0.0,0.2644696836490503,-5.553489622575563,3.36572569637499,6.004783025990249,0.03930375927919544,0.4428336197896475,5.551821883380328
31,493,1.0,80322.33172273838,-0.2650405813402767,11.028762383576485,-11.293802964916761,-11.293802964916761,0.0,-0.18882799345316137,-5.28566620518888,3.3690794301126226,6.008136759727882,0.04012224887903289,0.4435275967980891,5.559536276321131
31,494,1.0,97015.97730148878,-0.5504383193831006,10.932192638986823,-11.482630958369922,-11.482630958369924,1.7763568394002505e-15,-0.0027959259344605414,-5.482502996307025,3.36107063244764,6.000127962062898,0.03935400712467915,0.44287724101033726,5.547565128250544
31,495,1.0,97287.60633886993,-0.5749661087018906,10.910460775602491,-11.485426884304383,-11.485426884304381,1.7763568394002505e-15,0.18509022750864723,-5.4810165328970415,3.3653530217920826,6.0044103514073415,0.03935941586479475,0.4424592398442354,5.547730865885407
31,496,1.0,80848.8512744212,-0.29032602647090466,11.010010630324832,-11.300336656795736,-11.300336656795736,0.0,0.10462172979882922,-5.297297146301942,3.3639821808785357,6.003039510493794,0.040267027217171375,0.4425506450527581,5.5471464571258675
31,497,1.0,72817.74299855578,-0.12032889223987178,11.075386034757035,-11.195714926996907,-11.195714926996907,0.0,-0.18347072560249522,-5.185286031657931,3.3713715657237167,6.0104288953389755,0.04091019485671595,0.44271408480246033,5.553246261002089
31,498,1.0,87481.76517251348,-0.4267623641537877,10.952423288445615,-11.379185652599402,-11.379185652599404,1.7763568394002505e-15,-0.08844723752813621,-5.365941015613474,3.3741873073706685,6.013244636985928,0.03970382852242187,0.4418673095763756,5.550466256570149
31,499,1.0,95571.7821932961,-0.535377281465472,10.932255608662068,-11.467632890127538,-11.46763289012754,1.7763568394002505e-15,-0.07347726652851527,-5.459082971022015,3.3694925894902643,6.008549919105524,0.039418769454248624,0.4415016933924189,5.543452748999376
31,500,1.0,102858.5638094968,-0.6715419144133771,10.869568242242673,-11.541110156656053,-11.54111015665605,3.552713678800501e-15,,-5.537655171576683,3.3643976554641104,6.003454985079371,0.03947645059515186,0.4409141147239187,5.53386241386009
