seed,epoch,temperature,Z,E,S,F,F_check,err,delta_F,F_data,KL,NLL,data_mass,recon_sq,recon_ce
41,1,1.0,324839.5001164785,-0.23865379728055297,12.452432696253874,-12.691086493534428,-12.691086493534428,0.0,0.10785471600149954,-6.434768703343651,3.6172604605755185,6.256317790190777,0.027557539640250064,0.49967656507696917,6.2533614800383
41,2,1.0,291627.265412806,-0.1390762441686343,12.444155533364293,-12.583231777532928,-12.583231777532928,0.0,0.09964691320209873,-6.319485189810434,3.624689258107236,6.263746587722495,0.027377272415745512,0.4996164128647562,6.26018335288325
41,3,1.0,263968.44918690674,-0.04208196154837828,12.441502902782453,-12.48358486433083,-12.483584864330831,1.7763568394002505e-15,0.20937430689891734,-6.218505082858752,3.626022451856818,6.2650797814720764,0.027425828399078304,0.4995592529025913,6.2609512280205655
41,4,1.0,214102.5869547,0.16830573702593907,12.442516294457851,-12.274210557431912,-12.274210557431912,0.0,0.14879145346672829,-6.013971990212418,3.6211812376042367,6.260238567219496,0.02741067495386567,0.4995134163013024,6.255709162081049
41,5,1.0,184502.64971623174,0.3092878155154715,12.434706919480654,-12.125419103965184,-12.125419103965182,1.7763568394002505e-15,-0.02958116887608142,-5.861702371519785,3.624659402830139,6.263716732445397,0.02734917314839674,0.49946129790960414,6.258693268043264
41,6,1.0,190041.97975969102,0.267148698062698,12.422148970903965,-12.155000272841265,-12.155000272841267,1.7763568394002505e-15,0.030566370190836523,-5.877518711594185,3.6384242316318223,6.277481561247081,0.026942589946122607,0.49948675239233914,6.272563540067206
41,7,1.0,184320.96697488878,0.2830139963719742,12.407447899022403,-12.124433902650429,-12.124433902650429,0.0,0.04516432501736922,-5.8328046387531804,3.652571934281987,6.291629263897245,0.02653813055455615,0.4994798398549732,6.286438838767417
41,8,1.0,176181.42688218463,0.331042820501791,12.41031239813485,-12.07926957763306,-12.07926957763306,0.0,0.12622646060669318,-5.792625775476824,3.6475864725409752,6.2866438021562345,0.02678770069917074,0.49942789820379996,6.281036872660578
41,9,1.0,155288.99084548862,0.45703170866259213,12.410074825688955,-11.953043117026366,-11.953043117026363,3.552713678800501e-15,-0.08412072439853624,-5.6718920554595655,3.6420937319515403,6.281151061566798,0.02726867420750083,0.49928442623561925,6.274239872136115
41,10,1.0,168917.18452859027,0.37591998059759446,12.413083822022497,-12.037163841424903,-12.037163841424903,0.0,-0.1452283056462491,-5.755456077684213,3.6426504341254287,6.281707763740687,0.02696612486335293,0.499376002182569,6.275657800326699
41,11,1.0,195319.53687642905,0.2347535935026311,12.417145740573785,-12.182392147071152,-12.182392147071154,1.7763568394002505e-15,-0.09379774847727873,-5.899909205646973,3.6434256118089214,6.28248294142418,0.026683069024525708,0.4995040214793529,6.277672922581795
41,12,1.0,214526.78804610515,0.14079267522016048,12.416982570768589,-12.27618989554843,-12.276189895548429,1.7763568394002505e-15,0.10035245577647345,-5.990737296743494,3.646395269189678,6.2854525988049375,0.026409439958490773,0.49957988863208025,6.281314963565044
41,13,1.0,194043.46120244986,0.2461849756028249,12.422022415374784,-12.175837439771957,-12.175837439771959,1.7763568394002505e-15,-0.008067666111116978,-5.8993133983558605,3.6374667118008364,6.276524041416096,0.02689733120589877,0.4994733410081917,6.271498026798184
41,14,1.0,195615.27095121148,0.24752263441468164,12.431427740297757,-12.183905105883074,-12.183905105883076,1.7763568394002505e-15,-0.05582027453847083,-5.916915539201564,3.62793223706625,6.266989566681509,0.027031099584585782,0.49949935715895155,6.262300076312443
41,15,1.0,206845.0787933831,0.19520801187979134,12.434933392301334,-12.239725380421545,-12.239725380421543,1.7763568394002505e-15,-0.1320300762851403,-5.9748210295607995,3.625847021245486,6.2649043508607445,0.027049241896419166,0.4995333575381722,6.260567077032275
41,16,1.0,236039.73930236234,0.0676675042072926,12.439422960913976,-12.371755456706685,-12.371755456706683,1.7763568394002505e-15,-0.10876471002698729,-6.108679041618684,3.6240190854727428,6.263076415088002,0.027199416922728602,0.4995664189773152,6.259078570546814
41,17,1.0,263160.7040944005,-0.03037299668458432,12.450147170049085,-12.480520166733672,-12.480520166733669,3.552713678800501e-15,0.029180041353306763,-6.225832120242586,3.6156307168758275,6.254688046491087,0.027158712048255797,0.4996596414247098,6.251586128693413
41,18,1.0,255592.61937408565,-0.006956921259140839,12.444383204121223,-12.451340125380366,-12.451340125380364,1.7763568394002505e-15,0.0063735196645708925,-6.191863488285361,3.620419307479746,6.2594766370950055,0.02712988892992106,0.49961711628393946,6.255960372613911
41,19,1.0,253968.77508707982,0.0009416942796481851,12.445908299995443,-12.444966605715795,-12.444966605715795,0.0,0.05537470020740365,-6.187025593313595,3.618883682786939,6.257941012402197,0.02707634637484265,0.49962832663595136,6.254537036886908
41,20,1.0,240287.62097211753,0.056699565879345215,12.446291471387736,-12.389591905508391,-12.389591905508391,0.0,0.038189954538983883,-6.1338415314254755,3.6166930444676564,6.255750374082914,0.02735900320893506,0.499545507198295,6.251601264356587
41,21,1.0,231284.06461500496,0.09223045475435956,12.443632405723767,-12.351401950969407,-12.351401950969407,0.0,0.07908797494686759,-6.09414519784808,3.6181994235060673,6.257256753121326,0.02732238973381548,0.49952088536847694,6.252870530570066
41,22,1.0,213696.9087910174,0.17556526961010083,12.447879245632638,-12.27231397602254,-12.272313976022538,1.7763568394002505e-15,-0.11967747730424172,-6.021579503993981,3.6116771424132987,6.250734472028557,0.027459365899557553,0.49948762900828336,6.246074457732474
41,23,1.0,240864.89493005347,0.060802245328365284,12.452793698655144,-12.391991453326781,-12.39199145332678,1.7763568394002505e-15,0.12365532461573103,-6.143354813426326,3.609579310285197,6.248636639900456,0.02746166627270059,0.4995382422750162,6.244443863620511
41,24,1.0,212848.54356922666,0.18035474691881695,12.448690875629865,-12.26833612871105,-12.268336128711047,3.552713678800501e-15,0.005641513133950227,-6.0184875848417665,3.6107912142540246,6.249848543869283,0.027248109286283885,0.49952606038548536,6.245528662757731
41,25,1.0,211651.13648482392,0.186511084458446,12.449205700035547,-12.2626946155771,-12.2626946155771,0.0,0.041485650909333316,-6.014110361692003,3.609526924269838,6.248584253885096,0.027447007701271238,0.49946425915450365,6.2437030717926225
41,26,1.0,203050.29067711046,0.21925174649537454,12.440460711163144,-12.221208964667767,-12.22120896466777,3.552713678800501e-15,-0.10477670628737457,-5.96533673102816,3.616814904024348,6.255872233639606,0.027376421211343493,0.49940969564160326,6.250449153993557
41,27,1.0,225479.75845685092,0.12534569291906833,12.451331363874212,-12.325985670955141,-12.325985670955143,1.7763568394002505e-15,0.14641151658493534,-6.078095061116036,3.608833280223847,6.247890609839105,0.02731162599410763,0.499519434702893,6.243525844028645
41,28,1.0,194769.90264351162,0.2631079431244453,12.44268209749465,-12.179574154370206,-12.179574154370204,1.7763568394002505e-15,-0.12493558082575085,-5.928097364951598,3.6124194598033506,6.251476789418609,0.027537199742425984,0.4993889144879671,6.245908479061231
41,29,1.0,220688.99682360954,0.13935561846682237,12.44386535366278,-12.304509735195957,-12.304509735195957,0.0,0.04795031553456042,-6.050573957222044,3.6148784483586547,6.253935777973913,0.027521724307985718,0.4994251477209245,6.248686961882464
41,30,1.0,210356.59050394007,0.1904635060681977,12.447022925729595,-12.256559419661397,-12.256559419661397,0.0,-0.013526807602739055,-6.007718616131649,3.6097834739144905,6.24884080352975,0.02756630833335433,0.4994079638498925,6.243467070229135
41,31,1.0,213221.37564863454,0.1819663026368378,12.452052529900975,-12.270086227264136,-12.270086227264137,1.7763568394002505e-15,-0.05685024121522453,-6.025678641303427,3.605350256345449,6.244407585960708,0.027361774453387996,0.49949587335679574,6.239849491200763
41,32,1.0,225694.2460039091,0.11797053108333222,12.444906999562694,-12.32693646847936,-12.326936468479362,1.7763568394002505e-15,-0.14123115313561385,-6.073739685116036,3.6141394537480656,6.253196783363324,0.027134599245674806,0.4994934262470586,6.248574019698552
41,33,1.0,259929.99444676447,-0.014775592872914679,12.453392028742055,-12.468167621614974,-12.46816762161497,3.552713678800501e-15,0.06956481828740202,-6.2208161838707,3.608294108129016,6.247351437744276,0.02727718422512389,0.4995603989141533,6.243374700653888
41,34,1.0,242462.6127695836,0.05296138145256946,12.451564184780143,-12.398602803327572,-12.398602803327574,1.7763568394002505e-15,0.029976910685180158,-6.151161995426734,3.6083834782855804,6.247440807900838,0.027304900528062816,0.4995272205802539,6.243163416172019
41,35,1.0,235302.19251842328,0.08495743198508263,12.453583324627475,-12.368625892642392,-12.368625892642392,0.0,0.13397534935153743,-6.124282878975261,3.6052856840518723,6.244343013667131,0.02736706677121563,0.4995223360442234,6.240027589738042
41,36,1.0,205798.03274842692,0.2056403691018965,12.44029091239275,-12.234650543290854,-12.234650543290854,0.0,-0.10859177073978366,-5.981898725724513,3.6136944879510833,6.252751817566342,0.027587971609422106,0.4993497124290267,6.246817140149244
41,37,1.0,229404.54912813625,0.10529544720242763,12.448537761233062,-12.343242314030638,-12.343242314030634,3.552713678800501e-15,-0.03946289153910776,-6.095729171098152,3.6084558133172253,6.247513142932483,0.027510834207161824,0.4994466492649556,6.242497641839137
41,38,1.0,238638.51718659623,0.06696327458840659,12.449668480158152,-12.382705205569746,-12.382705205569746,0.0,-0.006964360937622871,-6.135407614124898,3.608240261829588,6.247297591444847,0.027351793773014246,0.49948635990914,6.242648466356309
41,39,1.0,240306.28267343805,0.061107788877530676,12.450777355384899,-12.389669566507369,-12.389669566507369,0.0,0.050758605159600734,-6.143718979014508,3.6068932578776023,6.245950587492862,0.02741410897177716,0.4994911554034691,6.241352917448033
41,40,1.0,228413.06590064545,0.10898749163426977,12.447898452982036,-12.338910961347768,-12.338910961347766,1.7763568394002505e-15,-0.05564022499119048,-6.091880648192976,3.607972983539532,6.24703031315479,0.027461733208507078,0.4994322608436074,6.2418946135743
41,41,1.0,241482.23452827576,0.055671309270436814,12.450222495609397,-12.394551186338958,-12.39455118633896,1.7763568394002505e-15,-0.039909709465849375,-6.148741616996593,3.6067522397271077,6.245809569342366,0.02754474348837069,0.49943969297895124,6.240748425190683
41,42,1.0,251314.61911744578,0.01920725982299569,12.453668155627804,-12.434460895804808,-12.43446089580481,1.7763568394002505e-15,-0.14823830354084322,-6.190951741276548,3.6044518249130024,6.243509154528263,0.027457155597689513,0.4994763162278411,6.238784740895314
41,43,1.0,291471.99244360026,-0.13202002374395086,12.450679175601698,-12.582699199345651,-12.58269919934565,1.7763568394002505e-15,0.0023552925651664225,-6.3335779705456,3.6100638991847913,6.24912122880005,0.027344027473804867,0.49953281512068176,6.24489590436864
41,44,1.0,290786.2984488127,-0.1319201172797905,12.448423789500696,-12.580343906780485,-12.580343906780486,1.7763568394002505e-15,-0.13277293699720794,-6.329701231496884,3.6115853456683413,6.250642675283601,0.02739788171669707,0.49950107290145496,6.246121269101651
41,45,1.0,332075.2383558787,-0.2661854756280147,12.446931368149677,-12.713116843777692,-12.713116843777692,0.0,0.08401668243517513,-6.460073363224213,3.6139861509382207,6.25304348055348,0.027626203073528727,0.4994956111426287,6.248462475956871
41,46,1.0,305315.2600751141,-0.18275190946471037,12.446348251877808,-12.629100161342517,-12.62910016134252,1.7763568394002505e-15,-0.04325667214879658,-6.3766741846446156,3.613368647082644,6.252425976697903,0.027663688668393277,0.4994322336862641,6.247275569774332
41,47,1.0,318811.98952613294,-0.22364713463864247,12.448709698852669,-12.672356833491314,-12.672356833491312,1.7763568394002505e-15,-0.0804852532565441,-6.4219147679896045,3.611384735886451,6.250442065501709,0.027640903819035046,0.4994700403288656,6.245640010756953
41,48,1.0,345532.5353866037,-0.3041875088055806,12.448654577942278,-12.752842086747858,-12.75284208674786,1.7763568394002505e-15,0.03569675346931156,-6.501727058719033,3.612057698413563,6.251115028028822,0.027579288928316695,0.499514161125159,6.2467125567020245
41,49,1.0,333415.69816840027,-0.26718313278902417,12.449962200489521,-12.717145333278546,-12.717145333278545,1.7763568394002505e-15,-0.06666773170580065,-6.4676702968905895,3.6104177067726977,6.249475036387956,0.02752118986329352,0.4995103876487916,6.245046808148119
41,50,1.0,356401.45782352187,-0.3452134129224815,12.438599652061866,-12.783813064984347,-12.783813064984347,0.0,0.03811120296397519,-6.523208537394379,3.621547197974708,6.260604527589968,0.027561332597150826,0.4994424059578673,6.255512078520788
41,51,1.0,343074.1426163481,-0.3073268236489346,12.43837503837144,-12.745701862020372,-12.745701862020375,3.552713678800501e-15,-0.1493189332114504,-6.484547541008941,3.622096991396173,6.261154321011432,0.02724644913868394,0.49949636022554533,6.256559319389166
41,52,1.0,398323.90909810626,-0.46831540926837967,12.426705385963443,-12.895020795231822,-12.895020795231822,0.0,-0.02126984247097674,-6.622587607633558,3.6333758579830047,6.272433187598264,0.02740473912819556,0.4994555040253482,6.267395326457398
41,53,1.0,406886.94023041293,-0.4844253844016243,12.431865253301176,-12.916290637702799,-12.9162906377028,1.7763568394002505e-15,0.1729205941943608,-6.649280772302396,3.6279525357851443,6.267009865400404,0.027547471773139667,0.4994775280174962,6.2622202337737365
41,54,1.0,342275.08796690503,-0.31180891744892186,12.431561126059513,-12.743370043508438,-12.743370043508435,3.552713678800501e-15,0.0038183529656272697,-6.475939544306001,3.628373169587181,6.26743049920244,0.027193716939753126,0.4994592145670801,6.262479829561256
41,55,1.0,340970.65285142034,-0.30544789447671344,12.434103796066099,-12.739551690542811,-12.739551690542813,1.7763568394002505e-15,0.04097706960822123,-6.474718230496527,3.625776130431025,6.264833460046284,0.027176002988219993,0.49947085074757736,6.260000862129819
41,56,1.0,327281.0696612188,-0.26014338831650946,12.438431232618075,-12.69857462093459,-12.698574620934584,5.329070518200751e-15,-0.06158979576765766,-6.438938605529517,3.6205786857898126,6.259636015405072,0.027316094295454382,0.4994344773744138,6.254492215198224
41,57,1.0,348071.9243966993,-0.32944731505084207,12.430717101651403,-12.760164416702247,-12.760164416702246,1.7763568394002505e-15,0.03663176458055517,-6.493123987868954,3.6279830992180337,6.267040428833293,0.027477553070817548,0.49937014325012297,6.261265336198674
41,58,1.0,335552.1463642868,-0.2934419576253928,12.4300906944963,-12.723532652121692,-12.723532652121694,1.7763568394002505e-15,-1.4811253375768274e-05,-6.456998160191157,3.627477162315277,6.2665344919305355,0.027793827880482982,0.4992681681560845,6.25982607617791
41,59,1.0,335557.11634895334,-0.2882975030775038,12.435249960297565,-12.723547463375068,-12.723547463375068,0.0,0.19254912654865386,-6.462195876892345,3.6222942568674648,6.261351586482724,0.027509720437400548,0.4993600278909631,6.255514778737541
41,60,1.0,276785.5608557098,-0.09187643639684302,12.439121900429575,-12.530998336826414,-12.530998336826418,3.552713678800501e-15,-0.026746413789318524,-6.275907442064188,3.6160335651469673,6.255090894762226,0.027493868351666395,0.49928932302716084,6.2486378192351575
41,61,1.0,284288.47271495935,-0.1173139018649832,12.44043084875075,-12.557744750615733,-12.557744750615734,1.7763568394002505e-15,0.026568346400523524,-6.303359374293085,3.615328046707389,6.254385376322647,0.027305710912075575,0.499358054468287,6.24856265180623
41,62,1.0,276834.8517262058,-0.08808351270593255,12.443092891509277,-12.53117640421521,-12.53117640421521,0.0,0.10006611688867473,-6.280129945736627,3.6119891288633235,6.251046458478582,0.027300045917647276,0.499376124126197,6.245388149112528
41,63,1.0,250473.97135114946,0.010318648507995378,12.441428935834532,-12.431110287326534,-12.431110287326536,1.7763568394002505e-15,-0.135773163666002,-6.180638623127706,3.611414334583571,6.2504716641988285,0.027150834844179576,0.4993486567347778,6.244565482577436
41,64,1.0,286898.40742914175,-0.12147366945506348,12.445409781537474,-12.566883450992536,-12.566883450992538,1.7763568394002505e-15,0.006736167194743459,-6.318608618247038,3.6092175031302394,6.248274832745499,0.027253610707451685,0.4994050916947242,6.242896780404246
41,65,1.0,284972.30634149,-0.11378103465240032,12.446366249145392,-12.560147283797793,-12.560147283797791,1.7763568394002505e-15,0.22498471848170531,-6.313304135726076,3.6077858184564575,6.246843148071716,0.02729708922554033,0.49940066085062207,6.241434448405558
41,66,1.0,227558.4859235413,0.10286150061335413,12.438024065929442,-12.335162565316088,-12.335162565316088,0.0,0.06452480392145787,-6.0852445463324605,3.610860689368369,6.249918018983628,0.027357231083604407,0.499242112115767,6.243036850020695
41,67,1.0,213339.0069505126,0.17041367549847306,12.441051436893105,-12.27063776139463,-12.270637761394632,1.7763568394002505e-15,-0.0873635346392696,-6.026359005140459,3.605221426638912,6.244278756254169,0.027372344995844674,0.49923015647406793,6.237330317050085
41,68,1.0,232815.4354297631,0.08646045369777208,12.444461749731673,-12.3580012960339,-12.358001296033901,1.7763568394002505e-15,0.03366313667379828,-6.114769504311241,3.6041744621074017,6.243231791722661,0.027288401351748114,0.49929119990559306,6.236838217022618
41,69,1.0,225108.58378159333,0.11722851487253148,12.441566674232632,-12.324338159360101,-12.324338159360101,0.0,-0.05801952984647407,-6.079877295353964,3.6054035343908786,6.244460864006138,0.027421311711970806,0.49922032490079987,6.237425494132125
41,70,1.0,238555.60080522532,0.06544581330501553,12.44780350251159,-12.382357689206575,-12.382357689206575,0.0,-0.044730205995453076,-6.143477983878769,3.599822375712546,6.238879705327804,0.027489645910362116,0.49926575047304594,6.232278493855612
41,71,1.0,249468.4903964225,0.019232751304402367,12.446320646506432,-12.427087895202028,-12.42708789520203,1.7763568394002505e-15,0.01639722581345815,-6.186310650224585,3.6017199153621844,6.240777244977443,0.02743883998717663,0.49929035507223446,6.234389494145008
41,72,1.0,245411.25384304725,0.03224234859718006,12.44293301798575,-12.41069066938857,-12.41069066938857,0.0,0.06989435179319692,-6.167270462375543,3.6043628773977665,6.243420207013026,0.027327000450947006,0.49927418193737527,6.236878585588097
41,73,1.0,228844.11211162762,0.10179195142603618,12.442588269021408,-12.340796317595373,-12.340796317595371,1.7763568394002505e-15,-0.062427363472821185,-6.099215987627681,3.602523000352432,6.241580329967691,0.027427464588946397,0.49922586007747427,6.2346110460147575
41,74,1.0,243585.5954444788,0.036731528635648006,12.43995520970384,-12.403223681068194,-12.40322368106819,3.552713678800501e-15,0.03083892952685474,-6.15762897840195,3.6065373730509873,6.245594702666245,0.027301705367827195,0.49924584972778024,6.238791304704469
41,75,1.0,236188.32463816728,0.06418545595904653,12.436570207500388,-12.37238475154134,-12.372384751541341,1.7763568394002505e-15,0.03729010132103916,-6.124578802782012,3.60874861914407,6.2478059487593285,0.027220248533258877,0.4992124253695381,6.240688757822844
41,76,1.0,227543.0317919629,0.1015060052769384,12.436600655497237,-12.3350946502203,-12.335094650220299,1.7763568394002505e-15,-0.03217458935468365,-6.088823128852215,3.607214191752828,6.246271521368087,0.027222236926438523,0.4991794601820146,6.2388598804933935
41,77,1.0,234983.18551701686,0.065072325111423,12.432341564686405,-12.367269239574984,-12.367269239574982,1.7763568394002505e-15,-0.03597349865399302,-6.116587476279311,3.6116244336804164,6.250681763295677,0.027326211086922046,0.4991445292384455,6.242936479418485
41,78,1.0,243590.23753856798,0.03318998328687226,12.43643272151585,-12.403242738228977,-12.403242738228977,0.0,0.03744150438096838,-6.15623372487813,3.6079516837355903,6.247009013350849,0.027334423600167045,0.49917659079118526,6.239572699679186
41,79,1.0,234638.48193025883,0.06953433475813352,12.43533556860614,-12.365801233848009,-12.365801233848007,1.7763568394002505e-15,0.09810184389255738,-6.119237616614323,3.6075062876184254,6.246563617233685,0.027262342908740946,0.4991477434069822,6.238876414944265
41,80,1.0,212713.05779156377,0.16182834847238664,12.42952773842784,-12.267699389955451,-12.267699389955453,1.7763568394002505e-15,-0.10258585354711869,-6.01911948219287,3.6095225781473212,6.24857990776258,0.027427755308112724,0.49904446494801763,6.239944290126852
41,81,1.0,235692.96553909028,0.05000879411100058,12.42029403761357,-12.37028524350257,-12.370285243502568,1.7763568394002505e-15,-0.15753560400012567,-6.109480496206894,3.6217474176804165,6.2608047472956745,0.027061207389391353,0.49907246252143955,6.252354656241043
41,82,1.0,275907.4734865481,-0.10835445505610804,12.419466392446587,-12.527820847502696,-12.527820847502696,0.0,0.09374491867592027,-6.263710661115061,3.6250528567723754,6.264110186387635,0.027191972723851907,0.4991005022171163,6.25590553169417
41,83,1.0,251217.88990795915,-0.010926783513580555,12.423149145313197,-12.434075928826775,-12.434075928826777,1.7763568394002505e-15,0.0341474554205945,-6.175816274914177,3.619202324297341,6.258259653912601,0.027297054230577114,0.4990468240264615,6.249594960202986
41,84,1.0,242784.25134672847,0.018568572728641056,12.418497046134823,-12.399928473406181,-12.399928473406181,0.0,-0.010575922508675006,-6.138590881225904,3.6222802625650177,6.2613375921802765,0.027186133653057463,0.49902579205742564,6.252438328223635
41,85,1.0,245365.54449365736,0.007740522417307824,12.418244918332165,-12.410504395914856,-12.410504395914858,1.7763568394002505e-15,0.09106820475140331,-6.149016167570414,3.622430898729184,6.261488228344442,0.027132808408281094,0.4990193134738578,6.252550075774295
41,86,1.0,224007.8088491946,0.09156997232851602,12.411006163491969,-12.319436191163453,-12.319436191163453,0.0,0.1770907867943734,-6.053601729124959,3.626777132423236,6.265834462038495,0.027296736850365943,0.4988833732899996,6.255579013016821
41,87,1.0,187652.17671620406,0.2633163614523369,12.405661765821417,-12.14234540436908,-12.142345404369081,1.7763568394002505e-15,-0.00691663797532982,-5.877868224593697,3.625419850160123,6.2644771797753815,0.027441958269426824,0.49874803073642787,6.252948993633078
41,88,1.0,188954.59788338316,0.25688365254703943,12.406145694891446,-12.149262042344409,-12.149262042344407,1.7763568394002505e-15,-0.007391262144841093,-5.885984402612794,3.624220310116356,6.263277639731614,0.0276841982160332,0.4986688059962012,6.251049684120745
41,89,1.0,190356.3849559565,0.2545902433205581,12.411243547809807,-12.15665330448925,-12.156653304489248,1.7763568394002505e-15,0.005908096376675331,-5.899488637365111,3.6181073375088806,6.257164667124139,0.027416394573809406,0.498739814995487,6.245682744008001
41,90,1.0,189235.05680682632,0.2597222234710805,12.410467431583655,-12.150745208112575,-12.150745208112575,0.0,0.01765321851271473,-5.894064506612785,3.6176233718845316,6.256680701499791,0.027675052137676223,0.49867831191918455,6.244627168838329
41,91,1.0,185923.76249259093,0.2718440491802854,12.404936038780143,-12.13309198959986,-12.133091989599858,1.7763568394002505e-15,0.09184530751379683,-5.872064871864197,3.621969788120405,6.261027117735663,0.02769289690757433,0.49864649131923755,6.248621919622941
41,92,1.0,169608.25628589792,0.356037491121233,12.3972841732073,-12.041246682086063,-12.041246682086067,3.552713678800501e-15,0.07859306285795498,-5.777159524253603,3.625029828217202,6.264087157832461,0.027880958980444646,0.4985170023831335,6.25045741236294
41,93,1.0,156788.59044441974,0.4285756535246586,12.391229272752765,-11.962653619228108,-11.962653619228107,1.7763568394002505e-15,-0.07332445951033151,-5.696688548962874,3.6269077406499775,6.265965070265238,0.02775381582639013,0.49846931398825844,6.251860616889386
41,94,1.0,168717.00753873115,0.3601093565709899,12.39608743530943,-12.03597807873844,-12.035978078738442,1.7763568394002505e-15,0.08792355016933229,-5.772519482073146,3.6244012670500365,6.263458596665294,0.027639329309949043,0.4985257988363394,6.249917495420195
41,95,1.0,154516.24703119585,0.4474418903890376,12.395496418958142,-11.948054528569108,-11.948054528569106,1.7763568394002505e-15,0.030660088137631547,-5.689362682304207,3.6196345166496426,6.2586918462649015,0.02771618065821423,0.4984520994080875,6.244536116196021
41,96,1.0,149850.65449927634,0.47220202719439075,12.389596467625864,-11.917394440431476,-11.917394440431474,1.7763568394002505e-15,0.06794011716604409,-5.655085496356827,3.6232516144593894,6.262308944074648,0.027795117920508292,0.4983762359603363,6.247407238511007
41,97,1.0,140007.92725878386,0.5284867196326857,12.377941042898117,-11.849454323265432,-11.849454323265432,0.0,0.11958031860306839,-5.580180548032239,3.6302164456179336,6.26927377523319,0.028163642118385165,0.49821272705523456,6.252751792250303
41,98,1.0,124228.01723727299,0.6291190540866761,12.358993058749041,-11.729874004662364,-11.729874004662365,1.7763568394002505e-15,0.08670972464535431,-5.448493930605162,3.6423227444419424,6.281380074057203,0.02829988689898079,0.49801742748019984,6.262785748542476
41,99,1.0,113910.03851560327,0.7048244867221607,12.34798876673917,-11.64316428001701,-11.643164280017011,1.7763568394002505e-15,-0.07614754292617754,-5.356891194307377,3.6472157560943734,6.286273085709631,0.028598007359112016,0.4978450895423021,6.265913400174165
41,100,1.0,122922.8034313806,0.6393797000768054,12.358691523019992,-11.719311822943187,-11.719311822943187,0.0,-0.1408655537622856,-5.440869549225451,3.6393849441024773,6.278442273717735,0.02854787537460739,0.49792609449584946,6.259044461298203
41,101,1.0,141517.31792023353,0.515202079365416,12.375379456070887,-11.860177376705472,-11.86017737670547,1.7763568394002505e-15,-0.04426741116740551,-5.591697062196288,3.629422984893925,6.268480314509185,0.0280704705583171,0.49814752918946736,6.251382716410353
41,102,1.0,147922.65101816755,0.48166407756285984,12.386108865435737,-11.904444787872878,-11.904444787872878,0.0,-0.10144546562765022,-5.645924308973756,3.619463149283863,6.258520478899123,0.027921821355830514,0.49823205412319316,6.242375608759647
41,103,1.0,163716.28734633274,0.3872545344080179,12.393144787908543,-12.005890253500528,-12.005890253500525,3.552713678800501e-15,0.002012583180848182,-5.749924215967198,3.616908707918071,6.255966037533329,0.027651710287700224,0.4983454943326083,6.240887225159168
41,104,1.0,163387.12604334528,0.3920275008194818,12.395905171139162,-12.00387767031968,-12.00387767031968,0.0,-0.003359960625058278,-5.752162187178335,3.6126581535260875,6.251715483141346,0.027719630360128845,0.49831948489980255,6.236445908150188
41,105,1.0,163937.02365331963,0.38796513068095617,12.395202761625695,-12.007237630944738,-12.00723763094474,1.7763568394002505e-15,-0.09521512406137234,-5.75652387447984,3.6116564268496387,6.250713756464896,0.027867954313795785,0.498275925277161,6.235084196297943
41,106,1.0,180313.58536218456,0.30287604939111085,12.405328804397223,-12.10245275500611,-12.102452755006112,1.7763568394002505e-15,-0.036957698158849084,-5.8595734440016685,3.6038219813891836,6.242879311004442,0.027722215840839382,0.4983910794436721,6.228395200204674
41,107,1.0,187102.23415624886,0.2605074050790887,12.399917858244054,-12.13941045316496,-12.139410453164965,5.329070518200751e-15,-0.048329596430379596,-5.890378968182754,3.6099741553669467,6.249031484982206,0.027686475754717752,0.49838154320135025,6.234413839440031
41,108,1.0,196366.88478178362,0.21635423982983062,12.40409428942517,-12.18774004959534,-12.18774004959534,0.0,-0.06311720515861907,-5.941842518655703,3.6068402013243785,6.245897530939638,0.027534617130395934,0.49843442780871566,6.231785106681337
41,109,1.0,209160.51588371384,0.15720273332683948,12.4080599880808,-12.250857254753958,-12.25085725475396,1.7763568394002505e-15,-0.030661168693010055,-6.008060450649004,3.6037394744896956,6.2427968041049535,0.0275739796923272,0.49845390206214485,6.228883746645473
41,110,1.0,215672.95098986797,0.12410671836259077,12.40562514180956,-12.281518423446968,-12.28151842344697,1.7763568394002505e-15,0.1934013634203584,-6.036253965259898,3.606207128571811,6.24526445818707,0.027580872638488515,0.49845110167010476,6.23131364306878
41,111,1.0,177747.10489576685,0.3105092458558055,12.398626305882416,-12.08811706002661,-12.088117060026612,1.7763568394002505e-15,-0.08121168015131275,-5.843624640320807,3.6054350900905434,6.244492419705803,0.02777240725418934,0.4982526919289151,6.228745101461561
41,112,1.0,192784.59185065422,0.23188577993038648,12.40121452010831,-12.169328740177923,-12.169328740177923,0.0,0.027557086349684567,-5.925887927838464,3.604383482724199,6.243440812339458,0.027725999496683057,0.4982862907595841,6.228015047864365
41,113,1.0,187544.54205899715,0.2539284016458584,12.395700055474096,-12.141771653828238,-12.141771653828238,0.0,0.028294855711637368,-5.8939636873989,3.6087506368140785,6.2478079664293364,0.027783350373890566,0.4982043617452153,6.231595989340739
41,114,1.0,182312.3671865816,0.28453116947283774,12.39800796758944,-12.1134767981166,-12.113476798116602,1.7763568394002505e-15,0.11614074073859548,-5.869450147976499,3.604969320524844,6.244026650140102,0.02768642282237373,0.4982116951135784,6.2279026527215935
41,115,1.0,162321.798982776,0.3935629169333717,12.390898974311376,-11.997336057378005,-11.997336057378005,0.0,-0.05545348420909768,-5.75122130392505,3.6070574238376962,6.2461147534529555,0.027852937325938753,0.49808022704540345,6.228759024985356
41,116,1.0,171577.36325777217,0.3433883422465923,12.396177883833698,-12.052789541587103,-12.052789541587105,1.7763568394002505e-15,-0.052747994803658216,-5.811078966473682,3.6026532454981615,6.241710575113421,0.027765505572015296,0.49814222218596627,6.224981641741823
41,117,1.0,180870.67215743318,0.2909390652794428,12.396476601670205,-12.105537536390761,-12.105537536390763,1.7763568394002505e-15,0.08228998332136328,-5.863299178809348,3.6031810279661527,6.242238357581413,0.027716500515281003,0.49815069553880464,6.225596910398319
41,118,1.0,166582.76518099796,0.3688713133020497,12.392118866371447,-12.023247553069398,-12.023247553069398,0.0,0.10682320657859457,-5.781441970999074,3.6027482524550645,6.241805582070323,0.02780818998836431,0.49804581276532367,6.224215221383534
41,119,1.0,149705.35577544148,0.46713512080971137,12.383559467300516,-11.916424346490803,-11.916424346490805,1.7763568394002505e-15,0.04530159746613549,-5.671824693155155,3.6055423237203903,6.24459965333565,0.027863517209839497,0.4979216040692789,6.225843180574984
41,120,1.0,143074.7856376647,0.505580261629984,12.376703010654653,-11.871122749024668,-11.87112274902467,1.7763568394002505e-15,-0.038325764605341206,-5.62316027077914,3.608905148630268,6.247962478245527,0.02802861036639834,0.4978000019735689,6.228034941212686
41,121,1.0,148664.67027939754,0.46284693412546984,12.372295447755482,-11.909448513630009,-11.909448513630013,3.552713678800501e-15,0.041007512881378716,-5.656463221789555,3.613927962225195,6.252985291840455,0.02788483911932023,0.49778250266032653,6.232857466987242
41,122,1.0,142691.60909909074,0.496845922473322,12.365286923221955,-11.86844100074863,-11.868441000748634,3.552713678800501e-15,-0.07028491831691852,-5.611366427151102,3.6180172439822704,6.257074573597529,0.027930066898387357,0.4976995689040955,6.23610760853223
41,123,1.0,153081.52767344896,0.43885507192669665,12.377580990992245,-11.938725919065549,-11.938725919065549,0.0,0.024632451823903168,-5.692072610632607,3.6075959788176815,6.24665330843294,0.027734024268349658,0.4978061840319284,6.226812306833361
41,124,1.0,149356.81702684585,0.45479341753000907,12.368886884771657,-11.914093467241646,-11.914093467241647,1.7763568394002505e-15,-0.03649843028787103,-5.6605266471862175,3.6145094904401707,6.253566820055431,0.027663868247991382,0.4977149111492259,6.232790394564581
41,125,1.0,154908.8095876971,0.4255354644882266,12.376127362017742,-11.950591897529517,-11.950591897529515,1.7763568394002505e-15,-0.14095550258808132,-5.70496296805704,3.6065715998572183,6.245628929472477,0.027802005361185853,0.49772245985156194,6.225058571090899
41,126,1.0,178357.8849083974,0.2968010229230853,12.388348423040682,-12.091547400117598,-12.091547400117596,1.7763568394002505e-15,-0.08208670387707429,-5.852991819481657,3.5994982510206817,6.23855558063594,0.02763628717866194,0.4978888371144749,6.219605339639476
41,127,1.0,193616.38896657788,0.21576945985620993,12.389403563850882,-12.173634103994672,-12.173634103994672,0.0,-0.006534143136972759,-5.934524611630999,3.6000521627484128,6.239109492363672,0.027490978994689597,0.4979336161189175,6.220581899805786
41,128,1.0,194885.64841127527,0.20886569156988544,12.38903393870153,-12.180168247131645,-12.180168247131645,0.0,-0.10237991083360853,-5.942055020263647,3.59905589725274,6.238113226868,0.027504399528494983,0.49791241724139085,6.219400715331483
41,129,1.0,215895.15125617041,0.1048663333321317,12.387414491297381,-12.282548157965254,-12.28254815796525,3.552713678800501e-15,-0.03133564167234226,-6.041980967450762,3.6015098608992324,6.240567190514491,0.027510170874267808,0.49792312546579764,6.221952108864949
41,130,1.0,222767.47638187598,0.06836597614428869,12.382249775781887,-12.313883799637596,-12.313883799637598,1.7763568394002505e-15,-0.0803295604358798,-6.068477616696365,3.606348853325972,6.245406182941231,0.027349612701455753,0.49792924463274363,6.226813398616257
41,131,1.0,241400.6692650246,-0.017471088033596007,12.376742272039879,-12.394213360073476,-12.394213360073476,0.0,0.0824510177179576,-6.143755033303813,3.6114009971544037,6.250458326769662,0.02738747276941807,0.49792541816835595,6.231771506572739
41,132,1.0,222295.3856341297,0.06998560768271926,12.381747950038239,-12.311762342355518,-12.31176234235552,1.7763568394002505e-15,-0.025166979906288134,-6.070127398656195,3.6025776140840655,6.241634943699324,0.027514346795104717,0.49785381819910784,6.222383105481879
41,133,1.0,227960.88182230736,0.049432759284404916,12.38636208154621,-12.336929322261806,-12.336929322261804,1.7763568394002505e-15,0.021719763907697143,-6.10175256443929,3.596119428207255,6.235176757822513,0.02768383405390993,0.49783196859045836,6.215765014502879
41,134,1.0,223063.00816407654,0.06934894905304319,12.38455850740715,-12.315209558354109,-12.315209558354105,3.552713678800501e-15,0.13725352962129733,-6.08009212027236,3.5960601084664927,6.23511743808175,0.027565208503112962,0.4978100668958174,6.215521016634864
41,135,1.0,194454.99531916957,0.19885527170350206,12.376811300436314,-12.177956028732812,-12.177956028732812,0.0,-0.1835928854524127,-5.9404769266094055,3.598421772508145,6.2374791021234035,0.02768383852679161,0.497652516914154,6.216461690259139
41,136,1.0,233642.84248876857,0.019419625712077428,12.380968539897301,-12.361548914185224,-12.361548914185224,0.0,0.03836835268287153,-6.124298241053053,3.598193343516911,6.237250673132171,0.027569172494241394,0.4977715807215373,6.2172881337437556
41,137,1.0,224848.14933550806,0.05559975020923263,12.378780311711589,-12.323180561502353,-12.323180561502356,3.552713678800501e-15,0.06906670172026352,-6.08732660895051,3.5967966229365835,6.235853952551843,0.02751438811572841,0.497706124345428,6.2153238914425915
41,138,1.0,209842.77939984834,0.1163508621753828,12.370464721957472,-12.25411385978209,-12.25411385978209,0.0,0.06306815376779973,-6.011942303247063,3.603114226919768,6.242171556535026,0.027371849207115835,0.497628371477113,6.22089992465786
41,139,1.0,197017.08030435635,0.17556766017147593,12.366613366185767,-12.19104570601429,-12.191045706014291,1.7763568394002505e-15,-0.004143143764496315,-5.9482247936095405,3.603763582789489,6.242820912404747,0.027437913625091966,0.49752309332203715,6.220596498180521
41,140,1.0,197835.0436920012,0.16555410148761746,12.360742951266406,-12.195188849778786,-12.19518884977879,3.552713678800501e-15,-0.15196303381195975,-5.947287369940002,3.608844150223522,6.247901479838781,0.0274466310172385,0.4974575292936408,6.225033823205419
41,141,1.0,230303.17765110955,0.01497079588518781,12.362122679475931,-12.347151883590746,-12.347151883590744,1.7763568394002505e-15,0.0007853391371881457,-6.100646618792871,3.607447935182613,6.2465052647978725,0.027500438709280633,0.4974964006323473,6.223997258385075
41,142,1.0,230122.38255430642,0.007460706003921964,12.35382725045748,-12.346366544453558,-12.346366544453558,0.0,0.18074434391878746,-6.095508547292335,3.611800667545964,6.250857997161222,0.027738760437758497,0.4973621720476587,6.2270928992911845
41,143,1.0,192071.35076312168,0.19058158040249296,12.35620378093726,-12.16562220053477,-12.165622200534768,1.7763568394002505e-15,-0.03765257969931213,-5.9208155760986205,3.6057492948208902,6.2448066244361495,0.027862607461316868,0.4972357809924578,6.219975944172125
41,144,1.0,199441.20901625272,0.15791374792372623,12.361188528157813,-12.203274780234082,-12.203274780234088,5.329070518200751e-15,0.0026903267948679144,-5.96525943407637,3.5989580165424537,6.238015346157712,0.027805791939706944,0.49725094846542817,6.2134277607335715
41,145,1.0,198905.3681044118,0.15540587321025556,12.355990326649469,-12.200584453439214,-12.200584453439212,1.7763568394002505e-15,-0.07101341426745655,-5.959734515772363,3.6017926080515927,6.240849937666852,0.027746249392182724,0.49719145873370824,6.21571094167212
41,146,1.0,213543.93343755545,0.08732550804562615,12.358923375752298,-12.27159786770667,-12.27159786770667,0.0,0.07352475172493378,-6.034978976175258,3.5975615619161547,6.236618891531414,0.027591550262060657,0.4972347742217743,6.211911117183844
41,147,1.0,198406.47630802717,0.15348301130840325,12.351556127290142,-12.198073115981737,-12.198073115981739,1.7763568394002505e-15,-0.05766779047289283,-5.957240619690543,3.601775166675938,6.240832496291196,0.02764668022281892,0.4970991190472903,6.21488035164566
41,148,1.0,210184.48130291796,0.08957993623056414,12.345320842685197,-12.25574090645463,-12.255740906454633,3.552713678800501e-15,0.05780187462390707,-6.011393810972465,3.605289765866906,6.244347095482165,0.027896140234452912,0.497003856174972,6.217496244763599
41,149,1.0,198379.87492754724,0.1495612736075909,12.347500305438313,-12.197939031830723,-12.197939031830723,0.0,0.18071238322652228,-5.957520476871019,3.6013612253444434,6.240418554959702,0.027784041385812083,0.4969744104631386,6.213366825268197
41,150,1.0,165582.7996356382,0.310685405685371,12.327912054289573,-12.0172266486042,-12.017226648604202,1.7763568394002505e-15,-0.1865206235162553,-5.761217855453945,3.616951463534998,6.256008793150257,0.027712133704882097,0.4967545638947538,6.226726571367256
41,151,1.0,199535.4656353116,0.12347425156121578,12.32722152368167,-12.203747272120456,-12.203747272120454,1.7763568394002505e-15,-0.0642229509408363,-5.943370326065531,3.6213196164396666,6.260376946054925,0.02761734755315239,0.496817558254079,6.231660819134363
41,152,1.0,212770.6753316747,0.05035562865542787,12.318325851716718,-12.267970223061292,-12.26797022306129,1.7763568394002505e-15,-0.10781733321185882,-6.003056607684783,3.6258562857612477,6.264913615376506,0.027573464326995815,0.4967948977733752,6.235968460789943
41,153,1.0,236993.39636094615,-0.06252116479882866,12.313266391474324,-12.375787556273151,-12.375787556273153,1.7763568394002505e-15,0.09197000008684064,-6.1058159859385635,3.630914240719328,6.269971570334586,0.027394232225945954,0.4968268303914912,6.241249097680642
41,154,1.0,216169.3821944183,0.042159540809039955,12.32597709699535,-12.28381755618631,-12.28381755618631,0.0,-0.18502992143548624,-6.031030651966991,3.6137295746040583,6.252786904219318,0.027659015035975086,0.4967557522058141,6.223640249541419
41,155,1.0,260106.76949882408,-0.1531518657225599,12.315695611899235,-12.468847477621797,-12.468847477621795,1.7763568394002505e-15,0.019171943962051685,-6.20716368007872,3.6226264679278173,6.261683797543077,0.027495595884370706,0.4968124305277338,6.23289240319899
41,156,1.0,255167.51592602264,-0.12876187146203383,12.320913662197711,-12.449675533659745,-12.449675533659745,0.0,0.08985559380426622,-6.195756381182854,3.614861822861631,6.253919152476891,0.027415624285165384,0.4968257411043948,6.225363156292731
41,157,1.0,233239.22903097578,-0.03413596438441241,12.325683975471067,-12.359819939855479,-12.35981993985548,1.7763568394002505e-15,-0.06629509591167349,-6.111217658711383,3.6095449515288363,6.2486022811440955,0.027286324869243497,0.49678516509267856,6.219792900271133
41,158,1.0,249225.91063897137,-0.10172298319760048,12.324392052569548,-12.426115035767152,-12.426115035767149,3.552713678800501e-15,0.08958052443608366,-6.179683370746697,3.607374335405196,6.246431665020454,0.02739749901457025,0.49674109316236953,6.2172200749926825
41,159,1.0,227870.89813882302,-0.016574287312240827,12.319960224018827,-12.336534511331068,-12.336534511331067,1.7763568394002505e-15,-0.021984252245372815,-6.087370920695391,3.6101062610204164,6.249163590635676,0.027294591746935267,0.4966504477120688,6.2191345653997585
41,160,1.0,232935.94103718194,-0.03102631300643484,12.327492450570007,-12.358518763576441,-12.358518763576443,1.7763568394002505e-15,-0.156003659873031,-6.119050961494869,3.600410472466314,6.239467802081572,0.027543258577877285,0.49661493435348325,6.209218913176123
41,161,1.0,272262.6279704807,-0.1960058129474726,12.318516610501996,-12.514522423449472,-12.514522423449469,3.552713678800501e-15,-0.1758704014812036,-6.268833792644506,3.606631301189705,6.245688630804963,0.027789552380794225,0.49655860928242906,6.214828256885297
41,162,1.0,324614.24728842924,-0.38604755677592056,12.304345268154758,-12.690392824930676,-12.69039282493068,3.552713678800501e-15,0.19195195415729138,-6.435304045993823,3.6160314493215924,6.255088778936851,0.027789038805361106,0.4965752776914779,6.224139092509607
41,163,1.0,267919.2399938333,-0.18243646129872546,12.316004409474656,-12.498440870773385,-12.498440870773381,3.552713678800501e-15,0.15520421732561118,-6.253237137108136,3.6061464040499893,6.245203733665248,0.02755001595291843,0.49656819536896174,6.214413446368299
41,164,1.0,229403.250568352,-0.020623740128001642,12.322612913319773,-12.343236653447773,-12.343236653447775,1.7763568394002505e-15,-0.11165261266512694,-6.10669485636071,3.5974844674718045,6.236541797087064,0.027531939324902454,0.4964731143489228,6.205039675805531
41,165,1.0,256501.36522999743,-0.13871938313273008,12.316169882980171,-12.4548892661129,-12.454889266112902,1.7763568394002505e-15,0.04411266912553735,-6.218284623557865,3.597547312939777,6.236604642555036,0.02771420929505835,0.4964298914241161,6.204638816621474
41,166,1.0,245432.34234883604,-0.09829587210591076,12.312480724881453,-12.410776596987363,-12.410776596987365,1.7763568394002505e-15,0.06340651370418016,-6.171892876623758,3.599826390748344,6.238883720363604,0.027652593152081895,0.4963355187158792,6.2061079972150415
41,167,1.0,230353.43521653375,-0.03793320339155102,12.309436879891633,-12.347370083283183,-12.347370083283185,1.7763568394002505e-15,0.04547714870372843,-6.108389280918402,3.5999234727495226,6.23898080236478,0.027609368816854028,0.49624750092650044,6.205454116630647
41,168,1.0,220112.25266201643,0.0012104698687538142,12.303103404448207,-12.301892934579454,-12.301892934579453,1.7763568394002505e-15,-0.06457703963117112,-6.058960487588635,3.6038751173755617,6.242932446990819,0.02753884881565134,0.4961639015641617,6.208639261330747
41,169,1.0,234795.4466322149,-0.07471460972107485,12.29175536448955,-12.366469974210625,-12.366469974210625,0.0,0.03594150298201093,-6.1163548476223255,3.6110577969730415,6.250115126588301,0.027504840924015325,0.4960648273324819,6.214834431638657
41,170,1.0,226506.3981091117,-0.029837520954324983,12.300690950274289,-12.330528471228615,-12.330528471228615,0.0,-0.06940373249061693,-6.091954331214015,3.59951681039934,6.238574140014601,0.027648352029423225,0.4960371920874991,6.203192737915976
41,171,1.0,242785.15700967866,-0.1040276598062233,12.295904543913007,-12.399932203719231,-12.399932203719231,0.0,-0.05377204368336308,-6.160712572680943,3.60016230142303,6.239219631038289,0.027627409666898847,0.4959930682564224,6.203410819709572
41,172,1.0,256197.5863403639,-0.16821920882274027,12.285485038579857,-12.453704247402595,-12.453704247402598,3.552713678800501e-15,0.10948592101558852,-6.206860998936966,3.607785918850371,6.2468432484656296,0.027674063540778927,0.49589149940091515,6.20999268530663
41,173,1.0,229628.56010364962,-0.04982105923008101,12.294397267156926,-12.344218326387006,-12.344218326387008,1.7763568394002505e-15,-0.11364656593374178,-6.106796774571612,3.5983642222001344,6.237421551815393,0.027624071628341237,0.49585815772748243,6.200492614704962
41,174,1.0,257265.7541185157,-0.1682725052314949,12.28959238708925,-12.457864892320748,-12.457864892320746,1.7763568394002505e-15,0.16782979155016342,-6.21964169921914,3.5991658634863497,6.238223193101608,0.0277694638692156,0.4958306285747448,6.20100912894773
41,175,1.0,217517.61196200838,-0.0027363617442415986,12.287298739026346,-12.290035100770584,-12.290035100770588,3.552713678800501e-15,-0.09298628713558799,-6.051749469441156,3.599228301714168,6.238285631329426,0.02776652886449895,0.49568215166538826,6.199816310199901
41,176,1.0,238713.98240027676,-0.10733311638684899,12.275688271519325,-12.383021387906172,-12.383021387906174,1.7763568394002505e-15,-0.043502728773056276,-6.138485901975338,3.6054781563155758,6.244535485930833,0.027841594443941464,0.4955959909046029,6.205167878133971
41,177,1.0,249327.8850582809,-0.15508664150877471,12.271437475170455,-12.426524116679229,-12.426524116679229,0.0,-0.12468507750151403,-6.180318745777159,3.6071480412868104,6.24620537090207,0.027817775102939934,0.4955550292556451,6.206414844721871
41,178,1.0,282436.54763001186,-0.2927423146751167,12.25846687950563,-12.551209194180743,-12.551209194180746,3.552713678800501e-15,-0.004084845388240055,-6.30060099744017,3.6115508671253136,6.250608196740573,0.028068475233136995,0.49543947792725923,6.209568563670154
41,179,1.0,283592.6168335359,-0.2951090777446796,12.260184961824304,-12.555294039568983,-12.555294039568984,1.7763568394002505e-15,0.1915310113931774,-6.310313963141914,3.605922746811813,6.244980076427071,0.02815971974903085,0.4953773890713822,6.203454345372152
41,180,1.0,234160.72749176837,-0.09775816109027964,12.266004867085526,-12.363763028175805,-12.363763028175805,0.0,-0.04482189333979569,-6.124619523606002,3.600086174954541,6.239143504569801,0.02826137422356728,0.49521363687391573,6.196387135979944
41,181,1.0,244895.02333366807,-0.13598092613709048,12.272603995378512,-12.408584921515601,-12.408584921515603,1.7763568394002505e-15,-0.017469456123624383,-6.1791762345793115,3.5903513573210293,6.229408686936289,0.02794165829293645,0.49530147494894655,6.1876302746950325
41,182,1.0,249210.79352029413,-0.1498517496340752,12.27620262800515,-12.426054377639225,-12.426054377639225,0.0,-0.18153151902615683,-6.201085667978987,3.5859113800449793,6.224968709660239,0.02800032183795782,0.49530550617062225,6.183247051976106
41,183,1.0,298816.7824013479,-0.35310741087547676,12.254478485789905,-12.607585896665382,-12.607585896665382,0.0,0.06953297746516185,-6.369178116961375,3.5993504500887497,6.238407779704008,0.028232192028073484,0.4951897636868454,6.19532011825729
41,184,1.0,278745.0710310254,-0.28184052655974456,12.256212392640476,-12.53805291920022,-12.53805291920022,0.0,0.009580757971257015,-6.303707608606996,3.595287980977964,6.2343453105932225,0.028070274172303275,0.4951407316811569,6.190933888409111
41,185,1.0,276087.2343452122,-0.28136097445176933,12.247111186777193,-12.528472161228963,-12.528472161228962,1.7763568394002505e-15,-0.1241352466366159,-6.287903441598284,3.6015113900154203,6.240568719630678,0.027800288057433814,0.4950849720355067,6.196628028683988
41,186,1.0,312577.4032428698,-0.4273696353189444,12.225237772546636,-12.65260740786558,-12.652607407865581,1.7763568394002505e-15,0.06503947298163837,-6.398734115715581,3.614815962534739,6.253873292149998,0.027899558768294433,0.4949675507464203,6.208521165808956
41,187,1.0,292894.5527164053,-0.3536980435067435,12.233869891377196,-12.58756793488394,-12.587567934883939,1.7763568394002505e-15,0.06476208184969146,-6.343449773482061,3.6050608317866213,6.24411816140188,0.028071510067034552,0.49489426732069125,6.198325142874528
41,188,1.0,274527.26280039793,-0.28697699170533875,12.23582886132891,-12.52280585303425,-12.52280585303425,0.0,-0.040283638719632364,-6.280690173050183,3.6030583503688085,6.242115679984068,0.02791222933630983,0.4948366310717885,6.195929385622931
41,189,1.0,285811.9887829213,-0.3379804932992958,12.225108998454589,-12.563089491753882,-12.563089491753885,3.552713678800501e-15,-0.06282885428165486,-6.3197357885119825,3.60429637362664,6.2433537032419,0.02802319036602331,0.49472557672077705,6.196013669167203
41,190,1.0,304345.34716729925,-0.4165922053599036,12.209326140675634,-12.625918346035537,-12.625918346035537,0.0,0.14032564893920174,-6.369569659616741,3.6172913568035345,6.256348686418795,0.027820499705548528,0.4946799709715454,6.2083378808897836
41,191,1.0,264498.98612473375,-0.26769655906964485,12.217896138026688,-12.485592697096335,-12.485592697096333,1.7763568394002505e-15,0.007348325770857755,-6.238324518989008,3.6082108484920683,6.247268178107327,0.027853675073881562,0.4945756764774295,6.198592288677584
41,192,1.0,262562.4851425702,-0.25899265418213446,12.219251717143344,-12.478244371325477,-12.478244371325479,1.7763568394002505e-15,-0.17774662291816767,-6.2335293540186925,3.605657687691525,6.244715017306784,0.027987953079315984,0.4944899100694846,6.195403007759762
41,193,1.0,313636.8272020636,-0.45677495677674496,12.199216037466897,-12.655990994243645,-12.655990994243641,3.552713678800501e-15,0.17817326727063154,-6.400326292691045,3.6166073719373406,6.2556647015525995,0.028015561102108313,0.4944711681162403,6.205732001138405
41,194,1.0,262450.48823423823,-0.25575685819750227,12.222060868775511,-12.477817726973013,-12.477817726973013,0.0,0.09858513807294678,-6.242586485504469,3.5961739118532825,6.235231241468542,0.027922373601833826,0.49444986842127914,6.185748989724878
41,195,1.0,237811.25430855164,-0.1557361366995048,12.223496452200564,-12.379232588900067,-12.379232588900068,1.7763568394002505e-15,0.15740625119822482,-6.147391518970183,3.592783740314626,6.231841069929884,0.027966949086330788,0.49433160536065307,6.181453117498397
41,196,1.0,203175.68715535477,0.011174259687372276,12.233000597389216,-12.221826337701842,-12.221826337701843,1.7763568394002505e-15,-0.06751209325049068,-5.99364043100027,3.589128577086313,6.2281859067015715,0.027711352611632135,0.4943089926648939,6.177839788033038
41,197,1.0,217366.12678052005,-0.06746752107400258,12.221870909878332,-12.289338430952332,-12.289338430952334,1.7763568394002505e-15,-0.06834138091081776,-6.052808106390506,3.5974729949465676,6.2365303245618255,0.027525509399759118,0.49427561537010406,6.1857284196361
41,198,1.0,232740.60098225588,-0.14028912455902906,12.21739068730412,-12.35767981186315,-12.357679811863148,1.7763568394002505e-15,-0.11423397026372051,-6.121517913387172,3.5971045688607193,6.236161898475978,0.027729472816089378,0.494207531624327,6.184739502701449
41,199,1.0,260905.56009968053,-0.2685046760437526,12.20340910608312,-12.47191378212687,-12.471913782126872,1.7763568394002505e-15,0.17964472963918077,-6.234574079755646,3.5982823727559636,6.237339702371222,0.02794038733570485,0.49411378321678767,6.184896628684693
41,200,1.0,218004.07897434925,-0.07277977242231656,12.219489280065375,-12.29226905248769,-12.292269052487692,1.7763568394002505e-15,-0.0007123435279883239,-6.063646089062088,3.5895656338103428,6.228622963425601,0.027788128788423464,0.4940987729443053,6.176416866305513
41,201,1.0,218159.42809348248,-0.08322109895814496,12.209760297057533,-12.292981396015678,-12.292981396015678,0.0,0.06014959567778533,-6.060716482478972,3.59320758392145,6.232264913536708,0.027764551316048228,0.49397650495283885,6.178940956264646
41,202,1.0,205424.079192411,-0.027305424171809596,12.205526376166084,-12.232831800337893,-12.232831800337893,0.0,-0.06021855545061072,-5.999069262848594,3.59470520787404,6.233762537489299,0.02786848139764655,0.49385333873396964,6.1793322248432165
41,203,1.0,218174.4728368183,-0.0972890539259261,12.195761301862577,-12.293050355788504,-12.293050355788504,0.0,-0.11909437461850203,-6.0562898130261695,3.597703213147073,6.236760542762331,0.02784303242478539,0.4937680024157287,6.181469291805986
41,204,1.0,245768.3563422396,-0.24093287917772988,12.171211851229273,-12.412144730407006,-12.412144730407004,1.7763568394002505e-15,0.10097740374769693,-6.161941818282349,3.6111455825094008,6.250202912124658,0.027532615939672957,0.493674550424892,6.19364065152463
41,205,1.0,222163.15573381676,-0.12546354207831412,12.185703784580992,-12.311167326659309,-12.311167326659307,1.7763568394002505e-15,0.07672577137464387,-6.074466828233006,3.5976431688110444,6.236700498426303,0.02774513126361806,0.49361478425449523,6.179986747840246
41,206,1.0,205755.0279217883,-0.04661236012282107,12.187829195161843,-12.234441555284665,-12.234441555284665,0.0,0.053029104510164515,-6.006441202836411,3.588943022832995,6.228000352448254,0.028165570001625558,0.4934175786047674,6.169714859318222
41,207,1.0,195128.27675320223,0.009769353115162756,12.191181803889663,-12.1814124507745,-12.1814124507745,0.0,0.23350578840021363,-5.956825025102394,3.585530096056849,6.224587425672106,0.028123342952462785,0.49335819826209343,6.1659475259509104
41,208,1.0,154493.40099082948,0.25337286201794035,12.201279524392227,-11.947906662374287,-11.947906662374287,0.0,-0.08005366475890341,-5.72357232976334,3.585277002995688,6.224334332610947,0.028059646196383865,0.4933165815474854,6.165487308864464
41,209,1.0,167369.68494727754,0.16442591749406124,12.192386244627253,-12.02796032713319,-12.027960327133192,1.7763568394002505e-15,0.046656657026492354,-5.8032620023523425,3.585640995165589,6.224698324780848,0.028063421222891575,0.49320600995427716,6.164892630041833
41,210,1.0,159740.14338832998,0.20271898135333175,12.18402265146003,-11.981303670106698,-11.981303670106698,0.0,-0.0607267192401828,-5.748402467154606,3.5938438733368328,6.2329012029520925,0.027968481398103,0.4930877505910595,6.17192162328544
41,211,1.0,169741.23160790026,0.14228199207274625,12.184312381419623,-12.04203038934688,-12.042030389346877,3.552713678800501e-15,-0.010778770449705988,-5.820208421340996,3.5827646383906258,6.221821968005885,0.028156833472970058,0.4929730433328753,6.160024195319032
41,212,1.0,171580.72933144533,0.12710048775297278,12.179909647549561,-12.052809159796587,-12.052809159796588,1.7763568394002505e-15,-0.12656550320254922,-5.8302360329739615,3.5835157972073657,6.222573126822625,0.028148398304724164,0.4928752016239489,6.1599019068770815
41,213,1.0,194731.05160394218,-0.010307719364026621,12.169066943635105,-12.179374662999136,-12.179374662999132,3.552713678800501e-15,0.164902856054141,-5.954972150750881,3.5853451826329943,6.224402512248253,0.02813474533656353,0.4927934994222024,6.160928372320561
41,214,1.0,165127.27298114475,0.16205041675650592,12.1765222237015,-12.014471806944995,-12.014471806944995,0.0,0.09630157564092912,-5.792262242707009,3.58315223462273,6.222209564237987,0.0281634673034819,0.4927205529059415,6.158237685733607
41,215,1.0,149966.95237487086,0.2619080150575049,12.180078246361573,-11.918170231304066,-11.918170231304067,1.7763568394002505e-15,0.032171877992309916,-5.694668518594127,3.5844443830946804,6.22350171270994,0.028315190347552085,0.49264074217291354,6.1587656829356545
41,216,1.0,145219.01837094096,0.2829770907962602,12.168975444108018,-11.885998353311756,-11.885998353311757,1.7763568394002505e-15,0.027646922438322008,-5.655834875536856,3.5911061481596414,6.230163477774901,0.02852279602978895,0.49244129019965804,6.16349158234905
41,217,1.0,141259.1507347931,0.30412235673595356,12.16247378760939,-11.858351430873434,-11.858351430873435,1.7763568394002505e-15,-0.017973052242016507,-5.627056412026912,3.5922376892312653,6.231295018846525,0.028704231025584215,0.49226552589650874,6.163017605648059
41,218,1.0,143820.9616497435,0.2823218566323058,12.158646339747754,-11.87632448311545,-11.876324483115448,1.7763568394002505e-15,-0.039875751412399296,-5.644730896254963,3.592536257245229,6.231593586860488,0.02837593108003348,0.4922432873391469,6.163178756935033
41,219,1.0,149671.80877357651,0.22650700770002555,12.142707242227875,-11.91620023452785,-11.91620023452785,0.0,0.007275331479327463,-5.6732574111958565,3.603885493716734,6.242942823331992,0.027977611253890953,0.4921819649323219,6.17369713031102
41,220,1.0,148586.8482609403,0.22714523298509962,12.136070136033622,-11.908924903048522,-11.908924903048522,0.0,-0.16262578933101857,-5.660248073720538,3.6096194997127253,6.248676829327984,0.027829800116987692,0.492137986244169,6.178867136235879
41,221,1.0,174826.73773547786,0.06019563539954442,12.131746327779085,-12.07155069237954,-12.07155069237954,0.0,0.01876355201754265,-5.822090812814683,3.6104025499496,6.249459879564859,0.027574444541238526,0.4922015846074065,6.180275704738482
41,222,1.0,171576.9512623947,0.08326291271679322,12.136050053078788,-12.052787140361998,-12.052787140361994,3.552713678800501e-15,0.07506429360738309,-5.819213822711516,3.5945159880352233,6.233573317650482,0.027821333175125484,0.49208482248019925,6.1637599941718895
41,223,1.0,159169.1650490099,0.16301313382069843,12.140735980575316,-11.977722846754615,-11.977722846754618,3.552713678800501e-15,-0.08698229941355962,-5.753808700881465,3.584856816257894,6.223914145873152,0.028230924847232663,0.491899469068695,6.152748507943874
41,224,1.0,173634.04021395676,0.06739459807708202,12.132099744245256,-12.064705146168174,-12.064705146168174,0.0,-0.001201817122863602,-5.842864923121036,3.5827828934318795,6.221840223047138,0.028179118636261134,0.49181561555625375,6.149974460237166
41,225,1.0,173842.84202225998,0.06709483984539014,12.133001803136423,-12.065906963291038,-12.065906963291033,5.329070518200751e-15,-0.12124175935718995,-5.8496917616112185,3.5771578720645616,6.2162152016798204,0.028324817852331707,0.49172671152381126,6.143704852385436
41,226,1.0,196250.80207609019,-0.07696196993274101,12.110186752715485,-12.187148722648228,-12.187148722648226,1.7763568394002505e-15,-0.021910256432988717,-5.963401094278493,3.584690298754477,6.223747628369736,0.028250677074467948,0.491581932531236,6.149653060864937
41,227,1.0,200598.15941743576,-0.11076988994347367,12.098289089137742,-12.209058979081217,-12.209058979081215,1.7763568394002505e-15,0.02281085920638226,-5.9793959734374145,3.590605676028544,6.229663005643802,0.028203523241144647,0.4914656721102955,6.154397020808838
41,228,1.0,196074.13762364874,-0.09020681733633709,12.096041302538499,-12.186248119874834,-12.186248119874836,1.7763568394002505e-15,0.1445550557115265,-5.961139583886282,3.586051206373297,6.225108535988555,0.028312375992421646,0.491307733911119,6.148624420685917
41,229,1.0,169683.9832719838,0.06929022172088925,12.110983285884199,-12.041693064163308,-12.04169306416331,1.7763568394002505e-15,-0.03027538322024803,-5.823022143333971,3.5796135912140783,6.218670920829338,0.02826720800981544,0.491280799129325,6.142352856463219
41,230,1.0,174899.78773744195,0.035901540279364166,12.107869987662918,-12.071968447383556,-12.071968447383554,1.7763568394002505e-15,-0.08172083260628682,-5.858188033782937,3.5747230839853583,6.213780413600617,0.028512575244747696,0.491146682471295,6.136292413107732
41,231,1.0,189792.99932420178,-0.057555708848534025,12.096133571141305,-12.153689279989843,-12.15368927998984,3.552713678800501e-15,-0.010961550767579098,-5.940992254566669,3.573639695807912,6.21269702542317,0.028625030453179393,0.4909810335370596,6.133697713507535
41,232,1.0,191884.86904391204,-0.07010301286260773,12.094547817894814,-12.164650830757422,-12.164650830757422,0.0,0.03258107530195531,-5.951560762164211,3.5740327389779525,6.213090068593211,0.028493781021052895,0.49094491947521035,6.1338811174152275
41,233,1.0,185733.80198291852,-0.03476141353494944,12.097308341920517,-12.132069755455467,-12.132069755455467,0.0,0.022128919471363417,-5.919636004671515,3.573376421168694,6.212433750783953,0.028605661528157824,0.49085796352585664,6.13256049480263
41,234,1.0,181668.8559460994,-0.027200246214550708,12.082740589769553,-12.109940835984103,-12.109940835984105,1.7763568394002505e-15,-0.06112801383139299,-5.888285932910501,3.582597573458343,6.2216549030736035,0.028486616560788196,0.49070126352911264,6.1402971337505985
41,235,1.0,193120.3502203744,-0.10299702929888127,12.068071820516614,-12.171068849815496,-12.171068849815496,0.0,-0.048295572592321534,-5.945920412056961,3.5860911081432767,6.225148437758536,0.02866779063217871,0.490542777100662,6.142263594721675
41,236,1.0,202676.10104544897,-0.1542619183855633,12.065102504022253,-12.219364422407818,-12.219364422407816,1.7763568394002505e-15,-0.021374429247151383,-5.997950866436711,3.5823562263558464,6.221413555971107,0.028594639551453457,0.490497120786232,6.138177505532474
41,237,1.0,207054.8165941772,-0.18013862587327067,12.0606002257817,-12.240738851654969,-12.24073885165497,1.7763568394002505e-15,-0.017656832550674295,-6.023275708952561,3.5784058130871483,6.217463142702408,0.028603902779899378,0.49038875150871236,6.133310960993309
41,238,1.0,210743.2157171793,-0.2049529400288019,12.053442744176841,-12.258395684205643,-12.258395684205643,0.0,0.1372516004994857,-6.0393759523002055,3.579962402290178,6.219019731905438,0.02883676641011486,0.4902133264694375,6.1332770867430595
41,239,1.0,183715.58071750065,-0.05007786584362401,12.071066217862533,-12.121144083706158,-12.121144083706158,0.0,0.05585325745386527,-5.905627078033695,3.576459676057201,6.215517005672461,0.028719904252145104,0.4902160105700951,6.130117288348898
41,240,1.0,173735.76399912473,0.010105785207877263,12.075396611460171,-12.065290826252292,-12.065290826252294,1.7763568394002505e-15,-0.1335868530727442,-5.848755857991229,3.577477638645805,6.216534968261064,0.028701181322073603,0.4901932830280455,6.130888532714546
41,241,1.0,198566.17111961902,-0.1390028666865931,12.059874812638443,-12.198877679325037,-12.198877679325035,1.7763568394002505e-15,0.05746763660127563,-5.986254762762387,3.5735655869473892,6.212622916562649,0.02886105015184716,0.4900266614579127,6.125521859134791
41,242,1.0,187476.73613043208,-0.08325661424780698,12.058153428475956,-12.141410042723761,-12.141410042723763,1.7763568394002505e-15,-0.16276654779990807,-5.928634716100911,3.5737179970075936,6.212775326622853,0.028855713085824852,0.4898990625992607,6.12465389258665
41,243,1.0,220615.48770535036,-0.2818186864855984,12.022357904038074,-12.304176590523669,-12.304176590523673,3.552713678800501e-15,-0.024659055309106392,-6.075632656346437,3.5894866045619707,6.22854393417723,0.028695326623985783,0.4897267901691433,6.138379009466482
41,244,1.0,226123.2866879332,-0.31652023094962467,12.012315414883151,-12.328835645832775,-12.328835645832775,0.0,0.11699715649468523,-6.101838781529877,3.58793953468764,6.226996864302899,0.028856192497848602,0.48952881544386767,6.1351307094403795
41,245,1.0,201156.49965579307,-0.18391930149369365,12.027919187844395,-12.21183848933809,-12.211838489338088,1.7763568394002505e-15,0.0009259157494945214,-5.992133346004239,3.5806478137185906,6.21970514333385,0.02881937464335297,0.48952980398893114,6.128269345591848
41,246,1.0,200970.33188578428,-0.1868194117444395,12.024093161844156,-12.210912573588596,-12.210912573588596,0.0,0.00045281075043313024,-5.991602340775413,3.580252903197924,6.219310232813184,0.028861699226216175,0.48942485927146906,6.126948888715632
41,247,1.0,200879.3509591137,-0.19291676521461054,12.017542997623554,-12.210459762838163,-12.210459762838164,1.7763568394002505e-15,-0.0015325513190465045,-5.991446108556569,3.579956324666334,6.219013654281592,0.0288092121486353,0.48928245871184545,6.1254807026243645
41,248,1.0,201187.4448979794,-0.19752630494986445,12.014466009207347,-12.211992314157209,-12.21199231415721,1.7763568394002505e-15,-0.04793878000536189,-5.999544720500835,3.5733902640411164,6.212447593656374,0.029197491289294754,0.48908672080208015,6.117342772180949
41,249,1.0,211067.04148798468,-0.2584708914783613,12.001460202684212,-12.259931094162571,-12.259931094162573,1.7763568394002505e-15,-0.10494421654453667,-6.052611065112557,3.5682626994347557,6.207320029050014,0.029214002070489766,0.4889035029155047,6.110648349285567
41,250,1.0,234421.32528079167,-0.3897139505723277,11.97516136013478,-12.364875310707108,-12.364875310707108,0.0,-0.010559260031911322,-6.156344649508777,3.569473331583071,6.2085306611983295,0.0293634159525507,0.48865656905234306,6.109338297088136
41,251,1.0,236909.75588315353,-0.40776773389076587,11.967666836848254,-12.375434570739019,-12.37543457073902,1.7763568394002505e-15,0.03236927481320784,-6.169725627538838,3.5666516135849227,6.205708943200181,0.0294464610336325,0.4885091759688406,6.105198789646942
41,252,1.0,229363.94396364156,-0.3741450148261082,11.9689202810997,-12.343065295925811,-12.34306529592581,1.7763568394002505e-15,0.07983342709752783,-6.13908870176271,3.5649192645478425,6.203976594163101,0.02943904458606115,0.48838214509954037,6.102576624260812
41,253,1.0,211764.87729709176,-0.2856890338659441,11.977542834962339,-12.263231868828283,-12.263231868828283,0.0,-0.022575884280684022,-6.063930597099708,3.560243942113318,6.199301271728577,0.029337197532975492,0.4883015982092092,6.0975910430810885
41,254,1.0,216600.03022868495,-0.3244920731246473,11.961315679984317,-12.285807753108967,-12.285807753108964,3.552713678800501e-15,-0.006415712906088444,-6.082497684493596,3.5642527390001097,6.203310068615368,0.029337847204527524,0.4881353835558564,6.099878784367855
41,255,1.0,217994.1411638856,-0.3381554801108352,11.95406798590422,-12.292223466015056,-12.292223466015056,0.0,0.09305941058616973,-6.085848211393135,3.5673179250066624,6.20637525462192,0.029473128469353536,0.48796368569563686,6.101446209559806
41,256,1.0,198623.04386917007,-0.2397011555458059,11.959462899883079,-12.199164055428886,-12.199164055428884,1.7763568394002505e-15,-0.05490426445048158,-5.99648271565147,3.5636240101621586,6.202681339777418,0.02946673362061939,0.4878057093664112,6.09679379475582
41,257,1.0,209833.22339767887,-0.3139645442372092,11.940103775642157,-12.254068319879368,-12.254068319879366,1.7763568394002505e-15,-0.005390852347535002,-6.051958402262486,3.563052588001623,6.202109917616882,0.02953220163344795,0.4876062337035231,6.094311218618409
41,258,1.0,210967.45782091672,-0.33234659417106743,11.927112578055835,-12.259459172226903,-12.259459172226903,0.0,0.03893892829863077,-6.054345582388984,3.5660562602226604,6.205113589837919,0.02941484284311411,0.4874266932832886,6.0956312598335884
41,259,1.0,202910.49387676426,-0.295651329414664,11.924868914513608,-12.220520243928272,-12.220520243928272,0.0,0.10101209605139871,-6.020157091641475,3.561305822671538,6.200363152286797,0.02939502793748828,0.48728623471588756,6.089914835305207
41,260,1.0,183415.2795203256,-0.17955330762134794,11.939954840255524,-12.119508147876873,-12.119508147876871,1.7763568394002505e-15,-0.03194034822267788,-5.926173348107163,3.554277470154454,6.193334799769711,0.02935939581804523,0.4872524447981129,6.083132688863389
41,261,1.0,189368.1903591199,-0.23098251585346796,11.920465980246085,-12.151448496099551,-12.151448496099553,1.7763568394002505e-15,0.09168214099959471,-5.949010346717179,3.5633808197671124,6.202438149382371,0.029595549018115678,0.4869692273858228,6.089469963818531
41,262,1.0,172778.61209615826,-0.12099029992269887,11.938776055177257,-12.059766355099956,-12.059766355099956,0.0,-0.03910591898884164,-5.858882496690166,3.561826528794531,6.2008838584097905,0.029594917458660074,0.48698125708209333,6.088475888911295
41,263,1.0,179669.13042844314,-0.17417215767059507,11.924700116418204,-12.098872274088798,-12.0988722740888,1.7763568394002505e-15,0.08466829992855374,-5.899775094620517,3.5600398498530237,6.199097179468282,0.029471672849337608,0.4868201204406885,6.085292115836796
41,264,1.0,165083.05240590815,-0.07839718177551994,11.935806792384723,-12.014203974160244,-12.014203974160242,1.7763568394002505e-15,-0.09766266969451642,-5.821599927502738,3.5535467170422472,6.1926040466575065,0.02944093700716355,0.48675682302204976,6.078694155221562
41,265,1.0,182019.05235600265,-0.19974632513594517,11.912120318718818,-12.11186664385476,-12.111866643854764,3.552713678800501e-15,-0.13026518836125867,-5.920036251568111,3.552773062671392,6.19183039228665,0.029518356347897796,0.4865577431669345,6.075910520748003
41,266,1.0,207343.4409061222,-0.3668035113139688,11.87532832090205,-12.24213183221602,-12.242131832216018,1.7763568394002505e-15,0.019596432278079945,-6.040075683440377,3.562998819160382,6.2020561487756405,0.029609764446133748,0.48637265337572816,6.083568968612786
41,267,1.0,203319.80244972807,-0.3472178458184998,11.875317554119441,-12.22253539993794,-12.222535399937941,1.7763568394002505e-15,-0.09944934300208352,-6.0231634462899235,3.560314624032756,6.199371953648016,0.029517963408582554,0.4862647713997526,6.080289961547357
41,268,1.0,224579.4324451716,-0.47953955090032485,11.842445192039701,-12.321984742940023,-12.321984742940026,3.552713678800501e-15,-0.13922985078620087,-6.115815163756474,3.5671122495682903,6.206169579183547,0.02978930452744286,0.4860214643875812,6.084117501188635
41,269,1.0,258128.96251472033,-0.6594508951030704,11.801763698623153,-12.461214593726224,-12.461214593726224,0.0,-0.09998667374437353,-6.253422780452314,3.568734483658649,6.207791813273907,0.030331734118712407,0.4856777930634015,6.081611410228887
41,270,1.0,285272.8208404433,-0.7955223960076695,11.765678871462926,-12.561201267470597,-12.561201267470596,1.7763568394002505e-15,-0.036078017030193976,-6.338356848237313,3.5837870896180255,6.222844419233284,0.03056635866695747,0.48548143785664083,6.0937429955722635
41,271,1.0,295752.81042509485,-0.8429658428806226,11.75431344162017,-12.597279284500791,-12.597279284500793,1.7763568394002505e-15,0.16473872328938022,-6.371071971566294,3.587149983319238,6.2262073129344975,0.030811370022874877,0.4853640878711141,6.09560639984746
41,272,1.0,250832.47404862207,-0.6373079221893592,11.795232639022053,-12.432540561211411,-12.432540561211413,1.7763568394002505e-15,0.061896092753386256,-6.223911380415546,3.569571851180606,6.208629180795865,0.03002629620378605,0.4854269165917866,6.080637836693858
41,273,1.0,235777.647543171,-0.5691479214787118,11.80149654697931,-12.370644468458025,-12.370644468458021,3.552713678800501e-15,0.061145927484039575,-6.162187833234234,3.5693993056085307,6.208456635223791,0.029743614702278997,0.48540996416443527,6.080626981743557
41,274,1.0,221792.7222127675,-0.4951316129440675,11.814366928029918,-12.309498540973985,-12.309498540973985,0.0,0.08584717384034235,-6.1129329476800836,3.5575082636786424,6.196565593293902,0.029731232932830882,0.4852908041220174,6.06853700529053
41,275,1.0,203546.8273320986,-0.38994231658661294,11.83370905054703,-12.223651367133643,-12.223651367133643,0.0,0.11527370833085548,-6.033636673074506,3.550957364443879,6.190014694059139,0.029843584993430344,0.4852147321183114,6.062155076902074
41,276,1.0,181385.09717632656,-0.2521982769037461,11.856179381899043,-12.108377658802787,-12.10837765880279,1.7763568394002505e-15,0.10301304095020747,-5.925823098686706,3.543497230500822,6.18255456011608,0.02965974712961649,0.48522689946690983,6.055581733681598
41,277,1.0,163630.25484241027,-0.14147764109036304,11.863886976762219,-12.00536461785258,-12.005364617852582,1.7763568394002505e-15,0.10014791284091906,-5.814714193846023,3.5515930943912966,6.190650424006556,0.029494865359652355,0.4851704184199807,6.063477042672021
41,278,1.0,148036.87912934914,-0.02086813816778199,11.884348566843881,-11.90521670501166,-11.905216705011663,1.7763568394002505e-15,-0.05329163840381135,-5.71509135574558,3.551068019650821,6.190125349266078,0.02954418242103063,0.4852477281562087,6.063839195773249
41,279,1.0,156140.00370694936,-0.09892825827523877,11.859580085140234,-11.958508343415472,-11.958508343415472,0.0,-0.12334433881749085,-5.761872182191043,3.557578831609167,6.1966361612244265,0.029584143516359088,0.48501728742906647,6.068041970773061
41,280,1.0,176637.11022187065,-0.2530679504444142,11.828784731788547,-12.081852682232963,-12.081852682232961,1.7763568394002505e-15,-0.03607113687259833,-5.887827952090254,3.5549674005274503,6.194024730142709,0.029734325264018473,0.484764087462494,6.0628215330407205
41,281,1.0,183124.91948949464,-0.303362291027436,11.814561528078121,-12.117923819105561,-12.117923819105558,3.552713678800501e-15,0.1558065950227423,-5.929449342947319,3.549417146542982,6.18847447615824,0.02991948148712074,0.48455413758721644,6.055339476366662
41,282,1.0,156704.51235722343,-0.11502761345877387,11.847089610624044,-11.962117224082819,-11.962117224082817,1.7763568394002505e-15,0.1915905015321382,-5.779610708049835,3.5434491864177255,6.182506516032984,0.029762533029322275,0.4846463876418573,6.0511153626066445
41,283,1.0,129382.28137153454,0.10489447297974139,11.87542119553042,-11.77052672255068,-11.770526722550679,1.7763568394002505e-15,-0.10369159388008597,-5.582902090457589,3.5485673024778324,6.18762463209309,0.02977927458650026,0.484718985632946,6.057164360719521
41,284,1.0,143518.36949836835,-0.01693299054545043,11.85728532588532,-11.874218316430767,-11.87421831643077,3.552713678800501e-15,0.1357893962795611,-5.691581392630721,3.5435795941847874,6.182636923800045,0.02964322891772575,0.4845138470872634,6.050478827761503
41,285,1.0,125295.33632895409,0.14179487746743402,11.88022379761864,-11.738428920151206,-11.738428920151206,0.0,0.002632808729726932,-5.559681690820426,3.53968989971552,6.17874722933078,0.029715230488078982,0.48452712190005215,6.047069404945697
41,286,1.0,124965.89154652327,0.14202875320432568,11.877824864625808,-11.735796111421479,-11.735796111421482,3.552713678800501e-15,0.018122804214399935,-5.557303628966376,3.539435152839844,6.178492482455101,0.029797261963448254,0.48439848460243945,6.045732243249689
41,287,1.0,122721.55740105006,0.15936675539386727,11.877040062600948,-11.717673307207079,-11.71767330720708,1.7763568394002505e-15,0.02046389044121355,-5.539353588739375,3.539262388852445,6.178319718467704,0.029808290058132528,0.4843073680482392,6.044836882024526
41,288,1.0,120235.71861106796,0.17845143049475273,11.875660847260615,-11.697209416765865,-11.697209416765862,3.552713678800501e-15,-0.06144048008771996,-5.521672940518195,3.5364791466324124,6.175536476247671,0.029826981751815626,0.48413361983896663,6.040756451549456
41,289,1.0,127854.71981488225,0.10309611885304928,11.861746015706634,-11.758649896853585,-11.758649896853585,0.0,-0.13376119347336157,-5.586586742307284,3.5330058249310414,6.1720631545463,0.029747433743511728,0.4839819933216605,6.036127615031691
41,290,1.0,146153.26207335535,-0.06416303073179627,11.828248059595149,-11.892411090326947,-11.892411090326945,1.7763568394002505e-15,0.1458622060809649,-5.715469784140735,3.537883976570952,6.17694130618621,0.029669469426485812,0.48375603135865447,6.038575339936186
41,291,1.0,126316.87176391014,0.10629522181316846,11.85284410605915,-11.746548884245982,-11.746548884245982,0.0,0.10419974926911024,-5.571256580071065,3.536234974559658,6.175292304174917,0.029854523970468144,0.48375432450829703,6.037308799888376
41,292,1.0,113817.22314681846,0.21932438347888863,11.86167351845576,-11.642349134976872,-11.642349134976872,0.0,-0.06017868428399886,-5.464557645606484,3.5387341597551267,6.177791489370385,0.029921358574130905,0.4836724409908641,6.039108686165661
41,293,1.0,120876.88403350775,0.13874412496570715,11.841271944226577,-11.70252781926087,-11.702527819260869,1.7763568394002505e-15,0.012981998908772496,-5.530662454308976,3.532808035336634,6.171865364951892,0.02992207855532853,0.4833187158675679,6.030487197501489
41,294,1.0,119317.80235147628,0.1501706645193786,11.839716484871476,-11.689545820352098,-11.689545820352096,1.7763568394002505e-15,0.05744606600165625,-5.516404952895689,3.534083537841153,6.173140867456411,0.029954148537727345,0.4832318544414391,6.030995090132684
41,295,1.0,112656.62497120466,0.21824474845590425,11.850344502806346,-11.632099754350442,-11.632099754350442,0.0,0.006550518000315364,-5.459463843561261,3.533578581173921,6.17263591078918,0.029927671347016273,0.4832064223721634,6.030296491760306
41,296,1.0,111921.07746023094,0.22569848089558983,11.851247717245714,-11.625549236350126,-11.625549236350125,1.7763568394002505e-15,0.05597805734551997,-5.455954684267128,3.5305372224677387,6.169594552082997,0.030069151410653215,0.4830695740210309,6.026198191301342
41,297,1.0,105828.0809932075,0.2826713179757284,11.852242496980335,-11.569571179004607,-11.569571179004607,0.0,-0.13435452801308045,-5.399437136368606,3.531076713020741,6.1701340426360005,0.030232585472877587,0.4829124718280773,6.025372855217692
41,298,1.0,121045.9745069969,0.11853709049238796,11.822462797510076,-11.703925707017687,-11.703925707017687,0.0,-0.08424266803501546,-5.534174733166417,3.530693644236012,6.16975097385127,0.03001242841332455,0.4826666355796788,6.023118093616483
41,299,1.0,131685.05122867276,0.01587122713679076,11.804039602189496,-11.788168375052702,-11.788168375052706,3.552713678800501e-15,-0.005559129475358304,-5.618872190932923,3.5302388545045202,6.169296184119781,0.029968920629887087,0.4824810669900106,6.0210824334181074
41,300,1.0,132419.14404640463,0.003991804279273925,11.797719308807332,-11.79372750452806,-11.793727504528059,1.7763568394002505e-15,-0.019943456872589138,-5.621840991471617,3.532829183441186,6.171886513056444,0.030098250473216563,0.4823447998017888,6.022338780918488
41,301,1.0,135086.54976939462,-0.03344163513564279,11.780229326265006,-11.81367096140065,-11.81367096140065,0.0,0.10496970426993002,-5.637294661024306,3.537318970761084,6.176376300376343,0.03026903061665212,0.4821402806322116,6.024803308705072
41,302,1.0,121625.41810397714,0.08573567690754672,11.794436934038265,-11.70870125713072,-11.708701257130718,1.7763568394002505e-15,-0.14714439298112225,-5.527881358136848,3.541762569378613,6.180819898993873,0.03035154247033124,0.4821503673235375,6.029237155594832
41,303,1.0,140905.62938096485,-0.08756579286845449,11.768279857243387,-11.855845650111842,-11.855845650111842,0.0,-0.07984078816653728,-5.678812273387081,3.5379760471095025,6.177033376724762,0.0303512410750882,0.48192513915362467,6.023482789314544
41,304,1.0,152616.94571285462,-0.18884254627675578,11.746843892001623,-11.93568643827838,-11.93568643827838,0.0,0.16126879232954572,-5.764028333099286,3.532600775563835,6.171658105179093,0.03040046613363535,0.48167607628863657,6.016024206049934
41,305,1.0,129886.67856650238,0.004043635951867276,11.778461281900702,-11.774417645948834,-11.774417645948835,1.7763568394002505e-15,-0.06545666756395896,-5.605141637841926,3.530218678491649,6.169276008106907,0.030306827995673326,0.48174881569089617,6.014792079578354
41,306,1.0,138673.05420778022,-0.08000961698960343,11.75986469652319,-11.839874313512793,-11.839874313512793,0.0,0.034305929859311135,-5.664614612216384,3.53620237168115,6.17525970129641,0.03037366380229769,0.4815467017326879,6.018584056567514
41,307,1.0,133996.4228802843,-0.04870734566895596,11.756861037984525,-11.805568383653481,-11.80556838365348,1.7763568394002505e-15,-0.016683217010221796,-5.632760595451564,3.53375045858666,6.172807788201918,0.030453742722288627,0.4813739586505076,6.014952516668628
41,308,1.0,136250.6660104592,-0.08087108042910737,11.741380520234594,-11.822251600663703,-11.822251600663702,1.7763568394002505e-15,0.021652079640739785,-5.650262396520822,3.532931874527622,6.17198920414288,0.030617618701391035,0.48106634420354916,6.011558404707118
41,309,1.0,133332.2644844114,-0.06393733378163924,11.736662187241325,-11.800599521022964,-11.800599521022965,1.7763568394002505e-15,-0.02923601168364698,-5.6268470004393345,3.534695190968371,6.173752520583629,0.03071532299757003,0.48088655030521815,6.01175840380859
41,310,1.0,137287.91002483387,-0.10106678226031736,11.728768750446296,-11.82983553270661,-11.829835532706614,3.552713678800501e-15,-0.06545647040311309,-5.664665954322151,3.526112248769201,6.165169578384458,0.03053132692277661,0.480707968600895,6.002194362021115
41,311,1.0,146574.92396824108,-0.18735038977449125,11.707941613335233,-11.895292003109724,-11.895292003109724,0.0,0.04010664591639923,-5.73431498780782,3.5219196856866453,6.160977015301904,0.03054318239845555,0.48045600799985455,5.995900394969467
41,312,1.0,140812.62110143868,-0.14671371551242404,11.708471641680903,-11.855185357193324,-11.855185357193328,3.552713678800501e-15,0.1508762656111422,-5.693017846064693,3.523110181513372,6.162167511128631,0.03050969600602334,0.4803418742406008,5.9962989375941
41,313,1.0,121092.39056224814,0.033104054957816764,11.737413146539998,-11.704309091582182,-11.704309091582182,0.0,-0.1664225066656222,-5.548096110050919,3.5171556519160054,6.156212981531263,0.030467610557570877,0.4803114826597545,5.990906848039674
41,314,1.0,143018.83276783078,-0.17417955314730688,11.696552045100496,-11.870731598247804,-11.870731598247803,1.7763568394002505e-15,0.12556961377186404,-5.717048381892046,3.5146258867405007,6.15368321635576,0.03046590752769466,0.47999911768081543,5.985331921827124
41,315,1.0,126141.80435204659,-0.026387799815634216,11.718774184660305,-11.74516198447594,-11.745161984475939,1.7763568394002505e-15,-0.07452626174077182,-5.591603794925498,3.5145008599351826,6.153558189550442,0.030451640426993536,0.47996999550395897,5.9853992109579535
41,316,1.0,135901.85451458255,-0.11902232754888725,11.700665918667825,-11.819688246216712,-11.819688246216712,0.0,0.014128761095593134,-5.664140928932982,3.5164899876684723,6.155547317283729,0.030419658782842366,0.47984071074286316,5.985954063128775
41,317,1.0,133995.23051408408,-0.10877115765624648,11.696788327464873,-11.805559485121119,-11.805559485121119,0.0,-0.09976497444748844,-5.650592547109494,3.5159096083963663,6.154966938011626,0.03040508617462255,0.4796979478292307,5.984240313809863
41,318,1.0,148052.83163713376,-0.24880955154546558,11.656514908023142,-11.905324459568607,-11.905324459568607,0.0,-0.0027843333439605544,-5.7441126727424905,3.52215445721086,6.161211786826117,0.030448270291321123,0.4793107890165077,5.986562109106108
41,319,1.0,148465.63449662362,-0.2650367231129098,11.64307206979966,-11.908108792912568,-11.90810879291257,1.7763568394002505e-15,-0.06034302066170305,-5.736064989989602,3.5329864733077074,6.172043802922965,0.030049586686088835,0.4791707883139057,5.996192663817558
41,320,1.0,157700.3218065978,-0.3438631459074709,11.624588667666803,-11.968451813574271,-11.968451813574275,3.552713678800501e-15,0.10557389335071221,-5.797356058610241,3.5320384253487727,6.171095754964034,0.030249515980169384,0.47892620816420606,5.992852432401918
41,321,1.0,141900.0080990031,-0.21154845047016357,11.651329469753396,-11.862877920223559,-11.862877920223559,0.0,0.023285458751928445,-5.696457447679557,3.527363142928745,6.166420472544004,0.030383438189287914,0.47886246988444253,5.988403814860985
41,322,1.0,138633.97443201358,-0.1900607386563544,11.649531722815276,-11.83959246147163,-11.83959246147163,0.0,0.08898042131926331,-5.680489895946278,3.5200452359100955,6.159102565525353,0.030647287309897065,0.4786015797614859,5.979225696487373
41,323,1.0,126831.16101866173,-0.0763601165328113,11.674251923619556,-11.750612040152367,-11.750612040152367,0.0,-0.09157022134062132,-5.592176898940503,3.519377811596605,6.158435141211863,0.030581844589947567,0.47867789668299277,5.979639757320145
41,324,1.0,138993.47401704293,-0.20622337420620884,11.635958887286783,-11.842182261492988,-11.842182261492992,3.552713678800501e-15,0.14875321541749287,-5.6827214575408265,3.5204034743369035,6.159460803952163,0.030792854004707024,0.47831316978747745,5.977051018350415
41,325,1.0,119782.0410993788,-0.015396019319287996,11.678033026756207,-11.693429046075495,-11.693429046075495,0.0,-0.0057381559897287104,-5.544001973506814,3.5103697429534244,6.149427072568683,0.030814882443487734,0.4783811320112783,5.968636378374365
41,326,1.0,120471.34491101421,-0.02985825689032128,11.669308945174903,-11.699167202065224,-11.699167202065224,0.0,-0.021186703137948015,-5.546596100025466,3.5135137724244996,6.152571102039759,0.030939679044511108,0.47824597969584093,5.970358686792681
41,327,1.0,123050.96587048826,-0.06361274516379337,11.65674116003938,-11.720353905203172,-11.720353905203172,0.0,-0.03824363052523694,-5.565941061632455,3.515355513955458,6.154412843570717,0.030919497716162217,0.47799732167266096,5.970151466915147
41,328,1.0,127848.02537315959,-0.1140579971060264,11.644539538622384,-11.75859753572841,-11.758597535728411,1.7763568394002505e-15,0.02931792976374581,-5.608207749723311,3.5113324563898405,6.150389786005099,0.030873605987532058,0.477815613161222,5.964816800862112
41,329,1.0,124154.19820675055,-0.08117619138617843,11.648103414578484,-11.729279605964663,-11.729279605964663,0.0,0.14808601004029676,-5.580369980900309,3.5098522954490954,6.148909625064353,0.030853252072960705,0.4777236572360726,5.962719529367617
41,330,1.0,107065.23450301857,0.09875869087680375,11.67995228680117,-11.581193595924367,-11.581193595924367,0.0,-0.15300370384354345,-5.429453916247394,3.5126823500617115,6.15173967967697,0.030944737133881423,0.47777974451323046,5.966124137567536
41,331,1.0,124766.25425655878,-0.10896222419631046,11.625235075571599,-11.73419729976791,-11.73419729976791,0.0,-0.12431845867840785,-5.577987843109797,3.5171521270428534,6.156209456658112,0.030797314541562242,0.4773374224094435,5.9665310991737766
41,332,1.0,141282.36541553494,-0.26518297774283606,11.593332780703484,-11.858515758446318,-11.85851575844632,1.7763568394002505e-15,0.009543879000238675,-5.696585059783544,3.522873369047517,6.161930698662776,0.030752197944887316,0.47718961498350027,5.970181073996512
41,333,1.0,139940.3975905628,-0.2631125451992713,11.585859334246809,-11.84897187944608,-11.848971879446081,1.7763568394002505e-15,0.06827960604102223,-5.693735865152781,3.516178684678041,6.155236014293299,0.03082821963690534,0.47700821576951374,5.96201008899367
41,334,1.0,130704.2313232032,-0.16992498808888565,11.610767285316172,-11.780692273405057,-11.780692273405057,0.0,0.030623265666774202,-5.631811566501569,3.5098233772882304,6.14888070690349,0.030845452350940696,0.4769780989324654,5.956310352209316
41,335,1.0,126762.30628398116,-0.1393501069937076,11.610718900744576,-11.750069007738283,-11.750069007738285,1.7763568394002505e-15,-0.03933845521752488,-5.603388282223106,3.507623395899919,6.146680725515178,0.0308964050841455,0.47682596894221374,5.952942239496117
41,336,1.0,131848.3217150227,-0.1906475975270049,11.598759865428804,-11.789407462955808,-11.789407462955808,0.0,-0.04302854057589833,-5.644439088857183,3.505911044483366,6.1449683740986245,0.03093320395994447,0.47667842989784653,5.949928794366701
41,337,1.0,137645.38783334548,-0.2579013972135087,11.574534606318197,-11.832436003531706,-11.832436003531706,0.0,0.056861945253141144,-5.690201532316678,3.503177141599768,6.142234471215026,0.031127605583584628,0.4762973480954885,5.943923983152557
41,338,1.0,130036.96800459587,-0.18205050896383337,11.593523549314732,-11.775574058278565,-11.775574058278565,0.0,-0.01654530863737591,-5.640002273666178,3.4965144549971283,6.135571784612388,0.031166511765586102,0.4762553414558018,5.937596706249955
41,339,1.0,132206.36697356103,-0.2044337047679191,11.58768566214802,-11.79211936691594,-11.792119366915939,1.7763568394002505e-15,-0.009599996547379419,-5.654624402712737,3.4984376345879453,6.137494964203204,0.031230468601013108,0.4760685275857138,5.938039493846955
41,340,1.0,133481.65924653498,-0.22640013073944526,11.575319232723876,-11.80171936346332,-11.801719363463322,1.7763568394002505e-15,-0.05807304518306111,-5.659904495985384,3.502757537862678,6.141814867477936,0.031156799613777694,0.47587887459075484,5.940449352233406
41,341,1.0,141462.84875814262,-0.2983048867430319,11.56148752190335,-11.859792408646381,-11.859792408646383,1.7763568394002505e-15,-0.17983295186694015,-5.717963157039479,3.502771921991642,6.141829251606901,0.03126503294733213,0.47572972036983485,5.939024106274905
41,342,1.0,169333.48956386294,-0.5508071983979408,11.488818162115383,-12.039625360513321,-12.039625360513323,1.7763568394002505e-15,0.07409844405494859,-5.896210178605727,3.5043578522923364,6.143415181907597,0.031682403577086335,0.4752316087977708,5.934642883266205
41,343,1.0,157239.73849792324,-0.4553888672957298,11.510138049162645,-11.965526916458373,-11.965526916458375,1.7763568394002505e-15,-0.08521715269585428,-5.824901390906534,3.5015681959365788,6.1406255255518385,0.0314955847640386,0.47515651033895134,5.932279556239928
41,344,1.0,171226.76518271226,-0.5846449145839898,11.466099154570236,-12.050744069154227,-12.050744069154225,1.7763568394002505e-15,-0.07255402017143275,-5.905742675583701,3.5059440639552677,6.145001393570526,0.03174632405625068,0.47477035050841093,5.9322900921689
41,345,1.0,184111.73161321436,-0.6896733500230563,11.433624739302603,-12.12329808932566,-12.12329808932566,0.0,0.06382968184533233,-5.971608265533683,3.5126324941767177,6.151689823791977,0.03179666533538387,0.474541886916343,5.93598986311602
41,346,1.0,172727.14078821917,-0.6060985701719998,11.453369837308326,-12.059468407480328,-12.059468407480326,1.7763568394002505e-15,-0.05844743788849982,-5.91262397258889,3.507787105276177,6.146844434891436,0.031813250533806646,0.47444450231220797,5.931292663710358
41,347,1.0,183123.4593054187,-0.6902740877729727,11.427641757595852,-12.117915845368827,-12.117915845368826,1.7763568394002505e-15,-0.029087358581055156,-5.9713354434264545,3.5075230723271145,6.146580401942373,0.0321446667595691,0.4741320009311322,5.927601600428244
41,348,1.0,188528.26167643504,-0.7464983958984213,11.40050480805146,-12.147003203949883,-12.14700320394988,1.7763568394002505e-15,0.21818962168519818,-5.997433217606443,3.51051265672818,6.1495699863434385,0.03233795247482035,0.4738102894394354,5.927220932680304
41,349,1.0,151571.6276945642,-0.44649916243122467,11.482314419833457,-11.928813582264684,-11.928813582264683,1.7763568394002505e-15,0.11012011262723398,-5.793850455144031,3.4959057975053947,6.1349631271206535,0.03170868833582112,0.47406339034387285,5.9179798988466015
41,350,1.0,135766.72975325017,-0.30517949451049825,11.513513975126953,-11.81869346963745,-11.818693469637452,1.7763568394002505e-15,-0.03784314099255681,-5.683322097707511,3.4963140423146797,6.135371371929939,0.031601964684621044,0.4740761786888321,5.919329441437645
41,351,1.0,141003.0232514391,-0.3647926322360381,11.49174397839397,-11.856536610630007,-11.856536610630007,0.0,-0.1860872894552461,-5.721350757515526,3.4961285234992245,6.135185853114484,0.03159045422400305,0.47379366086372693,5.91666105923351
41,352,1.0,169842.00475361806,-0.6320298008657337,11.410594099219521,-12.042623900085253,-12.042623900085255,1.7763568394002505e-15,0.011626611227290695,-5.902800051206556,3.5007665192634385,6.139823848878698,0.03204652388911652,0.4732266880156683,5.914430742910833
41,353,1.0,167878.75289301615,-0.6270814281063338,11.40391586075163,-12.030997288857963,-12.030997288857963,0.0,0.22365075585918603,-5.8916035877902875,3.5003363714524185,6.139393701067677,0.031924030349633405,0.4730376124429159,5.912536401123768
41,354,1.0,134234.9004934715,-0.3210875990178441,11.486258933980931,-11.807346532998777,-11.807346532998775,1.7763568394002505e-15,0.11798757880779753,-5.67544987495306,3.4928393284304584,6.131896658045718,0.0315504062991997,0.4733497299890809,5.9102203158358195
41,355,1.0,119295.50797489479,-0.17644992470493254,11.512909029486046,-11.689358954190979,-11.689358954190979,0.0,-0.11474055504971226,-5.552436150662293,3.4978654739134263,6.136922803528685,0.03133696603201857,0.47337717423067044,5.915997877554192
41,356,1.0,133799.74344736623,-0.3312287156935409,11.472870793547154,-11.804099509240691,-11.804099509240695,3.552713678800501e-15,-0.12160143723934347,-5.669381212801655,3.49566096682378,6.134718296439039,0.03147149690086381,0.47299657386847077,5.910191493860784
41,357,1.0,151100.57391201158,-0.4986096848414041,11.427091261638632,-11.925700946480035,-11.925700946480035,0.0,-0.0968354156426674,-5.788772995820154,3.4978706210446213,6.136927950659881,0.0316730024790754,0.47266911233296416,5.908214869149105
41,358,1.0,166464.33514470226,-0.6345130837444994,11.388023278378203,-12.022536362122702,-12.022536362122702,0.0,0.008084251191137426,-5.8797218771463715,3.503757155361073,6.142814484976332,0.03187886549604329,0.4724191599936975,5.9105054366721745
41,359,1.0,165124.02066418738,-0.6297034227943649,11.3847486881372,-12.014452110931565,-12.014452110931565,0.0,0.06599573554305671,-5.8680893539226835,3.5073054273936237,6.146362757008881,0.03173719507024374,0.47229235495070393,5.913016189520959
41,360,1.0,154578.35137099112,-0.5475834108668491,11.400872964521659,-11.948456375388508,-11.948456375388508,0.0,0.07677736473974583,-5.801237011164317,3.508162034608932,6.147219364224192,0.03153038109229654,0.47223588327810556,5.914064359091516
41,361,1.0,143154.3947899961,-0.4512649655758838,11.42041404507288,-11.871679010648762,-11.871679010648764,1.7763568394002505e-15,0.13430913202500072,-5.726482720254921,3.5061389607785816,6.145196290393841,0.03143484191350017,0.4721523452508038,5.912095926736879
41,362,1.0,125162.7136034689,-0.26884221983992085,11.468527658783842,-11.737369878623761,-11.737369878623763,1.7763568394002505e-15,0.04374580661472294,-5.604543964837085,3.493768584171417,6.132825913786675,0.031825382333270966,0.4721051743037486,5.900906156247685
41,363,1.0,119805.4039818759,-0.21505872659490108,11.478565345414136,-11.693624072009039,-11.693624072009037,1.7763568394002505e-15,-0.051045098307325176,-5.564677238368221,3.4898895040255598,6.128946833640818,0.0321560171712813,0.47185684252225735,5.895468910500008
41,364,1.0,126079.65519999625,-0.2890940848086218,11.455575085507745,-11.744669170316364,-11.744669170316365,1.7763568394002505e-15,0.08235275260925334,-5.619997916516092,3.4856139241850133,6.124671253800272,0.03199563963597443,0.47161452542697735,5.889393246342543
41,365,1.0,116112.68462033781,-0.18421223699399972,11.478104180713112,-11.66231641770711,-11.662316417707112,1.7763568394002505e-15,-0.0013602442997964204,-5.537852832778859,3.4854062553129923,6.124463584928252,0.03210460959585918,0.4715851117218313,5.889398077306284
41,366,1.0,116270.7337060412,-0.1903074650373614,11.473369196969546,-11.663676662006907,-11.663676662006909,1.7763568394002505e-15,-0.09196596698374115,-5.531477177049449,3.493142155342198,6.132199484957458,0.032091500652577744,0.4714708837580801,5.895842818747119
41,367,1.0,127470.80398306332,-0.3255311286779695,11.430111500312675,-11.755642628990648,-11.755642628990644,3.552713678800501e-15,-0.037934169664525896,-5.621901084509659,3.494684214865729,6.13374154448099,0.03230805583636715,0.4711342335248342,5.893703358346487
41,368,1.0,132399.18920740756,-0.38135174986574216,11.41222504878943,-11.793576798655174,-11.793576798655172,1.7763568394002505e-15,-0.06635874818017662,-5.663615319960124,3.490904149079791,6.12996147869505,0.032024273310598136,0.4708920120968238,5.8880656905106585
41,369,1.0,141483.0989433731,-0.480136511362348,11.379799035473004,-11.85993554683535,-11.859935546835352,1.7763568394002505e-15,-0.13432612838203006,-5.729864030829543,3.491014186390551,6.130071516005809,0.03222987945947228,0.4705051588044318,5.884457023109607
41,370,1.0,161823.52607284134,-0.6717997666690835,11.3224619085483,-11.99426167521738,-11.994261675217384,3.552713678800501e-15,-0.019840275876401137,-5.862190902911246,3.493013442690875,6.132070772306133,0.032508501570953426,0.4701775220867496,5.881827280190095
41,371,1.0,165066.21098580194,-0.7069172556533735,11.307184695440405,-12.014101951093782,-12.014101951093778,3.552713678800501e-15,0.04761510251977086,-5.882305683339041,3.4927389381394818,6.1317962677547415,0.032585510945056836,0.4699479109035527,5.879184849154008
41,372,1.0,157390.75044177324,-0.6369410330333269,11.329545815540683,-11.96648684857401,-11.96648684857401,0.0,0.11925181376426686,-5.836161611281333,3.491267907677419,6.130325237292678,0.032449891247141566,0.4699603547408043,5.878623540335664
41,373,1.0,139697.55381360435,-0.49260316408392,11.354631870725825,-11.847235034809744,-11.847235034809746,1.7763568394002505e-15,0.16258707094237046,-5.714626170208896,3.493551534985591,6.13260886460085,0.03214713066448066,0.46990476022167255,5.88138266068775
41,374,1.0,118734.82970307945,-0.2649434434038639,11.419704520463512,-11.684647963867373,-11.684647963867375,1.7763568394002505e-15,0.08299242765080095,-5.56236537607836,3.483225258173753,6.1222825877890115,0.03201874466672283,0.47001349639425616,5.874321587551267
41,375,1.0,109278.56422453049,-0.1500538891989217,11.451601647017652,-11.601655536216573,-11.601655536216574,1.7763568394002505e-15,0.03337021910491167,-5.47798932123198,3.484608885369334,6.123666214984594,0.03202083330777538,0.47001789535045463,5.876340638790126
41,376,1.0,105692.08814940075,-0.10825291300625334,11.46003240410541,-11.56828531711166,-11.568285317111664,3.552713678800501e-15,0.03414286432853686,-5.447641382171412,3.4815866053249906,6.120643934940249,0.03216608783753822,0.46989321087702784,5.872470585784863
41,377,1.0,102144.3668420195,-0.07978828678479076,11.454354165998335,-11.534142452783124,-11.534142452783126,1.7763568394002505e-15,0.13072486007837547,-5.411166281675053,3.483918841492812,6.122976171108071,0.0323023066751483,0.4696821132575565,5.8730096288206
41,378,1.0,89627.51086187387,0.09923979582787142,11.502657388532617,-11.403417592704749,-11.403417592704745,3.552713678800501e-15,-0.15446732488694082,-5.2810821138534205,3.4832781492360687,6.122335478851328,0.03268986199498037,0.469774773439777,5.873075546238852
41,379,1.0,104598.54470809884,-0.12347294880706458,11.434411968784627,-11.55788491759169,-11.557884917591691,1.7763568394002505e-15,-0.03856096508923024,-5.432617471603378,3.486210116373052,6.125267445988311,0.03242665329045889,0.4691919959326245,5.871067412780348
41,380,1.0,108710.74113108942,-0.17125502209523719,11.42519086058568,-11.59644588268092,-11.596445882680918,1.7763568394002505e-15,0.08976525829755388,-5.475381950603387,3.4820066024622727,6.121063932077532,0.032599366716444374,0.4689020805717459,5.864602211776612
41,381,1.0,99377.46179039878,-0.05706229461665775,11.449618329766711,-11.506680624383366,-11.50668062438337,3.552713678800501e-15,0.01456261949687132,-5.380331514308572,3.4872917804595365,6.126349110074796,0.03255014801406962,0.4689244867470721,5.870070493199086
41,382,1.0,97940.75214586855,-0.0435667205278288,11.448551284358668,-11.492118004886494,-11.492118004886498,3.552713678800501e-15,0.04790267273694582,-5.3674200229715785,3.485640652299655,6.124697981914915,0.0327208870763227,0.4686822288368317,5.866581368046402
41,383,1.0,93359.72600645742,0.016890433352150236,11.461105765501701,-11.444215332149549,-11.44421533214955,1.7763568394002505e-15,-0.09387585630112483,-5.317703101082647,3.487454901451644,6.1265122310669025,0.032840119375712254,0.46854360517403476,5.866962470051139
41,384,1.0,102548.50533953003,-0.10771013367343205,11.43038105477724,-11.538091188450673,-11.538091188450672,1.7763568394002505e-15,-0.1610807172436335,-5.423758357322731,3.475275501512687,6.114332831127945,0.0326906044062117,0.4682363740632626,5.853201911780102
41,385,1.0,120471.91156486854,-0.33906432573459017,11.360107579959717,-11.699171905694307,-11.699171905694307,0.0,0.1782311230382767,-5.585482916394196,3.474631659684852,6.113688989300111,0.03262724620788682,0.4676881616608382,5.8476961040855695
41,386,1.0,100804.75263412957,-0.1042194351987042,11.416721347457326,-11.52094078265603,-11.52094078265603,0.0,-0.02860437632109125,-5.4022608788542215,3.4796225741865494,6.11867990380181,0.032520684563725324,0.46790986407972635,5.854873557052204
41,387,1.0,103729.84549959592,-0.1521550366091908,11.39739012236793,-11.549545158977121,-11.549545158977121,0.0,-0.021351263770020168,-5.435613952713275,3.4748738766485863,6.113931206263847,0.032864448824789595,0.46753433394030464,5.847204214393829
41,388,1.0,105968.42196778776,-0.20017115144353775,11.370725271303606,-11.570896422747142,-11.570896422747143,1.7763568394002505e-15,-0.2279999931040031,-5.458156808828227,3.473682284303655,6.112739613918913,0.033057228815076264,0.46713798907054754,5.8426510320317115
41,389,1.0,133105.37887506644,-0.5146201655288646,11.284276250322279,-11.798896415851145,-11.798896415851143,1.7763568394002505e-15,-0.02237724876639824,-5.685914174209542,3.473924912026343,6.112982241641602,0.033159576797641185,0.46668603686633053,5.836903158932741
41,390,1.0,136117.48670389055,-0.5556075787189096,11.265666085898635,-11.821273664617543,-11.821273664617545,1.7763568394002505e-15,-0.11810272960239665,-5.71001574827295,3.472200586729335,6.111257916344593,0.03327616674996135,0.46637487241148384,5.832343132093186
41,391,1.0,153181.13579658934,-0.717184000795453,11.222192393424486,-11.93937639421994,-11.939376394219938,1.7763568394002505e-15,-0.0777474014414814,-5.828052082872901,3.472266981731781,6.11132431134704,0.033483422749772736,0.46604229285696197,5.828795902106934
41,392,1.0,165565.7698332197,-0.8283727316435503,11.188751064017872,-12.017123795661421,-12.017123795661423,1.7763568394002505e-15,-0.05312066798652104,-5.903529760973918,3.4745367050722438,6.113594034687502,0.03377007468978559,0.4657502584390299,5.827222406630052
41,393,1.0,174598.52311029518,-0.910316443698191,11.15992801994975,-12.070244463647942,-12.07024446364794,1.7763568394002505e-15,0.054209474597566754,-5.9551158917947244,3.4760712422379596,6.1151285718532185,0.03394588414620613,0.4654869517389661,5.825448075831688
41,394,1.0,165385.5988319503,-0.8332382178220725,11.182796771228302,-12.016034989050375,-12.016034989050375,0.0,-0.1235638223629234,-5.906546556244025,3.470431103191093,6.109488432806351,0.033792017199070774,0.4654731972681783,5.820839950841475
41,395,1.0,187137.47972462716,-1.0240733145492977,11.115525496863999,-12.139598811413299,-12.139598811413297,1.7763568394002505e-15,0.11983829864063367,-6.021018152142088,3.4795233296559496,6.118580659271208,0.03430073678010544,0.46506558275063103,5.823249441528381
41,396,1.0,166002.89596730197,-0.8312896840544495,11.188470828718216,-12.019760512772665,-12.019760512772667,1.7763568394002505e-15,0.034301499577182426,-5.907951379888827,3.472751803268578,6.1118091328838355,0.03369926992634426,0.4654518996166276,5.8225607710656595
41,397,1.0,160405.29950800547,-0.7916890526569274,11.193769960538553,-11.985459013195483,-11.98545901319548,1.7763568394002505e-15,-0.04664881926060005,-5.876796583144876,3.469605100435345,6.108662430050605,0.03383309380923567,0.46527147102571365,5.818257023622882
41,398,1.0,168065.29312866216,-0.8705753458088119,11.161532486647271,-12.032107832456083,-12.032107832456083,0.0,0.19303193753543013,-5.916269596156313,3.476780906684511,6.11583823629977,0.0340306569862793,0.4649425480802414,5.8216501136009
41,399,1.0,138562.3792514228,-0.5879046816085169,11.251171213312135,-11.839075894920652,-11.839075894920652,0.0,0.0004395753867143526,-5.733361630800254,3.4666569345051412,6.1057142641204,0.03364960499457107,0.46515165075839854,5.816894449394942
41,400,1.0,138501.4840249811,-0.5909999289490175,11.247636390584919,-11.838636319533938,-11.838636319533936,1.7763568394002505e-15,0.062385713021479106,-5.735250027906384,3.4643289620122957,6.103386291627555,0.03362878903154479,0.4649305486129131,5.8128518868692
41,401,1.0,130124.97405245167,-0.5074464467759598,11.2688041597365,-11.776250606512459,-11.77625060651246,1.7763568394002505e-15,-0.11281436905169961,-5.678939755064042,3.458253521833158,6.097310851448417,0.033579614402221326,0.464773323736178,5.806636917265897
41,402,1.0,145665.03377499702,-0.6861936417729775,11.20287133379118,-11.889064975564159,-11.889064975564157,1.7763568394002505e-15,0.0017575700996985688,-5.77808835702858,3.4719192889203208,6.11097661853558,0.03357303854052705,0.4643828569198576,5.814634997371251
41,403,1.0,145409.24211879214,-0.6803547733639218,11.206952632100542,-11.88730740546446,-11.887307405464464,3.552713678800501e-15,-0.004258584987464786,-5.7776338072211155,3.470616268628088,6.109673598243347,0.03358949862251945,0.4641801673299889,5.812208769819175
41,404,1.0,146029.80014602083,-0.6994607096623999,11.192105280789525,-11.891565990451925,-11.891565990451925,0.0,-0.11184057495919397,-5.78464540164243,3.4678632591942353,6.106920588809494,0.033811732513916816,0.46386195045807116,5.806698674367321
41,405,1.0,163310.17169447953,-0.8735718735097919,11.129834691901326,-12.003406565411119,-12.003406565411119,0.0,0.10670924124118031,-5.893259108951903,3.4710901268439573,6.1101474564592175,0.03418780723145919,0.4634291171427559,5.803964251476009
41,406,1.0,146781.0536010258,-0.7206120815775954,11.176085242592343,-11.896697324169939,-11.896697324169939,0.0,0.17658756439094248,-5.791925867708172,3.4657141268465077,6.104771456461765,0.03388616971457119,0.46340434085752025,5.800532014129116
41,407,1.0,123020.92720728078,-0.47199290619523215,11.248116853583761,-11.720109759778996,-11.720109759778994,1.7763568394002505e-15,-0.15157427674745527,-5.6269295863777895,3.45412284378595,6.093180173401208,0.03366742214127869,0.4634561985578505,5.792257262619082
41,408,1.0,143155.1142682829,-0.6983480595629514,11.173335976963498,-11.871684036526451,-11.87168403652645,1.7763568394002505e-15,0.11051387817932046,-5.7764568543669395,3.456169852544253,6.095227182159511,0.034045073657230626,0.4629874045294141,5.787967332179092
41,409,1.0,128177.3535318934,-0.5349414060851798,11.226228752261953,-11.76117015834713,-11.761170158347133,1.7763568394002505e-15,0.20524613104265654,-5.669475445888532,3.45263738284334,6.091694712458597,0.033994092112239416,0.46305578877091125,5.786925018889399
41,410,1.0,104393.639401793,-0.25617102586316765,11.299753001441305,-11.555924027304474,-11.555924027304473,1.7763568394002505e-15,-0.019547963880288677,-5.465507450815047,3.4513592468741683,6.090416576489427,0.033959357319962157,0.46328247318513555,5.7890382418052155
41,411,1.0,106454.3986967593,-0.2939098601049068,11.281562131079856,-11.575471991184763,-11.575471991184763,0.0,-0.131086136801132,-5.487804570754555,3.44861009081495,6.087667420430209,0.03401565914963417,0.46289304647680396,5.782863350144021
41,412,1.0,121365.03823918608,-0.4821553655240821,11.224402762461814,-11.706558127985895,-11.706558127985897,1.7763568394002505e-15,-0.17880943666837723,-5.6211194049315125,3.4463813934391254,6.085438723054386,0.03406116687262872,0.4623623839169394,5.7753191636511
41,413,1.0,145127.44474613992,-0.7653082475166009,11.120059317137672,-11.885367564654272,-11.885367564654272,0.0,-0.08242965181009154,-5.784806672067668,3.461503562971344,6.100560892586604,0.03433657089426941,0.46186852929840516,5.782181654671847
41,414,1.0,157597.1254114277,-0.8888808241061903,11.078916392358174,-11.967797216464364,-11.967797216464364,0.0,0.07757045034957422,-5.865796905572964,3.4629429812761408,6.102000310891399,0.034550158072499754,0.46148507222307933,5.779067263476601
41,415,1.0,145834.3643790958,-0.7783633032592203,11.11186346285557,-11.89022676611479,-11.890226766114791,1.7763568394002505e-15,0.08294559408328084,-5.792014146846587,3.4591552896529434,6.098212619268203,0.03433069059231755,0.46135344831670283,5.775930922910577
41,416,1.0,134226.1270572574,-0.6600280428182079,11.147253129213302,-11.807281172031509,-11.80728117203151,1.7763568394002505e-15,0.028757144145000524,-5.7179302825002125,3.4502935599160374,6.089350889531296,0.034359875609174244,0.46123890629313774,5.768108466464773
41,417,1.0,130421.1394766031,-0.6198408194277567,11.158683208458749,-11.778524027886508,-11.778524027886505,3.552713678800501e-15,0.09301578863707505,-5.690783976989118,3.448682721282131,6.08774005089739,0.03427253094713877,0.46107831308676095,5.7659140660651875
41,418,1.0,118837.01830293224,-0.49102831152939586,11.194479927720039,-11.685508239249433,-11.685508239249435,1.7763568394002505e-15,-0.2296918230262559,-5.596494647287507,3.4499562623466677,6.089013591961927,0.03405717401897117,0.46100612642907274,5.767822788003011
41,419,1.0,149522.18602024647,-0.8316378075315516,11.083562254744134,-11.915200062275689,-11.915200062275686,3.552713678800501e-15,0.06395887725734006,-5.812479595624061,3.4636631370363693,6.102720466651627,0.03431434420969075,0.4605100788891524,5.772507814439037
41,420,1.0,140258.3257161969,-0.7405505876641196,11.11069059735423,-11.851241185018349,-11.851241185018349,0.0,0.037466228364817056,-5.753811802811149,3.458372052591941,6.097429382207201,0.03427672277334139,0.4603827712005679,5.767561803291222
41,421,1.0,135100.59885980547,-0.6764933771955706,11.137281579457962,-11.813774956653532,-11.813774956653532,0.0,-0.02523053321854185,-5.727596708758489,3.4471209182797833,6.086178247895043,0.034382682648397896,0.4603007393471771,5.7571764854427965
41,422,1.0,138552.62410379024,-0.7204345396809757,11.118570950191097,-11.839005489872074,-11.839005489872074,0.0,0.128528069880522,-5.748588568143284,3.451359592113531,6.0904169217287905,0.034497641920080244,0.45998759944184203,5.757906230581205
41,423,1.0,121841.63661735036,-0.5272808818252106,11.183196538166342,-11.710477419991552,-11.710477419991554,1.7763568394002505e-15,-0.1012729634155427,-5.6253465369594595,3.4460735534168334,6.085130883032093,0.03441199802245838,0.460099925263525,5.755842353327429
41,424,1.0,134827.3544967231,-0.6732593613423723,11.138491022064718,-11.811750383407094,-11.811750383407091,3.552713678800501e-15,-0.12997329517373934,-5.720242665180061,3.4524503886117737,6.0915077182270325,0.034454274372845185,0.459859862544005,5.7579381701756995
41,425,1.0,153541.11780581475,-0.8747576703821521,11.06696600819868,-11.941723678580834,-11.941723678580832,1.7763568394002505e-15,0.14815970817088342,-5.8377422477906835,3.464924101174891,6.10398143079015,0.034707402435139915,0.4594269302437334,5.763574438368623
41,426,1.0,132397.49076903518,-0.6591121047867035,11.134451865623248,-11.79356397040995,-11.793563970409952,1.7763568394002505e-15,0.021934777830809438,-5.707376571250262,3.4471300695444316,6.08618739915969,0.0346036408153934,0.45940162764656506,5.74915816010757
41,427,1.0,129525.00011607417,-0.629423066297755,11.142206126281385,-11.771629192579141,-11.771629192579141,0.0,0.07728985315797132,-5.685088878203645,3.4474829847602373,6.086540314375496,0.03460204777221465,0.4592590821174911,5.748497488925308
41,428,1.0,119891.1275371194,-0.5117284116614883,11.182610927759681,-11.69433933942117,-11.69433933942117,0.0,-0.11083758486838313,-5.620031773408528,3.4352502363973825,6.074307566012641,0.03458463690302144,0.45911903131741666,5.7371925769051435
41,429,1.0,133943.9789913104,-0.6790504840740148,11.126126440215538,-11.805176924289553,-11.805176924289553,0.0,-0.02624008970743219,-5.72910826465312,3.437011330021176,6.076068659636435,0.03479996405821652,0.4586508867810543,5.733079573497067
41,430,1.0,137505.20006070755,-0.7251414177522455,11.106275596244743,-11.831417013996985,-11.831417013996989,3.552713678800501e-15,-0.03029432098841056,-5.749834267056927,3.4425254173248,6.081582746940059,0.03486758692071072,0.45842905518120397,5.735573384686554
41,431,1.0,141734.56616408165,-0.7717851249454275,11.08992621003997,-11.861711334985396,-11.861711334985397,1.7763568394002505e-15,0.05675346180069063,-5.783946561281134,3.4387074440890015,6.077764773704261,0.034927798632004896,0.4581030687954381,5.729196432554092
41,432,1.0,133914.6416280329,-0.6840403048627666,11.12091756832194,-11.804957873184705,-11.804957873184705,0.0,0.22892420653141698,-5.734498409580356,3.4314021339890908,6.070459463604349,0.03489874697470174,0.4580491056427495,5.723038009049431
41,433,1.0,106514.20831624945,-0.36096612062913336,11.215067546024155,-11.576033666653288,-11.576033666653288,0.0,-0.10180802277442602,-5.5107173118205655,3.426259025217463,6.0653163548327225,0.03475105990156001,0.45820242501207925,5.722408788224838
41,434,1.0,117929.43185516098,-0.5121446312380642,11.165697058189652,-11.677841689427714,-11.677841689427716,1.7763568394002505e-15,-0.00807974583984361,-5.607473279212482,3.431311080599975,6.0703684102152335,0.03469548028562434,0.45783580811649516,5.722857780910272
41,435,1.0,118886.13143167664,-0.5187578526828984,11.167163582584664,-11.685921435267558,-11.685921435267563,5.329070518200751e-15,-0.06523442428558468,-5.616932118422405,3.429931987229896,6.068989316845155,0.03462410154941102,0.45779419042698394,5.721220987347665
41,436,1.0,126900.15302254133,-0.6172498632623363,11.133905996290805,-11.751155859553142,-11.75115585955314,1.7763568394002505e-15,-0.31691063064169356,-5.682835877432268,3.429262652505613,6.0683199821208715,0.03484446788713323,0.4574017900695984,5.7164867471021035
41,437,1.0,174218.66597154803,-1.106099950742694,10.96196653945214,-12.068066490194836,-12.068066490194834,1.7763568394002505e-15,0.12170474589439273,-5.981259419285915,3.4477497412936624,6.086807070908921,0.03579332566318083,0.45658082164807784,5.720137792366655
41,438,1.0,154254.90561869097,-0.9345869783956473,11.011774765904798,-11.946361744300443,-11.946361744300445,1.7763568394002505e-15,-0.015138738243486216,-5.864496454274763,3.442807960410421,6.081865290025682,0.03542377974913865,0.45646208285348405,5.7168499145475575
41,439,1.0,156607.89597185276,-0.9683199178108394,10.993180564733093,-11.96150048254393,-11.961500482543933,3.552713678800501e-15,0.09195725474386762,-5.876587971643701,3.445855181284968,6.084912510900226,0.035469579653176,0.45614481836502113,5.716693022773214
41,440,1.0,142848.97436084406,-0.8370746448492342,11.032468582950827,-11.869543227800062,-11.869543227800062,0.0,-0.08395415765983039,-5.785355184998152,3.4451307131866504,6.08418804280191,0.035214918161976506,0.45619611609269883,5.71781448258749
41,441,1.0,155359.54975723376,-0.9727786689662751,10.980718716493616,-11.953497385459892,-11.95349738545989,1.7763568394002505e-15,-0.0744320250777104,-5.864602156957202,3.4498378988874334,6.088895228502692,0.035414804573306674,0.4558563503669191,5.717137574723512
41,442,1.0,167364.51052640242,-1.0994104513643173,10.928518959173283,-12.027929410537602,-12.0279294105376,1.7763568394002505e-15,-0.014765059933852243,-5.936185165558274,3.452686915364069,6.091744244979327,0.035981998436137586,0.45535435776729993,5.713029598777708
41,443,1.0,169853.99099241864,-1.1163842764758907,10.926310193995565,-12.042694470471455,-12.042694470471456,1.7763568394002505e-15,0.06270581449460977,-5.951710415211855,3.4519267256443427,6.090984055259603,0.03590065270814631,0.4551932494183011,5.710995419619846
41,444,1.0,159530.22089844072,-1.0052321891451583,10.974756466831685,-11.979988655976845,-11.979988655976843,1.7763568394002505e-15,0.0288498199780598,-5.898615490463164,3.4423158358984205,6.08137316551368,0.03561328760880392,0.4552135416455234,5.704366935227717
41,445,1.0,154993.55834895544,-0.9466304096296929,11.004508426369092,-11.951138835998785,-11.951138835998785,0.0,-0.11200191356273947,-5.877760805972661,3.434320700410866,6.073378030026125,0.03548159309319087,0.45517683948458076,5.69807462085791
41,446,1.0,173362.62007037766,-1.1280639757743227,10.935076773787204,-12.063140749561525,-12.063140749561526,1.7763568394002505e-15,0.06579678201929617,-5.9816391549414965,3.4424442650047706,6.08150159462003,0.036000841050919115,0.4546820509708948,5.698376142293152
41,447,1.0,162323.08297994127,-1.028150600877277,10.969193366664953,-11.997343967542228,-11.99734396754223,1.7763568394002505e-15,-0.11773032591220733,-5.92095787132399,3.437328766602979,6.076386096218237,0.03569144864096304,0.4544972668760279,5.6939884244519
41,448,1.0,182603.8430969087,-1.218830178014831,10.896244115439606,-12.115074293454436,-12.115074293454438,1.7763568394002505e-15,0.06797503746585853,-6.0242307953042715,3.4517861685349067,6.090843498150164,0.036195556385529765,0.45417819131161896,5.701257381229104
41,449,1.0,170603.81157905457,-1.1068597850053377,10.94023947098324,-12.047099255988577,-12.047099255988577,0.0,0.04124655524001142,-5.975243513716291,3.4327984126570295,6.0718557422722865,0.03615997616522566,0.45382320130412723,5.683172066088488
41,450,1.0,163710.1394646377,-1.0429234581851026,10.962929242563465,-12.005852700748566,-12.005852700748568,1.7763568394002505e-15,0.06668720707982523,-5.936616157988409,3.430179213144899,6.069236542760159,0.03603061154221024,0.4536487331143031,5.680130746497912
41,451,1.0,153148.8332170521,-0.943173664808764,10.995991828859976,-11.93916549366874,-11.93916549366874,0.0,0.08736104555361379,-5.876933643056212,3.4231745209972693,6.062231850612528,0.03579545551244497,0.4534612760999156,5.67406748354651
41,452,1.0,140337.35030881778,-0.8063817310752025,11.045422717039928,-11.851804448115127,-11.85180444811513,3.552713678800501e-15,-0.16375187424365123,-5.799665710530349,3.413081407969519,6.0521387375847775,0.03567653636110063,0.45339216455971365,5.666182829175768
41,453,1.0,165306.45319822012,-1.0720631060332904,10.943493216325486,-12.015556322358778,-12.015556322358776,1.7763568394002505e-15,-0.10062913065326029,-5.951074193912787,3.4254247988307314,6.06448212844599,0.03624865043021756,0.4527641822178746,5.668342066905049
41,454,1.0,182806.8578724367,-1.2374897034245134,10.878695749587525,-12.116185453012038,-12.116185453012038,0.0,0.1774302025316583,-6.041536899709469,3.4355912236873105,6.074648553302569,0.03660463418151269,0.45226406545317926,5.670912517590695
41,455,1.0,153086.01783709138,-0.9595995234490836,10.979155727031296,-11.93875525048038,-11.93875525048038,0.0,0.11464346349220378,-5.8768717780459765,3.422826142819144,6.061883472434403,0.03592199117841956,0.45238073780389165,5.664443791855362
41,456,1.0,136504.3535159338,-0.7866073175980786,11.0375044693901,-11.824111786988176,-11.82411178698818,3.552713678800501e-15,0.03180451248892169,-5.771983366880283,3.4130710904926347,6.052128420107893,0.0356567678257177,0.45225947444198134,5.656638204042914
41,457,1.0,132231.21188667853,-0.7352153933533596,11.057091881145894,-11.792307274499255,-11.792307274499253,1.7763568394002505e-15,0.1033230993413472,-5.742198704048015,3.411051240835981,6.050108570451241,0.03559766600489525,0.45217788273995746,5.654605423582025
41,458,1.0,119250.80689680285,-0.5821534141762232,11.106830760981685,-11.688984175157907,-11.688984175157909,1.7763568394002505e-15,-0.09389580186245361,-5.644988592656404,3.4049382528862457,6.043995582501505,0.03569779294209418,0.4521483133016309,5.649408004822446
41,459,1.0,130990.48644912225,-0.7172641702130436,11.065615806807317,-11.782879977020361,-11.782879977020361,0.0,0.018553189126691905,-5.733128856083239,3.4106937913218642,6.049751120937124,0.03565671568225424,0.45187066626731187,5.6515283011047135
41,460,1.0,128582.60122516933,-0.7016431447263398,11.062683643167329,-11.764326787893669,-11.764326787893669,0.0,0.07865577163473958,-5.708332606387162,3.4169368518912475,6.055994181506506,0.035484562942712766,0.4517225692170424,5.65610615766276
41,461,1.0,118856.36381184842,-0.5885847930985713,11.097086223160359,-11.68567101625893,-11.68567101625893,0.0,-0.0026927988591687324,-5.637180840395962,3.409432846247708,6.048490175862967,0.0356631300359234,0.4515085802243487,5.648212431604773
41,462,1.0,119176.85140337731,-0.5996717179876571,11.088692097130444,-11.688363815118098,-11.688363815118102,3.552713678800501e-15,-0.0029532936563434475,-5.641107260071742,3.4081992254310975,6.047256555046357,0.03590799450606515,0.4511970041486337,5.6439375148357565
41,463,1.0,119529.33588150064,-0.611018151496859,11.080298957277583,-11.691317108774442,-11.691317108774442,0.0,-0.02146974326537965,-5.644293410833818,3.4079663683253645,6.047023697940623,0.03610462740847109,0.4508728923187854,5.640698967483573
41,464,1.0,122123.34676778497,-0.6551150917220679,11.057671760317753,-11.712786852039821,-11.712786852039821,0.0,-0.02492649105985123,-5.664742648726742,3.4089868736978213,6.048044203313081,0.03614702586840443,0.4506050626389458,5.638723107460178
41,465,1.0,125205.7099327335,-0.6985330470947005,11.039180296004972,-11.737713343099673,-11.737713343099673,0.0,-0.13435811102540818,-5.68682939512914,3.411826618355273,6.050883947970531,0.036187037931242276,0.4502805950134829,5.638100334945913
41,466,1.0,143210.58582351878,-0.913584336522653,10.95848711760243,-11.87207145412508,-11.872071454125084,3.552713678800501e-15,0.22768175954424663,-5.820331209350548,3.4126829151592752,6.051740244774531,0.03651555052144354,0.4495874228891029,5.630901023670874
41,467,1.0,114049.7110966956,-0.5812586327096281,11.06313106187121,-11.644389694580834,-11.64438969458084,5.329070518200751e-15,-0.06470530073461234,-5.5925641743647745,3.4127681906007994,6.051825520216058,0.03640772131543836,0.44980465636277994,5.635645126301634
41,468,1.0,121673.31610433503,-0.6861300572043457,11.0229649381111,-11.709094995315446,-11.709094995315446,0.0,0.1121205224721713,-5.658777652551047,3.41126001314914,6.050317342764399,0.03655679064445805,0.4493318048169412,5.629388431010655
41,469,1.0,108768.21974937155,-0.513195328194993,11.083779144648283,-11.596974472843275,-11.596974472843275,0.0,-0.022103588793667583,-5.554872511783521,3.4030446314444953,6.042101961059755,0.036481670504525415,0.44920805133084,5.622565470097826
41,470,1.0,111199.15497643224,-0.5515014693574151,11.067576592279526,-11.619078061636943,-11.619078061636941,1.7763568394002505e-15,-0.0037805723467503327,-5.576511274808548,3.4035094572131337,6.0425667868283925,0.03677393244904455,0.4488243791763512,5.619063080668262
41,471,1.0,111620.34709869811,-0.5556508238200085,11.067207810163687,-11.622858633983693,-11.622858633983695,1.7763568394002505e-15,0.048789893720471156,-5.591709158617189,3.3920921457512456,6.031149475366504,0.0366033955512722,0.4483802563716131,5.605388606532265
41,472,1.0,106305.12122505617,-0.48316362693172077,11.0909051133315,-11.574068740263222,-11.57406874026322,1.7763568394002505e-15,0.006133700178672541,-5.549491287878034,3.3855201227699285,6.024577452385188,0.03663133756954031,0.44816937441803745,5.598473346888119
41,473,1.0,105655.07312210974,-0.474480015354861,11.093455024729689,-11.56793504008455,-11.56793504008455,0.0,0.012966060055447315,-5.548485900932039,3.3803918095372514,6.019449139152511,0.036856388173785344,0.4476970006382342,5.589926458236438
41,474,1.0,104293.98613528117,-0.4524845551129292,11.102484424916174,-11.554968980029102,-11.554968980029104,1.7763568394002505e-15,0.11517228939365332,-5.537878872572169,3.378032777841674,6.017090107456933,0.03698278469921836,0.4474327311450038,5.585499625184359
41,475,1.0,92948.11290046704,-0.29168329753406075,11.148113393101388,-11.439796690635449,-11.439796690635449,0.0,-0.03926976032918361,-5.422623496032992,3.378115864987198,6.017173194602456,0.03715981502032775,0.44742829854765287,5.586145792787774
41,476,1.0,96670.77872889975,-0.35875353814015887,11.12031291282447,-11.479066450964632,-11.479066450964629,3.552713678800501e-15,0.055223855239294295,-5.463141788947141,3.376867332402234,6.0159246620174915,0.037121004258021985,0.4469494041225845,5.581273430374677
41,477,1.0,91476.97641537571,-0.27579260772838143,11.14804998799696,-11.423842595725338,-11.42384259572534,1.7763568394002505e-15,-0.15294915585261215,-5.40907608111893,3.3757091849911514,6.01476651460641,0.03724676810361747,0.4467856494015198,5.57872154757184
41,478,1.0,106594.98574604376,-0.49996263527987117,11.076829116298077,-11.57679175157795,-11.576791751577948,1.7763568394002505e-15,0.06441616054218713,-5.564019637295578,3.3737147846671136,6.012772114282372,0.036999264030232494,0.4461295018306557,5.570903040914054
41,479,1.0,99945.02772185007,-0.4108544408896835,11.101521150146079,-11.512375591035763,-11.512375591035763,0.0,0.01718254230566174,-5.492549596954595,3.38076866446591,6.0198259940811685,0.03703284654641455,0.4460911617681443,5.57683778530067
41,480,1.0,98242.38778651653,-0.37891434421292775,11.11627870451717,-11.495193048730101,-11.495193048730098,3.552713678800501e-15,0.1379889117499662,-5.480702297796919,3.3754334213179233,6.014490750933183,0.03709551607674476,0.44580039264180854,5.569771140283848
41,481,1.0,85579.76439938246,-0.17463719449281392,11.182566942487323,-11.357204136980135,-11.357204136980137,1.7763568394002505e-15,0.017318150459960435,-5.3388190417175,3.379327765647377,6.018385095262635,0.03767399930458045,0.4459555618542815,5.573304514531488
41,482,1.0,84110.44086907759,-0.15142684445644167,11.188459142063733,-11.339885986520175,-11.339885986520175,0.0,0.030225740253525757,-5.3197566194354176,3.3810720374694987,6.020129367084757,0.03783538374795668,0.4456433852632132,5.571871872678633
41,483,1.0,81606.17778750192,-0.11220525655751291,11.197454989709135,-11.309660246266649,-11.309660246266647,1.7763568394002505e-15,-0.09352917335323241,-5.292917635325247,3.3776852813261438,6.016742610941401,0.03813634835343534,0.4453940630857404,5.566862446197418
41,484,1.0,89607.06260919067,-0.24852917457433263,11.154660245045546,-11.403189419619881,-11.40318941961988,1.7763568394002505e-15,0.00582603476675736,-5.396022889416564,3.368109200588059,6.007166530203317,0.037901233900528006,0.44478220101251115,5.553861915674404
41,485,1.0,89086.52655003646,-0.24327906882151826,11.154084316031604,-11.397363384853124,-11.397363384853122,1.7763568394002505e-15,0.1108851564647999,-5.390399913362087,3.367906141875777,6.006963471491035,0.038051525111113566,0.44452734936098304,5.551562317548401
41,486,1.0,79736.14127166808,-0.08312653095068798,11.203351697437636,-11.286478228388324,-11.286478228388324,0.0,0.0671192676912824,-5.268390677998821,3.3790302207742458,6.018087550389504,0.03876573608073379,0.4447126954082991,5.560626574355532
41,487,1.0,74559.96356533805,0.0013400936520805568,11.22069905434912,-11.219358960697042,-11.21935896069704,1.7763568394002505e-15,0.02737281482683862,-5.200586629586893,3.37971500149489,6.018772331110149,0.03912037932675718,0.4445053077269917,5.558813656499077
41,488,1.0,72546.72716614678,0.0347761935816393,11.226762339451842,-11.191986145870203,-11.191986145870203,0.0,0.021226645929834476,-5.178434914580211,3.3744939016747337,6.013551231289994,0.039363874745506774,0.4440623295880906,5.550865142935888
41,489,1.0,71023.03215306852,0.05470398625183763,11.225463486192204,-11.170759499940369,-11.170759499940367,1.7763568394002505e-15,-0.047446554605063085,-5.158074979035967,3.3736271912891427,6.0126845209044015,0.039487819641146615,0.44367517594563527,5.546716080171678
41,490,1.0,74474.05245791785,-0.00725903894755503,11.210947015597876,-11.218206054545432,-11.218206054545432,0.0,-0.10892707072469676,-5.20678530096091,3.3723634239692637,6.011420753584521,0.03926053745329009,0.4434719371353229,5.543525077499676
41,491,1.0,83044.60277487659,-0.1609508439697866,11.16618228130034,-11.327133125270128,-11.327133125270127,1.7763568394002505e-15,-0.034602701205665554,-5.3130134979612595,3.37506229769361,6.01411962730887,0.03861719991042085,0.4430032292104853,5.542131532116762
41,492,1.0,85968.46538964595,-0.2111096080116445,11.150626218464147,-11.361735826475794,-11.361735826475792,1.7763568394002505e-15,0.04457382433817969,-5.350736929973239,3.3719415668872954,6.010998896502555,0.03853485652089675,0.44265502317577776,5.537239660867137
41,493,1.0,82220.66941212701,-0.1569196282901609,11.160242373847455,-11.317162002137614,-11.317162002137616,1.7763568394002505e-15,-0.05387613367715183,-5.309227600877378,3.368877071644978,6.007934401260236,0.03871372233272767,0.44240591593568596,5.532811786299928
41,494,1.0,86771.90176129325,-0.24204249324742755,11.12899564256734,-11.371038135814766,-11.371038135814768,1.7763568394002505e-15,0.0026730392622678067,-5.368843226047747,3.3631375801517613,6.002194909767021,0.038586919442449255,0.4418922209110822,5.5240311809978975
41,495,1.0,86540.26678364055,-0.23999639493760966,11.12836870161489,-11.368365096552498,-11.3683650965525,1.7763568394002505e-15,0.05728282487930514,-5.367863977573875,3.3614437893633635,6.000501118978623,0.03882854002741792,0.4415546426416617,5.519347196710045
41,496,1.0,81722.30639499259,-0.17727128376729537,11.1338109879059,-11.311082271673193,-11.311082271673195,1.7763568394002505e-15,-0.06010880960593923,-5.307359181092858,3.3646657609650767,6.003723090580335,0.039108613157039146,0.44143676452764224,5.521667986061515
41,497,1.0,86785.17414505169,-0.27240190957714,11.098789171701988,-11.371191081279132,-11.371191081279127,5.329070518200751e-15,-0.11587155941914595,-5.371407619821698,3.360726131842174,5.999783461457432,0.038966093404051716,0.44094028526978435,5.514357753007117
41,498,1.0,97446.87539015694,-0.4343283176885261,11.052734323009751,-11.487062640698278,-11.487062640698278,0.0,0.08083098942057987,-5.497565528303591,3.350439782779429,5.989497112394687,0.03845619638241876,0.44038408042542626,5.5004791123827586
41,499,1.0,89880.08313710001,-0.30686551370134874,11.09936613757635,-11.406231651277698,-11.406231651277698,0.0,0.05196722804008935,-5.417973255838787,3.3492010658236526,5.988258395438911,0.038798044485643314,0.44028177828176285,5.497952591089472
41,500,1.0,85328.55381441169,-0.22202986206824232,11.132234561169366,-11.354264423237609,-11.354264423237607,1.7763568394002505e-15,,-5.352262612062533,3.3629444815598175,6.002001811175076,0.03918452813702359,0.44051134172641154,5.509351783490533
